episode_seed,request_id,handover_index,lead_ms,predicted_lead_ms,eta_relative_error,eta_error_bound,anchor_confidence,prefetch_lambda_ms_per_mb,predicted_gain_ms,expected_gain_ms,guard_cost_ms,planned_prefetch_mb,guard_rejected,prediction_correct,had_prefetch_plan,accepted_prefetch,base_migration_ms,hidden_migration_ms,prefetched_mb,useful_prefetch_mb,wasted_prefetch_mb,wrong_anchor_waste_mb,residual_base_ms,delta_sync_ms,delta_tokens,changed_blocks
20007,r0004,0,2444.00987758916,1591.6267083984158,-0.3487642079546581,0.4,0.6,2.0,1.9907119352124086e-12,1.1944271611274452e-12,0.0,0.0,0,0,1,0,0.0,0.0,0.0,0.0,0.0,0.0,0.0,0.0,131,0
20007,r0000,0,1258.6520711300527,1597.7093342778444,0.26938124595733315,0.4,0.6,2.0,-6.499133299973736e-13,-3.8994799799842414e-13,0.0,0.0,1,1,0,0,0.0,0.0,0.0,0.0,0.0,0.0,0.0,0.0,0,0
20007,r0019,0,7250.897251367098,4929.501005919558,-0.32015296382938807,0.4,0.6,2.0,1.3907922976595737e-12,8.344753785957442e-13,0.0,0.0,0,0,1,0,0.0,0.0,0.0,0.0,0.0,0.0,0.0,0.0,390,0
20007,r0002,0,576.8931261029793,796.2609452978242,0.3802572942352691,0.4,0.6,2.0,1.7075064890878863e-12,1.0245038934527317e-12,0.0,0.0,0,0,1,0,0.0,0.0,0.0,0.0,0.0,0.0,0.0,0.0,33,0
20007,r0021,0,382.5064692987289,322.2052366026165,-0.15764761523292956,0.4,0.6,2.0,-1.4629058095561657e-11,-8.777434857336994e-12,0.0,0.0,1,0,0,0,0.0,0.0,0.0,0.0,0.0,0.0,0.0,0.0,0,0
20007,r0021,1,6064.578623899957,8396.082446947541,0.38444613676197337,0.4,0.6,2.0,0.0,0.0,0.0,0.0,0,0,0,0,0.0,0.0,0.0,0.0,0.0,0.0,0.0,0.0,0,0
20007,r0012,0,3918.3392733011497,4056.6616925202347,0.03530128699206542,0.4,0.6,2.0,3.682628700793353e-12,2.2095772204760115e-12,0.0,0.0,0,0,1,0,0.0,0.0,0.0,0.0,0.0,0.0,0.0,0.0,203,0
20008,r0007,0,2184.5906656332754,1611.1367230641247,-0.2624994931958643,0.4,0.6,2.0,3.268825425533507e-13,1.9612952553201042e-13,0.0,0.0,0,0,1,0,0.0,0.0,0.0,0.0,0.0,0.0,0.0,0.0,37,0
20008,r0000,0,4939.385881314538,4184.1140548521935,-0.15290804254016718,0.4,0.6,2.0,405.4553791302951,243.27322747817706,9.4921875,4.74609375,0,1,1,1,125.28943333779156,125.28943333779156,4.74609375,4.74609375,0.0,0.0,0.0,52.902668706248505,84,2
20008,r0005,0,0.0,0.0,0.34699586092571755,0.4,0.6,2.0,0.0,0.0,0.0,0.0,0,1,0,0,0.0,0.0,0.0,0.0,0.0,0.0,0.0,0.0,0,0
20008,r0005,1,2212.928115669307,2027.9796352991466,-0.08357636159104154,0.4,0.6,2.0,0.0,0.0,0.0,0.0,1,0,0,0,0.0,0.0,0.0,0.0,0.0,0.0,0.0,0.0,0,0
20008,r0023,0,530.1754477132745,410.91839384770327,-0.22493884690425522,0.4,0.6,2.0,-2.2800454119717395e-13,-1.3680272471830438e-13,0.0,0.0,1,1,0,0,0.0,0.0,0.0,0.0,0.0,0.0,0.0,0.0,0,0
20008,r0014,0,2945.9041007239175,3699.810541724331,0.25591683069898674,0.4,0.6,2.0,1274.3647896743828,764.6188738046296,48.78515625,24.392578125,0,1,1,1,468.1390216820002,0.0,0.0,0.0,0.0,0.0,468.1390216820002,144.41404800124224,51,23
20008,r0013,0,0.0,0.0,0.15371593072544365,0.4,0.6,2.0,0.0,0.0,0.0,0.0,0,1,0,0,0.0,0.0,0.0,0.0,0.0,0.0,0.0,0.0,0,0
20008,r0003,0,0.0,0.0,0.017205661297147512,0.4,0.6,2.0,0.0,0.0,0.0,0.0,0,1,0,0,0.0,0.0,0.0,0.0,0.0,0.0,0.0,0.0,0,0
20008,r0021,0,0.0,0.0,-0.13701164422313278,0.4,0.6,2.0,0.0,0.0,0.0,0.0,0,0,0,0,0.0,0.0,0.0,0.0,0.0,0.0,0.0,0.0,0,0
20008,r0017,0,0.0,0.0,0.38018473002743625,0.4,0.6,2.0,0.0,0.0,0.0,0.0,0,1,0,0,0.0,0.0,0.0,0.0,0.0,0.0,0.0,0.0,0,0
20008,r0004,0,0.0,0.0,-0.2969789896190051,0.4,0.6,2.0,0.0,0.0,0.0,0.0,0,1,0,0,0.0,0.0,0.0,0.0,0.0,0.0,0.0,0.0,0,0
20009,r0005,0,4790.8847234872665,5595.377131274035,0.16792147050475914,0.4,0.6,2.0,-2.0403318847056206e-12,-1.2241991308233724e-12,0.0,0.0,1,1,0,0,0.0,0.0,0.0,0.0,0.0,0.0,0.0,0.0,0,0
20009,r0007,0,835.2737140443678,756.489224794498,-0.09432176294450578,0.4,0.6,2.0,714.3199274278791,428.5919564567274,67.59375,33.796875,0,1,1,1,737.8242124331664,737.8242124331664,33.796875,33.796875,0.0,0.0,0.0,181.4209389185013,39,28
20009,r0017,0,1406.9155032272174,1797.6915616907584,0.27775375107259037,0.4,0.6,2.0,0.0,0.0,0.0,0.0,1,0,0,0,0.0,0.0,0.0,0.0,0.0,0.0,0.0,0.0,0,0
20009,r0017,1,7347.794159179048,4482.101138868132,-0.39000725363693284,0.4,0.6,2.0,0.0,0.0,0.0,0.0,1,0,0,0,0.0,0.0,0.0,0.0,0.0,0.0,0.0,0.0,0,0
20009,r0020,0,1347.9441148815968,1546.8690403524527,0.147576537687788,0.4,0.6,2.0,9.99190917923056e-13,5.995145507538335e-13,0.0,0.0,0,1,1,1,0.0,0.0,0.0,0.0,0.0,0.0,0.0,0.0,58,0
20009,r0015,0,2183.8361135316845,1882.9446359954625,-0.1377811620898705,0.4,0.6,2.0,9.669114570831534e-13,5.80146874249892e-13,0.0,0.0,0,1,1,1,0.0,0.0,0.0,0.0,0.0,0.0,0.0,0.0,105,0
20009,r0008,0,6072.6284155838075,5730.034230436557,-0.056416128519912845,0.4,0.6,2.0,-2.8329096340519433e-12,-1.699745780431166e-12,0.0,0.0,1,1,0,0,0.0,0.0,0.0,0.0,0.0,0.0,0.0,0.0,0,0
20010,r0005,0,2623.100525276028,3260.351725278124,0.24293815424212095,0.4,0.6,2.0,7.318965052994535e-12,4.391379031796721e-12,0.0,0.0,0,0,1,0,0.0,0.0,0.0,0.0,0.0,0.0,0.0,0.0,109,0
20010,r0005,1,8647.407603410313,9039.018192474838,0.045286472781748244,0.4,0.6,2.0,0.0,0.0,0.0,0.0,1,1,0,0,0.0,0.0,0.0,0.0,0.0,0.0,0.0,0.0,0,0
20010,r0021,0,7151.316301857785,7597.651304811273,0.06241298582158039,0.4,0.6,2.0,2.0355483315927038e-12,1.2213289989556223e-12,0.0,0.0,0,1,1,1,0.0,0.0,0.0,0.0,0.0,0.0,0.0,0.0,300,0
20010,r0002,0,2326.4402438824673,1710.8638557401848,-0.2646001287851612,0.4,0.6,2.0,-1.6583814783262706e-11,-9.950288869957623e-12,0.0,0.0,1,1,0,0,0.0,0.0,0.0,0.0,0.0,0.0,0.0,0.0,0,0
20010,r0002,1,3136.6535706027444,3121.518479833649,-0.004825235056540589,0.4,0.6,2.0,-8.81547092778412e-12,-5.289282556670472e-12,0.0,0.0,1,1,0,0,0.0,0.0,0.0,0.0,0.0,0.0,0.0,0.0,0,0
20010,r0001,0,0.0,0.0,-0.04760853012085031,0.4,0.6,2.0,0.0,0.0,0.0,0.0,0,1,0,0,0.0,0.0,0.0,0.0,0.0,0.0,0.0,0.0,0,0
20010,r0001,1,4244.021357064514,5495.470131973136,0.2948733452590867,0.4,0.6,2.0,-2.2221232089471826e-12,-1.3332739253683095e-12,0.0,0.0,1,1,0,0,0.0,0.0,0.0,0.0,0.0,0.0,0.0,0.0,0,0
20010,r0006,0,4117.743282935691,3577.204428927582,-0.13127065406144978,0.4,0.6,2.0,-1.4420867045473353e-11,-8.652520227284011e-12,0.0,0.0,1,1,0,0,0.0,0.0,0.0,0.0,0.0,0.0,0.0,0.0,0,0
20010,r0006,1,4885.748689387492,3644.55537159069,-0.2540436270274896,0.4,0.6,2.0,-6.171468979347158e-12,-3.702881387608294e-12,0.0,0.0,1,1,0,0,0.0,0.0,0.0,0.0,0.0,0.0,0.0,0.0,0,0
20010,r0009,0,5034.245266262493,5222.182896437515,0.03733183828656611,0.4,0.6,2.0,9.827661032333444e-12,5.896596619400066e-12,0.0,0.0,0,1,1,1,0.0,0.0,0.0,0.0,0.0,0.0,0.0,0.0,206,0
20010,r0012,0,434.634710306178,266.27195212310005,-0.387366112716757,0.4,0.6,2.0,8.53368878596653e-12,5.120213271579918e-12,0.0,0.0,0,1,1,1,0.0,0.0,0.0,0.0,0.0,0.0,0.0,0.0,17,0
20010,r0012,1,9759.784618285179,7987.61418828421,-0.18157884618486025,0.4,0.6,2.0,3.327663268933929e-13,1.9965979613603573e-13,0.0,0.0,0,1,1,1,0.0,0.0,0.0,0.0,0.0,0.0,0.0,0.0,366,0
20010,r0013,0,0.0,0.0,-0.08069860854973382,0.4,0.6,2.0,0.0,0.0,0.0,0.0,0,0,0,0,0.0,0.0,0.0,0.0,0.0,0.0,0.0,0.0,0,0
20010,r0013,1,7437.94512509081,4567.687800384589,-0.38589385595543474,0.4,0.6,2.0,-2.4616028299253063e-12,-1.4769616979551838e-12,0.0,0.0,1,1,0,0,0.0,0.0,0.0,0.0,0.0,0.0,0.0,0.0,0,0
20011,r0004,0,2094.9912845948197,2503.338164380294,0.19491578928666065,0.4,0.6,2.0,4.288311633544794e-12,2.5729869801268765e-12,0.0,0.0,0,1,1,1,0.0,0.0,0.0,0.0,0.0,0.0,0.0,0.0,96,0
20011,r0004,1,3843.586409692358,4814.137004034128,0.25251171455241284,0.4,0.6,2.0,0.0,0.0,0.0,0.0,1,0,0,0,0.0,0.0,0.0,0.0,0.0,0.0,0.0,0.0,0,0
20011,r0021,0,0.0,0.0,-0.02031434527309528,0.4,0.6,2.0,0.0,0.0,0.0,0.0,0,1,0,0,0.0,0.0,0.0,0.0,0.0,0.0,0.0,0.0,0,0
20011,r0021,1,8453.19415425063,8058.245840097394,-0.04672178432748286,0.4,0.6,2.0,0.0,0.0,0.0,0.0,1,0,0,0,0.0,0.0,0.0,0.0,0.0,0.0,0.0,0.0,0,0
20011,r0000,0,2258.061858778774,1567.7023407151528,-0.3057310035062492,0.4,0.6,2.0,4.161988815269872e-12,2.4971932891619234e-12,0.0,0.0,0,1,1,1,0.0,0.0,0.0,0.0,0.0,0.0,0.0,0.0,96,0
20011,r0013,0,327.76853790532186,235.69245908625615,-0.2809179898946325,0.4,0.6,2.0,-1.4563600553412506e-11,-8.738160332047503e-12,0.0,0.0,1,0,0,0,0.0,0.0,0.0,0.0,0.0,0.0,0.0,0.0,0,0
20011,r0013,1,9276.053522468059,6707.256377482107,-0.2769278054254346,0.4,0.6,2.0,-4.2460880438644866e-12,-2.547652826318692e-12,0.0,0.0,1,1,0,0,0.0,0.0,0.0,0.0,0.0,0.0,0.0,0.0,0,0
20011,r0008,0,7781.245532213865,8289.490324245235,0.06531663728220216,0.4,0.6,2.0,4.4200869691034804e-13,2.652052181462088e-13,0.0,0.0,0,1,1,1,0.0,0.0,0.0,0.0,0.0,0.0,0.0,0.0,333,0
20011,r0015,0,0.0,0.0,0.24915687985142776,0.4,0.6,2.0,0.0,0.0,0.0,0.0,0,0,0,0,0.0,0.0,0.0,0.0,0.0,0.0,0.0,0.0,0,0
20011,r0023,0,0.0,0.0,-0.051702276136140035,0.4,0.6,2.0,0.0,0.0,0.0,0.0,0,0,0,0,0.0,0.0,0.0,0.0,0.0,0.0,0.0,0.0,0,0
20011,r0005,0,4829.521158574313,3514.2301378282414,-0.2723439814340412,0.4,0.6,2.0,-7.059736980329965e-12,-4.235842188197979e-12,0.0,0.0,1,1,0,0,0.0,0.0,0.0,0.0,0.0,0.0,0.0,0.0,0,0
20012,r0015,0,0.0,0.0,-0.13815507572033797,0.4,0.6,2.0,0.0,0.0,0.0,0.0,0,0,0,0,0.0,0.0,0.0,0.0,0.0,0.0,0.0,0.0,0,0
20012,r0007,0,0.0,0.0,-0.228099159776429,0.4,0.6,2.0,0.0,0.0,0.0,0.0,0,0,0,0,0.0,0.0,0.0,0.0,0.0,0.0,0.0,0.0,0,0
20012,r0007,1,3461.0028403302094,3627.1640262816245,0.04800954914430583,0.4,0.6,2.0,0.0,0.0,0.0,0.0,1,0,0,0,0.0,0.0,0.0,0.0,0.0,0.0,0.0,0.0,0,0
20012,r0009,0,0.0,0.0,-0.23108165032376055,0.4,0.6,2.0,0.0,0.0,0.0,0.0,0,1,0,0,0.0,0.0,0.0,0.0,0.0,0.0,0.0,0.0,0,0
20012,r0005,0,6998.8198454006015,9713.057696467757,0.3878136473038185,0.4,0.6,2.0,0.0,0.0,0.0,0.0,0,1,0,0,0.0,0.0,0.0,0.0,0.0,0.0,0.0,0.0,0,0
20012,r0002,0,536.6961034960186,609.9039126361229,0.1364045847607822,0.4,0.6,2.0,0.0,0.0,0.0,0.0,1,0,0,0,0.0,0.0,0.0,0.0,0.0,0.0,0.0,0.0,0,0
20012,r0013,0,0.0,0.0,0.15472578308272378,0.4,0.6,2.0,0.0,0.0,0.0,0.0,0,1,0,0,0.0,0.0,0.0,0.0,0.0,0.0,0.0,0.0,0,0
20012,r0013,1,1359.0700731874022,1099.988113918972,-0.1906317888825335,0.4,0.6,2.0,0.0,0.0,0.0,0.0,1,1,0,0,0.0,0.0,0.0,0.0,0.0,0.0,0.0,0.0,0,0
20012,r0014,0,2117.5089228594225,1799.0871660980954,-0.15037563871576964,0.4,0.6,2.0,21210.698998454984,12726.41939907299,258.32319140240236,129.16159570120118,0,1,1,1,2794.8247839781734,2117.5089228594225,152.02200123589904,152.02200123589904,0.0,0.0,677.315861118751,126.89527707501517,30,28
20012,r0014,1,3986.2639370560064,4379.776334907369,0.0987170955222762,0.4,0.6,2.0,0.0,0.0,0.0,0.0,0,0,0,0,0.0,0.0,0.0,0.0,0.0,0.0,0.0,0.0,0,0
20012,r0010,0,0.0,0.0,0.13849690827527827,0.4,0.6,2.0,0.0,0.0,0.0,0.0,0,0,0,0,0.0,0.0,0.0,0.0,0.0,0.0,0.0,0.0,0,0
20013,r0006,0,3807.039471075053,4391.7988612779245,0.15359950813374257,0.4,0.6,2.0,7.449513143054252e-12,4.469707885832552e-12,0.0,0.0,0,0,1,0,0.0,0.0,0.0,0.0,0.0,0.0,0.0,0.0,140,0
20013,r0002,0,855.0714827460597,575.9336771789351,-0.3264496725708525,0.4,0.6,2.0,-7.62897773329102e-12,-4.577386639974611e-12,0.0,0.0,1,1,0,0,0.0,0.0,0.0,0.0,0.0,0.0,0.0,0.0,0,0
20013,r0017,0,2833.764312835081,2134.122341968109,-0.24689490502017258,0.4,0.6,2.0,2.5749733918923818e-12,1.544984035135429e-12,0.0,0.0,0,0,1,0,0.0,0.0,0.0,0.0,0.0,0.0,0.0,0.0,105,0
20013,r0023,0,900.572266397623,1216.732666831986,0.35106610788608383,0.4,0.6,2.0,0.0,0.0,0.0,0.0,1,0,0,0,0.0,0.0,0.0,0.0,0.0,0.0,0.0,0.0,0,0
20013,r0016,0,1222.7791100842514,843.820128630332,-0.3099161396597695,0.4,0.6,2.0,-1.4065465182847138e-12,-8.439279109708282e-13,0.0,0.0,1,1,0,0,0.0,0.0,0.0,0.0,0.0,0.0,0.0,0.0,0,0
20013,r0014,0,304.51575173239326,321.8486053469823,0.05691939913118543,0.4,0.6,2.0,5.489664734793827e-12,3.293798840876296e-12,0.0,0.0,0,1,1,1,0.0,0.0,0.0,0.0,0.0,0.0,0.0,0.0,11,0
20013,r0014,1,9424.254929499883,9059.764686657127,-0.03867576222941782,0.4,0.6,2.0,0.0,0.0,0.0,0.0,1,1,0,0,0.0,0.0,0.0,0.0,0.0,0.0,0.0,0.0,0,0
20013,r0007,0,0.0,0.0,-0.11664377001836412,0.4,0.6,2.0,0.0,0.0,0.0,0.0,0,1,0,0,0.0,0.0,0.0,0.0,0.0,0.0,0.0,0.0,0,0
20014,r0023,0,8033.333498555587,5931.057330416514,-0.26169412343170706,0.4,0.6,2.0,9287.200836438013,5572.320501862808,172.1015625,86.05078125,0,1,1,1,1233.1611351581885,1233.1611351581885,86.05078125,86.05078125,0.0,0.0,0.0,203.94604373135996,157,14
20014,r0011,0,1192.5081099565377,1358.319558352776,0.13904429413254182,0.4,0.6,2.0,2377.1884346435013,1426.3130607861008,67.4296875,33.71484375,0,1,1,1,497.01850250088285,331.20705410464507,22.467159717089345,22.467159717089345,0.0,0.0,165.81144839623778,49.33301430176915,23,14
20014,r0008,0,403.9129086801677,356.6304948103174,-0.11706091301798466,0.4,0.6,2.0,2450.297021201528,1470.1782127209167,48.30534945218003,24.152674726090016,0,1,1,1,480.864902411224,403.9129086801677,27.354859561882762,27.354859561882762,0.0,0.0,76.95199373105635,30.398866212596857,7,14
20014,r0001,0,3369.025829460674,2420.470030603303,-0.28155195206954514,0.4,0.6,2.0,1982.3135049117436,1189.388102947046,65.1328125,32.56640625,0,0,1,0,480.864902411224,0.0,32.56640625,0.0,32.56640625,32.56640625,0.0,0.0,62,14
20014,r0019,0,3811.065560287294,4069.1342568884716,0.06771562769487582,0.4,0.6,2.0,2163.023106248886,1297.8138637493316,111.5625,55.78125,0,1,1,1,807.3983899378972,549.3296933367201,37.95189257040238,37.95189257040238,0.0,0.0,258.06869660117707,109.33210034907304,75,14
20014,r0012,0,4394.603116529604,3099.072069563523,-0.29480046607466015,0.4,0.6,2.0,10232.617325340676,6139.570395204405,166.03125,83.015625,0,1,1,1,1190.4694777783761,1190.4694777783761,83.015625,83.015625,0.0,0.0,0.0,118.56272897173517,83,14
20014,r0000,0,0.0,0.0,-0.3524926092337781,0.4,0.6,2.0,0.0,0.0,0.0,0.0,0,1,0,0,0.0,0.0,0.0,0.0,0.0,0.0,0.0,0.0,0,0
20014,r0022,0,5591.54770286792,5540.689290307508,-0.009095587708985609,0.4,0.6,2.0,5350.105075629138,3210.0630453774825,29.6953125,14.84765625,0,1,1,1,231.6379295993464,231.6379295993464,14.84765625,14.84765625,0.0,0.0,0.0,152.0237577288854,112,14
20014,r0015,0,902.2667775669106,1196.819218585848,0.32645825862417266,0.4,0.6,2.0,11659.02340893048,6995.414045358288,167.3824232460267,83.69121162301334,0,0,1,0,1388.9279931656122,0.0,63.09373934602317,0.0,63.09373934602317,63.09373934602317,0.0,0.0,17,14
20014,r0015,1,2937.194110018041,2343.591776407871,-0.20209843523297952,0.4,0.6,2.0,0.0,0.0,0.0,0.0,1,1,0,0,0.0,0.0,0.0,0.0,0.0,0.0,0.0,0.0,0,0
20014,r0006,0,0.0,0.0,0.25759848953609965,0.4,0.6,2.0,0.0,0.0,0.0,0.0,0,1,0,0,0.0,0.0,0.0,0.0,0.0,0.0,0.0,0.0,0,0
20015,r0001,0,1818.1968261065635,1646.1647855019016,-0.09461684133122522,0.4,0.6,2.0,4.673557346468939e-12,2.8041344078813633e-12,0.0,0.0,0,1,1,1,0.0,0.0,0.0,0.0,0.0,0.0,0.0,0.0,98,0
20015,r0001,1,4687.515015508019,4431.062241851758,-0.05470974979446924,0.4,0.6,2.0,0.0,0.0,0.0,0.0,1,1,0,0,0.0,0.0,0.0,0.0,0.0,0.0,0.0,0.0,0,0
20015,r0013,0,272.1733977671702,189.65996427636665,-0.3031649461987074,0.4,0.6,2.0,6.746326379937575e-14,4.0477958279625446e-14,0.0,0.0,0,1,1,1,0.0,0.0,0.0,0.0,0.0,0.0,0.0,0.0,12,0
20015,r0010,0,6647.610621599477,7635.431599504744,0.14859789992747618,0.4,0.6,2.0,-1.5458629199001485e-13,-9.27517751940089e-14,0.0,0.0,1,0,0,0,0.0,0.0,0.0,0.0,0.0,0.0,0.0,0.0,0,0
20015,r0008,0,3965.262641813024,3286.7528923540003,-0.1711134446188389,0.4,0.6,2.0,3.8875554414889786e-12,2.332533264893387e-12,0.0,0.0,0,1,1,1,0.0,0.0,0.0,0.0,0.0,0.0,0.0,0.0,187,0
20015,r0008,1,4682.965557835727,3658.9445916772956,-0.21866933538407052,0.4,0.6,2.0,0.0,0.0,0.0,0.0,1,1,0,0,0.0,0.0,0.0,0.0,0.0,0.0,0.0,0.0,0,0
20015,r0016,0,668.6981966894527,534.1204602130357,-0.20125332645231542,0.4,0.6,2.0,0.0,0.0,0.0,0.0,1,1,0,0,0.0,0.0,0.0,0.0,0.0,0.0,0.0,0.0,0,0
20016,r0007,0,815.7664072119132,883.808771438469,0.08340912744753426,0.4,0.6,2.0,-2.0486807823241748e-12,-1.2292084693945049e-12,0.0,0.0,1,1,0,0,0.0,0.0,0.0,0.0,0.0,0.0,0.0,0.0,0,0
20016,r0002,0,0.0,0.0,0.33668650071755757,0.4,0.6,2.0,0.0,0.0,0.0,0.0,0,1,0,0,0.0,0.0,0.0,0.0,0.0,0.0,0.0,0.0,0,0
20016,r0002,1,7957.920413877615,5753.020581808658,-0.27706985209652113,0.4,0.6,2.0,-4.096095737704574e-12,-2.4576574426227445e-12,0.0,0.0,1,1,0,0,0.0,0.0,0.0,0.0,0.0,0.0,0.0,0.0,0,0
20016,r0019,0,1911.2185840690254,1759.025726069736,-0.07963131965537273,0.4,0.6,2.0,7.099947931441625e-12,4.259968758864975e-12,0.0,0.0,0,0,1,0,0.0,0.0,0.0,0.0,0.0,0.0,0.0,0.0,100,0
20016,r0019,1,4634.78888843258,6357.706701732164,0.37173598512752315,0.4,0.6,2.0,0.0,0.0,0.0,0.0,0,1,0,0,0.0,0.0,0.0,0.0,0.0,0.0,0.0,0.0,0,0
20016,r0004,0,5898.270123165592,5739.372770440486,-0.026939653391090446,0.4,0.6,2.0,3.539542208143412e-12,2.123725324886047e-12,0.0,0.0,0,1,1,1,0.0,0.0,0.0,0.0,0.0,0.0,0.0,0.0,310,0
20016,r0023,0,0.0,0.0,0.33539835614029134,0.4,0.6,2.0,0.0,0.0,0.0,0.0,0,0,0,0,0.0,0.0,0.0,0.0,0.0,0.0,0.0,0.0,0,0
20017,r0020,0,4018.6741981259947,3621.029314069813,-0.09894927143922566,0.4,0.6,2.0,2.254046820666994e-12,1.3524280924001964e-12,0.0,0.0,0,0,1,0,0.0,0.0,0.0,0.0,0.0,0.0,0.0,0.0,224,0
20017,r0010,0,460.56578680812527,335.45720808473726,-0.27164106042359826,0.4,0.6,2.0,4.216983701233575e-12,2.530190220740145e-12,0.0,0.0,0,1,1,1,0.0,0.0,0.0,0.0,0.0,0.0,0.0,0.0,26,0
20017,r0010,1,3019.34405333989,2954.427801465494,-0.021500117484984038,0.4,0.6,2.0,0.0,0.0,0.0,0.0,1,1,0,0,0.0,0.0,0.0,0.0,0.0,0.0,0.0,0.0,0,0
20017,r0012,0,542.781564780762,628.8257878193501,0.15852458635610223,0.4,0.6,2.0,0.0,0.0,0.0,0.0,1,0,0,0,0.0,0.0,0.0,0.0,0.0,0.0,0.0,0.0,0,0
20017,r0012,1,7265.01107459842,9590.593691951028,0.3201072363790106,0.4,0.6,2.0,0.0,0.0,0.0,0.0,0,0,0,0,0.0,0.0,0.0,0.0,0.0,0.0,0.0,0.0,0,0
20017,r0001,0,4032.874771248931,5452.413223764306,0.35199170146207204,0.4,0.6,2.0,-3.4691070652199604e-12,-2.081464239131976e-12,0.0,0.0,1,1,0,0,0.0,0.0,0.0,0.0,0.0,0.0,0.0,0.0,0,0
20017,r0023,0,1812.633420149181,2083.880126238465,0.14964233974399543,0.4,0.6,2.0,0.0,0.0,0.0,0.0,1,0,0,0,0.0,0.0,0.0,0.0,0.0,0.0,0.0,0.0,0,0
20017,r0023,1,5424.587909869122,6948.871796991495,0.2809953331845163,0.4,0.6,2.0,0.0,0.0,0.0,0.0,1,1,0,0,0.0,0.0,0.0,0.0,0.0,0.0,0.0,0.0,0,0
20017,r0003,0,5519.964879315787,5110.518739656713,-0.07417549723791461,0.4,0.6,2.0,-3.82573175182072e-12,-2.295439051092432e-12,0.0,0.0,1,1,0,0,0.0,0.0,0.0,0.0,0.0,0.0,0.0,0.0,0,0
20017,r0004,0,14.905257969818194,13.512788609501214,-0.09342135259494366,0.4,0.6,2.0,1.0361228315748393e-12,6.216736989449036e-13,0.0,0.0,0,1,1,1,0.0,0.0,0.0,0.0,0.0,0.0,0.0,0.0,0,0
20018,r0017,0,5358.803136574814,4742.873107804904,-0.11493798392519289,0.4,0.6,2.0,0.0,0.0,0.0,0.0,1,1,0,0,0.0,0.0,0.0,0.0,0.0,0.0,0.0,0.0,0,0
20018,r0021,0,0.0,0.0,-0.37441509468354034,0.4,0.6,2.0,0.0,0.0,0.0,0.0,0,1,0,0,0.0,0.0,0.0,0.0,0.0,0.0,0.0,0.0,0,0
20018,r0002,0,3383.575586359839,2052.8320774643735,-0.39329504393520065,0.4,0.6,2.0,0.0,0.0,0.0,0.0,1,0,0,0,0.0,0.0,0.0,0.0,0.0,0.0,0.0,0.0,0,0
20018,r0002,1,3545.745451406852,4718.52328094381,0.3307563516923171,0.4,0.6,2.0,0.0,0.0,0.0,0.0,1,1,0,0,0.0,0.0,0.0,0.0,0.0,0.0,0.0,0.0,0,0
20018,r0014,0,0.0,0.0,0.12125337103952505,0.4,0.6,2.0,0.0,0.0,0.0,0.0,0,1,0,0,0.0,0.0,0.0,0.0,0.0,0.0,0.0,0.0,0,0
20018,r0010,0,370.2979050012691,357.2888991323795,-0.035131189491458215,0.4,0.6,2.0,-1.6832439455767626e-11,-1.0099463673460576e-11,0.0,0.0,1,0,0,0,0.0,0.0,0.0,0.0,0.0,0.0,0.0,0.0,0,0
20018,r0010,1,5633.778606587737,5849.006921246269,0.03820319002362965,0.4,0.6,2.0,-2.3658163709237186e-12,-1.419489822554231e-12,0.0,0.0,1,0,0,0,0.0,0.0,0.0,0.0,0.0,0.0,0.0,0.0,0,0
20018,r0006,0,0.0,0.0,-0.06797340936771634,0.4,0.6,2.0,0.0,0.0,0.0,0.0,0,0,0,0,0.0,0.0,0.0,0.0,0.0,0.0,0.0,0.0,0,0
20018,r0006,1,2383.082291825096,1546.8031842169014,-0.35092330234543684,0.4,0.6,2.0,0.0,0.0,0.0,0.0,1,1,0,0,0.0,0.0,0.0,0.0,0.0,0.0,0.0,0.0,0,0
20019,r0023,0,1739.7133880063993,1121.6524391014289,-0.35526596114388065,0.4,0.6,2.0,1.2837362435171202e-12,7.702417461102721e-13,0.0,0.0,0,0,1,0,0.0,0.0,0.0,0.0,0.0,0.0,0.0,0.0,61,0
20019,r0023,1,3992.4882237872043,5075.661198340365,0.2713027349960928,0.4,0.6,2.0,0.0,0.0,0.0,0.0,1,0,0,0,0.0,0.0,0.0,0.0,0.0,0.0,0.0,0.0,0,0
20019,r0005,0,0.0,0.0,-0.38229934602985394,0.4,0.6,2.0,0.0,0.0,0.0,0.0,0,1,0,0,0.0,0.0,0.0,0.0,0.0,0.0,0.0,0.0,0,0
20019,r0022,0,6048.295228409632,4987.269932706811,-0.17542551341062948,0.4,0.6,2.0,3.2906550126973625e-12,1.9743930076184176e-12,0.0,0.0,0,1,1,1,0.0,0.0,0.0,0.0,0.0,0.0,0.0,0.0,203,0
20019,r0022,1,3660.0939083277917,2279.9592205211834,-0.37707630524626573,0.4,0.6,2.0,0.0,0.0,0.0,0.0,1,1,0,0,0.0,0.0,0.0,0.0,0.0,0.0,0.0,0.0,0,0
20019,r0009,0,97.65218666675719,113.5737874484654,0.16304397602525234,0.4,0.6,2.0,-1.7592842356721132e-11,-1.0555705414032679e-11,0.0,0.0,1,1,0,0,0.0,0.0,0.0,0.0,0.0,0.0,0.0,0.0,0,0
20019,r0009,1,6065.388589952472,3994.720031030824,-0.3413909147308027,0.4,0.6,2.0,-1.2604673193233257e-11,-7.562803915939954e-12,0.0,0.0,1,1,0,0,0.0,0.0,0.0,0.0,0.0,0.0,0.0,0.0,0,0
20019,r0009,2,6635.9955331276215,5914.580609739244,-0.10871238833525343,0.4,0.6,2.0,-2.7628903512537897e-12,-1.6577342107522736e-12,0.0,0.0,1,1,0,0,0.0,0.0,0.0,0.0,0.0,0.0,0.0,0.0,0,0
20019,r0003,0,0.0,0.0,-0.23651098264115095,0.4,0.6,2.0,0.0,0.0,0.0,0.0,0,0,0,0,0.0,0.0,0.0,0.0,0.0,0.0,0.0,0.0,0,0
20020,r0008,0,1414.9534947296079,1957.7745601584606,0.38363173591976163,0.4,0.6,2.0,-3.5342700569636475e-12,-2.1205620341781884e-12,0.0,0.0,1,1,0,0,0.0,0.0,0.0,0.0,0.0,0.0,0.0,0.0,0,0
20020,r0008,1,6043.524363837851,5048.825845087647,-0.16458914680680384,0.4,0.6,2.0,-1.4316080672239706e-12,-8.589648403343823e-13,0.0,0.0,1,0,0,0,0.0,0.0,0.0,0.0,0.0,0.0,0.0,0.0,0,0
20020,r0007,0,320.2043142715265,389.27268120531414,0.21570092548852748,0.4,0.6,2.0,8.081197728767186e-12,4.848718637260311e-12,0.0,0.0,0,0,1,0,0.0,0.0,0.0,0.0,0.0,0.0,0.0,0.0,15,0
20020,r0007,1,6462.179623124706,5105.78407034102,-0.20989753177548132,0.4,0.6,2.0,0.0,0.0,0.0,0.0,1,0,0,0,0.0,0.0,0.0,0.0,0.0,0.0,0.0,0.0,0,0
20020,r0017,0,2845.4237563763018,3904.942502754725,0.3723588600833708,0.4,0.6,2.0,-3.261155143527556e-12,-1.9566930861165335e-12,0.0,0.0,1,1,0,0,0.0,0.0,0.0,0.0,0.0,0.0,0.0,0.0,0,0
20020,r0017,1,3215.862023995396,4177.124914434821,0.29891297675922945,0.4,0.6,2.0,-1.490328028474538e-12,-8.941968170847228e-13,0.0,0.0,1,1,0,0,0.0,0.0,0.0,0.0,0.0,0.0,0.0,0.0,0,0
20020,r0013,0,2089.228975940947,2208.1391054530427,0.05691579567459393,0.4,0.6,2.0,0.0,0.0,0.0,0.0,1,1,0,0,0.0,0.0,0.0,0.0,0.0,0.0,0.0,0.0,0,0
20020,r0011,0,7380.298885797871,4792.8627957918625,-0.3505868976370441,0.4,0.6,2.0,2.197132545021453e-12,1.3182795270128718e-12,0.0,0.0,0,1,1,1,0.0,0.0,0.0,0.0,0.0,0.0,0.0,0.0,320,0
20020,r0004,0,157.2229262688743,147.02454709303902,-0.06486572548837144,0.4,0.6,2.0,-8.693050893301065e-13,-5.215830535980638e-13,0.0,0.0,1,0,0,0,0.0,0.0,0.0,0.0,0.0,0.0,0.0,0.0,0,0
20021,r0007,0,8131.69214896451,6962.370530740627,-0.14379806770879588,0.4,0.6,2.0,-1.2843518151687275e-12,-7.706110891012365e-13,0.0,0.0,1,1,0,0,0.0,0.0,0.0,0.0,0.0,0.0,0.0,0.0,0,0
20021,r0021,0,3998.7683820425664,2875.437130428682,-0.2809193092199273,0.4,0.6,2.0,2.9114630800212028e-12,1.7468778480127215e-12,0.0,0.0,0,1,1,1,0.0,0.0,0.0,0.0,0.0,0.0,0.0,0.0,173,0
20021,r0002,0,2567.5339402354475,2294.5479815065623,-0.10632223958209946,0.4,0.6,2.0,-1.5293448291404924e-11,-9.176068974842954e-12,0.0,0.0,1,1,0,0,0.0,0.0,0.0,0.0,0.0,0.0,0.0,0.0,0,0
20021,r0002,1,6038.2929540987825,7247.088559078796,0.20018830059569814,0.4,0.6,2.0,-1.1212830684281211e-13,-6.727698410568726e-14,0.0,0.0,1,1,0,0,0.0,0.0,0.0,0.0,0.0,0.0,0.0,0.0,0,0
20021,r0017,0,4089.1003994069324,4320.215985399312,0.0565199098623011,0.4,0.6,2.0,-1.0829188350172442e-12,-6.497513010103465e-13,0.0,0.0,1,0,0,0,0.0,0.0,0.0,0.0,0.0,0.0,0.0,0.0,0,0
20021,r0022,0,0.0,0.0,0.13648549036873103,0.4,0.6,2.0,0.0,0.0,0.0,0.0,0,1,0,0,0.0,0.0,0.0,0.0,0.0,0.0,0.0,0.0,0,0
20021,r0022,1,1580.0032479926886,1110.7471259414863,-0.2969969350679296,0.4,0.6,2.0,0.0,0.0,0.0,0.0,1,0,0,0,0.0,0.0,0.0,0.0,0.0,0.0,0.0,0.0,0,0
20021,r0004,0,2116.5917717734264,1649.282101418458,-0.22078403430786475,0.4,0.6,2.0,-8.175104091186867e-13,-4.90506245471212e-13,0.0,0.0,1,1,0,0,0.0,0.0,0.0,0.0,0.0,0.0,0.0,0.0,0,0
20021,r0000,0,4664.648877699801,4652.83796635633,-0.0025320043701328454,0.4,0.6,2.0,-7.881706597177129e-12,-4.729023958306277e-12,0.0,0.0,1,1,0,0,0.0,0.0,0.0,0.0,0.0,0.0,0.0,0.0,0,0
20022,r0023,0,5106.43918213188,4513.315538512101,-0.11615210178066926,0.4,0.6,2.0,332.05958272382543,199.23574963429525,8.9296875,4.46484375,0,1,1,1,100.10419503844876,100.10419503844876,4.46484375,4.46484375,0.0,0.0,0.0,40.88026382746426,74,2
20022,r0001,0,4461.0792389285625,4405.456800173041,-0.01246838170237946,0.4,0.6,2.0,557.1035921507099,334.26215529042594,9.0703125,4.53515625,0,0,1,0,101.26166600674163,0.0,4.53515625,0.0,4.53515625,4.53515625,0.0,0.0,64,2
20022,r0019,0,326.9228296972651,440.3538451522674,0.34696572142129356,0.4,0.6,2.0,5.694094579221167e-14,3.4164567475327e-14,0.0,0.0,0,1,1,1,0.0,0.0,0.0,0.0,0.0,0.0,0.0,0.0,4,0
20022,r0022,0,0.0,0.0,0.04204092166261564,0.4,0.6,2.0,0.0,0.0,0.0,0.0,0,0,0,0,0.0,0.0,0.0,0.0,0.0,0.0,0.0,0.0,0,0
20022,r0007,0,5348.361294218514,6756.878821357163,0.26335496980378514,0.4,0.6,2.0,4689.596266427306,2813.7577598563835,44.54296875,22.271484375,0,1,1,1,343.44835586964183,0.0,0.0,0.0,0.0,0.0,343.44835586964183,159.20723276730098,74,21
20022,r0002,0,0.0,0.0,-0.11402344481899046,0.4,0.6,2.0,0.0,0.0,0.0,0.0,0,1,0,0,0.0,0.0,0.0,0.0,0.0,0.0,0.0,0.0,0,0
20022,r0009,0,3773.0379328848358,3969.866690502961,0.052167182286352254,0.4,0.6,2.0,386.54767789198223,231.92860673518933,9.046875,4.5234375,0,1,1,1,101.06875417869283,0.0,0.0,0.0,0.0,0.0,101.06875417869283,37.5108537373618,58,2
20022,r0013,0,3116.096664032113,2444.708164436485,-0.21545817475600285,0.4,0.6,2.0,1961.7650474105485,1177.059028446329,39.65625,19.828125,0,1,1,1,353.01160161043805,353.01160161043805,19.828125,19.828125,0.0,0.0,0.0,32.64675105851611,44,2
20022,r0006,0,0.0,0.0,0.0944034685502082,0.4,0.6,2.0,0.0,0.0,0.0,0.0,0,0,0,0,0.0,0.0,0.0,0.0,0.0,0.0,0.0,0.0,0,0
20022,r0006,1,3862.667845513337,5247.739748250883,0.3585790852678076,0.4,0.6,2.0,0.0,0.0,0.0,0.0,0,1,0,0,0.0,0.0,0.0,0.0,0.0,0.0,0.0,0.0,0,0
20023,r0017,0,7739.176092322012,7949.359411642363,0.02715835856595533,0.4,0.6,2.0,10035.904699205965,6021.542819523579,191.25,95.625,0,1,1,1,2014.1795311130772,1803.9962117927262,85.64635628947556,85.64635628947556,0.0,0.0,210.18331932035107,244.07389755064364,123,15
20023,r0001,0,0.0,0.0,-0.23134705911809927,0.4,0.6,2.0,0.0,0.0,0.0,0.0,0,0,0,0,0.0,0.0,0.0,0.0,0.0,0.0,0.0,0.0,0,0
20023,r0003,0,5376.396540395694,7474.877687155992,0.390313685196638,0.4,0.6,2.0,0.0,0.0,0.0,0.0,0,1,0,0,0.0,0.0,0.0,0.0,0.0,0.0,0.0,0.0,0,0
20023,r0023,0,2567.7003105963304,2155.9805600811396,-0.16034571823515176,0.4,0.6,2.0,16584.874263367266,9950.924558020359,185.80078125,92.900390625,0,1,1,1,1957.3160340763568,1957.3160340763568,92.900390625,92.900390625,0.0,0.0,0.0,88.15785728866763,38,15
20023,r0023,1,5808.613528496455,7225.219557964226,0.24388023450313034,0.4,0.6,2.0,0.0,0.0,0.0,0.0,1,1,0,0,0.0,0.0,0.0,0.0,0.0,0.0,0.0,0.0,0,0
20023,r0000,0,0.0,0.0,0.030735365137256665,0.4,0.6,2.0,0.0,0.0,0.0,0.0,0,1,0,0,0.0,0.0,0.0,0.0,0.0,0.0,0.0,0.0,0,0
20023,r0000,1,666.2800967045769,931.1530197148112,0.39753989999145467,0.4,0.6,2.0,0.0,0.0,0.0,0.0,1,0,0,0,0.0,0.0,0.0,0.0,0.0,0.0,0.0,0.0,0,0
20023,r0007,0,0.0,0.0,0.2897494169333178,0.4,0.6,2.0,0.0,0.0,0.0,0.0,0,0,0,0,0.0,0.0,0.0,0.0,0.0,0.0,0.0,0.0,0,0
20023,r0007,1,3577.6225214528968,4465.308135497843,0.24812165305926448,0.4,0.6,2.0,0.0,0.0,0.0,0.0,0,1,0,0,0.0,0.0,0.0,0.0,0.0,0.0,0.0,0.0,0,0
20023,r0015,0,1018.4037034285138,788.4739447017408,-0.22577466868266624,0.4,0.6,2.0,15998.728860979201,9599.23731658752,74.78604655999072,37.39302327999536,0,0,1,0,1803.234300170404,0.0,48.297338988342894,0.0,48.297338988342894,48.297338988342894,0.0,0.0,15,15
20023,r0015,1,2969.4878208503214,3941.1394920753637,0.3272118728363085,0.4,0.6,2.0,0.0,0.0,0.0,0.0,1,1,0,0,0.0,0.0,0.0,0.0,0.0,0.0,0.0,0.0,0,0
20023,r0015,2,4466.771425019368,6222.4640928109675,0.3930563041479088,0.4,0.6,2.0,0.0,0.0,0.0,0.0,1,1,0,0,0.0,0.0,0.0,0.0,0.0,0.0,0.0,0.0,0,0
20023,r0005,0,0.0,0.0,-0.060561141853539,0.4,0.6,2.0,0.0,0.0,0.0,0.0,0,1,0,0,0.0,0.0,0.0,0.0,0.0,0.0,0.0,0.0,0,0
20023,r0005,1,5895.439994287099,6546.171708133553,0.11037882066089,0.4,0.6,2.0,0.0,0.0,0.0,0.0,1,1,0,0,0.0,0.0,0.0,0.0,0.0,0.0,0.0,0.0,0,0
20024,r0014,0,4211.097448547718,3375.6435822398957,-0.1983933823701813,0.4,0.6,2.0,7.953352333956584e-12,4.77201140037395e-12,0.0,0.0,0,0,1,0,0.0,0.0,0.0,0.0,0.0,0.0,0.0,0.0,132,0
20024,r0014,1,5586.519937871796,4973.068273569561,-0.10980926786702411,0.4,0.6,2.0,0.0,0.0,0.0,0.0,1,1,0,0,0.0,0.0,0.0,0.0,0.0,0.0,0.0,0.0,0,0
20024,r0014,2,3083.6414792132273,3949.144727578037,0.28067570571973144,0.4,0.6,2.0,0.0,0.0,0.0,0.0,1,0,0,0,0.0,0.0,0.0,0.0,0.0,0.0,0.0,0.0,0,0
20024,r0019,0,1934.6825488699615,1390.2226449033385,-0.2814207965459963,0.4,0.6,2.0,-2.9762610316329035e-12,-1.785756618979742e-12,0.0,0.0,1,1,0,0,0.0,0.0,0.0,0.0,0.0,0.0,0.0,0.0,0,0
20024,r0005,0,1311.8388183888128,1721.291116581784,0.3121208889792243,0.4,0.6,2.0,-2.6689971229157314e-13,-1.6013982737494387e-13,0.0,0.0,1,1,0,0,0.0,0.0,0.0,0.0,0.0,0.0,0.0,0.0,0,0
20024,r0003,0,2806.206304334537,2881.6884121535477,0.026898274621655283,0.4,0.6,2.0,7.828264021353411e-13,4.696958412812046e-13,0.0,0.0,0,1,1,1,0.0,0.0,0.0,0.0,0.0,0.0,0.0,0.0,78,0
20024,r0020,0,1595.8875058559388,1065.422400705544,-0.33239504865092906,0.4,0.6,2.0,4.702025294661172e-13,2.8212151767967027e-13,0.0,0.0,0,1,1,1,0.0,0.0,0.0,0.0,0.0,0.0,0.0,0.0,44,0
20024,r0022,0,2877.0068135117726,2140.559017218089,-0.2559770775776336,0.4,0.6,2.0,-4.863924854263649e-12,-2.9183549125581894e-12,0.0,0.0,1,1,0,0,0.0,0.0,0.0,0.0,0.0,0.0,0.0,0.0,0,0
20024,r0012,0,3448.0931775567224,4139.3808954871865,0.20048405954629755,0.4,0.6,2.0,-7.492538008859687e-12,-4.495522805315812e-12,0.0,0.0,1,0,0,0,0.0,0.0,0.0,0.0,0.0,0.0,0.0,0.0,0,0
20024,r0012,1,9174.468245358581,6346.733253024535,-0.3082178625191291,0.4,0.6,2.0,-3.1396412711939543e-12,-1.8837847627163726e-12,0.0,0.0,1,1,0,0,0.0,0.0,0.0,0.0,0.0,0.0,0.0,0.0,0,0
20024,r0015,0,0.0,0.0,-0.31770911474544294,0.4,0.6,2.0,0.0,0.0,0.0,0.0,0,1,0,0,0.0,0.0,0.0,0.0,0.0,0.0,0.0,0.0,0,0
20024,r0009,0,5716.545911232304,4382.126565172759,-0.23343105553260346,0.4,0.6,2.0,1.888651126576886e-12,1.1331906759461316e-12,0.0,0.0,0,0,1,0,0.0,0.0,0.0,0.0,0.0,0.0,0.0,0.0,159,0
20024,r0009,1,6228.191618506709,5159.6257886774465,-0.17156919621003333,0.4,0.6,2.0,0.0,0.0,0.0,0.0,1,1,0,0,0.0,0.0,0.0,0.0,0.0,0.0,0.0,0.0,0,0
20025,r0005,0,4523.854884685781,2836.851023001506,-0.3729129038588628,0.4,0.6,2.0,2541.895809899982,1525.1374859399891,104.84765625,52.423828125,0,1,1,1,893.9800737865082,893.9800737865082,52.423828125,52.423828125,0.0,0.0,0.0,185.41360331434402,55,23
20025,r0021,0,8421.39080870352,6051.1329471202425,-0.2814568181699409,0.4,0.6,2.0,3626.917625936771,2176.1505755620624,54.71484375,27.357421875,0,1,1,1,499.3891650804527,499.3891650804527,27.357421875,27.357421875,0.0,0.0,0.0,291.4864282353267,105,23
20025,r0012,0,3817.1391318110764,3123.0694380473924,-0.18182981279866947,0.4,0.6,2.0,2418.298923596397,1450.979354157838,239.07421875,119.537109375,0,1,1,1,1950.4654099994955,1950.4654099994955,119.537109375,119.537109375,0.0,0.0,0.0,164.19903833014752,45,23
20025,r0020,0,322.3500028339404,241.1966502417387,-0.2517553959321915,0.4,0.6,2.0,19183.466539273315,11510.079923563988,29.615629976322598,14.807814988161299,0,1,1,1,2048.0524089267997,322.3500028339404,19.790072534648527,19.790072534648527,0.0,0.0,1725.7024060928593,64.6999348897413,3,23
20025,r0020,1,6172.519376041411,8189.438858982354,0.326757902254564,0.4,0.6,2.0,0.0,0.0,0.0,0.0,1,1,0,0,0.0,0.0,0.0,0.0,0.0,0.0,0.0,0.0,0,0
20025,r0000,0,0.0,0.0,-0.27328861985916175,0.4,0.6,2.0,0.0,0.0,0.0,0.0,0,0,0,0,0.0,0.0,0.0,0.0,0.0,0.0,0.0,0.0,0,0
20025,r0013,0,0.0,0.0,-0.12710283115635707,0.4,0.6,2.0,0.0,0.0,0.0,0.0,0,1,0,0,0.0,0.0,0.0,0.0,0.0,0.0,0.0,0.0,0,0
20025,r0013,1,0.0,0.0,-0.07560832622533109,0.4,0.6,2.0,0.0,0.0,0.0,0.0,0,0,0,0,0.0,0.0,0.0,0.0,0.0,0.0,0.0,0.0,0,0
20025,r0003,0,0.0,0.0,0.3995335348682142,0.4,0.6,2.0,0.0,0.0,0.0,0.0,0,1,0,0,0.0,0.0,0.0,0.0,0.0,0.0,0.0,0.0,0,0
20025,r0008,0,0.0,0.0,-0.06599246605160536,0.4,0.6,2.0,0.0,0.0,0.0,0.0,0,1,0,0,0.0,0.0,0.0,0.0,0.0,0.0,0.0,0.0,0,0
20025,r0008,1,690.6549531881174,821.6690904684971,0.18969550088015452,0.4,0.6,2.0,0.0,0.0,0.0,0.0,1,1,0,0,0.0,0.0,0.0,0.0,0.0,0.0,0.0,0.0,0,0
20026,r0000,0,0.0,0.0,-0.022963424195499016,0.4,0.6,2.0,0.0,0.0,0.0,0.0,0,1,0,0,0.0,0.0,0.0,0.0,0.0,0.0,0.0,0.0,0,0
20026,r0021,0,3152.6110733033966,2009.7608667224215,-0.36250910118876906,0.4,0.6,2.0,-1.5976661791481175e-11,-9.585997074888705e-12,0.0,0.0,1,1,0,0,0.0,0.0,0.0,0.0,0.0,0.0,0.0,0.0,0,0
20026,r0004,0,5493.548493459339,4967.130952614151,-0.09582468262033983,0.4,0.6,2.0,0.0,0.0,0.0,0.0,1,1,0,0,0.0,0.0,0.0,0.0,0.0,0.0,0.0,0.0,0,0
20026,r0005,0,5961.047343594844,7938.811813753959,0.3317813726616724,0.4,0.6,2.0,0.0,0.0,0.0,0.0,0,1,0,0,0.0,0.0,0.0,0.0,0.0,0.0,0.0,0.0,0,0
20026,r0019,0,3351.8648678594654,3678.7536740637283,0.09752445850032643,0.4,0.6,2.0,1.086039203983574e-11,6.5162352239014446e-12,0.0,0.0,0,1,1,1,0.0,0.0,0.0,0.0,0.0,0.0,0.0,0.0,164,0
20026,r0019,1,6108.235740721564,8023.815249832109,0.3136060215128923,0.4,0.6,2.0,0.0,0.0,0.0,0.0,1,1,0,0,0.0,0.0,0.0,0.0,0.0,0.0,0.0,0.0,0,0
20026,r0003,0,6092.657774895619,3954.788606958052,-0.3508927051091744,0.4,0.6,2.0,1.1637581819743996e-12,6.982549091846398e-13,0.0,0.0,0,1,1,1,0.0,0.0,0.0,0.0,0.0,0.0,0.0,0.0,357,0
20027,r0003,0,2187.924196110328,1601.1130323184293,-0.26820452227509817,0.4,0.6,2.0,4.101323432859538e-12,2.4607940597157226e-12,0.0,0.0,0,0,1,0,0.0,0.0,0.0,0.0,0.0,0.0,0.0,0.0,73,0
20027,r0005,0,1652.5777709675876,1928.930366995709,0.16722516839029988,0.4,0.6,2.0,-1.1925085708852763e-11,-7.155051425311657e-12,0.0,0.0,1,0,0,0,0.0,0.0,0.0,0.0,0.0,0.0,0.0,0.0,0,0
20027,r0005,1,5495.712781334332,5940.437724194596,0.08092215888187049,0.4,0.6,2.0,-6.031326649393243e-12,-3.6187959896359455e-12,0.0,0.0,1,1,0,0,0.0,0.0,0.0,0.0,0.0,0.0,0.0,0.0,0,0
20027,r0017,0,2329.169309036257,3110.197528838698,0.3353247944545552,0.4,0.6,2.0,-8.177216339403437e-12,-4.906329803642062e-12,0.0,0.0,1,1,0,0,0.0,0.0,0.0,0.0,0.0,0.0,0.0,0.0,0,0
20027,r0017,1,9374.463594226158,6595.698129919865,-0.29641860959572847,0.4,0.6,2.0,-4.204629880486473e-12,-2.5227779282918835e-12,0.0,0.0,1,1,0,0,0.0,0.0,0.0,0.0,0.0,0.0,0.0,0.0,0,0
20027,r0021,0,0.0,0.0,-0.10136320137390431,0.4,0.6,2.0,0.0,0.0,0.0,0.0,0,1,0,0,0.0,0.0,0.0,0.0,0.0,0.0,0.0,0.0,0,0
20027,r0021,1,2425.769250442845,2906.996100314823,0.1983811319993134,0.4,0.6,2.0,0.0,0.0,0.0,0.0,1,0,0,0,0.0,0.0,0.0,0.0,0.0,0.0,0.0,0.0,0,0
20027,r0011,0,2101.740511393611,1313.7461793379396,-0.3749246530596551,0.4,0.6,2.0,1.2041188928286405e-11,7.224713356971842e-12,0.0,0.0,0,1,1,1,0.0,0.0,0.0,0.0,0.0,0.0,0.0,0.0,68,0
20027,r0011,1,6545.91749404429,4599.5930203521175,-0.297334098002764,0.4,0.6,2.0,0.0,0.0,0.0,0.0,1,0,0,0,0.0,0.0,0.0,0.0,0.0,0.0,0.0,0.0,0,0
20027,r0001,0,0.0,0.0,-0.19009365316258764,0.4,0.6,2.0,0.0,0.0,0.0,0.0,0,0,0,0,0.0,0.0,0.0,0.0,0.0,0.0,0.0,0.0,0,0
20027,r0001,1,8166.366805531063,10983.747436130943,0.3449980508702688,0.4,0.6,2.0,6.802421791177989e-12,4.0814530747067935e-12,0.0,0.0,0,0,1,0,0.0,0.0,0.0,0.0,0.0,0.0,0.0,0.0,222,0
20027,r0010,0,0.0,0.0,0.28605515270952875,0.4,0.6,2.0,0.0,0.0,0.0,0.0,0,1,0,0,0.0,0.0,0.0,0.0,0.0,0.0,0.0,0.0,0,0
20027,r0014,0,640.5509370646905,592.3100535430164,-0.07531154937144713,0.4,0.6,2.0,-1.880372360519298e-11,-1.1282234163115788e-11,0.0,0.0,1,1,0,0,0.0,0.0,0.0,0.0,0.0,0.0,0.0,0.0,0,0
20027,r0014,1,3837.4139861681324,4324.34843826444,0.12689130071747567,0.4,0.6,2.0,-1.1037781383111586e-11,-6.622668829866951e-12,0.0,0.0,1,1,0,0,0.0,0.0,0.0,0.0,0.0,0.0,0.0,0.0,0,0
20027,r0014,2,7212.5007819122475,6286.1810216753065,-0.12843253515618275,0.4,0.6,2.0,-3.918134971185638e-12,-2.3508809827113827e-12,0.0,0.0,1,0,0,0,0.0,0.0,0.0,0.0,0.0,0.0,0.0,0.0,0,0
20028,r0000,0,2106.1906289653743,2740.3008699032407,0.30106972855033587,0.4,0.6,2.0,3.7831248588984775e-12,2.2698749153390865e-12,0.0,0.0,0,0,1,0,0.0,0.0,0.0,0.0,0.0,0.0,0.0,0.0,94,0
20028,r0019,0,4142.728200291263,2759.83878903757,-0.3338112819364944,0.4,0.6,2.0,0.0,0.0,0.0,0.0,1,0,0,0,0.0,0.0,0.0,0.0,0.0,0.0,0.0,0.0,0,0
20028,r0014,0,139.57653326798754,165.79218204068948,0.18782275328738662,0.4,0.6,2.0,-4.085535660534596e-12,-2.4513213963207577e-12,0.0,0.0,1,0,0,0,0.0,0.0,0.0,0.0,0.0,0.0,0.0,0.0,0,0
20028,r0010,0,2740.588242659367,2763.5763943153047,0.008388035567733099,0.4,0.6,2.0,0.0,0.0,0.0,0.0,1,0,0,0,0.0,0.0,0.0,0.0,0.0,0.0,0.0,0.0,0,0
20029,r0015,0,1584.363260017059,1635.356341480955,0.032185220871220666,0.4,0.6,2.0,0.0,0.0,0.0,0.0,1,0,0,0,0.0,0.0,0.0,0.0,0.0,0.0,0.0,0.0,0,0
20029,r0017,0,0.0,0.0,-0.3675464091840157,0.4,0.6,2.0,0.0,0.0,0.0,0.0,0,0,0,0,0.0,0.0,0.0,0.0,0.0,0.0,0.0,0.0,0,0
20029,r0000,0,375.7250130389166,467.8339058185068,0.24514974937282075,0.4,0.6,2.0,836.3158263909638,501.78949583457825,58.39483395279947,29.197416976399737,0,1,1,1,2356.4323367421125,375.7250130389166,23.448920092628548,23.448920092628548,0.0,0.0,1980.707323703196,42.42878042260103,9,19
20029,r0000,1,1655.173259616642,1843.967183788258,0.11406293756542607,0.4,0.6,2.0,0.0,0.0,0.0,0.0,1,1,0,0,0.0,0.0,0.0,0.0,0.0,0.0,0.0,0.0,0,0
20029,r0023,0,0.0,0.0,-0.34087352607005816,0.4,0.6,2.0,0.0,0.0,0.0,0.0,0,0,0,0,0.0,0.0,0.0,0.0,0.0,0.0,0.0,0.0,0,0
20029,r0023,1,3371.398906671777,4020.6678213431396,0.19258145732517806,0.4,0.6,2.0,0.0,0.0,0.0,0.0,1,1,0,0,0.0,0.0,0.0,0.0,0.0,0.0,0.0,0.0,0,0
20029,r0008,0,0.0,0.0,-0.28189616815322005,0.4,0.6,2.0,0.0,0.0,0.0,0.0,0,0,0,0,0.0,0.0,0.0,0.0,0.0,0.0,0.0,0.0,0,0
20029,r0008,1,1101.427900408351,736.3780399220547,-0.33143327888367025,0.4,0.6,2.0,0.0,0.0,0.0,0.0,1,0,0,0,0.0,0.0,0.0,0.0,0.0,0.0,0.0,0.0,0,0
20029,r0020,0,0.0,0.0,-0.2748729496143759,0.4,0.6,2.0,0.0,0.0,0.0,0.0,0,0,0,0,0.0,0.0,0.0,0.0,0.0,0.0,0.0,0.0,0,0
20029,r0005,0,0.0,0.0,-0.23654991260998567,0.4,0.6,2.0,0.0,0.0,0.0,0.0,0,1,0,0,0.0,0.0,0.0,0.0,0.0,0.0,0.0,0.0,0,0
20029,r0005,1,2814.5172054502546,2533.986315760844,-0.09967282813058248,0.4,0.6,2.0,0.0,0.0,0.0,0.0,1,1,0,0,0.0,0.0,0.0,0.0,0.0,0.0,0.0,0.0,0,0
20029,r0005,2,6735.90730729857,8364.436502196957,0.2417683499198131,0.4,0.6,2.0,0.0,0.0,0.0,0.0,0,0,0,0,0.0,0.0,0.0,0.0,0.0,0.0,0.0,0.0,0,0
20029,r0016,0,0.0,0.0,0.16732177854315133,0.4,0.6,2.0,0.0,0.0,0.0,0.0,0,1,0,0,0.0,0.0,0.0,0.0,0.0,0.0,0.0,0.0,0,0
20029,r0016,1,1371.5312428190991,1102.997254820113,-0.19579137508164282,0.4,0.6,2.0,0.0,0.0,0.0,0.0,1,1,0,0,0.0,0.0,0.0,0.0,0.0,0.0,0.0,0.0,0,0
20029,r0016,2,4420.507663393728,3461.4593451757746,-0.21695433901401026,0.4,0.6,2.0,0.0,0.0,0.0,0.0,1,1,0,0,0.0,0.0,0.0,0.0,0.0,0.0,0.0,0.0,0,0
20029,r0016,3,8107.017877925791,6944.453786093844,-0.143402186764314,0.4,0.6,2.0,0.0,0.0,0.0,0.0,1,0,0,0,0.0,0.0,0.0,0.0,0.0,0.0,0.0,0.0,0,0
20029,r0014,0,4713.829943259632,4261.305862962796,-0.09599923750832512,0.4,0.6,2.0,5688.423035926847,3413.053821556108,236.4609375,118.23046875,0,0,1,0,1899.6282810357454,0.0,118.23046875,0.0,118.23046875,118.23046875,0.0,0.0,108,19
20029,r0014,1,2318.956516275546,2940.944438641829,0.2682188812083687,0.4,0.6,2.0,0.0,0.0,0.0,0.0,1,0,0,0,0.0,0.0,0.0,0.0,0.0,0.0,0.0,0.0,0,0
20029,r0012,0,0.0,0.0,-0.007967842595058117,0.4,0.6,2.0,0.0,0.0,0.0,0.0,0,1,0,0,0.0,0.0,0.0,0.0,0.0,0.0,0.0,0.0,0,0
20030,r0017,0,3241.8244806377193,4126.193585170575,0.27279981066676573,0.4,0.6,2.0,8.24840265425063e-12,4.949041592550378e-12,0.0,0.0,0,1,1,1,0.0,0.0,0.0,0.0,0.0,0.0,0.0,0.0,154,0
20030,r0005,0,0.0,0.0,0.3478752346209587,0.4,0.6,2.0,0.0,0.0,0.0,0.0,0,0,0,0,0.0,0.0,0.0,0.0,0.0,0.0,0.0,0.0,0,0
20030,r0005,1,5469.220984900607,6967.808753240196,0.27400387961592354,0.4,0.6,2.0,0.0,0.0,0.0,0.0,1,1,0,0,0.0,0.0,0.0,0.0,0.0,0.0,0.0,0.0,0,0
20030,r0006,0,1112.4702769154064,1330.3702632380507,0.19587038938858203,0.4,0.6,2.0,5.187217837840272e-12,3.1123307027041632e-12,0.0,0.0,0,0,1,0,0.0,0.0,0.0,0.0,0.0,0.0,0.0,0.0,50,0
20030,r0009,0,5848.549602189054,4808.424740245387,-0.17784321459022234,0.4,0.6,2.0,0.0,0.0,0.0,0.0,1,0,0,0,0.0,0.0,0.0,0.0,0.0,0.0,0.0,0.0,0,0
20030,r0009,1,5023.791742452937,3666.0141143682836,-0.2702694892009395,0.4,0.6,2.0,0.0,0.0,0.0,0.0,1,0,0,0,0.0,0.0,0.0,0.0,0.0,0.0,0.0,0.0,0,0
20030,r0013,0,988.4445905430621,615.6320998535828,-0.3771708543466783,0.4,0.6,2.0,-1.9308420015860637e-12,-1.1585052009516381e-12,0.0,0.0,1,1,0,0,0.0,0.0,0.0,0.0,0.0,0.0,0.0,0.0,0,0
20031,r0011,0,0.0,0.0,-0.0051377431478106805,0.4,0.6,2.0,0.0,0.0,0.0,0.0,0,0,0,0,0.0,0.0,0.0,0.0,0.0,0.0,0.0,0.0,0,0
20031,r0000,0,4832.010232607692,4817.381075421782,-0.003027550953263347,0.4,0.6,2.0,2.5306548096717013e-13,1.5183928858030208e-13,0.0,0.0,0,0,1,0,0.0,0.0,0.0,0.0,0.0,0.0,0.0,0.0,346,0
20031,r0012,0,0.0,0.0,0.18324001068407625,0.4,0.6,2.0,0.0,0.0,0.0,0.0,0,0,0,0,0.0,0.0,0.0,0.0,0.0,0.0,0.0,0.0,0,0
20031,r0017,0,675.667335201113,480.63586507941955,-0.2886501388492344,0.4,0.6,2.0,3.642628611505362e-12,2.185577166903217e-12,0.0,0.0,0,0,1,0,0.0,0.0,0.0,0.0,0.0,0.0,0.0,0.0,44,0
20031,r0017,1,3646.0531714034296,2542.559125507547,-0.3026544029995944,0.4,0.6,2.0,0.0,0.0,0.0,0.0,1,1,0,0,0.0,0.0,0.0,0.0,0.0,0.0,0.0,0.0,0,0
20031,r0013,0,0.0,0.0,-0.03047849453603302,0.4,0.6,2.0,0.0,0.0,0.0,0.0,0,1,0,0,0.0,0.0,0.0,0.0,0.0,0.0,0.0,0.0,0,0
20032,r0015,0,4138.388897794848,5217.920450021916,0.2608579277801317,0.4,0.6,2.0,-6.130194180300247e-12,-3.678116508180148e-12,0.0,0.0,1,0,0,0,0.0,0.0,0.0,0.0,0.0,0.0,0.0,0.0,0,0
20032,r0006,0,0.0,0.0,0.24635356595200342,0.4,0.6,2.0,0.0,0.0,0.0,0.0,0,1,0,0,0.0,0.0,0.0,0.0,0.0,0.0,0.0,0.0,0,0
20032,r0020,0,465.90893666477496,418.6163124275108,-0.1015061539188537,0.4,0.6,2.0,-6.059805385312742e-13,-3.635883231187645e-13,0.0,0.0,1,0,0,0,0.0,0.0,0.0,0.0,0.0,0.0,0.0,0.0,0,0
20032,r0010,0,372.04133541947886,391.33029606499116,0.05184628375705602,0.4,0.6,2.0,854.8112900356944,512.8867740214166,47.58363889545096,23.79181944772548,0,0,1,0,499.22562523042274,0.0,22.619103014505356,0.0,22.619103014505356,22.619103014505356,0.0,0.0,16,28
20032,r0009,0,0.0,0.0,0.058444538198991425,0.4,0.6,2.0,0.0,0.0,0.0,0.0,0,0,0,0,0.0,0.0,0.0,0.0,0.0,0.0,0.0,0.0,0,0
20032,r0009,1,1603.3343383215615,1814.3087925065865,0.13158481618118523,0.4,0.6,2.0,0.0,0.0,0.0,0.0,1,1,0,0,0.0,0.0,0.0,0.0,0.0,0.0,0.0,0.0,0,0
20033,r0023,0,4296.476487837436,3735.7359302950704,-0.1305117249284904,0.4,0.6,2.0,1032.2225477732002,619.3335286639201,59.87109375,29.935546875,0,1,1,1,629.2818181828646,629.2818181828646,29.935546875,29.935546875,0.0,0.0,0.0,140.07866903933046,72,13
20033,r0006,0,4763.887994826588,3451.5204835830264,-0.2754824447318546,0.4,0.6,2.0,16196.576219060764,9717.945731436457,353.390625,176.6953125,0,1,1,1,2616.1749234058857,2616.1749234058857,176.6953125,176.6953125,0.0,0.0,0.0,269.9374729219714,79,28
20033,r0020,0,0.0,0.0,-0.011986460389046716,0.4,0.6,2.0,0.0,0.0,0.0,0.0,0,0,0,0,0.0,0.0,0.0,0.0,0.0,0.0,0.0,0.0,0,0
20033,r0000,0,722.7858088112189,781.2833161489012,0.08093339219525414,0.4,0.6,2.0,18108.707217143703,10865.22433028622,105.48013352827594,52.74006676413797,0,0,1,0,2578.6510965426232,0.0,48.791227234666906,0.0,48.791227234666906,48.791227234666906,0.0,0.0,11,28
20033,r0000,1,3154.277569022848,2412.2163343776897,-0.23525552790049442,0.4,0.6,2.0,0.0,0.0,0.0,0.0,1,0,0,0,0.0,0.0,0.0,0.0,0.0,0.0,0.0,0.0,0,0
20033,r0021,0,0.0,0.0,0.3537071020996637,0.4,0.6,2.0,0.0,0.0,0.0,0.0,0,1,0,0,0.0,0.0,0.0,0.0,0.0,0.0,0.0,0.0,0,0
20033,r0013,0,0.0,0.0,0.14333248608796478,0.4,0.6,2.0,0.0,0.0,0.0,0.0,0,1,0,0,0.0,0.0,0.0,0.0,0.0,0.0,0.0,0.0,0,0
20033,r0013,1,0.0,0.0,0.3730138759075946,0.4,0.6,2.0,0.0,0.0,0.0,0.0,0,0,0,0,0.0,0.0,0.0,0.0,0.0,0.0,0.0,0.0,0,0
20033,r0022,0,3894.469821566512,3763.5826237977512,-0.03360847657464,0.4,0.6,2.0,1306.5593028549415,783.9355817129649,67.640625,33.8203125,0,1,1,1,707.0056830000615,707.0056830000615,33.8203125,33.8203125,0.0,0.0,0.0,127.88669024447603,64,13
20033,r0017,0,2358.164390322381,2394.372915189146,0.015354538053140132,0.4,0.6,2.0,1590.9530375960558,954.5718225576334,64.59375,32.296875,0,1,1,1,676.5257360129254,640.3172111461608,30.568304837321154,30.568304837321154,0.0,0.0,36.208524866764606,89.78675651055592,39,13
20033,r0014,0,1442.0774308853797,1392.4100970899567,-0.03444151661463091,0.4,0.6,2.0,16672.64684548448,10003.588107290687,188.46137150015022,94.23068575007511,0,1,1,1,2770.960709216841,1442.0774308853797,97.5918987524096,97.5918987524096,0.0,0.0,1328.8832783314615,139.61554431157268,25,28
20033,r0014,1,4456.9949171619155,5416.697959944756,0.2153251373672087,0.4,0.6,2.0,0.0,0.0,0.0,0.0,1,0,0,0,0.0,0.0,0.0,0.0,0.0,0.0,0.0,0.0,0,0
20033,r0004,0,0.0,0.0,-0.05252373901347146,0.4,0.6,2.0,0.0,0.0,0.0,0.0,0,1,0,0,0.0,0.0,0.0,0.0,0.0,0.0,0.0,0.0,0,0
20034,r0015,0,0.0,0.0,-0.22454273280771897,0.4,0.6,2.0,0.0,0.0,0.0,0.0,0,0,0,0,0.0,0.0,0.0,0.0,0.0,0.0,0.0,0.0,0,0
20034,r0015,1,401.44458712810774,462.3327573577852,0.15167266462668005,0.4,0.6,2.0,0.0,0.0,0.0,0.0,1,0,0,0,0.0,0.0,0.0,0.0,0.0,0.0,0.0,0.0,0,0
20034,r0010,0,0.0,0.0,-0.02321761279477874,0.4,0.6,2.0,0.0,0.0,0.0,0.0,0,0,0,0,0.0,0.0,0.0,0.0,0.0,0.0,0.0,0.0,0,0
20034,r0004,0,6302.454782178171,8633.148481255666,0.3698072861495393,0.4,0.6,2.0,0.0,0.0,0.0,0.0,0,0,0,0,0.0,0.0,0.0,0.0,0.0,0.0,0.0,0.0,0,0
20034,r0022,0,0.0,0.0,0.06090084007304969,0.4,0.6,2.0,0.0,0.0,0.0,0.0,0,1,0,0,0.0,0.0,0.0,0.0,0.0,0.0,0.0,0.0,0,0
20034,r0007,0,0.0,0.0,-0.17398216426955226,0.4,0.6,2.0,0.0,0.0,0.0,0.0,0,0,0,0,0.0,0.0,0.0,0.0,0.0,0.0,0.0,0.0,0,0
20034,r0007,1,3566.292633608351,4391.635656296053,0.2314288555318651,0.4,0.6,2.0,0.0,0.0,0.0,0.0,1,1,0,0,0.0,0.0,0.0,0.0,0.0,0.0,0.0,0.0,0,0
20034,r0008,0,0.0,0.0,0.15627157946664916,0.4,0.6,2.0,0.0,0.0,0.0,0.0,0,0,0,0,0.0,0.0,0.0,0.0,0.0,0.0,0.0,0.0,0,0
20034,r0008,1,431.82637246037484,325.07024958869687,-0.2472200163770083,0.4,0.6,2.0,0.0,0.0,0.0,0.0,1,0,0,0,0.0,0.0,0.0,0.0,0.0,0.0,0.0,0.0,0,0
20034,r0020,0,766.957362962974,469.42858856358305,-0.387933917538718,0.4,0.6,2.0,-6.43791843737575e-13,-3.8627510624254497e-13,0.0,0.0,1,0,0,0,0.0,0.0,0.0,0.0,0.0,0.0,0.0,0.0,0,0
20034,r0013,0,3598.9801407363775,4683.950664900582,0.3014661047677276,0.4,0.6,2.0,617.0010479270137,370.20062875620823,3.75,1.875,0,1,1,1,64.35876429772523,0.0,0.0,0.0,0.0,0.0,64.35876429772523,95.51584940533566,105,5
20034,r0005,0,0.0,0.0,-0.22875290791809402,0.4,0.6,2.0,0.0,0.0,0.0,0.0,0,1,0,0,0.0,0.0,0.0,0.0,0.0,0.0,0.0,0.0,0,0
20034,r0023,0,0.0,0.0,-0.0790202751063428,0.4,0.6,2.0,0.0,0.0,0.0,0.0,0,0,0,0,0.0,0.0,0.0,0.0,0.0,0.0,0.0,0.0,0,0
20034,r0023,1,0.0,0.0,-0.02308575927807538,0.4,0.6,2.0,0.0,0.0,0.0,0.0,0,1,0,0,0.0,0.0,0.0,0.0,0.0,0.0,0.0,0.0,0,0
20035,r0021,0,3388.589252305891,4537.96593593378,0.33919032318412545,0.4,0.6,2.0,2802.5672546710284,1681.540352802617,50.7890625,25.39453125,0,1,1,1,458.3530740475365,0.0,0.0,0.0,0.0,0.0,458.3530740475365,85.90078748413956,38,11
20035,r0008,0,2014.9116666180125,2461.0977134702766,0.22144198886950628,0.4,0.6,2.0,34000.12476111461,20400.074856668765,353.0625,176.53125,0,1,1,1,2070.796114247397,1624.6100673951323,138.49477695397286,138.49477695397286,0.0,0.0,446.18604685226455,96.27143511480449,22,28
20035,r0002,0,0.0,0.0,0.05825948211359783,0.4,0.6,2.0,0.0,0.0,0.0,0.0,0,1,0,0,0.0,0.0,0.0,0.0,0.0,0.0,0.0,0.0,0,0
20035,r0013,0,0.0,0.0,-0.34491242734939354,0.4,0.6,2.0,0.0,0.0,0.0,0.0,0,0,0,0,0.0,0.0,0.0,0.0,0.0,0.0,0.0,0.0,0,0
20035,r0010,0,5495.133543004085,6420.493997873091,0.16839635427006006,0.4,0.6,2.0,13548.118628467822,8128.871177080693,236.671875,118.3359375,0,1,1,1,1380.6375547571158,455.27709988810966,39.02229245605194,39.02229245605194,0.0,0.0,925.3604548690062,139.74388920444886,88,18
20035,r0010,1,2334.9693742816708,1937.4109783731433,-0.1702627881493445,0.4,0.6,2.0,0.0,0.0,0.0,0.0,1,1,0,0,0.0,0.0,0.0,0.0,0.0,0.0,0.0,0.0,0,0
20035,r0018,0,0.0,0.0,-0.12473510255625037,0.4,0.6,2.0,0.0,0.0,0.0,0.0,0,0,0,0,0.0,0.0,0.0,0.0,0.0,0.0,0.0,0.0,0,0
20035,r0009,0,0.0,0.0,0.06674887573219329,0.4,0.6,2.0,0.0,0.0,0.0,0.0,0,1,0,0,0.0,0.0,0.0,0.0,0.0,0.0,0.0,0.0,0,0
20035,r0012,0,3093.928281424778,2067.143953384246,-0.3318707593207979,0.4,0.6,2.0,4154.463028604895,2492.677817162937,38.1796875,19.08984375,0,1,1,1,254.15704339009514,254.15704339009514,19.08984375,19.08984375,0.0,0.0,0.0,92.36838041844877,50,18
20035,r0007,0,43.76748450874584,43.943226947733265,0.004015365309658292,0.4,0.6,2.0,27773.843601126617,16664.30616067597,7.483567375742119,3.7417836878710595,0,0,1,0,1999.9537255112002,0.0,3.7268191475506143,0.0,3.7268191475506143,3.7268191475506143,0.0,0.0,0,28
20036,r0018,0,3467.536088511255,2570.3943691322193,-0.25872599346592895,0.4,0.6,2.0,3.11203939351698e-12,1.867223636110188e-12,0.0,0.0,0,1,1,1,0.0,0.0,0.0,0.0,0.0,0.0,0.0,0.0,143,0
20036,r0018,1,4854.61916484687,4787.568437649815,-0.013811737835705162,0.4,0.6,2.0,0.0,0.0,0.0,0.0,1,1,0,0,0.0,0.0,0.0,0.0,0.0,0.0,0.0,0.0,0,0
20036,r0002,0,804.5613644066398,500.25528403492666,-0.37822606681609355,0.4,0.6,2.0,2.6215802691188676e-11,1.5729481614713205e-11,0.0,0.0,0,1,1,1,0.0,0.0,0.0,0.0,0.0,0.0,0.0,0.0,41,0
20036,r0002,1,9147.975475237112,7688.333377477527,-0.15955903048830056,0.4,0.6,2.0,0.0,0.0,0.0,0.0,1,1,0,0,0.0,0.0,0.0,0.0,0.0,0.0,0.0,0.0,0,0
20036,r0015,0,1114.323566387051,923.0226204216666,-0.17167450436827397,0.4,0.6,2.0,1.3795493895050513e-11,8.277296337030308e-12,0.0,0.0,0,1,1,1,0.0,0.0,0.0,0.0,0.0,0.0,0.0,0.0,49,0
20036,r0015,1,4905.468140271812,4064.570446355954,-0.1714204781012529,0.4,0.6,2.0,0.0,0.0,0.0,0.0,1,1,0,0,0.0,0.0,0.0,0.0,0.0,0.0,0.0,0.0,0,0
20036,r0005,0,367.7485757880713,402.8181829865539,0.09536299936262072,0.4,0.6,2.0,6.7597735990736155e-12,4.0558641594441695e-12,0.0,0.0,0,0,1,0,0.0,0.0,0.0,0.0,0.0,0.0,0.0,0.0,16,0
20036,r0005,1,3938.660382252747,3783.576231322534,-0.039374847252382605,0.4,0.6,2.0,0.0,0.0,0.0,0.0,1,1,0,0,0.0,0.0,0.0,0.0,0.0,0.0,0.0,0.0,0,0
20036,r0010,0,0.0,0.0,0.2417106216185807,0.4,0.6,2.0,0.0,0.0,0.0,0.0,0,1,0,0,0.0,0.0,0.0,0.0,0.0,0.0,0.0,0.0,0,0
20037,r0007,0,2957.6592102367454,2376.685184920624,-0.19643034711548718,0.4,0.6,2.0,2.016898172785686e-12,1.2101389036714116e-12,0.0,0.0,0,1,1,1,0.0,0.0,0.0,0.0,0.0,0.0,0.0,0.0,126,0
20037,r0002,0,0.0,0.0,-0.0894315203246207,0.4,0.6,2.0,0.0,0.0,0.0,0.0,0,0,0,0,0.0,0.0,0.0,0.0,0.0,0.0,0.0,0.0,0,0
20037,r0023,0,1158.5836783704372,1309.5099848188713,0.1302679377122884,0.4,0.6,2.0,-3.5603137147569394e-13,-2.1361882288541634e-13,0.0,0.0,1,1,0,0,0.0,0.0,0.0,0.0,0.0,0.0,0.0,0.0,0,0
20037,r0011,0,1293.352582269492,1540.3498238358493,0.19097440632386775,0.4,0.6,2.0,2.515585163344432e-12,1.5093510980066592e-12,0.0,0.0,0,1,1,1,0.0,0.0,0.0,0.0,0.0,0.0,0.0,0.0,55,0
20037,r0013,0,2679.9016080690544,1972.3081310193963,-0.2640371105114935,0.4,0.6,2.0,1.6456314466563992e-12,9.873788679938395e-13,0.0,0.0,0,0,1,0,0.0,0.0,0.0,0.0,0.0,0.0,0.0,0.0,111,0
20038,r0015,0,7441.971044856329,9059.50157373475,0.21735243514504266,0.4,0.6,2.0,11985.708398710236,7191.425039226141,184.48828125,92.244140625,0,0,1,0,2152.5793782797723,0.0,22.928362969297204,0.0,22.928362969297204,22.928362969297204,0.0,0.0,117,13
20038,r0015,1,4728.129421419331,6082.092269190673,0.2863633219593419,0.4,0.6,2.0,1.0404199922654155e-12,6.242519953592493e-13,0.0,0.0,0,1,1,1,0.0,0.0,0.0,0.0,0.0,0.0,0.0,0.0,183,0
20038,r0004,0,999.0166594390139,922.7679748933746,-0.07632373677177312,0.4,0.6,2.0,5512.191026508821,3307.3146159052926,29.5546875,14.77734375,0,1,1,1,371.91657575217073,371.91657575217073,14.77734375,14.77734375,0.0,0.0,0.0,55.519046227387065,15,13
20038,r0014,0,2278.6654703547683,3058.6596989927316,0.34230308870943005,0.4,0.6,2.0,0.0,0.0,0.0,0.0,1,0,0,0,0.0,0.0,0.0,0.0,0.0,0.0,0.0,0.0,0,0
20038,r0002,0,0.0,0.0,0.32206666762350433,0.4,0.6,2.0,0.0,0.0,0.0,0.0,0,1,0,0,0.0,0.0,0.0,0.0,0.0,0.0,0.0,0.0,0,0
20038,r0002,1,94.76912662680843,84.55430047834,-0.10778643332541638,0.4,0.6,2.0,0.0,0.0,0.0,0.0,1,0,0,0,0.0,0.0,0.0,0.0,0.0,0.0,0.0,0.0,0,0
20038,r0002,2,5511.867876446522,4811.776069014089,-0.1270153463627251,0.4,0.6,2.0,0.0,0.0,0.0,0.0,1,1,0,0,0.0,0.0,0.0,0.0,0.0,0.0,0.0,0.0,0,0
20038,r0002,3,3307.4791012395362,3677.395785457803,0.11184248574076672,0.4,0.6,2.0,0.0,0.0,0.0,0.0,1,1,0,0,0.0,0.0,0.0,0.0,0.0,0.0,0.0,0.0,0,0
20038,r0019,0,0.0,0.0,0.02187925614252323,0.4,0.6,2.0,0.0,0.0,0.0,0.0,0,0,0,0,0.0,0.0,0.0,0.0,0.0,0.0,0.0,0.0,0,0
20038,r0019,1,839.6623121652301,653.862199405734,-0.22127956687775463,0.4,0.6,2.0,0.0,0.0,0.0,0.0,1,0,0,0,0.0,0.0,0.0,0.0,0.0,0.0,0.0,0.0,0,0
20038,r0018,0,0.0,0.0,0.1794344903339975,0.4,0.6,2.0,0.0,0.0,0.0,0.0,0,0,0,0,0.0,0.0,0.0,0.0,0.0,0.0,0.0,0.0,0,0
20038,r0018,1,0.0,0.0,-0.3438677516872806,0.4,0.6,2.0,0.0,0.0,0.0,0.0,0,1,0,0,0.0,0.0,0.0,0.0,0.0,0.0,0.0,0.0,0,0
20038,r0018,2,1702.5771781635922,1252.0064526048266,-0.26464041180485776,0.4,0.6,2.0,0.0,0.0,0.0,0.0,1,1,0,0,0.0,0.0,0.0,0.0,0.0,0.0,0.0,0.0,0,0
20038,r0018,3,5739.569976146675,5813.400406010047,0.012863407915611524,0.4,0.6,2.0,0.0,0.0,0.0,0.0,1,1,0,0,0.0,0.0,0.0,0.0,0.0,0.0,0.0,0.0,0,0
20038,r0016,0,0.0,0.0,0.06975331425494025,0.4,0.6,2.0,0.0,0.0,0.0,0.0,0,1,0,0,0.0,0.0,0.0,0.0,0.0,0.0,0.0,0.0,0,0
20038,r0016,1,1248.9687965909616,1732.830691532697,0.38740911403265466,0.4,0.6,2.0,0.0,0.0,0.0,0.0,1,1,0,0,0.0,0.0,0.0,0.0,0.0,0.0,0.0,0.0,0,0
20038,r0010,0,0.0,0.0,0.10562621832988306,0.4,0.6,2.0,0.0,0.0,0.0,0.0,0,1,0,0,0.0,0.0,0.0,0.0,0.0,0.0,0.0,0.0,0,0
20038,r0007,0,330.25569398944936,206.5274402110182,-0.37464381698861465,0.4,0.6,2.0,13525.574503082067,8115.34470184924,17.71230102805654,8.85615051402827,0,1,1,1,2250.629640759168,330.25569398944936,14.161770131354139,14.161770131354139,0.0,0.0,1920.3739467697187,27.553704736053575,4,13
20038,r0007,1,6166.762216299445,4553.89767540939,-0.2615415487607212,0.4,0.6,2.0,0.0,0.0,0.0,0.0,1,0,0,0,0.0,0.0,0.0,0.0,0.0,0.0,0.0,0.0,0,0
20038,r0023,0,0.0,0.0,-0.39185956824597695,0.4,0.6,2.0,0.0,0.0,0.0,0.0,0,1,0,0,0.0,0.0,0.0,0.0,0.0,0.0,0.0,0.0,0,0
20038,r0023,1,563.5364120227023,499.94521379877347,-0.11284310448668394,0.4,0.6,2.0,0.0,0.0,0.0,0.0,1,0,0,0,0.0,0.0,0.0,0.0,0.0,0.0,0.0,0.0,0,0
20038,r0005,0,2355.1149670265295,1867.625590419248,-0.20699175345259918,0.4,0.6,2.0,4746.6643533633105,2847.998612017986,61.546875,30.7734375,0,1,1,1,739.6050600499057,739.6050600499057,30.7734375,30.7734375,0.0,0.0,0.0,97.0256613010071,37,13
20039,r0014,0,5084.899346475655,3747.9150909195982,-0.2629322951068286,0.4,0.6,2.0,-2.861677920068842e-12,-1.7170067520413052e-12,0.0,0.0,1,1,0,0,0.0,0.0,0.0,0.0,0.0,0.0,0.0,0.0,0,0
20039,r0004,0,0.0,0.0,-0.1832827038489933,0.4,0.6,2.0,0.0,0.0,0.0,0.0,0,0,0,0,0.0,0.0,0.0,0.0,0.0,0.0,0.0,0.0,0,0
20039,r0009,0,0.0,0.0,-0.3679593443786489,0.4,0.6,2.0,0.0,0.0,0.0,0.0,0,1,0,0,0.0,0.0,0.0,0.0,0.0,0.0,0.0,0.0,0,0
20039,r0011,0,2618.2105950639907,2268.23374774965,-0.13367024332348915,0.4,0.6,2.0,3.200367761434127e-12,1.920220656860476e-12,0.0,0.0,0,1,1,1,0.0,0.0,0.0,0.0,0.0,0.0,0.0,0.0,132,0
20039,r0010,0,7629.890558484052,8264.82030867211,0.08321610189834872,0.4,0.6,2.0,-4.998199625861905e-13,-2.998919775517143e-13,0.0,0.0,1,0,0,0,0.0,0.0,0.0,0.0,0.0,0.0,0.0,0.0,0,0
20039,r0022,0,735.0613916407492,974.5140741569738,0.32575875326785453,0.4,0.6,2.0,2.827259474519406e-12,1.6963556847116434e-12,0.0,0.0,0,0,1,0,0.0,0.0,0.0,0.0,0.0,0.0,0.0,0.0,34,0
20039,r0022,1,4665.922428974442,5588.348569502672,0.19769427258373384,0.4,0.6,2.0,0.0,0.0,0.0,0.0,1,1,0,0,0.0,0.0,0.0,0.0,0.0,0.0,0.0,0.0,0,0
20039,r0006,0,0.0,0.0,0.03894252292385508,0.4,0.6,2.0,0.0,0.0,0.0,0.0,0,1,0,0,0.0,0.0,0.0,0.0,0.0,0.0,0.0,0.0,0,0
20039,r0019,0,3906.2461200663456,2564.316473179378,-0.343534330823009,0.4,0.6,2.0,5.433628220548614e-12,3.260176932329168e-12,0.0,0.0,0,1,1,1,0.0,0.0,0.0,0.0,0.0,0.0,0.0,0.0,180,0
20039,r0012,0,0.0,0.0,-0.2511484874321456,0.4,0.6,2.0,0.0,0.0,0.0,0.0,0,1,0,0,0.0,0.0,0.0,0.0,0.0,0.0,0.0,0.0,0,0
20039,r0021,0,627.4987681785788,770.4569051800117,0.22782217950226913,0.4,0.6,2.0,1.3758886794718549e-11,8.255332076831129e-12,0.0,0.0,0,1,1,1,0.0,0.0,0.0,0.0,0.0,0.0,0.0,0.0,28,0
20039,r0021,1,3221.677893904249,2541.988949917628,-0.2109735877918346,0.4,0.6,2.0,0.0,0.0,0.0,0.0,1,0,0,0,0.0,0.0,0.0,0.0,0.0,0.0,0.0,0.0,0,0
20040,r0012,0,233.67381863197807,218.37981859798887,-0.06545020800159174,0.4,0.6,2.0,1124.6027178226368,674.7616306935821,14.955081751245453,7.477540875622727,0,1,1,1,306.65002484361867,233.67381863197807,8.001222556192557,8.001222556192557,0.0,0.0,72.9762062116406,86.32538251511889,10,28
20040,r0013,0,7191.265180414817,9043.417326037516,0.2575558123856946,0.4,0.6,2.0,0.0,0.0,0.0,0.0,0,0,0,0,0.0,0.0,0.0,0.0,0.0,0.0,0.0,0.0,0,0
20040,r0001,0,77.65775264944205,59.853963057640925,-0.22925965514569954,0.4,0.6,2.0,-3.413956057386778e-13,-2.0483736344320668e-13,0.0,0.0,1,1,0,0,0.0,0.0,0.0,0.0,0.0,0.0,0.0,0.0,0,0
20040,r0023,0,1701.8183153754508,1456.5317924431856,-0.14413202673644437,0.4,0.6,2.0,0.0,0.0,0.0,0.0,1,0,0,0,0.0,0.0,0.0,0.0,0.0,0.0,0.0,0.0,0,0
20040,r0006,0,4806.371547846298,4470.535249042635,-0.06987314556531726,0.4,0.6,2.0,2.451317325258854e-13,1.4707903951553122e-13,0.0,0.0,0,0,1,0,0.0,0.0,0.0,0.0,0.0,0.0,0.0,0.0,218,0
20040,r0016,0,5794.778436796045,4791.885341067959,-0.17306841092661154,0.4,0.6,2.0,9.77712243417345e-12,5.86627346050407e-12,0.0,0.0,0,1,1,1,0.0,0.0,0.0,0.0,0.0,0.0,0.0,0.0,267,0
20040,r0011,0,696.1231872302742,784.6244735681395,0.12713451866183778,0.4,0.6,2.0,9.10853780352777e-12,5.465122682116662e-12,0.0,0.0,0,0,1,0,0.0,0.0,0.0,0.0,0.0,0.0,0.0,0.0,30,0
20040,r0011,1,3293.0009687648926,4189.1379673822785,0.27213383995860174,0.4,0.6,2.0,0.0,0.0,0.0,0.0,1,1,0,0,0.0,0.0,0.0,0.0,0.0,0.0,0.0,0.0,0,0
20041,r0005,0,2153.541400838558,1561.3552602215134,-0.27498247323522823,0.4,0.6,2.0,3.3241785814190598e-12,1.9945071488514356e-12,0.0,0.0,0,0,1,0,0.0,0.0,0.0,0.0,0.0,0.0,0.0,0.0,82,0
20041,r0003,0,0.0,0.0,-0.07828806215744744,0.4,0.6,2.0,0.0,0.0,0.0,0.0,0,0,0,0,0.0,0.0,0.0,0.0,0.0,0.0,0.0,0.0,0,0
20041,r0003,1,7173.46224959371,7483.827619923732,0.04326577035344403,0.4,0.6,2.0,0.0,0.0,0.0,0.0,1,0,0,0,0.0,0.0,0.0,0.0,0.0,0.0,0.0,0.0,0,0
20041,r0012,0,119.33462254978804,76.95872023697673,-0.35510149030832605,0.4,0.6,2.0,6.460053521130091e-12,3.876032112678054e-12,0.0,0.0,0,1,1,1,0.0,0.0,0.0,0.0,0.0,0.0,0.0,0.0,4,0
20041,r0008,0,783.6559705285399,996.5676731941587,0.2716902705686268,0.4,0.6,2.0,7.2581217056745284e-12,4.354873023404717e-12,0.0,0.0,0,1,1,1,0.0,0.0,0.0,0.0,0.0,0.0,0.0,0.0,30,0
20041,r0008,1,4246.246915082054,4234.889056493933,-0.0026747993734843045,0.4,0.6,2.0,0.0,0.0,0.0,0.0,1,0,0,0,0.0,0.0,0.0,0.0,0.0,0.0,0.0,0.0,0,0
20041,r0008,2,9014.150264335687,10998.341107859687,0.22011956594227333,0.4,0.6,2.0,0.0,0.0,0.0,0.0,0,1,0,0,0.0,0.0,0.0,0.0,0.0,0.0,0.0,0.0,0,0
20042,r0002,0,6078.262850157979,7484.948358418365,0.23142887086954855,0.4,0.6,2.0,-2.659659329491094e-12,-1.5957955976946563e-12,0.0,0.0,1,1,0,0,0.0,0.0,0.0,0.0,0.0,0.0,0.0,0.0,0,0
20042,r0016,0,1036.959295265502,1039.787531197055,0.0027274319681263037,0.4,0.6,2.0,-2.746003689479281e-12,-1.6476022136875687e-12,0.0,0.0,1,1,0,0,0.0,0.0,0.0,0.0,0.0,0.0,0.0,0.0,0,0
20042,r0017,0,0.0,0.0,0.34453914066740277,0.4,0.6,2.0,0.0,0.0,0.0,0.0,0,0,0,0,0.0,0.0,0.0,0.0,0.0,0.0,0.0,0.0,0,0
20042,r0018,0,29.81654810519467,22.741087250470045,-0.23729979841267845,0.4,0.6,2.0,-6.030389823885633e-12,-3.6182338943313796e-12,0.0,0.0,1,1,0,0,0.0,0.0,0.0,0.0,0.0,0.0,0.0,0.0,0,0
20042,r0018,1,3265.0601732215328,4492.885532812305,0.37604984118234974,0.4,0.6,2.0,0.0,0.0,0.0,0.0,0,1,0,0,0.0,0.0,0.0,0.0,0.0,0.0,0.0,0.0,0,0
20042,r0023,0,0.0,0.0,-0.30832583445514433,0.4,0.6,2.0,0.0,0.0,0.0,0.0,0,1,0,0,0.0,0.0,0.0,0.0,0.0,0.0,0.0,0.0,0,0
20042,r0014,0,0.0,0.0,0.1631605063905257,0.4,0.6,2.0,0.0,0.0,0.0,0.0,0,0,0,0,0.0,0.0,0.0,0.0,0.0,0.0,0.0,0.0,0,0
20042,r0010,0,0.0,0.0,0.37412457692320455,0.4,0.6,2.0,0.0,0.0,0.0,0.0,0,1,0,0,0.0,0.0,0.0,0.0,0.0,0.0,0.0,0.0,0,0
20042,r0001,0,3792.3611705607836,4093.9510704540353,0.07952562699840504,0.4,0.6,2.0,6.957469482262288e-12,4.174481689357372e-12,0.0,0.0,0,1,1,1,0.0,0.0,0.0,0.0,0.0,0.0,0.0,0.0,124,0
20042,r0001,1,4067.790202610642,4112.588557915426,0.011012946359926001,0.4,0.6,2.0,0.0,0.0,0.0,0.0,1,1,0,0,0.0,0.0,0.0,0.0,0.0,0.0,0.0,0.0,0,0
20042,r0007,0,2096.4042818742782,1583.4201260480907,-0.24469715133741143,0.4,0.6,2.0,0.0,0.0,0.0,0.0,1,0,0,0,0.0,0.0,0.0,0.0,0.0,0.0,0.0,0.0,0,0
20043,r0014,0,2487.4037004959882,2540.7324061937115,0.021439505652857682,0.4,0.6,2.0,947.0346845378356,568.2208107227013,36.10546875,18.052734375,0,1,1,1,272.3632269673174,219.03452126959382,14.518009921764333,14.518009921764333,0.0,0.0,53.32870569772359,65.6216838417981,42,13
20043,r0002,0,6815.641036098283,4878.149547332141,-0.28427135151402977,0.4,0.6,2.0,2781.0083100718307,1668.6049860430983,30.92578125,15.462890625,0,0,1,0,236.3159835505602,0.0,15.462890625,0.0,15.462890625,15.462890625,0.0,0.0,115,13
20043,r0023,0,4159.016246176649,3834.108443999605,-0.07812131113354726,0.4,0.6,2.0,13137.845632838402,7882.707379703041,215.8125,107.90625,0,0,1,0,1649.0356923557306,0.0,107.90625,0.0,107.90625,107.90625,0.0,0.0,60,16
20043,r0023,1,1339.320614269538,1644.4342023342576,0.22781220927531798,0.4,0.6,2.0,0.0,0.0,0.0,0.0,1,1,0,0,0.0,0.0,0.0,0.0,0.0,0.0,0.0,0.0,0,0
20043,r0003,0,0.0,0.0,-0.2391933310587815,0.4,0.6,2.0,0.0,0.0,0.0,0.0,0,1,0,0,0.0,0.0,0.0,0.0,0.0,0.0,0.0,0.0,0,0
20043,r0003,1,6867.083962640649,8164.2247237383135,0.1888925150987767,0.4,0.6,2.0,0.0,0.0,0.0,0.0,1,1,0,0,0.0,0.0,0.0,0.0,0.0,0.0,0.0,0.0,0,0
20043,r0017,0,0.0,0.0,-0.21236884499310255,0.4,0.6,2.0,0.0,0.0,0.0,0.0,0,1,0,0,0.0,0.0,0.0,0.0,0.0,0.0,0.0,0.0,0,0
20043,r0010,0,1927.499279059186,1452.453350858542,-0.2464571236740043,0.4,0.6,2.0,859.0635522669493,515.4381313601696,120.046875,60.0234375,0,1,1,1,856.5406129271182,856.5406129271182,60.0234375,60.0234375,0.0,0.0,0.0,56.07976646677414,33,13
20043,r0005,0,154.94583911664813,207.51035538926502,0.33924445194713926,0.4,0.6,2.0,17262.195028470378,10357.317017082227,27.123218115480444,13.561609057740222,0,0,1,0,1577.9473739736136,0.0,10.12631341352423,0.0,10.12631341352423,10.12631341352423,0.0,0.0,2,16
20043,r0005,1,3559.282574618199,4133.7529793626145,0.16140061731570676,0.4,0.6,2.0,0.0,0.0,0.0,0.0,1,0,0,0,0.0,0.0,0.0,0.0,0.0,0.0,0.0,0.0,0,0
20043,r0005,2,5801.291207700633,8099.947200969792,0.3962317889193224,0.4,0.6,2.0,0.0,0.0,0.0,0.0,0,0,0,0,0.0,0.0,0.0,0.0,0.0,0.0,0.0,0.0,0,0
20043,r0004,0,2814.6493423542706,3567.345750950476,0.26742102373812005,0.4,0.6,2.0,14277.352426826234,8566.41145609574,204.9375,102.46875,0,0,1,0,1568.1901538035188,0.0,53.28602816535833,0.0,53.28602816535833,53.28602816535833,0.0,0.0,45,16
20043,r0004,1,7226.466366157103,8146.487723418984,0.1273127571132847,0.4,0.6,2.0,0.0,0.0,0.0,0.0,1,1,0,0,0.0,0.0,0.0,0.0,0.0,0.0,0.0,0.0,0,0
20043,r0016,0,0.0,0.0,-0.14177245343924633,0.4,0.6,2.0,0.0,0.0,0.0,0.0,0,1,0,0,0.0,0.0,0.0,0.0,0.0,0.0,0.0,0.0,0,0
20044,r0015,0,3293.3734784337694,4306.869331378753,0.307737904486609,0.4,0.6,2.0,28461.554286285987,17076.93257177159,206.89453125,103.447265625,0,0,1,0,1595.5580274052063,0.0,37.73773146287473,0.0,37.73773146287473,37.73773146287473,0.0,0.0,29,15
20044,r0015,1,1581.0301374059927,1300.4055109619308,-0.17749479899509366,0.4,0.6,2.0,0.0,0.0,0.0,0.0,1,0,0,0,0.0,0.0,0.0,0.0,0.0,0.0,0.0,0.0,0,0
20044,r0015,2,8917.827521404271,7377.240887466476,-0.17275358042529199,0.4,0.6,2.0,0.0,0.0,0.0,0.0,1,1,0,0,0.0,0.0,0.0,0.0,0.0,0.0,0.0,0.0,0,0
20044,r0000,0,7425.327136422733,6638.585988562826,-0.10595373556011856,0.4,0.6,2.0,4321.718079227458,2593.0308475364745,40.44140625,20.220703125,0,1,1,1,397.7326927543927,397.7326927543927,20.220703125,20.220703125,0.0,0.0,0.0,238.9415209655299,98,17
20044,r0013,0,3051.4534692135057,2091.465675837728,-0.3146001743304343,0.4,0.6,2.0,3219.1083047356697,1931.4649828414017,39.84375,19.921875,0,1,1,1,393.33638290965126,393.33638290965126,19.921875,19.921875,0.0,0.0,0.0,147.06625594572142,40,17
20044,r0021,0,3713.0941601720006,4398.96066076428,0.18471562287569554,0.4,0.6,2.0,1432.661437061538,859.5968622369228,47.578125,23.7890625,0,1,1,1,393.7994452099359,0.0,0.0,0.0,0.0,0.0,393.7994452099359,71.12173556383212,48,10
20044,r0009,0,0.0,0.0,0.2821735769864254,0.4,0.6,2.0,0.0,0.0,0.0,0.0,0,0,0,0,0.0,0.0,0.0,0.0,0.0,0.0,0.0,0.0,0,0
20044,r0009,1,4301.931572648966,2835.6838187626936,-0.34083474577058714,0.4,0.6,2.0,2.4323049467492772e-12,1.4593829680495663e-12,0.0,0.0,0,0,1,0,0.0,0.0,0.0,0.0,0.0,0.0,0.0,0.0,131,0
20044,r0009,2,3239.9701578969543,3207.65866564405,-0.0099727746486028,0.4,0.6,2.0,0.0,0.0,0.0,0.0,1,0,0,0,0.0,0.0,0.0,0.0,0.0,0.0,0.0,0.0,0,0
20044,r0009,3,6363.027324983945,6451.937873461094,0.013972994918322712,0.4,0.6,2.0,0.0,0.0,0.0,0.0,1,1,0,0,0.0,0.0,0.0,0.0,0.0,0.0,0.0,0.0,0,0
20044,r0008,0,1583.3325684104566,1956.5665731689721,0.2357268537292918,0.4,0.6,2.0,16138.7946149168,9683.27676895008,230.9765625,115.48828125,0,1,1,1,1769.6084339850959,1396.37442922658,91.13026346154142,91.13026346154142,0.0,0.0,373.23400475851577,99.04971246738916,14,15
20044,r0008,1,3418.2313091211035,3616.5088170923887,0.058005877905982495,0.4,0.6,2.0,0.0,0.0,0.0,0.0,1,1,0,0,0.0,0.0,0.0,0.0,0.0,0.0,0.0,0.0,0,0
20044,r0004,0,0.0,0.0,-0.15639417819045154,0.4,0.6,2.0,0.0,0.0,0.0,0.0,0,1,0,0,0.0,0.0,0.0,0.0,0.0,0.0,0.0,0.0,0,0
20044,r0004,1,1278.8481445634097,1420.442247475007,0.11072002842052553,0.4,0.6,2.0,0.0,0.0,0.0,0.0,1,1,0,0,0.0,0.0,0.0,0.0,0.0,0.0,0.0,0.0,0,0
20044,r0004,2,5982.352275177589,7239.350017032767,0.2101176400244441,0.4,0.6,2.0,0.0,0.0,0.0,0.0,1,0,0,0,0.0,0.0,0.0,0.0,0.0,0.0,0.0,0.0,0,0
20044,r0001,0,2431.9296728167537,3397.548268990745,0.39705860205059895,0.4,0.6,2.0,6236.527051451618,3741.9162308709706,68.90625,34.453125,0,1,1,1,598.261902111679,0.0,0.0,0.0,0.0,0.0,598.261902111679,108.70487109737857,21,15
20044,r0002,0,845.3110251996259,1170.5823573092632,0.38479485350711273,0.4,0.6,2.0,2039.8951881839992,1223.9371129103995,74.109375,37.0546875,0,0,1,0,645.3914806748297,0.0,18.379468001551107,0.0,18.379468001551107,18.379468001551107,0.0,0.0,11,17
20044,r0017,0,6464.249967514559,5797.226874418062,-0.10318646346421545,0.4,0.6,2.0,861.2662127623543,516.7597276574126,46.875,23.4375,0,0,1,0,388.3914389030179,0.0,23.4375,0.0,23.4375,23.4375,0.0,0.0,84,10
20044,r0020,0,6641.016301744843,5943.187514900931,-0.10507861374479177,0.4,0.6,2.0,47906.53279036389,28743.919674218334,203.90625,101.953125,0,0,1,0,1573.9605316982127,0.0,101.953125,0.0,101.953125,101.953125,0.0,0.0,60,15
20044,r0020,1,4827.518336617548,3940.2952550157884,-0.18378450784371375,0.4,0.6,2.0,-1.602238880405816e-12,-9.613433282434896e-13,0.0,0.0,1,1,0,0,0.0,0.0,0.0,0.0,0.0,0.0,0.0,0.0,0,0
20044,r0020,2,4452.1428049170645,5221.272418790057,0.17275492893524114,0.4,0.6,2.0,-8.908140946802847e-13,-5.344884568081708e-13,0.0,0.0,1,1,0,0,0.0,0.0,0.0,0.0,0.0,0.0,0.0,0.0,0,0
20045,r0015,0,5168.078632444183,3748.739473191486,-0.2746357515426264,0.4,0.6,2.0,-2.3631880865927467e-12,-1.417912851955648e-12,0.0,0.0,1,1,0,0,0.0,0.0,0.0,0.0,0.0,0.0,0.0,0.0,0,0
20045,r0010,0,1129.722745204108,1255.5554082974975,0.11138366791991527,0.4,0.6,2.0,6.685688422415719e-13,4.0114130534494313e-13,0.0,0.0,0,1,1,1,0.0,0.0,0.0,0.0,0.0,0.0,0.0,0.0,60,0
20045,r0003,0,0.0,0.0,0.14255529474205964,0.4,0.6,2.0,0.0,0.0,0.0,0.0,0,0,0,0,0.0,0.0,0.0,0.0,0.0,0.0,0.0,0.0,0,0
20045,r0016,0,0.0,0.0,-0.18177607676798138,0.4,0.6,2.0,0.0,0.0,0.0,0.0,0,1,0,0,0.0,0.0,0.0,0.0,0.0,0.0,0.0,0.0,0,0
20045,r0016,1,5242.287789681282,5098.426551950201,-0.027442453276649903,0.4,0.6,2.0,-2.55486149671303e-12,-1.532916898027818e-12,0.0,0.0,1,0,0,0,0.0,0.0,0.0,0.0,0.0,0.0,0.0,0.0,0,0
20046,r0005,0,2131.4076637237968,1821.6776081930802,-0.14531713515075995,0.4,0.6,2.0,32527.918727734683,19516.75123664081,129.52775013569783,64.76387506784891,0,1,1,1,2734.238369793884,2131.4076637237968,75.77532875808012,75.77532875808012,0.0,0.0,602.8307060700872,87.36561541269177,18,15
20046,r0005,1,2850.019412006938,3645.643686902802,0.2791645107903311,0.4,0.6,2.0,7.826190326395547e-13,4.695714195837328e-13,0.0,0.0,0,0,1,0,0.0,0.0,0.0,0.0,0.0,0.0,0.0,0.0,110,0
20046,r0005,2,3518.8357264521574,4065.81268258023,0.15544259483791223,0.4,0.6,2.0,0.0,0.0,0.0,0.0,1,1,0,0,0.0,0.0,0.0,0.0,0.0,0.0,0.0,0.0,0,0
20046,r0017,0,0.0,0.0,-0.36957529225305585,0.4,0.6,2.0,0.0,0.0,0.0,0.0,0,1,0,0,0.0,0.0,0.0,0.0,0.0,0.0,0.0,0.0,0,0
20046,r0000,0,689.2740565281347,939.2196375708486,0.36262148368340874,0.4,0.6,2.0,11501.01422538541,6900.608535231246,64.85069415965688,32.42534707982844,0,1,1,1,1005.5928560543502,689.2740565281347,23.796298141562357,23.796298141562357,0.0,0.0,316.31879952621557,54.19695470938446,5,15
20046,r0001,0,0.0,0.0,0.282200162532401,0.4,0.6,2.0,0.0,0.0,0.0,0.0,0,0,0,0,0.0,0.0,0.0,0.0,0.0,0.0,0.0,0.0,0,0
20046,r0001,1,1125.1847112446121,1254.231404468443,0.11468934116700458,0.4,0.6,2.0,0.0,0.0,0.0,0.0,0,0,0,0,0.0,0.0,0.0,0.0,0.0,0.0,0.0,0.0,0,0
20046,r0013,0,0.0,0.0,-0.26845373415120566,0.4,0.6,2.0,0.0,0.0,0.0,0.0,0,0,0,0,0.0,0.0,0.0,0.0,0.0,0.0,0.0,0.0,0,0
20046,r0013,1,0.0,0.0,-0.012873757280495834,0.4,0.6,2.0,0.0,0.0,0.0,0.0,0,0,0,0,0.0,0.0,0.0,0.0,0.0,0.0,0.0,0.0,0,0
20046,r0013,2,7676.8278697202295,6228.835506192304,-0.18861857893665335,0.4,0.6,2.0,0.0,0.0,0.0,0.0,1,1,0,0,0.0,0.0,0.0,0.0,0.0,0.0,0.0,0.0,0,0
20046,r0013,3,3084.5480741367683,2233.4422406493827,-0.2759256179612546,0.4,0.6,2.0,0.0,0.0,0.0,0.0,1,0,0,0,0.0,0.0,0.0,0.0,0.0,0.0,0.0,0.0,0,0
20046,r0004,0,0.0,0.0,0.07222091037310852,0.4,0.6,2.0,0.0,0.0,0.0,0.0,0,0,0,0,0.0,0.0,0.0,0.0,0.0,0.0,0.0,0.0,0,0
20046,r0004,1,1100.286341618259,1373.9850532018731,0.24875225769054687,0.4,0.6,2.0,0.0,0.0,0.0,0.0,0,0,0,0,0.0,0.0,0.0,0.0,0.0,0.0,0.0,0.0,0,0
20046,r0016,0,0.0,0.0,0.15451915630517477,0.4,0.6,2.0,0.0,0.0,0.0,0.0,0,0,0,0,0.0,0.0,0.0,0.0,0.0,0.0,0.0,0.0,0,0
20046,r0015,0,2550.348063426958,2407.2641941302036,-0.05610366339741474,0.4,0.6,2.0,12490.427749897512,7494.256649938507,38.3203125,19.16015625,0,0,1,0,575.2549433512597,0.0,19.16015625,0.0,19.16015625,19.16015625,0.0,0.0,21,15
20046,r0012,0,0.0,0.0,0.12785539298515536,0.4,0.6,2.0,0.0,0.0,0.0,0.0,0,1,0,0,0.0,0.0,0.0,0.0,0.0,0.0,0.0,0.0,0,0
20046,r0012,1,0.0,0.0,-0.38710114767292403,0.4,0.6,2.0,0.0,0.0,0.0,0.0,0,1,0,0,0.0,0.0,0.0,0.0,0.0,0.0,0.0,0.0,0,0
20046,r0022,0,0.0,0.0,0.049948667926665524,0.4,0.6,2.0,0.0,0.0,0.0,0.0,0,0,0,0,0.0,0.0,0.0,0.0,0.0,0.0,0.0,0.0,0,0
20046,r0022,1,0.0,0.0,0.11693052327818432,0.4,0.6,2.0,0.0,0.0,0.0,0.0,0,0,0,0,0.0,0.0,0.0,0.0,0.0,0.0,0.0,0.0,0,0
20046,r0022,2,2052.871909257323,1799.8198205930498,-0.12326735415061568,0.4,0.6,2.0,0.0,0.0,0.0,0.0,1,0,0,0,0.0,0.0,0.0,0.0,0.0,0.0,0.0,0.0,0,0
20046,r0022,3,3965.466118133161,4823.092998187915,0.21627391446695876,0.4,0.6,2.0,0.0,0.0,0.0,0.0,1,1,0,0,0.0,0.0,0.0,0.0,0.0,0.0,0.0,0.0,0,0
20046,r0014,0,0.0,0.0,-0.23750065549774357,0.4,0.6,2.0,0.0,0.0,0.0,0.0,0,0,0,0,0.0,0.0,0.0,0.0,0.0,0.0,0.0,0.0,0,0
20046,r0019,0,0.0,0.0,0.1403567573183564,0.4,0.6,2.0,0.0,0.0,0.0,0.0,0,1,0,0,0.0,0.0,0.0,0.0,0.0,0.0,0.0,0.0,0,0
20047,r0004,0,1182.2759459944473,950.8353380161316,-0.19575853569755602,0.4,0.6,2.0,2.2902513007900914e-12,1.3741507804740547e-12,0.0,0.0,0,1,1,1,0.0,0.0,0.0,0.0,0.0,0.0,0.0,0.0,57,0
20047,r0015,0,0.0,0.0,0.23787623092972987,0.4,0.6,2.0,0.0,0.0,0.0,0.0,0,0,0,0,0.0,0.0,0.0,0.0,0.0,0.0,0.0,0.0,0,0
20047,r0010,0,3533.084037252611,3320.460907211074,-0.060180603631176666,0.4,0.6,2.0,0.0,0.0,0.0,0.0,1,1,0,0,0.0,0.0,0.0,0.0,0.0,0.0,0.0,0.0,0,0
20047,r0010,1,3339.601739499314,3539.0521348391258,0.05972280855552359,0.4,0.6,2.0,0.0,0.0,0.0,0.0,1,1,0,0,0.0,0.0,0.0,0.0,0.0,0.0,0.0,0.0,0,0
20047,r0001,0,0.0,0.0,0.07573533893010981,0.4,0.6,2.0,0.0,0.0,0.0,0.0,0,0,0,0,0.0,0.0,0.0,0.0,0.0,0.0,0.0,0.0,0,0
20047,r0003,0,1034.3990270856484,1275.4208413798099,0.2330066134857306,0.4,0.6,2.0,-1.272743082100076e-11,-7.636458492600456e-12,0.0,0.0,1,1,0,0,0.0,0.0,0.0,0.0,0.0,0.0,0.0,0.0,0,0
20047,r0008,0,7474.0149430712445,8475.964232756818,0.13405770490389868,0.4,0.6,2.0,0.0,0.0,0.0,0.0,1,0,0,0,0.0,0.0,0.0,0.0,0.0,0.0,0.0,0.0,0,0
20047,r0023,0,4413.314646390154,3260.9821920880727,-0.26110362542236254,0.4,0.6,2.0,0.0,0.0,0.0,0.0,1,0,0,0,0.0,0.0,0.0,0.0,0.0,0.0,0.0,0.0,0,0
20047,r0023,1,3918.7875904129105,4033.72541894143,0.02932994602966188,0.4,0.6,2.0,0.0,0.0,0.0,0.0,1,1,0,0,0.0,0.0,0.0,0.0,0.0,0.0,0.0,0.0,0,0
20048,r0001,0,6531.275982714535,4245.32093877737,-0.3500012937727787,0.4,0.6,2.0,2.3603263123275197e-12,1.4161957873965117e-12,0.0,0.0,0,0,1,0,0.0,0.0,0.0,0.0,0.0,0.0,0.0,0.0,302,0
20048,r0003,0,3029.708723554413,2916.946462851423,-0.037218845437623105,0.4,0.6,2.0,-2.7754187789465724e-12,-1.6652512673679433e-12,0.0,0.0,1,0,0,0,0.0,0.0,0.0,0.0,0.0,0.0,0.0,0.0,0,0
20048,r0017,0,0.0,0.0,-0.28751790133279054,0.4,0.6,2.0,0.0,0.0,0.0,0.0,0,1,0,0,0.0,0.0,0.0,0.0,0.0,0.0,0.0,0.0,0,0
20048,r0004,0,577.7356031131312,518.1988449635355,-0.10305191133934194,0.4,0.6,2.0,0.0,0.0,0.0,0.0,1,1,0,0,0.0,0.0,0.0,0.0,0.0,0.0,0.0,0.0,0,0
20049,r0000,0,2416.936093215175,2039.6629905478194,-0.15609560539330636,0.4,0.6,2.0,0.0,0.0,0.0,0.0,1,0,0,0,0.0,0.0,0.0,0.0,0.0,0.0,0.0,0.0,0,0
20049,r0000,1,9579.926285056163,8199.24966660919,-0.14412184158459607,0.4,0.6,2.0,0.0,0.0,0.0,0.0,1,1,0,0,0.0,0.0,0.0,0.0,0.0,0.0,0.0,0.0,0,0
20049,r0009,0,2604.1098268584255,2634.3384528744896,0.011608045753020935,0.4,0.6,2.0,0.0,0.0,0.0,0.0,1,1,0,0,0.0,0.0,0.0,0.0,0.0,0.0,0.0,0.0,0,0
20049,r0009,1,5395.426656601463,3870.9232960198938,-0.28255473711542245,0.4,0.6,2.0,0.0,0.0,0.0,0.0,1,0,0,0,0.0,0.0,0.0,0.0,0.0,0.0,0.0,0.0,0,0
20049,r0020,0,0.0,0.0,0.05188191709602241,0.4,0.6,2.0,0.0,0.0,0.0,0.0,0,0,0,0,0.0,0.0,0.0,0.0,0.0,0.0,0.0,0.0,0,0
20049,r0014,0,2476.83096316129,2518.5588339216893,0.016847282427033317,0.4,0.6,2.0,0.0,0.0,0.0,0.0,1,0,0,0,0.0,0.0,0.0,0.0,0.0,0.0,0.0,0.0,0,0
20049,r0014,1,7154.218397673121,4333.418001245835,-0.3942849155045,0.4,0.6,2.0,0.0,0.0,0.0,0.0,1,1,0,0,0.0,0.0,0.0,0.0,0.0,0.0,0.0,0.0,0,0
20049,r0007,0,0.0,0.0,-0.0758238699542284,0.4,0.6,2.0,0.0,0.0,0.0,0.0,0,0,0,0,0.0,0.0,0.0,0.0,0.0,0.0,0.0,0.0,0,0
20049,r0007,1,4225.295318207478,4993.542669028448,0.1818209836151493,0.4,0.6,2.0,-5.55218833262061e-12,-3.3313129995723658e-12,0.0,0.0,1,1,0,0,0.0,0.0,0.0,0.0,0.0,0.0,0.0,0.0,0,0
20049,r0007,2,5762.01635320636,3750.9415342195475,-0.3490227544855404,0.4,0.6,2.0,-2.801895977751228e-12,-1.6811375866507366e-12,0.0,0.0,1,0,0,0,0.0,0.0,0.0,0.0,0.0,0.0,0.0,0.0,0,0
20049,r0006,0,171.56268155404177,166.24745804498923,-0.030981233569599254,0.4,0.6,2.0,0.0,0.0,0.0,0.0,1,0,0,0,0.0,0.0,0.0,0.0,0.0,0.0,0.0,0.0,0,0
20049,r0006,1,9511.079680468658,9875.331071429133,0.03829758588906351,0.4,0.6,2.0,0.0,0.0,0.0,0.0,1,1,0,0,0.0,0.0,0.0,0.0,0.0,0.0,0.0,0.0,0,0
20049,r0013,0,167.57256580505782,206.44090578743433,0.23194930384722523,0.4,0.6,2.0,2.626872122544232e-12,1.5761232735265393e-12,0.0,0.0,0,1,1,1,0.0,0.0,0.0,0.0,0.0,0.0,0.0,0.0,6,0
20050,r0019,0,3513.5517697191463,3433.1913334914216,-0.022871567432219297,0.4,0.6,2.0,11040.190128429651,6624.11407705779,12.01171875,6.005859375,0,1,1,1,136.27545481194164,136.27545481194164,6.005859375,6.005859375,0.0,0.0,0.0,21.674640913126307,70,1
20050,r0019,1,5902.259155239779,5355.764164316161,-0.09259081591469298,0.4,0.6,2.0,0.0,0.0,0.0,0.0,1,1,0,0,0.0,0.0,0.0,0.0,0.0,0.0,0.0,0.0,0,0
20050,r0000,0,2214.572756942189,2641.89931107085,0.19296117176059746,0.4,0.6,2.0,10317.832076709054,6190.699246025432,12.09375,6.046875,0,1,1,1,137.1154607776921,0.0,0.0,0.0,0.0,0.0,137.1154607776921,18.554618754624528,44,1
20050,r0000,1,6350.599616493808,5037.391279389654,-0.20678493629065864,0.4,0.6,2.0,0.0,0.0,0.0,0.0,1,1,0,0,0.0,0.0,0.0,0.0,0.0,0.0,0.0,0.0,0,0
20050,r0009,0,2428.4982246642066,2447.6038054526325,0.00786724099461411,0.4,0.6,2.0,2120.216909257529,1272.1301455545174,4.44140625,2.220703125,0,0,1,0,58.754904258397445,0.0,1.4985876948529648,0.0,1.4985876948529648,1.4985876948529648,0.0,0.0,48,1
20050,r0012,0,0.0,0.0,-0.3543882730609418,0.4,0.6,2.0,0.0,0.0,0.0,0.0,0,1,0,0,0.0,0.0,0.0,0.0,0.0,0.0,0.0,0.0,0,0
20050,r0012,1,6196.562607411488,5502.108436759627,-0.11207087132812127,0.4,0.6,2.0,0.0,0.0,0.0,0.0,1,1,0,0,0.0,0.0,0.0,0.0,0.0,0.0,0.0,0.0,0,0
20050,r0012,2,3434.4452577427,4376.806795397297,0.2743853714162754,0.4,0.6,2.0,0.0,0.0,0.0,0.0,1,0,0,0,0.0,0.0,0.0,0.0,0.0,0.0,0.0,0.0,0,0
20050,r0003,0,0.0,0.0,0.16930912229658523,0.4,0.6,2.0,0.0,0.0,0.0,0.0,0,0,0,0,0.0,0.0,0.0,0.0,0.0,0.0,0.0,0.0,0,0
20050,r0003,1,6605.580912395057,4187.845609467086,-0.3660140319212813,0.4,0.6,2.0,0.0,0.0,0.0,0.0,1,0,0,0,0.0,0.0,0.0,0.0,0.0,0.0,0.0,0.0,0,0
20050,r0020,0,0.0,0.0,0.28793711021881363,0.4,0.6,2.0,0.0,0.0,0.0,0.0,0,0,0,0,0.0,0.0,0.0,0.0,0.0,0.0,0.0,0.0,0,0
20050,r0018,0,729.1872428516326,877.984512102569,0.20405906810579266,0.4,0.6,2.0,-2.6748430926940876e-13,-1.6049058556164526e-13,0.0,0.0,1,1,0,0,0.0,0.0,0.0,0.0,0.0,0.0,0.0,0.0,0,0
20050,r0021,0,0.0,0.0,-0.17644085073283647,0.4,0.6,2.0,0.0,0.0,0.0,0.0,0,1,0,0,0.0,0.0,0.0,0.0,0.0,0.0,0.0,0.0,0,0
20050,r0006,0,1501.9583604927502,1309.8326162074807,-0.12791682468629711,0.4,0.6,2.0,0.0,0.0,0.0,0.0,1,0,0,0,0.0,0.0,0.0,0.0,0.0,0.0,0.0,0.0,0,0
20051,r0010,0,6393.418643407189,6398.486596777799,0.0007926828592454416,0.4,0.6,2.0,7.160536478766004e-12,4.296321887259602e-12,0.0,0.0,0,0,1,0,0.0,0.0,0.0,0.0,0.0,0.0,0.0,0.0,227,0
20051,r0004,0,0.0,0.0,-0.3129259087398789,0.4,0.6,2.0,0.0,0.0,0.0,0.0,0,1,0,0,0.0,0.0,0.0,0.0,0.0,0.0,0.0,0.0,0,0
20051,r0009,0,418.8186383666816,271.1743189326978,-0.3525256660252047,0.4,0.6,2.0,-2.058866491801898e-12,-1.2353198950811388e-12,0.0,0.0,1,1,0,0,0.0,0.0,0.0,0.0,0.0,0.0,0.0,0.0,0,0
20051,r0001,0,0.0,0.0,-0.2601738349096111,0.4,0.6,2.0,0.0,0.0,0.0,0.0,0,1,0,0,0.0,0.0,0.0,0.0,0.0,0.0,0.0,0.0,0,0
20051,r0006,0,0.0,0.0,0.3813821369751845,0.4,0.6,2.0,0.0,0.0,0.0,0.0,0,1,0,0,0.0,0.0,0.0,0.0,0.0,0.0,0.0,0.0,0,0
20051,r0005,0,0.0,0.0,0.05689476056295051,0.4,0.6,2.0,0.0,0.0,0.0,0.0,0,1,0,0,0.0,0.0,0.0,0.0,0.0,0.0,0.0,0.0,0,0
20051,r0014,0,830.0255885583247,604.1565504914258,-0.2721229817254332,0.4,0.6,2.0,-1.995490779525401e-12,-1.1972944677152405e-12,0.0,0.0,1,1,0,0,0.0,0.0,0.0,0.0,0.0,0.0,0.0,0.0,0,0
20051,r0012,0,592.8663244255804,413.4763723146783,-0.3025807753285877,0.4,0.6,2.0,-4.1674567892500495e-12,-2.5004740735500296e-12,0.0,0.0,1,1,0,0,0.0,0.0,0.0,0.0,0.0,0.0,0.0,0.0,0,0
20051,r0012,1,9722.37226297898,6960.575810467762,-0.2840661083332136,0.4,0.6,2.0,-1.6147300722257045e-12,-9.688380433354226e-13,0.0,0.0,1,1,0,0,0.0,0.0,0.0,0.0,0.0,0.0,0.0,0.0,0,0
20051,r0017,0,434.32180467931175,280.02608720840703,-0.35525666869254097,0.4,0.6,2.0,-1.514373151357503e-11,-9.086238908145018e-12,0.0,0.0,1,0,0,0,0.0,0.0,0.0,0.0,0.0,0.0,0.0,0.0,0,0
20051,r0017,1,4182.475290273098,4059.7340982072105,-0.029346543266218106,0.4,0.6,2.0,-9.607902124471189e-12,-5.764741274682713e-12,0.0,0.0,1,1,0,0,0.0,0.0,0.0,0.0,0.0,0.0,0.0,0.0,0,0
20051,r0017,2,3619.9955979000842,2433.5604323573266,-0.32774491942227624,0.4,0.6,2.0,-6.117537115483308e-12,-3.670522269289985e-12,0.0,0.0,1,1,0,0,0.0,0.0,0.0,0.0,0.0,0.0,0.0,0.0,0,0
20051,r0000,0,722.160335442135,490.8289028859517,-0.32033250955904835,0.4,0.6,2.0,1.0007652993992076e-11,6.004591796395245e-12,0.0,0.0,0,1,1,1,0.0,0.0,0.0,0.0,0.0,0.0,0.0,0.0,24,0
20051,r0000,1,8234.741262639545,5300.786870679555,-0.356289809040041,0.4,0.6,2.0,0.0,0.0,0.0,0.0,1,1,0,0,0.0,0.0,0.0,0.0,0.0,0.0,0.0,0.0,0,0
20052,r0011,0,8371.375831650104,9711.467837882734,0.1600802583926615,0.4,0.6,2.0,0.0,0.0,0.0,0.0,0,1,0,0,0.0,0.0,0.0,0.0,0.0,0.0,0.0,0.0,0,0
20052,r0023,0,7689.966959431087,7314.926537549717,-0.048770095354104925,0.4,0.6,2.0,1.8118165292458075e-12,1.0870899175474845e-12,0.0,0.0,0,1,1,1,0.0,0.0,0.0,0.0,0.0,0.0,0.0,0.0,372,0
20052,r0020,0,0.0,0.0,-0.25401873675450404,0.4,0.6,2.0,0.0,0.0,0.0,0.0,0,0,0,0,0.0,0.0,0.0,0.0,0.0,0.0,0.0,0.0,0,0
20052,r0020,1,4508.367541670086,5444.010301448118,0.2075347120947978,0.4,0.6,2.0,0.0,0.0,0.0,0.0,1,1,0,0,0.0,0.0,0.0,0.0,0.0,0.0,0.0,0.0,0,0
20052,r0017,0,2771.994134073746,2635.1605137694664,-0.049362882346070336,0.4,0.6,2.0,-1.209118955488317e-11,-7.254713732929902e-12,0.0,0.0,1,0,0,0,0.0,0.0,0.0,0.0,0.0,0.0,0.0,0.0,0,0
20052,r0017,1,3049.0490874762727,3440.734002612556,0.12846133463219678,0.4,0.6,2.0,-7.696903491671085e-12,-4.618142095002651e-12,0.0,0.0,1,1,0,0,0.0,0.0,0.0,0.0,0.0,0.0,0.0,0.0,0,0
20052,r0017,2,6427.858861836834,6804.796300580497,0.05864121270328393,0.4,0.6,2.0,-1.965213549189392e-13,-1.1791281295136352e-13,0.0,0.0,1,0,0,0,0.0,0.0,0.0,0.0,0.0,0.0,0.0,0.0,0,0
20052,r0016,0,5218.967985277224,3974.662574086519,-0.23841982068119727,0.4,0.6,2.0,5.7250099785395366e-12,3.4350059871237217e-12,0.0,0.0,0,1,1,1,0.0,0.0,0.0,0.0,0.0,0.0,0.0,0.0,229,0
20052,r0015,0,6882.309895357714,9604.480597208703,0.39553155019758124,0.4,0.6,2.0,-1.129780067031315e-12,-6.77868040218789e-13,0.0,0.0,1,0,0,0,0.0,0.0,0.0,0.0,0.0,0.0,0.0,0.0,0,0
20052,r0022,0,2084.5735033907695,1268.8213491865044,-0.39132808359952853,0.4,0.6,2.0,2.558275339008328e-12,1.5349652034049966e-12,0.0,0.0,0,1,1,1,0.0,0.0,0.0,0.0,0.0,0.0,0.0,0.0,97,0
20052,r0014,0,0.0,0.0,0.2959605448222151,0.4,0.6,2.0,0.0,0.0,0.0,0.0,0,1,0,0,0.0,0.0,0.0,0.0,0.0,0.0,0.0,0.0,0,0
20052,r0014,1,1779.926976522831,1652.124092780472,-0.07180231853782437,0.4,0.6,2.0,0.0,0.0,0.0,0.0,1,1,0,0,0.0,0.0,0.0,0.0,0.0,0.0,0.0,0.0,0,0
20052,r0004,0,200.35789868840948,187.07811814836685,-0.06628029454778295,0.4,0.6,2.0,7.104850735442166e-12,4.2629104412653e-12,0.0,0.0,0,1,1,1,0.0,0.0,0.0,0.0,0.0,0.0,0.0,0.0,8,0
20052,r0004,1,5232.901319045159,5684.820610152571,0.08636113382506377,0.4,0.6,2.0,0.0,0.0,0.0,0.0,1,1,0,0,0.0,0.0,0.0,0.0,0.0,0.0,0.0,0.0,0,0
20053,r0014,0,3957.7616254716904,4348.767733648367,0.09879475955808126,0.4,0.6,2.0,-4.805115558242534e-12,-2.8830693349455206e-12,0.0,0.0,1,0,0,0,0.0,0.0,0.0,0.0,0.0,0.0,0.0,0.0,0,0
20053,r0006,0,986.9598815463069,877.8221523663658,-0.11057970158721231,0.4,0.6,2.0,-1.894722228017e-12,-1.1368333368101999e-12,0.0,0.0,1,0,0,0,0.0,0.0,0.0,0.0,0.0,0.0,0.0,0.0,0,0
20053,r0000,0,1596.319755215758,1386.5762706061323,-0.1313918993511905,0.4,0.6,2.0,-2.2355499947219925e-13,-1.3413299968331955e-13,0.0,0.0,1,1,0,0,0.0,0.0,0.0,0.0,0.0,0.0,0.0,0.0,0,0
20053,r0007,0,5344.546765938423,5638.03875761025,0.0549142901213428,0.4,0.6,2.0,1.4051843488591059e-12,8.431106093154635e-13,0.0,0.0,0,1,1,1,0.0,0.0,0.0,0.0,0.0,0.0,0.0,0.0,265,0
20054,r0008,0,7761.387963479157,7174.994414117945,-0.07555266559543983,0.4,0.6,2.0,6276.932427569821,3766.1594565418923,22.3828125,11.19140625,0,1,1,1,263.0215141122501,263.0215141122501,11.19140625,11.19140625,0.0,0.0,0.0,87.76873693535094,45,5
20054,r0003,0,363.66737040170847,238.16257127977119,-0.34510877064198575,0.4,0.6,2.0,5538.351937747338,3323.0111626484027,13.0078125,6.50390625,0,1,1,1,163.72369010077512,163.72369010077512,6.50390625,6.50390625,0.0,0.0,0.0,48.89931858546553,2,3
20054,r0021,0,2011.427658740049,2283.9519083683667,0.13548796967375198,0.4,0.6,2.0,14835.390223072822,8901.234133843693,14.203125,7.1015625,0,0,1,0,174.33246355599394,0.0,0.0,0.0,0.0,0.0,0.0,0.0,14,3
20054,r0002,0,1923.2482033252527,2568.3698529331127,0.33543338217732843,0.4,0.6,2.0,8714.520814593896,5228.712488756338,14.484375,7.2421875,0,0,1,0,176.82864554545716,0.0,0.0,0.0,0.0,0.0,0.0,0.0,14,3
20054,r0015,0,0.0,0.0,0.33464861154351,0.4,0.6,2.0,0.0,0.0,0.0,0.0,0,0,0,0,0.0,0.0,0.0,0.0,0.0,0.0,0.0,0.0,0,0
20054,r0015,1,1445.9805727372768,1605.5898487905472,0.11038134195062255,0.4,0.6,2.0,-1.5529349139303546e-12,-9.317609483582127e-13,0.0,0.0,1,1,0,0,0.0,0.0,0.0,0.0,0.0,0.0,0.0,0.0,0,0
20054,r0020,0,0.0,0.0,0.2551776553761389,0.4,0.6,2.0,0.0,0.0,0.0,0.0,0,0,0,0,0.0,0.0,0.0,0.0,0.0,0.0,0.0,0.0,0,0
20054,r0020,1,5723.5624833892,6377.392457130205,0.11423479269048531,0.4,0.6,2.0,0.0,0.0,0.0,0.0,1,1,0,0,0.0,0.0,0.0,0.0,0.0,0.0,0.0,0.0,0,0
20054,r0023,0,2999.772704573428,2553.1205356688965,-0.1488953373779185,0.4,0.6,2.0,-1.2005118134807379e-11,-7.203070880884427e-12,0.0,0.0,1,0,0,0,0.0,0.0,0.0,0.0,0.0,0.0,0.0,0.0,0,0
20054,r0013,0,1344.4059831586965,1776.5375941782952,0.3214294018569458,0.4,0.6,2.0,-3.3164864283778854e-12,-1.9898918570267313e-12,0.0,0.0,1,1,0,0,0.0,0.0,0.0,0.0,0.0,0.0,0.0,0.0,0,0
20054,r0013,1,4720.371300179606,6211.860186902158,0.3159685524453981,0.4,0.6,2.0,-3.805634291523676e-13,-2.2833805749142054e-13,0.0,0.0,1,0,0,0,0.0,0.0,0.0,0.0,0.0,0.0,0.0,0.0,0,0
20054,r0000,0,1428.1960690282685,973.2451519106273,-0.31854934135702084,0.4,0.6,2.0,0.0,0.0,0.0,0.0,1,0,0,0,0.0,0.0,0.0,0.0,0.0,0.0,0.0,0.0,0,0
20054,r0000,1,6247.83358952502,5547.887971940394,-0.11203013133354561,0.4,0.6,2.0,0.0,0.0,0.0,0.0,1,0,0,0,0.0,0.0,0.0,0.0,0.0,0.0,0.0,0.0,0,0
20055,r0007,0,8842.89735788365,8905.783382615848,0.007111472878980507,0.4,0.6,2.0,-6.42893575540533e-12,-3.857361453243198e-12,0.0,0.0,1,1,0,0,0.0,0.0,0.0,0.0,0.0,0.0,0.0,0.0,0,0
20055,r0016,0,1148.9319337736215,1548.4465353273674,0.34772695388625496,0.4,0.6,2.0,-6.715964055512574e-13,-4.0295784333075443e-13,0.0,0.0,1,1,0,0,0.0,0.0,0.0,0.0,0.0,0.0,0.0,0.0,0,0
20055,r0005,0,0.0,0.0,0.13811008891648435,0.4,0.6,2.0,0.0,0.0,0.0,0.0,0,1,0,0,0.0,0.0,0.0,0.0,0.0,0.0,0.0,0.0,0,0
20055,r0005,1,4821.51142540543,5218.160524779327,0.0822665476397878,0.4,0.6,2.0,-1.1085502197578205e-11,-6.651301318546923e-12,0.0,0.0,1,0,0,0,0.0,0.0,0.0,0.0,0.0,0.0,0.0,0.0,0,0
20055,r0005,2,4978.916891767727,6910.061359607642,0.3878643708700823,0.4,0.6,2.0,-9.536937969468995e-13,-5.722162781681396e-13,0.0,0.0,1,0,0,0,0.0,0.0,0.0,0.0,0.0,0.0,0.0,0.0,0,0
20055,r0006,0,1543.53967047062,1812.7732396449499,0.17442607684468625,0.4,0.6,2.0,-9.43733166392423e-13,-5.662398998354538e-13,0.0,0.0,1,0,0,0,0.0,0.0,0.0,0.0,0.0,0.0,0.0,0.0,0,0
20055,r0010,0,0.0,0.0,-0.06658227129513533,0.4,0.6,2.0,0.0,0.0,0.0,0.0,0,1,0,0,0.0,0.0,0.0,0.0,0.0,0.0,0.0,0.0,0,0
20055,r0013,0,1743.6427568313738,1746.1890252849043,0.001460315447963434,0.4,0.6,2.0,-1.6959657931728457e-12,-1.0175794759037074e-12,0.0,0.0,1,0,0,0,0.0,0.0,0.0,0.0,0.0,0.0,0.0,0.0,0,0
20055,r0000,0,7325.359128475535,6629.832017606445,-0.09494785152108082,0.4,0.6,2.0,4.450847990284386e-12,2.670508794170632e-12,0.0,0.0,0,1,1,1,0.0,0.0,0.0,0.0,0.0,0.0,0.0,0.0,246,0
20055,r0017,0,4560.404038192726,5928.286074394224,0.29994755393287165,0.4,0.6,2.0,-2.0238330150202662e-12,-1.2142998090121597e-12,0.0,0.0,1,1,0,0,0.0,0.0,0.0,0.0,0.0,0.0,0.0,0.0,0,0
20055,r0008,0,5943.617853324889,4706.960976443258,-0.20806466825417438,0.4,0.6,2.0,3.329788123180643e-12,1.9978728739083856e-12,0.0,0.0,0,0,1,0,0.0,0.0,0.0,0.0,0.0,0.0,0.0,0.0,187,0
20056,r0010,0,2822.429749717216,2370.5512396896897,-0.1601026597996995,0.4,0.6,2.0,-7.2459512790271e-13,-4.34757076741626e-13,0.0,0.0,1,0,0,0,0.0,0.0,0.0,0.0,0.0,0.0,0.0,0.0,0,0
20056,r0002,0,2492.8361684816487,3113.489539787469,0.24897479391269073,0.4,0.6,2.0,0.0,0.0,0.0,0.0,0,1,0,0,0.0,0.0,0.0,0.0,0.0,0.0,0.0,0.0,0,0
20056,r0017,0,3944.273729713941,2962.6197757173936,-0.24888078801461433,0.4,0.6,2.0,-6.131168689676729e-12,-3.678701213806037e-12,0.0,0.0,1,1,0,0,0.0,0.0,0.0,0.0,0.0,0.0,0.0,0.0,0,0
20056,r0019,0,2396.628208997552,3334.732238838918,0.39142659938637325,0.4,0.6,2.0,9.933024317281327e-12,5.959814590368796e-12,0.0,0.0,0,1,1,1,0.0,0.0,0.0,0.0,0.0,0.0,0.0,0.0,106,0
20056,r0020,0,490.8577854075138,586.057296561148,0.1939451995746564,0.4,0.6,2.0,0.0,0.0,0.0,0.0,1,1,0,0,0.0,0.0,0.0,0.0,0.0,0.0,0.0,0.0,0,0
20056,r0014,0,2049.4724794244357,1245.6880169442522,-0.39219090304931276,0.4,0.6,2.0,-3.71535621109204e-12,-2.229213726655224e-12,0.0,0.0,1,1,0,0,0.0,0.0,0.0,0.0,0.0,0.0,0.0,0.0,0,0
20056,r0001,0,1630.3494804199108,1314.3005569622403,-0.1938534818781734,0.4,0.6,2.0,-1.839865763391085e-12,-1.103919458034651e-12,0.0,0.0,1,1,0,0,0.0,0.0,0.0,0.0,0.0,0.0,0.0,0.0,0,0
20057,r0008,0,4093.726730883796,3039.099129563381,-0.2576204203773833,0.4,0.6,2.0,12421.294967724065,7452.776980634439,272.53125,136.265625,0,0,1,0,2920.034714233957,0.0,136.265625,0.0,136.265625,136.265625,0.0,0.0,72,19
20057,r0008,1,6057.695949428267,7907.367734071857,0.30534246024978573,0.4,0.6,2.0,0.0,0.0,0.0,0.0,0,0,0,0,0.0,0.0,0.0,0.0,0.0,0.0,0.0,0.0,0,0
20057,r0018,0,3650.8458002675925,2638.5788546750136,-0.2772691592502711,0.4,0.6,2.0,1511.0342792140639,906.6205675284383,92.84765625,46.423828125,0,0,1,0,1012.1020271094995,0.0,46.423828125,0.0,46.423828125,46.423828125,0.0,0.0,64,19
20057,r0001,0,0.0,0.0,-0.3621882465280443,0.4,0.6,2.0,0.0,0.0,0.0,0.0,0,0,0,0,0.0,0.0,0.0,0.0,0.0,0.0,0.0,0.0,0,0
20057,r0011,0,0.0,0.0,-0.37544952783154595,0.4,0.6,2.0,0.0,0.0,0.0,0.0,0,1,0,0,0.0,0.0,0.0,0.0,0.0,0.0,0.0,0.0,0,0
20057,r0011,1,1744.7298358165135,2327.1164047907437,0.3337975639659304,0.4,0.6,2.0,0.0,0.0,0.0,0.0,1,0,0,0,0.0,0.0,0.0,0.0,0.0,0.0,0.0,0.0,0,0
20057,r0011,2,6910.4035540726545,5287.199464781878,-0.2348928071406393,0.4,0.6,2.0,0.0,0.0,0.0,0.0,1,1,0,0,0.0,0.0,0.0,0.0,0.0,0.0,0.0,0.0,0,0
20057,r0020,0,0.0,0.0,-0.1686013471680198,0.4,0.6,2.0,0.0,0.0,0.0,0.0,0,1,0,0,0.0,0.0,0.0,0.0,0.0,0.0,0.0,0.0,0,0
20057,r0014,0,0.0,0.0,-0.2273444071755476,0.4,0.6,2.0,0.0,0.0,0.0,0.0,0,1,0,0,0.0,0.0,0.0,0.0,0.0,0.0,0.0,0.0,0,0
20057,r0014,1,1879.157388599113,1478.3585075717874,-0.21328648864591157,0.4,0.6,2.0,0.0,0.0,0.0,0.0,1,1,0,0,0.0,0.0,0.0,0.0,0.0,0.0,0.0,0.0,0,0
20057,r0004,0,0.0,0.0,-0.165360084259752,0.4,0.6,2.0,0.0,0.0,0.0,0.0,0,0,0,0,0.0,0.0,0.0,0.0,0.0,0.0,0.0,0.0,0,0
20057,r0009,0,4348.374164435576,3997.8098983214795,-0.08061961847287352,0.4,0.6,2.0,3.177276894438845e-13,1.906366136663307e-13,0.0,0.0,0,1,1,1,0.0,0.0,0.0,0.0,0.0,0.0,0.0,0.0,72,0
20057,r0013,0,0.0,0.0,0.2997615930214894,0.4,0.6,2.0,0.0,0.0,0.0,0.0,0,1,0,0,0.0,0.0,0.0,0.0,0.0,0.0,0.0,0.0,0,0
20057,r0013,1,4106.20803435555,5072.374288663705,0.2352940343559068,0.4,0.6,2.0,0.0,0.0,0.0,0.0,0,1,0,0,0.0,0.0,0.0,0.0,0.0,0.0,0.0,0.0,0,0
20057,r0007,0,414.29214410217537,323.2322691616667,-0.21979628683968225,0.4,0.6,2.0,16764.566061435104,10058.739636861063,30.138070199546043,15.069035099773021,0,1,1,1,2633.963022608109,414.29214410217537,19.314231457235586,19.314231457235586,0.0,0.0,2219.6708785059336,42.76819598059328,7,19
20057,r0007,1,2523.9572020908163,3022.313443387839,0.19745035331193028,0.4,0.6,2.0,0.0,0.0,0.0,0.0,1,0,0,0,0.0,0.0,0.0,0.0,0.0,0.0,0.0,0.0,0,0
20057,r0007,2,8498.162092371022,10970.571071539058,0.29093455176473626,0.4,0.6,2.0,0.0,0.0,0.0,0.0,0,1,0,0,0.0,0.0,0.0,0.0,0.0,0.0,0.0,0.0,0,0
20057,r0010,0,5824.00748359492,5672.417936408125,-0.02602839155234493,0.4,0.6,2.0,3857.5652987428775,2314.5391792457262,292.79296875,146.396484375,0,1,1,1,3135.1795401674453,3135.1795401674453,146.396484375,146.396484375,0.0,0.0,0.0,253.18456420125833,96,19
20058,r0003,0,3302.3632925854404,2613.3327575855174,-0.20864770891408402,0.4,0.6,2.0,-9.076072954656312e-12,-5.445643772793787e-12,0.0,0.0,1,1,0,0,0.0,0.0,0.0,0.0,0.0,0.0,0.0,0.0,0,0
20058,r0013,0,0.0,0.0,0.3211589253354318,0.4,0.6,2.0,0.0,0.0,0.0,0.0,0,1,0,0,0.0,0.0,0.0,0.0,0.0,0.0,0.0,0.0,0,0
20058,r0007,0,0.0,0.0,0.15119424548377403,0.4,0.6,2.0,0.0,0.0,0.0,0.0,0,0,0,0,0.0,0.0,0.0,0.0,0.0,0.0,0.0,0.0,0,0
20058,r0006,0,0.0,0.0,0.3078927582216754,0.4,0.6,2.0,0.0,0.0,0.0,0.0,0,1,0,0,0.0,0.0,0.0,0.0,0.0,0.0,0.0,0.0,0,0
20058,r0005,0,0.0,0.0,-0.10010480611168665,0.4,0.6,2.0,0.0,0.0,0.0,0.0,0,0,0,0,0.0,0.0,0.0,0.0,0.0,0.0,0.0,0.0,0,0
20058,r0002,0,442.5877316116257,428.1665982622752,-0.032583671709194906,0.4,0.6,2.0,1.1364605984886754e-11,6.818763590932052e-12,0.0,0.0,0,1,1,1,0.0,0.0,0.0,0.0,0.0,0.0,0.0,0.0,18,0
20058,r0002,1,8111.203052154786,9157.902330421573,0.12904365376338667,0.4,0.6,2.0,0.0,0.0,0.0,0.0,1,1,0,0,0.0,0.0,0.0,0.0,0.0,0.0,0.0,0.0,0,0
20058,r0009,0,3721.381966666371,3357.276731032875,-0.09784140378356898,0.4,0.6,2.0,0.0,0.0,0.0,0.0,1,1,0,0,0.0,0.0,0.0,0.0,0.0,0.0,0.0,0.0,0,0
20058,r0009,1,5620.642236529522,4639.747419482801,-0.1745165010987031,0.4,0.6,2.0,0.0,0.0,0.0,0.0,1,0,0,0,0.0,0.0,0.0,0.0,0.0,0.0,0.0,0.0,0,0
20058,r0017,0,4287.516496934042,2730.2021930421674,-0.36322059751968166,0.4,0.6,2.0,-9.737551330485291e-12,-5.842530798291175e-12,0.0,0.0,1,1,0,0,0.0,0.0,0.0,0.0,0.0,0.0,0.0,0.0,0,0
20058,r0011,0,0.0,0.0,0.3303101413734083,0.4,0.6,2.0,0.0,0.0,0.0,0.0,0,1,0,0,0.0,0.0,0.0,0.0,0.0,0.0,0.0,0.0,0,0
20058,r0020,0,0.0,0.0,-0.3579902859232269,0.4,0.6,2.0,0.0,0.0,0.0,0.0,0,0,0,0,0.0,0.0,0.0,0.0,0.0,0.0,0.0,0.0,0,0
20059,r0020,0,2559.477721254332,2209.0210695610826,-0.13692506435316804,0.4,0.6,2.0,-2.6282836147153656e-12,-1.5769701688292193e-12,0.0,0.0,1,0,0,0,0.0,0.0,0.0,0.0,0.0,0.0,0.0,0.0,0,0
20059,r0001,0,5298.087029770276,6719.879777221278,0.26835964367173704,0.4,0.6,2.0,4.82250403679328e-12,2.8935024220759678e-12,0.0,0.0,0,0,1,0,0.0,0.0,0.0,0.0,0.0,0.0,0.0,0.0,230,0
20059,r0016,0,0.0,0.0,0.3397849688273905,0.4,0.6,2.0,0.0,0.0,0.0,0.0,0,1,0,0,0.0,0.0,0.0,0.0,0.0,0.0,0.0,0.0,0,0
20059,r0018,0,1110.3897697772409,1207.9221120668665,0.0878361319099617,0.4,0.6,2.0,1363.811337030695,818.286802218417,66.609375,33.3046875,0,1,1,1,731.1234029581911,633.5910606685666,28.861820306915863,28.861820306915863,0.0,0.0,97.53234228962458,236.22606804205947,48,28
20059,r0015,0,3877.2790468666753,3517.649948588107,-0.0927529574042893,0.4,0.6,2.0,1.5882766032918774e-12,9.529659619751265e-13,0.0,0.0,0,1,1,1,0.0,0.0,0.0,0.0,0.0,0.0,0.0,0.0,168,0
20059,r0010,0,1423.9641141111606,1354.3446977589876,-0.04889127167058527,0.4,0.6,2.0,-8.513101533615514e-12,-5.107860920169308e-12,0.0,0.0,1,0,0,0,0.0,0.0,0.0,0.0,0.0,0.0,0.0,0.0,0,0
20059,r0019,0,0.0,0.0,0.032500293927157586,0.4,0.6,2.0,0.0,0.0,0.0,0.0,0,0,0,0,0.0,0.0,0.0,0.0,0.0,0.0,0.0,0.0,0,0
20059,r0019,1,1161.3926083279111,1303.0007869233636,0.12192963652431854,0.4,0.6,2.0,0.0,0.0,0.0,0.0,1,1,0,0,0.0,0.0,0.0,0.0,0.0,0.0,0.0,0.0,0,0
20059,r0004,0,0.0,0.0,0.3177130355060589,0.4,0.6,2.0,0.0,0.0,0.0,0.0,0,1,0,0,0.0,0.0,0.0,0.0,0.0,0.0,0.0,0.0,0,0
20059,r0004,1,0.0,0.0,0.22689365440397002,0.4,0.6,2.0,0.0,0.0,0.0,0.0,0,0,0,0,0.0,0.0,0.0,0.0,0.0,0.0,0.0,0.0,0,0
20059,r0004,2,1323.9215442761852,1140.8429151589226,-0.13828510451301357,0.4,0.6,2.0,0.0,0.0,0.0,0.0,1,1,0,0,0.0,0.0,0.0,0.0,0.0,0.0,0.0,0.0,0,0
20059,r0005,0,0.0,0.0,0.1499648630855389,0.4,0.6,2.0,0.0,0.0,0.0,0.0,0,1,0,0,0.0,0.0,0.0,0.0,0.0,0.0,0.0,0.0,0,0
20060,r0022,0,3518.0878496864525,3649.3798554799682,0.03731913795308345,0.4,0.6,2.0,-7.493243421461151e-13,-4.4959460528766905e-13,0.0,0.0,1,1,0,0,0.0,0.0,0.0,0.0,0.0,0.0,0.0,0.0,0,0
20060,r0013,0,3036.0031741318962,3294.9765982274716,0.08530077514481682,0.4,0.6,2.0,21390.073150981854,12834.043890589111,263.484375,131.7421875,0,1,1,1,1991.988734327222,1733.0153102316472,114.61471845021183,114.61471845021183,0.0,0.0,258.9734240955747,100.73682218411724,38,22
20060,r0013,1,6895.566716184239,5568.711697671895,-0.19242146050130282,0.4,0.6,2.0,0.0,0.0,0.0,0.0,1,0,0,0,0.0,0.0,0.0,0.0,0.0,0.0,0.0,0.0,0,0
20060,r0001,0,0.0,0.0,-0.17768941565461055,0.4,0.6,2.0,0.0,0.0,0.0,0.0,0,1,0,0,0.0,0.0,0.0,0.0,0.0,0.0,0.0,0.0,0,0
20060,r0015,0,0.0,0.0,-0.32185063457804575,0.4,0.6,2.0,0.0,0.0,0.0,0.0,0,1,0,0,0.0,0.0,0.0,0.0,0.0,0.0,0.0,0.0,0,0
20060,r0006,0,3030.0844351869237,2075.107424638278,-0.31516514835657833,0.4,0.6,2.0,2644.3071925904705,1586.5843155542823,108.3515625,54.17578125,0,0,1,0,821.6161882723675,0.0,54.17578125,0.0,54.17578125,54.17578125,0.0,0.0,58,23
20060,r0018,0,4492.62426428057,5264.083473390775,0.17171683268592752,0.4,0.6,2.0,47312.9464754327,28387.76788525962,235.40625,117.703125,0,1,1,1,1810.3656997094863,1038.9064905992818,67.54576743579574,67.54576743579574,0.0,0.0,771.4592091102045,105.72290084879424,32,18
20060,r0018,1,7422.575804283031,4837.400777565227,-0.34828543283129376,0.4,0.6,2.0,0.0,0.0,0.0,0.0,1,1,0,0,0.0,0.0,0.0,0.0,0.0,0.0,0.0,0.0,0,0
20060,r0005,0,0.0,0.0,-0.3156795937601087,0.4,0.6,2.0,0.0,0.0,0.0,0.0,0,0,0,0,0.0,0.0,0.0,0.0,0.0,0.0,0.0,0.0,0,0
20060,r0021,0,4967.4300413814635,5332.8698009836335,0.07356716784289918,0.4,0.6,2.0,3621.672159822434,2173.0032958934603,152.0859375,76.04296875,0,1,1,1,1189.2089602722415,823.7692006700709,52.67523007010164,52.67523007010164,0.0,0.0,365.4397596021706,112.01309567853849,36,18
20060,r0023,0,4402.912232380226,4421.0517433981295,0.004119889305196911,0.4,0.6,2.0,11541.812992183572,6925.087795310143,83.7421875,41.87109375,0,0,1,0,679.7031790629571,0.0,40.753663098201656,0.0,40.753663098201656,40.753663098201656,0.0,0.0,32,18
20060,r0019,0,2943.5155730654733,3485.4933998929378,0.1841260266420235,0.4,0.6,2.0,-1.8940263678866293e-13,-1.1364158207319775e-13,0.0,0.0,1,0,0,0,0.0,0.0,0.0,0.0,0.0,0.0,0.0,0.0,0,0
20061,r0009,0,2041.2127288645856,1236.5079928265145,-0.3942287467929343,0.4,0.6,2.0,3566.0061533897583,2139.6036920338547,60.0234375,30.01171875,0,1,1,1,825.9984433494034,825.9984433494034,30.01171875,30.01171875,0.0,0.0,0.0,99.57348849868829,36,13
20061,r0011,0,2280.501978117058,2321.5122840838544,0.017983017055155925,0.4,0.6,2.0,1256.8029542891175,754.0817725734704,59.26171875,29.630859375,0,1,1,1,815.8528434213207,774.8425374545241,28.14141110154422,28.14141110154422,0.0,0.0,41.010305966796636,107.6899684411544,40,13
20061,r0018,0,3998.97606106662,3303.9700264574562,-0.17379599777443772,0.4,0.6,2.0,1166.425816902391,699.8554901414346,60.328125,30.1640625,0,1,1,1,830.0566833206362,830.0566833206362,30.1640625,30.1640625,0.0,0.0,0.0,170.59268799526657,71,13
20061,r0004,0,1333.3435399854498,1416.7785174276125,0.06257575406490756,0.4,0.6,2.0,11485.073670201202,6891.044202120721,105.11278443881233,52.55639221940616,0,1,1,1,2244.3533132953526,1333.3435399854498,49.461313245997275,49.461313245997275,0.0,0.0,911.0097733099028,73.1949286856735,23,13
20061,r0004,1,3958.0845201491065,3333.287871898544,-0.15785328612109223,0.4,0.6,2.0,-7.263914045518254e-13,-4.358348427310952e-13,0.0,0.0,1,0,0,0,0.0,0.0,0.0,0.0,0.0,0.0,0.0,0.0,0,0
20061,r0023,0,0.0,0.0,0.22852166397611318,0.4,0.6,2.0,0.0,0.0,0.0,0.0,0,1,0,0,0.0,0.0,0.0,0.0,0.0,0.0,0.0,0.0,0,0
20061,r0023,1,246.73088773939162,282.49185516178306,0.14493915921935074,0.4,0.6,2.0,-4.518196705766127e-14,-2.7109180234596764e-14,0.0,0.0,1,1,0,0,0.0,0.0,0.0,0.0,0.0,0.0,0.0,0.0,0,0
20061,r0006,0,0.0,0.0,0.30840747430789606,0.4,0.6,2.0,0.0,0.0,0.0,0.0,0,0,0,0,0.0,0.0,0.0,0.0,0.0,0.0,0.0,0.0,0,0
20061,r0006,1,3148.167391657458,4271.117319304384,0.35669956134565994,0.4,0.6,2.0,0.0,0.0,0.0,0.0,1,1,0,0,0.0,0.0,0.0,0.0,0.0,0.0,0.0,0.0,0,0
20061,r0013,0,0.0,0.0,-0.16216105943172723,0.4,0.6,2.0,0.0,0.0,0.0,0.0,0,0,0,0,0.0,0.0,0.0,0.0,0.0,0.0,0.0,0.0,0,0
20061,r0013,1,2222.7029388524206,1774.0022290816778,-0.20187165002013563,0.4,0.6,2.0,0.0,0.0,0.0,0.0,1,0,0,0,0.0,0.0,0.0,0.0,0.0,0.0,0.0,0.0,0,0
20061,r0003,0,0.0,0.0,0.21682452351258552,0.4,0.6,2.0,0.0,0.0,0.0,0.0,0,0,0,0,0.0,0.0,0.0,0.0,0.0,0.0,0.0,0.0,0,0
20061,r0003,1,4652.454927366918,4495.728792748318,-0.03368676044483471,0.4,0.6,2.0,0.0,0.0,0.0,0.0,1,1,0,0,0.0,0.0,0.0,0.0,0.0,0.0,0.0,0.0,0,0
20061,r0003,2,4716.328689970338,6046.743286338932,0.28208691205043257,0.4,0.6,2.0,0.0,0.0,0.0,0.0,0,1,0,0,0.0,0.0,0.0,0.0,0.0,0.0,0.0,0.0,0,0
20061,r0020,0,7118.3816478468725,8754.697641896026,0.22987191120106576,0.4,0.6,2.0,-9.524635480981326e-14,-5.714781288588796e-14,0.0,0.0,1,0,0,0,0.0,0.0,0.0,0.0,0.0,0.0,0.0,0.0,0,0
20062,r0011,0,2749.320323772463,3812.636531574312,0.3867560278835849,0.4,0.6,2.0,8.155823215666439e-12,4.8934939293998636e-12,0.0,0.0,0,0,1,0,0.0,0.0,0.0,0.0,0.0,0.0,0.0,0.0,135,0
20062,r0011,1,4444.896514644248,6087.969649121818,0.3696538556216703,0.4,0.6,2.0,0.0,0.0,0.0,0.0,1,0,0,0,0.0,0.0,0.0,0.0,0.0,0.0,0.0,0.0,0,0
20062,r0003,0,0.0,0.0,-0.2571675744589735,0.4,0.6,2.0,0.0,0.0,0.0,0.0,0,1,0,0,0.0,0.0,0.0,0.0,0.0,0.0,0.0,0.0,0,0
20062,r0004,0,3734.1576468448475,4079.224513147857,0.09240822132792681,0.4,0.6,2.0,-4.02389437576144e-12,-2.414336625456864e-12,0.0,0.0,1,1,0,0,0.0,0.0,0.0,0.0,0.0,0.0,0.0,0.0,0,0
20062,r0004,1,6504.224794708054,7437.208450721198,0.1434427138453509,0.4,0.6,2.0,-1.6846735389337746e-13,-1.0108041233602647e-13,0.0,0.0,1,0,0,0,0.0,0.0,0.0,0.0,0.0,0.0,0.0,0.0,0,0
20062,r0006,0,5760.910087888602,5592.410736891667,-0.02924873820738466,0.4,0.6,2.0,-5.276340281384305e-12,-3.165804168830583e-12,0.0,0.0,1,1,0,0,0.0,0.0,0.0,0.0,0.0,0.0,0.0,0.0,0,0
20062,r0021,0,0.0,0.0,0.11951426419467825,0.4,0.6,2.0,0.0,0.0,0.0,0.0,0,1,0,0,0.0,0.0,0.0,0.0,0.0,0.0,0.0,0.0,0,0
20062,r0010,0,1673.2408698942163,2224.681551286196,0.32956443469304086,0.4,0.6,2.0,7.811659003881044e-12,4.686995402328626e-12,0.0,0.0,0,1,1,1,0.0,0.0,0.0,0.0,0.0,0.0,0.0,0.0,72,0
20062,r0010,1,4941.211824072481,4844.037346369561,-0.019666122636052052,0.4,0.6,2.0,0.0,0.0,0.0,0.0,1,0,0,0,0.0,0.0,0.0,0.0,0.0,0.0,0.0,0.0,0,0
20062,r0008,0,0.0,0.0,0.1902359687583247,0.4,0.6,2.0,0.0,0.0,0.0,0.0,0,0,0,0,0.0,0.0,0.0,0.0,0.0,0.0,0.0,0.0,0,0
20063,r0013,0,3932.1725321285467,4608.756147931292,0.17206356289674285,0.4,0.6,2.0,4.639951977499107e-12,2.783971186499464e-12,0.0,0.0,0,1,1,1,0.0,0.0,0.0,0.0,0.0,0.0,0.0,0.0,175,0
20063,r0020,0,3359.0876616929527,3140.760258258865,-0.06499604220630922,0.4,0.6,2.0,4.679888643576853e-13,2.807933186146112e-13,0.0,0.0,0,1,1,1,0.0,0.0,0.0,0.0,0.0,0.0,0.0,0.0,144,0
20063,r0011,0,0.0,0.0,-0.2725883683999406,0.4,0.6,2.0,0.0,0.0,0.0,0.0,0,0,0,0,0.0,0.0,0.0,0.0,0.0,0.0,0.0,0.0,0,0
20063,r0004,0,3663.2383023947914,3526.911202687896,-0.03721491436081931,0.4,0.6,2.0,0.0,0.0,0.0,0.0,1,1,0,0,0.0,0.0,0.0,0.0,0.0,0.0,0.0,0.0,0,0
20064,r0009,0,30.06514464384327,33.432717156121626,0.11200919044864688,0.4,0.6,2.0,1.4689944774200638e-12,8.813966864520383e-13,0.0,0.0,0,0,1,0,0.0,0.0,0.0,0.0,0.0,0.0,0.0,0.0,1,0
20064,r0009,1,3990.4465415314535,4588.323999497124,0.14982720649008285,0.4,0.6,2.0,7.128695522043365e-13,4.2772173132260187e-13,0.0,0.0,0,1,1,1,0.0,0.0,0.0,0.0,0.0,0.0,0.0,0.0,185,0
20064,r0016,0,2367.8731528149347,2257.8302714699043,-0.04647330082450196,0.4,0.6,2.0,-1.3420657874480253e-11,-8.05239472468815e-12,0.0,0.0,1,1,0,0,0.0,0.0,0.0,0.0,0.0,0.0,0.0,0.0,0,0
20064,r0016,1,3877.4711278353716,2364.4212617372327,-0.3902156370001937,0.4,0.6,2.0,-7.974085985885754e-12,-4.784451591531452e-12,0.0,0.0,1,1,0,0,0.0,0.0,0.0,0.0,0.0,0.0,0.0,0.0,0,0
20064,r0020,0,5337.532090167335,6225.326998633817,0.166330598761543,0.4,0.6,2.0,-3.1181407648140954e-12,-1.870884458888457e-12,0.0,0.0,1,1,0,0,0.0,0.0,0.0,0.0,0.0,0.0,0.0,0.0,0,0
20064,r0003,0,267.1146871448291,235.56616620718037,-0.11810852212908513,0.4,0.6,2.0,3.3124212906669943e-12,1.9874527744001967e-12,0.0,0.0,0,0,1,0,0.0,0.0,0.0,0.0,0.0,0.0,0.0,0.0,12,0
20064,r0004,0,2933.5092980469053,2000.4711634353564,-0.3180621023539125,0.4,0.6,2.0,-1.2260510658317896e-11,-7.356306394990738e-12,0.0,0.0,1,0,0,0,0.0,0.0,0.0,0.0,0.0,0.0,0.0,0.0,0,0
20064,r0004,1,3241.986186020411,3649.258898685381,0.12562444418213403,0.4,0.6,2.0,-3.797194516106704e-12,-2.2783167096640226e-12,0.0,0.0,1,0,0,0,0.0,0.0,0.0,0.0,0.0,0.0,0.0,0.0,0,0
20065,r0007,0,3088.7324033302903,2393.449229807855,-0.22510307878169586,0.4,0.6,2.0,-9.513895989945266e-13,-5.70833759396716e-13,0.0,0.0,1,1,0,0,0.0,0.0,0.0,0.0,0.0,0.0,0.0,0.0,0,0
20065,r0000,0,1445.0128544227482,1591.4853238520166,0.10136412903245817,0.4,0.6,2.0,-1.2840999751076005e-11,-7.704599850645602e-12,0.0,0.0,1,1,0,0,0.0,0.0,0.0,0.0,0.0,0.0,0.0,0.0,0,0
20065,r0000,1,6672.653958867217,8081.11415413073,0.21107946012872814,0.4,0.6,2.0,0.0,0.0,0.0,0.0,0,1,0,0,0.0,0.0,0.0,0.0,0.0,0.0,0.0,0.0,0,0
20066,r0016,0,6305.182977843575,3980.7411824536375,-0.36865572395884955,0.4,0.6,2.0,3119.9286833653123,1871.9572100191872,4.6875,2.34375,0,0,1,0,112.79839436831372,0.0,2.34375,0.0,2.34375,2.34375,0.0,0.0,100,1
20066,r0001,0,0.0,0.0,0.23187138385123585,0.4,0.6,2.0,0.0,0.0,0.0,0.0,0,1,0,0,0.0,0.0,0.0,0.0,0.0,0.0,0.0,0.0,0,0
20066,r0005,0,369.9906222241643,286.61674285635934,-0.2253405204343035,0.4,0.6,2.0,-1.2293904703250237e-14,-7.376342821950143e-15,0.0,0.0,1,1,0,0,0.0,0.0,0.0,0.0,0.0,0.0,0.0,0.0,0,0
20066,r0011,0,5212.688985975083,5482.120403001509,0.05168760648320686,0.4,0.6,2.0,6251.242143452549,3750.745286071529,15.46875,7.734375,0,0,1,0,304.3942786502712,0.0,0.8883737370853284,0.0,0.8883737370853284,0.8883737370853284,0.0,0.0,77,1
20066,r0006,0,2431.6622241099813,3129.8660493010457,0.2871302676286036,0.4,0.6,2.0,16261.143611990869,9756.68616719452,12.38671875,6.193359375,0,0,1,0,250.08913159431887,0.0,0.0,0.0,0.0,0.0,0.0,0.0,36,1
20066,r0006,1,3923.1841642988857,3184.8312503469774,-0.18820246081510678,0.4,0.6,2.0,0.0,0.0,0.0,0.0,1,0,0,0,0.0,0.0,0.0,0.0,0.0,0.0,0.0,0.0,0,0
20066,r0006,2,4567.306320185209,3524.333368078227,-0.22835625180154073,0.4,0.6,2.0,0.0,0.0,0.0,0.0,1,0,0,0,0.0,0.0,0.0,0.0,0.0,0.0,0.0,0.0,0,0
20066,r0022,0,0.0,0.0,0.17846698123680838,0.4,0.6,2.0,0.0,0.0,0.0,0.0,0,1,0,0,0.0,0.0,0.0,0.0,0.0,0.0,0.0,0.0,0,0
20066,r0022,1,5336.336132855311,6215.765341773053,0.16480019005983892,0.4,0.6,2.0,6.291652681546586e-13,3.7749916089279517e-13,0.0,0.0,0,1,1,1,0.0,0.0,0.0,0.0,0.0,0.0,0.0,0.0,216,0
20066,r0020,0,0.0,0.0,-0.21053086101527807,0.4,0.6,2.0,0.0,0.0,0.0,0.0,0,1,0,0,0.0,0.0,0.0,0.0,0.0,0.0,0.0,0.0,0,0
20066,r0020,1,1171.024723686085,1431.1215265047085,0.22211042820676374,0.4,0.6,2.0,0.0,0.0,0.0,0.0,1,1,0,0,0.0,0.0,0.0,0.0,0.0,0.0,0.0,0.0,0,0
20066,r0020,2,6837.9189873935065,5485.178721782249,-0.19782923256405793,0.4,0.6,2.0,0.0,0.0,0.0,0.0,1,1,0,0,0.0,0.0,0.0,0.0,0.0,0.0,0.0,0.0,0,0
20066,r0002,0,1130.1897541414946,1049.0671504354398,-0.07177786155712995,0.4,0.6,2.0,481.069028869594,288.64141732175636,12.59765625,6.298828125,0,0,1,0,253.8058336741939,0.0,6.298828125,0.0,6.298828125,6.298828125,0.0,0.0,16,1
20066,r0012,0,3699.359758315073,3181.9268801335616,-0.13987092685929625,0.4,0.6,2.0,16217.389000855468,9730.43340051328,13.60546875,6.802734375,0,1,1,1,271.56341027804143,271.56341027804143,6.802734375,6.802734375,0.0,0.0,0.0,32.964144590392166,52,1
20066,r0012,1,9385.610466882994,12135.267741595098,0.2929652028937525,0.4,0.6,2.0,0.0,0.0,0.0,0.0,0,0,0,0,0.0,0.0,0.0,0.0,0.0,0.0,0.0,0.0,0,0
20066,r0000,0,2435.386204752267,1922.128686940073,-0.21074994873940486,0.4,0.6,2.0,5988.76058026084,3593.2563481565035,2.12109375,1.060546875,0,1,1,1,62.55787511151825,62.55787511151825,1.060546875,1.060546875,0.0,0.0,0.0,29.293604370717606,36,1
20066,r0015,0,0.0,0.0,-0.2427218459317455,0.4,0.6,2.0,0.0,0.0,0.0,0.0,0,1,0,0,0.0,0.0,0.0,0.0,0.0,0.0,0.0,0.0,0,0
20067,r0017,0,2692.8933429444787,2316.281093560889,-0.13985412766916044,0.4,0.6,2.0,-3.2559558565013935e-12,-1.953573513900836e-12,0.0,0.0,1,0,0,0,0.0,0.0,0.0,0.0,0.0,0.0,0.0,0.0,0,0
20067,r0017,1,5375.532147349799,4750.75972875257,-0.1162252222610648,0.4,0.6,2.0,-8.940215133308171e-13,-5.364129079984903e-13,0.0,0.0,1,0,0,0,0.0,0.0,0.0,0.0,0.0,0.0,0.0,0.0,0,0
20067,r0023,0,2914.792640800373,3594.4576917037766,0.23317783961358374,0.4,0.6,2.0,5.764482011246199e-12,3.458689206747719e-12,0.0,0.0,0,0,1,0,0.0,0.0,0.0,0.0,0.0,0.0,0.0,0.0,117,0
20067,r0007,0,0.0,0.0,-0.16697435255787188,0.4,0.6,2.0,0.0,0.0,0.0,0.0,0,1,0,0,0.0,0.0,0.0,0.0,0.0,0.0,0.0,0.0,0,0
20067,r0007,1,6668.411476027253,6411.575934288638,-0.03851525099522313,0.4,0.6,2.0,0.0,0.0,0.0,0.0,1,1,0,0,0.0,0.0,0.0,0.0,0.0,0.0,0.0,0.0,0,0
20067,r0012,0,3658.0961209962625,2487.5574161964064,-0.319985770215646,0.4,0.6,2.0,1.0493435026124415e-11,6.296061015674649e-12,0.0,0.0,0,1,1,1,0.0,0.0,0.0,0.0,0.0,0.0,0.0,0.0,145,0
20067,r0003,0,1580.9649586966807,2129.2483966869095,0.34680302999392465,0.4,0.6,2.0,5.0471223509641866e-12,3.028273410578512e-12,0.0,0.0,0,0,1,0,0.0,0.0,0.0,0.0,0.0,0.0,0.0,0.0,65,0
20067,r0014,0,0.0,0.0,0.26635169147299187,0.4,0.6,2.0,0.0,0.0,0.0,0.0,0,1,0,0,0.0,0.0,0.0,0.0,0.0,0.0,0.0,0.0,0,0
20067,r0014,1,1275.659802267346,1611.1192771348778,0.2629693859376059,0.4,0.6,2.0,0.0,0.0,0.0,0.0,1,1,0,0,0.0,0.0,0.0,0.0,0.0,0.0,0.0,0.0,0,0
20067,r0013,0,103.77487385886343,79.30746037277265,-0.2357739650868389,0.4,0.6,2.0,-4.186148712026725e-12,-2.5116892272160348e-12,0.0,0.0,1,1,0,0,0.0,0.0,0.0,0.0,0.0,0.0,0.0,0.0,0,0
20067,r0013,1,4316.021616651604,5113.188483883012,0.1846994612250934,0.4,0.6,2.0,-1.6716810680594405e-12,-1.0030086408356642e-12,0.0,0.0,1,1,0,0,0.0,0.0,0.0,0.0,0.0,0.0,0.0,0.0,0,0
20067,r0011,0,0.0,0.0,0.15965489135496946,0.4,0.6,2.0,0.0,0.0,0.0,0.0,0,1,0,0,0.0,0.0,0.0,0.0,0.0,0.0,0.0,0.0,0,0
20067,r0015,0,3168.7093039099564,3609.772336633493,0.1391932772688541,0.4,0.6,2.0,0.0,0.0,0.0,0.0,0,0,0,0,0.0,0.0,0.0,0.0,0.0,0.0,0.0,0.0,0,0
20067,r0000,0,1845.8025295628468,1682.5736530979632,-0.08843246980680108,0.4,0.6,2.0,7.0756764531946426e-12,4.245405871916785e-12,0.0,0.0,0,1,1,1,0.0,0.0,0.0,0.0,0.0,0.0,0.0,0.0,75,0
20067,r0000,1,6884.258508429179,7474.455656954015,0.08573140415953173,0.4,0.6,2.0,0.0,0.0,0.0,0.0,0,0,0,0,0.0,0.0,0.0,0.0,0.0,0.0,0.0,0.0,0,0
20068,r0022,0,0.0,0.0,0.13586873369596097,0.4,0.6,2.0,0.0,0.0,0.0,0.0,0,0,0,0,0.0,0.0,0.0,0.0,0.0,0.0,0.0,0.0,0,0
20068,r0022,1,3273.6471607183958,4166.652237672243,0.27278598856630576,0.4,0.6,2.0,0.0,0.0,0.0,0.0,1,0,0,0,0.0,0.0,0.0,0.0,0.0,0.0,0.0,0.0,0,0
20068,r0022,2,3958.867981389987,4927.541335491777,0.24468442965397463,0.4,0.6,2.0,0.0,0.0,0.0,0.0,1,0,0,0,0.0,0.0,0.0,0.0,0.0,0.0,0.0,0.0,0,0
20068,r0005,0,0.0,0.0,-0.33799111628246525,0.4,0.6,2.0,0.0,0.0,0.0,0.0,0,1,0,0,0.0,0.0,0.0,0.0,0.0,0.0,0.0,0.0,0,0
20068,r0008,0,0.0,0.0,-0.001881795633551342,0.4,0.6,2.0,0.0,0.0,0.0,0.0,0,1,0,0,0.0,0.0,0.0,0.0,0.0,0.0,0.0,0.0,0,0
20068,r0015,0,2090.980048419373,2012.1657951219918,-0.037692494176096436,0.4,0.6,2.0,4506.5645769142675,2703.9387461485603,51.17578125,25.587890625,0,1,1,1,391.0609940246423,391.0609940246423,25.587890625,25.587890625,0.0,0.0,0.0,82.82970789488095,25,11
20068,r0011,0,3291.898103585161,2816.31839532209,-0.1444697537099109,0.4,0.6,2.0,23841.249988666434,14304.74999319986,226.125,113.0625,0,1,1,1,1968.4475211670112,1968.4475211670112,113.0625,113.0625,0.0,0.0,0.0,97.46793179688152,39,18
20068,r0011,1,3352.0231949851186,2081.7656148208166,-0.3789525030926707,0.4,0.6,2.0,0.0,0.0,0.0,0.0,1,1,0,0,0.0,0.0,0.0,0.0,0.0,0.0,0.0,0.0,0,0
20068,r0019,0,3807.937904600414,2532.1380788487813,-0.33503693014802693,0.4,0.6,2.0,2604.409671709456,1562.6458030256733,51.046875,25.5234375,0,0,1,0,390.232415298487,0.0,25.5234375,0.0,25.5234375,25.5234375,0.0,0.0,45,11
20068,r0018,0,0.0,0.0,-0.28462995914382144,0.4,0.6,2.0,0.0,0.0,0.0,0.0,0,0,0,0,0.0,0.0,0.0,0.0,0.0,0.0,0.0,0.0,0,0
20068,r0023,0,955.8237152911533,884.9064814512163,-0.0741948883517029,0.4,0.6,2.0,9505.281071219433,5703.16864273166,35.2265625,17.61328125,0,0,1,0,329.30276958911446,0.0,17.61328125,0.0,17.61328125,17.61328125,0.0,0.0,11,18
20068,r0020,0,2532.55663987586,3058.8508408678786,0.20781142372311012,0.4,0.6,2.0,22987.346274555894,13792.407764733536,211.9921875,105.99609375,0,1,1,1,1847.0964732601392,1320.8022722681271,75.79456920809588,75.79456920809588,0.0,0.0,526.2942009920121,81.16704476461513,30,18
20069,r0021,0,675.5862266561016,798.9149708686015,0.18255070832768594,0.4,0.6,2.0,-4.853500606503624e-12,-2.912100363902174e-12,0.0,0.0,1,1,0,0,0.0,0.0,0.0,0.0,0.0,0.0,0.0,0.0,0,0
20069,r0015,0,3627.7130311299406,3271.4315389061107,-0.09821104623395671,0.4,0.6,2.0,1.346412720485611e-12,8.078476322913666e-13,0.0,0.0,0,1,1,1,0.0,0.0,0.0,0.0,0.0,0.0,0.0,0.0,205,0
20069,r0009,0,3436.4324801754083,3585.4241226041263,0.0433564876622029,0.4,0.6,2.0,7.175822206887857e-12,4.3054933241327144e-12,0.0,0.0,0,0,1,0,0.0,0.0,0.0,0.0,0.0,0.0,0.0,0.0,152,0
20069,r0014,0,6174.397159447406,4376.985759064174,-0.29110718892337917,0.4,0.6,2.0,5.001198490463954e-12,3.0007190942783724e-12,0.0,0.0,0,1,1,1,0.0,0.0,0.0,0.0,0.0,0.0,0.0,0.0,324,0
20069,r0011,0,342.427889172679,308.8340390676899,-0.0981048891378366,0.4,0.6,2.0,-1.0912266132311924e-11,-6.547359679387155e-12,0.0,0.0,1,1,0,0,0.0,0.0,0.0,0.0,0.0,0.0,0.0,0.0,0,0
20069,r0011,1,8040.27155639245,10699.782940177047,0.330773825875339,0.4,0.6,2.0,0.0,0.0,0.0,0.0,0,1,0,0,0.0,0.0,0.0,0.0,0.0,0.0,0.0,0.0,0,0
20070,r0020,0,0.0,0.0,-0.02445678739024959,0.4,0.6,2.0,0.0,0.0,0.0,0.0,0,1,0,0,0.0,0.0,0.0,0.0,0.0,0.0,0.0,0.0,0,0
20070,r0007,0,4211.639627362118,2812.1859466215587,-0.3322823898912455,0.4,0.6,2.0,-6.42774864929501e-12,-3.856649189577006e-12,0.0,0.0,1,1,0,0,0.0,0.0,0.0,0.0,0.0,0.0,0.0,0.0,0,0
20070,r0012,0,2435.258447778826,2850.3565224265353,0.17045339685663163,0.4,0.6,2.0,9.582514110723244e-12,5.749508466433946e-12,0.0,0.0,0,1,1,1,0.0,0.0,0.0,0.0,0.0,0.0,0.0,0.0,127,0
20070,r0009,0,224.90686611250567,235.5841890384463,0.047474419569740856,0.4,0.6,2.0,7.945318665389398e-12,4.767191199233638e-12,0.0,0.0,0,1,1,1,0.0,0.0,0.0,0.0,0.0,0.0,0.0,0.0,11,0
20070,r0009,1,6172.497919598412,3890.383481010154,-0.3697229984221257,0.4,0.6,2.0,0.0,0.0,0.0,0.0,1,1,0,0,0.0,0.0,0.0,0.0,0.0,0.0,0.0,0.0,0,0
20070,r0023,0,102.19745762701496,131.72318316316782,0.28890861105284504,0.4,0.6,2.0,-9.273801530960228e-12,-5.564280918576136e-12,0.0,0.0,1,1,0,0,0.0,0.0,0.0,0.0,0.0,0.0,0.0,0.0,0,0
20070,r0023,1,6749.705044102942,6328.509950191354,-0.06240199996288387,0.4,0.6,2.0,-1.0921874247526404e-12,-6.553124548515842e-13,0.0,0.0,1,1,0,0,0.0,0.0,0.0,0.0,0.0,0.0,0.0,0.0,0,0
20070,r0018,0,7521.002588826719,10204.876628911297,0.35685056724641595,0.4,0.6,2.0,0.0,0.0,0.0,0.0,0,1,0,0,0.0,0.0,0.0,0.0,0.0,0.0,0.0,0.0,0,0
20070,r0005,0,4148.136928624888,4185.319711220268,0.00896373076278989,0.4,0.6,2.0,1.8781061857031555e-12,1.1268637114218933e-12,0.0,0.0,0,0,1,0,0.0,0.0,0.0,0.0,0.0,0.0,0.0,0.0,195,0
20071,r0008,0,3901.4559969844922,4455.301420871276,0.141958649364458,0.4,0.6,2.0,4.49202213732031e-12,2.6952132823921856e-12,0.0,0.0,0,1,1,1,0.0,0.0,0.0,0.0,0.0,0.0,0.0,0.0,201,0
20071,r0012,0,590.6155461242888,657.9038024692679,0.11392903012210776,0.4,0.6,2.0,-1.3741895121505206e-12,-8.245137072903123e-13,0.0,0.0,1,0,0,0,0.0,0.0,0.0,0.0,0.0,0.0,0.0,0.0,0,0
20071,r0009,0,3496.8068587013513,3484.007409146854,-0.003660324996974773,0.4,0.6,2.0,0.0,0.0,0.0,0.0,1,1,0,0,0.0,0.0,0.0,0.0,0.0,0.0,0.0,0.0,0,0
20072,r0009,0,4082.1265680085926,3696.6602130926462,-0.09442783032178026,0.4,0.6,2.0,10048.971275283327,6029.382765169997,192.48046875,96.240234375,0,1,1,1,2995.540353969296,2995.540353969296,96.240234375,96.240234375,0.0,0.0,0.0,236.83437423274927,82,15
20072,r0009,1,4740.396649516841,3065.4133300370017,-0.3533424401627994,0.4,0.6,2.0,0.0,0.0,0.0,0.0,1,1,0,0,0.0,0.0,0.0,0.0,0.0,0.0,0.0,0.0,0,0
20072,r0003,0,0.0,0.0,0.23056347509536435,0.4,0.6,2.0,0.0,0.0,0.0,0.0,0,1,0,0,0.0,0.0,0.0,0.0,0.0,0.0,0.0,0.0,0,0
20072,r0011,0,0.0,0.0,-0.35136205998673803,0.4,0.6,2.0,0.0,0.0,0.0,0.0,0,1,0,0,0.0,0.0,0.0,0.0,0.0,0.0,0.0,0.0,0,0
20072,r0023,0,0.0,0.0,-0.02630037368505722,0.4,0.6,2.0,0.0,0.0,0.0,0.0,0,0,0,0,0.0,0.0,0.0,0.0,0.0,0.0,0.0,0.0,0,0
20072,r0022,0,0.0,0.0,0.04498694160022676,0.4,0.6,2.0,0.0,0.0,0.0,0.0,0,0,0,0,0.0,0.0,0.0,0.0,0.0,0.0,0.0,0.0,0,0
20072,r0015,0,0.0,0.0,0.19907584506721154,0.4,0.6,2.0,0.0,0.0,0.0,0.0,0,0,0,0,0.0,0.0,0.0,0.0,0.0,0.0,0.0,0.0,0,0
20072,r0015,1,2469.8056094813364,2744.6447782209552,0.11127967629700852,0.4,0.6,2.0,0.0,0.0,0.0,0.0,1,0,0,0,0.0,0.0,0.0,0.0,0.0,0.0,0.0,0.0,0,0
20072,r0004,0,0.0,0.0,-0.30995513681396236,0.4,0.6,2.0,0.0,0.0,0.0,0.0,0,0,0,0,0.0,0.0,0.0,0.0,0.0,0.0,0.0,0.0,0,0
20072,r0004,1,1401.3486683662559,1249.5580492136528,-0.10831752480955814,0.4,0.6,2.0,0.0,0.0,0.0,0.0,1,0,0,0,0.0,0.0,0.0,0.0,0.0,0.0,0.0,0.0,0,0
20072,r0004,2,6974.842596711562,5922.7016694561635,-0.1508479815374547,0.4,0.6,2.0,0.0,0.0,0.0,0.0,1,1,0,0,0.0,0.0,0.0,0.0,0.0,0.0,0.0,0.0,0,0
20072,r0005,0,1375.3581296383563,1195.9792417040553,-0.130423403234958,0.4,0.6,2.0,9980.753005158334,5988.451803095,76.84781915902819,38.423909579514095,0,1,1,1,2990.0937478888677,1375.3581296383563,44.186917774071794,44.186917774071794,0.0,0.0,1614.7356182505114,84.32940398077828,26,15
20072,r0005,1,4100.963290291405,4599.365631591377,0.12153299262148631,0.4,0.6,2.0,0.0,0.0,0.0,0.0,1,0,0,0,0.0,0.0,0.0,0.0,0.0,0.0,0.0,0.0,0,0
20072,r0007,0,112.01126051207757,125.72605595536152,0.1224412204682328,0.4,0.6,2.0,8613.518412519103,5168.111047511461,8.077899582250746,4.038949791125373,0,1,1,1,2938.3509901248067,112.01126051207757,3.598361960941262,3.598361960941262,0.0,0.0,2826.339729612729,18.97013101564785,2,15
20072,r0007,1,1549.99719238115,1743.292109438743,0.12470662399113641,0.4,0.6,2.0,0.0,0.0,0.0,0.0,1,1,0,0,0.0,0.0,0.0,0.0,0.0,0.0,0.0,0.0,0,0
20073,r0015,0,6837.394570576557,5589.380654077994,-0.18252770168759264,0.4,0.6,2.0,3161.7700953730723,1897.0620572238433,60.05859375,30.029296875,0,0,1,0,399.8422188048438,0.0,30.029296875,0.0,30.029296875,30.029296875,0.0,0.0,219,5
20073,r0003,0,0.0,0.0,0.33355973442459597,0.4,0.6,2.0,0.0,0.0,0.0,0.0,0,1,0,0,0.0,0.0,0.0,0.0,0.0,0.0,0.0,0.0,0,0
20073,r0000,0,0.0,0.0,0.12295983002897348,0.4,0.6,2.0,0.0,0.0,0.0,0.0,0,0,0,0,0.0,0.0,0.0,0.0,0.0,0.0,0.0,0.0,0,0
20073,r0021,0,0.0,0.0,-0.29580205639294316,0.4,0.6,2.0,0.0,0.0,0.0,0.0,0,1,0,0,0.0,0.0,0.0,0.0,0.0,0.0,0.0,0.0,0,0
20073,r0021,1,0.0,0.0,0.3748809182802555,0.4,0.6,2.0,0.0,0.0,0.0,0.0,0,0,0,0,0.0,0.0,0.0,0.0,0.0,0.0,0.0,0.0,0,0
20073,r0017,0,0.0,0.0,0.2874116687582977,0.4,0.6,2.0,0.0,0.0,0.0,0.0,0,0,0,0,0.0,0.0,0.0,0.0,0.0,0.0,0.0,0.0,0,0
20073,r0002,0,0.0,0.0,0.26210286899589874,0.4,0.6,2.0,0.0,0.0,0.0,0.0,0,1,0,0,0.0,0.0,0.0,0.0,0.0,0.0,0.0,0.0,0,0
20073,r0023,0,0.0,0.0,0.394222661931658,0.4,0.6,2.0,0.0,0.0,0.0,0.0,0,1,0,0,0.0,0.0,0.0,0.0,0.0,0.0,0.0,0.0,0,0
20074,r0019,0,4818.696149544124,4719.692850888928,-0.02054566122924395,0.4,0.6,2.0,0.0,0.0,0.0,0.0,1,1,0,0,0.0,0.0,0.0,0.0,0.0,0.0,0.0,0.0,0,0
20074,r0018,0,0.0,0.0,-0.20568694966746837,0.4,0.6,2.0,0.0,0.0,0.0,0.0,0,1,0,0,0.0,0.0,0.0,0.0,0.0,0.0,0.0,0.0,0,0
20074,r0017,0,1793.171749114139,1524.579392625175,-0.14978618563539925,0.4,0.6,2.0,1.3284743813496938e-12,7.970846288098163e-13,0.0,0.0,0,1,1,1,0.0,0.0,0.0,0.0,0.0,0.0,0.0,0.0,82,0
20074,r0008,0,1182.8557152166286,754.7347345825507,-0.36193846394500595,0.4,0.6,2.0,-1.4405805310852323e-12,-8.643483186511394e-13,0.0,0.0,1,0,0,0,0.0,0.0,0.0,0.0,0.0,0.0,0.0,0.0,0,0
20074,r0014,0,6773.41505511578,7387.811605803701,0.09070705776754123,0.4,0.6,2.0,-8.736774729633865e-13,-5.242064837780319e-13,0.0,0.0,1,1,0,0,0.0,0.0,0.0,0.0,0.0,0.0,0.0,0.0,0,0
20074,r0023,0,0.0,0.0,0.010287569955467202,0.4,0.6,2.0,0.0,0.0,0.0,0.0,0,1,0,0,0.0,0.0,0.0,0.0,0.0,0.0,0.0,0.0,0,0
20074,r0023,1,5870.244094081521,8046.209837412566,0.3706772169022562,0.4,0.6,2.0,-7.08151017991315e-13,-4.2489061079478895e-13,0.0,0.0,1,0,0,0,0.0,0.0,0.0,0.0,0.0,0.0,0.0,0.0,0,0
20075,r0020,0,5118.847559076128,6550.030806382454,0.27959091002206604,0.4,0.6,2.0,1.6547617120600505e-12,9.928570272360303e-13,0.0,0.0,0,0,1,0,0.0,0.0,0.0,0.0,0.0,0.0,0.0,0.0,239,0
20075,r0007,0,392.26092271594644,282.6688704158375,-0.2793855975795719,0.4,0.6,2.0,426.13430858285705,255.6805851497142,26.52040112642531,13.260200563212655,0,1,1,1,3644.2229140838754,392.26092271594644,18.40124277099343,18.40124277099343,0.0,0.0,3251.961991367929,128.2576833007049,17,28
20075,r0002,0,965.0594169594733,796.9155349525341,-0.17423163698738373,0.4,0.6,2.0,328.639154276598,197.1834925659588,31.171875,15.5859375,0,0,1,0,382.87899083137813,0.0,15.5859375,0.0,15.5859375,15.5859375,0.0,0.0,47,28
20075,r0003,0,2655.9896059121456,2375.584771900449,-0.1055745223503603,0.4,0.6,2.0,-4.456364283828141e-12,-2.6738185702968845e-12,0.0,0.0,1,1,0,0,0.0,0.0,0.0,0.0,0.0,0.0,0.0,0.0,0,0
20075,r0003,1,5805.683132452243,6002.969896509374,0.03398166237395034,0.4,0.6,2.0,-1.0331900223087121e-13,-6.199140133852272e-14,0.0,0.0,1,1,0,0,0.0,0.0,0.0,0.0,0.0,0.0,0.0,0.0,0,0
20076,r0020,0,5969.420025737902,3786.0733190126157,-0.3657552488033197,0.4,0.6,2.0,0.0,0.0,0.0,0.0,1,0,0,0,0.0,0.0,0.0,0.0,0.0,0.0,0.0,0.0,0,0
20076,r0004,0,688.7052487940709,877.7849774372909,0.27454376015617765,0.4,0.6,2.0,3.4360055559124975e-12,2.0616033335474983e-12,0.0,0.0,0,1,1,1,0.0,0.0,0.0,0.0,0.0,0.0,0.0,0.0,31,0
20076,r0011,0,0.0,0.0,-0.33588360264769757,0.4,0.6,2.0,0.0,0.0,0.0,0.0,0,0,0,0,0.0,0.0,0.0,0.0,0.0,0.0,0.0,0.0,0,0
20076,r0011,1,1871.03710081413,1864.582511611261,-0.0034497387572168803,0.4,0.6,2.0,1924.8627066850468,1154.917624011028,227.88918982497185,113.94459491248593,0,0,1,0,2276.633149006797,0.0,114.33903471199464,0.0,114.33903471199464,114.33903471199464,0.0,0.0,94,28
20076,r0011,2,2434.5002059835315,3102.513638357505,0.2743944858711146,0.4,0.6,2.0,0.0,0.0,0.0,0.0,1,1,0,0,0.0,0.0,0.0,0.0,0.0,0.0,0.0,0.0,0,0
20076,r0015,0,2703.293231116808,3111.372969615256,0.15095651992213166,0.4,0.6,2.0,-5.6133897643973565e-12,-3.368033858638414e-12,0.0,0.0,1,1,0,0,0.0,0.0,0.0,0.0,0.0,0.0,0.0,0.0,0,0
20076,r0015,1,3464.22571796826,2129.510629969544,-0.3852852546748932,0.4,0.6,2.0,-3.78906252025959e-12,-2.273437512155754e-12,0.0,0.0,1,1,0,0,0.0,0.0,0.0,0.0,0.0,0.0,0.0,0.0,0,0
20076,r0005,0,4482.999292146644,5498.782007040532,0.2265855175737691,0.4,0.6,2.0,6.432607164154299e-12,3.8595642984925795e-12,0.0,0.0,0,1,1,1,0.0,0.0,0.0,0.0,0.0,0.0,0.0,0.0,219,0
20077,r0017,0,3147.125598180325,4405.404005580546,0.3998183002698589,0.4,0.6,2.0,0.0,0.0,0.0,0.0,1,1,0,0,0.0,0.0,0.0,0.0,0.0,0.0,0.0,0.0,0,0
20077,r0011,0,919.4122490135487,1066.269424311115,0.15972940914712797,0.4,0.6,2.0,5.509844147470971e-12,3.3059064884825823e-12,0.0,0.0,0,1,1,1,0.0,0.0,0.0,0.0,0.0,0.0,0.0,0.0,44,0
20077,r0011,1,3157.6188972900327,3324.138635099642,0.05273585674082504,0.4,0.6,2.0,0.0,0.0,0.0,0.0,1,0,0,0,0.0,0.0,0.0,0.0,0.0,0.0,0.0,0.0,0,0
20077,r0011,2,3568.4920983562533,2708.788758501622,-0.24091501848935995,0.4,0.6,2.0,0.0,0.0,0.0,0.0,1,1,0,0,0.0,0.0,0.0,0.0,0.0,0.0,0.0,0.0,0,0
20077,r0006,0,0.0,0.0,0.3194412487703361,0.4,0.6,2.0,0.0,0.0,0.0,0.0,0,0,0,0,0.0,0.0,0.0,0.0,0.0,0.0,0.0,0.0,0,0
20077,r0003,0,377.73023832123,303.4240177639685,-0.19671769167198594,0.4,0.6,2.0,3.079045886169007e-12,1.8474275317014043e-12,0.0,0.0,0,0,1,0,0.0,0.0,0.0,0.0,0.0,0.0,0.0,0.0,19,0
20077,r0004,0,1136.1331685055884,896.4668003060193,-0.21094918698202783,0.4,0.6,2.0,-8.137011370625628e-13,-4.882206822375376e-13,0.0,0.0,1,0,0,0,0.0,0.0,0.0,0.0,0.0,0.0,0.0,0.0,0,0
20077,r0022,0,0.0,0.0,0.36335916584559536,0.4,0.6,2.0,0.0,0.0,0.0,0.0,0,0,0,0,0.0,0.0,0.0,0.0,0.0,0.0,0.0,0.0,0,0
20077,r0005,0,1154.1543814985598,1335.4480246189205,0.15707919670587578,0.4,0.6,2.0,5.771786175204097e-13,3.4630717051224584e-13,0.0,0.0,0,0,1,0,0.0,0.0,0.0,0.0,0.0,0.0,0.0,0.0,55,0
20077,r0007,0,8123.07426596155,8562.862602888668,0.05414062736936698,0.4,0.6,2.0,0.0,0.0,0.0,0.0,0,1,0,0,0.0,0.0,0.0,0.0,0.0,0.0,0.0,0.0,0,0
20077,r0020,0,6012.059741445963,4941.983758684288,-0.17798824841755662,0.4,0.6,2.0,2.5662525131838325e-12,1.5397515079102996e-12,0.0,0.0,0,0,1,0,0.0,0.0,0.0,0.0,0.0,0.0,0.0,0.0,302,0
20078,r0013,0,3916.370250264838,2832.562263034717,-0.27673787664913196,0.4,0.6,2.0,-1.3754683495561302e-11,-8.252810097336781e-12,0.0,0.0,1,1,0,0,0.0,0.0,0.0,0.0,0.0,0.0,0.0,0.0,0,0
20078,r0008,0,0.0,0.0,0.22997337388174843,0.4,0.6,2.0,0.0,0.0,0.0,0.0,0,1,0,0,0.0,0.0,0.0,0.0,0.0,0.0,0.0,0.0,0,0
20078,r0021,0,1908.3148126489032,1247.5752568099876,-0.34624242890079177,0.4,0.6,2.0,1.1623428692688871e-12,6.974057215613323e-13,0.0,0.0,0,1,1,1,0.0,0.0,0.0,0.0,0.0,0.0,0.0,0.0,79,0
20078,r0011,0,1693.2175539749041,1073.332678957897,-0.36609877659359213,0.4,0.6,2.0,-1.829324277986289e-12,-1.0975945667917733e-12,0.0,0.0,1,1,0,0,0.0,0.0,0.0,0.0,0.0,0.0,0.0,0.0,0,0
20078,r0003,0,7028.695222639115,5471.753247605701,-0.22151223316933324,0.4,0.6,2.0,-8.052759635572829e-12,-4.831655781343697e-12,0.0,0.0,1,0,0,0,0.0,0.0,0.0,0.0,0.0,0.0,0.0,0.0,0,0
20078,r0020,0,0.0,0.0,-0.23128262303032124,0.4,0.6,2.0,0.0,0.0,0.0,0.0,0,1,0,0,0.0,0.0,0.0,0.0,0.0,0.0,0.0,0.0,0,0
20079,r0010,0,1676.663874406635,1727.4874993013511,0.030312351611143762,0.4,0.6,2.0,3043.3065536668264,1825.9839322000958,190.78687804897382,95.39343902448691,0,1,1,1,3226.528888538919,1676.663874406635,92.58691199354847,92.58691199354847,0.0,0.0,1549.8650141322842,293.9183799229625,73,28
20079,r0010,1,5553.556981798318,6114.3853055415675,0.1009854271021895,0.4,0.6,2.0,0.0,0.0,0.0,0.0,1,1,0,0,0.0,0.0,0.0,0.0,0.0,0.0,0.0,0.0,0,0
20079,r0022,0,2869.02181234853,3940.3939806550084,0.3734276831550025,0.4,0.6,2.0,1.8080815251739902e-12,1.084848915104394e-12,0.0,0.0,0,1,1,1,0.0,0.0,0.0,0.0,0.0,0.0,0.0,0.0,126,0
20079,r0013,0,367.54883934419195,342.6845574290549,-0.06764891969051445,0.4,0.6,2.0,-2.2976621900113807e-12,-1.3785973140068283e-12,0.0,0.0,1,1,0,0,0.0,0.0,0.0,0.0,0.0,0.0,0.0,0.0,0,0
20079,r0020,0,1733.980540632252,2377.2342177101655,0.3709693748024224,0.4,0.6,2.0,0.0,0.0,0.0,0.0,0,0,0,0,0.0,0.0,0.0,0.0,0.0,0.0,0.0,0.0,0,0
20080,r0020,0,7715.5994823783985,7761.907266718851,0.0060018388002403,0.4,0.6,2.0,2.354044325875517e-12,1.41242659552531e-12,0.0,0.0,0,0,1,0,0.0,0.0,0.0,0.0,0.0,0.0,0.0,0.0,351,0
20080,r0014,0,1579.310138461131,1131.8529316539982,-0.2833244692794361,0.4,0.6,2.0,2114.9889351141146,1268.9933610684686,106.9159415383112,53.4579707691556,0,0,1,0,3484.0773561825285,0.0,74.59159477010132,0.0,74.59159477010132,74.59159477010132,0.0,0.0,68,28
20080,r0014,1,0.0,0.0,0.09953343388043212,0.4,0.6,2.0,0.0,0.0,0.0,0.0,0,1,0,0,0.0,0.0,0.0,0.0,0.0,0.0,0.0,0.0,0,0
20080,r0014,2,8014.240317032592,5991.228218607807,-0.25242718191583247,0.4,0.6,2.0,0.0,0.0,0.0,0.0,1,1,0,0,0.0,0.0,0.0,0.0,0.0,0.0,0.0,0.0,0,0
20080,r0018,0,0.0,0.0,-0.1887289412263365,0.4,0.6,2.0,0.0,0.0,0.0,0.0,0,0,0,0,0.0,0.0,0.0,0.0,0.0,0.0,0.0,0.0,0,0
20080,r0018,1,4674.298431597093,4573.587776967888,-0.02154561932726118,0.4,0.6,2.0,8.383630112193633e-13,5.030178067316179e-13,0.0,0.0,0,0,1,0,0.0,0.0,0.0,0.0,0.0,0.0,0.0,0.0,203,0
20080,r0018,2,4129.9136703915865,4055.0253321856503,-0.01813314857955267,0.4,0.6,2.0,0.0,0.0,0.0,0.0,1,1,0,0,0.0,0.0,0.0,0.0,0.0,0.0,0.0,0.0,0,0
20080,r0000,0,2752.0873360819096,1845.093379845961,-0.3295658333020846,0.4,0.6,2.0,-7.455346473435771e-12,-4.473207884061463e-12,0.0,0.0,1,1,0,0,0.0,0.0,0.0,0.0,0.0,0.0,0.0,0.0,0,0
20080,r0000,1,3627.2877225016236,3687.933959875216,0.0167194449443252,0.4,0.6,2.0,-3.826083118997772e-12,-2.295649871398663e-12,0.0,0.0,1,1,0,0,0.0,0.0,0.0,0.0,0.0,0.0,0.0,0.0,0,0
20080,r0005,0,476.0303110724235,432.5326932928922,-0.09137573126706544,0.4,0.6,2.0,2.8353921416404874e-12,1.7012352849842924e-12,0.0,0.0,0,1,1,1,0.0,0.0,0.0,0.0,0.0,0.0,0.0,0.0,18,0
20080,r0001,0,578.8706993392698,528.6292891776402,-0.08679211129355108,0.4,0.6,2.0,2.59660128410523e-12,1.557960770463138e-12,0.0,0.0,0,0,1,0,0.0,0.0,0.0,0.0,0.0,0.0,0.0,0.0,22,0
20080,r0021,0,655.4317360792629,447.10167210805304,-0.3178516579276778,0.4,0.6,2.0,1172.8820110637,703.72920663822,38.549546086292494,19.274773043146247,0,1,1,1,761.125621723575,655.4317360792629,28.255984592135402,28.255984592135402,0.0,0.0,105.6938856443121,172.28353595677928,27,28
20080,r0011,0,0.0,0.0,-0.12216926407239903,0.4,0.6,2.0,0.0,0.0,0.0,0.0,0,1,0,0,0.0,0.0,0.0,0.0,0.0,0.0,0.0,0.0,0,0
20080,r0013,0,1544.780154877477,985.6465142342387,-0.36195030009793555,0.4,0.6,2.0,-3.804922341988339e-12,-2.2829534051930036e-12,0.0,0.0,1,1,0,0,0.0,0.0,0.0,0.0,0.0,0.0,0.0,0.0,0,0
20081,r0012,0,2465.090231709557,1697.3949264978378,-0.3114268578636642,0.4,0.6,2.0,4018.938890088519,2411.3633340531114,218.11514472762212,109.05757236381106,0,1,1,1,2859.9235338148355,2465.090231709557,158.38197235729234,158.38197235729234,0.0,0.0,394.83330210527856,246.93377139830878,82,28
20081,r0010,0,4629.016991059008,5073.241916620428,0.09596528300056895,0.4,0.6,2.0,5.966813575780809e-12,3.5800881454684854e-12,0.0,0.0,0,0,1,0,0.0,0.0,0.0,0.0,0.0,0.0,0.0,0.0,146,0
20081,r0010,1,1793.7472244652308,1429.7359098496784,-0.20293345107423094,0.4,0.6,2.0,0.0,0.0,0.0,0.0,1,1,0,0,0.0,0.0,0.0,0.0,0.0,0.0,0.0,0.0,0,0
20081,r0008,0,0.0,0.0,0.3449545591644888,0.4,0.6,2.0,0.0,0.0,0.0,0.0,0,0,0,0,0.0,0.0,0.0,0.0,0.0,0.0,0.0,0.0,0,0
20081,r0015,0,0.0,0.0,-0.051575379607191496,0.4,0.6,2.0,0.0,0.0,0.0,0.0,0,0,0,0,0.0,0.0,0.0,0.0,0.0,0.0,0.0,0.0,0,0
20081,r0005,0,369.12275644365945,357.38074037670145,-0.03181059921660567,0.4,0.6,2.0,1559.5193436066022,935.7116061639613,41.75361075480045,20.876805377400224,0,0,1,0,3226.9813498846656,0.0,21.562728698029645,0.0,21.562728698029645,21.562728698029645,0.0,0.0,11,28
20081,r0005,1,6695.461850329426,8185.245581386931,0.2225064923615696,0.4,0.6,2.0,0.0,0.0,0.0,0.0,0,1,0,0,0.0,0.0,0.0,0.0,0.0,0.0,0.0,0.0,0,0
20081,r0004,0,1457.837390088087,1364.8229538109758,-0.06380302557028739,0.4,0.6,2.0,1.935499939130514e-13,1.1612999634783084e-13,0.0,0.0,0,1,1,0,0.0,0.0,0.0,0.0,0.0,0.0,0.0,0.0,46,0
20081,r0017,0,2438.0156433713237,2017.8731184806868,-0.1723297083974644,0.4,0.6,2.0,0.0,0.0,0.0,0.0,1,1,0,0,0.0,0.0,0.0,0.0,0.0,0.0,0.0,0.0,0,0
20081,r0016,0,2219.7591822468094,2584.6602346532927,0.16438767562035062,0.4,0.6,2.0,5355.330314280859,3213.1981885685154,301.4767516125449,150.73837580627244,0,1,1,1,2925.649491570063,2219.7591822468094,129.45720653214883,129.45720653214883,0.0,0.0,705.8903093232539,249.60142873946387,72,28
20081,r0016,1,6866.712090317596,7162.817383366629,0.04312184480059322,0.4,0.6,2.0,0.0,0.0,0.0,0.0,1,1,0,0,0.0,0.0,0.0,0.0,0.0,0.0,0.0,0.0,0,0
20082,r0011,0,4642.933832894016,3699.565035946839,-0.2031837693364585,0.4,0.6,2.0,2015.143835728466,1209.0863014370796,56.3203125,28.16015625,0,1,1,1,446.91043811148256,446.91043811148256,28.16015625,28.16015625,0.0,0.0,0.0,33.300300185840065,53,3
20082,r0001,0,3307.048262106324,3620.391140959574,0.09475001693917706,0.4,0.6,2.0,-1.0743534486978892e-13,-6.446120692187335e-14,0.0,0.0,1,0,0,0,0.0,0.0,0.0,0.0,0.0,0.0,0.0,0.0,0,0
20082,r0003,0,3958.3311511741977,3886.7137895739415,-0.01809281711536742,0.4,0.6,2.0,159.93569634436415,95.96141780661848,9.3984375,4.69921875,0,0,1,0,43.7700230210965,0.0,4.69921875,0.0,4.69921875,4.69921875,0.0,0.0,73,2
20082,r0014,0,6157.038520776459,7613.376419404085,0.23653220516865747,0.4,0.6,2.0,0.0,0.0,0.0,0.0,0,0,0,0,0.0,0.0,0.0,0.0,0.0,0.0,0.0,0.0,0,0
20082,r0019,0,3429.1313853990905,2325.182002405474,-0.32193265842601604,0.4,0.6,2.0,283.1404505775022,169.8842703465013,9.3984375,4.69921875,0,0,1,0,43.7700230210965,0.0,4.69921875,0.0,4.69921875,4.69921875,0.0,0.0,64,2
20082,r0012,0,0.0,0.0,-0.18026649769714942,0.4,0.6,2.0,0.0,0.0,0.0,0.0,0,0,0,0,0.0,0.0,0.0,0.0,0.0,0.0,0.0,0.0,0,0
20082,r0009,0,249.1290691498616,302.65445301092893,0.2148500134637824,0.4,0.6,2.0,632.7126912115333,379.62761472691994,52.38518401248459,26.192592006242297,0,0,1,0,474.27258730231375,0.0,21.56035042676745,0.0,21.56035042676745,21.56035042676745,0.0,0.0,4,15
20082,r0020,0,0.0,0.0,-0.0481055974925943,0.4,0.6,2.0,0.0,0.0,0.0,0.0,0,1,0,0,0.0,0.0,0.0,0.0,0.0,0.0,0.0,0.0,0,0
20082,r0000,0,517.0798639122004,702.1821112133342,0.3579761275185993,0.4,0.6,2.0,19293.492807840463,11576.095684704278,61.106498730806415,30.553249365403207,0,1,1,1,3908.551860010965,517.0798639122004,22.499106387998516,22.499106387998516,0.0,0.0,3391.4719960987645,104.0699177693838,5,25
20082,r0000,1,1341.9834939892316,935.8775243920833,-0.3026162180206421,0.4,0.6,2.0,0.0,0.0,0.0,0.0,1,0,0,0,0.0,0.0,0.0,0.0,0.0,0.0,0.0,0.0,0,0
20082,r0000,2,7876.243473361887,7662.096204743533,-0.02718901076923491,0.4,0.6,2.0,0.0,0.0,0.0,0.0,1,1,0,0,0.0,0.0,0.0,0.0,0.0,0.0,0.0,0.0,0,0
20083,r0019,0,4654.130262518494,6128.006026181071,0.3166812445135595,0.4,0.6,2.0,3.892060559769348e-12,2.335236335861609e-12,0.0,0.0,0,0,1,0,0.0,0.0,0.0,0.0,0.0,0.0,0.0,0.0,169,0
20083,r0006,0,2056.90949294428,2629.88968027735,0.2785636360270285,0.4,0.6,2.0,3077.5765470735587,1846.5459282441352,277.37595091304354,138.68797545652177,0,0,1,0,3419.0522675164216,0.0,108.47170336196697,0.0,108.47170336196697,108.47170336196697,0.0,0.0,74,28
20084,r0023,0,257.85761166694283,327.60358549714994,0.2704825092396079,0.4,0.6,2.0,-4.704698733737892e-13,-2.822819240242735e-13,0.0,0.0,1,1,0,0,0.0,0.0,0.0,0.0,0.0,0.0,0.0,0.0,0,0
20084,r0019,0,0.0,0.0,0.13415821254126747,0.4,0.6,2.0,0.0,0.0,0.0,0.0,0,1,0,0,0.0,0.0,0.0,0.0,0.0,0.0,0.0,0.0,0,0
20084,r0007,0,6921.621289433606,7132.764081374806,0.030504817168128806,0.4,0.6,2.0,-1.2066684866779914e-12,-7.240010920067948e-13,0.0,0.0,1,1,0,0,0.0,0.0,0.0,0.0,0.0,0.0,0.0,0.0,0,0
20084,r0006,0,1447.1511805444097,1979.1919220128177,0.3676469664131824,0.4,0.6,2.0,0.0,0.0,0.0,0.0,0,0,0,0,0.0,0.0,0.0,0.0,0.0,0.0,0.0,0.0,0,0
20085,r0008,0,3933.451233906493,2760.650908523741,-0.29816063696765094,0.4,0.6,2.0,9125.647585810604,5475.388551486362,115.59375,57.796875,0,0,1,0,1310.5716118826663,0.0,57.796875,0.0,57.796875,57.796875,0.0,0.0,102,9
20085,r0018,0,0.0,0.0,0.38940858569949477,0.4,0.6,2.0,0.0,0.0,0.0,0.0,0,0,0,0,0.0,0.0,0.0,0.0,0.0,0.0,0.0,0.0,0,0
20085,r0003,0,6332.606243274011,7785.789060495481,0.22947626323126036,0.4,0.6,2.0,6376.517887994615,3825.910732796769,107.89453125,53.947265625,0,1,1,1,1225.661680444535,0.0,0.0,0.0,0.0,0.0,1225.661680444535,214.88455140705418,154,9
20085,r0003,1,3078.1249371787308,4206.783151225205,0.3666706963106413,0.4,0.6,2.0,0.0,0.0,0.0,0.0,0,1,0,0,0.0,0.0,0.0,0.0,0.0,0.0,0.0,0.0,0,0
20085,r0023,0,1007.209698040042,1001.9091798682888,-0.0052625765836723515,0.4,0.6,2.0,3691.940310951816,2215.1641865710894,21.09375,10.546875,0,0,1,0,268.38943971053413,0.0,10.546875,0.0,10.546875,10.546875,0.0,0.0,25,9
20085,r0014,0,4866.484981144091,3615.3760260236063,-0.25708678028763876,0.4,0.6,2.0,7758.4004180469265,4655.040250828156,114.01171875,57.005859375,0,0,1,0,1293.1243656967488,0.0,57.005859375,0.0,57.005859375,57.005859375,0.0,0.0,129,9
20085,r0020,0,1460.1815410895397,955.1100407498694,-0.3458963739281366,0.4,0.6,2.0,9082.778623441356,5449.6671740648135,84.12041029964902,42.06020514982451,0,1,1,1,1246.598375867636,1246.598375867636,54.896484375,54.896484375,0.0,0.0,0.0,66.17851070868336,38,9
20085,r0007,0,156.95526655585127,203.04424413337665,0.2936440336720081,0.4,0.6,2.0,1217.96220533502,730.7773232010119,17.696154812304716,8.848077406152358,0,0,1,0,920.9164470638445,0.0,6.8396538582851845,0.0,6.8396538582851845,6.8396538582851845,0.0,0.0,3,9
20086,r0001,0,0.0,0.0,0.3046804118375769,0.4,0.6,2.0,0.0,0.0,0.0,0.0,0,1,0,0,0.0,0.0,0.0,0.0,0.0,0.0,0.0,0.0,0,0
20086,r0021,0,6547.529860608556,8214.26550534589,0.25455945680596237,0.4,0.6,2.0,1.800767564245309e-12,1.0804605385471853e-12,0.0,0.0,0,1,1,1,0.0,0.0,0.0,0.0,0.0,0.0,0.0,0.0,257,0
20087,r0006,0,135.8750966536736,85.97296600428366,-0.36726472972882895,0.4,0.6,2.0,4.4215804945471126e-13,2.6529482967282677e-13,0.0,0.0,0,1,1,1,0.0,0.0,0.0,0.0,0.0,0.0,0.0,0.0,6,0
20087,r0023,0,5189.05927200443,4210.739505538679,-0.18853509185063633,0.4,0.6,2.0,-1.2127253501240957e-11,-7.276352100744575e-12,0.0,0.0,1,1,0,0,0.0,0.0,0.0,0.0,0.0,0.0,0.0,0.0,0,0
20087,r0002,0,1260.9373692732843,1466.8111691606332,0.16327044062941853,0.4,0.6,2.0,-1.2342611323794349e-11,-7.40556679427661e-12,0.0,0.0,1,1,0,0,0.0,0.0,0.0,0.0,0.0,0.0,0.0,0.0,0,0
20087,r0002,1,7716.767897335114,7153.017808699281,-0.07305520862309678,0.4,0.6,2.0,-3.0170987310779513e-13,-1.8102592386467707e-13,0.0,0.0,1,0,0,0,0.0,0.0,0.0,0.0,0.0,0.0,0.0,0.0,0,0
20087,r0008,0,1156.894698727545,749.4108334599267,-0.3522220870367934,0.4,0.6,2.0,-1.3364355319261032e-12,-8.018613191556618e-13,0.0,0.0,1,1,0,0,0.0,0.0,0.0,0.0,0.0,0.0,0.0,0.0,0,0
20087,r0011,0,4604.805954078132,5383.613209350645,0.16912922347635106,0.4,0.6,2.0,-6.973145425955242e-12,-4.183887255573145e-12,0.0,0.0,1,1,0,0,0.0,0.0,0.0,0.0,0.0,0.0,0.0,0.0,0,0
20087,r0011,1,4624.733631101171,2818.247887306476,-0.3906140089120251,0.4,0.6,2.0,-3.641182082080927e-12,-2.1847092492485564e-12,0.0,0.0,1,0,0,0,0.0,0.0,0.0,0.0,0.0,0.0,0.0,0.0,0,0
20088,r0012,0,3199.30518480359,2614.6056196498453,-0.18275829637354218,0.4,0.6,2.0,1.024482159658749e-12,6.146892957952494e-13,0.0,0.0,0,1,1,1,0.0,0.0,0.0,0.0,0.0,0.0,0.0,0.0,136,0
20088,r0005,0,4285.164724969069,2606.6622706539342,-0.39170080079646186,0.4,0.6,2.0,3.922206019962138e-12,2.353323611977283e-12,0.0,0.0,0,1,1,1,0.0,0.0,0.0,0.0,0.0,0.0,0.0,0.0,184,0
20088,r0005,1,3061.661310692816,3088.641417020642,0.008812243938804809,0.4,0.6,2.0,0.0,0.0,0.0,0.0,1,1,0,0,0.0,0.0,0.0,0.0,0.0,0.0,0.0,0.0,0,0
20088,r0004,0,0.0,0.0,0.14343748885678975,0.4,0.6,2.0,0.0,0.0,0.0,0.0,0,1,0,0,0.0,0.0,0.0,0.0,0.0,0.0,0.0,0.0,0,0
20088,r0016,0,3614.8809356426063,2979.939209215451,-0.17564664998137314,0.4,0.6,2.0,-6.970442278650703e-12,-4.182265367190422e-12,0.0,0.0,1,1,0,0,0.0,0.0,0.0,0.0,0.0,0.0,0.0,0.0,0,0
20088,r0020,0,2022.5901575288226,2041.0853547108873,0.009144312857065462,0.4,0.6,2.0,7.757000511408075e-13,4.654200306844845e-13,0.0,0.0,0,0,1,0,0.0,0.0,0.0,0.0,0.0,0.0,0.0,0.0,87,0
20088,r0007,0,696.8335587711481,446.7207000290355,-0.3589276888202422,0.4,0.6,2.0,3.239707013735332e-13,1.943824208241199e-13,0.0,0.0,0,0,1,0,0.0,0.0,0.0,0.0,0.0,0.0,0.0,0.0,30,0
20088,r0013,0,5137.78688979437,4526.072461070551,-0.11906185325415503,0.4,0.6,2.0,-7.878806937748514e-12,-4.727284162649108e-12,0.0,0.0,1,1,0,0,0.0,0.0,0.0,0.0,0.0,0.0,0.0,0.0,0,0
20088,r0003,0,1285.1559220395502,1737.659981089008,0.35210051269991494,0.4,0.6,2.0,1.3089525339322379e-11,7.853715203593428e-12,0.0,0.0,0,0,1,0,0.0,0.0,0.0,0.0,0.0,0.0,0.0,0.0,58,0
20088,r0003,1,5727.105805973071,7422.371978493827,0.29600748265427224,0.4,0.6,2.0,0.0,0.0,0.0,0.0,1,1,0,0,0.0,0.0,0.0,0.0,0.0,0.0,0.0,0.0,0,0
20088,r0022,0,0.0,0.0,0.08119107503549722,0.4,0.6,2.0,0.0,0.0,0.0,0.0,0,0,0,0,0.0,0.0,0.0,0.0,0.0,0.0,0.0,0.0,0,0
20088,r0022,1,5472.916359617084,5225.8905107358005,-0.0451360540979594,0.4,0.6,2.0,6.946285907084268e-13,4.167771544250561e-13,0.0,0.0,0,1,1,1,0.0,0.0,0.0,0.0,0.0,0.0,0.0,0.0,246,0
20089,r0017,0,0.0,0.0,-0.19256780756093309,0.4,0.6,2.0,0.0,0.0,0.0,0.0,0,1,0,0,0.0,0.0,0.0,0.0,0.0,0.0,0.0,0.0,0,0
20089,r0003,0,3009.552914937729,4122.9974898121545,0.3699700940122742,0.4,0.6,2.0,2.3079655349316324e-13,1.3847793209589795e-13,0.0,0.0,0,1,1,1,0.0,0.0,0.0,0.0,0.0,0.0,0.0,0.0,148,0
20089,r0000,0,910.3259076639551,770.5430511474523,-0.1535525412818454,0.4,0.6,2.0,-5.291507644038551e-13,-3.1749045864231307e-13,0.0,0.0,1,0,0,0,0.0,0.0,0.0,0.0,0.0,0.0,0.0,0.0,0,0
20089,r0010,0,2397.741780663826,2149.289628267851,-0.10361922805848994,0.4,0.6,2.0,0.0,0.0,0.0,0.0,1,1,0,0,0.0,0.0,0.0,0.0,0.0,0.0,0.0,0.0,0,0
20089,r0010,1,5841.45908161554,7818.915120508771,0.3385209091195648,0.4,0.6,2.0,0.0,0.0,0.0,0.0,0,1,0,0,0.0,0.0,0.0,0.0,0.0,0.0,0.0,0.0,0,0
20089,r0013,0,2849.8755732467907,3695.6728853074133,0.296783943832687,0.4,0.6,2.0,-2.863066001328562e-12,-1.717839600797137e-12,0.0,0.0,1,1,0,0,0.0,0.0,0.0,0.0,0.0,0.0,0.0,0.0,0,0
20089,r0020,0,441.12829722342576,370.9970980539993,-0.1589814111016005,0.4,0.6,2.0,8.164910034776366e-13,4.89894602086582e-13,0.0,0.0,0,1,1,1,0.0,0.0,0.0,0.0,0.0,0.0,0.0,0.0,24,0
20090,r0014,0,4858.936235009165,3192.2978241494407,-0.3430047916355463,0.4,0.6,2.0,-9.564784209150352e-12,-5.738870525490211e-12,0.0,0.0,1,1,0,0,0.0,0.0,0.0,0.0,0.0,0.0,0.0,0.0,0,0
20090,r0014,1,3727.2004297659314,4939.189909397127,0.3251742165385263,0.4,0.6,2.0,0.0,0.0,0.0,0.0,0,0,0,0,0.0,0.0,0.0,0.0,0.0,0.0,0.0,0.0,0,0
20090,r0010,0,3755.589231357244,3877.8430980292515,0.03255251283906402,0.4,0.6,2.0,-2.5838673375894543e-12,-1.5503204025536726e-12,0.0,0.0,1,0,0,0,0.0,0.0,0.0,0.0,0.0,0.0,0.0,0.0,0,0
20090,r0010,1,3586.737274379644,2492.5012619563354,-0.3050783842573376,0.4,0.6,2.0,-1.6388010221655138e-12,-9.832806132993083e-13,0.0,0.0,1,1,0,0,0.0,0.0,0.0,0.0,0.0,0.0,0.0,0.0,0,0
20090,r0003,0,2619.2204290148293,2338.4602056529634,-0.10719228525087088,0.4,0.6,2.0,-7.162125804122186e-12,-4.297275482473312e-12,0.0,0.0,1,0,0,0,0.0,0.0,0.0,0.0,0.0,0.0,0.0,0.0,0,0
20090,r0017,0,4474.69299504871,3849.142699137571,-0.13979736634520318,0.4,0.6,2.0,3.524682298727519e-12,2.1148093792365113e-12,0.0,0.0,0,1,1,1,0.0,0.0,0.0,0.0,0.0,0.0,0.0,0.0,174,0
20090,r0017,1,4022.9470016478444,2504.6037291801513,-0.37742065004728187,0.4,0.6,2.0,0.0,0.0,0.0,0.0,1,1,0,0,0.0,0.0,0.0,0.0,0.0,0.0,0.0,0.0,0,0
20090,r0002,0,805.7815477915283,677.6356140767847,-0.15903309534198656,0.4,0.6,2.0,-3.847888916555319e-12,-2.3087333499331913e-12,0.0,0.0,1,1,0,0,0.0,0.0,0.0,0.0,0.0,0.0,0.0,0.0,0,0
20090,r0002,1,7200.102589515802,7614.070495100922,0.057494723226292066,0.4,0.6,2.0,-8.672356273784693e-13,-5.203413764270816e-13,0.0,0.0,1,0,0,0,0.0,0.0,0.0,0.0,0.0,0.0,0.0,0.0,0,0
20090,r0005,0,957.6707577911438,668.4141066909237,-0.30204185389077465,0.4,0.6,2.0,0.0,0.0,0.0,0.0,1,1,0,0,0.0,0.0,0.0,0.0,0.0,0.0,0.0,0.0,0,0
20090,r0018,0,1098.7796967598479,746.2922964229323,-0.32079897487763304,0.4,0.6,2.0,0.0,0.0,0.0,0.0,1,0,0,0,0.0,0.0,0.0,0.0,0.0,0.0,0.0,0.0,0,0
20090,r0012,0,2310.881730581161,1599.553404293632,-0.3078168462168065,0.4,0.6,2.0,2.0452515081255282e-11,1.227150904875317e-11,0.0,0.0,0,1,1,1,0.0,0.0,0.0,0.0,0.0,0.0,0.0,0.0,99,0
20090,r0012,1,7714.583792376434,6677.174261354082,-0.1344738172456591,0.4,0.6,2.0,0.0,0.0,0.0,0.0,1,1,0,0,0.0,0.0,0.0,0.0,0.0,0.0,0.0,0.0,0,0
20091,r0016,0,4872.383152122893,4507.38497935017,-0.07491163181895766,0.4,0.6,2.0,6975.377164654101,4185.2262987924605,233.56640625,116.783203125,0,1,1,1,2144.9576145060896,2144.9576145060896,116.783203125,116.783203125,0.0,0.0,0.0,305.5112691735113,121,19
20091,r0009,0,2253.083322951563,3075.8058537635798,0.3651540635142787,0.4,0.6,2.0,517.7681431758125,310.6608859054875,32.56640625,16.283203125,0,0,1,0,368.7054158529928,0.0,0.0,0.0,0.0,0.0,0.0,0.0,55,7
20091,r0011,0,2689.286931792052,2286.6185925621885,-0.1497305231619665,0.4,0.6,2.0,1.0305089044842961e-13,6.183053426905777e-14,0.0,0.0,0,1,1,1,0.0,0.0,0.0,0.0,0.0,0.0,0.0,0.0,67,0
20091,r0018,0,0.0,0.0,-0.3468114200005376,0.4,0.6,2.0,0.0,0.0,0.0,0.0,0,1,0,0,0.0,0.0,0.0,0.0,0.0,0.0,0.0,0.0,0,0
20091,r0015,0,0.0,0.0,0.199817154465471,0.4,0.6,2.0,0.0,0.0,0.0,0.0,0,0,0,0,0.0,0.0,0.0,0.0,0.0,0.0,0.0,0.0,0,0
20091,r0020,0,0.0,0.0,-0.2563961929934416,0.4,0.6,2.0,0.0,0.0,0.0,0.0,0,0,0,0,0.0,0.0,0.0,0.0,0.0,0.0,0.0,0.0,0,0
20091,r0020,1,853.4351009467064,1086.87376237014,0.2735283106641412,0.4,0.6,2.0,3675.9038345807794,2205.5423007484674,39.90234375,19.951171875,0,0,1,0,333.2273436385414,0.0,5.97460318926576,0.0,5.97460318926576,5.97460318926576,0.0,0.0,39,3
20091,r0020,2,3562.481390230376,4977.330298407163,0.39715264536028716,0.4,0.6,2.0,0.0,0.0,0.0,0.0,1,1,0,0,0.0,0.0,0.0,0.0,0.0,0.0,0.0,0.0,0,0
20091,r0010,0,2618.2946241704485,3536.6918711693265,0.35076161350247304,0.4,0.6,2.0,7373.055780164804,4423.833468098882,226.3359375,113.16796875,0,1,1,1,2079.5247044267653,1161.1274574278868,63.18868707702513,63.18868707702513,0.0,0.0,918.3972469988785,177.4601674972592,60,18
20091,r0010,1,6388.93018678252,7839.723063652183,0.2270791563619018,0.4,0.6,2.0,0.0,0.0,0.0,0.0,0,0,0,0,0.0,0.0,0.0,0.0,0.0,0.0,0.0,0.0,0,0
20091,r0000,0,31.052139158768114,39.334512043844256,0.26672471235327,0.4,0.6,2.0,259.4529824521064,155.67178947126385,4.04524545770957,2.022622728854785,0,0,1,0,1807.001824287728,0.0,1.5967342463045804,0.0,1.5967342463045804,1.5967342463045804,0.0,0.0,0,18
20091,r0004,0,809.3430798980698,552.1272127315679,-0.3178081997054898,0.4,0.6,2.0,9620.50040695539,5772.300244173234,57.19361831579981,28.596809157899905,0,1,1,1,2229.7670511993797,809.3430798980698,41.91901624375188,41.91901624375188,0.0,0.0,1420.4239713013098,79.72607765752731,18,18
20091,r0004,1,3966.2564451042635,5043.96452645488,0.27171921338593275,0.4,0.6,2.0,0.0,0.0,0.0,0.0,1,1,0,0,0.0,0.0,0.0,0.0,0.0,0.0,0.0,0.0,0,0
20091,r0002,0,1640.4436112439653,1331.6032777754472,-0.1882663514622861,0.4,0.6,2.0,1045.5804781400723,627.3482868840433,81.421875,40.7109375,0,0,1,0,829.1102947490944,0.0,40.7109375,0.0,40.7109375,40.7109375,0.0,0.0,38,18
20091,r0019,0,0.0,0.0,-0.2990013927592763,0.4,0.6,2.0,0.0,0.0,0.0,0.0,0,1,0,0,0.0,0.0,0.0,0.0,0.0,0.0,0.0,0.0,0,0
20092,r0006,0,7835.63039738539,7881.311524170468,0.00582992362686241,0.4,0.6,2.0,2.379857312070718e-12,1.4279143872424306e-12,0.0,0.0,0,1,1,1,0.0,0.0,0.0,0.0,0.0,0.0,0.0,0.0,348,0
20092,r0013,0,0.0,0.0,-0.31505537872447464,0.4,0.6,2.0,0.0,0.0,0.0,0.0,0,0,0,0,0.0,0.0,0.0,0.0,0.0,0.0,0.0,0.0,0,0
20092,r0013,1,5900.577355597259,7920.465642556456,0.34232044853087806,0.4,0.6,2.0,-1.1403405028236184e-12,-6.84204301694171e-13,0.0,0.0,1,0,0,0,0.0,0.0,0.0,0.0,0.0,0.0,0.0,0.0,0,0
20092,r0021,0,0.0,0.0,0.1292723321661966,0.4,0.6,2.0,0.0,0.0,0.0,0.0,0,0,0,0,0.0,0.0,0.0,0.0,0.0,0.0,0.0,0.0,0,0
20092,r0021,1,8354.996321889415,6648.845168665493,-0.20420728956563927,0.4,0.6,2.0,-2.3654868657476016e-12,-1.419292119448561e-12,0.0,0.0,1,1,0,0,0.0,0.0,0.0,0.0,0.0,0.0,0.0,0.0,0,0
20093,r0004,0,3934.866719730951,2944.6298546132143,-0.2516570282170687,0.4,0.6,2.0,-7.427097068702644e-12,-4.456258241221586e-12,0.0,0.0,1,1,0,0,0.0,0.0,0.0,0.0,0.0,0.0,0.0,0.0,0,0
20093,r0004,1,6534.927399599463,7447.189952070421,0.13959796286747939,0.4,0.6,2.0,0.0,0.0,0.0,0.0,0,1,0,0,0.0,0.0,0.0,0.0,0.0,0.0,0.0,0.0,0,0
20093,r0001,0,0.0,0.0,-0.31645473463812357,0.4,0.6,2.0,0.0,0.0,0.0,0.0,0,0,0,0,0.0,0.0,0.0,0.0,0.0,0.0,0.0,0.0,0,0
20093,r0003,0,0.0,0.0,-0.13807393693920283,0.4,0.6,2.0,0.0,0.0,0.0,0.0,0,1,0,0,0.0,0.0,0.0,0.0,0.0,0.0,0.0,0.0,0,0
20093,r0000,0,30.445947576939943,37.34443169456997,0.2265813570162949,0.4,0.6,2.0,1.6405085526582342e-11,9.843051315949405e-12,0.0,0.0,0,1,1,1,0.0,0.0,0.0,0.0,0.0,0.0,0.0,0.0,0,0
20093,r0000,1,3686.386535757927,3979.6300550401356,0.07954768617933816,0.4,0.6,2.0,0.0,0.0,0.0,0.0,1,1,0,0,0.0,0.0,0.0,0.0,0.0,0.0,0.0,0.0,0,0
20093,r0000,2,6951.458802378467,6520.418763610577,-0.062007134188928614,0.4,0.6,2.0,0.0,0.0,0.0,0.0,1,0,0,0,0.0,0.0,0.0,0.0,0.0,0.0,0.0,0.0,0,0
20093,r0007,0,0.0,0.0,0.14100375532092757,0.4,0.6,2.0,0.0,0.0,0.0,0.0,0,0,0,0,0.0,0.0,0.0,0.0,0.0,0.0,0.0,0.0,0,0
20093,r0018,0,2896.7585950371576,3650.290065856221,0.2601291913347712,0.4,0.6,2.0,1.958957087331386e-12,1.1753742523988316e-12,0.0,0.0,0,0,1,0,0.0,0.0,0.0,0.0,0.0,0.0,0.0,0.0,112,0
20093,r0013,0,1978.1233698449905,2229.339427692888,0.12699716391682037,0.4,0.6,2.0,0.0,0.0,0.0,0.0,0,1,0,0,0.0,0.0,0.0,0.0,0.0,0.0,0.0,0.0,0,0
20093,r0022,0,218.15691783936927,282.505467695657,0.29496451679642843,0.4,0.6,2.0,2.8503096763985835e-12,1.71018580583915e-12,0.0,0.0,0,1,1,1,0.0,0.0,0.0,0.0,0.0,0.0,0.0,0.0,8,0
20094,r0019,0,2228.131422257685,2232.225815740684,0.0018375906565019084,0.4,0.6,2.0,-1.1006591489370858e-11,-6.6039548936225146e-12,0.0,0.0,1,1,0,0,0.0,0.0,0.0,0.0,0.0,0.0,0.0,0.0,0,0
20094,r0021,0,2978.1063753437775,2274.749611394693,-0.23617583635436531,0.4,0.6,2.0,-6.351037125354504e-12,-3.8106222752127024e-12,0.0,0.0,1,1,0,0,0.0,0.0,0.0,0.0,0.0,0.0,0.0,0.0,0,0
20094,r0017,0,1678.9748011771808,1038.1248402352544,-0.38169123234762464,0.4,0.6,2.0,7.74157006767602e-12,4.644942040605611e-12,0.0,0.0,0,1,1,1,0.0,0.0,0.0,0.0,0.0,0.0,0.0,0.0,85,0
20094,r0002,0,0.0,0.0,-0.2146002144259585,0.4,0.6,2.0,0.0,0.0,0.0,0.0,0,1,0,0,0.0,0.0,0.0,0.0,0.0,0.0,0.0,0.0,0,0
20094,r0020,0,600.5907028189467,561.3378494291593,-0.06535707796599138,0.4,0.6,2.0,2.2076438228837007e-12,1.3245862937302204e-12,0.0,0.0,0,1,1,1,0.0,0.0,0.0,0.0,0.0,0.0,0.0,0.0,30,0
20095,r0022,0,2346.218276934131,2637.782992997821,0.12427007279334878,0.4,0.6,2.0,13289.375070548527,7973.625042329116,158.7421875,79.37109375,0,0,1,0,1846.831504431187,0.0,66.84054596729321,0.0,66.84054596729321,66.84054596729321,0.0,0.0,41,13
20095,r0022,1,3462.858282363135,3707.161671465976,0.07054963535386793,0.4,0.6,2.0,0.0,0.0,0.0,0.0,1,0,0,0,0.0,0.0,0.0,0.0,0.0,0.0,0.0,0.0,0,0
20095,r0009,0,4535.509273878499,6014.132817653824,0.32601047743220535,0.4,0.6,2.0,0.0,0.0,0.0,0.0,0,0,0,0,0.0,0.0,0.0,0.0,0.0,0.0,0.0,0.0,0,0
20095,r0005,0,4058.7171372337325,5590.12114115377,0.37731232607251475,0.4,0.6,2.0,13113.448952415647,7868.069371449388,164.2265625,82.11328125,0,0,1,0,1910.140984812627,0.0,16.281173211337492,0.0,16.281173211337492,16.281173211337492,0.0,0.0,72,13
20095,r0005,1,6302.6743141452025,4177.096313297546,-0.3372501726889466,0.4,0.6,2.0,0.0,0.0,0.0,0.0,1,0,0,0,0.0,0.0,0.0,0.0,0.0,0.0,0.0,0.0,0,0
20095,r0014,0,2314.940779633769,2781.6072154457293,0.20158893044589588,0.4,0.6,2.0,3583.745025856834,2150.2470155141004,59.71875,29.859375,0,0,1,0,703.7436642107534,0.0,10.059028914540052,0.0,10.059028914540052,10.059028914540052,0.0,0.0,39,13
20095,r0006,0,2818.623868398361,2961.1538036384836,0.05056720651454388,0.4,0.6,2.0,3892.7190899771736,2335.631453986304,27.57421875,13.787109375,0,0,1,0,332.6797653084279,0.0,7.880300451573701,0.0,7.880300451573701,7.880300451573701,0.0,0.0,47,13
20095,r0002,0,7092.158315551096,7958.125161391331,0.12210201849857394,0.4,0.6,2.0,-5.690752453790582e-13,-3.4144514722743493e-13,0.0,0.0,1,1,0,0,0.0,0.0,0.0,0.0,0.0,0.0,0.0,0.0,0,0
20095,r0018,0,0.0,0.0,-0.15897362791883848,0.4,0.6,2.0,0.0,0.0,0.0,0.0,0,1,0,0,0.0,0.0,0.0,0.0,0.0,0.0,0.0,0.0,0,0
20095,r0003,0,0.0,0.0,0.27165898810625577,0.4,0.6,2.0,0.0,0.0,0.0,0.0,0,1,0,0,0.0,0.0,0.0,0.0,0.0,0.0,0.0,0.0,0,0
20095,r0001,0,0.0,0.0,0.23351638566764865,0.4,0.6,2.0,0.0,0.0,0.0,0.0,0,0,0,0,0.0,0.0,0.0,0.0,0.0,0.0,0.0,0.0,0,0
20095,r0001,1,4093.2914878731463,5313.352776868629,0.29806362254192176,0.4,0.6,2.0,0.0,0.0,0.0,0.0,1,1,0,0,0.0,0.0,0.0,0.0,0.0,0.0,0.0,0.0,0,0
20095,r0010,0,0.0,0.0,0.036876360741284864,0.4,0.6,2.0,0.0,0.0,0.0,0.0,0,0,0,0,0.0,0.0,0.0,0.0,0.0,0.0,0.0,0.0,0,0
20095,r0010,1,5647.072442154014,5348.245454703158,-0.05291715141108966,0.4,0.6,2.0,0.0,0.0,0.0,0.0,1,1,0,0,0.0,0.0,0.0,0.0,0.0,0.0,0.0,0.0,0,0
20096,r0000,0,6843.45715800185,6701.356913672425,-0.020764394522916174,0.4,0.6,2.0,9.805190082493496e-13,5.883114049496097e-13,0.0,0.0,0,1,1,1,0.0,0.0,0.0,0.0,0.0,0.0,0.0,0.0,320,0
20096,r0004,0,1194.9027556849323,1330.5057213044354,0.1134845199530683,0.4,0.6,2.0,1.977040104675835e-11,1.186224062805501e-11,0.0,0.0,0,1,1,1,0.0,0.0,0.0,0.0,0.0,0.0,0.0,0.0,55,0
20096,r0004,1,9449.149841896266,6873.932173427988,-0.27253432441616143,0.4,0.6,2.0,0.0,0.0,0.0,0.0,1,0,0,0,0.0,0.0,0.0,0.0,0.0,0.0,0.0,0.0,0,0
20096,r0019,0,0.0,0.0,0.21213464341432853,0.4,0.6,2.0,0.0,0.0,0.0,0.0,0,0,0,0,0.0,0.0,0.0,0.0,0.0,0.0,0.0,0.0,0,0
20096,r0006,0,2837.2330317990127,3412.818593747319,0.202868624288976,0.4,0.6,2.0,4.468854118870425e-13,2.681312471322255e-13,0.0,0.0,0,1,1,1,0.0,0.0,0.0,0.0,0.0,0.0,0.0,0.0,126,0
20096,r0003,0,581.2667178854099,466.9917195291531,-0.19659649321051412,0.4,0.6,2.0,0.0,0.0,0.0,0.0,1,1,0,0,0.0,0.0,0.0,0.0,0.0,0.0,0.0,0.0,0,0
20096,r0007,0,3903.661700306795,4559.576325194792,0.1680254784466717,0.4,0.6,2.0,7.0491635809506035e-12,4.229498148570362e-12,0.0,0.0,0,1,1,1,0.0,0.0,0.0,0.0,0.0,0.0,0.0,0.0,169,0
20096,r0007,1,5512.792120679565,4627.153879236992,-0.16065148513769822,0.4,0.6,2.0,0.0,0.0,0.0,0.0,1,1,0,0,0.0,0.0,0.0,0.0,0.0,0.0,0.0,0.0,0,0
20096,r0021,0,0.0,0.0,0.3298466590568294,0.4,0.6,2.0,0.0,0.0,0.0,0.0,0,1,0,0,0.0,0.0,0.0,0.0,0.0,0.0,0.0,0.0,0,0
20096,r0021,1,6337.528145282311,7516.378834869317,0.18601111704167317,0.4,0.6,2.0,-1.054569320311093e-12,-6.327415921866558e-13,0.0,0.0,1,1,0,0,0.0,0.0,0.0,0.0,0.0,0.0,0.0,0.0,0,0
20096,r0005,0,404.77087317039695,468.5812539802525,0.15764568312451976,0.4,0.6,2.0,-2.58799495396886e-13,-1.5527969723813158e-13,0.0,0.0,1,1,0,0,0.0,0.0,0.0,0.0,0.0,0.0,0.0,0.0,0,0
20096,r0022,0,0.0,0.0,0.20566984054223403,0.4,0.6,2.0,0.0,0.0,0.0,0.0,0,1,0,0,0.0,0.0,0.0,0.0,0.0,0.0,0.0,0.0,0,0
20097,r0011,0,2473.419658200718,3403.164994686262,0.37589469842003465,0.4,0.6,2.0,0.0,0.0,0.0,0.0,1,0,0,0,0.0,0.0,0.0,0.0,0.0,0.0,0.0,0.0,0,0
20097,r0021,0,1502.2605654452273,1104.0069235641406,-0.26510290627448885,0.4,0.6,2.0,-8.647964486559312e-12,-5.188778691935587e-12,0.0,0.0,1,0,0,0,0.0,0.0,0.0,0.0,0.0,0.0,0.0,0.0,0,0
20097,r0016,0,2088.307232763251,1266.0008710032007,-0.39376694619401054,0.4,0.6,2.0,-1.1007455007556605e-12,-6.604473004533963e-13,0.0,0.0,1,1,0,0,0.0,0.0,0.0,0.0,0.0,0.0,0.0,0.0,0,0
20097,r0005,0,0.0,0.0,-0.051459305448194936,0.4,0.6,2.0,0.0,0.0,0.0,0.0,0,0,0,0,0.0,0.0,0.0,0.0,0.0,0.0,0.0,0.0,0,0
20097,r0017,0,2117.157472028972,1462.7096318041554,-0.3091162791956274,0.4,0.6,2.0,0.0,0.0,0.0,0.0,1,0,0,0,0.0,0.0,0.0,0.0,0.0,0.0,0.0,0.0,0,0
20097,r0017,1,8206.588750656301,10896.815973985855,0.3278130908063852,0.4,0.6,2.0,0.0,0.0,0.0,0.0,0,1,0,0,0.0,0.0,0.0,0.0,0.0,0.0,0.0,0.0,0,0
20097,r0008,0,6265.027023902159,8175.526924952015,0.3049467933276214,0.4,0.6,2.0,2.783700995638887e-12,1.6702205973833321e-12,0.0,0.0,0,1,1,1,0.0,0.0,0.0,0.0,0.0,0.0,0.0,0.0,244,0
20097,r0008,1,3712.1404055986823,2505.658315662489,-0.3250098213194109,0.4,0.6,2.0,0.0,0.0,0.0,0.0,1,1,0,0,0.0,0.0,0.0,0.0,0.0,0.0,0.0,0.0,0,0
20097,r0000,0,3797.6484405330775,2365.1506866973486,-0.37720652036833846,0.4,0.6,2.0,-1.3270686934593611e-11,-7.962412160756166e-12,0.0,0.0,1,0,0,0,0.0,0.0,0.0,0.0,0.0,0.0,0.0,0.0,0,0
20097,r0009,0,5003.167128077475,6188.822371307605,0.23698093884897486,0.4,0.6,2.0,0.0,0.0,0.0,0.0,1,0,0,0,0.0,0.0,0.0,0.0,0.0,0.0,0.0,0.0,0,0
20097,r0009,1,7536.949380753984,5407.823017860049,-0.282491795464459,0.4,0.6,2.0,4.821168827695504e-13,2.892701296617302e-13,0.0,0.0,0,1,1,0,0.0,0.0,0.0,0.0,0.0,0.0,0.0,0.0,301,0
20097,r0002,0,4371.946505331682,6073.652288687192,0.3892329838163032,0.4,0.6,2.0,-3.687566356767384e-12,-2.2125398140604303e-12,0.0,0.0,1,1,0,0,0.0,0.0,0.0,0.0,0.0,0.0,0.0,0.0,0,0
20097,r0002,1,3536.9393533862676,2541.149372959527,-0.2815400211692549,0.4,0.6,2.0,-2.9465086261796724e-12,-1.7679051757078034e-12,0.0,0.0,1,1,0,0,0.0,0.0,0.0,0.0,0.0,0.0,0.0,0.0,0,0
20098,r0008,0,6752.254842033879,6713.630066939718,-0.00572027804011721,0.4,0.6,2.0,8.052909458691649e-13,4.831745675214989e-13,0.0,0.0,0,1,1,1,0.0,0.0,0.0,0.0,0.0,0.0,0.0,0.0,374,0
20098,r0022,0,2423.244764202742,3298.7155051030154,0.3612803600499298,0.4,0.6,2.0,-2.730151080295461e-12,-1.6380906481772765e-12,0.0,0.0,1,0,0,0,0.0,0.0,0.0,0.0,0.0,0.0,0.0,0.0,0,0
20098,r0022,1,3465.8866890957725,3268.993129281852,-0.056809000834729784,0.4,0.6,2.0,-3.3161540782568355e-12,-1.9896924469541012e-12,0.0,0.0,1,0,0,0,0.0,0.0,0.0,0.0,0.0,0.0,0.0,0.0,0,0
20098,r0002,0,838.1166444511309,638.0392925143401,-0.23872256118695534,0.4,0.6,2.0,-1.3055730092790719e-11,-7.833438055674431e-12,0.0,0.0,1,1,0,0,0.0,0.0,0.0,0.0,0.0,0.0,0.0,0.0,0,0
20098,r0002,1,5079.8864909935655,3424.868619241805,-0.32579819936647025,0.4,0.6,2.0,-4.430925245687457e-12,-2.6585551474124744e-12,0.0,0.0,1,0,0,0,0.0,0.0,0.0,0.0,0.0,0.0,0.0,0.0,0,0
20098,r0019,0,3680.0908916796016,2227.159311577558,-0.3948086128489403,0.4,0.6,2.0,1.9499806969182115e-12,1.1699884181509268e-12,0.0,0.0,0,1,1,1,0.0,0.0,0.0,0.0,0.0,0.0,0.0,0.0,189,0
20098,r0007,0,3504.693967248757,2710.7222618524274,-0.22654523128580345,0.4,0.6,2.0,-2.7969802871805647e-12,-1.6781881723083388e-12,0.0,0.0,1,0,0,0,0.0,0.0,0.0,0.0,0.0,0.0,0.0,0.0,0,0
20099,r0013,0,1842.1457144211195,1569.8092256954828,-0.14783656178426485,0.4,0.6,2.0,7.844601515113468e-13,4.70676090906808e-13,0.0,0.0,0,0,1,0,0.0,0.0,0.0,0.0,0.0,0.0,0.0,0.0,81,0
20099,r0005,0,4187.72508333118,5270.249051775618,0.2584992918358744,0.4,0.6,2.0,0.0,0.0,0.0,0.0,0,1,0,0,0.0,0.0,0.0,0.0,0.0,0.0,0.0,0.0,0,0
20099,r0009,0,5434.5836371121895,4557.189681103953,-0.1614463985827005,0.4,0.6,2.0,-4.966488751426857e-12,-2.979893250856114e-12,0.0,0.0,1,1,0,0,0.0,0.0,0.0,0.0,0.0,0.0,0.0,0.0,0,0
20099,r0021,0,0.0,0.0,0.329806792462062,0.4,0.6,2.0,0.0,0.0,0.0,0.0,0,0,0,0,0.0,0.0,0.0,0.0,0.0,0.0,0.0,0.0,0,0
20099,r0017,0,0.0,0.0,-0.1060138668070632,0.4,0.6,2.0,0.0,0.0,0.0,0.0,0,1,0,0,0.0,0.0,0.0,0.0,0.0,0.0,0.0,0.0,0,0
20099,r0015,0,0.0,0.0,-0.283827100127048,0.4,0.6,2.0,0.0,0.0,0.0,0.0,0,0,0,0,0.0,0.0,0.0,0.0,0.0,0.0,0.0,0.0,0,0
20099,r0022,0,0.0,0.0,0.20711121982825365,0.4,0.6,2.0,0.0,0.0,0.0,0.0,0,1,0,0,0.0,0.0,0.0,0.0,0.0,0.0,0.0,0.0,0,0
20099,r0007,0,0.0,0.0,-0.30626143972062786,0.4,0.6,2.0,0.0,0.0,0.0,0.0,0,1,0,0,0.0,0.0,0.0,0.0,0.0,0.0,0.0,0.0,0,0
20099,r0007,1,7327.110598399329,4746.243970761311,-0.35223524921294774,0.4,0.6,2.0,0.0,0.0,0.0,0.0,1,0,0,0,0.0,0.0,0.0,0.0,0.0,0.0,0.0,0.0,0,0
20100,r0022,0,3948.816147205751,2890.720059009885,-0.2679527353899707,0.4,0.6,2.0,-3.445538013442615e-12,-2.067322808065569e-12,0.0,0.0,1,0,0,0,0.0,0.0,0.0,0.0,0.0,0.0,0.0,0.0,0,0
20100,r0001,0,3095.398728197524,3430.4779051576897,0.10825073161262344,0.4,0.6,2.0,0.0,0.0,0.0,0.0,0,1,0,0,0.0,0.0,0.0,0.0,0.0,0.0,0.0,0.0,0,0
20100,r0008,0,2742.003863128786,2394.9275747460197,-0.1265776073658526,0.4,0.6,2.0,0.0,0.0,0.0,0.0,1,1,0,0,0.0,0.0,0.0,0.0,0.0,0.0,0.0,0.0,0,0
20100,r0008,1,5627.0031727350215,5844.452278354974,0.03864385694210648,0.4,0.6,2.0,0.0,0.0,0.0,0.0,1,1,0,0,0.0,0.0,0.0,0.0,0.0,0.0,0.0,0.0,0,0
20100,r0008,2,7093.86625705169,6092.742319204282,-0.14112529071889907,0.4,0.6,2.0,0.0,0.0,0.0,0.0,1,0,0,0,0.0,0.0,0.0,0.0,0.0,0.0,0.0,0.0,0,0
20100,r0020,0,520.1436567959645,678.456503943717,0.30436369852695044,0.4,0.6,2.0,-2.1961993807267165e-11,-1.3177196284360298e-11,0.0,0.0,1,0,0,0,0.0,0.0,0.0,0.0,0.0,0.0,0.0,0.0,0,0
20100,r0020,1,4657.287355627155,2821.5467018503846,-0.3941652111198898,0.4,0.6,2.0,-1.5582781556356474e-11,-9.349668933813883e-12,0.0,0.0,1,1,0,0,0.0,0.0,0.0,0.0,0.0,0.0,0.0,0.0,0,0
20100,r0007,0,3752.8654232518857,2706.44803266596,-0.27883157869252806,0.4,0.6,2.0,3.0811277537143218e-12,1.848676652228593e-12,0.0,0.0,0,1,1,1,0.0,0.0,0.0,0.0,0.0,0.0,0.0,0.0,146,0
20100,r0007,1,5212.998117730844,3940.603633902492,-0.2440811324102702,0.4,0.6,2.0,0.0,0.0,0.0,0.0,1,0,0,0,0.0,0.0,0.0,0.0,0.0,0.0,0.0,0.0,0,0
20100,r0015,0,6051.118778235275,3817.2182096145743,-0.36917149546884076,0.4,0.6,2.0,0.0,0.0,0.0,0.0,1,0,0,0,0.0,0.0,0.0,0.0,0.0,0.0,0.0,0.0,0,0
20100,r0015,1,3903.741699962062,5362.993634687052,0.3738085270188781,0.4,0.6,2.0,0.0,0.0,0.0,0.0,1,1,0,0,0.0,0.0,0.0,0.0,0.0,0.0,0.0,0.0,0,0
20100,r0018,0,0.0,0.0,0.147573030325018,0.4,0.6,2.0,0.0,0.0,0.0,0.0,0,1,0,0,0.0,0.0,0.0,0.0,0.0,0.0,0.0,0.0,0,0
20101,r0004,0,5990.8807516764555,5255.8952594775765,-0.12268404641391067,0.4,0.6,2.0,15480.942800175359,9288.565680105216,358.3125,179.15625,0,0,1,0,4121.725218408163,0.0,179.15625,0.0,179.15625,179.15625,0.0,0.0,98,28
20101,r0004,1,4647.98957149183,5204.798410493945,0.11979563001114912,0.4,0.6,2.0,0.0,0.0,0.0,0.0,1,0,0,0,0.0,0.0,0.0,0.0,0.0,0.0,0.0,0.0,0,0
20101,r0010,0,944.3822026474008,593.9466794421929,-0.37107383241957204,0.4,0.6,2.0,2804.010761349686,1682.4064568098117,33.0234375,16.51171875,0,0,1,0,500.6295363698026,0.0,16.51171875,0.0,16.51171875,16.51171875,0.0,0.0,14,2
20101,r0015,0,0.0,0.0,0.029770493950904364,0.4,0.6,2.0,0.0,0.0,0.0,0.0,0,0,0,0,0.0,0.0,0.0,0.0,0.0,0.0,0.0,0.0,0,0
20101,r0007,0,4320.957450832055,5566.6605351102235,0.28829330037450196,0.4,0.6,2.0,16811.7980656684,10087.07883940104,335.671875,167.8359375,0,0,1,0,3865.2925633335217,0.0,113.74591932653539,0.0,113.74591932653539,113.74591932653539,0.0,0.0,68,28
20101,r0007,1,0.0,0.0,0.16333290689502078,0.4,0.6,2.0,0.0,0.0,0.0,0.0,0,0,0,0,0.0,0.0,0.0,0.0,0.0,0.0,0.0,0.0,0,0
20101,r0018,0,2078.737697900673,1626.4741127410384,-0.21756645180215753,0.4,0.6,2.0,1751.082512204094,1050.6495073224564,25.265625,12.6328125,0,1,1,1,349.56369810728904,349.56369810728904,12.6328125,12.6328125,0.0,0.0,0.0,172.61181230776643,30,28
20101,r0020,0,0.0,0.0,0.20604555995671114,0.4,0.6,2.0,0.0,0.0,0.0,0.0,0,1,0,0,0.0,0.0,0.0,0.0,0.0,0.0,0.0,0.0,0,0
20101,r0000,0,0.0,0.0,-0.10431985364399232,0.4,0.6,2.0,0.0,0.0,0.0,0.0,0,1,0,0,0.0,0.0,0.0,0.0,0.0,0.0,0.0,0.0,0,0
20101,r0002,0,1578.0129947393216,1426.7475553279146,-0.09585817095023047,0.4,0.6,2.0,5717.255112424629,3430.3530674547774,20.484375,10.2421875,0,1,1,1,322.0263152111963,322.0263152111963,10.2421875,10.2421875,0.0,0.0,0.0,32.146432441171584,24,2
20101,r0002,1,3863.2572360230624,3879.777784144296,0.0042763261962438515,0.4,0.6,2.0,0.0,0.0,0.0,0.0,1,0,0,0,0.0,0.0,0.0,0.0,0.0,0.0,0.0,0.0,0,0
20101,r0014,0,0.0,0.0,-0.03596672217846697,0.4,0.6,2.0,0.0,0.0,0.0,0.0,0,1,0,0,0.0,0.0,0.0,0.0,0.0,0.0,0.0,0.0,0,0
20101,r0005,0,0.0,0.0,-0.0999452620321154,0.4,0.6,2.0,0.0,0.0,0.0,0.0,0,0,0,0,0.0,0.0,0.0,0.0,0.0,0.0,0.0,0.0,0,0
20101,r0005,1,1038.6880287502863,898.0475733319871,-0.13540201824364234,0.4,0.6,2.0,0.0,0.0,0.0,0.0,1,1,0,0,0.0,0.0,0.0,0.0,0.0,0.0,0.0,0.0,0,0
20101,r0001,0,0.0,0.0,0.30353064904081106,0.4,0.6,2.0,0.0,0.0,0.0,0.0,0,1,0,0,0.0,0.0,0.0,0.0,0.0,0.0,0.0,0.0,0,0
20102,r0006,0,5962.397095035994,8170.527372369559,0.3703427064882926,0.4,0.6,2.0,0.0,0.0,0.0,0.0,0,0,0,0,0.0,0.0,0.0,0.0,0.0,0.0,0.0,0.0,0,0
20102,r0020,0,6416.887847161539,6114.612485520569,-0.04710622483057414,0.4,0.6,2.0,2.3338742677491687e-12,1.400324560649501e-12,0.0,0.0,0,1,1,1,0.0,0.0,0.0,0.0,0.0,0.0,0.0,0.0,322,0
20102,r0022,0,61.32179839237142,44.2716885873654,-0.2780432122344132,0.4,0.6,2.0,0.0,0.0,0.0,0.0,1,0,0,0,0.0,0.0,0.0,0.0,0.0,0.0,0.0,0.0,0,0
20102,r0000,0,7833.99938928301,9514.955474229595,0.21457189379490516,0.4,0.6,2.0,0.0,0.0,0.0,0.0,0,1,0,0,0.0,0.0,0.0,0.0,0.0,0.0,0.0,0.0,0,0
20102,r0003,0,0.0,0.0,0.02013029553522916,0.4,0.6,2.0,0.0,0.0,0.0,0.0,0,1,0,0,0.0,0.0,0.0,0.0,0.0,0.0,0.0,0.0,0,0
20102,r0019,0,5072.4874886177495,5736.8080930536125,0.13096544958002254,0.4,0.6,2.0,1.0118196725436997e-12,6.070918035262198e-13,0.0,0.0,0,0,1,0,0.0,0.0,0.0,0.0,0.0,0.0,0.0,0.0,247,0
20103,r0021,0,3076.616721086498,2938.8110926731024,-0.04479128890800865,0.4,0.6,2.0,10982.063293289275,6589.237975973565,53.859375,26.9296875,0,0,1,0,390.98458289668577,0.0,26.9296875,0.0,26.9296875,26.9296875,0.0,0.0,53,4
20103,r0021,1,5243.692180282971,3397.373932402838,-0.3521027139660395,0.4,0.6,2.0,0.0,0.0,0.0,0.0,1,1,0,0,0.0,0.0,0.0,0.0,0.0,0.0,0.0,0.0,0,0
20103,r0002,0,4402.176113597172,4081.710942679075,-0.07279699009048368,0.4,0.6,2.0,205.97836270617103,123.58701762370261,4.9921875,2.49609375,0,1,1,1,66.48115383343712,66.48115383343712,2.49609375,2.49609375,0.0,0.0,0.0,36.17480835420265,72,2
20103,r0001,0,391.34582679993764,475.12607415411304,0.21408238344906427,0.4,0.6,2.0,7893.037606874788,4735.822564124873,54.71484375,27.357421875,0,0,1,0,446.2787502644495,0.0,22.221592373142975,0.0,22.221592373142975,22.221592373142975,0.0,0.0,6,23
20103,r0001,1,3328.5598391604926,2423.1211151537286,-0.272021164635312,0.4,0.6,2.0,0.0,0.0,0.0,0.0,1,1,0,0,0.0,0.0,0.0,0.0,0.0,0.0,0.0,0.0,0,0
20103,r0005,0,1609.7272313733665,1306.304647506286,-0.18849316701203495,0.4,0.6,2.0,2361.7160596270433,1417.0296357762259,18.75,9.375,0,1,1,1,151.86715989191333,151.86715989191333,9.375,9.375,0.0,0.0,0.0,32.46807283746085,26,4
20103,r0023,0,0.0,0.0,-0.23675498328801128,0.4,0.6,2.0,0.0,0.0,0.0,0.0,0,1,0,0,0.0,0.0,0.0,0.0,0.0,0.0,0.0,0.0,0,0
20103,r0009,0,248.20230715387152,297.7684784058626,0.19970068699346477,0.4,0.6,2.0,3517.5434014690827,2110.5260408814497,38.099124195287416,19.049562097643708,0,0,1,0,836.3024353060383,0.0,15.878595639870197,0.0,15.878595639870197,15.878595639870197,0.0,0.0,4,23
20103,r0010,0,0.0,0.0,0.39699975703216306,0.4,0.6,2.0,0.0,0.0,0.0,0.0,0,0,0,0,0.0,0.0,0.0,0.0,0.0,0.0,0.0,0.0,0,0
20103,r0007,0,4338.466354400734,2832.9276475949264,-0.34702094791599825,0.4,0.6,2.0,20570.68295406203,12342.409772437219,276.0,138.0,0,1,1,1,2096.842901909524,2096.842901909524,138.0,138.0,0.0,0.0,0.0,188.94353539164868,75,23
20103,r0007,1,9487.655190417077,10992.073507543464,0.15856587185481952,0.4,0.6,2.0,0.0,0.0,0.0,0.0,1,0,0,0,0.0,0.0,0.0,0.0,0.0,0.0,0.0,0.0,0,0
20104,r0008,0,5739.74777439216,3597.9630280537626,-0.3731496279146539,0.4,0.6,2.0,8.56615695924661e-12,5.139694175547966e-12,0.0,0.0,0,1,1,1,0.0,0.0,0.0,0.0,0.0,0.0,0.0,0.0,234,0
20104,r0007,0,443.2885442767474,537.9262106873863,0.2134899889304519,0.4,0.6,2.0,0.0,0.0,0.0,0.0,1,1,0,0,0.0,0.0,0.0,0.0,0.0,0.0,0.0,0.0,0,0
20104,r0012,0,800.4993954021811,521.8088930844034,-0.3481457998825345,0.4,0.6,2.0,-8.699493709553594e-13,-5.219696225732156e-13,0.0,0.0,1,1,0,0,0.0,0.0,0.0,0.0,0.0,0.0,0.0,0.0,0,0
20104,r0003,0,4515.574691247632,3887.3789335832057,-0.13911756545230752,0.4,0.6,2.0,8.871826652243768e-12,5.3230959913462605e-12,0.0,0.0,0,1,1,1,0.0,0.0,0.0,0.0,0.0,0.0,0.0,0.0,184,0
20104,r0004,0,826.0216951418333,660.1583051096346,-0.20079786161514665,0.4,0.6,2.0,4207.231407335614,2524.338844401368,80.52603033026325,40.26301516513163,0,1,1,1,2829.872452552661,826.0216951418333,50.379013307573366,50.379013307573366,0.0,0.0,2003.8507574108276,138.70373926978218,33,28
20104,r0004,1,7575.543305970699,10028.413248412191,0.3237879902961218,0.4,0.6,2.0,0.0,0.0,0.0,0.0,0,0,0,0,0.0,0.0,0.0,0.0,0.0,0.0,0.0,0.0,0,0
20105,r0016,0,198.6242710793913,166.12942357960264,-0.1635995808729753,0.4,0.6,2.0,7671.516535869735,4602.909921521841,23.151449441271765,11.575724720635883,0,1,1,1,803.4897722787089,198.6242710793913,13.839931755077073,13.839931755077073,0.0,0.0,604.8655011993176,47.15387209780815,1,5
20105,r0006,0,2883.5358308057803,2544.5857985303405,-0.1175466691463733,0.4,0.6,2.0,5399.849913801564,3239.9099482809384,21.796875,10.8984375,0,1,1,1,194.065190928758,194.065190928758,10.8984375,10.8984375,0.0,0.0,0.0,56.65756927285612,25,5
20105,r0015,0,0.0,0.0,-0.19129521609601519,0.4,0.6,2.0,0.0,0.0,0.0,0.0,0,0,0,0,0.0,0.0,0.0,0.0,0.0,0.0,0.0,0.0,0,0
20105,r0017,0,0.0,0.0,-0.25872043585733895,0.4,0.6,2.0,0.0,0.0,0.0,0.0,0,1,0,0,0.0,0.0,0.0,0.0,0.0,0.0,0.0,0.0,0,0
20105,r0021,0,5232.924058029028,3880.5436440730527,-0.25843685078536127,0.4,0.6,2.0,4982.438647218254,2989.4631883309526,23.203125,11.6015625,0,1,1,1,203.56888810380593,203.56888810380593,11.6015625,11.6015625,0.0,0.0,0.0,64.57731691872942,45,5
20105,r0007,0,4972.25180082969,3102.6085537402964,-0.37601539945692564,0.4,0.6,2.0,10828.891009002908,6497.334605401745,67.921875,33.9609375,0,1,1,1,783.8948891072613,783.8948891072613,33.9609375,33.9609375,0.0,0.0,0.0,245.90287623330426,43,28
20105,r0019,0,3239.238428683155,4080.2327053771487,0.25962716089284066,0.4,0.6,2.0,755.9263140136803,453.5557884082082,29.765625,14.8828125,0,0,1,0,247.91947492069647,0.0,0.0,0.0,0.0,0.0,0.0,0.0,27,5
20105,r0008,0,3350.6094948663376,3329.951924791277,-0.006165317118187352,0.4,0.6,2.0,5241.753589727705,3145.052153836623,51.09375,25.546875,0,1,1,1,392.05888207559065,392.05888207559065,25.546875,25.546875,0.0,0.0,0.0,58.24151880203078,29,5
20105,r0002,0,2299.87709411536,2104.196215678483,-0.08508318941806109,0.4,0.6,2.0,36906.87738296398,22144.12642977839,209.8763631156227,104.93818155781135,0,1,1,1,3658.1946761328054,2299.87709411536,114.6969651711446,114.6969651711446,0.0,0.0,1358.3175820174456,161.98491717765603,19,28
20105,r0002,1,1851.6180198334914,1264.1562930255366,-0.31726939385736963,0.4,0.6,2.0,0.0,0.0,0.0,0.0,1,1,0,0,0.0,0.0,0.0,0.0,0.0,0.0,0.0,0.0,0,0
20105,r0012,0,444.8262640638968,325.2175549992196,-0.26888859477842364,0.4,0.6,2.0,15878.72911370304,9527.237468221823,44.148673847158534,22.074336923579267,0,1,1,1,566.2933302848033,444.8262640638968,30.192849907585895,30.192849907585895,0.0,0.0,121.46706622090653,47.945846862395484,3,5
20105,r0012,1,2825.994258183593,2315.203809395227,-0.1807471644038925,0.4,0.6,2.0,0.0,0.0,0.0,0.0,1,0,0,0,0.0,0.0,0.0,0.0,0.0,0.0,0.0,0.0,0,0
20105,r0018,0,0.0,0.0,0.014517550432942616,0.4,0.6,2.0,0.0,0.0,0.0,0.0,0,1,0,0,0.0,0.0,0.0,0.0,0.0,0.0,0.0,0.0,0,0
20106,r0011,0,3570.84842677342,3512.4191684704,-0.016362850314488475,0.4,0.6,2.0,7.822196318200636e-12,4.693317790920381e-12,0.0,0.0,0,0,1,0,0.0,0.0,0.0,0.0,0.0,0.0,0.0,0.0,195,0
20106,r0007,0,5544.042039305154,6090.170963686391,0.09850735627713325,0.4,0.6,2.0,-5.544159313737579e-13,-3.3264955882425473e-13,0.0,0.0,1,1,0,0,0.0,0.0,0.0,0.0,0.0,0.0,0.0,0.0,0,0
20106,r0000,0,0.0,0.0,-0.08074490898123088,0.4,0.6,2.0,0.0,0.0,0.0,0.0,0,0,0,0,0.0,0.0,0.0,0.0,0.0,0.0,0.0,0.0,0,0
