timestamp,input_tokens,output_tokens,request_type,source
2023-11-16 18:17:03.979960+00:00,4808,10,code,azure_2023
2023-11-16 18:17:04.031960+00:00,3180,8,code,azure_2023
2023-11-16 18:17:04.078149+00:00,110,27,code,azure_2023
2023-11-16 18:17:04.120644+00:00,7433,14,code,azure_2023
2023-11-16 18:17:04.424954+00:00,34,12,code,azure_2023
2023-11-16 18:17:04.519147+00:00,374,14,code,azure_2023
2023-11-16 18:17:04.678531+00:00,6985,9,code,azure_2023
2023-11-16 18:17:04.996001+00:00,34,23,code,azure_2023
2023-11-16 18:17:05.279272+00:00,1145,7,code,azure_2023
2023-11-16 18:17:05.279297+00:00,201,24,code,azure_2023
2023-11-16 18:17:05.378882+00:00,137,9,code,azure_2023
2023-11-16 18:17:05.379047+00:00,7427,8,code,azure_2023
2023-11-16 18:17:33.459029+00:00,1555,19,code,azure_2023
2023-11-16 18:17:33.560367+00:00,3893,19,code,azure_2023
2023-11-16 18:17:33.590285+00:00,1827,10,code,azure_2023
2023-11-16 18:17:33.659113+00:00,394,17,code,azure_2023
2023-11-16 18:17:33.697448+00:00,675,6,code,azure_2023
2023-11-16 18:17:34.157829+00:00,7436,9,code,azure_2023
2023-11-16 18:17:34.205691+00:00,158,26,code,azure_2023
2023-11-16 18:17:34.462686+00:00,6587,18,code,azure_2023
2023-11-16 18:17:34.483419+00:00,763,8,code,azure_2023
2023-11-16 18:17:34.963615+00:00,1556,18,code,azure_2023
2023-11-16 18:17:35.265376+00:00,5108,12,code,azure_2023
2023-11-16 18:17:35.434647+00:00,159,127,code,azure_2023
2023-11-16 18:17:35.434977+00:00,458,67,code,azure_2023
2023-11-16 18:17:35.619982+00:00,2464,30,code,azure_2023
2023-11-16 18:17:35.787082+00:00,4009,51,code,azure_2023
2023-11-16 18:17:36.607342+00:00,1632,9,code,azure_2023
2023-11-16 18:17:36.687921+00:00,2567,45,code,azure_2023
2023-11-16 18:17:37.059955+00:00,730,36,code,azure_2023
2023-11-16 18:17:37.320035+00:00,5108,10,code,azure_2023
2023-11-16 18:17:37.514038+00:00,2569,7,code,azure_2023
2023-11-16 18:17:37.559210+00:00,1832,7,code,azure_2023
2023-11-16 18:17:37.566608+00:00,1630,9,code,azure_2023
2023-11-16 18:17:37.659668+00:00,6587,13,code,azure_2023
2023-11-16 18:17:37.661427+00:00,7436,6,code,azure_2023
2023-11-16 18:17:37.760968+00:00,1044,16,code,azure_2023
2023-11-16 18:17:37.860023+00:00,327,124,code,azure_2023
2023-11-16 18:17:37.962995+00:00,1630,9,code,azure_2023
2023-11-16 18:17:38.264399+00:00,3351,9,code,azure_2023
2023-11-16 18:17:38.425868+00:00,1562,18,code,azure_2023
2023-11-16 18:17:38.858932+00:00,3724,9,code,azure_2023
2023-11-16 18:17:38.959149+00:00,328,43,code,azure_2023
2023-11-16 18:17:39.014083+00:00,965,8,code,azure_2023
2023-11-16 18:17:39.327110+00:00,6586,11,code,azure_2023
2023-11-16 18:17:39.334460+00:00,2366,7,code,azure_2023
2023-11-16 18:17:39.779318+00:00,328,40,code,azure_2023
2023-11-16 18:17:39.960951+00:00,1513,29,code,azure_2023
2023-11-16 18:17:40.260447+00:00,328,9,code,azure_2023
2023-11-16 18:17:40.629358+00:00,2025,9,code,azure_2023
2023-11-16 18:17:40.683986+00:00,2169,13,code,azure_2023
2023-11-16 18:17:40.759007+00:00,74,14,code,azure_2023
2023-11-16 18:17:41.359383+00:00,771,142,code,azure_2023
2023-11-16 18:17:41.403130+00:00,76,18,code,azure_2023
2023-11-16 18:17:41.878162+00:00,75,16,code,azure_2023
2023-11-16 18:17:42.059751+00:00,527,27,code,azure_2023
2023-11-16 18:17:42.191375+00:00,2024,97,code,azure_2023
2023-11-16 18:17:42.660498+00:00,197,7,code,azure_2023
2023-11-16 18:17:42.671489+00:00,109,12,code,azure_2023
2023-11-16 18:17:42.867112+00:00,432,10,code,azure_2023
2023-11-16 18:17:43.060584+00:00,2025,19,code,azure_2023
2023-11-16 18:17:43.265926+00:00,6586,9,code,azure_2023
2023-11-16 18:17:43.307477+00:00,7435,9,code,azure_2023
2023-11-16 18:20:07.041751+00:00,2648,15,code,azure_2023
2023-11-16 18:20:07.137896+00:00,2564,9,code,azure_2023
2023-11-16 18:20:07.138982+00:00,3245,15,code,azure_2023
2023-11-16 18:20:07.240132+00:00,2144,9,code,azure_2023
2023-11-16 18:20:07.438034+00:00,2128,13,code,azure_2023
2023-11-16 18:20:07.439869+00:00,7436,8,code,azure_2023
2023-11-16 18:20:07.542795+00:00,250,6,code,azure_2023
2023-11-16 18:20:07.636514+00:00,1177,23,code,azure_2023
2023-11-16 18:20:07.636568+00:00,2743,38,code,azure_2023
2023-11-16 18:20:11.139302+00:00,144,18,code,azure_2023
2023-11-16 18:20:11.238267+00:00,88,19,code,azure_2023
2023-11-16 18:20:11.238989+00:00,6819,82,code,azure_2023
2023-11-16 18:20:11.341518+00:00,1179,13,code,azure_2023
2023-11-16 18:20:11.538531+00:00,3154,9,code,azure_2023
2023-11-16 18:20:11.539356+00:00,7435,13,code,azure_2023
2023-11-16 18:20:11.545700+00:00,2656,11,code,azure_2023
2023-11-16 18:20:11.641300+00:00,236,226,code,azure_2023
2023-11-16 18:20:12.235331+00:00,90,25,code,azure_2023
2023-11-16 18:20:12.236660+00:00,3631,15,code,azure_2023
2023-11-16 18:20:12.239360+00:00,1901,20,code,azure_2023
2023-11-16 18:20:12.242172+00:00,318,9,code,azure_2023
2023-11-16 18:20:12.334130+00:00,4556,16,code,azure_2023
2023-11-16 18:20:12.342088+00:00,5925,52,code,azure_2023
2023-11-16 18:20:12.344126+00:00,43,33,code,azure_2023
2023-11-16 18:20:12.346291+00:00,134,18,code,azure_2023
2023-11-16 18:20:12.434230+00:00,163,13,code,azure_2023
2023-11-16 18:20:12.437604+00:00,3286,15,code,azure_2023
2023-11-16 18:20:12.438230+00:00,522,14,code,azure_2023
2023-11-16 18:20:12.541401+00:00,583,6,code,azure_2023
2023-11-16 18:20:15.078867+00:00,318,7,code,azure_2023
2023-11-16 18:20:15.339164+00:00,147,17,code,azure_2023
2023-11-16 18:20:15.339318+00:00,5025,17,code,azure_2023
2023-11-16 18:20:15.538068+00:00,4557,9,code,azure_2023
2023-11-16 18:20:15.638773+00:00,1468,6,code,azure_2023
2023-11-16 18:20:15.638906+00:00,164,18,code,azure_2023
2023-11-16 18:20:15.639875+00:00,584,24,code,azure_2023
2023-11-16 18:20:16.142101+00:00,523,9,code,azure_2023
2023-11-16 18:20:16.334642+00:00,61,9,code,azure_2023
2023-11-16 18:20:16.335764+00:00,1724,11,code,azure_2023
2023-11-16 18:20:16.343901+00:00,1891,16,code,azure_2023
2023-11-16 18:20:16.343924+00:00,2507,6,code,azure_2023
2023-11-16 18:20:16.437859+00:00,2147,22,code,azure_2023
2023-11-16 18:20:16.437949+00:00,3066,6,code,azure_2023
2023-11-16 18:20:16.440499+00:00,118,9,code,azure_2023
2023-11-16 18:20:16.440549+00:00,2657,11,code,azure_2023
2023-11-16 18:20:16.441681+00:00,4556,25,code,azure_2023
2023-11-16 18:20:16.540824+00:00,5926,121,code,azure_2023
2023-11-16 18:20:16.543019+00:00,7435,6,code,azure_2023
2023-11-16 18:20:16.635158+00:00,149,20,code,azure_2023
2023-11-16 18:20:19.242588+00:00,3658,6,code,azure_2023
2023-11-16 18:20:19.341918+00:00,3397,7,code,azure_2023
2023-11-16 18:20:19.342058+00:00,5927,21,code,azure_2023
2023-11-16 18:20:19.343120+00:00,1894,7,code,azure_2023
2023-11-16 18:20:19.434143+00:00,2647,6,code,azure_2023
2023-11-16 18:20:19.442919+00:00,169,25,code,azure_2023
2023-11-16 18:20:19.539840+00:00,138,29,code,azure_2023
2023-11-16 18:20:19.636287+00:00,5928,6,code,azure_2023
2023-11-16 18:20:19.639126+00:00,154,7,code,azure_2023
2023-11-16 18:20:19.640459+00:00,1107,13,code,azure_2023
2023-11-16 18:20:19.739314+00:00,1894,19,code,azure_2023
2023-11-16 18:20:19.938989+00:00,2647,12,code,azure_2023
2023-11-16 18:20:19.940484+00:00,1182,18,code,azure_2023
2023-11-16 18:20:19.942179+00:00,1650,11,code,azure_2023
2023-11-16 18:20:20.034090+00:00,5538,697,code,azure_2023
2023-11-16 18:20:20.035275+00:00,526,7,code,azure_2023
2023-11-16 18:20:20.236041+00:00,152,15,code,azure_2023
2023-11-16 18:20:20.239732+00:00,4566,20,code,azure_2023
2023-11-16 18:20:20.337592+00:00,7419,6,code,azure_2023
2023-11-16 18:20:20.341403+00:00,46,25,code,azure_2023
2023-11-16 18:20:20.342405+00:00,2862,13,code,azure_2023
2023-11-16 18:20:20.434132+00:00,1724,32,code,azure_2023
2023-11-16 18:20:20.537140+00:00,1724,16,code,azure_2023
2023-11-16 18:20:20.541578+00:00,155,30,code,azure_2023
2023-11-16 18:20:20.634551+00:00,81,15,code,azure_2023
2023-11-16 18:20:20.638626+00:00,1650,13,code,azure_2023
2023-11-16 18:20:20.639373+00:00,1364,9,code,azure_2023
2023-11-16 18:20:20.639587+00:00,1908,22,code,azure_2023
2023-11-16 18:20:20.641558+00:00,123,15,code,azure_2023
2023-11-16 18:20:20.642435+00:00,81,7,code,azure_2023
2023-11-16 18:20:20.734292+00:00,1724,15,code,azure_2023
2023-11-16 18:20:20.740385+00:00,247,84,code,azure_2023
2023-11-16 18:20:20.745687+00:00,3854,10,code,azure_2023
2023-11-16 18:20:20.746886+00:00,83,6,code,azure_2023
2023-11-16 18:20:20.842265+00:00,156,21,code,azure_2023
2023-11-16 18:20:20.842314+00:00,247,71,code,azure_2023
2023-11-16 18:20:20.937333+00:00,3066,12,code,azure_2023
2023-11-16 18:20:20.937432+00:00,3517,11,code,azure_2023
2023-11-16 18:20:20.938896+00:00,2081,6,code,azure_2023
2023-11-16 18:20:20.941590+00:00,143,12,code,azure_2023
2023-11-16 18:20:21.040164+00:00,2649,20,code,azure_2023
2023-11-16 18:20:21.137625+00:00,2655,9,code,azure_2023
2023-11-16 18:20:21.237348+00:00,1724,18,code,azure_2023
2023-11-16 18:20:21.242319+00:00,2128,13,code,azure_2023
2023-11-16 18:20:21.337391+00:00,3067,9,code,azure_2023
2023-11-16 18:20:21.341376+00:00,2926,12,code,azure_2023
2023-11-16 18:20:21.440257+00:00,1900,46,code,azure_2023
2023-11-16 18:20:21.440538+00:00,2047,106,code,azure_2023
2023-11-16 18:20:21.441629+00:00,5923,55,code,azure_2023
2023-11-16 18:20:21.540774+00:00,2971,9,code,azure_2023
2023-11-16 18:20:21.541583+00:00,2156,13,code,azure_2023
2023-11-16 18:20:21.640294+00:00,573,6,code,azure_2023
2023-11-16 18:20:21.641802+00:00,14,10,code,azure_2023
2023-11-16 18:20:21.642912+00:00,232,6,code,azure_2023
2023-11-16 18:20:21.646726+00:00,3284,7,code,azure_2023
2023-11-16 18:20:21.737754+00:00,1364,9,code,azure_2023
2023-11-16 18:20:21.739276+00:00,161,16,code,azure_2023
2023-11-16 18:20:21.742404+00:00,316,23,code,azure_2023
2023-11-16 18:20:21.936019+00:00,2084,16,code,azure_2023
2023-11-16 18:20:21.938529+00:00,2068,11,code,azure_2023
2023-11-16 18:20:21.942719+00:00,1180,39,code,azure_2023
2023-11-16 18:20:22.236698+00:00,2654,17,code,azure_2023
2023-11-16 18:20:22.241195+00:00,146,16,code,azure_2023
2023-11-16 18:20:22.340570+00:00,318,11,code,azure_2023
2023-11-16 18:20:22.342473+00:00,3288,10,code,azure_2023
2023-11-16 18:20:22.438495+00:00,252,17,code,azure_2023
2023-11-16 18:20:22.439675+00:00,35,14,code,azure_2023
2023-11-16 18:20:22.536902+00:00,337,13,code,azure_2023
2023-11-16 18:20:22.536965+00:00,109,6,code,azure_2023
2023-11-16 18:20:22.539574+00:00,148,43,code,azure_2023
2023-11-16 18:20:22.540791+00:00,985,27,code,azure_2023
2023-11-16 18:20:22.543049+00:00,2136,8,code,azure_2023
2023-11-16 18:20:22.546745+00:00,2657,7,code,azure_2023
2023-11-16 18:20:22.741295+00:00,3289,15,code,azure_2023
2023-11-16 18:20:22.743109+00:00,2136,12,code,azure_2023
2023-11-16 18:20:22.837227+00:00,135,6,code,azure_2023
2023-11-16 18:20:22.840695+00:00,181,105,code,azure_2023
2023-11-16 18:20:22.934234+00:00,3399,10,code,azure_2023
2023-11-16 18:20:22.939591+00:00,1067,9,code,azure_2023
2023-11-16 18:20:22.940609+00:00,5831,11,code,azure_2023
2023-11-16 18:20:22.940801+00:00,153,15,code,azure_2023
2023-11-16 18:20:22.943852+00:00,527,7,code,azure_2023
2023-11-16 18:20:22.945877+00:00,1905,17,code,azure_2023
2023-11-16 18:20:22.957236+00:00,1293,25,code,azure_2023
2023-11-16 18:20:23.037918+00:00,1180,6,code,azure_2023
2023-11-16 18:20:23.037980+00:00,61,21,code,azure_2023
2023-11-16 18:20:23.053339+00:00,1278,9,code,azure_2023
2023-11-16 18:20:23.069545+00:00,65,10,code,azure_2023
2023-11-16 18:20:23.153432+00:00,217,9,code,azure_2023
2023-11-16 18:20:23.236430+00:00,287,9,code,azure_2023
2023-11-16 18:20:23.236486+00:00,3064,15,code,azure_2023
2023-11-16 18:20:23.236567+00:00,116,10,code,azure_2023
2023-11-16 18:20:23.239121+00:00,1638,9,code,azure_2023
2023-11-16 18:20:23.239205+00:00,3396,7,code,azure_2023
2023-11-16 18:20:23.353473+00:00,2077,15,code,azure_2023
2023-11-16 18:20:23.353562+00:00,4629,6,code,azure_2023
2023-11-16 18:20:23.353626+00:00,1084,6,code,azure_2023
2023-11-16 18:20:23.354771+00:00,1259,8,code,azure_2023
2023-11-16 18:20:23.457369+00:00,7332,26,code,azure_2023
2023-11-16 18:20:23.460722+00:00,4081,29,code,azure_2023
2023-11-16 18:20:23.655707+00:00,1137,58,code,azure_2023
2023-11-16 18:20:23.739355+00:00,1430,12,code,azure_2023
2023-11-16 18:20:23.754331+00:00,596,6,code,azure_2023
2023-11-16 18:20:23.835309+00:00,174,18,code,azure_2023
2023-11-16 18:20:23.841667+00:00,2969,25,code,azure_2023
2023-11-16 18:20:23.843953+00:00,2157,7,code,azure_2023
2023-11-16 18:20:23.855410+00:00,596,67,code,azure_2023
2023-11-16 18:20:23.934439+00:00,175,18,code,azure_2023
2023-11-16 18:20:23.940444+00:00,108,11,code,azure_2023
2023-11-16 18:20:23.941466+00:00,161,11,code,azure_2023
2023-11-16 18:20:23.941489+00:00,3399,19,code,azure_2023
2023-11-16 18:20:23.955959+00:00,1278,9,code,azure_2023
2023-11-16 18:20:24.053202+00:00,296,6,code,azure_2023
2023-11-16 18:20:24.061831+00:00,4629,6,code,azure_2023
2023-11-16 18:20:24.062283+00:00,842,7,code,azure_2023
2023-11-16 18:20:24.354964+00:00,220,6,code,azure_2023
2023-11-16 18:20:24.354970+00:00,4771,16,code,azure_2023
2023-11-16 18:20:24.553217+00:00,1059,9,code,azure_2023
2023-11-16 18:20:24.553278+00:00,1087,6,code,azure_2023
2023-11-16 18:20:24.655094+00:00,14,9,code,azure_2023
2023-11-16 18:20:24.755776+00:00,1326,6,code,azure_2023
2023-11-16 18:20:24.955657+00:00,627,48,code,azure_2023
2023-11-16 18:20:24.959932+00:00,4769,9,code,azure_2023
2023-11-16 18:20:25.153150+00:00,1326,6,code,azure_2023
2023-11-16 18:20:25.665270+00:00,1195,9,code,azure_2023
2023-11-16 18:20:25.757860+00:00,40,16,code,azure_2023
2023-11-16 18:20:25.855128+00:00,2187,13,code,azure_2023
2023-11-16 18:20:25.855140+00:00,4083,41,code,azure_2023
2023-11-16 18:20:25.986263+00:00,846,12,code,azure_2023
2023-11-16 18:20:26.091315+00:00,1260,19,code,azure_2023
2023-11-16 18:20:26.114473+00:00,1197,6,code,azure_2023
2023-11-16 18:20:26.253218+00:00,7435,13,code,azure_2023
2023-11-16 18:20:26.256967+00:00,6051,13,code,azure_2023
2023-11-16 18:20:26.753147+00:00,1196,18,code,azure_2023
2023-11-16 18:20:27.186611+00:00,847,32,code,azure_2023
2023-11-16 18:20:27.215450+00:00,7436,11,code,azure_2023
2023-11-16 18:20:27.553267+00:00,1257,9,code,azure_2023
2023-11-16 18:20:27.657075+00:00,4770,39,code,azure_2023
2023-11-16 18:20:27.898849+00:00,847,26,code,azure_2023
2023-11-16 18:20:28.340828+00:00,848,8,code,azure_2023
2023-11-16 18:20:28.553912+00:00,694,155,code,azure_2023
2023-11-16 18:20:28.754444+00:00,7435,13,code,azure_2023
2023-11-16 18:20:28.779479+00:00,847,8,code,azure_2023
2023-11-16 18:20:28.787361+00:00,1748,15,code,azure_2023
2023-11-16 18:20:28.982887+00:00,7335,11,code,azure_2023
2023-11-16 18:20:29.155409+00:00,4803,13,code,azure_2023
2023-11-16 18:20:29.156484+00:00,1200,6,code,azure_2023
2023-11-16 18:20:29.453139+00:00,694,16,code,azure_2023
2023-11-16 18:20:29.455145+00:00,1490,6,code,azure_2023
2023-11-16 18:20:29.459601+00:00,6054,6,code,azure_2023
2023-11-16 18:20:29.555027+00:00,847,13,code,azure_2023
2023-11-16 18:20:29.657157+00:00,1201,12,code,azure_2023
2023-11-16 18:20:37.725180+00:00,1141,22,code,azure_2023
2023-11-16 18:20:37.821086+00:00,377,11,code,azure_2023
2023-11-16 18:20:37.923654+00:00,7421,13,code,azure_2023
2023-11-16 18:20:38.015699+00:00,389,12,code,azure_2023
2023-11-16 18:20:38.020684+00:00,1144,10,code,azure_2023
2023-11-16 18:20:38.021401+00:00,3640,14,code,azure_2023
2023-11-16 18:20:38.123250+00:00,968,16,code,azure_2023
2023-11-16 18:20:38.123966+00:00,3376,118,code,azure_2023
2023-11-16 18:20:38.216183+00:00,2436,7,code,azure_2023
2023-11-16 18:20:38.716906+00:00,481,11,code,azure_2023
2023-11-16 18:20:38.719492+00:00,2165,10,code,azure_2023
2023-11-16 18:20:38.721652+00:00,103,13,code,azure_2023
2023-11-16 18:20:38.721664+00:00,3548,15,code,azure_2023
2023-11-16 18:20:38.922337+00:00,483,9,code,azure_2023
2023-11-16 18:20:39.020079+00:00,2113,145,code,azure_2023
2023-11-16 18:20:39.021172+00:00,2436,14,code,azure_2023
2023-11-16 18:20:39.024841+00:00,2437,13,code,azure_2023
2023-11-16 18:20:39.119797+00:00,1292,70,code,azure_2023
2023-11-16 18:20:39.120982+00:00,7429,9,code,azure_2023
2023-11-16 18:20:39.220942+00:00,7408,12,code,azure_2023
2023-11-16 18:20:39.221988+00:00,484,10,code,azure_2023
2023-11-16 18:20:39.223877+00:00,2575,16,code,azure_2023
2023-11-16 18:20:39.224937+00:00,2113,123,code,azure_2023
2023-11-16 18:20:39.318932+00:00,1282,15,code,azure_2023
2023-11-16 18:20:39.320473+00:00,2595,186,code,azure_2023
2023-11-16 18:20:39.418302+00:00,1852,12,code,azure_2023
2023-11-16 18:20:39.420758+00:00,878,17,code,azure_2023
2023-11-16 18:20:39.517634+00:00,945,9,code,azure_2023
2023-11-16 18:20:39.523229+00:00,7419,8,code,azure_2023
2023-11-16 18:20:39.523427+00:00,1148,39,code,azure_2023
2023-11-16 18:20:39.524380+00:00,55,6,code,azure_2023
2023-11-16 18:20:39.723091+00:00,239,10,code,azure_2023
2023-11-16 18:20:39.814912+00:00,55,8,code,azure_2023
2023-11-16 18:20:39.820645+00:00,56,9,code,azure_2023
2023-11-16 18:20:40.621469+00:00,486,16,code,azure_2023
2023-11-16 18:20:40.818199+00:00,176,88,code,azure_2023
2023-11-16 18:20:40.819154+00:00,881,12,code,azure_2023
2023-11-16 18:20:40.819419+00:00,1156,17,code,azure_2023
2023-11-16 18:20:42.523012+00:00,971,40,code,azure_2023
2023-11-16 18:20:42.523091+00:00,1006,7,code,azure_2023
2023-11-16 18:20:43.587309+00:00,2860,239,code,azure_2023
2023-11-16 18:20:43.587384+00:00,5219,8,code,azure_2023
2023-11-16 18:20:43.615850+00:00,1922,6,code,azure_2023
2023-11-16 18:20:43.618886+00:00,3378,8,code,azure_2023
2023-11-16 18:20:43.683661+00:00,2872,20,code,azure_2023
2023-11-16 18:20:43.720079+00:00,1175,9,code,azure_2023
2023-11-16 18:20:43.778943+00:00,6606,11,code,azure_2023
2023-11-16 18:20:43.786807+00:00,2005,13,code,azure_2023
2023-11-16 18:20:43.818037+00:00,882,11,code,azure_2023
2023-11-16 18:20:43.821189+00:00,881,8,code,azure_2023
2023-11-16 18:20:43.821299+00:00,1292,70,code,azure_2023
2023-11-16 18:20:43.880968+00:00,387,10,code,azure_2023
2023-11-16 18:20:43.984386+00:00,2172,14,code,azure_2023
2023-11-16 18:20:43.988322+00:00,2001,6,code,azure_2023
2023-11-16 18:20:44.082187+00:00,387,9,code,azure_2023
2023-11-16 18:20:44.083305+00:00,5423,9,code,azure_2023
2023-11-16 18:20:44.083447+00:00,35,17,code,azure_2023
2023-11-16 18:20:44.316133+00:00,879,14,code,azure_2023
2023-11-16 18:20:44.401044+00:00,917,11,code,azure_2023
2023-11-16 18:20:44.479375+00:00,4028,218,code,azure_2023
2023-11-16 18:20:44.515265+00:00,3379,7,code,azure_2023
2023-11-16 18:20:44.520780+00:00,3945,26,code,azure_2023
2023-11-16 18:20:45.383538+00:00,89,8,code,azure_2023
2023-11-16 18:20:45.383659+00:00,1202,7,code,azure_2023
2023-11-16 18:20:45.383766+00:00,6607,11,code,azure_2023
2023-11-16 18:20:45.481943+00:00,1294,6,code,azure_2023
2023-11-16 18:20:45.482017+00:00,6906,302,code,azure_2023
2023-11-16 18:20:45.482722+00:00,917,11,code,azure_2023
2023-11-16 18:20:45.489481+00:00,1096,16,code,azure_2023
2023-11-16 18:20:45.583307+00:00,1291,22,code,azure_2023
2023-11-16 18:20:45.677480+00:00,50,66,code,azure_2023
2023-11-16 18:20:45.778729+00:00,1847,8,code,azure_2023
2023-11-16 18:20:45.784881+00:00,736,21,code,azure_2023
2023-11-16 18:20:45.877981+00:00,5431,12,code,azure_2023
2023-11-16 18:20:46.163715+00:00,1575,28,code,azure_2023
2023-11-16 18:20:46.164764+00:00,727,7,code,azure_2023
2023-11-16 18:20:46.262369+00:00,45,16,code,azure_2023
2023-11-16 18:20:46.262448+00:00,2353,12,code,azure_2023
2023-11-16 18:20:46.361561+00:00,194,6,code,azure_2023
2023-11-16 18:20:46.367421+00:00,5881,6,code,azure_2023
2023-11-16 18:20:46.368375+00:00,3253,73,code,azure_2023
2023-11-16 18:20:46.458569+00:00,194,6,code,azure_2023
2023-11-16 18:20:46.461595+00:00,1233,153,code,azure_2023
2023-11-16 18:20:46.463363+00:00,195,13,code,azure_2023
2023-11-16 18:20:46.468739+00:00,195,14,code,azure_2023
2023-11-16 18:20:46.520372+00:00,2596,13,code,azure_2023
2023-11-16 18:20:46.523575+00:00,1258,16,code,azure_2023
2023-11-16 18:20:46.559069+00:00,5697,19,code,azure_2023
2023-11-16 18:20:46.559319+00:00,1031,9,code,azure_2023
2023-11-16 18:20:46.564992+00:00,5699,7,code,azure_2023
2023-11-16 18:20:46.565033+00:00,1648,10,code,azure_2023
2023-11-16 18:20:46.622057+00:00,552,12,code,azure_2023
2023-11-16 18:20:46.622099+00:00,1861,9,code,azure_2023
2023-11-16 18:20:46.659121+00:00,4681,58,code,azure_2023
2023-11-16 18:20:46.659229+00:00,5801,7,code,azure_2023
2023-11-16 18:20:46.665449+00:00,729,17,code,azure_2023
2023-11-16 18:20:46.715119+00:00,879,8,code,azure_2023
2023-11-16 18:20:46.762108+00:00,5886,8,code,azure_2023
2023-11-16 18:20:46.762120+00:00,3765,9,code,azure_2023
2023-11-16 18:20:46.763139+00:00,3760,13,code,azure_2023
2023-11-16 18:20:46.765054+00:00,53,42,code,azure_2023
2023-11-16 18:20:46.822316+00:00,108,15,code,azure_2023
2023-11-16 18:20:47.529132+00:00,134,6,code,azure_2023
2023-11-16 18:20:47.616965+00:00,7436,10,code,azure_2023
2023-11-16 18:20:47.618093+00:00,58,13,code,azure_2023
2023-11-16 18:20:47.916468+00:00,63,8,code,azure_2023
2023-11-16 18:20:47.919517+00:00,1863,15,code,azure_2023
2023-11-16 18:20:48.165995+00:00,65,16,code,azure_2023
2023-11-16 18:20:48.262506+00:00,2670,6,code,azure_2023
2023-11-16 18:20:48.268324+00:00,5801,91,code,azure_2023
2023-11-16 18:20:48.368459+00:00,5801,37,code,azure_2023
2023-11-16 18:20:48.388513+00:00,52,18,code,azure_2023
2023-11-16 18:20:48.480181+00:00,92,15,code,azure_2023
2023-11-16 18:20:48.563425+00:00,1291,48,code,azure_2023
2023-11-16 18:20:48.567132+00:00,1916,9,code,azure_2023
2023-11-16 18:20:48.580428+00:00,4030,72,code,azure_2023
2023-11-16 18:20:48.589437+00:00,2555,11,code,azure_2023
2023-11-16 18:20:48.618486+00:00,130,13,code,azure_2023
2023-11-16 18:20:48.622860+00:00,768,11,code,azure_2023
2023-11-16 18:20:48.663249+00:00,1469,10,code,azure_2023
2023-11-16 18:20:48.665390+00:00,1879,18,code,azure_2023
2023-11-16 18:20:48.667404+00:00,2241,10,code,azure_2023
2023-11-16 18:20:48.668340+00:00,2976,16,code,azure_2023
2023-11-16 18:20:48.668347+00:00,201,121,code,azure_2023
2023-11-16 18:20:48.719617+00:00,945,9,code,azure_2023
2023-11-16 18:20:48.719768+00:00,111,23,code,azure_2023
2023-11-16 18:20:48.785697+00:00,53,44,code,azure_2023
2023-11-16 18:20:48.815536+00:00,2174,8,code,azure_2023
2023-11-16 18:20:48.815614+00:00,2215,16,code,azure_2023
2023-11-16 18:20:48.879236+00:00,6611,10,code,azure_2023
2023-11-16 18:20:48.879260+00:00,1747,9,code,azure_2023
2023-11-16 18:20:48.879487+00:00,6919,16,code,azure_2023
2023-11-16 18:20:48.916519+00:00,6646,14,code,azure_2023
2023-11-16 18:20:48.922437+00:00,2608,33,code,azure_2023
2023-11-16 18:20:49.083102+00:00,2553,11,code,azure_2023
2023-11-16 18:20:49.086009+00:00,5442,11,code,azure_2023
2023-11-16 18:20:49.117088+00:00,110,12,code,azure_2023
2023-11-16 18:20:49.221893+00:00,324,10,code,azure_2023
2023-11-16 18:20:49.222045+00:00,883,10,code,azure_2023
2023-11-16 18:20:49.414409+00:00,928,6,code,azure_2023
2023-11-16 18:20:49.516952+00:00,1292,12,code,azure_2023
2023-11-16 18:20:49.517813+00:00,2608,34,code,azure_2023
2023-11-16 18:20:49.517958+00:00,2123,21,code,azure_2023
2023-11-16 18:20:49.814162+00:00,2116,33,code,azure_2023
2023-11-16 18:20:49.915257+00:00,2287,10,code,azure_2023
2023-11-16 18:20:49.916160+00:00,882,11,code,azure_2023
2023-11-16 18:20:50.480330+00:00,45,11,code,azure_2023
2023-11-16 18:20:50.584536+00:00,738,21,code,azure_2023
2023-11-16 18:20:50.789209+00:00,859,14,code,azure_2023
2023-11-16 18:20:50.878274+00:00,5452,10,code,azure_2023
2023-11-16 18:20:50.883671+00:00,6478,41,code,azure_2023
2023-11-16 18:20:50.984890+00:00,266,52,code,azure_2023
2023-11-16 18:20:50.986011+00:00,859,22,code,azure_2023
2023-11-16 18:20:50.987164+00:00,4035,25,code,azure_2023
2023-11-16 18:20:51.067946+00:00,4684,6,code,azure_2023
2023-11-16 18:20:51.079797+00:00,94,14,code,azure_2023
2023-11-16 18:20:51.085241+00:00,6918,49,code,azure_2023
2023-11-16 18:20:51.182795+00:00,50,20,code,azure_2023
2023-11-16 18:20:51.189301+00:00,6608,11,code,azure_2023
2023-11-16 18:20:51.280369+00:00,46,21,code,azure_2023
2023-11-16 18:20:51.386835+00:00,97,10,code,azure_2023
2023-11-16 18:20:51.577519+00:00,46,13,code,azure_2023
2023-11-16 18:20:51.578405+00:00,5461,13,code,azure_2023
2023-11-16 18:20:51.578417+00:00,4991,9,code,azure_2023
2023-11-16 18:20:51.583458+00:00,1969,100,code,azure_2023
2023-11-16 18:20:51.584293+00:00,4821,23,code,azure_2023
2023-11-16 18:20:51.664818+00:00,2979,11,code,azure_2023
2023-11-16 18:20:51.759786+00:00,1034,12,code,azure_2023
2023-11-16 18:20:51.766745+00:00,736,12,code,azure_2023
2023-11-16 18:20:51.863312+00:00,5801,61,code,azure_2023
2023-11-16 18:20:51.865437+00:00,2979,19,code,azure_2023
2023-11-16 18:20:51.869196+00:00,2242,17,code,azure_2023
2023-11-16 18:20:52.164911+00:00,163,53,code,azure_2023
2023-11-16 18:20:52.166145+00:00,2679,222,code,azure_2023
2023-11-16 18:20:52.169135+00:00,1469,10,code,azure_2023
2023-11-16 18:20:52.258605+00:00,193,11,code,azure_2023
2023-11-16 18:20:52.259418+00:00,313,26,code,azure_2023
2023-11-16 18:20:52.263627+00:00,5803,6,code,azure_2023
2023-11-16 18:20:52.263788+00:00,4685,6,code,azure_2023
2023-11-16 18:20:52.269142+00:00,1038,9,code,azure_2023
2023-11-16 18:20:52.359762+00:00,72,9,code,azure_2023
2023-11-16 18:20:52.460627+00:00,1469,10,code,azure_2023
2023-11-16 18:20:52.462837+00:00,4530,11,code,azure_2023
2023-11-16 18:20:52.466809+00:00,1650,39,code,azure_2023
2023-11-16 18:20:53.578133+00:00,46,9,code,azure_2023
2023-11-16 18:20:53.582262+00:00,47,12,code,azure_2023
2023-11-16 18:20:53.683337+00:00,94,13,code,azure_2023
2023-11-16 18:20:53.683448+00:00,5473,7,code,azure_2023
2023-11-16 18:20:53.683576+00:00,661,22,code,azure_2023
2023-11-16 18:20:53.983004+00:00,5473,7,code,azure_2023
2023-11-16 18:20:53.986923+00:00,3330,21,code,azure_2023
2023-11-16 18:20:53.987871+00:00,661,12,code,azure_2023
2023-11-16 18:20:53.987974+00:00,1980,9,code,azure_2023
2023-11-16 18:20:54.384925+00:00,3286,37,code,azure_2023
2023-11-16 18:20:54.479556+00:00,94,8,code,azure_2023
2023-11-16 18:20:54.578203+00:00,3286,19,code,azure_2023
2023-11-16 18:20:54.585338+00:00,863,16,code,azure_2023
2023-11-16 18:20:54.588972+00:00,865,16,code,azure_2023
2023-11-16 18:20:54.678112+00:00,3287,9,code,azure_2023
2023-11-16 18:20:54.681153+00:00,5590,76,code,azure_2023
2023-11-16 18:20:54.682795+00:00,1981,7,code,azure_2023
2023-11-16 18:20:54.784330+00:00,97,8,code,azure_2023
2023-11-16 18:20:54.787115+00:00,2124,13,code,azure_2023
2023-11-16 18:20:54.880042+00:00,5479,13,code,azure_2023
2023-11-16 18:20:54.883135+00:00,50,9,code,azure_2023
2023-11-16 18:20:55.484777+00:00,3325,12,code,azure_2023
2023-11-16 18:20:55.580820+00:00,429,9,code,azure_2023
2023-11-16 18:20:55.580906+00:00,10,7,code,azure_2023
2023-11-16 18:20:55.581829+00:00,863,15,code,azure_2023
2023-11-16 18:20:55.584451+00:00,5503,9,code,azure_2023
2023-11-16 18:20:55.682588+00:00,1338,11,code,azure_2023
2023-11-16 18:20:55.683580+00:00,3324,6,code,azure_2023
2023-11-16 18:20:55.683738+00:00,5491,13,code,azure_2023
2023-11-16 18:20:55.686276+00:00,1397,9,code,azure_2023
2023-11-16 18:20:55.687129+00:00,10,16,code,azure_2023
2023-11-16 18:20:55.688119+00:00,2130,12,code,azure_2023
2023-11-16 18:20:55.781733+00:00,4829,16,code,azure_2023
2023-11-16 18:20:55.783324+00:00,98,12,code,azure_2023
2023-11-16 18:20:55.784171+00:00,863,9,code,azure_2023
2023-11-16 18:20:55.979154+00:00,1802,15,code,azure_2023
2023-11-16 18:20:55.983115+00:00,3326,11,code,azure_2023
2023-11-16 18:20:55.983172+00:00,5511,12,code,azure_2023
2023-11-16 18:20:55.984132+00:00,100,6,code,azure_2023
2023-11-16 18:20:55.985013+00:00,866,18,code,azure_2023
2023-11-16 18:20:56.083657+00:00,103,10,code,azure_2023
2023-11-16 18:20:56.181285+00:00,2130,8,code,azure_2023
2023-11-16 18:20:56.182389+00:00,5480,22,code,azure_2023
2023-11-16 18:20:56.186358+00:00,7435,21,code,azure_2023
2023-11-16 18:20:56.282860+00:00,2130,10,code,azure_2023
2023-11-16 18:20:56.377777+00:00,50,53,code,azure_2023
2023-11-16 18:20:56.382290+00:00,14,89,code,azure_2023
2023-11-16 18:20:56.382427+00:00,3287,70,code,azure_2023
2023-11-16 18:20:56.584604+00:00,7436,25,code,azure_2023
2023-11-16 18:20:56.584877+00:00,2956,116,code,azure_2023
2023-11-16 18:20:56.677482+00:00,866,33,code,azure_2023
2023-11-16 18:20:56.781047+00:00,866,14,code,azure_2023
2023-11-16 18:20:56.785029+00:00,175,361,code,azure_2023
2023-11-16 18:20:56.785096+00:00,6922,300,code,azure_2023
2023-11-16 18:20:56.878501+00:00,60,19,code,azure_2023
2023-11-16 18:20:56.881025+00:00,15,85,code,azure_2023
2023-11-16 18:20:56.883501+00:00,5522,12,code,azure_2023
2023-11-16 18:20:56.887449+00:00,876,33,code,azure_2023
2023-11-16 18:20:56.978484+00:00,1397,9,code,azure_2023
2023-11-16 18:20:56.979529+00:00,5213,16,code,azure_2023
2023-11-16 18:20:57.064656+00:00,74,18,code,azure_2023
2023-11-16 18:20:57.066571+00:00,1001,12,code,azure_2023
2023-11-16 18:20:57.079855+00:00,5533,6,code,azure_2023
2023-11-16 18:20:57.081544+00:00,15,188,code,azure_2023
2023-11-16 18:20:57.086388+00:00,6490,7,code,azure_2023
2023-11-16 18:20:57.088563+00:00,301,12,code,azure_2023
2023-11-16 18:20:57.088570+00:00,876,59,code,azure_2023
2023-11-16 18:20:57.163929+00:00,3898,6,code,azure_2023
2023-11-16 18:20:57.163953+00:00,1125,14,code,azure_2023
2023-11-16 18:20:57.164976+00:00,3251,27,code,azure_2023
2023-11-16 18:20:57.165961+00:00,3738,65,code,azure_2023
2023-11-16 18:20:57.180201+00:00,3330,9,code,azure_2023
2023-11-16 18:20:57.182588+00:00,5214,9,code,azure_2023
2023-11-16 18:20:57.183762+00:00,4057,12,code,azure_2023
2023-11-16 18:20:57.363714+00:00,1264,9,code,azure_2023
2023-11-16 18:20:57.363890+00:00,1027,27,code,azure_2023
2023-11-16 18:20:57.379978+00:00,137,15,code,azure_2023
2023-11-16 18:20:57.380058+00:00,4057,24,code,azure_2023
2023-11-16 18:20:57.381050+00:00,15,10,code,azure_2023
2023-11-16 18:20:57.463008+00:00,81,10,code,azure_2023
2023-11-16 18:20:57.480319+00:00,4990,12,code,azure_2023
2023-11-16 18:20:57.668087+00:00,1026,17,code,azure_2023
2023-11-16 18:20:57.678721+00:00,17,88,code,azure_2023
2023-11-16 18:20:57.683871+00:00,2653,7,code,azure_2023
2023-11-16 18:20:57.783378+00:00,430,28,code,azure_2023
2023-11-16 18:20:57.882397+00:00,2653,8,code,azure_2023
2023-11-16 18:20:57.979096+00:00,497,16,code,azure_2023
2023-11-16 18:20:57.983153+00:00,7434,12,code,azure_2023
2023-11-16 18:20:57.988336+00:00,1421,25,code,azure_2023
2023-11-16 18:20:58.063395+00:00,1264,9,code,azure_2023
2023-11-16 18:20:58.078512+00:00,2654,7,code,azure_2023
2023-11-16 18:20:58.083662+00:00,17,206,code,azure_2023
2023-11-16 18:20:58.177745+00:00,15,248,code,azure_2023
2023-11-16 18:20:58.183430+00:00,408,7,code,azure_2023
2023-11-16 18:20:58.288486+00:00,17,43,code,azure_2023
2023-11-16 18:20:58.458561+00:00,5806,43,code,azure_2023
2023-11-16 18:20:58.459572+00:00,4685,6,code,azure_2023
2023-11-16 18:20:58.463901+00:00,3315,28,code,azure_2023
2023-11-16 18:20:58.463974+00:00,5803,87,code,azure_2023
2023-11-16 18:20:58.486959+00:00,409,56,code,azure_2023
2023-11-16 18:20:58.487169+00:00,143,9,code,azure_2023
2023-11-16 18:20:58.489489+00:00,2284,11,code,azure_2023
2023-11-16 18:20:58.560587+00:00,1469,10,code,azure_2023
2023-11-16 18:20:58.661368+00:00,1059,10,code,azure_2023
2023-11-16 18:20:58.665411+00:00,406,14,code,azure_2023
2023-11-16 18:20:58.667732+00:00,75,19,code,azure_2023
2023-11-16 18:20:58.687062+00:00,2963,79,code,azure_2023
2023-11-16 18:20:58.765049+00:00,7433,12,code,azure_2023
2023-11-16 18:20:58.765090+00:00,1496,23,code,azure_2023
2023-11-16 18:20:58.766876+00:00,3320,27,code,azure_2023
2023-11-16 18:20:58.768243+00:00,1471,8,code,azure_2023
2023-11-16 18:20:58.777430+00:00,145,12,code,azure_2023
2023-11-16 18:20:58.977552+00:00,18,55,code,azure_2023
2023-11-16 18:20:58.980170+00:00,3268,14,code,azure_2023
2023-11-16 18:20:59.059201+00:00,7436,14,code,azure_2023
2023-11-16 18:20:59.060418+00:00,200,12,code,azure_2023
2023-11-16 18:20:59.064614+00:00,1495,6,code,azure_2023
2023-11-16 18:20:59.066465+00:00,1473,14,code,azure_2023
2023-11-16 18:20:59.067480+00:00,196,6,code,azure_2023
2023-11-16 18:20:59.079595+00:00,5538,13,code,azure_2023
2023-11-16 18:20:59.158768+00:00,1880,13,code,azure_2023
2023-11-16 18:20:59.259969+00:00,76,17,code,azure_2023
2023-11-16 18:20:59.261031+00:00,4688,52,code,azure_2023
2023-11-16 18:20:59.267556+00:00,1037,9,code,azure_2023
2023-11-16 18:20:59.268342+00:00,1498,8,code,azure_2023
2023-11-16 18:20:59.278852+00:00,997,638,code,azure_2023
2023-11-16 18:20:59.378482+00:00,146,8,code,azure_2023
2023-11-16 18:20:59.461772+00:00,6,12,code,azure_2023
2023-11-16 18:20:59.462842+00:00,5806,51,code,azure_2023
2023-11-16 18:20:59.462994+00:00,198,11,code,azure_2023
2023-11-16 18:20:59.560786+00:00,3616,18,code,azure_2023
2023-11-16 18:20:59.563970+00:00,1472,9,code,azure_2023
2023-11-16 18:20:59.564090+00:00,1498,9,code,azure_2023
2023-11-16 18:20:59.565137+00:00,80,9,code,azure_2023
2023-11-16 18:20:59.661472+00:00,1053,9,code,azure_2023
2023-11-16 18:20:59.666667+00:00,881,10,code,azure_2023
2023-11-16 18:20:59.666679+00:00,1042,10,code,azure_2023
2023-11-16 18:20:59.759592+00:00,4695,48,code,azure_2023
2023-11-16 18:20:59.777764+00:00,52,17,code,azure_2023
2023-11-16 18:20:59.862175+00:00,1497,9,code,azure_2023
2023-11-16 18:20:59.864431+00:00,79,9,code,azure_2023
2023-11-16 18:20:59.877675+00:00,504,10,code,azure_2023
2023-11-16 18:20:59.878795+00:00,896,14,code,azure_2023
2023-11-16 18:20:59.964250+00:00,202,6,code,azure_2023
2023-11-16 18:20:59.978249+00:00,100,18,code,azure_2023
2023-11-16 18:20:59.980019+00:00,145,12,code,azure_2023
2023-11-16 18:21:25.127709+00:00,1164,18,code,azure_2023
2023-11-16 18:21:25.243391+00:00,2546,11,code,azure_2023
2023-11-16 18:21:25.348119+00:00,2132,71,code,azure_2023
2023-11-16 18:21:25.348978+00:00,1205,12,code,azure_2023
2023-11-16 18:21:25.350239+00:00,3738,10,code,azure_2023
2023-11-16 18:21:25.615959+00:00,3634,7,code,azure_2023
2023-11-16 18:21:25.714917+00:00,1542,8,code,azure_2023
2023-11-16 18:21:25.715002+00:00,3296,24,code,azure_2023
2023-11-16 18:21:25.717399+00:00,2616,18,code,azure_2023
2023-11-16 18:21:25.814775+00:00,4662,10,code,azure_2023
2023-11-16 18:21:25.814853+00:00,675,7,code,azure_2023
2023-11-16 18:21:25.814902+00:00,101,12,code,azure_2023
2023-11-16 18:21:25.818647+00:00,1456,13,code,azure_2023
2023-11-16 18:21:26.182779+00:00,1875,7,code,azure_2023
2023-11-16 18:21:26.182853+00:00,2615,22,code,azure_2023
2023-11-16 18:21:26.237008+00:00,3634,6,code,azure_2023
2023-11-16 18:21:26.314576+00:00,2547,6,code,azure_2023
2023-11-16 18:21:26.507004+00:00,1087,11,code,azure_2023
2023-11-16 18:21:26.615187+00:00,6055,10,code,azure_2023
2023-11-16 18:21:26.615427+00:00,248,9,code,azure_2023
2023-11-16 18:21:26.634815+00:00,1165,42,code,azure_2023
2023-11-16 18:21:26.737213+00:00,2822,56,code,azure_2023
2023-11-16 18:21:27.015000+00:00,678,16,code,azure_2023
2023-11-16 18:21:27.115108+00:00,2615,24,code,azure_2023
2023-11-16 18:21:27.115286+00:00,120,17,code,azure_2023
2023-11-16 18:21:27.215567+00:00,100,13,code,azure_2023
2023-11-16 18:21:27.416880+00:00,7436,12,code,azure_2023
2023-11-16 18:21:27.758906+00:00,965,9,code,azure_2023
2023-11-16 18:21:27.815884+00:00,2547,11,code,azure_2023
2023-11-16 18:21:27.831824+00:00,2616,19,code,azure_2023
2023-11-16 18:21:27.873036+00:00,1549,67,code,azure_2023
2023-11-16 18:21:28.115424+00:00,6056,8,code,azure_2023
2023-11-16 18:21:28.214891+00:00,1201,6,code,azure_2023
2023-11-16 18:21:28.236528+00:00,924,13,code,azure_2023
2023-11-16 18:21:28.237109+00:00,251,49,code,azure_2023
2023-11-16 18:21:28.314935+00:00,3297,12,code,azure_2023
2023-11-16 18:21:28.416360+00:00,2132,43,code,azure_2023
2023-11-16 18:21:28.576395+00:00,2096,7,code,azure_2023
2023-11-16 18:21:28.673099+00:00,264,8,code,azure_2023
2023-11-16 18:21:28.947714+00:00,2133,33,code,azure_2023
2023-11-16 18:21:29.077905+00:00,1872,19,code,azure_2023
2023-11-16 18:21:29.269203+00:00,7436,13,code,azure_2023
2023-11-16 18:21:29.417843+00:00,1163,16,code,azure_2023
2023-11-16 18:21:29.519750+00:00,56,18,code,azure_2023
2023-11-16 18:21:29.754345+00:00,599,6,code,azure_2023
2023-11-16 18:21:29.838241+00:00,264,14,code,azure_2023
2023-11-16 18:21:29.852244+00:00,908,23,code,azure_2023
2023-11-16 18:21:29.924144+00:00,1163,10,code,azure_2023
2023-11-16 18:21:33.141336+00:00,2755,9,code,azure_2023
2023-11-16 18:21:33.234086+00:00,3014,6,code,azure_2023
2023-11-16 18:21:33.235015+00:00,337,66,code,azure_2023
2023-11-16 18:21:33.438157+00:00,2545,7,code,azure_2023
2023-11-16 18:21:33.438354+00:00,143,6,code,azure_2023
2023-11-16 18:21:33.534250+00:00,349,13,code,azure_2023
2023-11-16 18:21:33.535671+00:00,5901,7,code,azure_2023
2023-11-16 18:21:33.858287+00:00,174,10,code,azure_2023
2023-11-16 18:21:33.934202+00:00,4078,12,code,azure_2023
2023-11-16 18:21:33.935703+00:00,7435,10,code,azure_2023
2023-11-16 18:21:33.965695+00:00,229,15,code,azure_2023
2023-11-16 18:21:34.038772+00:00,173,11,code,azure_2023
2023-11-16 18:21:34.234841+00:00,1432,25,code,azure_2023
2023-11-16 18:21:34.507880+00:00,2386,148,code,azure_2023
2023-11-16 18:21:35.235053+00:00,840,10,code,azure_2023
2023-11-16 18:21:35.334799+00:00,5957,13,code,azure_2023
2023-11-16 18:21:35.434229+00:00,3511,45,code,azure_2023
2023-11-16 18:21:35.435316+00:00,3014,13,code,azure_2023
2023-11-16 18:21:35.834331+00:00,172,14,code,azure_2023
2023-11-16 18:21:35.955332+00:00,4078,13,code,azure_2023
2023-11-16 18:21:36.089300+00:00,5902,21,code,azure_2023
2023-11-16 18:21:36.134117+00:00,2605,792,code,azure_2023
2023-11-16 18:21:36.134975+00:00,7435,9,code,azure_2023
2023-11-16 18:21:36.158848+00:00,3513,14,code,azure_2023
2023-11-16 18:21:36.711502+00:00,172,21,code,azure_2023
2023-11-16 18:21:36.725730+00:00,2504,16,code,azure_2023
2023-11-16 18:21:37.135509+00:00,1433,14,code,azure_2023
2023-11-16 18:21:37.237134+00:00,338,7,code,azure_2023
2023-11-16 18:21:37.437269+00:00,2504,17,code,azure_2023
2023-11-16 18:21:37.698054+00:00,1094,10,code,azure_2023
2023-11-16 18:21:37.900347+00:00,3768,41,code,azure_2023
2023-11-16 18:21:37.934160+00:00,1433,16,code,azure_2023
2023-11-16 18:21:38.039552+00:00,2867,6,code,azure_2023
2023-11-16 18:21:38.044214+00:00,5804,61,code,azure_2023
2023-11-16 18:21:38.137740+00:00,173,16,code,azure_2023
2023-11-16 18:21:38.234091+00:00,4075,10,code,azure_2023
2023-11-16 18:21:38.235250+00:00,2867,7,code,azure_2023
2023-11-16 18:21:38.254096+00:00,5961,11,code,azure_2023
2023-11-16 18:21:38.336534+00:00,7412,14,code,azure_2023
2023-11-16 18:21:38.341149+00:00,2506,10,code,azure_2023
2023-11-16 18:21:38.434346+00:00,144,6,code,azure_2023
2023-11-16 18:21:38.544009+00:00,2559,53,code,azure_2023
2023-11-16 18:21:38.734393+00:00,3514,87,code,azure_2023
2023-11-16 18:21:38.736138+00:00,41,8,code,azure_2023
2023-11-16 18:21:38.837061+00:00,1263,30,code,azure_2023
2023-11-16 18:21:38.838788+00:00,2507,6,code,azure_2023
2023-11-16 18:21:38.935940+00:00,2390,6,code,azure_2023
2023-11-16 18:21:38.936198+00:00,2093,9,code,azure_2023
2023-11-16 18:21:39.034446+00:00,2868,14,code,azure_2023
2023-11-16 18:21:39.039909+00:00,174,9,code,azure_2023
2023-11-16 18:21:39.437268+00:00,200,10,code,azure_2023
2023-11-16 18:21:39.536100+00:00,718,6,code,azure_2023
2023-11-16 18:21:39.651855+00:00,3514,49,code,azure_2023
2023-11-16 18:21:39.665116+00:00,3777,15,code,azure_2023
2023-11-16 18:21:39.734276+00:00,2868,17,code,azure_2023
2023-11-16 18:21:40.034251+00:00,201,8,code,azure_2023
2023-11-16 18:21:40.039006+00:00,5963,7,code,azure_2023
2023-11-16 18:21:40.412837+00:00,1951,48,code,azure_2023
2023-11-16 18:21:40.668940+00:00,178,8,code,azure_2023
2023-11-16 18:21:40.742606+00:00,1698,6,code,azure_2023
2023-11-16 18:21:40.834164+00:00,173,15,code,azure_2023
2023-11-16 18:21:40.834344+00:00,7435,139,code,azure_2023
2023-11-16 18:21:40.934379+00:00,363,8,code,azure_2023
2023-11-16 18:21:41.434389+00:00,1953,15,code,azure_2023
2023-11-16 18:21:41.537700+00:00,292,15,code,azure_2023
2023-11-16 18:21:41.776034+00:00,3385,22,code,azure_2023
2023-11-16 18:21:42.034338+00:00,3515,54,code,azure_2023
2023-11-16 18:21:42.134520+00:00,41,36,code,azure_2023
2023-11-16 18:21:42.243117+00:00,204,63,code,azure_2023
2023-11-16 18:21:42.374818+00:00,336,9,code,azure_2023
2023-11-16 18:21:42.584797+00:00,4075,24,code,azure_2023
2023-11-16 18:21:42.636237+00:00,179,11,code,azure_2023
2023-11-16 18:21:42.734903+00:00,1434,18,code,azure_2023
2023-11-16 18:21:42.989791+00:00,224,12,code,azure_2023
2023-11-16 18:21:43.053575+00:00,2403,37,code,azure_2023
2023-11-16 18:21:45.884905+00:00,127,71,code,azure_2023
2023-11-16 18:21:46.105854+00:00,3265,7,code,azure_2023
2023-11-16 18:21:46.129972+00:00,55,777,code,azure_2023
2023-11-16 18:21:46.179071+00:00,146,35,code,azure_2023
2023-11-16 18:21:46.211278+00:00,3480,13,code,azure_2023
2023-11-16 18:21:46.299158+00:00,2003,46,code,azure_2023
2023-11-16 18:21:46.478055+00:00,148,10,code,azure_2023
2023-11-16 18:21:46.947659+00:00,3480,12,code,azure_2023
2023-11-16 18:21:47.008176+00:00,4750,19,code,azure_2023
2023-11-16 18:21:47.545070+00:00,3480,10,code,azure_2023
2023-11-16 18:21:47.578161+00:00,148,32,code,azure_2023
2023-11-16 18:21:48.099342+00:00,3482,10,code,azure_2023
2023-11-16 18:21:48.100700+00:00,7436,14,code,azure_2023
2023-11-16 18:21:48.104522+00:00,247,13,code,azure_2023
2023-11-16 18:21:48.180388+00:00,741,18,code,azure_2023
2023-11-16 18:21:48.480040+00:00,7435,10,code,azure_2023
2023-11-16 18:21:48.584820+00:00,243,9,code,azure_2023
2023-11-16 18:21:48.677711+00:00,4749,39,code,azure_2023
2023-11-16 18:21:48.856764+00:00,3630,9,code,azure_2023
2023-11-16 18:21:48.975778+00:00,3281,6,code,azure_2023
2023-11-16 18:21:49.059133+00:00,6499,19,code,azure_2023
2023-11-16 18:21:57.158544+00:00,198,70,code,azure_2023
2023-11-16 18:21:57.359712+00:00,2689,22,code,azure_2023
2023-11-16 18:21:57.361969+00:00,747,8,code,azure_2023
2023-11-16 18:21:57.393247+00:00,1165,15,code,azure_2023
2023-11-16 18:21:57.489534+00:00,40,55,code,azure_2023
2023-11-16 18:21:57.493049+00:00,2330,8,code,azure_2023
2023-11-16 18:21:57.662787+00:00,356,8,code,azure_2023
2023-11-16 18:21:57.993242+00:00,298,60,code,azure_2023
2023-11-16 18:21:58.090625+00:00,767,35,code,azure_2023
2023-11-16 18:21:58.091923+00:00,767,11,code,azure_2023
2023-11-16 18:21:58.259770+00:00,747,9,code,azure_2023
2023-11-16 18:21:58.561476+00:00,356,7,code,azure_2023
2023-11-16 18:21:58.660406+00:00,7435,8,code,azure_2023
2023-11-16 18:21:58.760991+00:00,4675,14,code,azure_2023
2023-11-16 18:21:58.880025+00:00,2821,12,code,azure_2023
2023-11-16 18:21:58.880092+00:00,770,14,code,azure_2023
2023-11-16 18:21:59.064117+00:00,298,100,code,azure_2023
2023-11-16 18:21:59.182405+00:00,2331,6,code,azure_2023
2023-11-16 18:21:59.560399+00:00,1085,9,code,azure_2023
2023-11-16 18:21:59.560458+00:00,358,17,code,azure_2023
2023-11-16 18:21:59.759958+00:00,4656,9,code,azure_2023
2023-11-16 18:21:59.963009+00:00,2692,7,code,azure_2023
2023-11-16 18:22:00.159739+00:00,299,46,code,azure_2023
2023-11-16 18:22:00.182197+00:00,2462,11,code,azure_2023
2023-11-16 18:22:00.359763+00:00,900,841,code,azure_2023
2023-11-16 18:22:00.360095+00:00,36,49,code,azure_2023
2023-11-16 18:22:00.497789+00:00,19,10,code,azure_2023
2023-11-16 18:22:00.662035+00:00,853,7,code,azure_2023
2023-11-16 18:22:00.764085+00:00,2825,7,code,azure_2023
2023-11-16 18:22:00.764091+00:00,348,16,code,azure_2023
2023-11-16 18:22:01.358995+00:00,774,16,code,azure_2023
2023-11-16 18:22:01.421056+00:00,854,8,code,azure_2023
2023-11-16 18:22:01.960385+00:00,2825,295,code,azure_2023
2023-11-16 18:22:01.960494+00:00,349,34,code,azure_2023
2023-11-16 18:22:02.164549+00:00,298,115,code,azure_2023
2023-11-16 18:22:02.260650+00:00,261,6,code,azure_2023
2023-11-16 18:22:02.361709+00:00,37,34,code,azure_2023
2023-11-16 18:22:02.565053+00:00,854,16,code,azure_2023
2023-11-16 18:22:02.565209+00:00,261,6,code,azure_2023
2023-11-16 18:22:03.556507+00:00,6735,34,code,azure_2023
2023-11-16 18:22:03.670486+00:00,3026,17,code,azure_2023
2023-11-16 18:22:03.725558+00:00,3165,26,code,azure_2023
2023-11-16 18:22:03.937353+00:00,1985,19,code,azure_2023
2023-11-16 18:22:03.991452+00:00,1708,42,code,azure_2023
2023-11-16 18:22:04.029788+00:00,2171,19,code,azure_2023
2023-11-16 18:22:04.231890+00:00,2135,9,code,azure_2023
2023-11-16 18:22:04.245174+00:00,4423,13,code,azure_2023
2023-11-16 18:22:04.325670+00:00,2389,19,code,azure_2023
2023-11-16 18:22:04.426961+00:00,7436,7,code,azure_2023
2023-11-16 18:22:04.528006+00:00,1297,16,code,azure_2023
2023-11-16 18:22:04.625629+00:00,462,9,code,azure_2023
2023-11-16 18:22:04.625703+00:00,3026,11,code,azure_2023
2023-11-16 18:22:04.747822+00:00,390,16,code,azure_2023
2023-11-16 18:22:04.926911+00:00,2173,27,code,azure_2023
2023-11-16 18:22:05.048435+00:00,1042,20,code,azure_2023
2023-11-16 18:22:05.125701+00:00,821,34,code,azure_2023
2023-11-16 18:22:05.154183+00:00,2136,52,code,azure_2023
2023-11-16 18:22:05.396130+00:00,341,16,code,azure_2023
2023-11-16 18:22:05.729029+00:00,4425,94,code,azure_2023
2023-11-16 18:22:05.920447+00:00,3364,6,code,azure_2023
2023-11-16 18:22:06.130379+00:00,2137,54,code,azure_2023
2023-11-16 18:22:06.427654+00:00,2644,18,code,azure_2023
2023-11-16 18:22:06.528696+00:00,1695,48,code,azure_2023
2023-11-16 18:22:06.688788+00:00,211,6,code,azure_2023
2023-11-16 18:22:06.860512+00:00,1500,60,code,azure_2023
2023-11-16 18:22:06.957853+00:00,1779,16,code,azure_2023
2023-11-16 18:22:07.366722+00:00,396,18,code,azure_2023
2023-11-16 18:22:07.627491+00:00,888,9,code,azure_2023
2023-11-16 18:22:07.725513+00:00,2103,7,code,azure_2023
2023-11-16 18:22:07.726921+00:00,7436,17,code,azure_2023
2023-11-16 18:22:07.727034+00:00,220,14,code,azure_2023
2023-11-16 18:22:07.897685+00:00,3028,17,code,azure_2023
2023-11-16 18:22:08.005830+00:00,2103,7,code,azure_2023
2023-11-16 18:22:08.252601+00:00,3967,10,code,azure_2023
2023-11-16 18:22:08.331723+00:00,4642,10,code,azure_2023
2023-11-16 18:22:08.422905+00:00,399,7,code,azure_2023
2023-11-16 18:22:08.664031+00:00,1164,97,code,azure_2023
2023-11-16 18:22:08.697835+00:00,1984,253,code,azure_2023
2023-11-16 18:22:08.727641+00:00,3601,9,code,azure_2023
2023-11-16 18:22:09.030481+00:00,1948,22,code,azure_2023
2023-11-16 18:22:09.387403+00:00,1463,51,code,azure_2023
2023-11-16 18:22:09.825634+00:00,1195,54,code,azure_2023
2023-11-16 18:22:10.059137+00:00,5538,21,code,azure_2023
2023-11-16 18:22:10.326314+00:00,3601,9,code,azure_2023
2023-11-16 18:22:10.429550+00:00,4634,10,code,azure_2023
2023-11-16 18:22:10.625701+00:00,2108,7,code,azure_2023
2023-11-16 18:22:10.627145+00:00,2149,46,code,azure_2023
2023-11-16 18:22:10.645889+00:00,1154,67,code,azure_2023
2023-11-16 18:22:10.833534+00:00,7436,8,code,azure_2023
2023-11-16 18:22:10.846637+00:00,2157,6,code,azure_2023
2023-11-16 18:22:11.129147+00:00,401,12,code,azure_2023
2023-11-16 18:22:11.225527+00:00,3372,12,code,azure_2023
2023-11-16 18:22:11.330306+00:00,471,17,code,azure_2023
2023-11-16 18:22:11.534060+00:00,942,69,code,azure_2023
2023-11-16 18:22:11.534332+00:00,253,16,code,azure_2023
2023-11-16 18:22:11.728827+00:00,2393,28,code,azure_2023
2023-11-16 18:22:11.736232+00:00,1198,7,code,azure_2023
2023-11-16 18:22:11.825692+00:00,253,6,code,azure_2023
2023-11-16 18:22:12.181254+00:00,5469,21,code,azure_2023
2023-11-16 18:22:12.373412+00:00,401,13,code,azure_2023
2023-11-16 18:22:12.532208+00:00,1200,6,code,azure_2023
2023-11-16 18:22:12.532315+00:00,392,6,code,azure_2023
2023-11-16 18:22:12.932162+00:00,1295,17,code,azure_2023
2023-11-16 18:22:12.944441+00:00,2169,11,code,azure_2023
2023-11-16 18:22:13.026874+00:00,2823,15,code,azure_2023
2023-11-16 18:22:13.626881+00:00,820,16,code,azure_2023
2023-11-16 18:22:13.729555+00:00,2169,21,code,azure_2023
2023-11-16 18:22:13.730543+00:00,1698,46,code,azure_2023
2023-11-16 18:22:13.730550+00:00,868,7,code,azure_2023
2023-11-16 18:22:13.827140+00:00,4451,97,code,azure_2023
2023-11-16 18:22:14.129160+00:00,2941,6,code,azure_2023
2023-11-16 18:22:14.258411+00:00,477,12,code,azure_2023
2023-11-16 18:22:14.260889+00:00,2075,10,code,azure_2023
2023-11-16 18:22:14.627327+00:00,2171,26,code,azure_2023
2023-11-16 18:22:14.648530+00:00,4454,6,code,azure_2023
2023-11-16 18:22:14.765280+00:00,1957,10,code,azure_2023
2023-11-16 18:22:15.224713+00:00,4454,13,code,azure_2023
2023-11-16 18:22:15.312411+00:00,4360,11,code,azure_2023
2023-11-16 18:22:15.484641+00:00,1586,15,code,azure_2023
2023-11-16 18:22:15.985040+00:00,3383,79,code,azure_2023
2023-11-16 18:22:15.996224+00:00,825,12,code,azure_2023
2023-11-16 18:22:16.126606+00:00,2174,28,code,azure_2023
2023-11-16 18:22:16.556709+00:00,3616,42,code,azure_2023
2023-11-16 18:22:16.638982+00:00,825,19,code,azure_2023
2023-11-16 18:22:40.205291+00:00,10,10,code,azure_2023
2023-11-16 18:22:40.578086+00:00,2297,31,code,azure_2023
2023-11-16 18:22:40.834649+00:00,405,7,code,azure_2023
2023-11-16 18:22:40.926210+00:00,4631,433,code,azure_2023
2023-11-16 18:22:40.969575+00:00,7436,56,code,azure_2023
2023-11-16 18:22:41.028748+00:00,6965,7,code,azure_2023
2023-11-16 18:22:41.127155+00:00,4610,6,code,azure_2023
2023-11-16 18:22:41.396526+00:00,706,10,code,azure_2023
2023-11-16 18:22:41.420021+00:00,406,7,code,azure_2023
2023-11-16 18:22:41.525538+00:00,2158,26,code,azure_2023
2023-11-16 18:22:41.626699+00:00,1002,26,code,azure_2023
2023-11-16 18:22:41.794405+00:00,196,14,code,azure_2023
2023-11-16 18:22:42.288143+00:00,11,19,code,azure_2023
2023-11-16 18:22:42.426292+00:00,2248,23,code,azure_2023
2023-11-16 18:22:42.753730+00:00,3230,23,code,azure_2023
2023-11-16 18:22:42.785823+00:00,4063,8,code,azure_2023
2023-11-16 18:22:43.225482+00:00,1738,10,code,azure_2023
2023-11-16 18:22:43.597303+00:00,7435,34,code,azure_2023
2023-11-16 18:22:43.738001+00:00,2144,22,code,azure_2023
2023-11-16 18:22:44.127093+00:00,2253,18,code,azure_2023
2023-11-16 18:22:44.328932+00:00,16,7,code,azure_2023
2023-11-16 18:22:44.360416+00:00,7435,6,code,azure_2023
2023-11-16 18:22:44.429452+00:00,5479,12,code,azure_2023
2023-11-16 18:22:44.625620+00:00,6965,12,code,azure_2023
2023-11-16 18:22:44.626651+00:00,2145,14,code,azure_2023
2023-11-16 18:22:44.626808+00:00,1131,9,code,azure_2023
2023-11-16 18:22:45.235765+00:00,1131,7,code,azure_2023
2023-11-16 18:22:45.353886+00:00,3231,26,code,azure_2023
2023-11-16 18:22:45.536596+00:00,12,17,code,azure_2023
2023-11-16 18:22:45.626322+00:00,2076,58,code,azure_2023
2023-11-16 18:22:45.646195+00:00,7435,15,code,azure_2023
2023-11-16 18:22:45.648056+00:00,1130,20,code,azure_2023
2023-11-16 18:22:46.093123+00:00,775,8,code,azure_2023
2023-11-16 18:22:46.526840+00:00,775,8,code,azure_2023
2023-11-16 18:22:46.825428+00:00,15,9,code,azure_2023
2023-11-16 18:22:46.854754+00:00,3247,25,code,azure_2023
2023-11-16 18:22:47.314931+00:00,2117,8,code,azure_2023
2023-11-16 18:22:47.531582+00:00,7435,7,code,azure_2023
2023-11-16 18:22:47.533762+00:00,1131,9,code,azure_2023
2023-11-16 18:22:48.125626+00:00,30,20,code,azure_2023
2023-11-16 18:22:48.143600+00:00,253,30,code,azure_2023
2023-11-16 18:22:48.306442+00:00,3262,19,code,azure_2023
2023-11-16 18:22:48.447736+00:00,1976,69,code,azure_2023
2023-11-16 18:22:48.667734+00:00,209,9,code,azure_2023
2023-11-16 18:22:49.300680+00:00,890,13,code,azure_2023
2023-11-16 18:22:49.413936+00:00,364,31,code,azure_2023
2023-11-16 18:22:49.446672+00:00,2750,6,code,azure_2023
2023-11-16 18:22:49.556769+00:00,4947,14,code,azure_2023
2023-11-16 18:22:49.625536+00:00,5480,19,code,azure_2023
2023-11-16 18:23:28.139161+00:00,255,46,code,azure_2023
2023-11-16 18:23:28.139186+00:00,1428,13,code,azure_2023
2023-11-16 18:23:28.334882+00:00,1616,11,code,azure_2023
2023-11-16 18:23:28.354778+00:00,235,12,code,azure_2023
2023-11-16 18:23:28.542329+00:00,992,9,code,azure_2023
2023-11-16 18:23:28.876841+00:00,2043,9,code,azure_2023
2023-11-16 18:23:29.189481+00:00,73,31,code,azure_2023
2023-11-16 18:23:29.334944+00:00,548,11,code,azure_2023
2023-11-16 18:23:29.535551+00:00,257,13,code,azure_2023
2023-11-16 18:23:29.538365+00:00,4630,19,code,azure_2023
2023-11-16 18:23:29.641541+00:00,1428,10,code,azure_2023
2023-11-16 18:23:29.794540+00:00,2022,23,code,azure_2023
2023-11-16 18:23:29.834078+00:00,3622,6,code,azure_2023
2023-11-16 18:23:29.934171+00:00,761,27,code,azure_2023
2023-11-16 18:23:29.934461+00:00,5850,17,code,azure_2023
2023-11-16 18:24:06.355143+00:00,409,15,code,azure_2023
2023-11-16 18:24:06.355756+00:00,121,11,code,azure_2023
2023-11-16 18:24:06.553307+00:00,1042,15,code,azure_2023
2023-11-16 18:24:06.553368+00:00,792,9,code,azure_2023
2023-11-16 18:24:06.655584+00:00,2441,11,code,azure_2023
2023-11-16 18:24:06.655727+00:00,2847,6,code,azure_2023
2023-11-16 18:24:06.658485+00:00,37,8,code,azure_2023
2023-11-16 18:24:06.662239+00:00,694,9,code,azure_2023
2023-11-16 18:24:06.973514+00:00,16,11,code,azure_2023
2023-11-16 18:24:07.253263+00:00,152,19,code,azure_2023
2023-11-16 18:24:07.260761+00:00,1292,19,code,azure_2023
2023-11-16 18:24:07.480657+00:00,267,8,code,azure_2023
2023-11-16 18:24:07.653446+00:00,699,58,code,azure_2023
2023-11-16 18:24:07.655399+00:00,413,28,code,azure_2023
2023-11-16 18:24:07.755498+00:00,4486,31,code,azure_2023
2023-11-16 18:24:08.262622+00:00,2524,18,code,azure_2023
2023-11-16 18:24:08.359731+00:00,136,17,code,azure_2023
2023-11-16 18:24:08.360804+00:00,1293,93,code,azure_2023
2023-11-16 18:24:08.458597+00:00,561,48,code,azure_2023
2023-11-16 18:24:08.654332+00:00,701,31,code,azure_2023
2023-11-16 18:24:08.755606+00:00,2783,26,code,azure_2023
2023-11-16 18:24:09.219330+00:00,994,9,code,azure_2023
2023-11-16 18:24:09.458827+00:00,1486,8,code,azure_2023
2023-11-16 18:24:09.659571+00:00,38,7,code,azure_2023
2023-11-16 18:24:09.671606+00:00,2444,12,code,azure_2023
2023-11-16 18:24:09.755142+00:00,17,12,code,azure_2023
2023-11-16 18:24:09.958665+00:00,43,7,code,azure_2023
2023-11-16 18:24:10.053148+00:00,41,14,code,azure_2023
2023-11-16 18:24:10.168490+00:00,703,25,code,azure_2023
2023-11-16 18:24:10.483751+00:00,1172,11,code,azure_2023
2023-11-16 18:24:10.557492+00:00,2784,25,code,azure_2023
2023-11-16 18:24:10.753199+00:00,701,75,code,azure_2023
2023-11-16 18:24:11.057850+00:00,42,12,code,azure_2023
2023-11-16 18:24:11.557209+00:00,3157,6,code,azure_2023
2023-11-16 18:24:12.054970+00:00,41,16,code,azure_2023
2023-11-16 18:24:12.113307+00:00,631,9,code,azure_2023
2023-11-16 18:24:12.392014+00:00,1329,9,code,azure_2023
2023-11-16 18:24:12.436676+00:00,1615,6,code,azure_2023
2023-11-16 18:24:12.454386+00:00,1363,12,code,azure_2023
2023-11-16 18:24:12.555297+00:00,1486,17,code,azure_2023
2023-11-16 18:24:12.739392+00:00,2784,47,code,azure_2023
2023-11-16 18:24:12.773984+00:00,4489,16,code,azure_2023
2023-11-16 18:25:40.068475+00:00,1307,15,code,azure_2023
2023-11-16 18:25:40.163172+00:00,1016,7,code,azure_2023
2023-11-16 18:25:40.358866+00:00,512,14,code,azure_2023
2023-11-16 18:25:40.459223+00:00,2451,6,code,azure_2023
2023-11-16 18:25:40.463395+00:00,5035,14,code,azure_2023
2023-11-16 18:25:40.566507+00:00,988,10,code,azure_2023
2023-11-16 18:25:40.661424+00:00,2018,15,code,azure_2023
2023-11-16 18:25:41.165462+00:00,94,18,code,azure_2023
2023-11-16 18:25:41.261587+00:00,1311,7,code,azure_2023
2023-11-16 18:25:41.365329+00:00,990,14,code,azure_2023
2023-11-16 18:25:41.365522+00:00,1543,10,code,azure_2023
2023-11-16 18:25:41.564059+00:00,397,28,code,azure_2023
2023-11-16 18:25:41.662577+00:00,1882,13,code,azure_2023
2023-11-16 18:25:41.665812+00:00,1046,7,code,azure_2023
2023-11-16 18:25:41.759719+00:00,7436,17,code,azure_2023
2023-11-16 18:25:41.762236+00:00,2960,283,code,azure_2023
2023-11-16 18:25:41.762411+00:00,7436,13,code,azure_2023
2023-11-16 18:25:44.060134+00:00,1018,6,code,azure_2023
2023-11-16 18:25:44.061206+00:00,2488,20,code,azure_2023
2023-11-16 18:25:44.262454+00:00,1050,10,code,azure_2023
2023-11-16 18:25:44.461483+00:00,399,16,code,azure_2023
2023-11-16 18:25:44.466993+00:00,4393,12,code,azure_2023
2023-11-16 18:25:44.562130+00:00,94,7,code,azure_2023
2023-11-16 18:25:44.562177+00:00,2546,8,code,azure_2023
2023-11-16 18:25:45.163983+00:00,1885,10,code,azure_2023
2023-11-16 18:25:45.169101+00:00,1050,11,code,azure_2023
2023-11-16 18:25:45.360102+00:00,376,19,code,azure_2023
2023-11-16 18:25:45.367596+00:00,997,7,code,azure_2023
2023-11-16 18:25:45.468456+00:00,377,9,code,azure_2023
2023-11-16 18:25:45.562708+00:00,4981,6,code,azure_2023
2023-11-16 18:25:45.563617+00:00,999,26,code,azure_2023
2023-11-16 18:25:45.568536+00:00,94,54,code,azure_2023
2023-11-16 18:25:45.660781+00:00,1052,20,code,azure_2023
2023-11-16 18:25:45.664898+00:00,551,7,code,azure_2023
2023-11-16 18:25:45.667599+00:00,2048,9,code,azure_2023
2023-11-16 18:25:45.668366+00:00,5004,15,code,azure_2023
2023-11-16 18:25:48.064087+00:00,1841,8,code,azure_2023
2023-11-16 18:25:48.167421+00:00,4486,35,code,azure_2023
2023-11-16 18:26:21.617282+00:00,920,82,code,azure_2023
2023-11-16 18:26:21.717605+00:00,491,180,code,azure_2023
2023-11-16 18:26:21.819629+00:00,312,16,code,azure_2023
2023-11-16 18:26:21.820371+00:00,2275,7,code,azure_2023
2023-11-16 18:26:21.924390+00:00,7436,12,code,azure_2023
2023-11-16 18:26:22.019250+00:00,7436,11,code,azure_2023
2023-11-16 18:26:22.019272+00:00,851,16,code,azure_2023
2023-11-16 18:26:22.020544+00:00,2364,42,code,azure_2023
2023-11-16 18:26:22.114155+00:00,2275,13,code,azure_2023
2023-11-16 18:26:22.117673+00:00,636,210,code,azure_2023
2023-11-16 18:26:22.119455+00:00,920,70,code,azure_2023
2023-11-16 18:26:22.120676+00:00,73,14,code,azure_2023
2023-11-16 18:26:22.121363+00:00,126,19,code,azure_2023
2023-11-16 18:26:22.217065+00:00,7436,8,code,azure_2023
2023-11-16 18:26:22.416479+00:00,2450,97,code,azure_2023
2023-11-16 18:26:22.416486+00:00,2274,36,code,azure_2023
2023-11-16 18:26:22.417927+00:00,491,31,code,azure_2023
2023-11-16 18:26:22.420876+00:00,4432,15,code,azure_2023
2023-11-16 18:26:22.420936+00:00,2275,8,code,azure_2023
2023-11-16 18:26:22.421163+00:00,636,22,code,azure_2023
2023-11-16 18:26:22.532890+00:00,64,44,code,azure_2023
2023-11-16 18:26:22.541389+00:00,491,58,code,azure_2023
2023-11-16 18:26:23.619969+00:00,491,116,code,azure_2023
2023-11-16 18:26:23.818712+00:00,492,30,code,azure_2023
2023-11-16 18:26:23.818878+00:00,2276,15,code,azure_2023
2023-11-16 18:26:23.916837+00:00,1101,108,code,azure_2023
2023-11-16 18:26:23.916889+00:00,3980,9,code,azure_2023
2023-11-16 18:26:23.919044+00:00,5744,13,code,azure_2023
2023-11-16 18:26:24.014294+00:00,775,13,code,azure_2023
2023-11-16 18:26:24.019429+00:00,2364,157,code,azure_2023
2023-11-16 18:26:24.116082+00:00,956,6,code,azure_2023
2023-11-16 18:26:24.117108+00:00,181,9,code,azure_2023
2023-11-16 18:26:24.721089+00:00,782,7,code,azure_2023
2023-11-16 18:26:24.723385+00:00,926,52,code,azure_2023
2023-11-16 18:26:24.817489+00:00,7437,7,code,azure_2023
2023-11-16 18:26:26.517703+00:00,3985,6,code,azure_2023
2023-11-16 18:26:26.617951+00:00,18,12,code,azure_2023
2023-11-16 18:26:26.618864+00:00,181,8,code,azure_2023
2023-11-16 18:26:26.618995+00:00,493,25,code,azure_2023
2023-11-16 18:26:26.717943+00:00,7435,11,code,azure_2023
2023-11-16 18:26:26.815381+00:00,353,14,code,azure_2023
2023-11-16 18:26:27.234210+00:00,3381,16,code,azure_2023
2023-11-16 18:26:27.536174+00:00,7270,10,code,azure_2023
2023-11-16 18:26:27.538799+00:00,1155,30,code,azure_2023
2023-11-16 18:26:27.614852+00:00,7382,51,code,azure_2023
2023-11-16 18:26:27.615010+00:00,494,35,code,azure_2023
2023-11-16 18:26:27.622220+00:00,7435,61,code,azure_2023
2023-11-16 18:26:27.634508+00:00,2222,21,code,azure_2023
2023-11-16 18:26:27.734266+00:00,4120,19,code,azure_2023
2023-11-16 18:26:27.853257+00:00,581,18,code,azure_2023
2023-11-16 18:26:27.918593+00:00,693,7,code,azure_2023
2023-11-16 18:26:27.918641+00:00,1100,8,code,azure_2023
2023-11-16 18:26:28.115908+00:00,4175,14,code,azure_2023
2023-11-16 18:26:28.117248+00:00,679,149,code,azure_2023
2023-11-16 18:26:28.121778+00:00,492,130,code,azure_2023
2023-11-16 18:26:28.124097+00:00,1726,16,code,azure_2023
2023-11-16 18:26:28.161384+00:00,43,24,code,azure_2023
2023-11-16 18:26:28.170200+00:00,1156,8,code,azure_2023
2023-11-16 18:26:28.435540+00:00,3381,10,code,azure_2023
2023-11-16 18:26:28.534075+00:00,4703,9,code,azure_2023
2023-11-16 18:26:28.615765+00:00,131,7,code,azure_2023
2023-11-16 18:26:28.619426+00:00,3926,22,code,azure_2023
2023-11-16 18:26:28.619598+00:00,637,403,code,azure_2023
2023-11-16 18:26:29.015388+00:00,2964,11,code,azure_2023
2023-11-16 18:26:29.055610+00:00,5504,35,code,azure_2023
2023-11-16 18:26:29.335086+00:00,966,10,code,azure_2023
2023-11-16 18:26:29.360535+00:00,1156,25,code,azure_2023
2023-11-16 18:26:29.461824+00:00,514,28,code,azure_2023
2023-11-16 18:26:29.737915+00:00,715,17,code,azure_2023
2023-11-16 18:26:29.934271+00:00,1157,11,code,azure_2023
2023-11-16 18:26:31.518217+00:00,363,25,code,azure_2023
2023-11-16 18:26:31.616473+00:00,695,7,code,azure_2023
2023-11-16 18:26:31.616560+00:00,1105,56,code,azure_2023
2023-11-16 18:26:31.919520+00:00,130,7,code,azure_2023
2023-11-16 18:26:32.520084+00:00,495,37,code,azure_2023
2023-11-16 18:26:32.521032+00:00,496,55,code,azure_2023
2023-11-16 18:26:32.715024+00:00,879,11,code,azure_2023
2023-11-16 18:26:32.801996+00:00,36,14,code,azure_2023
2023-11-16 18:26:32.815021+00:00,355,54,code,azure_2023
2023-11-16 18:26:32.997610+00:00,1556,21,code,azure_2023
2023-11-16 18:26:33.014471+00:00,2409,25,code,azure_2023
2023-11-16 18:26:33.023193+00:00,496,76,code,azure_2023
2023-11-16 18:26:33.063113+00:00,455,29,code,azure_2023
2023-11-16 18:26:33.122072+00:00,879,22,code,azure_2023
2023-11-16 18:26:33.163590+00:00,11,14,code,azure_2023
2023-11-16 18:26:33.220562+00:00,1108,6,code,azure_2023
2023-11-16 18:26:33.259452+00:00,668,22,code,azure_2023
2023-11-16 18:26:33.320605+00:00,1370,12,code,azure_2023
2023-11-16 18:26:33.321515+00:00,47,23,code,azure_2023
2023-11-16 18:26:33.371955+00:00,37,21,code,azure_2023
2023-11-16 18:26:33.516490+00:00,355,60,code,azure_2023
2023-11-16 18:26:33.596141+00:00,456,18,code,azure_2023
2023-11-16 18:26:33.617011+00:00,2280,21,code,azure_2023
2023-11-16 18:26:33.720837+00:00,932,57,code,azure_2023
2023-11-16 18:26:33.818542+00:00,1702,23,code,azure_2023
2023-11-16 18:26:33.818602+00:00,2771,9,code,azure_2023
2023-11-16 18:26:33.818652+00:00,132,11,code,azure_2023
2023-11-16 18:26:33.819705+00:00,1030,41,code,azure_2023
2023-11-16 18:26:33.820659+00:00,1608,12,code,azure_2023
2023-11-16 18:26:33.821700+00:00,2747,10,code,azure_2023
2023-11-16 18:26:33.823592+00:00,2280,11,code,azure_2023
2023-11-16 18:26:33.859748+00:00,771,6,code,azure_2023
2023-11-16 18:26:33.918910+00:00,355,58,code,azure_2023
2023-11-16 18:26:33.921005+00:00,495,211,code,azure_2023
2023-11-16 18:26:33.924401+00:00,2748,7,code,azure_2023
2023-11-16 18:26:33.960797+00:00,456,16,code,azure_2023
2023-11-16 18:26:33.960803+00:00,1352,9,code,azure_2023
2023-11-16 18:26:34.014906+00:00,2411,12,code,azure_2023
2023-11-16 18:26:34.015011+00:00,1108,27,code,azure_2023
2023-11-16 18:26:34.020896+00:00,1692,9,code,azure_2023
2023-11-16 18:26:34.114488+00:00,699,49,code,azure_2023
2023-11-16 18:26:34.120542+00:00,2411,8,code,azure_2023
2023-11-16 18:26:34.122251+00:00,356,48,code,azure_2023
2023-11-16 18:26:34.218519+00:00,781,93,code,azure_2023
2023-11-16 18:26:34.315826+00:00,1108,13,code,azure_2023
2023-11-16 18:26:34.316878+00:00,597,13,code,azure_2023
2023-11-16 18:26:34.319178+00:00,7384,24,code,azure_2023
2023-11-16 18:26:34.359496+00:00,7435,41,code,azure_2023
2023-11-16 18:26:34.359580+00:00,11,14,code,azure_2023
2023-11-16 18:26:34.420408+00:00,1876,6,code,azure_2023
2023-11-16 18:26:34.422458+00:00,2411,47,code,azure_2023
2023-11-16 18:26:34.480129+00:00,28,14,code,azure_2023
2023-11-16 18:26:34.486864+00:00,4262,127,code,azure_2023
2023-11-16 18:26:34.619690+00:00,595,64,code,azure_2023
2023-11-16 18:26:34.716354+00:00,1650,11,code,azure_2023
2023-11-16 18:26:34.722810+00:00,596,6,code,azure_2023
2023-11-16 18:26:34.723839+00:00,140,17,code,azure_2023
2023-11-16 18:26:34.817032+00:00,1112,103,code,azure_2023
2023-11-16 18:26:34.820324+00:00,2969,24,code,azure_2023
2023-11-16 18:26:34.820413+00:00,7436,10,code,azure_2023
2023-11-16 18:26:34.859220+00:00,772,6,code,azure_2023
2023-11-16 18:26:34.860957+00:00,5804,10,code,azure_2023
2023-11-16 18:26:34.915066+00:00,2412,103,code,azure_2023
2023-11-16 18:26:34.922768+00:00,336,16,code,azure_2023
2023-11-16 18:26:34.922841+00:00,261,10,code,azure_2023
2023-11-16 18:26:34.924741+00:00,3328,14,code,azure_2023
2023-11-16 18:26:34.925000+00:00,496,69,code,azure_2023
2023-11-16 18:26:35.020025+00:00,7384,12,code,azure_2023
2023-11-16 18:26:35.022468+00:00,364,28,code,azure_2023
2023-11-16 18:26:35.167865+00:00,203,28,code,azure_2023
2023-11-16 18:26:35.221979+00:00,2293,30,code,azure_2023
2023-11-16 18:26:35.251542+00:00,2086,61,code,azure_2023
2023-11-16 18:26:35.324548+00:00,1502,11,code,azure_2023
2023-11-16 18:26:35.362488+00:00,1896,10,code,azure_2023
2023-11-16 18:26:35.415983+00:00,259,8,code,azure_2023
2023-11-16 18:26:35.416079+00:00,2748,7,code,azure_2023
2023-11-16 18:26:35.427536+00:00,100,25,code,azure_2023
2023-11-16 18:26:35.458786+00:00,38,23,code,azure_2023
2023-11-16 18:26:35.515212+00:00,1357,12,code,azure_2023
2023-11-16 18:26:35.563869+00:00,144,11,code,azure_2023
2023-11-16 18:26:35.760110+00:00,100,16,code,azure_2023
2023-11-16 18:26:35.820222+00:00,1115,14,code,azure_2023
2023-11-16 18:26:35.864824+00:00,203,19,code,azure_2023
2023-11-16 18:26:35.915126+00:00,2640,8,code,azure_2023
2023-11-16 18:26:35.963431+00:00,5405,21,code,azure_2023
2023-11-16 18:26:36.021423+00:00,1357,14,code,azure_2023
2023-11-16 18:26:36.021680+00:00,2297,30,code,azure_2023
2023-11-16 18:26:36.023740+00:00,705,231,code,azure_2023
2023-11-16 18:26:36.067824+00:00,456,180,code,azure_2023
2023-11-16 18:26:36.119554+00:00,261,12,code,azure_2023
2023-11-16 18:26:36.120502+00:00,7390,34,code,azure_2023
2023-11-16 18:26:36.120692+00:00,2640,16,code,azure_2023
2023-11-16 18:26:36.121720+00:00,75,18,code,azure_2023
2023-11-16 18:26:36.162366+00:00,1563,10,code,azure_2023
2023-11-16 18:26:36.163551+00:00,16,14,code,azure_2023
2023-11-16 18:26:36.260971+00:00,2772,6,code,azure_2023
2023-11-16 18:26:36.322062+00:00,1881,25,code,azure_2023
2023-11-16 18:26:36.322143+00:00,2298,16,code,azure_2023
2023-11-16 18:26:36.322219+00:00,2434,9,code,azure_2023
2023-11-16 18:26:36.322331+00:00,93,63,code,azure_2023
2023-11-16 18:26:36.323088+00:00,2987,9,code,azure_2023
2023-11-16 18:26:36.325306+00:00,3811,9,code,azure_2023
2023-11-16 18:26:36.421502+00:00,1596,15,code,azure_2023
2023-11-16 18:26:36.422443+00:00,960,7,code,azure_2023
2023-11-16 18:26:36.480390+00:00,1017,20,code,azure_2023
2023-11-16 18:26:36.480709+00:00,18,10,code,azure_2023
2023-11-16 18:26:36.560581+00:00,100,60,code,azure_2023
2023-11-16 18:26:36.588984+00:00,2508,6,code,azure_2023
2023-11-16 18:26:36.589176+00:00,203,28,code,azure_2023
2023-11-16 18:26:36.620342+00:00,340,14,code,azure_2023
2023-11-16 18:26:36.623558+00:00,782,8,code,azure_2023
2023-11-16 18:26:36.678371+00:00,1803,12,code,azure_2023
2023-11-16 18:26:36.758996+00:00,773,8,code,azure_2023
2023-11-16 18:26:36.780562+00:00,1454,172,code,azure_2023
2023-11-16 18:26:36.783833+00:00,1035,52,code,azure_2023
2023-11-16 18:26:36.784680+00:00,92,7,code,azure_2023
2023-11-16 18:26:36.784732+00:00,1208,10,code,azure_2023
2023-11-16 18:26:36.817183+00:00,2992,9,code,azure_2023
2023-11-16 18:26:36.817490+00:00,1112,26,code,azure_2023
2023-11-16 18:26:36.882018+00:00,5546,18,code,azure_2023
2023-11-16 18:26:36.920354+00:00,2639,10,code,azure_2023
2023-11-16 18:26:36.920360+00:00,4176,10,code,azure_2023
2023-11-16 18:26:36.922690+00:00,1115,9,code,azure_2023
2023-11-16 18:26:36.923785+00:00,1112,9,code,azure_2023
2023-11-16 18:26:36.924602+00:00,2302,8,code,azure_2023
2023-11-16 18:26:36.979147+00:00,2020,25,code,azure_2023
2023-11-16 18:26:36.981471+00:00,225,13,code,azure_2023
2023-11-16 18:26:36.981530+00:00,1819,8,code,azure_2023
2023-11-16 18:26:36.981575+00:00,3132,6,code,azure_2023
2023-11-16 18:26:37.068978+00:00,146,13,code,azure_2023
2023-11-16 18:26:37.080068+00:00,29,24,code,azure_2023
2023-11-16 18:26:37.083783+00:00,6692,19,code,azure_2023
2023-11-16 18:26:37.084829+00:00,3775,18,code,azure_2023
2023-11-16 18:26:37.114071+00:00,2437,8,code,azure_2023
2023-11-16 18:26:37.125801+00:00,673,17,code,azure_2023
2023-11-16 18:26:37.177669+00:00,853,11,code,azure_2023
2023-11-16 18:26:37.219549+00:00,2302,12,code,azure_2023
2023-11-16 18:26:37.222222+00:00,98,12,code,azure_2023
2023-11-16 18:26:37.223111+00:00,2228,10,code,azure_2023
2023-11-16 18:26:37.279894+00:00,2387,24,code,azure_2023
2023-11-16 18:26:37.279901+00:00,7427,8,code,azure_2023
2023-11-16 18:26:37.316224+00:00,631,11,code,azure_2023
2023-11-16 18:26:37.378819+00:00,23,21,code,azure_2023
2023-11-16 18:26:37.420594+00:00,69,16,code,azure_2023
2023-11-16 18:26:37.484151+00:00,5547,17,code,azure_2023
2023-11-16 18:26:37.516258+00:00,220,13,code,azure_2023
2023-11-16 18:26:37.518449+00:00,2457,8,code,azure_2023
2023-11-16 18:26:37.518653+00:00,498,249,code,azure_2023
2023-11-16 18:26:37.577825+00:00,2942,55,code,azure_2023
2023-11-16 18:26:37.619587+00:00,1589,22,code,azure_2023
2023-11-16 18:26:37.620701+00:00,2460,13,code,azure_2023
2023-11-16 18:26:37.719374+00:00,2458,6,code,azure_2023
2023-11-16 18:26:37.723174+00:00,4179,14,code,azure_2023
2023-11-16 18:26:37.724080+00:00,2988,12,code,azure_2023
2023-11-16 18:26:37.780765+00:00,1145,11,code,azure_2023
2023-11-16 18:26:37.819497+00:00,2462,8,code,azure_2023
2023-11-16 18:26:37.885503+00:00,1806,15,code,azure_2023
2023-11-16 18:26:37.915491+00:00,1589,22,code,azure_2023
2023-11-16 18:26:37.922116+00:00,1392,9,code,azure_2023
2023-11-16 18:26:37.923784+00:00,2641,14,code,azure_2023
2023-11-16 18:26:37.923804+00:00,1884,6,code,azure_2023
2023-11-16 18:26:37.923829+00:00,3811,7,code,azure_2023
2023-11-16 18:26:37.978385+00:00,6483,7,code,azure_2023
2023-11-16 18:26:37.983300+00:00,241,11,code,azure_2023
2023-11-16 18:26:37.988971+00:00,4585,9,code,azure_2023
2023-11-16 18:26:38.020687+00:00,1884,6,code,azure_2023
2023-11-16 18:26:38.024811+00:00,1598,32,code,azure_2023
2023-11-16 18:26:38.060464+00:00,673,11,code,azure_2023
2023-11-16 18:26:38.086722+00:00,26,19,code,azure_2023
2023-11-16 18:26:38.218323+00:00,2302,13,code,azure_2023
2023-11-16 18:26:38.223760+00:00,2437,8,code,azure_2023
2023-11-16 18:26:38.279971+00:00,1039,55,code,azure_2023
2023-11-16 18:26:38.284813+00:00,1510,11,code,azure_2023
2023-11-16 18:26:38.318946+00:00,1431,9,code,azure_2023
2023-11-16 18:26:38.319090+00:00,3710,7,code,azure_2023
2023-11-16 18:26:38.324215+00:00,711,57,code,azure_2023
2023-11-16 18:26:38.359057+00:00,1897,55,code,azure_2023
2023-11-16 18:26:38.383759+00:00,1023,13,code,azure_2023
2023-11-16 18:26:38.420636+00:00,2981,15,code,azure_2023
2023-11-16 18:26:38.478269+00:00,3126,9,code,azure_2023
2023-11-16 18:26:38.481707+00:00,819,7,code,azure_2023
2023-11-16 18:26:38.484217+00:00,1032,6,code,azure_2023
2023-11-16 18:26:38.516963+00:00,454,11,code,azure_2023
2023-11-16 18:26:38.581936+00:00,7436,6,code,azure_2023
2023-11-16 18:26:38.582233+00:00,2168,10,code,azure_2023
2023-11-16 18:26:38.615559+00:00,7436,30,code,azure_2023
2023-11-16 18:26:38.661138+00:00,757,85,code,azure_2023
2023-11-16 18:26:38.672212+00:00,782,17,code,azure_2023
2023-11-16 18:26:38.714283+00:00,259,11,code,azure_2023
2023-11-16 18:26:38.714303+00:00,2302,52,code,azure_2023
2023-11-16 18:26:38.718110+00:00,2981,7,code,azure_2023
2023-11-16 18:26:38.719180+00:00,944,13,code,azure_2023
2023-11-16 18:26:38.721255+00:00,1112,70,code,azure_2023
2023-11-16 18:26:38.722121+00:00,2430,8,code,azure_2023
2023-11-16 18:26:38.825226+00:00,1114,14,code,azure_2023
2023-11-16 18:26:38.825328+00:00,336,10,code,azure_2023
2023-11-16 18:26:38.879117+00:00,1038,55,code,azure_2023
2023-11-16 18:26:38.919083+00:00,2982,6,code,azure_2023
2023-11-16 18:26:38.919957+00:00,1893,6,code,azure_2023
2023-11-16 18:26:38.920984+00:00,2430,12,code,azure_2023
2023-11-16 18:26:38.983113+00:00,1465,11,code,azure_2023
2023-11-16 18:26:38.984357+00:00,1160,15,code,azure_2023
2023-11-16 18:26:39.017038+00:00,7435,9,code,azure_2023
2023-11-16 18:26:39.022287+00:00,633,202,code,azure_2023
2023-11-16 18:26:39.086685+00:00,7430,16,code,azure_2023
2023-11-16 18:26:39.089161+00:00,1219,19,code,azure_2023
2023-11-16 18:26:39.114084+00:00,2430,6,code,azure_2023
2023-11-16 18:26:39.119712+00:00,752,9,code,azure_2023
2023-11-16 18:26:39.120721+00:00,890,26,code,azure_2023
2023-11-16 18:26:39.123144+00:00,1615,50,code,azure_2023
2023-11-16 18:26:39.179625+00:00,2168,10,code,azure_2023
2023-11-16 18:26:39.180336+00:00,1370,7,code,azure_2023
2023-11-16 18:26:39.180531+00:00,2216,10,code,azure_2023
2023-11-16 18:26:39.279187+00:00,6695,9,code,azure_2023
2023-11-16 18:26:39.279819+00:00,2152,153,code,azure_2023
2023-11-16 18:26:39.282758+00:00,912,7,code,azure_2023
2023-11-16 18:26:39.283641+00:00,131,7,code,azure_2023
2023-11-16 18:26:39.285406+00:00,7436,13,code,azure_2023
2023-11-16 18:26:39.318010+00:00,2306,7,code,azure_2023
2023-11-16 18:26:39.319961+00:00,3816,9,code,azure_2023
2023-11-16 18:26:39.323994+00:00,334,13,code,azure_2023
2023-11-16 18:26:39.380876+00:00,2305,8,code,azure_2023
2023-11-16 18:26:39.384322+00:00,1281,31,code,azure_2023
2023-11-16 18:26:39.386829+00:00,2948,60,code,azure_2023
2023-11-16 18:26:39.387743+00:00,1318,29,code,azure_2023
2023-11-16 18:26:39.417470+00:00,742,37,code,azure_2023
2023-11-16 18:26:39.519567+00:00,2307,10,code,azure_2023
2023-11-16 18:26:39.520318+00:00,2428,11,code,azure_2023
2023-11-16 18:26:39.719916+00:00,905,11,code,azure_2023
2023-11-16 18:26:39.817689+00:00,1111,9,code,azure_2023
2023-11-16 18:26:39.820983+00:00,2308,24,code,azure_2023
2023-11-16 18:26:39.822582+00:00,702,279,code,azure_2023
2023-11-16 18:26:39.917626+00:00,336,10,code,azure_2023
2023-11-16 18:26:39.918717+00:00,909,9,code,azure_2023
2023-11-16 18:26:40.015168+00:00,808,24,code,azure_2023
2023-11-16 18:26:40.119570+00:00,3711,6,code,azure_2023
2023-11-16 18:26:40.120680+00:00,7429,12,code,azure_2023
2023-11-16 18:26:40.125185+00:00,729,65,code,azure_2023
2023-11-16 18:26:40.217308+00:00,890,12,code,azure_2023
2023-11-16 18:26:40.221041+00:00,74,30,code,azure_2023
2023-11-16 18:26:40.224373+00:00,456,17,code,azure_2023
2023-11-16 18:26:40.319438+00:00,261,15,code,azure_2023
2023-11-16 18:26:40.320657+00:00,2305,8,code,azure_2023
2023-11-16 18:26:40.417014+00:00,3659,6,code,azure_2023
2023-11-16 18:26:40.420469+00:00,261,14,code,azure_2023
2023-11-16 18:26:40.420512+00:00,3659,6,code,azure_2023
2023-11-16 18:26:40.422490+00:00,3659,6,code,azure_2023
2023-11-16 18:26:40.425298+00:00,2430,6,code,azure_2023
2023-11-16 18:26:40.525255+00:00,2433,6,code,azure_2023
2023-11-16 18:26:40.615207+00:00,2431,20,code,azure_2023
2023-11-16 18:26:40.714368+00:00,864,13,code,azure_2023
2023-11-16 18:26:40.916791+00:00,710,157,code,azure_2023
2023-11-16 18:26:41.216392+00:00,1039,9,code,azure_2023
2023-11-16 18:26:41.417074+00:00,2433,28,code,azure_2023
2023-11-16 18:26:42.118994+00:00,1355,11,code,azure_2023
2023-11-16 18:26:42.220322+00:00,2435,7,code,azure_2023
2023-11-16 18:26:42.314280+00:00,2302,92,code,azure_2023
2023-11-16 18:26:42.316150+00:00,868,16,code,azure_2023
2023-11-16 18:26:42.316203+00:00,3713,12,code,azure_2023
2023-11-16 18:26:42.381771+00:00,223,15,code,azure_2023
2023-11-16 18:26:42.482022+00:00,1926,9,code,azure_2023
2023-11-16 18:26:42.720235+00:00,870,11,code,azure_2023
2023-11-16 18:26:42.720334+00:00,11,8,code,azure_2023
2023-11-16 18:26:42.814429+00:00,890,7,code,azure_2023
2023-11-16 18:26:42.914155+00:00,1833,15,code,azure_2023
2023-11-16 18:26:43.214207+00:00,1339,26,code,azure_2023
2023-11-16 18:26:43.214267+00:00,935,10,code,azure_2023
2023-11-16 18:26:43.418456+00:00,2049,13,code,azure_2023
2023-11-16 18:26:43.618724+00:00,1833,12,code,azure_2023
2023-11-16 18:26:43.715474+00:00,3714,11,code,azure_2023
2023-11-16 18:26:43.715656+00:00,730,75,code,azure_2023
2023-11-16 18:26:44.016208+00:00,2727,15,code,azure_2023
2023-11-16 18:26:44.214380+00:00,2437,6,code,azure_2023
2023-11-16 18:26:44.418670+00:00,1347,7,code,azure_2023
2023-11-16 18:26:44.579062+00:00,2457,13,code,azure_2023
2023-11-16 18:26:44.579818+00:00,5545,18,code,azure_2023
2023-11-16 18:26:44.588187+00:00,251,7,code,azure_2023
2023-11-16 18:26:44.678460+00:00,129,13,code,azure_2023
2023-11-16 18:26:44.714180+00:00,1147,15,code,azure_2023
2023-11-16 18:26:44.717786+00:00,7436,12,code,azure_2023
2023-11-16 18:26:44.782182+00:00,2256,9,code,azure_2023
2023-11-16 18:26:44.788538+00:00,1008,23,code,azure_2023
2023-11-16 18:26:44.789459+00:00,7435,6,code,azure_2023
2023-11-16 18:26:44.815680+00:00,1347,6,code,azure_2023
2023-11-16 18:26:44.816690+00:00,893,10,code,azure_2023
2023-11-16 18:26:44.980103+00:00,1429,9,code,azure_2023
2023-11-16 18:26:44.987583+00:00,1019,6,code,azure_2023
2023-11-16 18:26:45.081315+00:00,954,10,code,azure_2023
2023-11-16 18:26:45.081434+00:00,6633,10,code,azure_2023
2023-11-16 18:26:45.081569+00:00,7435,15,code,azure_2023
2023-11-16 18:26:45.084880+00:00,6694,9,code,azure_2023
2023-11-16 18:26:45.177598+00:00,1125,9,code,azure_2023
2023-11-16 18:26:45.177651+00:00,1020,6,code,azure_2023
2023-11-16 18:26:45.183445+00:00,1119,9,code,azure_2023
2023-11-16 18:26:45.216962+00:00,3001,8,code,azure_2023
2023-11-16 18:26:45.217014+00:00,3652,24,code,azure_2023
2023-11-16 18:26:45.314446+00:00,1150,6,code,azure_2023
2023-11-16 18:26:45.382631+00:00,2307,20,code,azure_2023
2023-11-16 18:26:45.417936+00:00,2439,9,code,azure_2023
2023-11-16 18:26:45.517171+00:00,4524,12,code,azure_2023
2023-11-16 18:26:45.580385+00:00,2736,6,code,azure_2023
2023-11-16 18:26:45.580690+00:00,131,7,code,azure_2023
2023-11-16 18:26:45.617518+00:00,2728,15,code,azure_2023
2023-11-16 18:26:45.617619+00:00,1093,14,code,azure_2023
2023-11-16 18:26:45.686357+00:00,122,6,code,azure_2023
2023-11-16 18:26:45.782925+00:00,3338,9,code,azure_2023
2023-11-16 18:26:45.784485+00:00,128,11,code,azure_2023
2023-11-16 18:26:45.785283+00:00,1119,27,code,azure_2023
2023-11-16 18:26:45.785545+00:00,2733,12,code,azure_2023
2023-11-16 18:26:45.818535+00:00,936,16,code,azure_2023
2023-11-16 18:26:45.818602+00:00,875,18,code,azure_2023
2023-11-16 18:26:45.882624+00:00,82,6,code,azure_2023
2023-11-16 18:26:45.885722+00:00,3122,14,code,azure_2023
2023-11-16 18:26:45.914297+00:00,2448,106,code,azure_2023
2023-11-16 18:26:45.979813+00:00,1009,12,code,azure_2023
2023-11-16 18:26:45.983231+00:00,1125,18,code,azure_2023
2023-11-16 18:26:46.081102+00:00,1281,10,code,azure_2023
2023-11-16 18:26:46.083360+00:00,1931,6,code,azure_2023
2023-11-16 18:26:46.278963+00:00,2135,20,code,azure_2023
2023-11-16 18:26:46.316040+00:00,1150,25,code,azure_2023
2023-11-16 18:26:46.379965+00:00,2186,40,code,azure_2023
2023-11-16 18:26:46.383391+00:00,2244,14,code,azure_2023
2023-11-16 18:26:46.383549+00:00,109,9,code,azure_2023
2023-11-16 18:26:46.414377+00:00,3002,17,code,azure_2023
2023-11-16 18:26:46.418900+00:00,135,9,code,azure_2023
2023-11-16 18:26:46.514188+00:00,895,6,code,azure_2023
2023-11-16 18:26:46.681087+00:00,1586,55,code,azure_2023
2023-11-16 18:26:46.817296+00:00,1093,11,code,azure_2023
2023-11-16 18:26:46.817355+00:00,2729,15,code,azure_2023
2023-11-16 18:26:46.818474+00:00,476,14,code,azure_2023
2023-11-16 18:26:46.879856+00:00,83,6,code,azure_2023
2023-11-16 18:26:46.914511+00:00,715,252,code,azure_2023
2023-11-16 18:26:46.981734+00:00,5630,13,code,azure_2023
2023-11-16 18:26:47.016787+00:00,4597,65,code,azure_2023
2023-11-16 18:26:47.080485+00:00,1281,21,code,azure_2023
2023-11-16 18:26:47.318892+00:00,476,7,code,azure_2023
2023-11-16 18:26:47.383562+00:00,1932,9,code,azure_2023
2023-11-16 18:26:47.482350+00:00,5607,9,code,azure_2023
2023-11-16 18:26:47.585349+00:00,6699,10,code,azure_2023
2023-11-16 18:26:47.585449+00:00,2466,9,code,azure_2023
2023-11-16 18:26:47.614448+00:00,2439,44,code,azure_2023
2023-11-16 18:26:47.683171+00:00,5544,12,code,azure_2023
2023-11-16 18:26:47.684086+00:00,4393,11,code,azure_2023
2023-11-16 18:26:47.684138+00:00,3977,13,code,azure_2023
2023-11-16 18:26:47.781469+00:00,6877,20,code,azure_2023
2023-11-16 18:26:47.814290+00:00,732,10,code,azure_2023
2023-11-16 18:26:47.879789+00:00,352,319,code,azure_2023
2023-11-16 18:26:47.914161+00:00,897,52,code,azure_2023
2023-11-16 18:26:47.916091+00:00,3000,201,code,azure_2023
2023-11-16 18:26:47.981213+00:00,29,8,code,azure_2023
2023-11-16 18:26:47.987184+00:00,1019,10,code,azure_2023
2023-11-16 18:26:48.080166+00:00,5608,13,code,azure_2023
2023-11-16 18:26:48.080216+00:00,1429,7,code,azure_2023
2023-11-16 18:26:48.084332+00:00,2310,16,code,azure_2023
2023-11-16 18:26:48.280113+00:00,920,7,code,azure_2023
2023-11-16 18:26:48.283786+00:00,1095,19,code,azure_2023
2023-11-16 18:26:48.284687+00:00,1119,15,code,azure_2023
2023-11-16 18:26:48.286976+00:00,7436,10,code,azure_2023
2023-11-16 18:26:48.288683+00:00,126,13,code,azure_2023
2023-11-16 18:26:48.288919+00:00,87,15,code,azure_2023
2023-11-16 18:26:48.515843+00:00,2309,7,code,azure_2023
2023-11-16 18:26:48.582221+00:00,2294,28,code,azure_2023
2023-11-16 18:26:48.582228+00:00,1363,20,code,azure_2023
2023-11-16 18:26:48.582307+00:00,3452,6,code,azure_2023
2023-11-16 18:26:48.678910+00:00,1014,11,code,azure_2023
2023-11-16 18:26:48.682377+00:00,1109,42,code,azure_2023
2023-11-16 18:26:48.689308+00:00,4141,12,code,azure_2023
2023-11-16 18:26:48.877892+00:00,125,14,code,azure_2023
2023-11-16 18:26:48.877994+00:00,223,8,code,azure_2023
2023-11-16 18:26:48.878017+00:00,1818,7,code,azure_2023
2023-11-16 18:26:48.880870+00:00,1119,17,code,azure_2023
2023-11-16 18:26:48.882991+00:00,2456,10,code,azure_2023
2023-11-16 18:26:48.884182+00:00,349,9,code,azure_2023
2023-11-16 18:26:48.886995+00:00,14,37,code,azure_2023
2023-11-16 18:26:48.889077+00:00,1469,15,code,azure_2023
2023-11-16 18:26:49.014780+00:00,483,17,code,azure_2023
2023-11-16 18:26:49.077672+00:00,5184,6,code,azure_2023
2023-11-16 18:26:49.081106+00:00,30,36,code,azure_2023
2023-11-16 18:26:49.081277+00:00,1199,87,code,azure_2023
2023-11-16 18:26:49.083072+00:00,2983,9,code,azure_2023
2023-11-16 18:26:49.083153+00:00,345,10,code,azure_2023
2023-11-16 18:26:49.084055+00:00,7436,6,code,azure_2023
2023-11-16 18:26:49.084145+00:00,1021,16,code,azure_2023
2023-11-16 18:26:49.177983+00:00,358,15,code,azure_2023
2023-11-16 18:26:49.179784+00:00,929,8,code,azure_2023
2023-11-16 18:26:49.183036+00:00,2297,6,code,azure_2023
2023-11-16 18:26:49.183880+00:00,1020,6,code,azure_2023
2023-11-16 18:26:49.183952+00:00,1125,7,code,azure_2023
2023-11-16 18:26:49.184845+00:00,2455,12,code,azure_2023
2023-11-16 18:26:49.185007+00:00,1035,31,code,azure_2023
2023-11-16 18:26:49.185791+00:00,7436,15,code,azure_2023
2023-11-16 18:26:49.185971+00:00,1818,9,code,azure_2023
2023-11-16 18:26:49.187053+00:00,2128,9,code,azure_2023
2023-11-16 18:26:49.188133+00:00,1114,11,code,azure_2023
2023-11-16 18:26:49.188955+00:00,2253,9,code,azure_2023
2023-11-16 18:26:49.189045+00:00,346,6,code,azure_2023
2023-11-16 18:26:49.285178+00:00,1135,27,code,azure_2023
2023-11-16 18:26:49.315670+00:00,3816,17,code,azure_2023
2023-11-16 18:26:49.379004+00:00,47,7,code,azure_2023
2023-11-16 18:26:49.381548+00:00,5543,13,code,azure_2023
2023-11-16 18:26:49.583137+00:00,230,14,code,azure_2023
2023-11-16 18:26:49.682594+00:00,1044,52,code,azure_2023
2023-11-16 18:26:49.685073+00:00,2254,6,code,azure_2023
2023-11-16 18:26:49.882170+00:00,2830,9,code,azure_2023
2023-11-16 18:26:49.882959+00:00,1125,14,code,azure_2023
2023-11-16 18:26:49.883254+00:00,392,82,code,azure_2023
2023-11-16 18:27:06.256049+00:00,1266,13,code,azure_2023
2023-11-16 18:27:06.355370+00:00,3478,15,code,azure_2023
2023-11-16 18:27:06.453183+00:00,3402,7,code,azure_2023
2023-11-16 18:27:07.154145+00:00,2775,12,code,azure_2023
2023-11-16 18:27:07.257691+00:00,3242,18,code,azure_2023
2023-11-16 18:27:07.357669+00:00,676,6,code,azure_2023
2023-11-16 18:27:07.365222+00:00,1387,27,code,azure_2023
2023-11-16 18:27:07.584329+00:00,1269,15,code,azure_2023
2023-11-16 18:27:07.626887+00:00,6,9,code,azure_2023
2023-11-16 18:27:07.648285+00:00,4074,12,code,azure_2023
2023-11-16 18:27:07.767895+00:00,2070,7,code,azure_2023
2023-11-16 18:27:07.769658+00:00,819,24,code,azure_2023
2023-11-16 18:27:07.829485+00:00,3634,21,code,azure_2023
2023-11-16 18:27:07.954535+00:00,1270,9,code,azure_2023
2023-11-16 18:27:08.053195+00:00,985,13,code,azure_2023
2023-11-16 18:27:08.058050+00:00,279,15,code,azure_2023
2023-11-16 18:27:08.132122+00:00,3531,9,code,azure_2023
2023-11-16 18:27:08.178430+00:00,1186,16,code,azure_2023
2023-11-16 18:27:08.557570+00:00,1609,10,code,azure_2023
2023-11-16 18:27:08.653403+00:00,1057,7,code,azure_2023
2023-11-16 18:27:08.726692+00:00,2128,60,code,azure_2023
2023-11-16 18:27:08.855545+00:00,1186,13,code,azure_2023
2023-11-16 18:27:08.857198+00:00,3536,20,code,azure_2023
2023-11-16 18:27:08.925574+00:00,2577,94,code,azure_2023
2023-11-16 18:27:08.976946+00:00,1386,61,code,azure_2023
2023-11-16 18:27:09.087256+00:00,1539,15,code,azure_2023
2023-11-16 18:27:09.125515+00:00,386,7,code,azure_2023
2023-11-16 18:27:09.153137+00:00,3489,18,code,azure_2023
2023-11-16 18:27:09.256239+00:00,318,91,code,azure_2023
2023-11-16 18:27:09.355365+00:00,1767,11,code,azure_2023
2023-11-16 18:27:09.499731+00:00,1058,20,code,azure_2023
2023-11-16 18:27:09.533244+00:00,1779,9,code,azure_2023
2023-11-16 18:27:09.675079+00:00,1539,14,code,azure_2023
2023-11-16 18:27:09.752076+00:00,1749,9,code,azure_2023
2023-11-16 18:27:09.927799+00:00,1692,14,code,azure_2023
2023-11-16 18:27:09.941046+00:00,589,6,code,azure_2023
2023-11-16 18:27:09.954195+00:00,3835,294,code,azure_2023
2023-11-16 18:27:09.968067+00:00,1439,22,code,azure_2023
2023-11-16 18:27:10.027111+00:00,385,10,code,azure_2023
2023-11-16 18:27:10.029039+00:00,1168,7,code,azure_2023
2023-11-16 18:27:10.253270+00:00,3244,20,code,azure_2023
2023-11-16 18:27:10.355236+00:00,1272,66,code,azure_2023
2023-11-16 18:27:10.427466+00:00,5391,17,code,azure_2023
2023-11-16 18:27:10.453175+00:00,2780,10,code,azure_2023
2023-11-16 18:27:10.531850+00:00,269,25,code,azure_2023
2023-11-16 18:27:10.557485+00:00,318,18,code,azure_2023
2023-11-16 18:27:10.776663+00:00,1059,19,code,azure_2023
2023-11-16 18:27:10.903825+00:00,7436,13,code,azure_2023
2023-11-16 18:27:10.927039+00:00,1184,19,code,azure_2023
2023-11-16 18:27:11.025818+00:00,1762,22,code,azure_2023
2023-11-16 18:27:11.047671+00:00,51,37,code,azure_2023
2023-11-16 18:27:11.189457+00:00,386,9,code,azure_2023
2023-11-16 18:27:11.213881+00:00,965,31,code,azure_2023
2023-11-16 18:27:11.352100+00:00,2595,193,code,azure_2023
2023-11-16 18:27:11.425544+00:00,821,15,code,azure_2023
2023-11-16 18:27:11.553114+00:00,319,90,code,azure_2023
2023-11-16 18:27:11.555957+00:00,151,11,code,azure_2023
2023-11-16 18:27:11.728983+00:00,388,17,code,azure_2023
2023-11-16 18:27:11.884118+00:00,3481,6,code,azure_2023
2023-11-16 18:27:11.926996+00:00,156,9,code,azure_2023
2023-11-16 18:27:12.127805+00:00,1803,12,code,azure_2023
2023-11-16 18:27:12.250086+00:00,554,9,code,azure_2023
2023-11-16 18:27:12.359391+00:00,438,37,code,azure_2023
2023-11-16 18:27:12.425994+00:00,924,10,code,azure_2023
2023-11-16 18:27:12.455547+00:00,3573,201,code,azure_2023
2023-11-16 18:27:12.482934+00:00,1328,7,code,azure_2023
2023-11-16 18:27:12.509306+00:00,1677,172,code,azure_2023
2023-11-16 18:27:12.553408+00:00,840,9,code,azure_2023
2023-11-16 18:27:12.625581+00:00,908,8,code,azure_2023
2023-11-16 18:27:12.825541+00:00,386,9,code,azure_2023
2023-11-16 18:27:12.853146+00:00,1618,10,code,azure_2023
2023-11-16 18:27:12.853329+00:00,742,19,code,azure_2023
2023-11-16 18:27:12.860502+00:00,768,8,code,azure_2023
2023-11-16 18:27:12.864558+00:00,821,25,code,azure_2023
2023-11-16 18:27:12.925650+00:00,1328,6,code,azure_2023
2023-11-16 18:27:12.953219+00:00,431,15,code,azure_2023
2023-11-16 18:27:13.157825+00:00,604,8,code,azure_2023
2023-11-16 18:27:13.256209+00:00,175,7,code,azure_2023
2023-11-16 18:27:13.347334+00:00,2129,12,code,azure_2023
2023-11-16 18:27:13.725534+00:00,559,7,code,azure_2023
2023-11-16 18:27:13.838404+00:00,1371,10,code,azure_2023
2023-11-16 18:27:13.855061+00:00,175,13,code,azure_2023
2023-11-16 18:27:13.925720+00:00,2129,13,code,azure_2023
2023-11-16 18:27:13.930012+00:00,925,7,code,azure_2023
2023-11-16 18:27:13.930093+00:00,3639,23,code,azure_2023
2023-11-16 18:27:13.930712+00:00,1676,29,code,azure_2023
2023-11-16 18:27:13.957257+00:00,1454,13,code,azure_2023
2023-11-16 18:27:13.958681+00:00,162,7,code,azure_2023
2023-11-16 18:27:14.053236+00:00,472,9,code,azure_2023
2023-11-16 18:27:14.155071+00:00,2784,43,code,azure_2023
2023-11-16 18:27:14.253247+00:00,3577,7,code,azure_2023
2023-11-16 18:27:14.255890+00:00,577,25,code,azure_2023
2023-11-16 18:27:14.352368+00:00,925,9,code,azure_2023
2023-11-16 18:27:14.425635+00:00,1373,7,code,azure_2023
2023-11-16 18:27:14.453299+00:00,3690,8,code,azure_2023
2023-11-16 18:27:14.525589+00:00,908,11,code,azure_2023
2023-11-16 18:27:14.627175+00:00,3640,14,code,azure_2023
2023-11-16 18:27:15.025541+00:00,925,6,code,azure_2023
2023-11-16 18:27:15.125540+00:00,2263,32,code,azure_2023
2023-11-16 18:27:15.125721+00:00,1638,43,code,azure_2023
2023-11-16 18:27:15.331238+00:00,901,7,code,azure_2023
2023-11-16 18:27:15.353968+00:00,321,28,code,azure_2023
2023-11-16 18:27:15.355981+00:00,907,11,code,azure_2023
2023-11-16 18:27:15.356171+00:00,3578,9,code,azure_2023
2023-11-16 18:27:15.425482+00:00,1373,9,code,azure_2023
2023-11-16 18:27:15.563189+00:00,4574,20,code,azure_2023
2023-11-16 18:27:15.626483+00:00,393,21,code,azure_2023
2023-11-16 18:27:15.760370+00:00,1721,7,code,azure_2023
2023-11-16 18:27:15.760530+00:00,7435,9,code,azure_2023
2023-11-16 18:27:15.761285+00:00,4343,21,code,azure_2023
2023-11-16 18:27:16.263991+00:00,1345,22,code,azure_2023
2023-11-16 18:27:16.264757+00:00,1730,24,code,azure_2023
2023-11-16 18:27:16.265059+00:00,3562,14,code,azure_2023
2023-11-16 18:27:16.358657+00:00,1454,83,code,azure_2023
2023-11-16 18:27:16.455647+00:00,2786,37,code,azure_2023
2023-11-16 18:27:16.554482+00:00,11,87,code,azure_2023
2023-11-16 18:27:16.562051+00:00,577,114,code,azure_2023
2023-11-16 18:27:16.562130+00:00,1722,11,code,azure_2023
2023-11-16 18:27:16.563049+00:00,321,111,code,azure_2023
2023-11-16 18:27:16.563180+00:00,304,11,code,azure_2023
2023-11-16 18:27:16.565175+00:00,1275,15,code,azure_2023
2023-11-16 18:27:16.658595+00:00,2786,49,code,azure_2023
2023-11-16 18:27:16.659724+00:00,474,8,code,azure_2023
2023-11-16 18:27:16.776605+00:00,1538,18,code,azure_2023
2023-11-16 18:27:16.804677+00:00,2705,76,code,azure_2023
2023-11-16 18:27:17.154677+00:00,4174,19,code,azure_2023
2023-11-16 18:27:17.465187+00:00,353,57,code,azure_2023
2023-11-16 18:27:17.560164+00:00,770,17,code,azure_2023
2023-11-16 18:27:17.561267+00:00,4587,8,code,azure_2023
2023-11-16 18:27:17.562360+00:00,3579,11,code,azure_2023
2023-11-16 18:27:17.562495+00:00,1722,31,code,azure_2023
2023-11-16 18:27:17.564285+00:00,1864,37,code,azure_2023
2023-11-16 18:27:17.565511+00:00,474,11,code,azure_2023
2023-11-16 18:27:17.625551+00:00,442,15,code,azure_2023
2023-11-16 18:27:17.640447+00:00,1262,19,code,azure_2023
2023-11-16 18:27:17.753715+00:00,1862,9,code,azure_2023
2023-11-16 18:27:17.759236+00:00,1175,89,code,azure_2023
2023-11-16 18:27:17.761177+00:00,3579,7,code,azure_2023
2023-11-16 18:27:17.857183+00:00,2273,7,code,azure_2023
2023-11-16 18:27:17.859650+00:00,1075,58,code,azure_2023
2023-11-16 18:27:18.054633+00:00,3580,6,code,azure_2023
2023-11-16 18:27:18.071412+00:00,7436,22,code,azure_2023
2023-11-16 18:27:18.136062+00:00,1705,8,code,azure_2023
2023-11-16 18:27:18.158262+00:00,2106,57,code,azure_2023
2023-11-16 18:27:18.336624+00:00,1680,21,code,azure_2023
2023-11-16 18:27:18.361478+00:00,3014,9,code,azure_2023
2023-11-16 18:27:18.361569+00:00,384,9,code,azure_2023
2023-11-16 18:27:18.361619+00:00,972,165,code,azure_2023
2023-11-16 18:27:18.556589+00:00,1728,6,code,azure_2023
2023-11-16 18:27:18.556849+00:00,2277,52,code,azure_2023
2023-11-16 18:27:18.625739+00:00,647,153,code,azure_2023
2023-11-16 18:27:18.649103+00:00,3666,8,code,azure_2023
2023-11-16 18:27:18.655002+00:00,1500,719,code,azure_2023
2023-11-16 18:27:18.656897+00:00,2705,7,code,azure_2023
2023-11-16 18:27:18.735221+00:00,1481,822,code,azure_2023
2023-11-16 18:27:18.827739+00:00,2378,7,code,azure_2023
2023-11-16 18:27:18.926506+00:00,1037,13,code,azure_2023
2023-11-16 18:27:19.027349+00:00,4174,20,code,azure_2023
2023-11-16 18:27:19.054731+00:00,1728,15,code,azure_2023
2023-11-16 18:27:19.125715+00:00,2378,9,code,azure_2023
2023-11-16 18:27:19.125814+00:00,7435,16,code,azure_2023
2023-11-16 18:27:19.157252+00:00,3908,9,code,azure_2023
2023-11-16 18:27:19.232194+00:00,1262,18,code,azure_2023
2023-11-16 18:27:19.348829+00:00,2152,16,code,azure_2023
2023-11-16 18:27:19.553195+00:00,1280,52,code,azure_2023
2023-11-16 18:27:19.627345+00:00,2601,13,code,azure_2023
2023-11-16 18:27:19.655471+00:00,182,7,code,azure_2023
2023-11-16 18:27:19.855141+00:00,1141,25,code,azure_2023
2023-11-16 18:27:19.955136+00:00,459,24,code,azure_2023
2023-11-16 18:27:19.957515+00:00,562,12,code,azure_2023
2023-11-16 18:27:20.053371+00:00,3932,14,code,azure_2023
2023-11-16 18:27:20.144558+00:00,1693,9,code,azure_2023
2023-11-16 18:27:20.255188+00:00,89,7,code,azure_2023
2023-11-16 18:27:20.261191+00:00,156,25,code,azure_2023
2023-11-16 18:27:20.380729+00:00,7437,24,code,azure_2023
2023-11-16 18:27:20.457751+00:00,7436,6,code,azure_2023
2023-11-16 18:27:20.558673+00:00,1280,26,code,azure_2023
2023-11-16 18:27:20.591531+00:00,3688,9,code,azure_2023
2023-11-16 18:27:20.879046+00:00,1375,19,code,azure_2023
2023-11-16 18:27:20.919125+00:00,2269,7,code,azure_2023
2023-11-16 18:27:20.936014+00:00,89,7,code,azure_2023
2023-11-16 18:27:21.053272+00:00,1280,8,code,azure_2023
2023-11-16 18:27:21.070883+00:00,941,27,code,azure_2023
2023-11-16 18:27:21.102721+00:00,2601,125,code,azure_2023
2023-11-16 18:27:21.182817+00:00,354,24,code,azure_2023
2023-11-16 18:27:21.253148+00:00,2793,64,code,azure_2023
2023-11-16 18:27:21.358921+00:00,2277,40,code,azure_2023
2023-11-16 18:27:21.359947+00:00,1143,43,code,azure_2023
2023-11-16 18:27:21.382397+00:00,1693,9,code,azure_2023
2023-11-16 18:27:21.726486+00:00,2782,10,code,azure_2023
2023-11-16 18:27:21.741773+00:00,2157,8,code,azure_2023
2023-11-16 18:27:21.773381+00:00,2269,12,code,azure_2023
2023-11-16 18:27:21.787120+00:00,1693,9,code,azure_2023
2023-11-16 18:27:21.953208+00:00,1597,7,code,azure_2023
2023-11-16 18:27:22.157482+00:00,3569,12,code,azure_2023
2023-11-16 18:27:22.253277+00:00,184,15,code,azure_2023
2023-11-16 18:27:22.429081+00:00,51,8,code,azure_2023
2023-11-16 18:27:22.429292+00:00,1703,13,code,azure_2023
2023-11-16 18:27:22.525595+00:00,90,6,code,azure_2023
2023-11-16 18:27:22.771615+00:00,4795,9,code,azure_2023
2023-11-16 18:27:22.785776+00:00,2159,6,code,azure_2023
2023-11-16 18:27:22.897191+00:00,1723,10,code,azure_2023
2023-11-16 18:27:22.925480+00:00,13,30,code,azure_2023
2023-11-16 18:27:22.953226+00:00,1145,44,code,azure_2023
2023-11-16 18:27:22.953325+00:00,2271,10,code,azure_2023
2023-11-16 18:27:22.953361+00:00,776,10,code,azure_2023
2023-11-16 18:27:22.992292+00:00,2633,70,code,azure_2023
2023-11-16 18:27:23.025550+00:00,6422,14,code,azure_2023
2023-11-16 18:27:23.025557+00:00,1376,13,code,azure_2023
2023-11-16 18:27:23.054222+00:00,1763,51,code,azure_2023
2023-11-16 18:27:23.210393+00:00,1047,28,code,azure_2023
2023-11-16 18:27:23.332616+00:00,90,6,code,azure_2023
2023-11-16 18:27:23.553404+00:00,1478,145,code,azure_2023
2023-11-16 18:27:23.554763+00:00,4301,7,code,azure_2023
2023-11-16 18:27:23.554841+00:00,2111,343,code,azure_2023
2023-11-16 18:27:23.628357+00:00,6424,13,code,azure_2023
2023-11-16 18:27:23.827227+00:00,90,6,code,azure_2023
2023-11-16 18:27:23.835173+00:00,166,9,code,azure_2023
2023-11-16 18:27:23.853774+00:00,2792,196,code,azure_2023
2023-11-16 18:27:23.953161+00:00,185,9,code,azure_2023
2023-11-16 18:27:24.025666+00:00,2775,11,code,azure_2023
2023-11-16 18:27:24.057417+00:00,1048,55,code,azure_2023
2023-11-16 18:27:24.130903+00:00,15,29,code,azure_2023
2023-11-16 18:27:24.227724+00:00,2642,11,code,azure_2023
2023-11-16 18:27:24.352277+00:00,168,11,code,azure_2023
2023-11-16 18:27:24.435139+00:00,2522,15,code,azure_2023
2023-11-16 18:27:24.653243+00:00,1345,15,code,azure_2023
2023-11-16 18:27:24.676575+00:00,1950,6,code,azure_2023
2023-11-16 18:27:24.725683+00:00,6426,12,code,azure_2023
2023-11-16 18:27:24.833162+00:00,2775,12,code,azure_2023
2023-11-16 18:27:24.925476+00:00,17,18,code,azure_2023
2023-11-16 18:27:24.955410+00:00,1124,19,code,azure_2023
2023-11-16 18:27:24.958467+00:00,137,1899,code,azure_2023
2023-11-16 18:27:25.114771+00:00,1050,11,code,azure_2023
2023-11-16 18:27:25.153117+00:00,430,6,code,azure_2023
2023-11-16 18:27:25.153257+00:00,771,55,code,azure_2023
2023-11-16 18:27:25.288105+00:00,2284,40,code,azure_2023
2023-11-16 18:27:25.431048+00:00,2523,9,code,azure_2023
2023-11-16 18:27:25.518064+00:00,1406,9,code,azure_2023
2023-11-16 18:27:25.625702+00:00,2652,55,code,azure_2023
2023-11-16 18:27:25.861632+00:00,7436,11,code,azure_2023
2023-11-16 18:27:25.947881+00:00,391,9,code,azure_2023
2023-11-16 18:27:26.025620+00:00,440,23,code,azure_2023
2023-11-16 18:27:26.027736+00:00,1375,13,code,azure_2023
2023-11-16 18:27:26.152756+00:00,1780,36,code,azure_2023
2023-11-16 18:27:26.234189+00:00,819,6,code,azure_2023
2023-11-16 18:27:26.425561+00:00,172,9,code,azure_2023
2023-11-16 18:27:26.466450+00:00,1276,9,code,azure_2023
2023-11-16 18:27:26.466609+00:00,61,8,code,azure_2023
2023-11-16 18:27:26.625715+00:00,464,6,code,azure_2023
2023-11-16 18:27:26.753166+00:00,676,7,code,azure_2023
2023-11-16 18:27:26.772351+00:00,772,167,code,azure_2023
2023-11-16 18:27:26.825503+00:00,924,8,code,azure_2023
2023-11-16 18:27:26.855008+00:00,2663,21,code,azure_2023
2023-11-16 18:27:27.042422+00:00,1782,15,code,azure_2023
2023-11-16 18:27:27.125488+00:00,1174,9,code,azure_2023
2023-11-16 18:27:27.226219+00:00,1376,9,code,azure_2023
2023-11-16 18:27:27.275694+00:00,679,10,code,azure_2023
2023-11-16 18:27:27.357792+00:00,4299,9,code,azure_2023
2023-11-16 18:27:27.406933+00:00,19,15,code,azure_2023
2023-11-16 18:27:27.555541+00:00,925,9,code,azure_2023
2023-11-16 18:27:27.577134+00:00,62,6,code,azure_2023
2023-11-16 18:27:27.592389+00:00,1938,12,code,azure_2023
2023-11-16 18:27:27.654606+00:00,1297,232,code,azure_2023
2023-11-16 18:27:27.753441+00:00,165,13,code,azure_2023
2023-11-16 18:27:27.775170+00:00,772,20,code,azure_2023
2023-11-16 18:27:27.880624+00:00,456,15,code,azure_2023
2023-11-16 18:27:27.925484+00:00,922,6,code,azure_2023
2023-11-16 18:27:27.954171+00:00,320,34,code,azure_2023
2023-11-16 18:27:27.954308+00:00,1035,10,code,azure_2023
2023-11-16 18:27:28.156896+00:00,679,14,code,azure_2023
2023-11-16 18:27:28.241989+00:00,92,60,code,azure_2023
2023-11-16 18:27:28.247554+00:00,1706,13,code,azure_2023
2023-11-16 18:27:28.330237+00:00,1195,11,code,azure_2023
2023-11-16 18:27:28.344773+00:00,178,9,code,azure_2023
2023-11-16 18:27:28.360924+00:00,166,58,code,azure_2023
2023-11-16 18:27:28.428811+00:00,2683,55,code,azure_2023
2023-11-16 18:27:28.454986+00:00,63,6,code,azure_2023
2023-11-16 18:27:28.525735+00:00,22,9,code,azure_2023
2023-11-16 18:27:28.555320+00:00,1940,20,code,azure_2023
2023-11-16 18:27:28.625772+00:00,1049,18,code,azure_2023
2023-11-16 18:27:28.646348+00:00,178,9,code,azure_2023
2023-11-16 18:27:28.653131+00:00,1346,15,code,azure_2023
2023-11-16 18:27:28.734317+00:00,1193,7,code,azure_2023
2023-11-16 18:27:28.825736+00:00,1057,13,code,azure_2023
2023-11-16 18:27:28.962639+00:00,1279,6,code,azure_2023
2023-11-16 18:27:28.962926+00:00,4339,15,code,azure_2023
2023-11-16 18:27:29.058950+00:00,679,12,code,azure_2023
2023-11-16 18:27:29.059950+00:00,773,61,code,azure_2023
2023-11-16 18:27:29.153312+00:00,476,14,code,azure_2023
2023-11-16 18:27:29.157975+00:00,1940,6,code,azure_2023
2023-11-16 18:27:29.225648+00:00,442,17,code,azure_2023
2023-11-16 18:27:29.255838+00:00,276,22,code,azure_2023
2023-11-16 18:27:29.259264+00:00,2093,12,code,azure_2023
2023-11-16 18:27:29.361618+00:00,4340,14,code,azure_2023
2023-11-16 18:27:29.464078+00:00,1279,21,code,azure_2023
2023-11-16 18:27:29.465766+00:00,64,6,code,azure_2023
2023-11-16 18:27:29.625626+00:00,1050,17,code,azure_2023
2023-11-16 18:27:29.756169+00:00,681,10,code,azure_2023
2023-11-16 18:27:29.759060+00:00,5411,10,code,azure_2023
2023-11-16 18:27:29.825701+00:00,26,15,code,azure_2023
2023-11-16 18:27:29.827475+00:00,578,13,code,azure_2023
2023-11-16 18:27:29.853482+00:00,773,63,code,azure_2023
2023-11-16 18:27:29.857412+00:00,1205,58,code,azure_2023
2023-11-16 18:27:29.956251+00:00,3577,23,code,azure_2023
2023-11-16 18:27:29.957037+00:00,454,12,code,azure_2023
2023-11-16 18:27:30.094085+00:00,2022,15,code,azure_2023
2023-11-16 18:27:30.449058+00:00,922,42,code,azure_2023
2023-11-16 18:27:30.525992+00:00,3335,16,code,azure_2023
2023-11-16 18:27:30.625567+00:00,28,15,code,azure_2023
2023-11-16 18:27:30.726570+00:00,5411,10,code,azure_2023
2023-11-16 18:27:30.941030+00:00,2385,7,code,azure_2023
2023-11-16 18:27:31.027225+00:00,1050,15,code,azure_2023
2023-11-16 18:27:31.225571+00:00,2707,58,code,azure_2023
2023-11-16 18:27:31.248941+00:00,3335,20,code,azure_2023
2023-11-16 18:27:31.627247+00:00,7,19,code,azure_2023
2023-11-16 18:27:31.631788+00:00,1468,10,code,azure_2023
2023-11-16 18:27:31.927669+00:00,2687,19,code,azure_2023
2023-11-16 18:27:32.143508+00:00,1050,15,code,azure_2023
2023-11-16 18:27:32.225497+00:00,2528,20,code,azure_2023
2023-11-16 18:27:32.525468+00:00,3444,379,code,azure_2023
2023-11-16 18:27:32.632232+00:00,94,12,code,azure_2023
2023-11-16 18:27:32.825569+00:00,1380,52,code,azure_2023
2023-11-16 18:27:32.835472+00:00,5412,25,code,azure_2023
2023-11-16 18:27:32.836623+00:00,7,18,code,azure_2023
2023-11-16 18:27:32.944856+00:00,269,49,code,azure_2023
2023-11-16 18:27:33.001310+00:00,4800,7,code,azure_2023
2023-11-16 18:27:40.015145+00:00,5047,202,code,azure_2023
2023-11-16 18:27:40.332602+00:00,145,7,code,azure_2023
2023-11-16 18:27:40.419261+00:00,934,33,code,azure_2023
2023-11-16 18:27:40.717285+00:00,89,45,code,azure_2023
2023-11-16 18:27:40.924683+00:00,2628,10,code,azure_2023
2023-11-16 18:27:41.037924+00:00,842,61,code,azure_2023
2023-11-16 18:27:41.130979+00:00,3143,6,code,azure_2023
2023-11-16 18:27:41.131681+00:00,2025,871,code,azure_2023
2023-11-16 18:27:41.215288+00:00,146,26,code,azure_2023
2023-11-16 18:27:41.685048+00:00,1641,9,code,azure_2023
2023-11-16 18:27:41.917523+00:00,1101,9,code,azure_2023
2023-11-16 18:27:41.992332+00:00,2752,40,code,azure_2023
2023-11-16 18:27:42.118271+00:00,1101,9,code,azure_2023
2023-11-16 18:27:42.125122+00:00,2026,287,code,azure_2023
2023-11-16 18:27:42.417322+00:00,1101,9,code,azure_2023
2023-11-16 18:27:42.521031+00:00,402,34,code,azure_2023
2023-11-16 18:27:42.614637+00:00,895,6,code,azure_2023
2023-11-16 18:27:42.714723+00:00,3853,7,code,azure_2023
2023-11-16 18:27:42.832058+00:00,6044,7,code,azure_2023
2023-11-16 18:27:42.871979+00:00,1964,9,code,azure_2023
2023-11-16 18:27:43.114673+00:00,2755,7,code,azure_2023
2023-11-16 18:27:43.214411+00:00,402,10,code,azure_2023
2023-11-16 18:27:43.414686+00:00,847,49,code,azure_2023
2023-11-16 18:27:43.714984+00:00,4456,16,code,azure_2023
2023-11-16 18:27:44.117531+00:00,1115,6,code,azure_2023
2023-11-16 18:27:44.217418+00:00,1115,12,code,azure_2023
2023-11-16 18:27:44.321042+00:00,896,35,code,azure_2023
2023-11-16 18:27:44.440620+00:00,4886,6,code,azure_2023
2023-11-16 18:27:44.514971+00:00,943,16,code,azure_2023
2023-11-16 18:27:44.616325+00:00,1103,12,code,azure_2023
2023-11-16 18:27:44.618546+00:00,3245,32,code,azure_2023
2023-11-16 18:27:44.718028+00:00,714,25,code,azure_2023
2023-11-16 18:27:44.819316+00:00,147,15,code,azure_2023
2023-11-16 18:27:44.915750+00:00,4885,6,code,azure_2023
2023-11-16 18:27:44.917840+00:00,3852,9,code,azure_2023
2023-11-16 18:27:44.917852+00:00,3660,14,code,azure_2023
2023-11-16 18:27:45.115201+00:00,714,10,code,azure_2023
2023-11-16 18:27:45.326260+00:00,896,19,code,azure_2023
2023-11-16 18:27:45.521772+00:00,214,15,code,azure_2023
2023-11-16 18:27:45.614774+00:00,715,7,code,azure_2023
2023-11-16 18:27:45.717235+00:00,1104,11,code,azure_2023
2023-11-16 18:27:45.725305+00:00,1116,16,code,azure_2023
2023-11-16 18:27:45.819027+00:00,1116,8,code,azure_2023
2023-11-16 18:27:45.819182+00:00,3144,133,code,azure_2023
2023-11-16 18:27:45.914170+00:00,501,9,code,azure_2023
2023-11-16 18:27:46.116152+00:00,179,51,code,azure_2023
2023-11-16 18:27:46.215779+00:00,405,56,code,azure_2023
2023-11-16 18:27:46.315333+00:00,3853,9,code,azure_2023
2023-11-16 18:27:46.336052+00:00,897,29,code,azure_2023
2023-11-16 18:27:46.415655+00:00,854,16,code,azure_2023
2023-11-16 18:27:46.616350+00:00,782,77,code,azure_2023
2023-11-16 18:27:46.751913+00:00,180,6,code,azure_2023
2023-11-16 18:27:46.817724+00:00,1115,6,code,azure_2023
2023-11-16 18:27:46.917019+00:00,154,13,code,azure_2023
2023-11-16 18:27:46.933881+00:00,3653,15,code,azure_2023
2023-11-16 18:27:47.215824+00:00,505,13,code,azure_2023
2023-11-16 18:27:47.314187+00:00,765,10,code,azure_2023
2023-11-16 18:27:47.415384+00:00,148,19,code,azure_2023
2023-11-16 18:27:47.515451+00:00,1473,175,code,azure_2023
2023-11-16 18:27:47.640499+00:00,181,57,code,azure_2023
2023-11-16 18:27:47.814613+00:00,1000,19,code,azure_2023
2023-11-16 18:27:47.881207+00:00,3852,9,code,azure_2023
2023-11-16 18:27:48.114994+00:00,2628,22,code,azure_2023
2023-11-16 18:27:48.417545+00:00,1041,10,code,azure_2023
2023-11-16 18:27:48.615080+00:00,766,19,code,azure_2023
2023-11-16 18:27:48.815034+00:00,896,38,code,azure_2023
2023-11-16 18:27:48.852466+00:00,1116,6,code,azure_2023
2023-11-16 18:27:48.866483+00:00,506,25,code,azure_2023
2023-11-16 18:27:49.015484+00:00,1477,26,code,azure_2023
2023-11-16 18:27:49.017073+00:00,2931,14,code,azure_2023
2023-11-16 18:27:49.114781+00:00,767,19,code,azure_2023
2023-11-16 18:27:49.314833+00:00,4883,128,code,azure_2023
2023-11-16 18:27:49.417635+00:00,2029,61,code,azure_2023
2023-11-16 18:27:49.615126+00:00,183,39,code,azure_2023
2023-11-16 18:27:49.718936+00:00,185,22,code,azure_2023
2023-11-16 18:27:49.718997+00:00,781,114,code,azure_2023
2023-11-16 18:28:00.053149+00:00,2529,8,code,azure_2023
2023-11-16 18:28:00.300464+00:00,216,11,code,azure_2023
2023-11-16 18:28:00.553361+00:00,1076,8,code,azure_2023
2023-11-16 18:28:00.556751+00:00,24,18,code,azure_2023
2023-11-16 18:28:00.607787+00:00,1518,11,code,azure_2023
2023-11-16 18:28:00.874376+00:00,1285,61,code,azure_2023
2023-11-16 18:28:01.419405+00:00,3865,73,code,azure_2023
2023-11-16 18:28:01.473886+00:00,749,32,code,azure_2023
2023-11-16 18:28:01.753167+00:00,24,14,code,azure_2023
2023-11-16 18:28:01.853193+00:00,6028,6,code,azure_2023
2023-11-16 18:28:01.864352+00:00,220,11,code,azure_2023
2023-11-16 18:28:01.991749+00:00,1252,18,code,azure_2023
2023-11-16 18:28:02.200080+00:00,24,17,code,azure_2023
2023-11-16 18:28:02.579271+00:00,390,7,code,azure_2023
2023-11-16 18:28:02.753212+00:00,25,9,code,azure_2023
2023-11-16 18:28:03.155301+00:00,390,10,code,azure_2023
2023-11-16 18:28:03.253316+00:00,77,63,code,azure_2023
2023-11-16 18:28:03.253325+00:00,129,9,code,azure_2023
2023-11-16 18:28:10.025527+00:00,1277,7,code,azure_2023
2023-11-16 18:28:10.040503+00:00,1468,10,code,azure_2023
2023-11-16 18:28:10.255135+00:00,389,43,code,azure_2023
2023-11-16 18:28:10.626148+00:00,1759,55,code,azure_2023
2023-11-16 18:28:10.725533+00:00,52,20,code,azure_2023
2023-11-16 18:28:10.746575+00:00,2203,27,code,azure_2023
2023-11-16 18:28:10.886702+00:00,7436,8,code,azure_2023
2023-11-16 18:28:11.028156+00:00,1334,22,code,azure_2023
2023-11-16 18:28:11.427941+00:00,517,13,code,azure_2023
2023-11-16 18:28:12.025854+00:00,601,19,code,azure_2023
2023-11-16 18:28:12.028066+00:00,444,8,code,azure_2023
2023-11-16 18:28:12.303022+00:00,518,16,code,azure_2023
2023-11-16 18:28:12.354139+00:00,1734,9,code,azure_2023
2023-11-16 18:28:12.399991+00:00,866,6,code,azure_2023
2023-11-16 18:28:12.425660+00:00,7436,8,code,azure_2023
2023-11-16 18:28:12.733005+00:00,925,214,code,azure_2023
2023-11-16 18:28:12.753749+00:00,7435,20,code,azure_2023
2023-11-16 18:28:13.258984+00:00,42,64,code,azure_2023
2023-11-16 18:28:13.326762+00:00,158,25,code,azure_2023
2023-11-16 18:28:13.344118+00:00,2797,6,code,azure_2023
2023-11-16 18:28:13.625749+00:00,158,20,code,azure_2023
2023-11-16 18:28:13.627186+00:00,835,294,code,azure_2023
2023-11-16 18:28:14.238779+00:00,158,12,code,azure_2023
2023-11-16 18:28:14.325685+00:00,601,11,code,azure_2023
2023-11-16 18:28:14.327157+00:00,1583,7,code,azure_2023
2023-11-16 18:28:14.537137+00:00,158,6,code,azure_2023
2023-11-16 18:28:14.825933+00:00,867,13,code,azure_2023
2023-11-16 18:28:14.985377+00:00,2802,13,code,azure_2023
2023-11-16 18:28:15.727319+00:00,58,22,code,azure_2023
2023-11-16 18:28:15.929207+00:00,164,64,code,azure_2023
2023-11-16 18:28:15.929551+00:00,1078,29,code,azure_2023
2023-11-16 18:28:16.049847+00:00,59,30,code,azure_2023
2023-11-16 18:28:16.262585+00:00,2702,7,code,azure_2023
2023-11-16 18:28:16.369221+00:00,1759,69,code,azure_2023
2023-11-16 18:28:16.820082+00:00,602,19,code,azure_2023
2023-11-16 18:28:16.912588+00:00,1759,6,code,azure_2023
2023-11-16 18:28:17.125508+00:00,2702,12,code,azure_2023
2023-11-16 18:28:17.225546+00:00,487,10,code,azure_2023
2023-11-16 18:28:17.226419+00:00,867,25,code,azure_2023
2023-11-16 18:28:17.247144+00:00,928,17,code,azure_2023
2023-11-16 18:28:17.344331+00:00,4844,11,code,azure_2023
2023-11-16 18:28:17.349790+00:00,603,16,code,azure_2023
2023-11-16 18:28:17.429034+00:00,1567,13,code,azure_2023
2023-11-16 18:28:17.532742+00:00,1571,23,code,azure_2023
2023-11-16 18:28:17.627689+00:00,174,91,code,azure_2023
2023-11-16 18:28:17.769959+00:00,1763,9,code,azure_2023
2023-11-16 18:28:17.825537+00:00,486,11,code,azure_2023
2023-11-16 18:28:17.964138+00:00,6281,7,code,azure_2023
2023-11-16 18:28:18.033030+00:00,274,9,code,azure_2023
2023-11-16 18:28:18.139667+00:00,65,52,code,azure_2023
2023-11-16 18:28:18.140480+00:00,4844,39,code,azure_2023
2023-11-16 18:28:18.325746+00:00,500,18,code,azure_2023
2023-11-16 18:28:18.447397+00:00,1081,17,code,azure_2023
2023-11-16 18:28:18.669150+00:00,111,9,code,azure_2023
2023-11-16 18:28:18.727911+00:00,6282,12,code,azure_2023
2023-11-16 18:28:18.776902+00:00,493,7,code,azure_2023
2023-11-16 18:28:18.833352+00:00,195,40,code,azure_2023
2023-11-16 18:28:19.226597+00:00,499,6,code,azure_2023
2023-11-16 18:28:19.477599+00:00,2044,10,code,azure_2023
2023-11-16 18:28:19.827411+00:00,869,10,code,azure_2023
2023-11-16 18:28:19.829196+00:00,2912,20,code,azure_2023
2023-11-16 18:28:19.925574+00:00,498,11,code,azure_2023
2023-11-16 18:28:19.931414+00:00,2151,17,code,azure_2023
2023-11-16 18:31:13.453116+00:00,327,6,code,azure_2023
2023-11-16 18:31:13.456396+00:00,1031,15,code,azure_2023
2023-11-16 18:31:13.468695+00:00,1526,43,code,azure_2023
2023-11-16 18:31:13.473296+00:00,3318,8,code,azure_2023
2023-11-16 18:31:13.555845+00:00,7436,13,code,azure_2023
2023-11-16 18:31:13.583231+00:00,1599,16,code,azure_2023
2023-11-16 18:31:13.653310+00:00,1179,15,code,azure_2023
2023-11-16 18:31:13.969943+00:00,1907,9,code,azure_2023
2023-11-16 18:31:13.970094+00:00,6498,7,code,azure_2023
2023-11-16 18:31:13.970241+00:00,1583,13,code,azure_2023
2023-11-16 18:31:13.977055+00:00,1039,6,code,azure_2023
2023-11-16 18:31:14.008025+00:00,2325,12,code,azure_2023
2023-11-16 18:31:14.165080+00:00,142,57,code,azure_2023
2023-11-16 18:31:14.165815+00:00,1488,9,code,azure_2023
2023-11-16 18:31:14.169194+00:00,480,9,code,azure_2023
2023-11-16 18:31:14.224645+00:00,1606,27,code,azure_2023
2023-11-16 18:31:14.314354+00:00,4189,9,code,azure_2023
2023-11-16 18:31:14.314500+00:00,1817,6,code,azure_2023
2023-11-16 18:31:14.315384+00:00,2303,25,code,azure_2023
2023-11-16 18:31:14.315525+00:00,585,35,code,azure_2023
2023-11-16 18:31:14.320944+00:00,4226,9,code,azure_2023
2023-11-16 18:31:14.420251+00:00,790,16,code,azure_2023
2023-11-16 18:31:14.422031+00:00,5025,15,code,azure_2023
2023-11-16 18:31:14.518568+00:00,528,13,code,azure_2023
2023-11-16 18:31:15.261451+00:00,1375,7,code,azure_2023
2023-11-16 18:31:15.357565+00:00,2046,9,code,azure_2023
2023-11-16 18:31:15.381954+00:00,7404,6,code,azure_2023
2023-11-16 18:31:15.489266+00:00,89,15,code,azure_2023
2023-11-16 18:31:15.555156+00:00,6209,16,code,azure_2023
2023-11-16 18:31:15.681993+00:00,6110,24,code,azure_2023
2023-11-16 18:31:15.801845+00:00,2326,9,code,azure_2023
2023-11-16 18:31:16.253170+00:00,1377,6,code,azure_2023
2023-11-16 18:31:16.357714+00:00,2327,8,code,azure_2023
2023-11-16 18:31:17.059307+00:00,1697,36,code,azure_2023
2023-11-16 18:31:17.059373+00:00,68,7,code,azure_2023
2023-11-16 18:31:17.462382+00:00,7437,8,code,azure_2023
2023-11-16 18:31:17.463308+00:00,1256,8,code,azure_2023
2023-11-16 18:31:17.563629+00:00,123,17,code,azure_2023
2023-11-16 18:31:18.060482+00:00,1792,13,code,azure_2023
2023-11-16 18:31:18.158578+00:00,641,11,code,azure_2023
2023-11-16 18:31:18.257860+00:00,682,12,code,azure_2023
2023-11-16 18:31:18.263436+00:00,67,15,code,azure_2023
2023-11-16 18:31:18.265010+00:00,1526,56,code,azure_2023
2023-11-16 18:31:18.362034+00:00,3541,25,code,azure_2023
2023-11-16 18:31:18.454229+00:00,6555,15,code,azure_2023
2023-11-16 18:31:18.457718+00:00,996,6,code,azure_2023
2023-11-16 18:31:18.656928+00:00,1795,16,code,azure_2023
2023-11-16 18:31:18.657953+00:00,620,94,code,azure_2023
2023-11-16 18:31:18.757844+00:00,5146,33,code,azure_2023
2023-11-16 18:31:18.761640+00:00,1528,70,code,azure_2023
2023-11-16 18:31:18.857498+00:00,997,7,code,azure_2023
2023-11-16 18:31:18.857601+00:00,1377,13,code,azure_2023
2023-11-16 18:31:18.954021+00:00,998,6,code,azure_2023
2023-11-16 18:31:18.958954+00:00,805,7,code,azure_2023
2023-11-16 18:31:19.667952+00:00,1054,6,code,azure_2023
2023-11-16 18:31:19.766301+00:00,1782,12,code,azure_2023
2023-11-16 18:31:19.767284+00:00,2414,12,code,azure_2023
2023-11-16 18:31:19.858676+00:00,1188,6,code,azure_2023
2023-11-16 18:31:19.858759+00:00,699,20,code,azure_2023
2023-11-16 18:31:19.868058+00:00,3712,9,code,azure_2023
2023-11-16 18:31:19.868143+00:00,1053,13,code,azure_2023
2023-11-16 18:31:19.868967+00:00,300,7,code,azure_2023
2023-11-16 18:31:19.962291+00:00,1025,7,code,azure_2023
2023-11-16 18:31:19.962894+00:00,1260,13,code,azure_2023
2023-11-16 18:31:20.066846+00:00,2433,6,code,azure_2023
2023-11-16 18:31:20.161793+00:00,1050,25,code,azure_2023
2023-11-16 18:31:20.163631+00:00,60,6,code,azure_2023
2023-11-16 18:31:20.258631+00:00,1025,7,code,azure_2023
2023-11-16 18:31:20.264659+00:00,824,40,code,azure_2023
2023-11-16 18:31:20.461427+00:00,1039,6,code,azure_2023
2023-11-16 18:31:20.559370+00:00,2315,8,code,azure_2023
2023-11-16 18:31:20.559562+00:00,1829,6,code,azure_2023
2023-11-16 18:31:20.560428+00:00,1878,14,code,azure_2023
2023-11-16 18:31:20.617359+00:00,7437,9,code,azure_2023
2023-11-16 18:31:20.618227+00:00,1273,27,code,azure_2023
2023-11-16 18:31:20.658238+00:00,998,6,code,azure_2023
2023-11-16 18:31:20.717505+00:00,7411,7,code,azure_2023
2023-11-16 18:31:20.757743+00:00,1699,7,code,azure_2023
2023-11-16 18:31:20.758723+00:00,2832,14,code,azure_2023
2023-11-16 18:31:20.818314+00:00,2887,6,code,azure_2023
2023-11-16 18:31:20.858534+00:00,1378,19,code,azure_2023
2023-11-16 18:31:20.858592+00:00,88,11,code,azure_2023
2023-11-16 18:31:20.859582+00:00,1797,16,code,azure_2023
2023-11-16 18:31:20.958335+00:00,7409,28,code,azure_2023
2023-11-16 18:31:20.958490+00:00,1798,9,code,azure_2023
2023-11-16 18:31:21.017523+00:00,4235,6,code,azure_2023
2023-11-16 18:31:21.019512+00:00,2492,11,code,azure_2023
2023-11-16 18:31:21.064021+00:00,126,32,code,azure_2023
2023-11-16 18:31:21.065922+00:00,700,12,code,azure_2023
2023-11-16 18:31:21.120091+00:00,1733,7,code,azure_2023
2023-11-16 18:31:21.121031+00:00,894,9,code,azure_2023
2023-11-16 18:31:21.155286+00:00,1561,219,code,azure_2023
2023-11-16 18:31:21.156325+00:00,1797,14,code,azure_2023
2023-11-16 18:31:21.157349+00:00,5186,7,code,azure_2023
2023-11-16 18:31:21.168959+00:00,4434,10,code,azure_2023
2023-11-16 18:31:21.218925+00:00,7436,7,code,azure_2023
2023-11-16 18:31:21.266650+00:00,6593,7,code,azure_2023
2023-11-16 18:31:21.267429+00:00,6183,15,code,azure_2023
2023-11-16 18:31:21.358262+00:00,1601,67,code,azure_2023
2023-11-16 18:31:21.359506+00:00,7154,13,code,azure_2023
2023-11-16 18:31:21.363403+00:00,1510,6,code,azure_2023
2023-11-16 18:31:21.364903+00:00,61,8,code,azure_2023
2023-11-16 18:31:21.365817+00:00,1587,9,code,azure_2023
2023-11-16 18:31:21.366022+00:00,100,33,code,azure_2023
2023-11-16 18:31:21.367091+00:00,122,15,code,azure_2023
2023-11-16 18:31:21.458343+00:00,621,154,code,azure_2023
2023-11-16 18:31:21.458552+00:00,178,35,code,azure_2023
2023-11-16 18:31:21.460993+00:00,700,14,code,azure_2023
2023-11-16 18:31:21.462074+00:00,995,15,code,azure_2023
2023-11-16 18:31:21.464195+00:00,1393,34,code,azure_2023
2023-11-16 18:31:21.465049+00:00,1783,15,code,azure_2023
2023-11-16 18:31:21.515017+00:00,977,11,code,azure_2023
2023-11-16 18:31:21.554272+00:00,1701,15,code,azure_2023
2023-11-16 18:31:21.555285+00:00,1799,11,code,azure_2023
2023-11-16 18:31:21.559160+00:00,2347,9,code,azure_2023
2023-11-16 18:31:21.564302+00:00,945,6,code,azure_2023
2023-11-16 18:31:21.716284+00:00,7436,9,code,azure_2023
2023-11-16 18:31:21.716933+00:00,1604,55,code,azure_2023
2023-11-16 18:31:21.814310+00:00,349,6,code,azure_2023
2023-11-16 18:31:21.816273+00:00,1352,13,code,azure_2023
2023-11-16 18:31:21.823634+00:00,7411,8,code,azure_2023
2023-11-16 18:31:21.824647+00:00,2380,36,code,azure_2023
2023-11-16 18:31:21.920992+00:00,2892,57,code,azure_2023
2023-11-16 18:31:21.921934+00:00,404,23,code,azure_2023
2023-11-16 18:31:21.922149+00:00,7436,6,code,azure_2023
2023-11-16 18:31:21.969504+00:00,2347,9,code,azure_2023
2023-11-16 18:31:21.970344+00:00,1054,8,code,azure_2023
2023-11-16 18:31:21.972632+00:00,5105,8,code,azure_2023
2023-11-16 18:31:22.062092+00:00,2968,9,code,azure_2023
2023-11-16 18:31:22.159613+00:00,1177,19,code,azure_2023
2023-11-16 18:31:22.159744+00:00,3538,11,code,azure_2023
2023-11-16 18:31:22.163860+00:00,2433,6,code,azure_2023
2023-11-16 18:31:22.167733+00:00,208,8,code,azure_2023
2023-11-16 18:31:22.168551+00:00,700,14,code,azure_2023
2023-11-16 18:31:22.263220+00:00,882,77,code,azure_2023
2023-11-16 18:31:22.264285+00:00,184,9,code,azure_2023
2023-11-16 18:31:22.264901+00:00,1041,13,code,azure_2023
2023-11-16 18:31:22.265183+00:00,5735,7,code,azure_2023
2023-11-16 18:31:22.265293+00:00,945,7,code,azure_2023
2023-11-16 18:31:22.266613+00:00,123,16,code,azure_2023
2023-11-16 18:31:22.358808+00:00,6594,12,code,azure_2023
2023-11-16 18:31:22.360648+00:00,1847,70,code,azure_2023
2023-11-16 18:31:22.364311+00:00,945,10,code,azure_2023
2023-11-16 18:31:22.368060+00:00,2968,9,code,azure_2023
2023-11-16 18:31:22.368990+00:00,885,6,code,azure_2023
2023-11-16 18:31:22.457489+00:00,1000,64,code,azure_2023
2023-11-16 18:31:22.460948+00:00,1041,24,code,azure_2023
2023-11-16 18:31:22.461760+00:00,1849,6,code,azure_2023
2023-11-16 18:31:22.554242+00:00,184,9,code,azure_2023
2023-11-16 18:31:22.563438+00:00,620,81,code,azure_2023
2023-11-16 18:31:22.564443+00:00,1374,10,code,azure_2023
2023-11-16 18:31:22.654430+00:00,2893,19,code,azure_2023
2023-11-16 18:31:22.660172+00:00,1843,9,code,azure_2023
2023-11-16 18:31:22.753424+00:00,430,18,code,azure_2023
2023-11-16 18:31:22.760143+00:00,5510,9,code,azure_2023
2023-11-16 18:31:22.853143+00:00,485,55,code,azure_2023
2023-11-16 18:31:22.860974+00:00,186,13,code,azure_2023
2023-11-16 18:31:23.167247+00:00,2101,10,code,azure_2023
2023-11-16 18:31:23.168307+00:00,2989,7,code,azure_2023
2023-11-16 18:31:23.359039+00:00,949,6,code,azure_2023
2023-11-16 18:31:23.459512+00:00,1833,13,code,azure_2023
2023-11-16 18:31:23.463598+00:00,1197,7,code,azure_2023
2023-11-16 18:31:23.464404+00:00,1403,7,code,azure_2023
2023-11-16 18:31:23.465849+00:00,895,20,code,azure_2023
2023-11-16 18:31:23.466538+00:00,1692,30,code,azure_2023
2023-11-16 18:31:23.468495+00:00,2968,9,code,azure_2023
2023-11-16 18:31:23.563246+00:00,892,42,code,azure_2023
2023-11-16 18:31:23.567114+00:00,1014,45,code,azure_2023
2023-11-16 18:31:23.567230+00:00,131,15,code,azure_2023
2023-11-16 18:31:23.615934+00:00,985,9,code,azure_2023
2023-11-16 18:31:23.616895+00:00,1042,13,code,azure_2023
2023-11-16 18:31:23.818969+00:00,349,15,code,azure_2023
2023-11-16 18:31:23.820196+00:00,4232,33,code,azure_2023
2023-11-16 18:31:23.820979+00:00,751,20,code,azure_2023
2023-11-16 18:31:23.821046+00:00,1943,24,code,azure_2023
2023-11-16 18:31:23.821196+00:00,2311,12,code,azure_2023
2023-11-16 18:31:23.971279+00:00,299,7,code,azure_2023
2023-11-16 18:31:24.017655+00:00,238,10,code,azure_2023
2023-11-16 18:31:24.018671+00:00,4102,6,code,azure_2023
2023-11-16 18:31:24.019452+00:00,7435,46,code,azure_2023
2023-11-16 18:31:24.059548+00:00,4056,32,code,azure_2023
2023-11-16 18:31:24.060657+00:00,897,12,code,azure_2023
2023-11-16 18:31:24.060734+00:00,6185,15,code,azure_2023
2023-11-16 18:31:24.119879+00:00,2310,30,code,azure_2023
2023-11-16 18:31:24.119911+00:00,7434,40,code,azure_2023
2023-11-16 18:31:24.159004+00:00,2410,16,code,azure_2023
2023-11-16 18:31:24.163374+00:00,6596,26,code,azure_2023
2023-11-16 18:31:24.167891+00:00,1402,6,code,azure_2023
2023-11-16 18:31:24.219649+00:00,909,19,code,azure_2023
2023-11-16 18:31:24.222853+00:00,3147,7,code,azure_2023
2023-11-16 18:31:24.222927+00:00,237,6,code,azure_2023
2023-11-16 18:31:24.259231+00:00,1003,13,code,azure_2023
2023-11-16 18:31:24.259292+00:00,2169,16,code,azure_2023
2023-11-16 18:31:24.267034+00:00,1059,10,code,azure_2023
2023-11-16 18:31:24.269032+00:00,2571,7,code,azure_2023
2023-11-16 18:31:24.340289+00:00,2882,6,code,azure_2023
2023-11-16 18:31:24.340571+00:00,3053,9,code,azure_2023
2023-11-16 18:31:24.356421+00:00,1701,13,code,azure_2023
2023-11-16 18:31:24.356428+00:00,3543,11,code,azure_2023
2023-11-16 18:31:24.360568+00:00,899,6,code,azure_2023
2023-11-16 18:31:24.361610+00:00,1403,6,code,azure_2023
2023-11-16 18:31:24.365852+00:00,900,9,code,azure_2023
2023-11-16 18:31:24.367882+00:00,1261,13,code,azure_2023
2023-11-16 18:31:24.417610+00:00,3053,9,code,azure_2023
2023-11-16 18:31:24.456493+00:00,1510,11,code,azure_2023
2023-11-16 18:31:24.459099+00:00,1056,15,code,azure_2023
2023-11-16 18:31:24.466507+00:00,1584,12,code,azure_2023
2023-11-16 18:31:24.466605+00:00,6191,11,code,azure_2023
2023-11-16 18:31:24.467603+00:00,1852,110,code,azure_2023
2023-11-16 18:31:24.524254+00:00,7436,17,code,azure_2023
2023-11-16 18:31:24.525307+00:00,2481,7,code,azure_2023
2023-11-16 18:31:24.558981+00:00,674,7,code,azure_2023
2023-11-16 18:31:24.559026+00:00,431,29,code,azure_2023
2023-11-16 18:31:24.563938+00:00,3493,8,code,azure_2023
2023-11-16 18:31:24.662769+00:00,2410,20,code,azure_2023
2023-11-16 18:31:24.663581+00:00,1060,28,code,azure_2023
2023-11-16 18:31:24.665618+00:00,1700,22,code,azure_2023
2023-11-16 18:31:24.666826+00:00,1413,11,code,azure_2023
2023-11-16 18:31:24.668790+00:00,900,9,code,azure_2023
2023-11-16 18:31:24.722305+00:00,542,30,code,azure_2023
2023-11-16 18:31:24.759003+00:00,67,9,code,azure_2023
2023-11-16 18:31:24.817948+00:00,3148,106,code,azure_2023
2023-11-16 18:31:24.819875+00:00,4235,12,code,azure_2023
2023-11-16 18:31:24.914626+00:00,900,23,code,azure_2023
2023-11-16 18:31:24.917959+00:00,474,14,code,azure_2023
2023-11-16 18:31:24.918293+00:00,7436,9,code,azure_2023
2023-11-16 18:31:24.920001+00:00,7408,46,code,azure_2023
2023-11-16 18:31:24.920232+00:00,1031,53,code,azure_2023
2023-11-16 18:31:25.015285+00:00,1731,13,code,azure_2023
2023-11-16 18:31:25.015351+00:00,111,27,code,azure_2023
2023-11-16 18:31:25.020267+00:00,979,7,code,azure_2023
2023-11-16 18:31:25.021347+00:00,2852,7,code,azure_2023
2023-11-16 18:31:25.022376+00:00,2386,6,code,azure_2023
2023-11-16 18:31:25.023995+00:00,2591,7,code,azure_2023
2023-11-16 18:31:25.024173+00:00,5031,9,code,azure_2023
2023-11-16 18:31:25.120262+00:00,910,16,code,azure_2023
2023-11-16 18:31:25.121288+00:00,1968,10,code,azure_2023
2023-11-16 18:31:25.158964+00:00,2077,10,code,azure_2023
2023-11-16 18:31:25.218627+00:00,7436,14,code,azure_2023
2023-11-16 18:31:25.218878+00:00,3632,11,code,azure_2023
2023-11-16 18:31:25.219913+00:00,1351,6,code,azure_2023
2023-11-16 18:31:25.221112+00:00,523,22,code,azure_2023
2023-11-16 18:31:25.223708+00:00,2590,12,code,azure_2023
2023-11-16 18:31:25.314344+00:00,5040,53,code,azure_2023
2023-11-16 18:31:25.314412+00:00,4046,6,code,azure_2023
2023-11-16 18:31:25.355062+00:00,140,7,code,azure_2023
2023-11-16 18:31:25.363667+00:00,2572,7,code,azure_2023
2023-11-16 18:31:25.368657+00:00,1061,13,code,azure_2023
2023-11-16 18:31:25.456276+00:00,276,174,code,azure_2023
2023-11-16 18:31:25.459883+00:00,6599,81,code,azure_2023
2023-11-16 18:31:25.463407+00:00,1955,27,code,azure_2023
2023-11-16 18:31:25.557365+00:00,1846,7,code,azure_2023
2023-11-16 18:31:25.558404+00:00,2316,11,code,azure_2023
2023-11-16 18:31:25.563349+00:00,2572,37,code,azure_2023
2023-11-16 18:31:25.565977+00:00,7265,11,code,azure_2023
2023-11-16 18:31:25.567182+00:00,4926,10,code,azure_2023
2023-11-16 18:31:25.568424+00:00,302,40,code,azure_2023
2023-11-16 18:31:25.568539+00:00,1695,20,code,azure_2023
2023-11-16 18:31:25.614539+00:00,7436,60,code,azure_2023
2023-11-16 18:31:25.623629+00:00,2673,6,code,azure_2023
2023-11-16 18:31:25.624650+00:00,2190,155,code,azure_2023
2023-11-16 18:31:25.659368+00:00,831,15,code,azure_2023
2023-11-16 18:31:25.659523+00:00,1007,6,code,azure_2023
2023-11-16 18:31:25.663342+00:00,1013,14,code,azure_2023
2023-11-16 18:31:25.663394+00:00,1018,6,code,azure_2023
2023-11-16 18:31:25.665380+00:00,66,42,code,azure_2023
2023-11-16 18:31:25.666241+00:00,832,9,code,azure_2023
2023-11-16 18:31:25.667133+00:00,2410,13,code,azure_2023
2023-11-16 18:31:25.668254+00:00,341,6,code,azure_2023
2023-11-16 18:31:25.714254+00:00,1968,11,code,azure_2023
2023-11-16 18:31:25.718959+00:00,4240,71,code,azure_2023
2023-11-16 18:31:25.762173+00:00,2228,7,code,azure_2023
2023-11-16 18:31:25.763404+00:00,832,14,code,azure_2023
2023-11-16 18:31:25.766072+00:00,342,15,code,azure_2023
2023-11-16 18:31:25.766942+00:00,66,17,code,azure_2023
2023-11-16 18:31:25.767106+00:00,1778,51,code,azure_2023
2023-11-16 18:31:25.767163+00:00,2228,7,code,azure_2023
2023-11-16 18:31:25.816200+00:00,2139,13,code,azure_2023
2023-11-16 18:31:25.859566+00:00,3760,9,code,azure_2023
2023-11-16 18:31:25.863600+00:00,2228,7,code,azure_2023
2023-11-16 18:31:25.919797+00:00,1559,6,code,azure_2023
2023-11-16 18:31:25.919920+00:00,2494,7,code,azure_2023
2023-11-16 18:31:25.921190+00:00,1705,30,code,azure_2023
2023-11-16 18:31:25.921370+00:00,2218,103,code,azure_2023
2023-11-16 18:31:25.960888+00:00,2554,31,code,azure_2023
2023-11-16 18:31:25.961062+00:00,1779,7,code,azure_2023
2023-11-16 18:31:26.058870+00:00,127,23,code,azure_2023
2023-11-16 18:31:26.119148+00:00,1738,15,code,azure_2023
2023-11-16 18:31:26.121174+00:00,1705,25,code,azure_2023
2023-11-16 18:31:26.122371+00:00,1559,9,code,azure_2023
2023-11-16 18:31:26.122518+00:00,615,177,code,azure_2023
2023-11-16 18:31:26.124169+00:00,2136,19,code,azure_2023
2023-11-16 18:31:26.124993+00:00,1739,7,code,azure_2023
2023-11-16 18:31:26.158741+00:00,135,13,code,azure_2023
2023-11-16 18:31:26.163840+00:00,902,12,code,azure_2023
2023-11-16 18:31:26.167254+00:00,2099,12,code,azure_2023
2023-11-16 18:31:26.168120+00:00,875,82,code,azure_2023
2023-11-16 18:31:26.217038+00:00,527,42,code,azure_2023
2023-11-16 18:31:26.217070+00:00,1798,45,code,azure_2023
2023-11-16 18:31:26.223312+00:00,570,9,code,azure_2023
2023-11-16 18:31:26.261125+00:00,342,12,code,azure_2023
2023-11-16 18:31:26.264192+00:00,67,10,code,azure_2023
2023-11-16 18:31:26.265201+00:00,620,22,code,azure_2023
2023-11-16 18:31:26.266352+00:00,675,6,code,azure_2023
2023-11-16 18:31:26.319446+00:00,2488,10,code,azure_2023
2023-11-16 18:31:26.355000+00:00,4756,9,code,azure_2023
2023-11-16 18:31:26.361046+00:00,1960,74,code,azure_2023
2023-11-16 18:31:26.362405+00:00,675,16,code,azure_2023
2023-11-16 18:31:26.367473+00:00,1262,7,code,azure_2023
2023-11-16 18:31:26.367565+00:00,4928,11,code,azure_2023
2023-11-16 18:31:26.414165+00:00,2319,157,code,azure_2023
2023-11-16 18:31:26.415048+00:00,7435,11,code,azure_2023
2023-11-16 18:31:26.460767+00:00,1513,6,code,azure_2023
2023-11-16 18:31:26.460984+00:00,1385,19,code,azure_2023
2023-11-16 18:31:26.461673+00:00,1263,9,code,azure_2023
2023-11-16 18:31:26.462913+00:00,68,9,code,azure_2023
2023-11-16 18:31:26.464893+00:00,1021,62,code,azure_2023
2023-11-16 18:31:26.468365+00:00,2556,11,code,azure_2023
2023-11-16 18:31:26.469108+00:00,2230,6,code,azure_2023
2023-11-16 18:31:26.521241+00:00,7435,17,code,azure_2023
2023-11-16 18:31:26.525363+00:00,2487,6,code,azure_2023
2023-11-16 18:31:26.554410+00:00,276,10,code,azure_2023
2023-11-16 18:31:26.564018+00:00,2559,12,code,azure_2023
2023-11-16 18:31:26.564463+00:00,6556,23,code,azure_2023
2023-11-16 18:31:26.615090+00:00,152,6,code,azure_2023
2023-11-16 18:31:26.615112+00:00,1743,24,code,azure_2023
2023-11-16 18:31:26.621114+00:00,2164,6,code,azure_2023
2023-11-16 18:31:26.623319+00:00,1705,76,code,azure_2023
2023-11-16 18:31:26.653269+00:00,142,30,code,azure_2023
2023-11-16 18:31:26.661776+00:00,125,14,code,azure_2023
2023-11-16 18:31:26.718194+00:00,571,8,code,azure_2023
2023-11-16 18:31:26.720845+00:00,1622,9,code,azure_2023
2023-11-16 18:31:26.758775+00:00,903,416,code,azure_2023
2023-11-16 18:31:26.762531+00:00,2559,23,code,azure_2023
2023-11-16 18:31:26.765974+00:00,2044,16,code,azure_2023
2023-11-16 18:31:26.767970+00:00,877,76,code,azure_2023
2023-11-16 18:31:26.819893+00:00,2317,19,code,azure_2023
2023-11-16 18:31:26.820084+00:00,1111,6,code,azure_2023
2023-11-16 18:31:26.863409+00:00,887,9,code,azure_2023
2023-11-16 18:31:26.864200+00:00,1237,10,code,azure_2023
2023-11-16 18:31:26.866279+00:00,1263,26,code,azure_2023
2023-11-16 18:31:26.917051+00:00,2163,14,code,azure_2023
2023-11-16 18:31:26.917141+00:00,2484,16,code,azure_2023
2023-11-16 18:31:26.917344+00:00,2314,112,code,azure_2023
2023-11-16 18:31:26.918504+00:00,1673,11,code,azure_2023
2023-11-16 18:31:26.921399+00:00,4114,6,code,azure_2023
2023-11-16 18:31:26.922284+00:00,2314,23,code,azure_2023
2023-11-16 18:31:26.957374+00:00,279,9,code,azure_2023
2023-11-16 18:31:26.960405+00:00,2512,6,code,azure_2023
2023-11-16 18:31:26.960547+00:00,530,130,code,azure_2023
2023-11-16 18:31:26.963701+00:00,3781,14,code,azure_2023
2023-11-16 18:31:26.963930+00:00,621,10,code,azure_2023
2023-11-16 18:31:26.964778+00:00,1512,7,code,azure_2023
2023-11-16 18:31:27.020483+00:00,4682,11,code,azure_2023
2023-11-16 18:31:27.064157+00:00,1053,20,code,azure_2023
2023-11-16 18:31:27.065655+00:00,1187,8,code,azure_2023
2023-11-16 18:31:27.067013+00:00,1264,9,code,azure_2023
2023-11-16 18:31:27.069090+00:00,877,12,code,azure_2023
2023-11-16 18:31:27.118926+00:00,1508,11,code,azure_2023
2023-11-16 18:31:27.119810+00:00,2750,19,code,azure_2023
2023-11-16 18:31:27.122054+00:00,475,23,code,azure_2023
2023-11-16 18:31:27.164619+00:00,1265,8,code,azure_2023
2023-11-16 18:31:27.222186+00:00,2493,51,code,azure_2023
2023-11-16 18:31:27.223378+00:00,2316,28,code,azure_2023
2023-11-16 18:31:27.356613+00:00,7418,6,code,azure_2023
2023-11-16 18:31:27.360838+00:00,1386,40,code,azure_2023
2023-11-16 18:31:27.365525+00:00,1919,17,code,azure_2023
2023-11-16 18:31:27.365731+00:00,89,18,code,azure_2023
2023-11-16 18:31:27.453747+00:00,6108,16,code,azure_2023
2023-11-16 18:31:27.453754+00:00,1566,97,code,azure_2023
2023-11-16 18:31:27.456231+00:00,622,28,code,azure_2023
2023-11-16 18:31:27.522753+00:00,205,6,code,azure_2023
2023-11-16 18:31:27.558871+00:00,1001,16,code,azure_2023
2023-11-16 18:31:27.560154+00:00,622,16,code,azure_2023
2023-11-16 18:31:27.561035+00:00,1054,11,code,azure_2023
2023-11-16 18:31:27.561311+00:00,5177,11,code,azure_2023
2023-11-16 18:31:27.566571+00:00,700,8,code,azure_2023
2023-11-16 18:31:27.614227+00:00,3689,27,code,azure_2023
2023-11-16 18:31:27.622143+00:00,2315,10,code,azure_2023
2023-11-16 18:31:27.623002+00:00,530,19,code,azure_2023
2023-11-16 18:31:27.660457+00:00,1566,70,code,azure_2023
2023-11-16 18:31:27.661506+00:00,2983,20,code,azure_2023
2023-11-16 18:31:27.662215+00:00,7435,6,code,azure_2023
2023-11-16 18:31:27.665121+00:00,1051,9,code,azure_2023
2023-11-16 18:31:27.667081+00:00,1428,13,code,azure_2023
2023-11-16 18:31:27.758404+00:00,2513,6,code,azure_2023
2023-11-16 18:31:27.760937+00:00,4434,8,code,azure_2023
2023-11-16 18:31:27.761000+00:00,122,19,code,azure_2023
2023-11-16 18:31:27.761290+00:00,187,15,code,azure_2023
2023-11-16 18:31:27.762207+00:00,1267,8,code,azure_2023
2023-11-16 18:31:27.762510+00:00,2982,19,code,azure_2023
2023-11-16 18:31:27.762553+00:00,475,176,code,azure_2023
2023-11-16 18:31:27.762610+00:00,1546,8,code,azure_2023
2023-11-16 18:31:27.762617+00:00,1566,28,code,azure_2023
2023-11-16 18:31:27.763286+00:00,1783,8,code,azure_2023
2023-11-16 18:31:27.763402+00:00,3782,8,code,azure_2023
2023-11-16 18:31:27.764549+00:00,1385,14,code,azure_2023
2023-11-16 18:31:27.765128+00:00,130,18,code,azure_2023
2023-11-16 18:31:27.814552+00:00,2169,58,code,azure_2023
2023-11-16 18:31:27.816341+00:00,528,26,code,azure_2023
2023-11-16 18:31:27.818964+00:00,1672,7,code,azure_2023
2023-11-16 18:31:27.819874+00:00,911,16,code,azure_2023
2023-11-16 18:31:27.820693+00:00,4121,8,code,azure_2023
2023-11-16 18:31:27.823762+00:00,7436,405,code,azure_2023
2023-11-16 18:31:27.824997+00:00,2135,11,code,azure_2023
2023-11-16 18:31:27.859860+00:00,7422,21,code,azure_2023
2023-11-16 18:31:27.861754+00:00,622,35,code,azure_2023
2023-11-16 18:31:27.865841+00:00,1267,17,code,azure_2023
2023-11-16 18:31:27.914739+00:00,4107,6,code,azure_2023
2023-11-16 18:31:27.922713+00:00,1672,10,code,azure_2023
2023-11-16 18:31:27.923328+00:00,550,15,code,azure_2023
2023-11-16 18:31:27.962226+00:00,3165,23,code,azure_2023
2023-11-16 18:31:27.962305+00:00,894,11,code,azure_2023
2023-11-16 18:31:27.981446+00:00,534,58,code,azure_2023
2023-11-16 18:31:28.014102+00:00,532,52,code,azure_2023
2023-11-16 18:31:28.059314+00:00,625,53,code,azure_2023
2023-11-16 18:31:28.061529+00:00,1385,32,code,azure_2023
2023-11-16 18:31:28.062653+00:00,1441,6,code,azure_2023
2023-11-16 18:31:28.120037+00:00,579,9,code,azure_2023
2023-11-16 18:31:28.120899+00:00,3004,32,code,azure_2023
2023-11-16 18:31:28.154841+00:00,1097,12,code,azure_2023
2023-11-16 18:31:28.214477+00:00,2317,21,code,azure_2023
2023-11-16 18:31:28.219712+00:00,3314,59,code,azure_2023
2023-11-16 18:31:28.223447+00:00,1800,10,code,azure_2023
2023-11-16 18:31:28.223488+00:00,615,16,code,azure_2023
2023-11-16 18:31:28.223574+00:00,4771,11,code,azure_2023
2023-11-16 18:31:28.253892+00:00,143,11,code,azure_2023
2023-11-16 18:31:28.314885+00:00,4022,12,code,azure_2023
2023-11-16 18:31:28.318418+00:00,2317,7,code,azure_2023
2023-11-16 18:31:28.319209+00:00,887,10,code,azure_2023
2023-11-16 18:31:28.422242+00:00,887,16,code,azure_2023
2023-11-16 18:31:28.614428+00:00,854,60,code,azure_2023
2023-11-16 18:31:28.614542+00:00,1867,20,code,azure_2023
2023-11-16 18:31:28.618367+00:00,996,8,code,azure_2023
2023-11-16 18:31:28.619166+00:00,152,6,code,azure_2023
2023-11-16 18:31:28.721029+00:00,1800,7,code,azure_2023
2023-11-16 18:31:28.721716+00:00,2936,17,code,azure_2023
2023-11-16 18:31:28.721882+00:00,2331,136,code,azure_2023
2023-11-16 18:31:28.815677+00:00,3695,19,code,azure_2023
2023-11-16 18:31:28.816387+00:00,1162,28,code,azure_2023
2023-11-16 18:31:28.816635+00:00,1111,12,code,azure_2023
2023-11-16 18:31:28.820317+00:00,2220,8,code,azure_2023
2023-11-16 18:31:28.820435+00:00,997,6,code,azure_2023
2023-11-16 18:31:28.822340+00:00,962,34,code,azure_2023
2023-11-16 18:31:28.920830+00:00,2222,15,code,azure_2023
2023-11-16 18:31:29.017822+00:00,2332,37,code,azure_2023
2023-11-16 18:31:29.023304+00:00,2322,28,code,azure_2023
2023-11-16 18:31:29.054854+00:00,2316,8,code,azure_2023
2023-11-16 18:31:29.054979+00:00,2990,16,code,azure_2023
2023-11-16 18:31:29.114981+00:00,1674,14,code,azure_2023
2023-11-16 18:31:29.118761+00:00,278,46,code,azure_2023
2023-11-16 18:31:29.123594+00:00,132,17,code,azure_2023
2023-11-16 18:31:29.123832+00:00,997,41,code,azure_2023
2023-11-16 18:31:29.220957+00:00,578,9,code,azure_2023
2023-11-16 18:31:29.314706+00:00,1021,15,code,azure_2023
2023-11-16 18:31:29.317670+00:00,4243,7,code,azure_2023
2023-11-16 18:31:29.317716+00:00,4995,14,code,azure_2023
2023-11-16 18:31:29.319493+00:00,2766,13,code,azure_2023
2023-11-16 18:31:29.319557+00:00,2511,12,code,azure_2023
2023-11-16 18:31:29.319658+00:00,6097,129,code,azure_2023
2023-11-16 18:31:29.320721+00:00,997,16,code,azure_2023
2023-11-16 18:31:29.354835+00:00,748,9,code,azure_2023
2023-11-16 18:31:29.421092+00:00,1745,9,code,azure_2023
2023-11-16 18:31:29.422060+00:00,2322,120,code,azure_2023
2023-11-16 18:31:29.423858+00:00,997,22,code,azure_2023
2023-11-16 18:31:29.423979+00:00,22,52,code,azure_2023
2023-11-16 18:31:29.657691+00:00,1016,89,code,azure_2023
2023-11-16 18:31:29.717220+00:00,2322,27,code,azure_2023
2023-11-16 18:31:29.717412+00:00,4682,22,code,azure_2023
2023-11-16 18:31:29.756935+00:00,4133,39,code,azure_2023
2023-11-16 18:31:29.820857+00:00,3651,58,code,azure_2023
2023-11-16 18:31:29.918958+00:00,1890,9,code,azure_2023
2023-11-16 18:31:29.920135+00:00,4994,20,code,azure_2023
2023-11-16 18:31:29.924284+00:00,156,57,code,azure_2023
2023-11-16 18:31:29.924391+00:00,3033,9,code,azure_2023
2023-11-16 18:31:30.255156+00:00,4592,30,code,azure_2023
2023-11-16 18:31:30.354537+00:00,186,11,code,azure_2023
2023-11-16 18:31:30.354543+00:00,1755,9,code,azure_2023
2023-11-16 18:31:30.354660+00:00,1915,90,code,azure_2023
2023-11-16 18:31:30.453184+00:00,748,12,code,azure_2023
2023-11-16 18:31:30.656590+00:00,586,19,code,azure_2023
2023-11-16 18:31:30.656767+00:00,750,7,code,azure_2023
2023-11-16 18:31:30.956833+00:00,6559,16,code,azure_2023
2023-11-16 18:31:31.253181+00:00,1387,84,code,azure_2023
2023-11-16 18:31:31.355761+00:00,7436,6,code,azure_2023
2023-11-16 18:31:31.694967+00:00,1506,79,code,azure_2023
2023-11-16 18:31:31.707136+00:00,1728,43,code,azure_2023
2023-11-16 18:31:31.877284+00:00,535,18,code,azure_2023
2023-11-16 18:31:31.878425+00:00,218,21,code,azure_2023
2023-11-16 18:31:32.091789+00:00,2283,9,code,azure_2023
2023-11-16 18:31:32.153303+00:00,550,7,code,azure_2023
2023-11-16 18:31:32.353395+00:00,7436,12,code,azure_2023
2023-11-16 18:31:32.386185+00:00,92,19,code,azure_2023
2023-11-16 18:31:32.521956+00:00,6560,12,code,azure_2023
2023-11-16 18:31:32.753246+00:00,3788,13,code,azure_2023
2023-11-16 18:31:32.953173+00:00,1444,14,code,azure_2023
2023-11-16 18:31:32.967310+00:00,1813,9,code,azure_2023
2023-11-16 18:31:33.253125+00:00,536,76,code,azure_2023
2023-11-16 18:31:33.353356+00:00,1079,16,code,azure_2023
2023-11-16 18:31:33.355397+00:00,6561,17,code,azure_2023
2023-11-16 18:31:33.716348+00:00,1504,20,code,azure_2023
2023-11-16 18:31:33.755532+00:00,636,14,code,azure_2023
2023-11-16 18:31:33.798751+00:00,3026,84,code,azure_2023
2023-11-16 18:31:33.853181+00:00,219,6,code,azure_2023
2023-11-16 18:31:34.076807+00:00,1079,6,code,azure_2023
2023-11-16 18:31:34.241229+00:00,536,10,code,azure_2023
2023-11-16 18:31:34.553324+00:00,3758,6,code,azure_2023
2023-11-16 18:31:34.775856+00:00,1079,16,code,azure_2023
2023-11-16 18:31:34.909783+00:00,536,18,code,azure_2023
2023-11-16 18:31:34.912734+00:00,637,14,code,azure_2023
2023-11-16 18:31:35.353117+00:00,1763,6,code,azure_2023
2023-11-16 18:31:35.794299+00:00,1377,28,code,azure_2023
2023-11-16 18:31:35.795486+00:00,3758,6,code,azure_2023
2023-11-16 18:31:36.005341+00:00,189,12,code,azure_2023
2023-11-16 18:31:36.099958+00:00,7435,13,code,azure_2023
2023-11-16 18:31:36.169938+00:00,547,11,code,azure_2023
2023-11-16 18:31:36.257112+00:00,1652,10,code,azure_2023
2023-11-16 18:31:36.257644+00:00,1815,52,code,azure_2023
2023-11-16 18:31:36.916010+00:00,3757,6,code,azure_2023
2023-11-16 18:31:37.068645+00:00,6357,6,code,azure_2023
2023-11-16 18:31:37.546174+00:00,753,7,code,azure_2023
2023-11-16 18:31:37.546285+00:00,538,11,code,azure_2023
2023-11-16 18:31:37.571084+00:00,95,9,code,azure_2023
2023-11-16 18:31:37.609292+00:00,1445,13,code,azure_2023
2023-11-16 18:31:37.653276+00:00,7009,10,code,azure_2023
2023-11-16 18:31:37.654140+00:00,64,12,code,azure_2023
2023-11-16 18:31:38.053146+00:00,638,19,code,azure_2023
2023-11-16 18:31:38.053473+00:00,1506,169,code,azure_2023
2023-11-16 18:31:38.360281+00:00,958,162,code,azure_2023
2023-11-16 18:31:38.558200+00:00,65,10,code,azure_2023
2023-11-16 18:31:38.655203+00:00,7435,16,code,azure_2023
2023-11-16 18:31:38.753194+00:00,231,7,code,azure_2023
2023-11-16 18:31:39.053398+00:00,1508,61,code,azure_2023
2023-11-16 18:31:39.155169+00:00,3227,34,code,azure_2023
2023-11-16 18:31:39.155308+00:00,2316,8,code,azure_2023
2023-11-16 18:31:39.353283+00:00,1816,72,code,azure_2023
2023-11-16 18:31:39.656167+00:00,1378,6,code,azure_2023
2023-11-16 18:31:39.753249+00:00,232,6,code,azure_2023
2023-11-16 18:31:39.853384+00:00,924,13,code,azure_2023
2023-11-16 18:31:39.855646+00:00,6190,225,code,azure_2023
2023-11-16 18:31:39.855721+00:00,4593,7,code,azure_2023
2023-11-16 18:31:39.855835+00:00,7435,17,code,azure_2023
2023-11-16 18:31:39.953170+00:00,639,37,code,azure_2023
2023-11-16 18:31:39.953235+00:00,2512,6,code,azure_2023
2023-11-16 18:31:40.153147+00:00,960,8,code,azure_2023
2023-11-16 18:31:40.156226+00:00,4084,12,code,azure_2023
2023-11-16 18:31:40.657761+00:00,7435,12,code,azure_2023
2023-11-16 18:31:40.756526+00:00,3553,10,code,azure_2023
2023-11-16 18:31:40.988596+00:00,7010,11,code,azure_2023
2023-11-16 18:31:41.597806+00:00,1511,184,code,azure_2023
2023-11-16 18:31:41.971753+00:00,640,28,code,azure_2023
2023-11-16 18:31:42.614122+00:00,4135,895,code,azure_2023
2023-11-16 18:31:42.694550+00:00,149,9,code,azure_2023
2023-11-16 18:31:42.887343+00:00,1669,9,code,azure_2023
2023-11-16 18:31:42.895543+00:00,1669,23,code,azure_2023
2023-11-16 18:31:43.056128+00:00,940,10,code,azure_2023
2023-11-16 18:31:43.154986+00:00,2321,19,code,azure_2023
2023-11-16 18:31:43.553240+00:00,1570,6,code,azure_2023
2023-11-16 18:31:43.657311+00:00,1352,11,code,azure_2023
2023-11-16 18:31:43.673832+00:00,1290,8,code,azure_2023
2023-11-16 18:31:43.958410+00:00,1781,25,code,azure_2023
2023-11-16 18:31:43.978151+00:00,1380,14,code,azure_2023
2023-11-16 18:31:44.056812+00:00,1506,6,code,azure_2023
2023-11-16 18:31:44.056874+00:00,1816,43,code,azure_2023
2023-11-16 18:31:44.256823+00:00,539,37,code,azure_2023
2023-11-16 18:31:44.259478+00:00,104,7,code,azure_2023
2023-11-16 18:31:44.753337+00:00,192,7,code,azure_2023
2023-11-16 18:31:44.954208+00:00,1292,11,code,azure_2023
2023-11-16 18:31:45.553345+00:00,1818,7,code,azure_2023
2023-11-16 18:31:45.753850+00:00,4366,9,code,azure_2023
2023-11-16 18:31:45.853300+00:00,193,11,code,azure_2023
2023-11-16 18:31:45.854449+00:00,19,6,code,azure_2023
2023-11-16 18:31:45.953116+00:00,229,9,code,azure_2023
2023-11-16 18:31:45.955921+00:00,1817,6,code,azure_2023
2023-11-16 18:31:46.094770+00:00,107,15,code,azure_2023
2023-11-16 18:31:49.134181+00:00,2711,82,code,azure_2023
2023-11-16 18:31:49.134265+00:00,1147,12,code,azure_2023
2023-11-16 18:31:49.137031+00:00,1090,6,code,azure_2023
2023-11-16 18:31:49.234179+00:00,278,22,code,azure_2023
2023-11-16 18:31:49.481443+00:00,16,76,code,azure_2023
2023-11-16 18:31:49.734356+00:00,1952,8,code,azure_2023
2023-11-16 18:31:49.935335+00:00,3344,16,code,azure_2023
2023-11-16 18:31:49.935357+00:00,5520,10,code,azure_2023
2023-11-16 18:31:58.341440+00:00,842,14,code,azure_2023
2023-11-16 18:31:58.440734+00:00,842,103,code,azure_2023
2023-11-16 18:32:01.136111+00:00,3347,15,code,azure_2023
2023-11-16 18:32:01.238082+00:00,1338,49,code,azure_2023
2023-11-16 18:32:01.339805+00:00,188,6,code,azure_2023
2023-11-16 18:32:01.441181+00:00,1053,69,code,azure_2023
2023-11-16 18:32:01.442053+00:00,1217,13,code,azure_2023
2023-11-16 18:32:01.445224+00:00,737,35,code,azure_2023
2023-11-16 18:32:01.534084+00:00,2888,11,code,azure_2023
2023-11-16 18:32:01.534238+00:00,6169,6,code,azure_2023
2023-11-16 18:32:01.539786+00:00,842,31,code,azure_2023
2023-11-16 18:32:01.542099+00:00,2919,9,code,azure_2023
2023-11-16 18:32:01.639034+00:00,2638,16,code,azure_2023
2023-11-16 18:32:01.640292+00:00,188,13,code,azure_2023
2023-11-16 18:32:01.642707+00:00,210,15,code,azure_2023
2023-11-16 18:32:01.739403+00:00,1342,120,code,azure_2023
2023-11-16 18:32:01.739673+00:00,1278,172,code,azure_2023
2023-11-16 18:32:01.740633+00:00,6166,12,code,azure_2023
2023-11-16 18:32:01.741622+00:00,2087,15,code,azure_2023
2023-11-16 18:32:01.837625+00:00,368,11,code,azure_2023
2023-11-16 18:32:02.137423+00:00,5690,10,code,azure_2023
2023-11-16 18:32:02.236697+00:00,842,84,code,azure_2023
2023-11-16 18:32:02.237600+00:00,1153,37,code,azure_2023
2023-11-16 18:32:02.238642+00:00,189,15,code,azure_2023
2023-11-16 18:32:02.238817+00:00,1219,11,code,azure_2023
2023-11-16 18:32:02.239715+00:00,788,11,code,azure_2023
2023-11-16 18:32:02.338464+00:00,2889,32,code,azure_2023
2023-11-16 18:32:02.339441+00:00,1342,106,code,azure_2023
2023-11-16 18:32:02.443371+00:00,1221,13,code,azure_2023
2023-11-16 18:32:02.444339+00:00,1155,6,code,azure_2023
2023-11-16 18:32:02.444574+00:00,1697,100,code,azure_2023
2023-11-16 18:32:02.542857+00:00,2290,10,code,azure_2023
2023-11-16 18:32:02.639846+00:00,1697,13,code,azure_2023
2023-11-16 18:32:02.641579+00:00,189,17,code,azure_2023
2023-11-16 18:32:02.642848+00:00,4653,10,code,azure_2023
2023-11-16 18:32:02.644845+00:00,844,109,code,azure_2023
2023-11-16 18:32:02.742089+00:00,1196,18,code,azure_2023
2023-11-16 18:32:02.841064+00:00,287,7,code,azure_2023
2023-11-16 18:32:02.842230+00:00,2920,18,code,azure_2023
2023-11-16 18:32:03.138140+00:00,190,32,code,azure_2023
2023-11-16 18:32:03.336572+00:00,288,26,code,azure_2023
2023-11-16 18:32:03.337188+00:00,844,112,code,azure_2023
2023-11-16 18:32:03.535986+00:00,5691,14,code,azure_2023
2023-11-16 18:32:03.634310+00:00,2932,10,code,azure_2023
2023-11-16 18:32:03.636732+00:00,2437,9,code,azure_2023
2023-11-16 18:32:03.735428+00:00,192,7,code,azure_2023
2023-11-16 18:32:03.836592+00:00,2085,11,code,azure_2023
2023-11-16 18:32:03.837195+00:00,372,12,code,azure_2023
2023-11-16 18:32:03.837219+00:00,2928,10,code,azure_2023
2023-11-16 18:32:04.034460+00:00,1662,16,code,azure_2023
2023-11-16 18:32:04.036664+00:00,6178,25,code,azure_2023
2023-11-16 18:32:04.036907+00:00,54,40,code,azure_2023
2023-11-16 18:32:04.234453+00:00,2290,10,code,azure_2023
2023-11-16 18:32:04.237845+00:00,1343,10,code,azure_2023
2023-11-16 18:32:04.735114+00:00,373,9,code,azure_2023
2023-11-16 18:32:04.735326+00:00,7436,10,code,azure_2023
2023-11-16 18:32:04.735986+00:00,1082,9,code,azure_2023
2023-11-16 18:32:04.836698+00:00,193,13,code,azure_2023
2023-11-16 18:32:04.836745+00:00,81,15,code,azure_2023
2023-11-16 18:32:04.938443+00:00,1065,18,code,azure_2023
2023-11-16 18:32:05.136517+00:00,2928,11,code,azure_2023
2023-11-16 18:32:05.235479+00:00,291,21,code,azure_2023
2023-11-16 18:32:06.034270+00:00,1342,57,code,azure_2023
2023-11-16 18:32:06.042087+00:00,288,10,code,azure_2023
2023-11-16 18:32:06.315644+00:00,1908,14,code,azure_2023
2023-11-16 18:32:06.317344+00:00,291,6,code,azure_2023
2023-11-16 18:32:06.434236+00:00,1744,9,code,azure_2023
2023-11-16 18:32:06.834281+00:00,1342,10,code,azure_2023
2023-11-16 18:32:06.934219+00:00,2612,290,code,azure_2023
2023-11-16 18:32:06.968241+00:00,1187,10,code,azure_2023
2023-11-16 18:32:07.041507+00:00,79,73,code,azure_2023
2023-11-16 18:32:07.134364+00:00,1342,22,code,azure_2023
2023-11-16 18:32:07.136461+00:00,2892,9,code,azure_2023
2023-11-16 18:32:07.235210+00:00,292,22,code,azure_2023
2023-11-16 18:32:13.015612+00:00,2088,16,code,azure_2023
2023-11-16 18:32:13.160426+00:00,1465,10,code,azure_2023
2023-11-16 18:32:13.214788+00:00,2324,6,code,azure_2023
2023-11-16 18:32:13.230002+00:00,6082,12,code,azure_2023
2023-11-16 18:32:13.238449+00:00,2357,8,code,azure_2023
2023-11-16 18:32:13.315279+00:00,4195,12,code,azure_2023
2023-11-16 18:32:13.315531+00:00,682,16,code,azure_2023
2023-11-16 18:32:13.319460+00:00,2920,8,code,azure_2023
2023-11-16 18:32:13.414574+00:00,172,11,code,azure_2023
2023-11-16 18:32:13.414597+00:00,640,14,code,azure_2023
2023-11-16 18:32:13.415350+00:00,1065,10,code,azure_2023
2023-11-16 18:32:13.662174+00:00,682,8,code,azure_2023
2023-11-16 18:32:13.720664+00:00,800,20,code,azure_2023
2023-11-16 18:32:13.863703+00:00,3083,13,code,azure_2023
2023-11-16 18:32:13.934852+00:00,2672,8,code,azure_2023
2023-11-16 18:32:14.115242+00:00,2089,11,code,azure_2023
2023-11-16 18:32:14.115350+00:00,2505,75,code,azure_2023
2023-11-16 18:32:14.215402+00:00,2356,10,code,azure_2023
2023-11-16 18:32:14.215679+00:00,682,8,code,azure_2023
2023-11-16 18:32:14.220345+00:00,3083,13,code,azure_2023
2023-11-16 18:32:14.315029+00:00,2187,20,code,azure_2023
2023-11-16 18:32:14.414827+00:00,643,6,code,azure_2023
2023-11-16 18:32:14.425646+00:00,403,18,code,azure_2023
2023-11-16 18:32:14.715465+00:00,682,13,code,azure_2023
2023-11-16 18:32:14.718774+00:00,2951,11,code,azure_2023
2023-11-16 18:32:15.017112+00:00,798,39,code,azure_2023
2023-11-16 18:32:15.215206+00:00,3088,9,code,azure_2023
2023-11-16 18:32:15.317731+00:00,2921,24,code,azure_2023
2023-11-16 18:32:15.524387+00:00,1064,10,code,azure_2023
2023-11-16 18:32:15.617165+00:00,2338,12,code,azure_2023
2023-11-16 18:32:15.617285+00:00,2357,13,code,azure_2023
2023-11-16 18:32:15.642573+00:00,2087,7,code,azure_2023
2023-11-16 18:32:15.827285+00:00,685,11,code,azure_2023
2023-11-16 18:32:15.876170+00:00,230,76,code,azure_2023
2023-11-16 18:32:16.315687+00:00,4512,9,code,azure_2023
2023-11-16 18:32:16.325770+00:00,236,7,code,azure_2023
2023-11-16 18:32:16.421404+00:00,3216,9,code,azure_2023
2023-11-16 18:32:16.617527+00:00,684,9,code,azure_2023
2023-11-16 18:32:16.816008+00:00,3089,13,code,azure_2023
2023-11-16 18:32:16.917294+00:00,713,11,code,azure_2023
2023-11-16 18:32:17.015400+00:00,1064,10,code,azure_2023
2023-11-16 18:32:17.115258+00:00,2340,10,code,azure_2023
2023-11-16 18:32:17.117110+00:00,539,11,code,azure_2023
2023-11-16 18:32:17.117319+00:00,37,7,code,azure_2023
2023-11-16 18:32:17.314774+00:00,713,13,code,azure_2023
2023-11-16 18:32:17.315605+00:00,404,27,code,azure_2023
2023-11-16 18:32:17.516404+00:00,2341,7,code,azure_2023
2023-11-16 18:32:17.614840+00:00,2417,16,code,azure_2023
2023-11-16 18:32:17.927897+00:00,231,42,code,azure_2023
2023-11-16 18:32:17.948452+00:00,2952,10,code,azure_2023
2023-11-16 18:32:18.138459+00:00,3219,6,code,azure_2023
2023-11-16 18:32:18.138627+00:00,418,6,code,azure_2023
2023-11-16 18:32:18.141752+00:00,2434,7,code,azure_2023
2023-11-16 18:32:18.648966+00:00,1983,27,code,azure_2023
2023-11-16 18:32:18.674046+00:00,6081,11,code,azure_2023
2023-11-16 18:32:18.714538+00:00,944,24,code,azure_2023
2023-11-16 18:32:19.051292+00:00,2952,26,code,azure_2023
2023-11-16 18:32:19.115887+00:00,3222,7,code,azure_2023
2023-11-16 18:32:19.216152+00:00,2434,7,code,azure_2023
2023-11-16 18:32:19.217316+00:00,3140,13,code,azure_2023
2023-11-16 18:32:19.266406+00:00,2343,10,code,azure_2023
2023-11-16 18:32:19.542313+00:00,2432,34,code,azure_2023
2023-11-16 18:32:20.054815+00:00,2087,14,code,azure_2023
2023-11-16 18:32:20.104504+00:00,1599,9,code,azure_2023
2023-11-16 18:32:20.123934+00:00,2087,12,code,azure_2023
2023-11-16 18:32:20.214497+00:00,661,14,code,azure_2023
2023-11-16 18:32:20.249245+00:00,2191,7,code,azure_2023
2023-11-16 18:32:20.315939+00:00,6191,7,code,azure_2023
2023-11-16 18:32:20.316155+00:00,2417,9,code,azure_2023
2023-11-16 18:32:20.414491+00:00,6083,9,code,azure_2023
2023-11-16 18:32:20.425473+00:00,935,45,code,azure_2023
2023-11-16 18:32:20.514589+00:00,1183,13,code,azure_2023
2023-11-16 18:32:20.530598+00:00,3105,9,code,azure_2023
2023-11-16 18:32:20.647462+00:00,1683,9,code,azure_2023
2023-11-16 18:32:20.756005+00:00,3219,21,code,azure_2023
2023-11-16 18:32:20.816868+00:00,2087,7,code,azure_2023
2023-11-16 18:32:21.024967+00:00,3839,48,code,azure_2023
2023-11-16 18:32:21.025597+00:00,5536,39,code,azure_2023
2023-11-16 18:32:21.027211+00:00,228,29,code,azure_2023
2023-11-16 18:32:21.044083+00:00,4017,14,code,azure_2023
2023-11-16 18:32:21.064946+00:00,229,28,code,azure_2023
2023-11-16 18:32:21.079443+00:00,2417,9,code,azure_2023
2023-11-16 18:32:21.141152+00:00,1227,15,code,azure_2023
2023-11-16 18:32:21.314489+00:00,1736,9,code,azure_2023
2023-11-16 18:32:21.325446+00:00,1861,18,code,azure_2023
2023-11-16 18:32:21.333547+00:00,3560,14,code,azure_2023
2023-11-16 18:32:21.529152+00:00,1764,57,code,azure_2023
2023-11-16 18:32:21.627033+00:00,1789,9,code,azure_2023
2023-11-16 18:32:21.824337+00:00,2194,13,code,azure_2023
2023-11-16 18:32:21.867727+00:00,3307,50,code,azure_2023
2023-11-16 18:32:21.915429+00:00,2454,8,code,azure_2023
2023-11-16 18:32:21.951161+00:00,2086,7,code,azure_2023
2023-11-16 18:32:22.016604+00:00,7436,12,code,azure_2023
2023-11-16 18:32:22.036052+00:00,303,13,code,azure_2023
2023-11-16 18:32:22.118270+00:00,820,274,code,azure_2023
2023-11-16 18:32:22.127182+00:00,1864,190,code,azure_2023
2023-11-16 18:32:22.148973+00:00,2417,9,code,azure_2023
2023-11-16 18:32:22.149811+00:00,1739,46,code,azure_2023
2023-11-16 18:32:22.228697+00:00,772,9,code,azure_2023
2023-11-16 18:32:22.315765+00:00,3841,6,code,azure_2023
2023-11-16 18:32:22.315898+00:00,1033,6,code,azure_2023
2023-11-16 18:32:22.416901+00:00,1738,9,code,azure_2023
2023-11-16 18:32:22.515546+00:00,3054,14,code,azure_2023
2023-11-16 18:32:22.521745+00:00,2454,8,code,azure_2023
2023-11-16 18:32:22.718225+00:00,2150,19,code,azure_2023
2023-11-16 18:32:22.735103+00:00,2687,13,code,azure_2023
2023-11-16 18:32:22.827321+00:00,1690,58,code,azure_2023
2023-11-16 18:32:22.827496+00:00,101,9,code,azure_2023
2023-11-16 18:32:22.827514+00:00,772,7,code,azure_2023
2023-11-16 18:32:22.830760+00:00,3220,52,code,azure_2023
2023-11-16 18:32:22.836774+00:00,2086,7,code,azure_2023
2023-11-16 18:32:22.915272+00:00,2037,9,code,azure_2023
2023-11-16 18:32:22.916362+00:00,718,8,code,azure_2023
2023-11-16 18:32:22.943114+00:00,1967,361,code,azure_2023
2023-11-16 18:32:23.125487+00:00,772,9,code,azure_2023
2023-11-16 18:32:23.225500+00:00,1791,8,code,azure_2023
2023-11-16 18:32:23.226288+00:00,2980,7,code,azure_2023
2023-11-16 18:32:23.258785+00:00,2975,6,code,azure_2023
2023-11-16 18:32:23.414681+00:00,2358,8,code,azure_2023
2023-11-16 18:32:23.428071+00:00,2445,14,code,azure_2023
2023-11-16 18:32:23.530364+00:00,2687,13,code,azure_2023
2023-11-16 18:32:23.631206+00:00,189,9,code,azure_2023
2023-11-16 18:32:23.746143+00:00,2980,7,code,azure_2023
2023-11-16 18:32:23.781712+00:00,1206,14,code,azure_2023
2023-11-16 18:32:23.827471+00:00,4019,6,code,azure_2023
2023-11-16 18:32:23.828920+00:00,2357,7,code,azure_2023
2023-11-16 18:32:23.898622+00:00,2548,9,code,azure_2023
2023-11-16 18:32:23.927738+00:00,1379,126,code,azure_2023
2023-11-16 18:32:24.014989+00:00,398,10,code,azure_2023
2023-11-16 18:32:24.025514+00:00,1241,19,code,azure_2023
2023-11-16 18:32:24.128381+00:00,5591,37,code,azure_2023
2023-11-16 18:32:24.128469+00:00,1865,12,code,azure_2023
2023-11-16 18:32:24.136851+00:00,2385,23,code,azure_2023
2023-11-16 18:32:24.164648+00:00,1740,14,code,azure_2023
2023-11-16 18:32:24.316446+00:00,950,22,code,azure_2023
2023-11-16 18:32:24.415452+00:00,2345,13,code,azure_2023
2023-11-16 18:32:24.437605+00:00,2687,23,code,azure_2023
2023-11-16 18:32:24.567570+00:00,1865,14,code,azure_2023
2023-11-16 18:32:24.577937+00:00,1693,6,code,azure_2023
2023-11-16 18:32:24.715331+00:00,2039,7,code,azure_2023
2023-11-16 18:32:24.721393+00:00,1740,7,code,azure_2023
2023-11-16 18:32:24.914664+00:00,2603,6,code,azure_2023
2023-11-16 18:32:25.016835+00:00,2087,13,code,azure_2023
2023-11-16 18:32:25.218197+00:00,2361,8,code,azure_2023
2023-11-16 18:32:25.414493+00:00,1473,10,code,azure_2023
2023-11-16 18:32:25.519986+00:00,688,28,code,azure_2023
2023-11-16 18:32:25.620102+00:00,992,12,code,azure_2023
2023-11-16 18:32:25.651742+00:00,4420,20,code,azure_2023
2023-11-16 18:32:25.744312+00:00,840,16,code,azure_2023
2023-11-16 18:32:25.815012+00:00,719,10,code,azure_2023
2023-11-16 18:32:25.815034+00:00,1986,6,code,azure_2023
2023-11-16 18:32:25.818824+00:00,2088,13,code,azure_2023
2023-11-16 18:32:25.830899+00:00,2563,6,code,azure_2023
2023-11-16 18:32:25.839798+00:00,2687,54,code,azure_2023
2023-11-16 18:32:25.925610+00:00,104,76,code,azure_2023
2023-11-16 18:32:26.014261+00:00,1064,10,code,azure_2023
2023-11-16 18:32:26.085389+00:00,244,16,code,azure_2023
2023-11-16 18:32:26.125667+00:00,1792,6,code,azure_2023
2023-11-16 18:32:26.227929+00:00,15,21,code,azure_2023
2023-11-16 18:32:26.316478+00:00,228,11,code,azure_2023
2023-11-16 18:32:26.316519+00:00,720,8,code,azure_2023
2023-11-16 18:32:26.325728+00:00,1105,25,code,azure_2023
2023-11-16 18:32:26.327799+00:00,1609,15,code,azure_2023
2023-11-16 18:32:26.334306+00:00,132,37,code,azure_2023
2023-11-16 18:32:26.378680+00:00,244,6,code,azure_2023
2023-11-16 18:32:26.926085+00:00,2689,13,code,azure_2023
2023-11-16 18:32:27.025487+00:00,103,74,code,azure_2023
2023-11-16 18:32:27.066931+00:00,4820,39,code,azure_2023
2023-11-16 18:32:27.125491+00:00,1834,25,code,azure_2023
2023-11-16 18:32:27.232936+00:00,1793,10,code,azure_2023
2023-11-16 18:32:27.233851+00:00,2189,9,code,azure_2023
2023-11-16 18:32:27.233858+00:00,941,9,code,azure_2023
2023-11-16 18:32:27.234015+00:00,189,109,code,azure_2023
2023-11-16 18:32:27.415068+00:00,720,9,code,azure_2023
2023-11-16 18:32:27.415263+00:00,2363,6,code,azure_2023
2023-11-16 18:32:27.482933+00:00,1697,11,code,azure_2023
2023-11-16 18:32:27.515211+00:00,690,17,code,azure_2023
2023-11-16 18:32:27.523681+00:00,2091,10,code,azure_2023
2023-11-16 18:32:27.560341+00:00,106,7,code,azure_2023
2023-11-16 18:32:27.614108+00:00,492,8,code,azure_2023
2023-11-16 18:32:27.726835+00:00,692,11,code,azure_2023
2023-11-16 18:32:27.832913+00:00,2418,27,code,azure_2023
2023-11-16 18:32:27.924742+00:00,992,25,code,azure_2023
2023-11-16 18:32:27.925669+00:00,1108,6,code,azure_2023
2023-11-16 18:32:27.931881+00:00,250,15,code,azure_2023
2023-11-16 18:32:28.017685+00:00,2924,7,code,azure_2023
2023-11-16 18:32:28.027500+00:00,3712,12,code,azure_2023
2023-11-16 18:32:28.028374+00:00,944,20,code,azure_2023
2023-11-16 18:32:28.215157+00:00,800,15,code,azure_2023
2023-11-16 18:32:28.215280+00:00,693,13,code,azure_2023
2023-11-16 18:32:28.229107+00:00,1742,12,code,azure_2023
2023-11-16 18:32:28.416845+00:00,1675,20,code,azure_2023
2023-11-16 18:32:28.629720+00:00,106,7,code,azure_2023
2023-11-16 18:32:28.641682+00:00,1688,10,code,azure_2023
2023-11-16 18:32:28.715444+00:00,3224,45,code,azure_2023
2023-11-16 18:32:28.728942+00:00,1295,10,code,azure_2023
2023-11-16 18:32:28.917337+00:00,694,18,code,azure_2023
2023-11-16 18:32:29.017187+00:00,3380,29,code,azure_2023
2023-11-16 18:32:29.020153+00:00,1742,9,code,azure_2023
2023-11-16 18:32:29.021139+00:00,1934,15,code,azure_2023
2023-11-16 18:32:29.118963+00:00,1181,9,code,azure_2023
2023-11-16 18:32:29.316976+00:00,2389,15,code,azure_2023
2023-11-16 18:32:29.321096+00:00,694,13,code,azure_2023
2023-11-16 18:32:29.521043+00:00,3909,928,code,azure_2023
2023-11-16 18:32:29.616274+00:00,172,15,code,azure_2023
2023-11-16 18:32:29.616305+00:00,994,19,code,azure_2023
2023-11-16 18:32:29.719708+00:00,7428,13,code,azure_2023
2023-11-16 18:32:29.818800+00:00,4207,14,code,azure_2023
2023-11-16 18:32:30.214959+00:00,1183,9,code,azure_2023
2023-11-16 18:32:30.316471+00:00,7428,7,code,azure_2023
2023-11-16 18:32:30.318615+00:00,1743,10,code,azure_2023
2023-11-16 18:32:30.415622+00:00,2195,6,code,azure_2023
2023-11-16 18:32:30.522474+00:00,4209,7,code,azure_2023
2023-11-16 18:32:30.615279+00:00,2947,7,code,azure_2023
2023-11-16 18:32:30.615313+00:00,245,77,code,azure_2023
2023-11-16 18:32:30.715873+00:00,360,9,code,azure_2023
2023-11-16 18:32:30.852593+00:00,1679,6,code,azure_2023
2023-11-16 18:32:30.947363+00:00,1002,9,code,azure_2023
2023-11-16 18:32:31.203447+00:00,2673,18,code,azure_2023
2023-11-16 18:32:31.301678+00:00,1185,14,code,azure_2023
2023-11-16 18:32:31.303205+00:00,1062,10,code,azure_2023
2023-11-16 18:32:31.521757+00:00,1679,9,code,azure_2023
2023-11-16 18:32:31.620144+00:00,952,10,code,azure_2023
2023-11-16 18:32:31.716716+00:00,7423,17,code,azure_2023
2023-11-16 18:32:31.815081+00:00,699,11,code,azure_2023
2023-11-16 18:32:32.420693+00:00,3380,9,code,azure_2023
2023-11-16 18:32:32.515368+00:00,50,9,code,azure_2023
2023-11-16 18:32:32.616701+00:00,1060,10,code,azure_2023
2023-11-16 18:32:32.616728+00:00,699,6,code,azure_2023
2023-11-16 18:32:32.716422+00:00,953,17,code,azure_2023
2023-11-16 18:32:32.816282+00:00,699,15,code,azure_2023
2023-11-16 18:32:33.015096+00:00,469,7,code,azure_2023
2023-11-16 18:32:33.238724+00:00,2539,16,code,azure_2023
2023-11-16 18:32:33.255944+00:00,50,9,code,azure_2023
2023-11-16 18:32:33.317632+00:00,699,25,code,azure_2023
2023-11-16 18:32:33.317728+00:00,539,15,code,azure_2023
2023-11-16 18:32:33.317755+00:00,3227,45,code,azure_2023
2023-11-16 18:32:33.318620+00:00,1060,9,code,azure_2023
2023-11-16 18:32:33.515677+00:00,3058,246,code,azure_2023
2023-11-16 18:32:33.515791+00:00,369,43,code,azure_2023
2023-11-16 18:32:33.515835+00:00,616,134,code,azure_2023
2023-11-16 18:32:33.715243+00:00,799,9,code,azure_2023
2023-11-16 18:32:33.916766+00:00,227,6,code,azure_2023
2023-11-16 18:32:34.079394+00:00,2398,11,code,azure_2023
2023-11-16 18:32:34.141616+00:00,235,8,code,azure_2023
2023-11-16 18:32:34.219013+00:00,2951,11,code,azure_2023
2023-11-16 18:32:34.219125+00:00,799,11,code,azure_2023
2023-11-16 18:32:34.225280+00:00,698,25,code,azure_2023
2023-11-16 18:32:34.315627+00:00,2539,10,code,azure_2023
2023-11-16 18:32:34.315718+00:00,1942,45,code,azure_2023
2023-11-16 18:32:34.414853+00:00,3384,9,code,azure_2023
2023-11-16 18:32:34.616800+00:00,1229,18,code,azure_2023
2023-11-16 18:32:34.939978+00:00,2399,24,code,azure_2023
2023-11-16 18:32:35.238954+00:00,3647,94,code,azure_2023
2023-11-16 18:32:35.445751+00:00,368,32,code,azure_2023
2023-11-16 18:32:35.619858+00:00,1231,15,code,azure_2023
2023-11-16 18:32:35.714775+00:00,1554,46,code,azure_2023
2023-11-16 18:32:35.904685+00:00,1725,9,code,azure_2023
2023-11-16 18:32:36.247286+00:00,109,19,code,azure_2023
2023-11-16 18:32:36.356535+00:00,2674,6,code,azure_2023
2023-11-16 18:32:36.414815+00:00,237,42,code,azure_2023
2023-11-16 18:32:36.515495+00:00,233,6,code,azure_2023
2023-11-16 18:32:36.715419+00:00,1060,10,code,azure_2023
2023-11-16 18:32:36.720150+00:00,238,6,code,azure_2023
2023-11-16 18:32:36.815171+00:00,1185,19,code,azure_2023
2023-11-16 18:32:36.844732+00:00,2718,8,code,azure_2023
2023-11-16 18:32:36.915430+00:00,2402,14,code,azure_2023
2023-11-16 18:32:37.314481+00:00,1030,10,code,azure_2023
2023-11-16 18:32:37.515360+00:00,1060,10,code,azure_2023
2023-11-16 18:32:37.520846+00:00,1235,15,code,azure_2023
2023-11-16 18:32:37.715803+00:00,370,131,code,azure_2023
2023-11-16 18:32:37.856189+00:00,2399,15,code,azure_2023
2023-11-16 18:32:37.868083+00:00,2270,6,code,azure_2023
2023-11-16 18:32:38.314977+00:00,7435,9,code,azure_2023
2023-11-16 18:34:57.035759+00:00,1338,8,code,azure_2023
2023-11-16 18:34:57.137204+00:00,1855,15,code,azure_2023
2023-11-16 18:34:57.234131+00:00,3598,13,code,azure_2023
2023-11-16 18:34:57.235714+00:00,1178,27,code,azure_2023
2023-11-16 18:34:57.242636+00:00,572,9,code,azure_2023
2023-11-16 18:34:57.486309+00:00,51,8,code,azure_2023
2023-11-16 18:34:57.634252+00:00,4181,19,code,azure_2023
2023-11-16 18:34:57.734232+00:00,147,12,code,azure_2023
2023-11-16 18:35:00.040754+00:00,1749,11,code,azure_2023
2023-11-16 18:35:00.134191+00:00,1339,10,code,azure_2023
2023-11-16 18:35:00.734669+00:00,574,7,code,azure_2023
2023-11-16 18:35:00.909010+00:00,3601,42,code,azure_2023
2023-11-16 18:35:01.138011+00:00,2001,13,code,azure_2023
2023-11-16 18:35:01.334241+00:00,1336,12,code,azure_2023
2023-11-16 18:35:01.334458+00:00,3600,13,code,azure_2023
2023-11-16 18:35:01.342685+00:00,5459,79,code,azure_2023
2023-11-16 18:35:01.655668+00:00,51,10,code,azure_2023
2023-11-16 18:35:01.740246+00:00,1590,24,code,azure_2023
2023-11-16 18:35:03.037132+00:00,1337,22,code,azure_2023
2023-11-16 18:35:03.338520+00:00,1704,9,code,azure_2023
2023-11-16 18:35:06.138334+00:00,1601,59,code,azure_2023
2023-11-16 18:35:06.138371+00:00,6143,6,code,azure_2023
2023-11-16 18:35:06.239367+00:00,4314,12,code,azure_2023
2023-11-16 18:35:06.535390+00:00,199,6,code,azure_2023
2023-11-16 18:35:06.535480+00:00,6191,19,code,azure_2023
2023-11-16 18:35:06.535513+00:00,56,8,code,azure_2023
2023-11-16 18:35:06.542030+00:00,156,13,code,azure_2023
2023-11-16 18:35:06.542171+00:00,3602,22,code,azure_2023
2023-11-16 18:35:06.742216+00:00,56,9,code,azure_2023
2023-11-16 18:35:07.339193+00:00,56,12,code,azure_2023
2023-11-16 18:35:07.440926+00:00,851,7,code,azure_2023
2023-11-16 18:35:07.441005+00:00,3604,16,code,azure_2023
2023-11-16 18:35:08.138341+00:00,6189,16,code,azure_2023
2023-11-16 18:35:08.138483+00:00,6542,9,code,azure_2023
2023-11-16 18:35:08.237568+00:00,573,6,code,azure_2023
2023-11-16 18:35:08.340300+00:00,57,9,code,azure_2023
2023-11-16 18:35:08.441377+00:00,1179,31,code,azure_2023
2023-11-16 18:35:09.136584+00:00,1349,9,code,azure_2023
2023-11-16 18:35:09.338046+00:00,2003,10,code,azure_2023
2023-11-16 18:35:09.537054+00:00,157,12,code,azure_2023
2023-11-16 18:35:09.537954+00:00,2375,16,code,azure_2023
2023-11-16 18:35:09.539160+00:00,1225,29,code,azure_2023
2023-11-16 18:35:09.636953+00:00,3866,31,code,azure_2023
2023-11-16 18:35:09.741688+00:00,7435,60,code,azure_2023
2023-11-16 18:35:09.742686+00:00,851,10,code,azure_2023
2023-11-16 18:35:09.842758+00:00,248,16,code,azure_2023
2023-11-16 18:35:09.935611+00:00,574,6,code,azure_2023
2023-11-16 18:35:10.034080+00:00,1092,19,code,azure_2023
2023-11-16 18:35:10.041348+00:00,852,11,code,azure_2023
2023-11-16 18:35:10.245576+00:00,250,8,code,azure_2023
2023-11-16 18:35:10.245831+00:00,3866,81,code,azure_2023
2023-11-16 18:35:10.337717+00:00,229,13,code,azure_2023
2023-11-16 18:35:10.338649+00:00,1091,14,code,azure_2023
2023-11-16 18:35:10.339663+00:00,1179,22,code,azure_2023
2023-11-16 18:35:10.339759+00:00,2339,104,code,azure_2023
2023-11-16 18:35:10.440656+00:00,852,9,code,azure_2023
2023-11-16 18:35:10.440679+00:00,238,19,code,azure_2023
2023-11-16 18:35:10.442692+00:00,1735,49,code,azure_2023
2023-11-16 18:35:10.442757+00:00,7436,27,code,azure_2023
2023-11-16 18:35:10.641968+00:00,228,14,code,azure_2023
2023-11-16 18:35:10.642083+00:00,7436,20,code,azure_2023
2023-11-16 18:35:10.743007+00:00,852,10,code,azure_2023
2023-11-16 18:35:10.746453+00:00,2006,18,code,azure_2023
2023-11-16 18:35:10.835705+00:00,1092,25,code,azure_2023
2023-11-16 18:35:10.840186+00:00,1177,16,code,azure_2023
2023-11-16 18:35:10.841846+00:00,6192,12,code,azure_2023
2023-11-16 18:35:10.934781+00:00,1459,18,code,azure_2023
2023-11-16 18:35:10.940990+00:00,852,8,code,azure_2023
2023-11-16 18:35:11.140112+00:00,1349,12,code,azure_2023
2023-11-16 18:35:11.140195+00:00,3606,220,code,azure_2023
2023-11-16 18:35:11.144001+00:00,240,6,code,azure_2023
2023-11-16 18:35:11.234692+00:00,3539,20,code,azure_2023
2023-11-16 18:35:11.234716+00:00,7289,13,code,azure_2023
2023-11-16 18:35:11.235678+00:00,2009,11,code,azure_2023
2023-11-16 18:35:11.235819+00:00,3542,9,code,azure_2023
2023-11-16 18:35:11.241270+00:00,1417,40,code,azure_2023
2023-11-16 18:35:11.241411+00:00,6149,6,code,azure_2023
2023-11-16 18:35:11.242166+00:00,851,12,code,azure_2023
2023-11-16 18:35:11.242300+00:00,6193,10,code,azure_2023
2023-11-16 18:35:11.334423+00:00,1092,15,code,azure_2023
2023-11-16 18:35:11.439602+00:00,564,20,code,azure_2023
2023-11-16 18:35:11.539414+00:00,7294,6,code,azure_2023
2023-11-16 18:35:11.540729+00:00,5459,147,code,azure_2023
2023-11-16 18:35:11.542063+00:00,3136,14,code,azure_2023
2023-11-16 18:35:11.543169+00:00,3540,6,code,azure_2023
2023-11-16 18:35:11.545871+00:00,840,19,code,azure_2023
2023-11-16 18:35:11.637338+00:00,238,8,code,azure_2023
2023-11-16 18:35:11.639587+00:00,1179,36,code,azure_2023
2023-11-16 18:35:11.640683+00:00,1460,17,code,azure_2023
2023-11-16 18:35:11.641407+00:00,6193,8,code,azure_2023
2023-11-16 18:35:11.641720+00:00,1225,14,code,azure_2023
2023-11-16 18:35:11.734845+00:00,1349,12,code,azure_2023
2023-11-16 18:35:11.742348+00:00,65,14,code,azure_2023
2023-11-16 18:35:11.834459+00:00,7436,24,code,azure_2023
2023-11-16 18:35:11.834553+00:00,3139,14,code,azure_2023
2023-11-16 18:35:11.840327+00:00,6194,10,code,azure_2023
2023-11-16 18:35:12.040914+00:00,1036,18,code,azure_2023
2023-11-16 18:35:12.041390+00:00,3607,109,code,azure_2023
2023-11-16 18:35:12.636777+00:00,68,6,code,azure_2023
2023-11-16 18:35:12.637759+00:00,2715,8,code,azure_2023
2023-11-16 18:35:12.637765+00:00,2037,12,code,azure_2023
2023-11-16 18:35:12.734619+00:00,846,9,code,azure_2023
2023-11-16 18:35:12.935321+00:00,3540,28,code,azure_2023
2023-11-16 18:35:13.140287+00:00,7436,41,code,azure_2023
2023-11-16 18:35:13.241471+00:00,74,18,code,azure_2023
2023-11-16 18:35:13.637443+00:00,2718,11,code,azure_2023
2023-11-16 18:35:13.641022+00:00,3540,27,code,azure_2023
2023-11-16 18:35:13.936949+00:00,5460,19,code,azure_2023
2023-11-16 18:35:13.937003+00:00,2791,24,code,azure_2023
2023-11-16 18:35:14.636927+00:00,1815,7,code,azure_2023
2023-11-16 18:35:14.737071+00:00,2037,16,code,azure_2023
2023-11-16 18:35:14.837298+00:00,74,39,code,azure_2023
2023-11-16 18:35:14.936527+00:00,5460,39,code,azure_2023
2023-11-16 18:35:15.135282+00:00,69,10,code,azure_2023
2023-11-16 18:35:15.436738+00:00,298,61,code,azure_2023
2023-11-16 18:35:15.537596+00:00,1349,19,code,azure_2023
2023-11-16 18:35:15.537750+00:00,814,34,code,azure_2023
2023-11-16 18:35:15.634346+00:00,5899,14,code,azure_2023
2023-11-16 18:35:15.834377+00:00,1032,48,code,azure_2023
2023-11-16 18:35:15.834573+00:00,2484,12,code,azure_2023
2023-11-16 18:35:16.134755+00:00,70,9,code,azure_2023
2023-11-16 18:35:16.335548+00:00,7435,41,code,azure_2023
2023-11-16 18:35:16.435791+00:00,2720,7,code,azure_2023
2023-11-16 18:35:16.450627+00:00,75,17,code,azure_2023
2023-11-16 18:35:16.534371+00:00,84,49,code,azure_2023
2023-11-16 18:35:16.643728+00:00,1819,10,code,azure_2023
2023-11-16 18:35:17.134136+00:00,1038,35,code,azure_2023
2023-11-16 18:35:17.137434+00:00,2037,12,code,azure_2023
2023-11-16 18:35:17.279997+00:00,246,9,code,azure_2023
2023-11-16 18:35:17.349033+00:00,76,35,code,azure_2023
2023-11-16 18:35:17.434693+00:00,84,19,code,azure_2023
2023-11-16 18:35:17.878698+00:00,5462,19,code,azure_2023
2023-11-16 18:35:18.236170+00:00,244,10,code,azure_2023
2023-11-16 18:35:18.237149+00:00,1711,9,code,azure_2023
2023-11-16 18:35:18.237156+00:00,2721,10,code,azure_2023
2023-11-16 18:35:18.237184+00:00,1605,9,code,azure_2023
2023-11-16 18:35:18.334320+00:00,7436,28,code,azure_2023
2023-11-16 18:35:18.334428+00:00,7302,22,code,azure_2023
2023-11-16 18:35:18.342552+00:00,7436,10,code,azure_2023
2023-11-16 18:35:18.434236+00:00,7433,13,code,azure_2023
2023-11-16 18:35:18.452400+00:00,88,20,code,azure_2023
2023-11-16 18:35:18.537742+00:00,68,13,code,azure_2023
2023-11-16 18:35:18.543069+00:00,77,14,code,azure_2023
2023-11-16 18:35:18.734184+00:00,1036,9,code,azure_2023
2023-11-16 18:35:19.038001+00:00,89,8,code,azure_2023
2023-11-16 18:35:19.141892+00:00,825,31,code,azure_2023
2023-11-16 18:35:19.236763+00:00,7436,12,code,azure_2023
2023-11-16 18:35:19.335589+00:00,7436,17,code,azure_2023
2023-11-16 18:35:19.637159+00:00,90,14,code,azure_2023
2023-11-16 18:35:20.277180+00:00,3081,74,code,azure_2023
2023-11-16 18:35:20.536030+00:00,2610,82,code,azure_2023
2023-11-16 18:35:20.540449+00:00,1383,14,code,azure_2023
2023-11-16 18:35:20.637079+00:00,7436,22,code,azure_2023
2023-11-16 18:35:20.838180+00:00,1037,15,code,azure_2023
2023-11-16 18:35:20.838255+00:00,3862,6,code,azure_2023
2023-11-16 18:35:20.840054+00:00,2227,12,code,azure_2023
2023-11-16 18:35:20.934185+00:00,829,7,code,azure_2023
2023-11-16 18:35:21.212958+00:00,90,6,code,azure_2023
2023-11-16 18:35:21.477762+00:00,76,46,code,azure_2023
2023-11-16 18:35:21.557157+00:00,1717,28,code,azure_2023
2023-11-16 18:35:21.736427+00:00,5457,103,code,azure_2023
2023-11-16 18:35:21.737865+00:00,1911,15,code,azure_2023
2023-11-16 18:35:21.834403+00:00,249,16,code,azure_2023
2023-11-16 18:35:21.836641+00:00,2039,13,code,azure_2023
2023-11-16 18:35:21.836719+00:00,1207,14,code,azure_2023
2023-11-16 18:35:21.836847+00:00,71,11,code,azure_2023
2023-11-16 18:35:21.936590+00:00,89,6,code,azure_2023
2023-11-16 18:35:22.034238+00:00,829,8,code,azure_2023
2023-11-16 18:35:22.136114+00:00,1038,19,code,azure_2023
2023-11-16 18:35:22.148313+00:00,3569,6,code,azure_2023
2023-11-16 18:35:22.234174+00:00,90,8,code,azure_2023
2023-11-16 18:35:22.236189+00:00,78,9,code,azure_2023
2023-11-16 18:35:22.579749+00:00,885,25,code,azure_2023
2023-11-16 18:35:22.634227+00:00,5462,46,code,azure_2023
2023-11-16 18:35:22.642557+00:00,3193,21,code,azure_2023
2023-11-16 18:35:22.650131+00:00,351,148,code,azure_2023
2023-11-16 18:35:23.261263+00:00,7437,34,code,azure_2023
2023-11-16 18:35:23.262268+00:00,5461,9,code,azure_2023
2023-11-16 18:35:23.360237+00:00,305,10,code,azure_2023
2023-11-16 18:35:23.385290+00:00,89,14,code,azure_2023
2023-11-16 18:35:23.553322+00:00,76,26,code,azure_2023
2023-11-16 18:35:23.638728+00:00,3193,6,code,azure_2023
2023-11-16 18:35:23.836517+00:00,1465,22,code,azure_2023
2023-11-16 18:35:23.937630+00:00,1037,7,code,azure_2023
2023-11-16 18:35:23.937718+00:00,2086,9,code,azure_2023
2023-11-16 18:35:23.937731+00:00,6284,37,code,azure_2023
2023-11-16 18:35:24.134109+00:00,1909,10,code,azure_2023
2023-11-16 18:35:24.162248+00:00,1741,9,code,azure_2023
2023-11-16 18:35:24.235066+00:00,88,20,code,azure_2023
2023-11-16 18:35:24.235109+00:00,1211,10,code,azure_2023
2023-11-16 18:35:24.235555+00:00,1465,10,code,azure_2023
2023-11-16 18:35:24.245246+00:00,886,70,code,azure_2023
2023-11-16 18:35:24.334295+00:00,5756,15,code,azure_2023
2023-11-16 18:35:24.335618+00:00,1582,25,code,azure_2023
2023-11-16 18:35:24.434465+00:00,306,8,code,azure_2023
2023-11-16 18:35:24.774240+00:00,3593,7,code,azure_2023
2023-11-16 18:35:24.936090+00:00,1211,10,code,azure_2023
2023-11-16 18:35:25.037156+00:00,1910,10,code,azure_2023
2023-11-16 18:35:25.370035+00:00,1382,7,code,azure_2023
2023-11-16 18:35:25.662536+00:00,1745,16,code,azure_2023
2023-11-16 18:35:25.735702+00:00,5461,43,code,azure_2023
2023-11-16 18:35:25.834265+00:00,308,9,code,azure_2023
2023-11-16 18:35:25.834343+00:00,68,8,code,azure_2023
2023-11-16 18:35:26.240144+00:00,5898,10,code,azure_2023
2023-11-16 18:35:26.337010+00:00,1383,11,code,azure_2023
2023-11-16 18:35:26.450556+00:00,1474,21,code,azure_2023
2023-11-16 18:35:26.469374+00:00,81,13,code,azure_2023
2023-11-16 18:35:26.634269+00:00,2622,6,code,azure_2023
2023-11-16 18:35:26.657366+00:00,7434,14,code,azure_2023
2023-11-16 18:35:26.862596+00:00,1911,9,code,azure_2023
2023-11-16 18:35:26.937936+00:00,81,9,code,azure_2023
2023-11-16 18:35:27.038206+00:00,68,7,code,azure_2023
2023-11-16 18:35:27.363909+00:00,7437,34,code,azure_2023
2023-11-16 18:35:27.534136+00:00,2478,6,code,azure_2023
2023-11-16 18:35:27.534269+00:00,1585,17,code,azure_2023
2023-11-16 18:35:27.535657+00:00,3653,17,code,azure_2023
2023-11-16 18:35:27.543264+00:00,7434,11,code,azure_2023
2023-11-16 18:35:27.553042+00:00,1338,8,code,azure_2023
2023-11-16 18:35:27.673223+00:00,1385,13,code,azure_2023
2023-11-16 18:35:27.948788+00:00,3614,8,code,azure_2023
2023-11-16 18:35:28.196813+00:00,3195,89,code,azure_2023
2023-11-16 18:35:28.304217+00:00,1338,8,code,azure_2023
2023-11-16 18:35:28.357466+00:00,7434,12,code,azure_2023
2023-11-16 18:35:29.159332+00:00,84,10,code,azure_2023
2023-11-16 18:35:29.276600+00:00,6287,37,code,azure_2023
2023-11-16 18:35:29.334082+00:00,219,66,code,azure_2023
2023-11-16 18:35:29.334114+00:00,3615,8,code,azure_2023
2023-11-16 18:35:29.435107+00:00,3195,45,code,azure_2023
2023-11-16 18:35:29.580719+00:00,282,8,code,azure_2023
2023-11-16 18:35:29.603262+00:00,2065,108,code,azure_2023
2023-11-16 18:35:29.634169+00:00,1601,59,code,azure_2023
2023-11-16 18:35:30.034128+00:00,220,27,code,azure_2023
2023-11-16 18:35:30.164523+00:00,241,10,code,azure_2023
2023-11-16 18:35:30.234188+00:00,1592,12,code,azure_2023
2023-11-16 18:35:30.336047+00:00,543,6,code,azure_2023
2023-11-16 18:35:30.353630+00:00,221,14,code,azure_2023
2023-11-16 18:35:30.543853+00:00,1052,14,code,azure_2023
2023-11-16 18:35:30.585865+00:00,309,10,code,azure_2023
2023-11-16 18:35:30.763253+00:00,7436,35,code,azure_2023
2023-11-16 18:35:30.934189+00:00,220,15,code,azure_2023
2023-11-16 18:35:31.234515+00:00,3196,11,code,azure_2023
2023-11-16 18:35:31.236385+00:00,4437,7,code,azure_2023
2023-11-16 18:35:31.259095+00:00,86,13,code,azure_2023
2023-11-16 18:35:31.655996+00:00,63,9,code,azure_2023
2023-11-16 18:35:31.877812+00:00,310,7,code,azure_2023
2023-11-16 18:35:32.039240+00:00,5461,109,code,azure_2023
2023-11-16 18:35:32.134653+00:00,283,28,code,azure_2023
2023-11-16 18:35:32.234887+00:00,63,6,code,azure_2023
2023-11-16 18:35:32.249658+00:00,3197,8,code,azure_2023
2023-11-16 18:35:32.434388+00:00,370,23,code,azure_2023
2023-11-16 18:35:32.466019+00:00,220,46,code,azure_2023
2023-11-16 18:35:33.267354+00:00,2471,13,code,azure_2023
2023-11-16 18:35:33.734226+00:00,241,17,code,azure_2023
2023-11-16 18:35:33.738285+00:00,1774,7,code,azure_2023
2023-11-16 18:35:33.761532+00:00,3198,13,code,azure_2023
2023-11-16 18:35:33.834149+00:00,65,11,code,azure_2023
2023-11-16 18:35:33.936308+00:00,372,17,code,azure_2023
2023-11-16 18:35:34.034277+00:00,310,15,code,azure_2023
2023-11-16 18:35:34.043327+00:00,1621,32,code,azure_2023
2023-11-16 18:35:34.136126+00:00,1117,11,code,azure_2023
2023-11-16 18:35:34.136232+00:00,50,10,code,azure_2023
2023-11-16 18:35:34.235262+00:00,3198,10,code,azure_2023
2023-11-16 18:35:34.534182+00:00,7418,94,code,azure_2023
2023-11-16 18:35:34.536286+00:00,1726,8,code,azure_2023
2023-11-16 18:35:34.775455+00:00,50,10,code,azure_2023
2023-11-16 18:35:35.034406+00:00,7436,24,code,azure_2023
2023-11-16 18:35:35.138404+00:00,1039,7,code,azure_2023
2023-11-16 18:35:35.396546+00:00,1774,10,code,azure_2023
2023-11-16 18:35:35.475580+00:00,380,21,code,azure_2023
2023-11-16 18:35:35.486107+00:00,7434,8,code,azure_2023
2023-11-16 18:35:35.768326+00:00,311,10,code,azure_2023
2023-11-16 18:35:36.040008+00:00,7435,39,code,azure_2023
2023-11-16 18:35:36.040481+00:00,1727,23,code,azure_2023
2023-11-16 18:35:36.135128+00:00,1117,33,code,azure_2023
2023-11-16 18:35:36.135299+00:00,1040,6,code,azure_2023
2023-11-16 18:35:36.177670+00:00,62,21,code,azure_2023
2023-11-16 18:35:36.337096+00:00,227,53,code,azure_2023
2023-11-16 18:35:37.000965+00:00,6,12,code,azure_2023
2023-11-16 18:35:37.589033+00:00,7421,7,code,azure_2023
2023-11-16 18:35:37.638492+00:00,50,10,code,azure_2023
2023-11-16 18:35:37.638540+00:00,7,18,code,azure_2023
2023-11-16 18:35:37.757365+00:00,3200,7,code,azure_2023
2023-11-16 18:35:37.948037+00:00,1045,14,code,azure_2023
2023-11-16 18:35:38.140207+00:00,65,17,code,azure_2023
2023-11-16 18:35:38.235972+00:00,395,25,code,azure_2023
2023-11-16 18:35:38.334172+00:00,1617,632,code,azure_2023
2023-11-16 18:35:38.451529+00:00,7434,22,code,azure_2023
2023-11-16 18:35:38.473341+00:00,10,8,code,azure_2023
2023-11-16 18:35:38.693423+00:00,133,9,code,azure_2023
2023-11-16 18:35:39.563528+00:00,10,8,code,azure_2023
2023-11-16 18:35:39.698318+00:00,1623,25,code,azure_2023
2023-11-16 18:35:39.987552+00:00,1040,11,code,azure_2023
2023-11-16 18:35:52.159194+00:00,1346,48,code,azure_2023
2023-11-16 18:35:52.262424+00:00,44,14,code,azure_2023
2023-11-16 18:35:52.355792+00:00,1644,21,code,azure_2023
2023-11-16 18:35:52.357046+00:00,785,17,code,azure_2023
2023-11-16 18:35:52.358986+00:00,1524,6,code,azure_2023
2023-11-16 18:35:52.363188+00:00,2592,26,code,azure_2023
2023-11-16 18:35:52.364147+00:00,241,17,code,azure_2023
2023-11-16 18:35:52.368498+00:00,3319,69,code,azure_2023
2023-11-16 18:35:52.457073+00:00,3121,7,code,azure_2023
2023-11-16 18:35:52.458189+00:00,93,17,code,azure_2023
2023-11-16 18:35:52.461319+00:00,2691,14,code,azure_2023
2023-11-16 18:35:52.465885+00:00,59,7,code,azure_2023
2023-11-16 18:35:52.556679+00:00,1073,6,code,azure_2023
2023-11-16 18:35:53.055037+00:00,3543,8,code,azure_2023
2023-11-16 18:35:53.355609+00:00,786,7,code,azure_2023
2023-11-16 18:35:53.455215+00:00,538,9,code,azure_2023
2023-11-16 18:35:53.554861+00:00,96,6,code,azure_2023
2023-11-16 18:35:54.460863+00:00,1645,19,code,azure_2023
2023-11-16 18:35:54.461743+00:00,6541,14,code,azure_2023
2023-11-16 18:35:54.560683+00:00,539,11,code,azure_2023
2023-11-16 18:35:54.560923+00:00,2056,10,code,azure_2023
2023-11-16 18:35:54.563196+00:00,786,14,code,azure_2023
2023-11-16 18:35:54.563208+00:00,4397,6,code,azure_2023
2023-11-16 18:35:54.563238+00:00,573,33,code,azure_2023
2023-11-16 18:35:57.961673+00:00,3052,7,code,azure_2023
2023-11-16 18:35:58.961637+00:00,3181,10,code,azure_2023
2023-11-16 18:35:59.059525+00:00,1166,6,code,azure_2023
2023-11-16 18:35:59.061338+00:00,6542,15,code,azure_2023
2023-11-16 18:35:59.265927+00:00,108,11,code,azure_2023
2023-11-16 18:35:59.354466+00:00,835,301,code,azure_2023
2023-11-16 18:35:59.358152+00:00,1453,73,code,azure_2023
2023-11-16 18:35:59.360539+00:00,1704,84,code,azure_2023
2023-11-16 18:35:59.360618+00:00,1648,13,code,azure_2023
2023-11-16 18:35:59.368170+00:00,45,13,code,azure_2023
2023-11-16 18:35:59.453519+00:00,251,17,code,azure_2023
2023-11-16 18:35:59.453623+00:00,6542,11,code,azure_2023
2023-11-16 18:35:59.459094+00:00,1680,31,code,azure_2023
2023-11-16 18:35:59.559391+00:00,1411,8,code,azure_2023
2023-11-16 18:35:59.560739+00:00,100,32,code,azure_2023
2023-11-16 18:35:59.565332+00:00,1897,13,code,azure_2023
2023-11-16 18:35:59.565600+00:00,701,7,code,azure_2023
2023-11-16 18:35:59.655706+00:00,3075,8,code,azure_2023
2023-11-16 18:35:59.657933+00:00,1707,8,code,azure_2023
2023-11-16 18:35:59.658135+00:00,108,9,code,azure_2023
2023-11-16 18:35:59.659594+00:00,55,7,code,azure_2023
2023-11-16 18:35:59.660314+00:00,4504,192,code,azure_2023
2023-11-16 18:35:59.661972+00:00,1682,6,code,azure_2023
2023-11-16 18:35:59.756948+00:00,251,25,code,azure_2023
2023-11-16 18:35:59.860278+00:00,1084,9,code,azure_2023
2023-11-16 18:35:59.861125+00:00,2377,6,code,azure_2023
2023-11-16 18:35:59.963581+00:00,3324,9,code,azure_2023
2023-11-16 18:35:59.963711+00:00,5866,13,code,azure_2023
2023-11-16 18:36:00.059093+00:00,735,21,code,azure_2023
2023-11-16 18:36:00.367444+00:00,702,27,code,azure_2023
2023-11-16 18:36:00.522133+00:00,695,6,code,azure_2023
2023-11-16 18:36:00.522145+00:00,1323,10,code,azure_2023
2023-11-16 18:36:00.522985+00:00,93,9,code,azure_2023
2023-11-16 18:36:00.561484+00:00,3009,7,code,azure_2023
2023-11-16 18:36:00.567406+00:00,548,19,code,azure_2023
2023-11-16 18:36:00.618227+00:00,2039,9,code,azure_2023
2023-11-16 18:36:00.666067+00:00,1806,12,code,azure_2023
2023-11-16 18:36:00.714514+00:00,696,6,code,azure_2023
2023-11-16 18:36:00.715568+00:00,555,15,code,azure_2023
2023-11-16 18:36:00.723079+00:00,7436,11,code,azure_2023
2023-11-16 18:36:00.724119+00:00,2775,15,code,azure_2023
2023-11-16 18:36:00.762312+00:00,175,13,code,azure_2023
2023-11-16 18:36:00.863757+00:00,1060,9,code,azure_2023
2023-11-16 18:36:00.923319+00:00,2412,12,code,azure_2023
2023-11-16 18:36:00.924463+00:00,880,12,code,azure_2023
2023-11-16 18:36:01.020167+00:00,2039,18,code,azure_2023
2023-11-16 18:36:01.020262+00:00,340,19,code,azure_2023
2023-11-16 18:36:01.021170+00:00,4747,11,code,azure_2023
2023-11-16 18:36:01.062238+00:00,2772,14,code,azure_2023
2023-11-16 18:36:01.116693+00:00,2524,37,code,azure_2023
2023-11-16 18:36:01.117697+00:00,2484,6,code,azure_2023
2023-11-16 18:36:01.117777+00:00,77,14,code,azure_2023
2023-11-16 18:36:01.117919+00:00,1343,6,code,azure_2023
2023-11-16 18:36:01.263038+00:00,57,9,code,azure_2023
2023-11-16 18:36:01.363341+00:00,281,7,code,azure_2023
2023-11-16 18:36:01.365461+00:00,176,13,code,azure_2023
2023-11-16 18:36:01.467736+00:00,2096,8,code,azure_2023
2023-11-16 18:36:01.514620+00:00,2039,8,code,azure_2023
2023-11-16 18:36:01.514660+00:00,3051,20,code,azure_2023
2023-11-16 18:36:01.524404+00:00,2957,36,code,azure_2023
2023-11-16 18:36:01.564930+00:00,281,7,code,azure_2023
2023-11-16 18:36:01.764857+00:00,3009,15,code,azure_2023
2023-11-16 18:36:01.767049+00:00,1807,13,code,azure_2023
2023-11-16 18:36:01.965057+00:00,41,14,code,azure_2023
2023-11-16 18:36:02.061806+00:00,3318,7,code,azure_2023
2023-11-16 18:36:02.163749+00:00,193,17,code,azure_2023
2023-11-16 18:36:02.168772+00:00,176,97,code,azure_2023
2023-11-16 18:36:02.259999+00:00,1205,40,code,azure_2023
2023-11-16 18:36:02.363987+00:00,44,12,code,azure_2023
2023-11-16 18:36:02.367916+00:00,59,6,code,azure_2023
2023-11-16 18:36:02.368731+00:00,1210,7,code,azure_2023
2023-11-16 18:36:02.558794+00:00,332,262,code,azure_2023
2023-11-16 18:36:02.569204+00:00,1529,19,code,azure_2023
2023-11-16 18:36:02.617399+00:00,695,8,code,azure_2023
2023-11-16 18:36:02.620599+00:00,7436,130,code,azure_2023
2023-11-16 18:36:02.625150+00:00,85,76,code,azure_2023
2023-11-16 18:36:02.763181+00:00,7437,21,code,azure_2023
2023-11-16 18:36:02.763932+00:00,196,12,code,azure_2023
2023-11-16 18:36:02.765796+00:00,2704,22,code,azure_2023
2023-11-16 18:36:02.766953+00:00,739,18,code,azure_2023
2023-11-16 18:36:02.861411+00:00,1901,14,code,azure_2023
2023-11-16 18:36:02.861630+00:00,3004,8,code,azure_2023
2023-11-16 18:36:03.160735+00:00,770,28,code,azure_2023
2023-11-16 18:36:03.173850+00:00,7436,14,code,azure_2023
2023-11-16 18:36:03.520750+00:00,1344,13,code,azure_2023
2023-11-16 18:36:03.620995+00:00,1512,16,code,azure_2023
2023-11-16 18:36:03.621067+00:00,78,11,code,azure_2023
2023-11-16 18:36:03.621124+00:00,99,12,code,azure_2023
2023-11-16 18:36:03.623489+00:00,1323,10,code,azure_2023
2023-11-16 18:36:03.623575+00:00,488,9,code,azure_2023
2023-11-16 18:36:03.719609+00:00,491,12,code,azure_2023
2023-11-16 18:36:03.759046+00:00,1414,7,code,azure_2023
2023-11-16 18:36:03.762824+00:00,1903,20,code,azure_2023
2023-11-16 18:36:03.821373+00:00,4748,65,code,azure_2023
2023-11-16 18:36:03.863705+00:00,397,73,code,azure_2023
2023-11-16 18:36:03.863786+00:00,48,18,code,azure_2023
2023-11-16 18:36:03.865629+00:00,774,13,code,azure_2023
2023-11-16 18:36:03.958676+00:00,2097,8,code,azure_2023
2023-11-16 18:36:03.961297+00:00,1622,18,code,azure_2023
2023-11-16 18:36:03.963493+00:00,913,20,code,azure_2023
2023-11-16 18:36:04.616832+00:00,3585,24,code,azure_2023
2023-11-16 18:36:04.617013+00:00,963,7,code,azure_2023
2023-11-16 18:36:04.617995+00:00,959,26,code,azure_2023
2023-11-16 18:36:04.624988+00:00,2848,9,code,azure_2023
2023-11-16 18:36:04.919292+00:00,7436,115,code,azure_2023
2023-11-16 18:36:05.016630+00:00,2067,9,code,azure_2023
2023-11-16 18:36:05.116519+00:00,2960,31,code,azure_2023
2023-11-16 18:36:05.217318+00:00,495,11,code,azure_2023
2023-11-16 18:36:05.217460+00:00,2117,8,code,azure_2023
2023-11-16 18:36:05.221263+00:00,1370,17,code,azure_2023
2023-11-16 18:36:05.321133+00:00,3640,9,code,azure_2023
2023-11-16 18:36:05.321200+00:00,2485,95,code,azure_2023
2023-11-16 18:36:05.419185+00:00,2048,135,code,azure_2023
2023-11-16 18:36:05.419333+00:00,2116,8,code,azure_2023
2023-11-16 18:36:05.420138+00:00,2047,99,code,azure_2023
2023-11-16 18:36:05.423891+00:00,555,15,code,azure_2023
2023-11-16 18:36:05.616737+00:00,754,9,code,azure_2023
2023-11-16 18:36:05.617916+00:00,493,67,code,azure_2023
2023-11-16 18:36:05.720170+00:00,4942,10,code,azure_2023
2023-11-16 18:36:05.720259+00:00,1058,155,code,azure_2023
2023-11-16 18:36:05.722094+00:00,884,27,code,azure_2023
2023-11-16 18:36:05.724145+00:00,85,11,code,azure_2023
2023-11-16 18:36:05.724324+00:00,2116,14,code,azure_2023
2023-11-16 18:36:05.815067+00:00,1323,16,code,azure_2023
2023-11-16 18:36:05.821060+00:00,2486,15,code,azure_2023
2023-11-16 18:36:05.914947+00:00,2850,9,code,azure_2023
2023-11-16 18:36:05.917736+00:00,7436,145,code,azure_2023
2023-11-16 18:36:09.621372+00:00,963,23,code,azure_2023
2023-11-16 18:36:09.622942+00:00,1324,21,code,azure_2023
2023-11-16 18:36:09.623075+00:00,493,67,code,azure_2023
2023-11-16 18:36:09.623186+00:00,993,8,code,azure_2023
2023-11-16 18:36:09.720535+00:00,966,23,code,azure_2023
2023-11-16 18:36:39.434201+00:00,62,14,code,azure_2023
2023-11-16 18:36:39.436091+00:00,901,7,code,azure_2023
2023-11-16 18:36:39.538311+00:00,3544,14,code,azure_2023
2023-11-16 18:36:39.677263+00:00,76,9,code,azure_2023
2023-11-16 18:36:39.736174+00:00,589,36,code,azure_2023
2023-11-16 18:36:40.053268+00:00,778,38,code,azure_2023
2023-11-16 18:36:40.140834+00:00,904,7,code,azure_2023
2023-11-16 18:36:40.155476+00:00,1664,10,code,azure_2023
2023-11-16 18:36:40.234385+00:00,2503,12,code,azure_2023
2023-11-16 18:36:40.334195+00:00,7436,12,code,azure_2023
2023-11-16 18:36:40.334415+00:00,960,9,code,azure_2023
2023-11-16 18:36:40.341588+00:00,76,16,code,azure_2023
2023-11-16 18:36:40.353440+00:00,6159,12,code,azure_2023
2023-11-16 18:36:40.357529+00:00,1632,12,code,azure_2023
2023-11-16 18:36:40.434438+00:00,1042,10,code,azure_2023
2023-11-16 18:36:40.453237+00:00,904,16,code,azure_2023
2023-11-16 18:36:40.554530+00:00,500,40,code,azure_2023
2023-11-16 18:36:40.649517+00:00,308,8,code,azure_2023
2023-11-16 18:36:40.679198+00:00,331,13,code,azure_2023
2023-11-16 18:36:40.740158+00:00,334,61,code,azure_2023
2023-11-16 18:36:40.936129+00:00,348,12,code,azure_2023
2023-11-16 18:36:40.942178+00:00,1544,7,code,azure_2023
2023-11-16 18:36:40.942202+00:00,1155,14,code,azure_2023
2023-11-16 18:36:40.977757+00:00,956,175,code,azure_2023
2023-11-16 18:36:41.036983+00:00,3495,10,code,azure_2023
2023-11-16 18:36:41.037836+00:00,3543,13,code,azure_2023
2023-11-16 18:36:41.137049+00:00,591,51,code,azure_2023
2023-11-16 18:36:41.153324+00:00,92,14,code,azure_2023
2023-11-16 18:36:41.334231+00:00,81,32,code,azure_2023
2023-11-16 18:36:41.340116+00:00,2090,54,code,azure_2023
2023-11-16 18:36:41.340950+00:00,1860,9,code,azure_2023
2023-11-16 18:36:41.548806+00:00,2400,6,code,azure_2023
2023-11-16 18:36:41.635098+00:00,2806,6,code,azure_2023
2023-11-16 18:36:41.680011+00:00,843,36,code,azure_2023
2023-11-16 18:36:41.793992+00:00,1663,72,code,azure_2023
2023-11-16 18:36:41.821699+00:00,2800,6,code,azure_2023
2023-11-16 18:36:41.856464+00:00,1745,9,code,azure_2023
2023-11-16 18:36:41.856480+00:00,2527,15,code,azure_2023
2023-11-16 18:36:42.153305+00:00,1161,8,code,azure_2023
2023-11-16 18:36:42.254005+00:00,1633,27,code,azure_2023
2023-11-16 18:36:42.420127+00:00,2805,7,code,azure_2023
2023-11-16 18:36:42.534271+00:00,2071,8,code,azure_2023
2023-11-16 18:36:42.703840+00:00,1746,23,code,azure_2023
2023-11-16 18:36:42.753210+00:00,1633,13,code,azure_2023
2023-11-16 18:36:42.760108+00:00,336,11,code,azure_2023
2023-11-16 18:36:42.941338+00:00,3360,130,code,azure_2023
2023-11-16 18:36:42.942392+00:00,7427,13,code,azure_2023
2023-11-16 18:36:43.234273+00:00,1036,18,code,azure_2023
2023-11-16 18:36:43.334390+00:00,68,10,code,azure_2023
2023-11-16 18:36:43.336883+00:00,2072,7,code,azure_2023
2023-11-16 18:36:43.534224+00:00,1203,15,code,azure_2023
2023-11-16 18:36:43.662146+00:00,2072,14,code,azure_2023
2023-11-16 18:36:43.797374+00:00,2733,14,code,azure_2023
2023-11-16 18:36:43.865077+00:00,1864,7,code,azure_2023
2023-11-16 18:36:44.041127+00:00,3414,52,code,azure_2023
2023-11-16 18:36:44.041150+00:00,81,24,code,azure_2023
2023-11-16 18:36:44.134166+00:00,1793,13,code,azure_2023
2023-11-16 18:36:44.134369+00:00,596,33,code,azure_2023
2023-11-16 18:36:44.290524+00:00,7429,15,code,azure_2023
2023-11-16 18:36:44.364212+00:00,2131,18,code,azure_2023
2023-11-16 18:36:44.590221+00:00,1043,7,code,azure_2023
2023-11-16 18:36:44.834180+00:00,7436,9,code,azure_2023
2023-11-16 18:36:44.835091+00:00,2407,13,code,azure_2023
2023-11-16 18:36:44.934230+00:00,1021,16,code,azure_2023
2023-11-16 18:36:45.766733+00:00,4648,10,code,azure_2023
2023-11-16 18:36:45.859618+00:00,2810,32,code,azure_2023
2023-11-16 18:36:45.861397+00:00,190,13,code,azure_2023
2023-11-16 18:36:45.879581+00:00,2762,9,code,azure_2023
2023-11-16 18:36:46.040346+00:00,1039,11,code,azure_2023
2023-11-16 18:36:46.059020+00:00,1146,6,code,azure_2023
2023-11-16 18:36:46.061789+00:00,442,10,code,azure_2023
2023-11-16 18:36:46.134373+00:00,601,26,code,azure_2023
2023-11-16 18:36:46.243772+00:00,910,61,code,azure_2023
2023-11-16 18:36:46.259137+00:00,169,9,code,azure_2023
2023-11-16 18:36:46.273453+00:00,3910,19,code,azure_2023
2023-11-16 18:36:46.460072+00:00,4317,10,code,azure_2023
2023-11-16 18:36:46.505037+00:00,1210,18,code,azure_2023
2023-11-16 18:36:46.559840+00:00,6743,15,code,azure_2023
2023-11-16 18:36:46.587874+00:00,1142,22,code,azure_2023
2023-11-16 18:36:46.659358+00:00,7436,6,code,azure_2023
2023-11-16 18:36:46.668477+00:00,1260,8,code,azure_2023
2023-11-16 18:36:46.679570+00:00,912,8,code,azure_2023
2023-11-16 18:36:46.760637+00:00,5844,12,code,azure_2023
2023-11-16 18:36:46.760704+00:00,448,12,code,azure_2023
2023-11-16 18:36:46.760850+00:00,592,6,code,azure_2023
2023-11-16 18:36:46.760878+00:00,1691,7,code,azure_2023
2023-11-16 18:36:46.834305+00:00,88,20,code,azure_2023
2023-11-16 18:36:46.859898+00:00,175,132,code,azure_2023
2023-11-16 18:36:46.965578+00:00,1699,17,code,azure_2023
2023-11-16 18:36:46.965837+00:00,4244,55,code,azure_2023
2023-11-16 18:36:47.034183+00:00,1943,7,code,azure_2023
2023-11-16 18:36:47.041504+00:00,2093,62,code,azure_2023
2023-11-16 18:36:47.086628+00:00,1142,22,code,azure_2023
2023-11-16 18:36:47.464629+00:00,190,100,code,azure_2023
2023-11-16 18:36:47.534261+00:00,6320,20,code,azure_2023
2023-11-16 18:36:47.535723+00:00,380,16,code,azure_2023
2023-11-16 18:36:47.564516+00:00,1635,34,code,azure_2023
2023-11-16 18:36:47.638440+00:00,3910,19,code,azure_2023
2023-11-16 18:36:47.853237+00:00,2808,121,code,azure_2023
2023-11-16 18:36:47.859570+00:00,1254,13,code,azure_2023
2023-11-16 18:36:47.934150+00:00,2764,11,code,azure_2023
2023-11-16 18:36:47.959546+00:00,1261,7,code,azure_2023
2023-11-16 18:36:47.963856+00:00,536,8,code,azure_2023
2023-11-16 18:36:48.013379+00:00,3409,72,code,azure_2023
2023-11-16 18:36:48.034149+00:00,6646,30,code,azure_2023
2023-11-16 18:36:48.038436+00:00,914,7,code,azure_2023
2023-11-16 18:36:48.160541+00:00,4675,6,code,azure_2023
2023-11-16 18:36:48.248522+00:00,2410,10,code,azure_2023
2023-11-16 18:36:48.249653+00:00,93,33,code,azure_2023
2023-11-16 18:36:48.259040+00:00,7436,21,code,azure_2023
2023-11-16 18:36:48.334193+00:00,2734,14,code,azure_2023
2023-11-16 18:36:48.355437+00:00,914,7,code,azure_2023
2023-11-16 18:36:48.372907+00:00,1143,22,code,azure_2023
2023-11-16 18:36:48.434284+00:00,2501,15,code,azure_2023
2023-11-16 18:36:48.498124+00:00,2141,7,code,azure_2023
2023-11-16 18:36:48.498253+00:00,4625,9,code,azure_2023
2023-11-16 18:36:48.864032+00:00,2141,8,code,azure_2023
2023-11-16 18:36:48.864277+00:00,592,6,code,azure_2023
2023-11-16 18:36:48.959444+00:00,745,21,code,azure_2023
2023-11-16 18:36:48.966616+00:00,4675,7,code,azure_2023
2023-11-16 18:36:49.061702+00:00,1261,11,code,azure_2023
2023-11-16 18:36:49.061863+00:00,805,25,code,azure_2023
2023-11-16 18:36:49.158991+00:00,6040,14,code,azure_2023
2023-11-16 18:36:49.261869+00:00,190,46,code,azure_2023
2023-11-16 18:36:49.261876+00:00,1255,7,code,azure_2023
2023-11-16 18:36:49.263188+00:00,439,11,code,azure_2023
2023-11-16 18:36:49.373605+00:00,819,11,code,azure_2023
2023-11-16 18:36:49.459619+00:00,1765,13,code,azure_2023
2023-11-16 18:36:49.575123+00:00,276,16,code,azure_2023
2023-11-16 18:36:49.760650+00:00,1145,37,code,azure_2023
2023-11-16 18:36:49.966405+00:00,191,57,code,azure_2023
2023-11-16 18:36:50.059703+00:00,4244,124,code,azure_2023
2023-11-16 18:36:50.159313+00:00,1765,16,code,azure_2023
2023-11-16 18:36:50.276036+00:00,23,15,code,azure_2023
2023-11-16 18:36:50.563871+00:00,222,11,code,azure_2023
2023-11-16 18:36:50.580591+00:00,1262,7,code,azure_2023
2023-11-16 18:36:50.582771+00:00,591,6,code,azure_2023
2023-11-16 18:36:50.660604+00:00,821,6,code,azure_2023
2023-11-16 18:36:50.696976+00:00,7436,9,code,azure_2023
2023-11-16 18:36:50.759482+00:00,1636,39,code,azure_2023
2023-11-16 18:36:50.859737+00:00,191,20,code,azure_2023
2023-11-16 18:36:51.165414+00:00,5921,28,code,azure_2023
2023-11-16 18:36:51.165495+00:00,4624,6,code,azure_2023
2023-11-16 18:36:51.165735+00:00,4023,14,code,azure_2023
2023-11-16 18:36:51.259100+00:00,4319,13,code,azure_2023
2023-11-16 18:36:51.262150+00:00,4141,26,code,azure_2023
2023-11-16 18:36:51.625791+00:00,4677,7,code,azure_2023
2023-11-16 18:36:51.759015+00:00,2699,12,code,azure_2023
2023-11-16 18:36:51.859102+00:00,1586,6,code,azure_2023
2023-11-16 18:36:51.871501+00:00,836,7,code,azure_2023
2023-11-16 18:36:51.877119+00:00,191,31,code,azure_2023
2023-11-16 18:36:52.163507+00:00,753,8,code,azure_2023
2023-11-16 18:36:52.307154+00:00,4141,6,code,azure_2023
2023-11-16 18:36:52.307628+00:00,4026,19,code,azure_2023
2023-11-16 18:36:52.359106+00:00,2229,8,code,azure_2023
2023-11-16 18:36:52.461090+00:00,6041,14,code,azure_2023
2023-11-16 18:36:52.463320+00:00,391,52,code,azure_2023
2023-11-16 18:36:52.474107+00:00,23,30,code,azure_2023
2023-11-16 18:36:52.664025+00:00,819,7,code,azure_2023
2023-11-16 18:36:52.759906+00:00,7435,26,code,azure_2023
2023-11-16 18:36:52.762033+00:00,1261,11,code,azure_2023
2023-11-16 18:36:52.864156+00:00,1460,33,code,azure_2023
2023-11-16 18:36:52.871183+00:00,4678,6,code,azure_2023
2023-11-16 18:36:52.966219+00:00,1761,43,code,azure_2023
2023-11-16 18:36:53.059754+00:00,4026,8,code,azure_2023
2023-11-16 18:36:53.060430+00:00,192,55,code,azure_2023
2023-11-16 18:36:53.060683+00:00,383,7,code,azure_2023
2023-11-16 18:36:53.160313+00:00,820,6,code,azure_2023
2023-11-16 18:36:53.263092+00:00,5636,13,code,azure_2023
2023-11-16 18:36:53.263466+00:00,847,15,code,azure_2023
2023-11-16 18:36:53.411209+00:00,4320,7,code,azure_2023
2023-11-16 18:36:53.478760+00:00,834,7,code,azure_2023
2023-11-16 18:36:53.500321+00:00,1636,15,code,azure_2023
2023-11-16 18:36:53.679976+00:00,4677,8,code,azure_2023
2023-11-16 18:36:53.679983+00:00,71,9,code,azure_2023
2023-11-16 18:36:53.871766+00:00,4028,7,code,azure_2023
2023-11-16 18:36:53.959278+00:00,593,6,code,azure_2023
2023-11-16 18:36:54.060775+00:00,4572,16,code,azure_2023
2023-11-16 18:36:54.064770+00:00,446,7,code,azure_2023
2023-11-16 18:36:54.165560+00:00,880,47,code,azure_2023
2023-11-16 18:36:54.190706+00:00,4428,31,code,azure_2023
2023-11-16 18:36:54.259619+00:00,1460,16,code,azure_2023
2023-11-16 18:36:54.268281+00:00,627,13,code,azure_2023
2023-11-16 18:36:54.284257+00:00,4319,8,code,azure_2023
2023-11-16 18:36:54.294942+00:00,2704,22,code,azure_2023
2023-11-16 18:36:54.359851+00:00,288,8,code,azure_2023
2023-11-16 18:36:54.359939+00:00,1262,10,code,azure_2023
2023-11-16 18:36:54.459460+00:00,6040,28,code,azure_2023
2023-11-16 18:36:54.464027+00:00,592,9,code,azure_2023
2023-11-16 18:36:54.660185+00:00,2415,666,code,azure_2023
2023-11-16 18:36:54.764282+00:00,835,6,code,azure_2023
2023-11-16 18:36:54.859751+00:00,71,7,code,azure_2023
2023-11-16 18:36:54.960129+00:00,44,10,code,azure_2023
2023-11-16 18:36:54.968927+00:00,3295,6,code,azure_2023
2023-11-16 18:36:55.063695+00:00,4320,7,code,azure_2023
2023-11-16 18:36:55.161583+00:00,627,17,code,azure_2023
2023-11-16 18:36:55.359189+00:00,447,12,code,azure_2023
2023-11-16 18:36:55.559981+00:00,4628,59,code,azure_2023
2023-11-16 18:36:55.571029+00:00,72,11,code,azure_2023
2023-11-16 18:36:55.663252+00:00,1462,7,code,azure_2023
2023-11-16 18:36:55.761114+00:00,290,7,code,azure_2023
2023-11-16 18:36:55.859976+00:00,1766,52,code,azure_2023
2023-11-16 18:36:55.960046+00:00,4247,25,code,azure_2023
2023-11-16 18:36:56.060876+00:00,293,12,code,azure_2023
2023-11-16 18:36:56.061299+00:00,4679,10,code,azure_2023
2023-11-16 18:36:56.163174+00:00,885,28,code,azure_2023
2023-11-16 18:36:56.282677+00:00,743,7,code,azure_2023
2023-11-16 18:36:56.370727+00:00,44,7,code,azure_2023
2023-11-16 18:36:56.459918+00:00,1635,7,code,azure_2023
2023-11-16 18:36:56.459941+00:00,2714,9,code,azure_2023
2023-11-16 18:36:56.460075+00:00,4679,13,code,azure_2023
2023-11-16 18:36:56.465940+00:00,869,7,code,azure_2023
2023-11-16 18:36:56.600348+00:00,5847,7,code,azure_2023
2023-11-16 18:36:56.768315+00:00,169,8,code,azure_2023
2023-11-16 18:36:57.065374+00:00,5881,15,code,azure_2023
2023-11-16 18:36:57.159985+00:00,177,8,code,azure_2023
2023-11-16 18:36:57.344173+00:00,1623,16,code,azure_2023
2023-11-16 18:36:57.361842+00:00,4034,13,code,azure_2023
2023-11-16 18:36:57.395018+00:00,751,7,code,azure_2023
2023-11-16 18:36:57.713431+00:00,5847,9,code,azure_2023
2023-11-16 18:36:57.772208+00:00,45,11,code,azure_2023
2023-11-16 18:36:57.858971+00:00,67,13,code,azure_2023
2023-11-16 18:36:57.959133+00:00,1463,52,code,azure_2023
2023-11-16 18:36:58.059261+00:00,821,13,code,azure_2023
2023-11-16 18:36:58.088278+00:00,72,13,code,azure_2023
2023-11-16 18:36:58.088284+00:00,291,22,code,azure_2023
2023-11-16 18:36:58.088292+00:00,4320,31,code,azure_2023
2023-11-16 18:36:58.183450+00:00,4679,9,code,azure_2023
2023-11-16 18:36:58.259937+00:00,2016,13,code,azure_2023
2023-11-16 18:36:58.260058+00:00,7437,28,code,azure_2023
2023-11-16 18:36:58.365658+00:00,593,6,code,azure_2023
2023-11-16 18:36:58.461808+00:00,1638,26,code,azure_2023
2023-11-16 18:36:58.559890+00:00,821,9,code,azure_2023
2023-11-16 18:36:58.659565+00:00,4680,9,code,azure_2023
2023-11-16 18:36:58.762247+00:00,293,11,code,azure_2023
2023-11-16 18:36:59.064854+00:00,4036,13,code,azure_2023
2023-11-16 18:36:59.259301+00:00,155,11,code,azure_2023
2023-11-16 18:36:59.359615+00:00,234,94,code,azure_2023
2023-11-16 18:36:59.586257+00:00,114,106,code,azure_2023
2023-11-16 18:36:59.693236+00:00,228,10,code,azure_2023
2023-11-16 18:36:59.705283+00:00,170,9,code,azure_2023
2023-11-16 18:36:59.759438+00:00,941,7,code,azure_2023
2023-11-16 18:36:59.860074+00:00,494,9,code,azure_2023
2023-11-16 18:36:59.861743+00:00,4683,10,code,azure_2023
2023-11-16 18:37:00.166795+00:00,1879,12,code,azure_2023
2023-11-16 18:37:00.166868+00:00,143,56,code,azure_2023
2023-11-16 18:37:00.259684+00:00,629,17,code,azure_2023
2023-11-16 18:37:00.273281+00:00,228,6,code,azure_2023
2023-11-16 18:37:00.273309+00:00,940,8,code,azure_2023
2023-11-16 18:37:00.359651+00:00,4682,7,code,azure_2023
2023-11-16 18:37:00.395784+00:00,2016,18,code,azure_2023
2023-11-16 18:37:00.621302+00:00,4251,93,code,azure_2023
2023-11-16 18:37:00.759252+00:00,754,22,code,azure_2023
2023-11-16 18:37:00.759386+00:00,822,14,code,azure_2023
2023-11-16 18:37:00.770417+00:00,447,9,code,azure_2023
2023-11-16 18:37:00.865121+00:00,1771,235,code,azure_2023
2023-11-16 18:37:01.127942+00:00,4572,13,code,azure_2023
2023-11-16 18:37:01.294354+00:00,4681,12,code,azure_2023
2023-11-16 18:37:01.371298+00:00,887,47,code,azure_2023
2023-11-16 18:37:01.459830+00:00,195,13,code,azure_2023
2023-11-16 18:37:01.463118+00:00,719,86,code,azure_2023
2023-11-16 18:37:01.594543+00:00,1644,9,code,azure_2023
2023-11-16 18:37:01.689822+00:00,609,87,code,azure_2023
2023-11-16 18:37:01.885257+00:00,2468,30,code,azure_2023
2023-11-16 18:37:01.978327+00:00,4574,10,code,azure_2023
2023-11-16 18:37:02.063155+00:00,195,47,code,azure_2023
2023-11-16 18:37:02.071814+00:00,1363,12,code,azure_2023
2023-11-16 18:37:02.161101+00:00,4680,11,code,azure_2023
2023-11-16 18:37:02.260265+00:00,82,15,code,azure_2023
2023-11-16 18:37:02.459513+00:00,195,25,code,azure_2023
2023-11-16 18:37:02.479060+00:00,2854,7,code,azure_2023
2023-11-16 18:37:02.483142+00:00,5578,27,code,azure_2023
2023-11-16 18:37:02.552354+00:00,292,18,code,azure_2023
2023-11-16 18:37:02.659473+00:00,634,12,code,azure_2023
2023-11-16 18:37:02.782523+00:00,2085,10,code,azure_2023
2023-11-16 18:37:02.885242+00:00,2056,6,code,azure_2023
2023-11-16 18:37:02.983485+00:00,2915,31,code,azure_2023
2023-11-16 18:37:02.984382+00:00,2354,9,code,azure_2023
2023-11-16 18:37:02.986517+00:00,7436,8,code,azure_2023
2023-11-16 18:37:02.988508+00:00,6072,74,code,azure_2023
2023-11-16 18:37:03.080220+00:00,2388,12,code,azure_2023
2023-11-16 18:37:03.080363+00:00,1095,11,code,azure_2023
2023-11-16 18:37:03.081223+00:00,2056,24,code,azure_2023
2023-11-16 18:37:08.482290+00:00,940,6,code,azure_2023
2023-11-16 18:37:08.879256+00:00,457,14,code,azure_2023
2023-11-16 18:37:08.880331+00:00,751,9,code,azure_2023
2023-11-16 18:37:08.883227+00:00,2554,27,code,azure_2023
2023-11-16 18:37:08.983754+00:00,907,16,code,azure_2023
2023-11-16 18:37:08.988779+00:00,6077,39,code,azure_2023
2023-11-16 18:37:08.988871+00:00,7435,10,code,azure_2023
2023-11-16 18:37:09.080085+00:00,370,27,code,azure_2023
2023-11-16 18:37:09.177753+00:00,965,11,code,azure_2023
2023-11-16 18:37:09.279795+00:00,4992,14,code,azure_2023
2023-11-16 18:37:09.280721+00:00,4992,15,code,azure_2023
2023-11-16 18:37:09.379323+00:00,909,8,code,azure_2023
2023-11-16 18:37:09.487505+00:00,210,16,code,azure_2023
2023-11-16 18:37:09.487611+00:00,686,11,code,azure_2023
2023-11-16 18:37:09.578551+00:00,59,23,code,azure_2023
2023-11-16 18:37:09.579418+00:00,2018,11,code,azure_2023
2023-11-16 18:37:09.582732+00:00,871,13,code,azure_2023
2023-11-16 18:37:09.582770+00:00,2461,15,code,azure_2023
2023-11-16 18:37:09.582843+00:00,2570,18,code,azure_2023
2023-11-16 18:37:09.582849+00:00,1912,7,code,azure_2023
2023-11-16 18:37:09.684253+00:00,59,52,code,azure_2023
2023-11-16 18:37:09.689530+00:00,116,103,code,azure_2023
2023-11-16 18:37:09.977405+00:00,87,6,code,azure_2023
2023-11-16 18:37:09.981491+00:00,1912,14,code,azure_2023
2023-11-16 18:37:09.981564+00:00,2558,11,code,azure_2023
2023-11-16 18:37:09.982920+00:00,6077,37,code,azure_2023
2023-11-16 18:37:09.985058+00:00,2570,12,code,azure_2023
2023-11-16 18:37:10.077890+00:00,859,16,code,azure_2023
2023-11-16 18:37:10.181269+00:00,908,25,code,azure_2023
2023-11-16 18:37:10.183258+00:00,325,12,code,azure_2023
2023-11-16 18:37:10.187573+00:00,908,21,code,azure_2023
2023-11-16 18:37:10.282077+00:00,1907,16,code,azure_2023
2023-11-16 18:37:11.383010+00:00,907,16,code,azure_2023
2023-11-16 18:37:11.486248+00:00,6078,26,code,azure_2023
2023-11-16 18:37:11.489342+00:00,59,18,code,azure_2023
2023-11-16 18:37:12.382378+00:00,909,18,code,azure_2023
2023-11-16 18:37:12.389609+00:00,1897,16,code,azure_2023
2023-11-16 18:37:12.678230+00:00,857,6,code,azure_2023
2023-11-16 18:37:12.782079+00:00,4995,44,code,azure_2023
2023-11-16 18:37:12.783482+00:00,62,103,code,azure_2023
2023-11-16 18:37:13.387552+00:00,2235,8,code,azure_2023
2023-11-16 18:37:13.484652+00:00,4332,9,code,azure_2023
2023-11-16 18:37:13.582606+00:00,7429,23,code,azure_2023
2023-11-16 18:37:13.589213+00:00,2177,11,code,azure_2023
2023-11-16 18:37:14.388698+00:00,6362,43,code,azure_2023
2023-11-16 18:37:14.388779+00:00,172,14,code,azure_2023
2023-11-16 18:37:14.477823+00:00,545,29,code,azure_2023
2023-11-16 18:37:14.477954+00:00,909,7,code,azure_2023
2023-11-16 18:37:14.482180+00:00,1897,13,code,azure_2023
2023-11-16 18:37:14.482349+00:00,3767,224,code,azure_2023
2023-11-16 18:37:14.484780+00:00,6077,6,code,azure_2023
2023-11-16 18:37:14.484818+00:00,541,41,code,azure_2023
2023-11-16 18:37:14.577905+00:00,1690,28,code,azure_2023
2023-11-16 18:37:14.581273+00:00,7427,20,code,azure_2023
2023-11-16 18:37:14.588470+00:00,681,12,code,azure_2023
2023-11-16 18:37:14.589470+00:00,402,51,code,azure_2023
2023-11-16 18:37:14.678029+00:00,2468,10,code,azure_2023
2023-11-16 18:37:14.682427+00:00,691,10,code,azure_2023
2023-11-16 18:37:14.683553+00:00,1820,9,code,azure_2023
2023-11-16 18:37:14.683660+00:00,957,43,code,azure_2023
2023-11-16 18:37:14.684825+00:00,6078,31,code,azure_2023
2023-11-16 18:37:14.778101+00:00,1690,15,code,azure_2023
2023-11-16 18:37:14.787186+00:00,545,20,code,azure_2023
2023-11-16 18:37:14.788033+00:00,1544,27,code,azure_2023
2023-11-16 18:37:14.789069+00:00,7435,13,code,azure_2023
2023-11-16 18:37:14.881073+00:00,68,14,code,azure_2023
2023-11-16 18:37:14.881112+00:00,1542,16,code,azure_2023
2023-11-16 18:37:14.884149+00:00,2271,12,code,azure_2023
2023-11-16 18:37:14.884874+00:00,1248,69,code,azure_2023
2023-11-16 18:37:14.885108+00:00,545,20,code,azure_2023
2023-11-16 18:37:14.983543+00:00,688,12,code,azure_2023
2023-11-16 18:37:14.984463+00:00,6078,27,code,azure_2023
2023-11-16 18:37:14.985493+00:00,32,9,code,azure_2023
2023-11-16 18:37:14.988436+00:00,1540,8,code,azure_2023
2023-11-16 18:37:15.081733+00:00,1839,43,code,azure_2023
2023-11-16 18:37:15.084368+00:00,1205,6,code,azure_2023
2023-11-16 18:37:15.085114+00:00,310,16,code,azure_2023
2023-11-16 18:37:15.085188+00:00,1917,7,code,azure_2023
2023-11-16 18:37:15.182831+00:00,908,32,code,azure_2023
2023-11-16 18:37:15.685072+00:00,1694,18,code,azure_2023
2023-11-16 18:37:15.780608+00:00,99,7,code,azure_2023
2023-11-16 18:37:15.785050+00:00,1855,13,code,azure_2023
2023-11-16 18:37:15.786090+00:00,7435,11,code,azure_2023
2023-11-16 18:37:15.787215+00:00,1456,8,code,azure_2023
2023-11-16 18:37:15.789037+00:00,32,9,code,azure_2023
2023-11-16 18:37:15.981211+00:00,6364,53,code,azure_2023
2023-11-16 18:37:15.987426+00:00,2178,10,code,azure_2023
2023-11-16 18:37:15.988370+00:00,680,13,code,azure_2023
2023-11-16 18:37:15.988556+00:00,2469,13,code,azure_2023
2023-11-16 18:37:15.989613+00:00,2768,11,code,azure_2023
2023-11-16 18:37:16.077537+00:00,4338,142,code,azure_2023
2023-11-16 18:37:16.077611+00:00,548,21,code,azure_2023
2023-11-16 18:37:16.281163+00:00,7315,15,code,azure_2023
2023-11-16 18:37:16.282399+00:00,3833,37,code,azure_2023
2023-11-16 18:37:16.283246+00:00,2876,9,code,azure_2023
2023-11-16 18:37:16.283464+00:00,550,29,code,azure_2023
2023-11-16 18:37:16.285357+00:00,748,22,code,azure_2023
2023-11-16 18:37:16.287716+00:00,2271,31,code,azure_2023
2023-11-16 18:37:16.289494+00:00,7421,15,code,azure_2023
2023-11-16 18:37:16.378578+00:00,2180,13,code,azure_2023
2023-11-16 18:37:16.581527+00:00,7315,28,code,azure_2023
2023-11-16 18:37:16.878693+00:00,552,12,code,azure_2023
2023-11-16 18:37:16.978348+00:00,1921,41,code,azure_2023
2023-11-16 18:37:17.978476+00:00,2273,11,code,azure_2023
2023-11-16 18:37:18.081706+00:00,802,18,code,azure_2023
2023-11-16 18:37:18.279508+00:00,555,22,code,azure_2023
2023-11-16 18:37:18.485460+00:00,4338,310,code,azure_2023
2023-11-16 18:37:18.678595+00:00,801,9,code,azure_2023
2023-11-16 18:37:18.880201+00:00,3872,24,code,azure_2023
2023-11-16 18:37:19.481056+00:00,1801,19,code,azure_2023
2023-11-16 18:37:19.678258+00:00,7437,6,code,azure_2023
2023-11-16 18:37:19.679746+00:00,2622,32,code,azure_2023
2023-11-16 18:37:19.781688+00:00,3835,186,code,azure_2023
2023-11-16 18:37:19.878885+00:00,1695,22,code,azure_2023
2023-11-16 18:37:19.880525+00:00,5292,9,code,azure_2023
2023-11-16 18:37:19.977440+00:00,803,16,code,azure_2023
2023-11-16 18:38:25.479849+00:00,839,91,code,azure_2023
2023-11-16 18:38:25.678410+00:00,812,8,code,azure_2023
2023-11-16 18:38:25.778416+00:00,1601,9,code,azure_2023
2023-11-16 18:38:25.951371+00:00,1595,9,code,azure_2023
2023-11-16 18:38:25.981708+00:00,46,14,code,azure_2023
2023-11-16 18:38:25.982693+00:00,2165,7,code,azure_2023
2023-11-16 18:38:26.080092+00:00,864,15,code,azure_2023
2023-11-16 18:38:26.209067+00:00,421,18,code,azure_2023
2023-11-16 18:38:26.322536+00:00,7429,7,code,azure_2023
2023-11-16 18:38:26.480473+00:00,1828,73,code,azure_2023
2023-11-16 18:38:26.481153+00:00,1601,12,code,azure_2023
2023-11-16 18:38:26.582055+00:00,74,67,code,azure_2023
2023-11-16 18:38:26.582062+00:00,2260,9,code,azure_2023
2023-11-16 18:38:26.583608+00:00,2188,38,code,azure_2023
2023-11-16 18:38:26.778715+00:00,1000,13,code,azure_2023
2023-11-16 18:38:26.939570+00:00,1618,129,code,azure_2023
2023-11-16 18:38:27.078210+00:00,812,16,code,azure_2023
2023-11-16 18:38:27.078299+00:00,2260,13,code,azure_2023
2023-11-16 18:38:27.118041+00:00,2814,69,code,azure_2023
2023-11-16 18:38:27.197925+00:00,192,28,code,azure_2023
2023-11-16 18:38:27.577982+00:00,1637,27,code,azure_2023
2023-11-16 18:38:27.678663+00:00,2816,8,code,azure_2023
2023-11-16 18:38:27.977967+00:00,2260,17,code,azure_2023
2023-11-16 18:38:28.178480+00:00,1863,6,code,azure_2023
2023-11-16 18:38:28.281804+00:00,1370,9,code,azure_2023
2023-11-16 18:38:28.480198+00:00,7436,6,code,azure_2023
2023-11-16 18:38:28.678130+00:00,1002,67,code,azure_2023
2023-11-16 18:38:28.739523+00:00,423,23,code,azure_2023
2023-11-16 18:38:28.777926+00:00,1371,9,code,azure_2023
2023-11-16 18:38:28.980962+00:00,2260,17,code,azure_2023
2023-11-16 18:38:28.981027+00:00,1984,16,code,azure_2023
2023-11-16 18:38:29.078520+00:00,2168,17,code,azure_2023
2023-11-16 18:38:29.179354+00:00,540,14,code,azure_2023
2023-11-16 18:38:29.181610+00:00,1594,10,code,azure_2023
2023-11-16 18:38:29.208104+00:00,7412,11,code,azure_2023
2023-11-16 18:38:29.278677+00:00,2898,12,code,azure_2023
2023-11-16 18:38:29.478117+00:00,1984,16,code,azure_2023
2023-11-16 18:38:29.578478+00:00,1865,20,code,azure_2023
2023-11-16 18:38:29.681105+00:00,5981,11,code,azure_2023
2023-11-16 18:38:29.681138+00:00,7436,13,code,azure_2023
2023-11-16 18:38:29.779806+00:00,1637,142,code,azure_2023
2023-11-16 18:38:29.803658+00:00,2784,55,code,azure_2023
2023-11-16 18:38:30.102996+00:00,5721,29,code,azure_2023
2023-11-16 18:38:30.278650+00:00,1372,8,code,azure_2023
2023-11-16 18:38:30.378539+00:00,84,180,code,azure_2023
2023-11-16 18:38:30.379529+00:00,543,12,code,azure_2023
2023-11-16 18:38:30.482856+00:00,1531,10,code,azure_2023
2023-11-16 18:38:30.583505+00:00,2168,8,code,azure_2023
2023-11-16 18:38:30.678815+00:00,1373,9,code,azure_2023
2023-11-16 18:38:30.880735+00:00,1867,21,code,azure_2023
2023-11-16 18:38:30.980000+00:00,1598,94,code,azure_2023
2023-11-16 18:38:31.080687+00:00,1024,9,code,azure_2023
2023-11-16 18:38:31.178229+00:00,7412,50,code,azure_2023
2023-11-16 18:38:31.278204+00:00,1373,7,code,azure_2023
2023-11-16 18:38:31.383354+00:00,6426,14,code,azure_2023
2023-11-16 18:38:31.580881+00:00,1306,8,code,azure_2023
2023-11-16 18:38:31.881027+00:00,2782,13,code,azure_2023
2023-11-16 18:38:32.079834+00:00,698,18,code,azure_2023
2023-11-16 18:38:32.178531+00:00,1599,37,code,azure_2023
2023-11-16 18:38:32.181485+00:00,2623,36,code,azure_2023
2023-11-16 18:38:32.386594+00:00,970,10,code,azure_2023
2023-11-16 18:38:32.481694+00:00,1547,9,code,azure_2023
2023-11-16 18:38:32.579338+00:00,2234,69,code,azure_2023
2023-11-16 18:38:33.338183+00:00,5981,12,code,azure_2023
2023-11-16 18:38:33.398744+00:00,1547,9,code,azure_2023
2023-11-16 18:38:33.480511+00:00,1373,7,code,azure_2023
2023-11-16 18:38:33.480546+00:00,7436,19,code,azure_2023
2023-11-16 18:38:33.483081+00:00,2236,17,code,azure_2023
2023-11-16 18:38:33.580456+00:00,2172,14,code,azure_2023
2023-11-16 18:38:33.713006+00:00,416,9,code,azure_2023
2023-11-16 18:38:33.739048+00:00,2147,8,code,azure_2023
2023-11-16 18:38:33.863289+00:00,2657,12,code,azure_2023
2023-11-16 18:38:34.477909+00:00,675,47,code,azure_2023
2023-11-16 18:38:34.778419+00:00,2148,14,code,azure_2023
2023-11-16 18:38:34.885914+00:00,7435,31,code,azure_2023
2023-11-16 18:38:34.995441+00:00,548,13,code,azure_2023
2023-11-16 18:38:35.114658+00:00,1306,10,code,azure_2023
2023-11-16 18:38:35.135575+00:00,6164,12,code,azure_2023
2023-11-16 18:39:15.230497+00:00,22,7,code,azure_2023
2023-11-16 18:39:15.250559+00:00,301,13,code,azure_2023
2023-11-16 18:39:15.493300+00:00,2160,14,code,azure_2023
2023-11-16 18:39:15.499743+00:00,144,12,code,azure_2023
2023-11-16 18:39:15.578939+00:00,1175,175,code,azure_2023
2023-11-16 18:39:16.102241+00:00,3337,14,code,azure_2023
2023-11-16 18:39:16.448553+00:00,22,17,code,azure_2023
2023-11-16 18:39:16.564988+00:00,2575,19,code,azure_2023
2023-11-16 18:39:16.726512+00:00,1070,15,code,azure_2023
2023-11-16 18:39:16.726770+00:00,1911,14,code,azure_2023
2023-11-16 18:39:16.753988+00:00,558,29,code,azure_2023
2023-11-16 18:39:16.935151+00:00,1611,9,code,azure_2023
2023-11-16 18:39:17.403514+00:00,965,21,code,azure_2023
2023-11-16 18:39:17.739613+00:00,303,10,code,azure_2023
2023-11-16 18:39:17.878793+00:00,448,9,code,azure_2023
2023-11-16 18:39:17.925622+00:00,7436,6,code,azure_2023
2023-11-16 18:39:17.928244+00:00,2578,9,code,azure_2023
2023-11-16 18:39:17.972658+00:00,149,9,code,azure_2023
2023-11-16 18:39:18.428056+00:00,224,22,code,azure_2023
2023-11-16 18:39:20.831553+00:00,1619,14,code,azure_2023
2023-11-16 18:39:20.832753+00:00,24,8,code,azure_2023
2023-11-16 18:39:21.037676+00:00,450,6,code,azure_2023
2023-11-16 18:39:21.126621+00:00,2171,33,code,azure_2023
2023-11-16 18:39:21.228203+00:00,152,17,code,azure_2023
2023-11-16 18:39:21.228444+00:00,1128,11,code,azure_2023
2023-11-16 18:39:21.327595+00:00,1891,6,code,azure_2023
2023-11-16 18:39:21.334593+00:00,1129,15,code,azure_2023
2023-11-16 18:39:21.426057+00:00,3964,20,code,azure_2023
2023-11-16 18:39:21.426851+00:00,7394,79,code,azure_2023
2023-11-16 18:39:21.426977+00:00,1632,7,code,azure_2023
2023-11-16 18:39:21.831907+00:00,575,7,code,azure_2023
2023-11-16 18:39:21.833454+00:00,2031,55,code,azure_2023
2023-11-16 18:39:21.833534+00:00,2184,8,code,azure_2023
2023-11-16 18:39:21.834433+00:00,416,75,code,azure_2023
2023-11-16 18:39:21.932250+00:00,1915,12,code,azure_2023
2023-11-16 18:39:22.034509+00:00,7436,9,code,azure_2023
2023-11-16 18:39:22.126046+00:00,7394,22,code,azure_2023
2023-11-16 18:39:22.132269+00:00,1130,12,code,azure_2023
2023-11-16 18:39:22.226003+00:00,2533,6,code,azure_2023
2023-11-16 18:39:22.234343+00:00,1896,55,code,azure_2023
2023-11-16 18:39:22.426316+00:00,1471,15,code,azure_2023
2023-11-16 18:39:22.433162+00:00,2985,7,code,azure_2023
2023-11-16 18:39:22.433301+00:00,188,9,code,azure_2023
2023-11-16 18:39:22.526429+00:00,3106,60,code,azure_2023
2023-11-16 18:39:22.530027+00:00,1105,8,code,azure_2023
2023-11-16 18:39:22.728079+00:00,1912,12,code,azure_2023
2023-11-16 18:39:22.728915+00:00,1111,10,code,azure_2023
2023-11-16 18:39:22.728938+00:00,1912,26,code,azure_2023
2023-11-16 18:39:23.128058+00:00,189,9,code,azure_2023
2023-11-16 18:39:23.128105+00:00,173,12,code,azure_2023
2023-11-16 18:39:23.129525+00:00,2519,8,code,azure_2023
2023-11-16 18:39:23.725729+00:00,2979,25,code,azure_2023
2023-11-16 18:39:24.025772+00:00,1105,8,code,azure_2023
2023-11-16 18:39:24.028452+00:00,191,7,code,azure_2023
2023-11-16 18:39:24.028773+00:00,7390,72,code,azure_2023
2023-11-16 18:39:24.127614+00:00,174,12,code,azure_2023
2023-11-16 18:39:24.426442+00:00,1105,7,code,azure_2023
2023-11-16 18:39:24.728316+00:00,708,51,code,azure_2023
2023-11-16 18:39:24.728444+00:00,1866,18,code,azure_2023
2023-11-16 18:39:24.732413+00:00,7436,7,code,azure_2023
2023-11-16 18:39:24.733491+00:00,175,9,code,azure_2023
2023-11-16 18:39:24.828036+00:00,7435,9,code,azure_2023
2023-11-16 18:39:24.930576+00:00,1105,11,code,azure_2023
2023-11-16 18:39:24.931401+00:00,658,16,code,azure_2023
2023-11-16 18:39:25.507529+00:00,51,13,code,azure_2023
2023-11-16 18:39:25.625620+00:00,2977,53,code,azure_2023
2023-11-16 18:39:25.769306+00:00,7435,8,code,azure_2023
2023-11-16 18:39:26.565869+00:00,4270,6,code,azure_2023
2023-11-16 18:39:26.645616+00:00,1106,11,code,azure_2023
2023-11-16 18:39:26.725676+00:00,7436,9,code,azure_2023
2023-11-16 18:39:26.744998+00:00,7390,46,code,azure_2023
2023-11-16 18:39:26.745400+00:00,2193,15,code,azure_2023
2023-11-16 18:39:27.226399+00:00,244,24,code,azure_2023
2023-11-16 18:39:27.356369+00:00,51,7,code,azure_2023
2023-11-16 18:39:27.425507+00:00,7436,12,code,azure_2023
2023-11-16 18:39:27.425588+00:00,1191,27,code,azure_2023
2023-11-16 18:39:27.627692+00:00,7390,41,code,azure_2023
2023-11-16 18:39:27.725484+00:00,969,9,code,azure_2023
2023-11-16 18:39:27.725533+00:00,116,7,code,azure_2023
2023-11-16 18:39:27.825827+00:00,2195,9,code,azure_2023
2023-11-16 18:39:28.025530+00:00,53,6,code,azure_2023
2023-11-16 18:39:28.029817+00:00,243,23,code,azure_2023
2023-11-16 18:39:28.127720+00:00,96,9,code,azure_2023
2023-11-16 18:39:28.427449+00:00,1908,58,code,azure_2023
2023-11-16 18:39:28.428901+00:00,147,8,code,azure_2023
2023-11-16 18:39:28.628290+00:00,7436,12,code,azure_2023
2023-11-16 18:39:28.630575+00:00,579,22,code,azure_2023
2023-11-16 18:39:28.727185+00:00,97,10,code,azure_2023
2023-11-16 18:39:29.189840+00:00,147,16,code,azure_2023
2023-11-16 18:39:29.266992+00:00,2311,17,code,azure_2023
2023-11-16 18:39:29.628843+00:00,7435,12,code,azure_2023
2023-11-16 18:39:29.725638+00:00,1196,26,code,azure_2023
2023-11-16 18:39:30.227115+00:00,1053,13,code,azure_2023
2023-11-16 18:39:30.227153+00:00,7435,11,code,azure_2023
2023-11-16 18:39:30.337473+00:00,727,12,code,azure_2023
2023-11-16 18:39:30.541851+00:00,57,14,code,azure_2023
2023-11-16 18:39:30.544515+00:00,579,11,code,azure_2023
2023-11-16 18:39:30.725554+00:00,188,9,code,azure_2023
2023-11-16 18:39:31.025879+00:00,4113,6,code,azure_2023
2023-11-16 18:39:31.027945+00:00,471,31,code,azure_2023
2023-11-16 18:39:31.356604+00:00,7436,11,code,azure_2023
2023-11-16 18:39:31.625688+00:00,3415,6,code,azure_2023
2023-11-16 18:39:31.625701+00:00,578,6,code,azure_2023
2023-11-16 18:39:31.725592+00:00,560,26,code,azure_2023
2023-11-16 18:39:31.925536+00:00,4329,15,code,azure_2023
2023-11-16 18:39:32.041280+00:00,2204,17,code,azure_2023
2023-11-16 18:39:32.062451+00:00,4113,25,code,azure_2023
2023-11-16 18:39:32.126675+00:00,1399,29,code,azure_2023
2023-11-16 18:39:32.225585+00:00,1508,151,code,azure_2023
2023-11-16 18:39:32.225612+00:00,577,7,code,azure_2023
2023-11-16 18:39:32.229884+00:00,1135,12,code,azure_2023
2023-11-16 18:39:32.428297+00:00,2356,12,code,azure_2023
2023-11-16 18:39:32.853073+00:00,349,7,code,azure_2023
2023-11-16 18:39:33.061326+00:00,575,7,code,azure_2023
2023-11-16 18:39:33.225643+00:00,2206,13,code,azure_2023
2023-11-16 18:39:33.327135+00:00,2356,6,code,azure_2023
2023-11-16 18:39:33.327176+00:00,3413,7,code,azure_2023
2023-11-16 18:39:33.329478+00:00,1913,94,code,azure_2023
2023-11-16 18:39:33.353927+00:00,994,21,code,azure_2023
2023-11-16 18:39:33.445544+00:00,1105,11,code,azure_2023
2023-11-16 18:39:33.725638+00:00,7436,9,code,azure_2023
2023-11-16 18:39:33.830575+00:00,7436,8,code,azure_2023
2023-11-16 18:39:33.925520+00:00,349,34,code,azure_2023
2023-11-16 18:39:34.025672+00:00,4114,21,code,azure_2023
2023-11-16 18:39:34.027058+00:00,2356,11,code,azure_2023
2023-11-16 18:39:34.193407+00:00,3818,12,code,azure_2023
2023-11-16 18:39:34.368452+00:00,4115,6,code,azure_2023
2023-11-16 18:39:34.640912+00:00,350,9,code,azure_2023
2023-11-16 18:39:35.100206+00:00,4116,20,code,azure_2023
2023-11-16 18:39:35.155009+00:00,7436,7,code,azure_2023
2023-11-16 18:39:35.529573+00:00,2530,8,code,azure_2023
2023-11-16 18:39:35.631301+00:00,1918,58,code,azure_2023
2023-11-16 18:39:35.950414+00:00,638,12,code,azure_2023
2023-11-16 18:39:36.125508+00:00,352,31,code,azure_2023
2023-11-16 18:39:36.371018+00:00,456,72,code,azure_2023
2023-11-16 18:39:36.382732+00:00,581,153,code,azure_2023
2023-11-16 18:39:36.452361+00:00,2215,27,code,azure_2023
2023-11-16 18:39:36.466878+00:00,22,10,code,azure_2023
2023-11-16 18:39:36.525511+00:00,1484,6,code,azure_2023
2023-11-16 18:39:37.288522+00:00,1484,6,code,azure_2023
2023-11-16 18:39:37.325546+00:00,2224,9,code,azure_2023
2023-11-16 18:39:37.426452+00:00,2530,35,code,azure_2023
2023-11-16 18:39:37.925590+00:00,7436,9,code,azure_2023
2023-11-16 18:39:37.968672+00:00,7435,12,code,azure_2023
2023-11-16 18:39:37.978551+00:00,2115,15,code,azure_2023
2023-11-16 18:39:38.146097+00:00,1169,297,code,azure_2023
2023-11-16 18:39:38.499503+00:00,2224,21,code,azure_2023
2023-11-16 18:39:38.593777+00:00,2128,15,code,azure_2023
2023-11-16 18:39:38.630172+00:00,7436,9,code,azure_2023
2023-11-16 18:39:38.630466+00:00,352,29,code,azure_2023
2023-11-16 18:39:38.725808+00:00,7436,8,code,azure_2023
2023-11-16 18:39:39.174272+00:00,2129,49,code,azure_2023
2023-11-16 18:39:39.325611+00:00,1351,22,code,azure_2023
2023-11-16 18:39:39.369168+00:00,1469,16,code,azure_2023
2023-11-16 18:39:39.425696+00:00,2226,19,code,azure_2023
2023-11-16 18:39:47.043078+00:00,1444,18,code,azure_2023
2023-11-16 18:39:47.140602+00:00,240,9,code,azure_2023
2023-11-16 18:39:47.342390+00:00,651,10,code,azure_2023
2023-11-16 18:39:47.342518+00:00,3251,10,code,azure_2023
2023-11-16 18:39:47.342656+00:00,2766,8,code,azure_2023
2023-11-16 18:39:47.442499+00:00,1775,6,code,azure_2023
2023-11-16 18:39:47.443683+00:00,7412,68,code,azure_2023
2023-11-16 18:39:47.537050+00:00,125,6,code,azure_2023
2023-11-16 18:39:47.537955+00:00,2731,12,code,azure_2023
2023-11-16 18:39:47.637958+00:00,3324,15,code,azure_2023
2023-11-16 18:39:47.642049+00:00,3600,7,code,azure_2023
2023-11-16 18:39:47.835090+00:00,4256,21,code,azure_2023
2023-11-16 18:39:47.835306+00:00,1061,30,code,azure_2023
2023-11-16 18:39:47.838234+00:00,1680,73,code,azure_2023
2023-11-16 18:39:47.839209+00:00,1447,17,code,azure_2023
2023-11-16 18:39:47.841288+00:00,125,6,code,azure_2023
2023-11-16 18:39:47.934315+00:00,1137,20,code,azure_2023
2023-11-16 18:39:49.136562+00:00,126,19,code,azure_2023
2023-11-16 18:39:49.137525+00:00,1683,11,code,azure_2023
2023-11-16 18:39:49.239052+00:00,2765,9,code,azure_2023
2023-11-16 18:39:49.239607+00:00,2764,10,code,azure_2023
2023-11-16 18:39:49.239681+00:00,430,9,code,azure_2023
2023-11-16 18:39:49.337776+00:00,2454,13,code,azure_2023
2023-11-16 18:39:49.340991+00:00,3651,14,code,azure_2023
2023-11-16 18:39:49.344717+00:00,81,12,code,azure_2023
2023-11-16 18:39:49.346880+00:00,1685,9,code,azure_2023
2023-11-16 18:39:49.436500+00:00,3115,10,code,azure_2023
2023-11-16 18:39:49.439625+00:00,1684,10,code,azure_2023
2023-11-16 18:39:49.440520+00:00,1234,10,code,azure_2023
2023-11-16 18:39:49.534825+00:00,982,9,code,azure_2023
2023-11-16 18:39:49.535023+00:00,431,9,code,azure_2023
2023-11-16 18:39:52.135031+00:00,3035,18,code,azure_2023
2023-11-16 18:39:52.237893+00:00,1234,10,code,azure_2023
2023-11-16 18:39:52.238894+00:00,3113,12,code,azure_2023
2023-11-16 18:39:52.340341+00:00,155,6,code,azure_2023
2023-11-16 18:39:52.438152+00:00,3600,9,code,azure_2023
2023-11-16 18:39:52.440906+00:00,1139,16,code,azure_2023
2023-11-16 18:39:52.537984+00:00,1235,7,code,azure_2023
2023-11-16 18:39:52.640978+00:00,1235,9,code,azure_2023
2023-11-16 18:39:53.043823+00:00,155,13,code,azure_2023
2023-11-16 18:39:53.138155+00:00,7411,58,code,azure_2023
2023-11-16 18:39:53.138928+00:00,1638,6,code,azure_2023
2023-11-16 18:39:53.235980+00:00,3600,9,code,azure_2023
2023-11-16 18:39:53.343312+00:00,1639,6,code,azure_2023
2023-11-16 18:39:53.347048+00:00,3600,16,code,azure_2023
2023-11-16 18:39:53.539869+00:00,1075,7,code,azure_2023
2023-11-16 18:39:54.041329+00:00,1074,6,code,azure_2023
2023-11-16 18:39:54.042057+00:00,431,8,code,azure_2023
2023-11-16 18:39:54.042249+00:00,2431,76,code,azure_2023
2023-11-16 18:39:54.046488+00:00,1753,88,code,azure_2023
2023-11-16 18:39:54.137186+00:00,7436,13,code,azure_2023
2023-11-16 18:39:54.137246+00:00,430,9,code,azure_2023
2023-11-16 18:39:54.140351+00:00,3041,16,code,azure_2023
2023-11-16 18:39:54.239335+00:00,1667,9,code,azure_2023
2023-11-16 18:39:56.137866+00:00,431,8,code,azure_2023
2023-11-16 18:39:56.236865+00:00,7436,12,code,azure_2023
2023-11-16 18:39:56.337383+00:00,126,26,code,azure_2023
2023-11-16 18:39:56.340540+00:00,7416,67,code,azure_2023
2023-11-16 18:39:56.341358+00:00,1075,6,code,azure_2023
2023-11-16 18:39:56.342409+00:00,166,22,code,azure_2023
2023-11-16 18:39:56.434963+00:00,85,19,code,azure_2023
2023-11-16 18:39:56.438483+00:00,7406,10,code,azure_2023
2023-11-16 18:39:56.439449+00:00,7423,67,code,azure_2023
2023-11-16 18:39:56.439545+00:00,2448,940,code,azure_2023
2023-11-16 18:39:56.442451+00:00,2436,28,code,azure_2023
2023-11-16 18:39:56.534430+00:00,127,12,code,azure_2023
2023-11-16 18:39:56.535464+00:00,166,9,code,azure_2023
2023-11-16 18:39:57.045208+00:00,1122,12,code,azure_2023
2023-11-16 18:39:57.045389+00:00,1638,6,code,azure_2023
2023-11-16 18:39:57.046356+00:00,2389,21,code,azure_2023
2023-11-16 18:39:57.138387+00:00,129,22,code,azure_2023
2023-11-16 18:39:57.236638+00:00,167,17,code,azure_2023
2023-11-16 18:39:57.237774+00:00,7415,64,code,azure_2023
2023-11-16 18:39:57.238852+00:00,3360,584,code,azure_2023
2023-11-16 18:39:57.241250+00:00,7413,79,code,azure_2023
2023-11-16 18:39:57.241395+00:00,112,29,code,azure_2023
2023-11-16 18:39:57.334131+00:00,1139,13,code,azure_2023
2023-11-16 18:39:57.334393+00:00,52,19,code,azure_2023
2023-11-16 18:39:57.334438+00:00,1642,6,code,azure_2023
2023-11-16 18:39:57.338344+00:00,1208,9,code,azure_2023
2023-11-16 18:39:57.342101+00:00,128,10,code,azure_2023
2023-11-16 18:39:57.440080+00:00,7436,11,code,azure_2023
2023-11-16 18:39:57.441018+00:00,7396,18,code,azure_2023
2023-11-16 18:39:57.538747+00:00,123,20,code,azure_2023
2023-11-16 18:39:57.540664+00:00,87,8,code,azure_2023
2023-11-16 18:39:57.638668+00:00,7416,37,code,azure_2023
2023-11-16 18:39:57.639865+00:00,51,13,code,azure_2023
2023-11-16 18:39:57.642747+00:00,1797,43,code,azure_2023
2023-11-16 18:39:57.734797+00:00,89,9,code,azure_2023
2023-11-16 18:39:57.740347+00:00,3469,18,code,azure_2023
2023-11-16 18:39:57.741580+00:00,999,11,code,azure_2023
2023-11-16 18:39:57.741766+00:00,6114,9,code,azure_2023
2023-11-16 18:39:57.837497+00:00,2529,13,code,azure_2023
2023-11-16 18:39:57.842280+00:00,225,12,code,azure_2023
2023-11-16 18:39:57.846322+00:00,225,16,code,azure_2023
2023-11-16 18:39:57.942171+00:00,256,39,code,azure_2023
2023-11-16 18:39:58.035183+00:00,1671,130,code,azure_2023
2023-11-16 18:39:58.039793+00:00,7375,11,code,azure_2023
2023-11-16 18:39:58.137378+00:00,1208,22,code,azure_2023
2023-11-16 18:39:58.238751+00:00,742,24,code,azure_2023
2023-11-16 18:39:58.239709+00:00,1124,19,code,azure_2023
2023-11-16 18:39:58.241830+00:00,1001,11,code,azure_2023
2023-11-16 18:39:58.243776+00:00,948,13,code,azure_2023
2023-11-16 18:39:58.246593+00:00,2985,12,code,azure_2023
2023-11-16 18:39:58.337352+00:00,91,11,code,azure_2023
2023-11-16 18:39:58.342723+00:00,2436,15,code,azure_2023
2023-11-16 18:39:58.442641+00:00,629,9,code,azure_2023
2023-11-16 18:39:58.541541+00:00,1797,72,code,azure_2023
2023-11-16 18:39:58.636013+00:00,1526,31,code,azure_2023
2023-11-16 18:39:58.638722+00:00,2042,32,code,azure_2023
2023-11-16 18:39:58.638839+00:00,289,11,code,azure_2023
2023-11-16 18:39:58.638979+00:00,1124,14,code,azure_2023
2023-11-16 18:39:58.736774+00:00,950,18,code,azure_2023
2023-11-16 18:39:58.741648+00:00,1234,13,code,azure_2023
2023-11-16 18:39:58.934295+00:00,628,27,code,azure_2023
2023-11-16 18:39:58.936830+00:00,1671,41,code,azure_2023
2023-11-16 18:39:59.134634+00:00,1260,8,code,azure_2023
2023-11-16 18:39:59.535398+00:00,62,44,code,azure_2023
2023-11-16 18:39:59.934247+00:00,1126,19,code,azure_2023
2023-11-16 18:40:00.034347+00:00,2551,7,code,azure_2023
2023-11-16 18:40:00.034363+00:00,2045,10,code,azure_2023
2023-11-16 18:40:00.237657+00:00,950,15,code,azure_2023
2023-11-16 18:40:00.434142+00:00,7239,10,code,azure_2023
2023-11-16 18:40:00.434356+00:00,1838,11,code,azure_2023
2023-11-16 18:40:00.438780+00:00,226,9,code,azure_2023
2023-11-16 18:40:00.438843+00:00,1666,35,code,azure_2023
2023-11-16 18:40:00.438992+00:00,65,11,code,azure_2023
2023-11-16 18:40:00.734225+00:00,1338,22,code,azure_2023
2023-11-16 18:40:00.734231+00:00,2813,24,code,azure_2023
2023-11-16 18:40:01.337603+00:00,630,13,code,azure_2023
2023-11-16 18:40:01.340944+00:00,1909,7,code,azure_2023
2023-11-16 18:40:01.536447+00:00,7436,76,code,azure_2023
2023-11-16 18:40:01.635191+00:00,5011,16,code,azure_2023
2023-11-16 18:40:01.934398+00:00,4464,19,code,azure_2023
2023-11-16 18:40:02.139451+00:00,1694,8,code,azure_2023
2023-11-16 18:40:02.434338+00:00,1124,12,code,azure_2023
2023-11-16 18:40:02.434458+00:00,631,14,code,azure_2023
2023-11-16 18:40:02.534157+00:00,3177,11,code,azure_2023
2023-11-16 18:40:02.636296+00:00,950,11,code,azure_2023
2023-11-16 18:40:02.734709+00:00,226,9,code,azure_2023
2023-11-16 18:40:02.835564+00:00,1804,17,code,azure_2023
2023-11-16 18:40:02.935842+00:00,70,40,code,azure_2023
2023-11-16 18:40:03.037029+00:00,3486,18,code,azure_2023
2023-11-16 18:40:03.134428+00:00,5722,6,code,azure_2023
2023-11-16 18:40:03.138694+00:00,754,24,code,azure_2023
2023-11-16 18:40:03.138971+00:00,1693,18,code,azure_2023
2023-11-16 18:40:03.142361+00:00,5009,23,code,azure_2023
2023-11-16 18:40:03.235512+00:00,2815,40,code,azure_2023
2023-11-16 18:40:03.734384+00:00,5722,6,code,azure_2023
2023-11-16 18:40:03.934565+00:00,1703,8,code,azure_2023
2023-11-16 18:40:03.936741+00:00,905,19,code,azure_2023
2023-11-16 18:40:04.034198+00:00,3181,25,code,azure_2023
2023-11-16 18:40:04.038060+00:00,1914,12,code,azure_2023
2023-11-16 18:40:04.234374+00:00,631,18,code,azure_2023
2023-11-16 18:40:04.736421+00:00,1914,14,code,azure_2023
2023-11-16 18:40:04.834208+00:00,1693,55,code,azure_2023
2023-11-16 18:40:05.037692+00:00,1226,127,code,azure_2023
2023-11-16 18:40:05.137426+00:00,2464,13,code,azure_2023
2023-11-16 18:40:05.434220+00:00,1118,12,code,azure_2023
2023-11-16 18:40:05.437534+00:00,2837,14,code,azure_2023
2023-11-16 18:40:05.735577+00:00,1914,14,code,azure_2023
2023-11-16 18:40:05.739063+00:00,632,9,code,azure_2023
2023-11-16 18:40:06.034213+00:00,1693,22,code,azure_2023
2023-11-16 18:40:06.034345+00:00,76,76,code,azure_2023
2023-11-16 18:40:06.137753+00:00,1382,11,code,azure_2023
2023-11-16 18:40:06.235295+00:00,763,63,code,azure_2023
2023-11-16 18:40:06.441231+00:00,632,12,code,azure_2023
2023-11-16 18:40:06.562897+00:00,1118,15,code,azure_2023
2023-11-16 18:40:06.974796+00:00,1924,15,code,azure_2023
2023-11-16 18:40:07.435718+00:00,7436,6,code,azure_2023
2023-11-16 18:40:07.480578+00:00,3474,34,code,azure_2023
2023-11-16 18:40:07.482213+00:00,2207,9,code,azure_2023
2023-11-16 18:40:07.535007+00:00,1694,31,code,azure_2023
2023-11-16 18:40:07.539899+00:00,1913,12,code,azure_2023
2023-11-16 18:40:07.950183+00:00,1914,11,code,azure_2023
2023-11-16 18:40:08.034255+00:00,1117,8,code,azure_2023
2023-11-16 18:40:08.135694+00:00,630,7,code,azure_2023
2023-11-16 18:40:08.537173+00:00,1780,18,code,azure_2023
2023-11-16 18:40:08.579731+00:00,1694,30,code,azure_2023
2023-11-16 18:40:08.599968+00:00,6376,7,code,azure_2023
2023-11-16 18:40:08.611177+00:00,2465,12,code,azure_2023
2023-11-16 18:40:08.685610+00:00,1915,10,code,azure_2023
2023-11-16 18:40:08.735060+00:00,3050,9,code,azure_2023
2023-11-16 18:40:08.836573+00:00,1117,15,code,azure_2023
2023-11-16 18:40:09.034243+00:00,2420,13,code,azure_2023
2023-11-16 18:40:09.091069+00:00,632,12,code,azure_2023
2023-11-16 18:40:09.338349+00:00,90,131,code,azure_2023
2023-11-16 18:40:09.541897+00:00,2207,8,code,azure_2023
2023-11-16 18:40:09.557149+00:00,3050,9,code,azure_2023
2023-11-16 18:40:09.639331+00:00,6376,15,code,azure_2023
2023-11-16 18:40:09.738502+00:00,1819,9,code,azure_2023
2023-11-16 18:40:09.834341+00:00,1914,8,code,azure_2023
2023-11-16 18:40:09.836004+00:00,2420,13,code,azure_2023
2023-11-16 18:40:23.163890+00:00,7421,6,code,azure_2023
2023-11-16 18:40:23.169114+00:00,2951,9,code,azure_2023
2023-11-16 18:40:23.258815+00:00,522,8,code,azure_2023
2023-11-16 18:40:23.264364+00:00,2330,8,code,azure_2023
2023-11-16 18:40:23.360282+00:00,1785,10,code,azure_2023
2023-11-16 18:40:23.366184+00:00,7436,66,code,azure_2023
2023-11-16 18:40:23.367183+00:00,176,9,code,azure_2023
2023-11-16 18:40:23.560014+00:00,329,79,code,azure_2023
2023-11-16 18:40:23.561480+00:00,243,9,code,azure_2023
2023-11-16 18:40:23.666073+00:00,173,8,code,azure_2023
2023-11-16 18:40:24.964720+00:00,3022,7,code,azure_2023
2023-11-16 18:40:25.163810+00:00,3937,11,code,azure_2023
2023-11-16 18:40:25.258561+00:00,2950,9,code,azure_2023
2023-11-16 18:40:25.265985+00:00,1888,7,code,azure_2023
2023-11-16 18:40:25.266821+00:00,7435,10,code,azure_2023
2023-11-16 18:40:25.367217+00:00,680,7,code,azure_2023
2023-11-16 18:40:25.468365+00:00,2040,73,code,azure_2023
2023-11-16 18:40:25.560974+00:00,7436,9,code,azure_2023
2023-11-16 18:40:25.659795+00:00,331,12,code,azure_2023
2023-11-16 18:40:25.659895+00:00,7436,7,code,azure_2023
2023-11-16 18:40:25.660806+00:00,128,12,code,azure_2023
2023-11-16 18:40:25.661853+00:00,539,54,code,azure_2023
2023-11-16 18:40:25.966300+00:00,5754,6,code,azure_2023
2023-11-16 18:40:26.061388+00:00,304,18,code,azure_2023
2023-11-16 18:40:26.061511+00:00,1479,53,code,azure_2023
2023-11-16 18:40:26.160444+00:00,1626,49,code,azure_2023
2023-11-16 18:40:26.164561+00:00,1785,8,code,azure_2023
2023-11-16 18:40:26.164585+00:00,6121,14,code,azure_2023
2023-11-16 18:40:26.260529+00:00,2403,12,code,azure_2023
2023-11-16 18:40:26.360192+00:00,331,7,code,azure_2023
2023-11-16 18:40:26.464596+00:00,4112,7,code,azure_2023
2023-11-16 18:40:26.661426+00:00,248,9,code,azure_2023
2023-11-16 18:40:28.062702+00:00,7412,8,code,azure_2023
2023-11-16 18:40:28.062798+00:00,260,18,code,azure_2023
2023-11-16 18:40:28.065350+00:00,349,253,code,azure_2023
2023-11-16 18:40:28.169047+00:00,485,19,code,azure_2023
2023-11-16 18:40:30.225641+00:00,343,8,code,azure_2023
2023-11-16 18:40:30.325615+00:00,345,7,code,azure_2023
2023-11-16 18:40:30.525498+00:00,146,19,code,azure_2023
2023-11-16 18:40:30.531528+00:00,759,11,code,azure_2023
2023-11-16 18:40:30.726806+00:00,3744,21,code,azure_2023
2023-11-16 18:40:30.839032+00:00,343,8,code,azure_2023
2023-11-16 18:40:30.926703+00:00,161,6,code,azure_2023
2023-11-16 18:40:31.032372+00:00,4355,7,code,azure_2023
2023-11-16 18:40:31.034867+00:00,2752,21,code,azure_2023
2023-11-16 18:40:31.347668+00:00,3745,12,code,azure_2023
2023-11-16 18:40:31.348759+00:00,6289,9,code,azure_2023
2023-11-16 18:40:31.796454+00:00,351,6,code,azure_2023
2023-11-16 18:40:31.929337+00:00,145,24,code,azure_2023
2023-11-16 18:40:32.079770+00:00,6289,10,code,azure_2023
2023-11-16 18:40:32.109293+00:00,1230,36,code,azure_2023
2023-11-16 18:40:32.125908+00:00,238,65,code,azure_2023
2023-11-16 18:40:32.625549+00:00,3745,17,code,azure_2023
2023-11-16 18:40:32.742239+00:00,1910,6,code,azure_2023
2023-11-16 18:40:32.848813+00:00,4037,14,code,azure_2023
2023-11-16 18:40:32.863454+00:00,238,13,code,azure_2023
2023-11-16 18:40:32.964712+00:00,1157,11,code,azure_2023
2023-11-16 18:40:33.063313+00:00,99,11,code,azure_2023
2023-11-16 18:40:33.063547+00:00,260,18,code,azure_2023
2023-11-16 18:40:33.064394+00:00,13,38,code,azure_2023
2023-11-16 18:40:33.064407+00:00,7412,15,code,azure_2023
2023-11-16 18:40:33.066427+00:00,195,6,code,azure_2023
2023-11-16 18:40:33.166522+00:00,3030,8,code,azure_2023
2023-11-16 18:40:33.262471+00:00,530,12,code,azure_2023
2023-11-16 18:40:33.263200+00:00,2597,9,code,azure_2023
2023-11-16 18:40:33.463578+00:00,326,11,code,azure_2023
2023-11-16 18:40:33.529954+00:00,1607,30,code,azure_2023
2023-11-16 18:40:33.561937+00:00,167,60,code,azure_2023
2023-11-16 18:40:33.743609+00:00,146,10,code,azure_2023
2023-11-16 18:40:33.925903+00:00,6289,16,code,azure_2023
2023-11-16 18:40:33.926064+00:00,180,9,code,azure_2023
2023-11-16 18:40:34.030627+00:00,981,6,code,azure_2023
2023-11-16 18:40:34.062364+00:00,98,14,code,azure_2023
2023-11-16 18:40:34.063320+00:00,257,43,code,azure_2023
2023-11-16 18:40:34.163157+00:00,1981,6,code,azure_2023
2023-11-16 18:40:34.168129+00:00,12,48,code,azure_2023
2023-11-16 18:40:34.168872+00:00,855,48,code,azure_2023
2023-11-16 18:40:34.225593+00:00,1913,20,code,azure_2023
2023-11-16 18:40:34.230180+00:00,1609,21,code,azure_2023
2023-11-16 18:40:34.266654+00:00,117,6,code,azure_2023
2023-11-16 18:40:34.267450+00:00,97,8,code,azure_2023
2023-11-16 18:40:34.325534+00:00,4279,11,code,azure_2023
2023-11-16 18:40:34.367187+00:00,4467,15,code,azure_2023
2023-11-16 18:40:34.368912+00:00,1774,27,code,azure_2023
2023-11-16 18:40:34.427699+00:00,938,8,code,azure_2023
2023-11-16 18:40:34.428623+00:00,67,9,code,azure_2023
2023-11-16 18:40:34.467640+00:00,506,16,code,azure_2023
2023-11-16 18:40:34.562237+00:00,174,7,code,azure_2023
2023-11-16 18:40:34.660868+00:00,136,32,code,azure_2023
2023-11-16 18:40:34.758624+00:00,1499,24,code,azure_2023
2023-11-16 18:40:34.764893+00:00,117,6,code,azure_2023
2023-11-16 18:40:34.767763+00:00,2720,45,code,azure_2023
2023-11-16 18:40:34.860367+00:00,167,70,code,azure_2023
2023-11-16 18:40:34.860563+00:00,2758,7,code,azure_2023
2023-11-16 18:40:34.960926+00:00,180,8,code,azure_2023
2023-11-16 18:40:34.960959+00:00,98,14,code,azure_2023
2023-11-16 18:40:34.961116+00:00,181,30,code,azure_2023
2023-11-16 18:40:34.967317+00:00,3569,17,code,azure_2023
2023-11-16 18:40:34.968091+00:00,331,12,code,azure_2023
2023-11-16 18:40:34.969015+00:00,260,23,code,azure_2023
2023-11-16 18:40:34.969094+00:00,4118,11,code,azure_2023
2023-11-16 18:40:35.068455+00:00,1158,10,code,azure_2023
2023-11-16 18:40:35.068717+00:00,1785,9,code,azure_2023
2023-11-16 18:40:35.129244+00:00,3747,31,code,azure_2023
2023-11-16 18:40:35.228979+00:00,1910,10,code,azure_2023
2023-11-16 18:40:35.229028+00:00,4139,14,code,azure_2023
2023-11-16 18:40:35.260634+00:00,98,6,code,azure_2023
2023-11-16 18:40:35.261855+00:00,1478,31,code,azure_2023
2023-11-16 18:40:35.264914+00:00,4970,37,code,azure_2023
2023-11-16 18:40:35.268276+00:00,1159,9,code,azure_2023
2023-11-16 18:40:35.328890+00:00,50,20,code,azure_2023
2023-11-16 18:40:35.328947+00:00,342,7,code,azure_2023
2023-11-16 18:40:35.364509+00:00,1830,82,code,azure_2023
2023-11-16 18:40:35.367450+00:00,2758,18,code,azure_2023
2023-11-16 18:40:35.367573+00:00,2824,18,code,azure_2023
2023-11-16 18:40:35.368429+00:00,4094,9,code,azure_2023
2023-11-16 18:40:35.368549+00:00,3120,13,code,azure_2023
2023-11-16 18:40:35.461515+00:00,1777,18,code,azure_2023
2023-11-16 18:40:35.464090+00:00,147,12,code,azure_2023
2023-11-16 18:40:35.466489+00:00,261,15,code,azure_2023
2023-11-16 18:40:35.468397+00:00,1778,6,code,azure_2023
2023-11-16 18:40:35.562281+00:00,117,9,code,azure_2023
2023-11-16 18:40:35.562378+00:00,195,31,code,azure_2023
2023-11-16 18:40:35.563710+00:00,2824,21,code,azure_2023
2023-11-16 18:40:35.565735+00:00,1159,8,code,azure_2023
2023-11-16 18:40:35.638472+00:00,181,16,code,azure_2023
2023-11-16 18:40:35.667201+00:00,1478,18,code,azure_2023
2023-11-16 18:40:35.667241+00:00,7436,41,code,azure_2023
2023-11-16 18:40:35.668920+00:00,351,7,code,azure_2023
2023-11-16 18:40:35.727916+00:00,342,7,code,azure_2023
2023-11-16 18:40:35.761513+00:00,506,13,code,azure_2023
2023-11-16 18:40:35.761602+00:00,867,16,code,azure_2023
2023-11-16 18:40:35.827365+00:00,67,15,code,azure_2023
2023-11-16 18:40:35.859122+00:00,175,40,code,azure_2023
2023-11-16 18:40:35.861084+00:00,1482,31,code,azure_2023
2023-11-16 18:40:35.865543+00:00,7436,15,code,azure_2023
2023-11-16 18:40:35.960750+00:00,504,24,code,azure_2023
2023-11-16 18:40:35.963330+00:00,2446,46,code,azure_2023
2023-11-16 18:40:35.964085+00:00,354,11,code,azure_2023
2023-11-16 18:40:35.965170+00:00,4090,11,code,azure_2023
2023-11-16 18:40:36.062349+00:00,351,9,code,azure_2023
2023-11-16 18:40:36.163916+00:00,7436,10,code,azure_2023
2023-11-16 18:40:36.164039+00:00,7435,64,code,azure_2023
2023-11-16 18:40:36.259313+00:00,1480,6,code,azure_2023
2023-11-16 18:40:36.262315+00:00,2841,37,code,azure_2023
2023-11-16 18:40:36.265691+00:00,259,22,code,azure_2023
2023-11-16 18:40:36.363267+00:00,343,72,code,azure_2023
2023-11-16 18:40:36.364154+00:00,4559,30,code,azure_2023
2023-11-16 18:40:36.365205+00:00,33,6,code,azure_2023
2023-11-16 18:40:36.461120+00:00,1485,14,code,azure_2023
2023-11-16 18:40:36.462866+00:00,3073,781,code,azure_2023
2023-11-16 18:40:36.468186+00:00,1481,16,code,azure_2023
2023-11-16 18:40:36.468209+00:00,330,31,code,azure_2023
2023-11-16 18:40:36.565197+00:00,2599,55,code,azure_2023
2023-11-16 18:40:36.566003+00:00,507,16,code,azure_2023
2023-11-16 18:40:36.567416+00:00,4290,127,code,azure_2023
2023-11-16 18:40:36.568347+00:00,2959,21,code,azure_2023
2023-11-16 18:40:36.658791+00:00,816,8,code,azure_2023
2023-11-16 18:40:36.658860+00:00,357,18,code,azure_2023
2023-11-16 18:40:36.660779+00:00,4973,40,code,azure_2023
2023-11-16 18:40:36.660847+00:00,294,19,code,azure_2023
2023-11-16 18:40:36.666721+00:00,4559,37,code,azure_2023
2023-11-16 18:40:36.759426+00:00,5051,52,code,azure_2023
2023-11-16 18:40:36.762405+00:00,289,19,code,azure_2023
2023-11-16 18:40:36.765965+00:00,2824,19,code,azure_2023
2023-11-16 18:40:36.767772+00:00,369,45,code,azure_2023
2023-11-16 18:40:36.865022+00:00,1778,20,code,azure_2023
2023-11-16 18:40:36.866199+00:00,7436,10,code,azure_2023
2023-11-16 18:40:36.866410+00:00,2945,6,code,azure_2023
2023-11-16 18:40:36.868333+00:00,1476,8,code,azure_2023
2023-11-16 18:40:36.964128+00:00,1633,25,code,azure_2023
2023-11-16 18:40:37.161475+00:00,331,61,code,azure_2023
2023-11-16 18:40:37.164942+00:00,200,42,code,azure_2023
2023-11-16 18:40:37.168621+00:00,1491,9,code,azure_2023
2023-11-16 18:40:37.262918+00:00,343,97,code,azure_2023
2023-11-16 18:40:37.263172+00:00,297,9,code,azure_2023
2023-11-16 18:40:37.267193+00:00,3569,12,code,azure_2023
2023-11-16 18:40:37.267271+00:00,814,10,code,azure_2023
2023-11-16 18:40:37.361903+00:00,15,6,code,azure_2023
2023-11-16 18:40:37.366834+00:00,2132,13,code,azure_2023
2023-11-16 18:40:37.461125+00:00,202,10,code,azure_2023
2023-11-16 18:40:37.461148+00:00,7436,10,code,azure_2023
2023-11-16 18:40:37.463295+00:00,7435,93,code,azure_2023
2023-11-16 18:40:37.565808+00:00,1777,20,code,azure_2023
2023-11-16 18:40:37.567912+00:00,4972,286,code,azure_2023
2023-11-16 18:40:37.569011+00:00,1609,20,code,azure_2023
2023-11-16 18:40:37.569177+00:00,241,6,code,azure_2023
2023-11-16 18:40:37.665956+00:00,2366,10,code,azure_2023
2023-11-16 18:40:37.761966+00:00,1486,13,code,azure_2023
2023-11-16 18:40:37.763051+00:00,2828,35,code,azure_2023
2023-11-16 18:40:37.862282+00:00,203,58,code,azure_2023
2023-11-16 18:40:37.864103+00:00,2365,10,code,azure_2023
2023-11-16 18:40:37.963452+00:00,14,7,code,azure_2023
2023-11-16 18:40:38.158622+00:00,363,12,code,azure_2023
2023-11-16 18:40:38.162172+00:00,509,6,code,azure_2023
2023-11-16 18:40:38.166876+00:00,509,77,code,azure_2023
2023-11-16 18:40:38.168219+00:00,1611,6,code,azure_2023
2023-11-16 18:40:38.168260+00:00,371,9,code,azure_2023
2023-11-16 18:40:38.564259+00:00,371,11,code,azure_2023
2023-11-16 18:40:38.565230+00:00,7435,138,code,azure_2023
2023-11-16 18:40:38.568189+00:00,509,43,code,azure_2023
2023-11-16 18:40:42.261997+00:00,7437,17,code,azure_2023
2023-11-16 18:40:42.262207+00:00,1046,22,code,azure_2023
2023-11-16 18:40:43.357079+00:00,1490,9,code,azure_2023
2023-11-16 18:40:43.357190+00:00,529,27,code,azure_2023
2023-11-16 18:40:43.554955+00:00,768,6,code,azure_2023
2023-11-16 18:40:43.558022+00:00,30,14,code,azure_2023
2023-11-16 18:40:43.654744+00:00,4375,74,code,azure_2023
2023-11-16 18:40:43.853953+00:00,518,10,code,azure_2023
2023-11-16 18:40:43.860254+00:00,2108,14,code,azure_2023
2023-11-16 18:40:44.058792+00:00,1041,7,code,azure_2023
2023-11-16 18:40:44.254944+00:00,486,30,code,azure_2023
2023-11-16 18:40:44.455833+00:00,1033,6,code,azure_2023
2023-11-16 18:40:44.555580+00:00,1075,14,code,azure_2023
2023-11-16 18:40:44.556468+00:00,4439,15,code,azure_2023
2023-11-16 18:40:44.561498+00:00,2533,12,code,azure_2023
2023-11-16 18:40:44.656022+00:00,1492,7,code,azure_2023
2023-11-16 18:40:44.755063+00:00,911,76,code,azure_2023
2023-11-16 18:40:44.755116+00:00,1708,8,code,azure_2023
2023-11-16 18:40:44.765983+00:00,28,6,code,azure_2023
2023-11-16 18:40:44.958755+00:00,1493,8,code,azure_2023
2023-11-16 18:40:45.058047+00:00,1887,11,code,azure_2023
2023-11-16 18:40:45.154943+00:00,1708,8,code,azure_2023
2023-11-16 18:40:45.163914+00:00,6156,12,code,azure_2023
2023-11-16 18:40:45.256232+00:00,1075,19,code,azure_2023
2023-11-16 18:40:45.257057+00:00,169,18,code,azure_2023
2023-11-16 18:40:45.257113+00:00,1121,9,code,azure_2023
2023-11-16 18:40:45.657959+00:00,1888,7,code,azure_2023
2023-11-16 18:40:45.657966+00:00,359,6,code,azure_2023
2023-11-16 18:40:45.761200+00:00,1568,125,code,azure_2023
2023-11-16 18:40:45.853389+00:00,29,15,code,azure_2023
2023-11-16 18:40:45.856232+00:00,1075,27,code,azure_2023
2023-11-16 18:40:45.856263+00:00,1494,9,code,azure_2023
2023-11-16 18:40:45.861860+00:00,1047,8,code,azure_2023
2023-11-16 18:40:45.957643+00:00,1049,9,code,azure_2023
2023-11-16 18:40:45.957798+00:00,766,63,code,azure_2023
2023-11-16 18:40:45.958969+00:00,913,8,code,azure_2023
2023-11-16 18:40:45.961193+00:00,506,208,code,azure_2023
2023-11-16 18:40:46.060506+00:00,6162,16,code,azure_2023
2023-11-16 18:40:46.153292+00:00,1710,14,code,azure_2023
2023-11-16 18:40:46.174835+00:00,4623,92,code,azure_2023
2023-11-16 18:40:46.175029+00:00,1495,9,code,azure_2023
2023-11-16 18:40:46.175174+00:00,913,14,code,azure_2023
2023-11-16 18:40:46.257864+00:00,1495,7,code,azure_2023
2023-11-16 18:40:46.358338+00:00,240,12,code,azure_2023
2023-11-16 18:40:46.359813+00:00,505,45,code,azure_2023
2023-11-16 18:40:46.360029+00:00,1122,8,code,azure_2023
2023-11-16 18:40:46.360793+00:00,2534,10,code,azure_2023
2023-11-16 18:40:46.360809+00:00,1076,7,code,azure_2023
2023-11-16 18:40:46.458659+00:00,7437,21,code,azure_2023
2023-11-16 18:40:46.461522+00:00,1037,49,code,azure_2023
2023-11-16 18:40:46.556187+00:00,1712,7,code,azure_2023
2023-11-16 18:40:46.559286+00:00,7436,7,code,azure_2023
2023-11-16 18:40:46.560259+00:00,2536,66,code,azure_2023
2023-11-16 18:40:46.561446+00:00,1077,8,code,azure_2023
2023-11-16 18:40:46.660310+00:00,914,9,code,azure_2023
2023-11-16 18:40:46.660366+00:00,1888,7,code,azure_2023
2023-11-16 18:40:46.661845+00:00,4050,18,code,azure_2023
2023-11-16 18:40:46.663522+00:00,1723,19,code,azure_2023
2023-11-16 18:40:46.663767+00:00,505,26,code,azure_2023
2023-11-16 18:40:46.857905+00:00,175,11,code,azure_2023
2023-11-16 18:40:46.857968+00:00,4623,115,code,azure_2023
2023-11-16 18:40:46.858747+00:00,914,6,code,azure_2023
2023-11-16 18:40:46.861562+00:00,2927,9,code,azure_2023
2023-11-16 18:40:46.960873+00:00,1077,10,code,azure_2023
2023-11-16 18:40:47.059478+00:00,1050,18,code,azure_2023
2023-11-16 18:40:47.061322+00:00,535,6,code,azure_2023
2023-11-16 18:40:47.065505+00:00,1568,53,code,azure_2023
2023-11-16 18:40:47.065613+00:00,914,9,code,azure_2023
2023-11-16 18:40:47.156961+00:00,768,8,code,azure_2023
2023-11-16 18:40:47.457727+00:00,133,15,code,azure_2023
2023-11-16 18:40:47.462945+00:00,1882,55,code,azure_2023
2023-11-16 18:40:47.554173+00:00,4496,9,code,azure_2023
2023-11-16 18:40:47.556951+00:00,987,7,code,azure_2023
2023-11-16 18:40:47.557145+00:00,2127,73,code,azure_2023
2023-11-16 18:40:47.559143+00:00,1727,17,code,azure_2023
2023-11-16 18:40:47.560950+00:00,7436,11,code,azure_2023
2023-11-16 18:40:47.657833+00:00,602,62,code,azure_2023
2023-11-16 18:40:47.659867+00:00,1714,6,code,azure_2023
2023-11-16 18:40:47.660992+00:00,7435,9,code,azure_2023
2023-11-16 18:40:47.662044+00:00,987,8,code,azure_2023
2023-11-16 18:40:47.755489+00:00,2643,20,code,azure_2023
2023-11-16 18:40:47.757481+00:00,1897,7,code,azure_2023
2023-11-16 18:40:47.757510+00:00,351,6,code,azure_2023
2023-11-16 18:40:47.758525+00:00,1417,33,code,azure_2023
2023-11-16 18:40:47.759581+00:00,508,44,code,azure_2023
2023-11-16 18:40:47.761515+00:00,1078,37,code,azure_2023
2023-11-16 18:40:47.853300+00:00,1714,6,code,azure_2023
2023-11-16 18:40:47.859311+00:00,1896,8,code,azure_2023
2023-11-16 18:40:47.861531+00:00,1049,7,code,azure_2023
2023-11-16 18:40:47.956965+00:00,7436,9,code,azure_2023
2023-11-16 18:40:47.958890+00:00,1081,12,code,azure_2023
2023-11-16 18:40:47.958946+00:00,2844,36,code,azure_2023
2023-11-16 18:40:47.960328+00:00,1359,10,code,azure_2023
2023-11-16 18:40:47.960463+00:00,1419,6,code,azure_2023
2023-11-16 18:40:47.961504+00:00,7435,10,code,azure_2023
2023-11-16 18:40:47.964493+00:00,1232,14,code,azure_2023
2023-11-16 18:40:48.058789+00:00,2773,28,code,azure_2023
2023-11-16 18:40:48.059564+00:00,134,7,code,azure_2023
2023-11-16 18:40:48.059640+00:00,5226,11,code,azure_2023
2023-11-16 18:40:48.061722+00:00,1081,11,code,azure_2023
2023-11-16 18:40:48.254214+00:00,1078,16,code,azure_2023
2023-11-16 18:40:48.258590+00:00,669,9,code,azure_2023
2023-11-16 18:40:48.259288+00:00,4653,118,code,azure_2023
2023-11-16 18:40:48.362629+00:00,1892,76,code,azure_2023
2023-11-16 18:40:48.364263+00:00,1050,39,code,azure_2023
2023-11-16 18:40:48.457086+00:00,1839,9,code,azure_2023
2023-11-16 18:40:48.458272+00:00,6673,14,code,azure_2023
2023-11-16 18:40:48.460455+00:00,3898,149,code,azure_2023
2023-11-16 18:40:48.559733+00:00,4058,12,code,azure_2023
2023-11-16 18:40:48.559982+00:00,496,18,code,azure_2023
2023-11-16 18:40:48.655594+00:00,916,313,code,azure_2023
2023-11-16 18:40:48.659266+00:00,7432,8,code,azure_2023
2023-11-16 18:40:48.661315+00:00,32,12,code,azure_2023
2023-11-16 18:40:48.755601+00:00,836,6,code,azure_2023
2023-11-16 18:40:48.759606+00:00,2753,13,code,azure_2023
2023-11-16 18:40:48.762902+00:00,521,26,code,azure_2023
2023-11-16 18:40:48.762958+00:00,1039,7,code,azure_2023
2023-11-16 18:40:48.764102+00:00,3846,33,code,azure_2023
2023-11-16 18:40:48.765464+00:00,2467,12,code,azure_2023
2023-11-16 18:40:48.859934+00:00,2133,10,code,azure_2023
2023-11-16 18:40:48.956281+00:00,6674,16,code,azure_2023
2023-11-16 18:40:48.958469+00:00,1842,6,code,azure_2023
2023-11-16 18:40:48.958598+00:00,6644,63,code,azure_2023
2023-11-16 18:40:48.958757+00:00,2472,7,code,azure_2023
2023-11-16 18:40:48.959544+00:00,180,19,code,azure_2023
2023-11-16 18:40:49.053323+00:00,1902,61,code,azure_2023
2023-11-16 18:40:49.059192+00:00,671,6,code,azure_2023
2023-11-16 18:40:49.060992+00:00,3222,10,code,azure_2023
2023-11-16 18:40:49.156265+00:00,4061,19,code,azure_2023
2023-11-16 18:40:49.164284+00:00,2264,27,code,azure_2023
2023-11-16 18:40:49.164452+00:00,671,6,code,azure_2023
2023-11-16 18:40:49.165368+00:00,1149,10,code,azure_2023
2023-11-16 18:40:49.165485+00:00,129,10,code,azure_2023
2023-11-16 18:40:49.254048+00:00,38,70,code,azure_2023
2023-11-16 18:40:49.361177+00:00,3937,168,code,azure_2023
2023-11-16 18:40:49.453626+00:00,1842,6,code,azure_2023
2023-11-16 18:40:49.454865+00:00,2468,10,code,azure_2023
2023-11-16 18:40:49.461080+00:00,2264,12,code,azure_2023
2023-11-16 18:40:49.558634+00:00,1153,12,code,azure_2023
2023-11-16 18:40:49.561253+00:00,1359,16,code,azure_2023
2023-11-16 18:40:49.565221+00:00,7427,8,code,azure_2023
2023-11-16 18:40:49.655428+00:00,1589,9,code,azure_2023
2023-11-16 18:40:49.659993+00:00,1153,12,code,azure_2023
2023-11-16 18:40:49.661918+00:00,671,24,code,azure_2023
2023-11-16 18:40:49.756972+00:00,4063,17,code,azure_2023
2023-11-16 18:40:49.758652+00:00,1841,14,code,azure_2023
2023-11-16 18:40:49.758714+00:00,958,13,code,azure_2023
2023-11-16 18:40:49.853180+00:00,40,7,code,azure_2023
2023-11-16 18:40:49.856997+00:00,2120,43,code,azure_2023
2023-11-16 18:40:49.860512+00:00,960,16,code,azure_2023
2023-11-16 18:40:49.865285+00:00,131,24,code,azure_2023
2023-11-16 18:40:49.957321+00:00,672,8,code,azure_2023
2023-11-16 18:40:49.957401+00:00,480,9,code,azure_2023
2023-11-16 18:40:49.958329+00:00,918,31,code,azure_2023
2023-11-16 18:40:49.961336+00:00,1718,9,code,azure_2023
2023-11-16 18:40:56.617780+00:00,877,12,code,azure_2023
2023-11-16 18:40:56.623276+00:00,1423,10,code,azure_2023
2023-11-16 18:40:56.623426+00:00,144,61,code,azure_2023
2023-11-16 18:40:56.817484+00:00,210,18,code,azure_2023
2023-11-16 18:40:57.016165+00:00,1692,7,code,azure_2023
2023-11-16 18:40:57.018505+00:00,2562,11,code,azure_2023
2023-11-16 18:40:57.020580+00:00,3206,194,code,azure_2023
2023-11-16 18:40:57.120774+00:00,264,50,code,azure_2023
2023-11-16 18:40:57.120785+00:00,112,15,code,azure_2023
2023-11-16 18:40:57.121614+00:00,6388,36,code,azure_2023
2023-11-16 18:40:57.121648+00:00,1426,9,code,azure_2023
2023-11-16 18:40:58.520353+00:00,480,10,code,azure_2023
2023-11-16 18:40:58.623935+00:00,1172,10,code,azure_2023
2023-11-16 18:40:58.714580+00:00,2430,12,code,azure_2023
2023-11-16 18:40:58.714659+00:00,2189,12,code,azure_2023
2023-11-16 18:40:58.725048+00:00,2118,7,code,azure_2023
2023-11-16 18:40:58.818800+00:00,2017,8,code,azure_2023
2023-11-16 18:40:58.921392+00:00,2810,44,code,azure_2023
2023-11-16 18:40:58.924889+00:00,2915,7,code,azure_2023
2023-11-16 18:40:59.016891+00:00,187,6,code,azure_2023
2023-11-16 18:40:59.018821+00:00,1778,9,code,azure_2023
2023-11-16 18:40:59.021378+00:00,2119,6,code,azure_2023
2023-11-16 18:40:59.022339+00:00,1463,43,code,azure_2023
2023-11-16 18:40:59.025301+00:00,1409,21,code,azure_2023
2023-11-16 18:40:59.214866+00:00,206,6,code,azure_2023
2023-11-16 18:40:59.218600+00:00,863,51,code,azure_2023
2023-11-16 18:40:59.220207+00:00,187,6,code,azure_2023
2023-11-16 18:40:59.220268+00:00,1474,43,code,azure_2023
2023-11-16 18:40:59.221431+00:00,509,30,code,azure_2023
2023-11-16 18:40:59.618108+00:00,217,9,code,azure_2023
2023-11-16 18:40:59.623787+00:00,497,6,code,azure_2023
2023-11-16 18:40:59.719008+00:00,2364,6,code,azure_2023
2023-11-16 18:41:00.521828+00:00,2654,6,code,azure_2023
2023-11-16 18:41:00.616925+00:00,206,16,code,azure_2023
2023-11-16 18:41:00.618977+00:00,1506,8,code,azure_2023
2023-11-16 18:41:00.619050+00:00,2562,11,code,azure_2023
2023-11-16 18:41:00.624950+00:00,2658,15,code,azure_2023
2023-11-16 18:41:00.818356+00:00,2218,23,code,azure_2023
2023-11-16 18:41:00.821629+00:00,1691,9,code,azure_2023
2023-11-16 18:41:00.916147+00:00,2826,7,code,azure_2023
2023-11-16 18:41:00.919117+00:00,1506,16,code,azure_2023
2023-11-16 18:41:00.920306+00:00,499,10,code,azure_2023
2023-11-16 18:41:00.923007+00:00,865,70,code,azure_2023
2023-11-16 18:41:00.923358+00:00,974,18,code,azure_2023
2023-11-16 18:41:01.014713+00:00,2058,10,code,azure_2023
2023-11-16 18:41:01.020610+00:00,1427,14,code,azure_2023
2023-11-16 18:41:01.117229+00:00,1011,9,code,azure_2023
2023-11-16 18:41:01.117490+00:00,71,20,code,azure_2023
2023-11-16 18:41:01.120509+00:00,2058,10,code,azure_2023
2023-11-16 18:41:04.719433+00:00,266,23,code,azure_2023
2023-11-16 18:41:04.825146+00:00,1507,12,code,azure_2023
2023-11-16 18:41:04.919715+00:00,1428,7,code,azure_2023
2023-11-16 18:41:05.217495+00:00,2660,12,code,azure_2023
2023-11-16 18:41:05.220708+00:00,1783,34,code,azure_2023
2023-11-16 18:41:05.522131+00:00,2430,48,code,azure_2023
2023-11-16 18:41:05.522283+00:00,271,10,code,azure_2023
2023-11-16 18:41:05.618760+00:00,4744,46,code,azure_2023
2023-11-16 18:41:05.619774+00:00,2124,58,code,azure_2023
2023-11-16 18:41:06.538170+00:00,741,30,code,azure_2023
2023-11-16 18:41:06.634310+00:00,7389,14,code,azure_2023
2023-11-16 18:41:06.638231+00:00,258,51,code,azure_2023
2023-11-16 18:41:06.714235+00:00,222,9,code,azure_2023
2023-11-16 18:41:06.721416+00:00,1476,18,code,azure_2023
2023-11-16 18:41:06.722936+00:00,270,19,code,azure_2023
2023-11-16 18:41:06.723015+00:00,511,21,code,azure_2023
2023-11-16 18:41:07.038595+00:00,135,45,code,azure_2023
2023-11-16 18:41:07.136444+00:00,1231,164,code,azure_2023
2023-11-16 18:41:07.173659+00:00,7429,15,code,azure_2023
2023-11-16 18:41:07.336545+00:00,1774,16,code,azure_2023
2023-11-16 18:41:07.340790+00:00,1130,33,code,azure_2023
2023-11-16 18:41:07.383652+00:00,1772,10,code,azure_2023
2023-11-16 18:41:07.386739+00:00,756,37,code,azure_2023
2023-11-16 18:41:07.438189+00:00,299,13,code,azure_2023
2023-11-16 18:41:07.488762+00:00,488,43,code,azure_2023
2023-11-16 18:41:07.539993+00:00,1233,7,code,azure_2023
2023-11-16 18:41:07.583513+00:00,93,14,code,azure_2023
2023-11-16 18:41:07.734496+00:00,1775,6,code,azure_2023
2023-11-16 18:41:07.815668+00:00,1429,18,code,azure_2023
2023-11-16 18:41:07.847020+00:00,3604,10,code,azure_2023
2023-11-16 18:41:07.934417+00:00,1103,50,code,azure_2023
2023-11-16 18:41:07.961034+00:00,54,15,code,azure_2023
2023-11-16 18:41:08.018056+00:00,4746,31,code,azure_2023
2023-11-16 18:41:08.018946+00:00,680,29,code,azure_2023
2023-11-16 18:41:08.040042+00:00,1233,7,code,azure_2023
2023-11-16 18:41:08.117085+00:00,2988,10,code,azure_2023
2023-11-16 18:41:08.118893+00:00,270,15,code,azure_2023
2023-11-16 18:41:08.118990+00:00,1476,49,code,azure_2023
2023-11-16 18:41:08.120086+00:00,1479,9,code,azure_2023
2023-11-16 18:41:08.123046+00:00,272,13,code,azure_2023
2023-11-16 18:41:08.123701+00:00,6523,22,code,azure_2023
2023-11-16 18:41:08.124715+00:00,4745,17,code,azure_2023
2023-11-16 18:41:08.217433+00:00,2659,14,code,azure_2023
2023-11-16 18:41:08.220070+00:00,2156,10,code,azure_2023
2023-11-16 18:41:08.221994+00:00,726,6,code,azure_2023
2023-11-16 18:41:08.222114+00:00,277,7,code,azure_2023
2023-11-16 18:41:08.234281+00:00,912,8,code,azure_2023
2023-11-16 18:41:08.318285+00:00,868,36,code,azure_2023
2023-11-16 18:41:08.375042+00:00,1290,13,code,azure_2023
2023-11-16 18:41:08.420304+00:00,4745,16,code,azure_2023
2023-11-16 18:41:08.467398+00:00,135,48,code,azure_2023
2023-11-16 18:41:08.478617+00:00,1927,18,code,azure_2023
2023-11-16 18:41:08.478681+00:00,1555,9,code,azure_2023
2023-11-16 18:41:08.485330+00:00,2020,7,code,azure_2023
2023-11-16 18:41:08.524965+00:00,227,592,code,azure_2023
2023-11-16 18:41:08.581796+00:00,66,19,code,azure_2023
2023-11-16 18:41:08.588779+00:00,3648,9,code,azure_2023
2023-11-16 18:41:08.618599+00:00,32,258,code,azure_2023
2023-11-16 18:41:08.621036+00:00,4995,13,code,azure_2023
2023-11-16 18:41:08.638454+00:00,4278,57,code,azure_2023
2023-11-16 18:41:08.683414+00:00,1771,31,code,azure_2023
2023-11-16 18:41:08.685332+00:00,1783,8,code,azure_2023
2023-11-16 18:41:08.685421+00:00,6400,9,code,azure_2023
2023-11-16 18:41:08.720146+00:00,3876,9,code,azure_2023
2023-11-16 18:41:08.722386+00:00,2663,10,code,azure_2023
2023-11-16 18:41:08.724800+00:00,33,8,code,azure_2023
2023-11-16 18:41:08.784247+00:00,3650,14,code,azure_2023
2023-11-16 18:41:08.784489+00:00,1485,34,code,azure_2023
2023-11-16 18:41:08.821540+00:00,4744,13,code,azure_2023
2023-11-16 18:41:08.822563+00:00,37,10,code,azure_2023
2023-11-16 18:41:08.887321+00:00,1587,8,code,azure_2023
2023-11-16 18:41:08.888286+00:00,5820,28,code,azure_2023
2023-11-16 18:41:08.889336+00:00,1771,13,code,azure_2023
2023-11-16 18:41:08.920690+00:00,472,8,code,azure_2023
2023-11-16 18:41:08.980088+00:00,50,28,code,azure_2023
2023-11-16 18:41:08.983316+00:00,880,11,code,azure_2023
2023-11-16 18:41:09.016979+00:00,3879,7,code,azure_2023
2023-11-16 18:41:09.024476+00:00,2990,6,code,azure_2023
2023-11-16 18:41:09.041891+00:00,912,8,code,azure_2023
2023-11-16 18:41:09.080518+00:00,259,9,code,azure_2023
2023-11-16 18:41:09.081956+00:00,3648,12,code,azure_2023
2023-11-16 18:41:09.083791+00:00,1587,10,code,azure_2023
2023-11-16 18:41:09.084123+00:00,3650,11,code,azure_2023
2023-11-16 18:41:09.121002+00:00,4745,11,code,azure_2023
2023-11-16 18:41:09.123711+00:00,1479,86,code,azure_2023
2023-11-16 18:41:09.218690+00:00,1479,55,code,azure_2023
2023-11-16 18:41:09.219816+00:00,85,9,code,azure_2023
2023-11-16 18:41:09.275222+00:00,1492,10,code,azure_2023
2023-11-16 18:41:09.324535+00:00,188,8,code,azure_2023
2023-11-16 18:41:09.418426+00:00,2661,12,code,azure_2023
2023-11-16 18:41:09.423105+00:00,2127,24,code,azure_2023
2023-11-16 18:41:09.435629+00:00,1133,28,code,azure_2023
2023-11-16 18:41:09.477563+00:00,5822,7,code,azure_2023
2023-11-16 18:41:09.580084+00:00,1236,7,code,azure_2023
2023-11-16 18:41:09.580289+00:00,88,15,code,azure_2023
2023-11-16 18:41:09.580384+00:00,5822,8,code,azure_2023
2023-11-16 18:41:09.587322+00:00,2516,52,code,azure_2023
2023-11-16 18:41:09.653042+00:00,1148,37,code,azure_2023
2023-11-16 18:41:09.714171+00:00,1348,12,code,azure_2023
2023-11-16 18:41:09.721430+00:00,4745,12,code,azure_2023
2023-11-16 18:41:09.722412+00:00,46,232,code,azure_2023
2023-11-16 18:41:09.722661+00:00,729,7,code,azure_2023
2023-11-16 18:41:09.725139+00:00,284,14,code,azure_2023
2023-11-16 18:41:09.917542+00:00,32,34,code,azure_2023
2023-11-16 18:41:09.922114+00:00,577,9,code,azure_2023
2023-11-16 18:41:10.384434+00:00,1334,9,code,azure_2023
2023-11-16 18:41:10.587379+00:00,194,8,code,azure_2023
2023-11-16 18:41:10.678408+00:00,1772,38,code,azure_2023
2023-11-16 18:41:10.678432+00:00,2283,9,code,azure_2023
2023-11-16 18:41:11.384996+00:00,5823,19,code,azure_2023
2023-11-16 18:41:11.486316+00:00,1486,79,code,azure_2023
2023-11-16 18:41:11.486463+00:00,5823,9,code,azure_2023
2023-11-16 18:41:11.486643+00:00,7434,11,code,azure_2023
2023-11-16 18:41:11.579299+00:00,3652,16,code,azure_2023
2023-11-16 18:41:11.582979+00:00,194,94,code,azure_2023
2023-11-16 18:41:11.585514+00:00,1487,79,code,azure_2023
2023-11-16 18:41:11.682564+00:00,533,9,code,azure_2023
2023-11-16 18:41:11.784113+00:00,1391,12,code,azure_2023
2023-11-16 18:41:11.788176+00:00,2707,47,code,azure_2023
2023-11-16 18:41:11.788940+00:00,91,34,code,azure_2023
2023-11-16 18:41:11.789124+00:00,7435,29,code,azure_2023
2023-11-16 18:41:11.878008+00:00,2285,12,code,azure_2023
2023-11-16 18:41:11.981719+00:00,201,79,code,azure_2023
2023-11-16 18:41:12.680345+00:00,3655,13,code,azure_2023
2023-11-16 18:41:12.680495+00:00,94,73,code,azure_2023
2023-11-16 18:41:12.685525+00:00,5826,19,code,azure_2023
2023-11-16 18:41:12.783323+00:00,1761,12,code,azure_2023
2023-11-16 18:41:12.783469+00:00,2515,43,code,azure_2023
2023-11-16 18:41:14.382333+00:00,2193,15,code,azure_2023
2023-11-16 18:41:14.488627+00:00,1488,79,code,azure_2023
2023-11-16 18:41:14.579466+00:00,483,7,code,azure_2023
2023-11-16 18:41:14.579554+00:00,480,10,code,azure_2023
2023-11-16 18:41:14.780669+00:00,96,31,code,azure_2023
2023-11-16 18:41:16.380926+00:00,1393,6,code,azure_2023
2023-11-16 18:41:18.586093+00:00,2129,6,code,azure_2023
2023-11-16 18:41:18.681871+00:00,7436,28,code,azure_2023
2023-11-16 18:41:18.681996+00:00,201,190,code,azure_2023
2023-11-16 18:41:18.682076+00:00,2193,14,code,azure_2023
2023-11-16 18:41:18.780469+00:00,173,15,code,azure_2023
2023-11-16 18:41:18.786276+00:00,533,30,code,azure_2023
2023-11-16 18:41:18.982103+00:00,5827,34,code,azure_2023
2023-11-16 18:41:18.988023+00:00,98,20,code,azure_2023
2023-11-16 18:41:19.084581+00:00,1555,15,code,azure_2023
2023-11-16 18:41:19.084624+00:00,483,49,code,azure_2023
2023-11-16 18:41:19.182334+00:00,1778,9,code,azure_2023
2023-11-16 18:41:19.285412+00:00,2518,14,code,azure_2023
2023-11-16 18:41:19.285523+00:00,1763,26,code,azure_2023
2023-11-16 18:41:19.681102+00:00,6078,33,code,azure_2023
2023-11-16 18:41:19.783594+00:00,3657,26,code,azure_2023
2023-11-16 18:41:42.853118+00:00,1006,16,code,azure_2023
2023-11-16 18:41:43.138878+00:00,4462,14,code,azure_2023
2023-11-16 18:41:43.197623+00:00,1464,69,code,azure_2023
2023-11-16 18:41:43.555624+00:00,389,6,code,azure_2023
2023-11-16 18:41:43.853428+00:00,6293,11,code,azure_2023
2023-11-16 18:41:43.857434+00:00,1006,11,code,azure_2023
2023-11-16 18:41:43.857666+00:00,1746,16,code,azure_2023
2023-11-16 18:41:43.953218+00:00,1031,42,code,azure_2023
2023-11-16 18:41:44.178721+00:00,1280,12,code,azure_2023
2023-11-16 18:41:44.460619+00:00,1109,11,code,azure_2023
2023-11-16 18:41:44.478982+00:00,4464,18,code,azure_2023
2023-11-16 18:41:44.754829+00:00,653,6,code,azure_2023
2023-11-16 18:41:44.854880+00:00,2160,12,code,azure_2023
2023-11-16 18:41:44.953128+00:00,4338,14,code,azure_2023
2023-11-16 18:41:45.007776+00:00,176,61,code,azure_2023
2023-11-16 18:41:45.268888+00:00,7436,12,code,azure_2023
2023-11-16 18:41:45.312357+00:00,151,48,code,azure_2023
2023-11-16 18:41:45.744921+00:00,4340,12,code,azure_2023
2023-11-16 18:41:45.996328+00:00,1452,202,code,azure_2023
2023-11-16 18:41:46.010746+00:00,976,6,code,azure_2023
2023-11-16 18:41:46.169164+00:00,389,9,code,azure_2023
2023-11-16 18:41:46.196414+00:00,2124,6,code,azure_2023
2023-11-16 18:41:46.259016+00:00,1748,58,code,azure_2023
2023-11-16 18:41:46.259066+00:00,7436,16,code,azure_2023
2023-11-16 18:41:46.259078+00:00,1771,9,code,azure_2023
2023-11-16 18:41:46.259084+00:00,7435,9,code,azure_2023
2023-11-16 18:41:46.259125+00:00,1194,9,code,azure_2023
2023-11-16 18:41:46.568642+00:00,1751,6,code,azure_2023
2023-11-16 18:41:46.615762+00:00,4468,19,code,azure_2023
2023-11-16 18:41:46.881744+00:00,979,8,code,azure_2023
2023-11-16 18:41:46.913093+00:00,6292,10,code,azure_2023
2023-11-16 18:41:47.026623+00:00,1464,17,code,azure_2023
2023-11-16 18:41:47.157795+00:00,3137,9,code,azure_2023
2023-11-16 18:41:47.282162+00:00,1464,13,code,azure_2023
2023-11-16 18:41:47.293358+00:00,653,11,code,azure_2023
2023-11-16 18:41:47.619159+00:00,1006,8,code,azure_2023
2023-11-16 18:41:47.679965+00:00,2364,6,code,azure_2023
2023-11-16 18:41:48.496845+00:00,1096,13,code,azure_2023
2023-11-16 18:41:48.572003+00:00,1006,14,code,azure_2023
2023-11-16 18:41:48.729424+00:00,1464,32,code,azure_2023
2023-11-16 18:41:48.953139+00:00,4469,13,code,azure_2023
2023-11-16 18:41:49.153304+00:00,152,28,code,azure_2023
2023-11-16 18:41:49.155273+00:00,986,26,code,azure_2023
2023-11-16 18:41:49.155359+00:00,1940,11,code,azure_2023
2023-11-16 18:41:49.257399+00:00,392,11,code,azure_2023
2023-11-16 18:41:49.353367+00:00,2404,14,code,azure_2023
2023-11-16 18:41:49.358047+00:00,767,21,code,azure_2023
2023-11-16 18:41:49.459218+00:00,2647,21,code,azure_2023
2023-11-16 18:41:49.653432+00:00,3150,14,code,azure_2023
2023-11-16 18:41:49.658643+00:00,152,16,code,azure_2023
2023-11-16 18:41:49.658668+00:00,4470,12,code,azure_2023
2023-11-16 18:41:49.854262+00:00,2408,10,code,azure_2023
2023-11-16 18:41:50.193929+00:00,389,9,code,azure_2023
2023-11-16 18:41:50.355071+00:00,7436,18,code,azure_2023
2023-11-16 18:41:50.387817+00:00,1454,40,code,azure_2023
2023-11-16 18:41:50.653218+00:00,4578,44,code,azure_2023
2023-11-16 18:41:50.707719+00:00,153,14,code,azure_2023
2023-11-16 18:41:50.853692+00:00,7437,13,code,azure_2023
2023-11-16 18:41:51.053278+00:00,4470,10,code,azure_2023
2023-11-16 18:41:51.259839+00:00,4804,132,code,azure_2023
2023-11-16 18:41:51.491289+00:00,2409,12,code,azure_2023
2023-11-16 18:41:51.617005+00:00,1798,11,code,azure_2023
2023-11-16 18:41:51.668767+00:00,2647,30,code,azure_2023
2023-11-16 18:41:51.753352+00:00,1174,199,code,azure_2023
2023-11-16 18:41:51.754697+00:00,2162,14,code,azure_2023
2023-11-16 18:41:51.853210+00:00,7435,9,code,azure_2023
2023-11-16 18:41:51.954192+00:00,764,13,code,azure_2023
2023-11-16 18:41:52.053164+00:00,7436,17,code,azure_2023
2023-11-16 18:41:52.054710+00:00,5475,8,code,azure_2023
2023-11-16 18:41:52.153249+00:00,1454,45,code,azure_2023
2023-11-16 18:41:52.153311+00:00,660,25,code,azure_2023
2023-11-16 18:41:52.154673+00:00,4471,11,code,azure_2023
2023-11-16 18:41:52.423502+00:00,2365,6,code,azure_2023
2023-11-16 18:41:52.473578+00:00,2409,26,code,azure_2023
2023-11-16 18:41:52.553139+00:00,989,139,code,azure_2023
2023-11-16 18:41:52.729676+00:00,2648,13,code,azure_2023
2023-11-16 18:41:52.792169+00:00,1179,6,code,azure_2023
2023-11-16 18:41:52.870228+00:00,662,13,code,azure_2023
2023-11-16 18:41:53.037480+00:00,1801,18,code,azure_2023
2023-11-16 18:41:53.087524+00:00,1609,10,code,azure_2023
2023-11-16 18:41:53.111382+00:00,394,49,code,azure_2023
2023-11-16 18:41:53.505707+00:00,2162,14,code,azure_2023
2023-11-16 18:41:53.576016+00:00,6112,21,code,azure_2023
2023-11-16 18:41:54.018892+00:00,4474,12,code,azure_2023
2023-11-16 18:41:54.053916+00:00,1179,9,code,azure_2023
2023-11-16 18:41:54.133655+00:00,1010,11,code,azure_2023
2023-11-16 18:41:54.160783+00:00,2651,24,code,azure_2023
2023-11-16 18:41:54.279247+00:00,2161,8,code,azure_2023
2023-11-16 18:41:54.344809+00:00,123,13,code,azure_2023
2023-11-16 18:41:54.785160+00:00,4794,153,code,azure_2023
2023-11-16 18:41:54.791093+00:00,1612,12,code,azure_2023
2023-11-16 18:41:54.797221+00:00,1653,9,code,azure_2023
2023-11-16 18:41:55.004657+00:00,1803,10,code,azure_2023
2023-11-16 18:41:55.053852+00:00,4582,44,code,azure_2023
2023-11-16 18:41:55.153110+00:00,2310,22,code,azure_2023
2023-11-16 18:41:55.288818+00:00,3686,29,code,azure_2023
2023-11-16 18:41:55.654192+00:00,2232,6,code,azure_2023
2023-11-16 18:41:55.656178+00:00,123,17,code,azure_2023
2023-11-16 18:42:03.291598+00:00,296,16,code,azure_2023
2023-11-16 18:42:03.579642+00:00,4063,6,code,azure_2023
2023-11-16 18:42:03.621820+00:00,7385,17,code,azure_2023
2023-11-16 18:42:03.789524+00:00,2378,34,code,azure_2023
2023-11-16 18:42:03.977960+00:00,1482,9,code,azure_2023
2023-11-16 18:42:04.078236+00:00,1415,29,code,azure_2023
2023-11-16 18:42:04.098360+00:00,74,47,code,azure_2023
2023-11-16 18:42:04.278377+00:00,2990,7,code,azure_2023
2023-11-16 18:42:04.385719+00:00,359,14,code,azure_2023
2023-11-16 18:42:04.385819+00:00,1414,11,code,azure_2023
2023-11-16 18:42:04.880751+00:00,2557,6,code,azure_2023
2023-11-16 18:42:05.078601+00:00,2451,13,code,azure_2023
2023-11-16 18:42:05.103592+00:00,2794,9,code,azure_2023
2023-11-16 18:42:05.179939+00:00,3066,7,code,azure_2023
2023-11-16 18:42:05.278245+00:00,2544,7,code,azure_2023
2023-11-16 18:42:05.282458+00:00,72,22,code,azure_2023
2023-11-16 18:42:05.389556+00:00,2725,8,code,azure_2023
2023-11-16 18:42:05.679018+00:00,4326,22,code,azure_2023
2023-11-16 18:42:05.879104+00:00,2382,9,code,azure_2023
2023-11-16 18:42:06.178173+00:00,2704,7,code,azure_2023
2023-11-16 18:42:06.185300+00:00,7431,19,code,azure_2023
2023-11-16 18:42:06.248435+00:00,73,23,code,azure_2023
2023-11-16 18:42:06.300093+00:00,6079,55,code,azure_2023
2023-11-16 18:42:06.477547+00:00,4063,22,code,azure_2023
2023-11-16 18:42:06.492599+00:00,4195,148,code,azure_2023
2023-11-16 18:42:06.680499+00:00,72,18,code,azure_2023
2023-11-16 18:42:06.819885+00:00,2544,13,code,azure_2023
2023-11-16 18:42:06.829985+00:00,2382,28,code,azure_2023
2023-11-16 18:42:07.080130+00:00,143,25,code,azure_2023
2023-11-16 18:42:07.314224+00:00,2795,12,code,azure_2023
2023-11-16 18:42:07.378437+00:00,1785,49,code,azure_2023
2023-11-16 18:42:07.480401+00:00,1622,88,code,azure_2023
2023-11-16 18:42:07.680194+00:00,2546,10,code,azure_2023
2023-11-16 18:42:07.978114+00:00,2382,20,code,azure_2023
2023-11-16 18:42:08.178199+00:00,2796,6,code,azure_2023
2023-11-16 18:42:08.497358+00:00,1410,97,code,azure_2023
2023-11-16 18:42:08.680844+00:00,2545,13,code,azure_2023
2023-11-16 18:42:08.780449+00:00,2818,7,code,azure_2023
2023-11-16 18:42:08.780560+00:00,2383,14,code,azure_2023
2023-11-16 18:43:31.532719+00:00,757,7,code,azure_2023
2023-11-16 18:43:31.534922+00:00,7432,13,code,azure_2023
2023-11-16 18:43:31.538937+00:00,3224,9,code,azure_2023
2023-11-16 18:43:31.631772+00:00,3154,15,code,azure_2023
2023-11-16 18:43:31.729403+00:00,48,19,code,azure_2023
2023-11-16 18:43:31.733984+00:00,5226,28,code,azure_2023
2023-11-16 18:43:31.734026+00:00,2242,33,code,azure_2023
2023-11-16 18:43:31.834651+00:00,1115,18,code,azure_2023
2023-11-16 18:43:31.934383+00:00,3008,9,code,azure_2023
2023-11-16 18:43:32.029931+00:00,368,11,code,azure_2023
2023-11-16 18:43:32.030617+00:00,758,33,code,azure_2023
2023-11-16 18:43:32.325462+00:00,758,9,code,azure_2023
2023-11-16 18:43:32.348464+00:00,1041,9,code,azure_2023
2023-11-16 18:43:32.657879+00:00,3224,26,code,azure_2023
2023-11-16 18:43:32.826761+00:00,1399,48,code,azure_2023
2023-11-16 18:43:32.937698+00:00,2148,27,code,azure_2023
2023-11-16 18:43:33.052090+00:00,2476,9,code,azure_2023
2023-11-16 18:43:33.053378+00:00,370,9,code,azure_2023
2023-11-16 18:43:33.149722+00:00,7436,37,code,azure_2023
2023-11-16 18:43:33.226198+00:00,2286,9,code,azure_2023
2023-11-16 18:43:33.400539+00:00,1549,6,code,azure_2023
2023-11-16 18:43:33.465946+00:00,3152,17,code,azure_2023
2023-11-16 18:43:33.627522+00:00,6652,9,code,azure_2023
2023-11-16 18:43:33.726826+00:00,1107,23,code,azure_2023
2023-11-16 18:43:35.725868+00:00,5250,12,code,azure_2023
2023-11-16 18:43:35.726116+00:00,1723,58,code,azure_2023
2023-11-16 18:43:35.726857+00:00,759,49,code,azure_2023
2023-11-16 18:43:35.826477+00:00,2681,10,code,azure_2023
2023-11-16 18:43:35.827447+00:00,3733,10,code,azure_2023
2023-11-16 18:43:35.832064+00:00,760,9,code,azure_2023
2023-11-16 18:43:36.726082+00:00,3225,23,code,azure_2023
2023-11-16 18:43:36.729350+00:00,4554,16,code,azure_2023
2023-11-16 18:43:36.734821+00:00,2889,7,code,azure_2023
2023-11-16 18:43:36.826161+00:00,2830,7,code,azure_2023
2023-11-16 18:43:36.826394+00:00,1653,12,code,azure_2023
2023-11-16 18:43:37.228530+00:00,1121,21,code,azure_2023
2023-11-16 18:43:37.228747+00:00,2476,9,code,azure_2023
2023-11-16 18:43:37.234008+00:00,6278,34,code,azure_2023
2023-11-16 18:43:37.331584+00:00,761,35,code,azure_2023
2023-11-16 18:43:37.427493+00:00,2788,24,code,azure_2023
2023-11-16 18:43:38.537981+00:00,1110,12,code,azure_2023
2023-11-16 18:43:38.728836+00:00,50,6,code,azure_2023
2023-11-16 18:43:38.734266+00:00,2888,13,code,azure_2023
2023-11-16 18:43:38.825750+00:00,761,9,code,azure_2023
2023-11-16 18:43:38.832292+00:00,6348,14,code,azure_2023
2023-11-16 18:43:38.927716+00:00,761,9,code,azure_2023
2023-11-16 18:43:39.531376+00:00,3227,42,code,azure_2023
2023-11-16 18:43:39.633439+00:00,760,23,code,azure_2023
2023-11-16 18:43:39.633589+00:00,50,13,code,azure_2023
2023-11-16 18:43:41.533735+00:00,2003,16,code,azure_2023
2023-11-16 18:43:41.626370+00:00,175,72,code,azure_2023
2023-11-16 18:43:41.630700+00:00,759,29,code,azure_2023
2023-11-16 18:43:41.727232+00:00,1111,20,code,azure_2023
2023-11-16 18:43:41.727390+00:00,2202,15,code,azure_2023
2023-11-16 18:43:41.733332+00:00,1113,13,code,azure_2023
2023-11-16 18:43:42.531991+00:00,176,13,code,azure_2023
2023-11-16 18:43:42.538538+00:00,1884,75,code,azure_2023
2023-11-16 18:43:42.632061+00:00,2202,30,code,azure_2023
2023-11-16 18:43:42.726896+00:00,760,29,code,azure_2023
2023-11-16 18:43:42.733387+00:00,1124,18,code,azure_2023
2023-11-16 18:43:42.830266+00:00,1128,14,code,azure_2023
2023-11-16 18:43:42.934466+00:00,908,58,code,azure_2023
2023-11-16 18:43:43.226217+00:00,1080,13,code,azure_2023
2023-11-16 18:43:43.234650+00:00,1124,18,code,azure_2023
2023-11-16 18:43:43.331212+00:00,5224,24,code,azure_2023
2023-11-16 18:43:43.336877+00:00,177,34,code,azure_2023
2023-11-16 18:43:43.428440+00:00,759,67,code,azure_2023
2023-11-16 18:43:43.430569+00:00,5226,28,code,azure_2023
2023-11-16 18:43:43.433128+00:00,1403,9,code,azure_2023
2023-11-16 18:43:43.434800+00:00,4559,15,code,azure_2023
2023-11-16 18:43:43.525447+00:00,2326,6,code,azure_2023
2023-11-16 18:43:43.531178+00:00,760,43,code,azure_2023
2023-11-16 18:43:43.832345+00:00,1124,16,code,azure_2023
2023-11-16 18:43:43.832422+00:00,2796,22,code,azure_2023
2023-11-16 18:43:43.833448+00:00,178,106,code,azure_2023
2023-11-16 18:43:43.834638+00:00,761,13,code,azure_2023
2023-11-16 18:43:44.028107+00:00,1131,13,code,azure_2023
2023-11-16 18:43:44.029913+00:00,2333,8,code,azure_2023
2023-11-16 18:43:44.030848+00:00,1900,217,code,azure_2023
2023-11-16 18:43:44.033334+00:00,1902,9,code,azure_2023
2023-11-16 18:43:44.130693+00:00,761,93,code,azure_2023
2023-11-16 18:43:44.230823+00:00,3225,7,code,azure_2023
2023-11-16 18:43:44.234986+00:00,762,11,code,azure_2023
2023-11-16 18:43:44.237823+00:00,4560,14,code,azure_2023
2023-11-16 18:43:44.237945+00:00,762,13,code,azure_2023
2023-11-16 18:43:44.325432+00:00,178,56,code,azure_2023
2023-11-16 18:43:44.327131+00:00,2798,17,code,azure_2023
2023-11-16 18:43:44.327401+00:00,2889,13,code,azure_2023
2023-11-16 18:43:44.333176+00:00,1900,13,code,azure_2023
2023-11-16 18:43:44.334867+00:00,1083,17,code,azure_2023
2023-11-16 18:43:44.334873+00:00,5892,10,code,azure_2023
2023-11-16 18:43:44.425420+00:00,912,157,code,azure_2023
2023-11-16 18:43:44.429064+00:00,2690,11,code,azure_2023
2023-11-16 18:43:44.433224+00:00,6278,44,code,azure_2023
2023-11-16 18:43:44.529627+00:00,1403,9,code,azure_2023
2023-11-16 18:43:44.632683+00:00,3271,18,code,azure_2023
2023-11-16 18:43:44.725475+00:00,2156,85,code,azure_2023
2023-11-16 18:43:44.734326+00:00,763,35,code,azure_2023
2023-11-16 18:43:44.734383+00:00,1404,8,code,azure_2023
2023-11-16 18:43:44.827332+00:00,1127,14,code,azure_2023
2023-11-16 18:43:44.832179+00:00,1777,11,code,azure_2023
2023-11-16 18:43:44.834315+00:00,554,23,code,azure_2023
2023-11-16 18:43:44.925838+00:00,1905,7,code,azure_2023
2023-11-16 18:43:44.928126+00:00,763,14,code,azure_2023
2023-11-16 18:43:44.934120+00:00,2799,15,code,azure_2023
2023-11-16 18:43:45.026708+00:00,1406,6,code,azure_2023
2023-11-16 18:43:45.031811+00:00,553,26,code,azure_2023
2023-11-16 18:43:45.033321+00:00,3229,9,code,azure_2023
2023-11-16 18:43:45.125800+00:00,2692,16,code,azure_2023
2023-11-16 18:43:45.134933+00:00,3350,9,code,azure_2023
2023-11-16 18:43:45.135271+00:00,581,82,code,azure_2023
2023-11-16 18:43:45.327143+00:00,2690,14,code,azure_2023
2023-11-16 18:43:45.333284+00:00,183,54,code,azure_2023
2023-11-16 18:43:45.334721+00:00,1550,16,code,azure_2023
2023-11-16 18:43:45.426214+00:00,1128,17,code,azure_2023
2023-11-16 18:43:45.432324+00:00,764,121,code,azure_2023
2023-11-16 18:43:45.433460+00:00,3230,11,code,azure_2023
2023-11-16 18:43:45.632415+00:00,2686,7,code,azure_2023
2023-11-16 18:43:45.633061+00:00,3615,7,code,azure_2023
2023-11-16 18:43:45.727395+00:00,2891,11,code,azure_2023
2023-11-16 18:43:45.729656+00:00,4594,11,code,azure_2023
2023-11-16 18:43:45.732551+00:00,2802,15,code,azure_2023
2023-11-16 18:43:45.829977+00:00,181,7,code,azure_2023
2023-11-16 18:43:45.930268+00:00,2295,6,code,azure_2023
2023-11-16 18:43:45.930417+00:00,1550,7,code,azure_2023
2023-11-16 18:43:45.930424+00:00,3563,22,code,azure_2023
2023-11-16 18:43:45.930548+00:00,554,25,code,azure_2023
2023-11-16 18:43:46.229295+00:00,3231,26,code,azure_2023
2023-11-16 18:44:14.320129+00:00,1295,7,code,azure_2023
2023-11-16 18:44:14.320262+00:00,537,10,code,azure_2023
2023-11-16 18:44:14.320352+00:00,4319,36,code,azure_2023
2023-11-16 18:44:14.358574+00:00,104,115,code,azure_2023
2023-11-16 18:44:14.358667+00:00,115,8,code,azure_2023
2023-11-16 18:44:14.361377+00:00,7436,13,code,azure_2023
2023-11-16 18:44:14.366362+00:00,1862,10,code,azure_2023
2023-11-16 18:44:14.661417+00:00,12,88,code,azure_2023
2023-11-16 18:44:14.760221+00:00,537,10,code,azure_2023
2023-11-16 18:44:14.780204+00:00,424,15,code,azure_2023
2023-11-16 18:44:14.859332+00:00,1864,156,code,azure_2023
2023-11-16 18:44:15.080796+00:00,2014,35,code,azure_2023
2023-11-16 18:44:15.361681+00:00,1934,21,code,azure_2023
2023-11-16 18:44:15.386929+00:00,193,15,code,azure_2023
2023-11-16 18:44:15.404635+00:00,2993,13,code,azure_2023
2023-11-16 18:44:15.635114+00:00,51,6,code,azure_2023
2023-11-16 18:44:15.813357+00:00,537,17,code,azure_2023
2023-11-16 18:44:16.079488+00:00,1864,8,code,azure_2023
2023-11-16 18:44:16.160266+00:00,215,13,code,azure_2023
2023-11-16 18:44:16.296803+00:00,105,8,code,azure_2023
2023-11-16 18:44:16.460832+00:00,51,39,code,azure_2023
2023-11-16 18:44:16.460909+00:00,537,22,code,azure_2023
2023-11-16 18:44:16.662814+00:00,745,6,code,azure_2023
2023-11-16 18:44:16.761543+00:00,1864,8,code,azure_2023
2023-11-16 18:44:16.770816+00:00,54,6,code,azure_2023
2023-11-16 18:44:17.159289+00:00,4309,12,code,azure_2023
2023-11-16 18:44:17.483164+00:00,486,8,code,azure_2023
2023-11-16 18:44:17.688177+00:00,537,20,code,azure_2023
2023-11-16 18:44:17.759113+00:00,716,8,code,azure_2023
2023-11-16 18:44:17.762057+00:00,488,6,code,azure_2023
2023-11-16 18:44:17.931276+00:00,4336,13,code,azure_2023
2023-11-16 18:44:18.059639+00:00,1267,35,code,azure_2023
2023-11-16 18:44:18.380107+00:00,215,33,code,azure_2023
2023-11-16 18:44:18.451621+00:00,7435,19,code,azure_2023
2023-11-16 18:44:18.482136+00:00,5613,13,code,azure_2023
2023-11-16 18:44:18.671882+00:00,426,82,code,azure_2023
2023-11-16 18:44:19.084565+00:00,7436,9,code,azure_2023
2023-11-16 18:44:19.161870+00:00,1093,9,code,azure_2023
2023-11-16 18:44:19.173689+00:00,1637,10,code,azure_2023
2023-11-16 18:44:19.482537+00:00,2019,13,code,azure_2023
2023-11-16 18:44:19.569232+00:00,1307,9,code,azure_2023
2023-11-16 18:44:19.764756+00:00,215,15,code,azure_2023
2023-11-16 18:44:20.469809+00:00,746,8,code,azure_2023
2023-11-16 18:44:20.493848+00:00,833,23,code,azure_2023
2023-11-16 18:44:20.759042+00:00,1689,14,code,azure_2023
2023-11-16 18:44:20.759056+00:00,319,39,code,azure_2023
2023-11-16 18:44:20.782330+00:00,7435,85,code,azure_2023
2023-11-16 18:44:20.963003+00:00,2073,10,code,azure_2023
2023-11-16 18:44:21.059302+00:00,1310,6,code,azure_2023
2023-11-16 18:44:21.081310+00:00,747,7,code,azure_2023
2023-11-16 18:44:21.260847+00:00,185,7,code,azure_2023
2023-11-16 18:44:21.459995+00:00,17,6,code,azure_2023
2023-11-16 18:44:21.460145+00:00,3755,13,code,azure_2023
2023-11-16 18:44:21.481057+00:00,2731,83,code,azure_2023
2023-11-16 18:44:21.760165+00:00,16,9,code,azure_2023
2023-11-16 18:44:21.882458+00:00,749,7,code,azure_2023
2023-11-16 18:44:21.964954+00:00,4750,19,code,azure_2023
2023-11-16 18:44:22.136594+00:00,2019,11,code,azure_2023
2023-11-16 18:44:22.225011+00:00,2101,7,code,azure_2023
2023-11-16 18:44:22.379395+00:00,7435,19,code,azure_2023
2023-11-16 18:44:22.473055+00:00,2734,14,code,azure_2023
2023-11-16 18:44:22.661018+00:00,1228,82,code,azure_2023
2023-11-16 18:44:22.759780+00:00,1691,6,code,azure_2023
2023-11-16 18:44:22.859474+00:00,2020,8,code,azure_2023
2023-11-16 18:44:22.987912+00:00,1638,11,code,azure_2023
2023-11-16 18:44:23.060631+00:00,1610,48,code,azure_2023
2023-11-16 18:44:23.083356+00:00,2952,67,code,azure_2023
2023-11-16 18:44:23.181752+00:00,1695,7,code,azure_2023
2023-11-16 18:44:23.259569+00:00,4317,7,code,azure_2023
2023-11-16 18:44:23.259806+00:00,1229,40,code,azure_2023
2023-11-16 18:44:23.492078+00:00,319,97,code,azure_2023
2023-11-16 18:44:23.578089+00:00,7435,21,code,azure_2023
2023-11-16 18:44:23.778502+00:00,2672,8,code,azure_2023
2023-11-16 18:44:23.787151+00:00,4750,58,code,azure_2023
2023-11-16 18:44:23.877858+00:00,354,24,code,azure_2023
2023-11-16 18:44:23.878917+00:00,1695,9,code,azure_2023
2023-11-16 18:44:24.093464+00:00,320,31,code,azure_2023
2023-11-16 18:44:24.281010+00:00,1188,67,code,azure_2023
2023-11-16 18:44:24.465297+00:00,1701,9,code,azure_2023
2023-11-16 18:44:24.562500+00:00,1864,14,code,azure_2023
2023-11-16 18:44:24.659145+00:00,2953,37,code,azure_2023
2023-11-16 18:44:24.660521+00:00,356,10,code,azure_2023
2023-11-16 18:44:24.660594+00:00,2021,14,code,azure_2023
2023-11-16 18:44:24.862266+00:00,1702,10,code,azure_2023
2023-11-16 18:44:24.967142+00:00,1492,7,code,azure_2023
2023-11-16 18:44:25.058905+00:00,356,45,code,azure_2023
2023-11-16 18:44:25.061476+00:00,321,36,code,azure_2023
2023-11-16 18:44:25.360806+00:00,2734,46,code,azure_2023
2023-11-16 18:44:27.827399+00:00,5941,16,code,azure_2023
2023-11-16 18:44:27.925538+00:00,2570,10,code,azure_2023
2023-11-16 18:44:27.928709+00:00,2201,25,code,azure_2023
2023-11-16 18:44:28.028047+00:00,1247,17,code,azure_2023
2023-11-16 18:44:28.039859+00:00,915,8,code,azure_2023
2023-11-16 18:44:28.193383+00:00,1179,12,code,azure_2023
2023-11-16 18:44:28.478281+00:00,6583,12,code,azure_2023
2023-11-16 18:44:28.495543+00:00,1086,11,code,azure_2023
2023-11-16 18:44:28.512531+00:00,7435,6,code,azure_2023
2023-11-16 18:44:28.702415+00:00,1200,21,code,azure_2023
2023-11-16 18:44:28.703104+00:00,901,159,code,azure_2023
2023-11-16 18:44:28.925445+00:00,2724,22,code,azure_2023
2023-11-16 18:44:28.925640+00:00,1020,22,code,azure_2023
2023-11-16 18:44:28.959176+00:00,5755,29,code,azure_2023
2023-11-16 18:44:29.243431+00:00,1921,22,code,azure_2023
2023-11-16 18:44:29.445693+00:00,780,9,code,azure_2023
2023-11-16 18:44:29.454929+00:00,1200,13,code,azure_2023
2023-11-16 18:44:29.532283+00:00,6583,12,code,azure_2023
2023-11-16 18:44:29.625573+00:00,882,18,code,azure_2023
2023-11-16 18:44:29.630236+00:00,1247,9,code,azure_2023
2023-11-16 18:44:29.631717+00:00,1189,11,code,azure_2023
2023-11-16 18:44:29.825732+00:00,201,16,code,azure_2023
2023-11-16 18:44:29.832616+00:00,1200,17,code,azure_2023
2023-11-16 18:45:10.134219+00:00,2893,33,code,azure_2023
2023-11-16 18:45:10.134997+00:00,118,25,code,azure_2023
2023-11-16 18:45:10.136123+00:00,2278,14,code,azure_2023
2023-11-16 18:45:10.141993+00:00,73,15,code,azure_2023
2023-11-16 18:45:10.142632+00:00,381,22,code,azure_2023
2023-11-16 18:45:10.341156+00:00,1190,7,code,azure_2023
2023-11-16 18:45:10.346736+00:00,2654,15,code,azure_2023
2023-11-16 18:45:10.434742+00:00,75,15,code,azure_2023
2023-11-16 18:45:10.440420+00:00,1477,15,code,azure_2023
2023-11-16 18:45:10.441236+00:00,2148,14,code,azure_2023
2023-11-16 18:45:10.534165+00:00,3353,52,code,azure_2023
2023-11-16 18:45:10.540943+00:00,476,10,code,azure_2023
2023-11-16 18:45:10.634726+00:00,1227,10,code,azure_2023
2023-11-16 18:45:10.736266+00:00,2149,6,code,azure_2023
2023-11-16 18:45:10.740971+00:00,1478,8,code,azure_2023
2023-11-16 18:45:10.743243+00:00,1810,87,code,azure_2023
2023-11-16 18:45:10.745176+00:00,166,14,code,azure_2023
2023-11-16 18:45:10.746366+00:00,1195,11,code,azure_2023
2023-11-16 18:45:10.837996+00:00,118,16,code,azure_2023
2023-11-16 18:45:10.838609+00:00,974,10,code,azure_2023
2023-11-16 18:45:11.134259+00:00,118,16,code,azure_2023
2023-11-16 18:45:11.138041+00:00,940,19,code,azure_2023
2023-11-16 18:45:11.138269+00:00,2147,21,code,azure_2023
2023-11-16 18:45:11.139154+00:00,1637,49,code,azure_2023
2023-11-16 18:45:11.140110+00:00,77,28,code,azure_2023
2023-11-16 18:45:11.140357+00:00,1480,14,code,azure_2023
2023-11-16 18:45:11.236033+00:00,3096,6,code,azure_2023
2023-11-16 18:45:11.236211+00:00,76,18,code,azure_2023
2023-11-16 18:45:11.242852+00:00,3402,8,code,azure_2023
2023-11-16 18:45:11.342639+00:00,3,14,code,azure_2023
2023-11-16 18:45:11.342912+00:00,3046,18,code,azure_2023
2023-11-16 18:45:11.387070+00:00,7435,9,code,azure_2023
2023-11-16 18:45:11.443162+00:00,2296,15,code,azure_2023
2023-11-16 18:45:11.444301+00:00,1637,31,code,azure_2023
2023-11-16 18:45:11.445837+00:00,2880,848,code,azure_2023
2023-11-16 18:45:11.446821+00:00,1887,9,code,azure_2023
2023-11-16 18:45:11.477712+00:00,1557,40,code,azure_2023
2023-11-16 18:45:11.486088+00:00,94,23,code,azure_2023
2023-11-16 18:45:11.540873+00:00,2694,40,code,azure_2023
2023-11-16 18:45:11.580065+00:00,638,8,code,azure_2023
2023-11-16 18:45:11.583397+00:00,976,18,code,azure_2023
2023-11-16 18:45:11.634374+00:00,4,10,code,azure_2023
2023-11-16 18:45:11.641939+00:00,1637,28,code,azure_2023
2023-11-16 18:45:12.139960+00:00,942,11,code,azure_2023
2023-11-16 18:45:12.337859+00:00,2297,21,code,azure_2023
2023-11-16 18:45:12.634436+00:00,6,6,code,azure_2023
2023-11-16 18:45:12.639464+00:00,96,12,code,azure_2023
2023-11-16 18:45:12.683735+00:00,273,19,code,azure_2023
2023-11-16 18:45:12.734158+00:00,3360,7,code,azure_2023
2023-11-16 18:45:12.734353+00:00,2900,11,code,azure_2023
2023-11-16 18:45:12.836574+00:00,255,24,code,azure_2023
2023-11-16 18:45:12.879155+00:00,5029,11,code,azure_2023
2023-11-16 18:45:12.935775+00:00,1475,7,code,azure_2023
2023-11-16 18:45:12.981087+00:00,96,20,code,azure_2023
2023-11-16 18:45:13.038065+00:00,1637,34,code,azure_2023
2023-11-16 18:45:13.137373+00:00,2299,21,code,azure_2023
2023-11-16 18:45:13.138423+00:00,2531,7,code,azure_2023
2023-11-16 18:45:13.180068+00:00,172,12,code,azure_2023
2023-11-16 18:45:13.337498+00:00,6204,19,code,azure_2023
2023-11-16 18:45:13.337514+00:00,7,15,code,azure_2023
2023-11-16 18:45:13.534543+00:00,850,9,code,azure_2023
2023-11-16 18:45:13.737066+00:00,1412,7,code,azure_2023
2023-11-16 18:45:13.738677+00:00,757,28,code,azure_2023
2023-11-16 18:45:13.836744+00:00,3047,55,code,azure_2023
2023-11-16 18:45:13.935512+00:00,850,9,code,azure_2023
2023-11-16 18:45:14.234293+00:00,757,22,code,azure_2023
2023-11-16 18:45:14.536496+00:00,77,20,code,azure_2023
2023-11-16 18:45:14.536591+00:00,1412,17,code,azure_2023
2023-11-16 18:45:14.536751+00:00,199,88,code,azure_2023
2023-11-16 18:45:14.539967+00:00,1263,16,code,azure_2023
2023-11-16 18:45:14.635296+00:00,1213,22,code,azure_2023
2023-11-16 18:45:14.836169+00:00,6444,13,code,azure_2023
2023-11-16 18:45:14.937023+00:00,106,21,code,azure_2023
2023-11-16 18:45:14.937759+00:00,199,28,code,azure_2023
2023-11-16 18:45:14.937897+00:00,2299,6,code,azure_2023
2023-11-16 18:45:15.135294+00:00,1213,18,code,azure_2023
2023-11-16 18:45:15.235740+00:00,3361,10,code,azure_2023
2023-11-16 18:45:15.478629+00:00,73,8,code,azure_2023
2023-11-16 18:45:15.539063+00:00,107,16,code,azure_2023
2023-11-16 18:45:15.585290+00:00,20,159,code,azure_2023
2023-11-16 18:45:15.585490+00:00,2484,23,code,azure_2023
2023-11-16 18:45:15.586537+00:00,638,13,code,azure_2023
2023-11-16 18:45:15.682778+00:00,96,9,code,azure_2023
2023-11-16 18:45:15.683667+00:00,21,19,code,azure_2023
2023-11-16 18:45:15.885602+00:00,97,7,code,azure_2023
2023-11-16 18:45:16.088608+00:00,641,10,code,azure_2023
2023-11-16 18:45:16.180453+00:00,591,11,code,azure_2023
2023-11-16 18:45:16.278414+00:00,97,19,code,azure_2023
2023-11-16 18:45:16.340705+00:00,487,273,code,azure_2023
2023-11-16 18:45:16.381587+00:00,877,21,code,azure_2023
2023-11-16 18:45:16.434351+00:00,748,11,code,azure_2023
2023-11-16 18:45:16.434384+00:00,202,8,code,azure_2023
2023-11-16 18:45:16.435401+00:00,1671,11,code,azure_2023
2023-11-16 18:45:16.435480+00:00,1481,21,code,azure_2023
2023-11-16 18:45:16.482702+00:00,7437,15,code,azure_2023
2023-11-16 18:45:16.636483+00:00,392,28,code,azure_2023
2023-11-16 18:45:17.034359+00:00,546,7,code,azure_2023
2023-11-16 18:45:17.337838+00:00,392,11,code,azure_2023
2023-11-16 18:45:17.363966+00:00,577,6,code,azure_2023
2023-11-16 18:45:17.389256+00:00,976,11,code,azure_2023
2023-11-16 18:45:17.459610+00:00,546,8,code,azure_2023
2023-11-16 18:45:17.478038+00:00,2763,17,code,azure_2023
2023-11-16 18:45:17.484246+00:00,74,17,code,azure_2023
2023-11-16 18:45:17.487519+00:00,1590,9,code,azure_2023
2023-11-16 18:45:17.583445+00:00,391,6,code,azure_2023
2023-11-16 18:45:17.734393+00:00,577,8,code,azure_2023
2023-11-16 18:45:17.834364+00:00,204,8,code,azure_2023
2023-11-16 18:45:17.878335+00:00,641,8,code,azure_2023
2023-11-16 18:45:18.081225+00:00,248,6,code,azure_2023
2023-11-16 18:45:18.134177+00:00,3361,10,code,azure_2023
2023-11-16 18:45:18.134288+00:00,1592,52,code,azure_2023
2023-11-16 18:45:18.158742+00:00,1593,37,code,azure_2023
2023-11-16 18:45:18.234267+00:00,2678,253,code,azure_2023
2023-11-16 18:45:18.236371+00:00,2658,12,code,azure_2023
2023-11-16 18:45:18.335289+00:00,107,18,code,azure_2023
2023-11-16 18:45:18.360573+00:00,10,23,code,azure_2023
2023-11-16 18:45:18.478617+00:00,2784,178,code,azure_2023
2023-11-16 18:45:18.534146+00:00,6204,30,code,azure_2023
2023-11-16 18:45:18.585134+00:00,1956,10,code,azure_2023
2023-11-16 18:45:18.684205+00:00,160,7,code,azure_2023
2023-11-16 18:45:18.684258+00:00,248,12,code,azure_2023
2023-11-16 18:45:18.685180+00:00,4348,89,code,azure_2023
2023-11-16 18:45:18.685186+00:00,101,26,code,azure_2023
2023-11-16 18:45:18.748822+00:00,10,11,code,azure_2023
2023-11-16 18:45:18.783173+00:00,6585,13,code,azure_2023
2023-11-16 18:45:18.786390+00:00,74,19,code,azure_2023
2023-11-16 18:45:18.877389+00:00,7437,14,code,azure_2023
2023-11-16 18:45:18.877434+00:00,1561,7,code,azure_2023
2023-11-16 18:45:18.881955+00:00,165,17,code,azure_2023
2023-11-16 18:45:18.883046+00:00,1958,13,code,azure_2023
2023-11-16 18:45:18.936622+00:00,1938,164,code,azure_2023
2023-11-16 18:45:18.980370+00:00,175,112,code,azure_2023
2023-11-16 18:45:18.984375+00:00,588,12,code,azure_2023
2023-11-16 18:45:18.987624+00:00,77,12,code,azure_2023
2023-11-16 18:45:18.989524+00:00,1708,9,code,azure_2023
2023-11-16 18:45:19.034347+00:00,107,13,code,azure_2023
2023-11-16 18:45:19.034551+00:00,394,9,code,azure_2023
2023-11-16 18:45:19.082072+00:00,1591,6,code,azure_2023
2023-11-16 18:45:19.082150+00:00,1003,8,code,azure_2023
2023-11-16 18:45:19.134249+00:00,758,9,code,azure_2023
2023-11-16 18:45:19.234238+00:00,1891,18,code,azure_2023
2023-11-16 18:45:19.565469+00:00,10,16,code,azure_2023
2023-11-16 18:45:19.572408+00:00,392,11,code,azure_2023
2023-11-16 18:45:19.634884+00:00,1595,28,code,azure_2023
2023-11-16 18:45:19.837234+00:00,1034,17,code,azure_2023
2023-11-16 18:45:19.837292+00:00,2304,11,code,azure_2023
2023-11-16 18:45:19.966904+00:00,3987,6,code,azure_2023
2023-11-16 18:45:20.478477+00:00,2164,10,code,azure_2023
2023-11-16 18:45:20.481877+00:00,1961,13,code,azure_2023
2023-11-16 18:45:20.880141+00:00,975,10,code,azure_2023
2023-11-16 18:45:21.080072+00:00,2164,11,code,azure_2023
2023-11-16 18:45:21.082831+00:00,77,21,code,azure_2023
2023-11-16 18:45:21.083062+00:00,188,11,code,azure_2023
2023-11-16 18:45:21.083096+00:00,1960,16,code,azure_2023
2023-11-16 18:45:21.388698+00:00,2484,13,code,azure_2023
2023-11-16 18:45:21.388918+00:00,2077,17,code,azure_2023
2023-11-16 18:45:21.388996+00:00,588,10,code,azure_2023
2023-11-16 18:45:21.480934+00:00,586,29,code,azure_2023
2023-11-16 18:45:21.481545+00:00,2770,8,code,azure_2023
2023-11-16 18:45:21.482674+00:00,2165,6,code,azure_2023
2023-11-16 18:45:21.577420+00:00,4918,6,code,azure_2023
2023-11-16 18:45:21.577475+00:00,587,7,code,azure_2023
2023-11-16 18:45:21.578476+00:00,805,18,code,azure_2023
2023-11-16 18:45:21.583085+00:00,981,7,code,azure_2023
2023-11-16 18:45:21.585967+00:00,2770,13,code,azure_2023
2023-11-16 18:45:21.587931+00:00,588,6,code,azure_2023
2023-11-16 18:45:21.677482+00:00,21,60,code,azure_2023
2023-11-16 18:45:21.678873+00:00,92,6,code,azure_2023
2023-11-16 18:45:21.679951+00:00,7437,28,code,azure_2023
2023-11-16 18:45:21.680019+00:00,2165,10,code,azure_2023
2023-11-16 18:45:21.685417+00:00,6582,19,code,azure_2023
2023-11-16 18:45:21.782544+00:00,805,18,code,azure_2023
2023-11-16 18:45:21.786824+00:00,2184,9,code,azure_2023
2023-11-16 18:45:21.788132+00:00,2167,8,code,azure_2023
2023-11-16 18:45:21.877701+00:00,2770,10,code,azure_2023
2023-11-16 18:45:21.882049+00:00,1003,6,code,azure_2023
2023-11-16 18:45:22.388940+00:00,92,13,code,azure_2023
2023-11-16 18:45:22.484486+00:00,2167,8,code,azure_2023
2023-11-16 18:45:22.488183+00:00,915,15,code,azure_2023
2023-11-16 18:45:22.581633+00:00,807,12,code,azure_2023
2023-11-16 18:45:22.583817+00:00,2168,7,code,azure_2023
2023-11-16 18:45:22.583921+00:00,1078,8,code,azure_2023
2023-11-16 18:45:22.585074+00:00,1561,125,code,azure_2023
2023-11-16 18:45:22.683568+00:00,2815,607,code,azure_2023
2023-11-16 18:45:22.683611+00:00,1846,8,code,azure_2023
2023-11-16 18:45:22.783029+00:00,103,9,code,azure_2023
2023-11-16 18:45:22.785121+00:00,587,85,code,azure_2023
2023-11-16 18:45:22.789272+00:00,6582,33,code,azure_2023
2023-11-16 18:45:22.878454+00:00,107,19,code,azure_2023
2023-11-16 18:45:22.878747+00:00,2168,7,code,azure_2023
2023-11-16 18:45:22.882288+00:00,1561,39,code,azure_2023
2023-11-16 18:45:22.883335+00:00,808,6,code,azure_2023
2023-11-16 18:45:22.883875+00:00,979,15,code,azure_2023
2023-11-16 18:45:22.885159+00:00,2360,21,code,azure_2023
2023-11-16 18:45:22.983808+00:00,2777,18,code,azure_2023
2023-11-16 18:45:22.986571+00:00,99,15,code,azure_2023
2023-11-16 18:45:23.081008+00:00,1054,10,code,azure_2023
2023-11-16 18:45:23.482028+00:00,2781,9,code,azure_2023
2023-11-16 18:45:23.482947+00:00,2093,21,code,azure_2023
2023-11-16 18:45:23.680650+00:00,99,14,code,azure_2023
2023-11-16 18:45:23.683544+00:00,359,6,code,azure_2023
2023-11-16 18:45:23.780426+00:00,7436,23,code,azure_2023
2023-11-16 18:45:23.786724+00:00,2187,10,code,azure_2023
2023-11-16 18:45:23.788804+00:00,364,10,code,azure_2023
2023-11-16 18:45:23.877827+00:00,2005,258,code,azure_2023
2023-11-16 18:45:23.983265+00:00,364,7,code,azure_2023
2023-11-16 18:45:24.080208+00:00,1043,36,code,azure_2023
2023-11-16 18:45:24.084236+00:00,367,10,code,azure_2023
2023-11-16 18:45:24.084462+00:00,2488,10,code,azure_2023
2023-11-16 18:45:24.085372+00:00,1055,10,code,azure_2023
2023-11-16 18:45:24.181668+00:00,141,18,code,azure_2023
2023-11-16 18:45:24.277507+00:00,2601,24,code,azure_2023
2023-11-16 18:45:24.579418+00:00,170,11,code,azure_2023
2023-11-16 18:45:24.682104+00:00,1043,76,code,azure_2023
2023-11-16 18:45:24.779468+00:00,2491,7,code,azure_2023
2023-11-16 18:45:24.880143+00:00,2113,39,code,azure_2023
2023-11-16 18:45:24.880218+00:00,588,15,code,azure_2023
2023-11-16 18:45:24.981015+00:00,516,10,code,azure_2023
2023-11-16 18:45:24.981871+00:00,2368,33,code,azure_2023
2023-11-16 18:45:25.079695+00:00,151,6,code,azure_2023
2023-11-16 18:45:25.278358+00:00,2603,22,code,azure_2023
2023-11-16 18:45:25.279779+00:00,100,9,code,azure_2023
2023-11-16 18:45:25.577451+00:00,1055,7,code,azure_2023
2023-11-16 18:45:25.879267+00:00,172,32,code,azure_2023
2023-11-16 18:45:25.977542+00:00,102,11,code,azure_2023
2023-11-16 18:45:25.982268+00:00,589,8,code,azure_2023
2023-11-16 18:45:26.178256+00:00,24,9,code,azure_2023
2023-11-16 18:45:26.179828+00:00,1849,10,code,azure_2023
2023-11-16 18:45:26.282171+00:00,1694,76,code,azure_2023
2023-11-16 18:45:26.479541+00:00,172,18,code,azure_2023
2023-11-16 18:45:26.479677+00:00,590,9,code,azure_2023
2023-11-16 18:45:26.579437+00:00,2941,10,code,azure_2023
2023-11-16 18:45:26.779242+00:00,2611,7,code,azure_2023
2023-11-16 18:45:26.780855+00:00,1046,114,code,azure_2023
2023-11-16 18:45:27.380546+00:00,2009,79,code,azure_2023
2023-11-16 18:45:27.579171+00:00,2772,37,code,azure_2023
2023-11-16 18:45:27.979300+00:00,1696,115,code,azure_2023
2023-11-16 18:45:28.278956+00:00,1503,9,code,azure_2023
2023-11-16 18:45:28.479367+00:00,1696,10,code,azure_2023
2023-11-16 18:45:28.678373+00:00,7424,61,code,azure_2023
2023-11-16 18:45:28.681043+00:00,1056,9,code,azure_2023
2023-11-16 18:45:28.779383+00:00,2480,63,code,azure_2023
2023-11-16 18:45:28.879677+00:00,2666,20,code,azure_2023
2023-11-16 18:45:28.882155+00:00,2010,99,code,azure_2023
2023-11-16 18:45:28.978783+00:00,195,9,code,azure_2023
2023-11-16 18:45:29.180019+00:00,1056,9,code,azure_2023
2023-11-16 18:45:29.380160+00:00,932,11,code,azure_2023
2023-11-16 18:45:29.380260+00:00,7424,49,code,azure_2023
2023-11-16 18:45:29.482779+00:00,176,13,code,azure_2023
2023-11-16 18:45:29.483501+00:00,201,285,code,azure_2023
2023-11-16 18:45:29.580843+00:00,148,48,code,azure_2023
2023-11-16 18:45:29.678783+00:00,2010,52,code,azure_2023
2023-11-16 18:45:29.777456+00:00,1000,19,code,azure_2023
2023-11-16 18:45:47.353945+00:00,96,17,code,azure_2023
2023-11-16 18:45:47.458983+00:00,934,6,code,azure_2023
2023-11-16 18:45:47.653965+00:00,3051,17,code,azure_2023
2023-11-16 18:45:47.755571+00:00,1388,60,code,azure_2023
2023-11-16 18:45:47.855055+00:00,1103,17,code,azure_2023
2023-11-16 18:45:47.855255+00:00,1105,9,code,azure_2023
2023-11-16 18:45:47.953939+00:00,617,21,code,azure_2023
2023-11-16 18:45:47.953952+00:00,1222,114,code,azure_2023
2023-11-16 18:45:48.455806+00:00,948,24,code,azure_2023
2023-11-16 18:45:48.457041+00:00,2154,21,code,azure_2023
2023-11-16 18:45:48.459928+00:00,2155,18,code,azure_2023
2023-11-16 18:45:48.657483+00:00,1103,9,code,azure_2023
2023-11-16 18:45:48.856651+00:00,445,34,code,azure_2023
2023-11-16 18:45:48.957633+00:00,7435,37,code,azure_2023
2023-11-16 18:45:51.453787+00:00,65,12,code,azure_2023
2023-11-16 18:45:51.555067+00:00,254,9,code,azure_2023
2023-11-16 18:45:51.564743+00:00,2618,14,code,azure_2023
2023-11-16 18:45:52.358523+00:00,2298,18,code,azure_2023
2023-11-16 18:45:52.457589+00:00,2526,50,code,azure_2023
2023-11-16 18:45:52.556307+00:00,945,20,code,azure_2023
2023-11-16 18:45:52.556443+00:00,511,19,code,azure_2023
2023-11-16 18:45:52.653619+00:00,65,12,code,azure_2023
2023-11-16 18:45:52.653877+00:00,2413,9,code,azure_2023
2023-11-16 18:45:53.354969+00:00,7433,8,code,azure_2023
2023-11-16 18:45:53.456746+00:00,1975,40,code,azure_2023
2023-11-16 18:45:53.555329+00:00,946,16,code,azure_2023
2023-11-16 18:45:53.556257+00:00,7435,9,code,azure_2023
2023-11-16 18:45:53.656641+00:00,2469,29,code,azure_2023
2023-11-16 18:45:53.661108+00:00,453,12,code,azure_2023
2023-11-16 18:45:53.755263+00:00,593,11,code,azure_2023
2023-11-16 18:45:53.856372+00:00,12,35,code,azure_2023
2023-11-16 18:45:54.056328+00:00,258,7,code,azure_2023
2023-11-16 18:45:54.057476+00:00,506,18,code,azure_2023
2023-11-16 18:45:54.057646+00:00,1094,9,code,azure_2023
2023-11-16 18:45:54.260459+00:00,593,9,code,azure_2023
2023-11-16 18:45:54.265001+00:00,102,14,code,azure_2023
2023-11-16 18:45:54.265864+00:00,2466,28,code,azure_2023
2023-11-16 18:45:54.266065+00:00,75,9,code,azure_2023
2023-11-16 18:45:54.457710+00:00,7435,14,code,azure_2023
2023-11-16 18:45:54.556254+00:00,1257,10,code,azure_2023
2023-11-16 18:45:54.557385+00:00,3293,22,code,azure_2023
2023-11-16 18:45:58.354729+00:00,7436,7,code,azure_2023
2023-11-16 18:45:58.354787+00:00,985,7,code,azure_2023
2023-11-16 18:45:58.355893+00:00,2633,6,code,azure_2023
2023-11-16 18:45:58.356045+00:00,1176,7,code,azure_2023
2023-11-16 18:45:58.557118+00:00,1973,223,code,azure_2023
2023-11-16 18:45:58.557205+00:00,1912,49,code,azure_2023
2023-11-16 18:45:58.558004+00:00,593,14,code,azure_2023
2023-11-16 18:45:58.558052+00:00,4946,10,code,azure_2023
2023-11-16 18:45:58.857749+00:00,3054,12,code,azure_2023
2023-11-16 18:45:58.953620+00:00,2594,13,code,azure_2023
2023-11-16 18:45:58.954885+00:00,1695,9,code,azure_2023
2023-11-16 18:45:59.061349+00:00,320,16,code,azure_2023
2023-11-16 18:45:59.358489+00:00,1912,27,code,azure_2023
2023-11-16 18:45:59.459131+00:00,3054,17,code,azure_2023
2023-11-16 18:45:59.459226+00:00,104,7,code,azure_2023
2023-11-16 18:45:59.460517+00:00,2469,17,code,azure_2023
2023-11-16 18:45:59.460717+00:00,1282,6,code,azure_2023
2023-11-16 18:45:59.662391+00:00,946,28,code,azure_2023
2023-11-16 18:45:59.757617+00:00,92,12,code,azure_2023
2023-11-16 18:45:59.757727+00:00,946,19,code,azure_2023
2023-11-16 18:45:59.957982+00:00,981,9,code,azure_2023
2023-11-16 18:46:00.034275+00:00,198,15,code,azure_2023
2023-11-16 18:46:00.061720+00:00,2595,35,code,azure_2023
2023-11-16 18:46:00.138096+00:00,1223,12,code,azure_2023
2023-11-16 18:46:00.138320+00:00,5962,7,code,azure_2023
2023-11-16 18:46:00.157259+00:00,104,15,code,azure_2023
2023-11-16 18:46:00.235546+00:00,173,9,code,azure_2023
2023-11-16 18:46:00.254431+00:00,3050,17,code,azure_2023
2023-11-16 18:46:00.257781+00:00,4944,11,code,azure_2023
2023-11-16 18:46:00.385320+00:00,1231,7,code,azure_2023
2023-11-16 18:46:00.413477+00:00,5763,12,code,azure_2023
2023-11-16 18:46:00.512677+00:00,1453,32,code,azure_2023
2023-11-16 18:46:00.554224+00:00,67,13,code,azure_2023
2023-11-16 18:46:00.559585+00:00,318,70,code,azure_2023
2023-11-16 18:46:00.576104+00:00,3377,68,code,azure_2023
2023-11-16 18:46:00.658352+00:00,2662,7,code,azure_2023
2023-11-16 18:46:00.685981+00:00,5970,9,code,azure_2023
2023-11-16 18:46:00.696149+00:00,7,20,code,azure_2023
2023-11-16 18:46:00.758516+00:00,1088,40,code,azure_2023
2023-11-16 18:46:00.854234+00:00,1291,8,code,azure_2023
2023-11-16 18:46:00.854407+00:00,2159,14,code,azure_2023
2023-11-16 18:46:00.865625+00:00,985,8,code,azure_2023
2023-11-16 18:46:00.958344+00:00,204,18,code,azure_2023
2023-11-16 18:46:01.057988+00:00,985,7,code,azure_2023
2023-11-16 18:46:01.153538+00:00,7436,11,code,azure_2023
2023-11-16 18:46:01.154357+00:00,456,12,code,azure_2023
2023-11-16 18:46:01.154528+00:00,946,14,code,azure_2023
2023-11-16 18:46:01.157979+00:00,982,9,code,azure_2023
2023-11-16 18:46:01.159106+00:00,945,9,code,azure_2023
2023-11-16 18:46:01.234200+00:00,8,18,code,azure_2023
2023-11-16 18:46:01.257004+00:00,94,16,code,azure_2023
2023-11-16 18:46:01.257127+00:00,7436,10,code,azure_2023
2023-11-16 18:46:01.355381+00:00,1926,9,code,azure_2023
2023-11-16 18:46:01.359008+00:00,594,19,code,azure_2023
2023-11-16 18:46:01.360169+00:00,828,17,code,azure_2023
2023-11-16 18:46:01.361043+00:00,1389,7,code,azure_2023
2023-11-16 18:46:01.361134+00:00,946,6,code,azure_2023
2023-11-16 18:46:01.456916+00:00,98,10,code,azure_2023
2023-11-16 18:46:01.458017+00:00,3044,8,code,azure_2023
2023-11-16 18:46:01.459190+00:00,2383,37,code,azure_2023
2023-11-16 18:46:01.460097+00:00,1286,15,code,azure_2023
2023-11-16 18:46:01.534186+00:00,7018,14,code,azure_2023
2023-11-16 18:46:01.541316+00:00,122,17,code,azure_2023
2023-11-16 18:46:01.556444+00:00,1877,11,code,azure_2023
2023-11-16 18:46:01.561359+00:00,98,11,code,azure_2023
2023-11-16 18:46:01.635371+00:00,2340,7,code,azure_2023
2023-11-16 18:46:01.656885+00:00,2114,11,code,azure_2023
2023-11-16 18:46:01.657635+00:00,222,24,code,azure_2023
2023-11-16 18:46:01.660820+00:00,620,8,code,azure_2023
2023-11-16 18:46:01.660911+00:00,830,30,code,azure_2023
2023-11-16 18:46:01.664445+00:00,7435,52,code,azure_2023
2023-11-16 18:46:01.665456+00:00,1592,22,code,azure_2023
2023-11-16 18:46:01.734075+00:00,2913,25,code,azure_2023
2023-11-16 18:46:01.751944+00:00,1480,31,code,azure_2023
2023-11-16 18:46:01.755932+00:00,1241,8,code,azure_2023
2023-11-16 18:46:01.757992+00:00,2163,7,code,azure_2023
2023-11-16 18:46:01.759778+00:00,1296,6,code,azure_2023
2023-11-16 18:46:01.860590+00:00,1249,7,code,azure_2023
2023-11-16 18:46:01.934154+00:00,2868,96,code,azure_2023
2023-11-16 18:46:01.957125+00:00,942,15,code,azure_2023
2023-11-16 18:46:01.959420+00:00,7435,37,code,azure_2023
2023-11-16 18:46:01.960353+00:00,7435,8,code,azure_2023
2023-11-16 18:46:01.961629+00:00,2301,7,code,azure_2023
2023-11-16 18:46:02.034100+00:00,197,9,code,azure_2023
2023-11-16 18:46:02.053566+00:00,1913,48,code,azure_2023
2023-11-16 18:46:02.053838+00:00,105,8,code,azure_2023
2023-11-16 18:46:02.059489+00:00,945,12,code,azure_2023
2023-11-16 18:46:02.060636+00:00,2949,12,code,azure_2023
2023-11-16 18:46:02.159512+00:00,2486,26,code,azure_2023
2023-11-16 18:46:02.160392+00:00,2069,8,code,azure_2023
2023-11-16 18:46:02.161412+00:00,1877,22,code,azure_2023
2023-11-16 18:46:02.166458+00:00,122,7,code,azure_2023
2023-11-16 18:46:02.265619+00:00,7436,6,code,azure_2023
2023-11-16 18:46:02.274350+00:00,204,10,code,azure_2023
2023-11-16 18:46:02.357968+00:00,829,9,code,azure_2023
2023-11-16 18:46:02.928311+00:00,1481,8,code,azure_2023
2023-11-16 18:46:02.956048+00:00,352,9,code,azure_2023
2023-11-16 18:46:02.958261+00:00,945,28,code,azure_2023
2023-11-16 18:46:02.960207+00:00,2161,9,code,azure_2023
2023-11-16 18:46:03.046161+00:00,204,6,code,azure_2023
2023-11-16 18:46:03.138010+00:00,9,30,code,azure_2023
2023-11-16 18:46:03.223395+00:00,4228,10,code,azure_2023
2023-11-16 18:46:03.234451+00:00,2346,13,code,azure_2023
2023-11-16 18:46:03.338321+00:00,173,9,code,azure_2023
2023-11-16 18:46:03.339102+00:00,1482,13,code,azure_2023
2023-11-16 18:46:03.407657+00:00,3519,24,code,azure_2023
2023-11-16 18:46:03.434197+00:00,2442,12,code,azure_2023
2023-11-16 18:46:03.635683+00:00,199,13,code,azure_2023
2023-11-16 18:46:03.739605+00:00,1787,46,code,azure_2023
2023-11-16 18:46:03.942578+00:00,2160,9,code,azure_2023
2023-11-16 18:46:03.952400+00:00,1654,7,code,azure_2023
2023-11-16 18:46:03.960369+00:00,1483,26,code,azure_2023
2023-11-16 18:46:04.136587+00:00,5991,16,code,azure_2023
2023-11-16 18:46:04.163680+00:00,2022,16,code,azure_2023
2023-11-16 18:46:04.198771+00:00,207,93,code,azure_2023
2023-11-16 18:46:04.234193+00:00,1042,32,code,azure_2023
2023-11-16 18:46:04.310577+00:00,1683,25,code,azure_2023
2023-11-16 18:46:04.434615+00:00,124,15,code,azure_2023
2023-11-16 18:46:04.573890+00:00,204,18,code,azure_2023
2023-11-16 18:46:04.578174+00:00,737,13,code,azure_2023
2023-11-16 18:46:04.634172+00:00,1431,12,code,azure_2023
2023-11-16 18:46:04.682676+00:00,6236,28,code,azure_2023
2023-11-16 18:46:04.735588+00:00,2443,12,code,azure_2023
2023-11-16 18:46:04.948970+00:00,4343,39,code,azure_2023
2023-11-16 18:46:05.013174+00:00,5764,23,code,azure_2023
2023-11-16 18:46:05.134268+00:00,174,12,code,azure_2023
2023-11-16 18:46:05.140155+00:00,204,12,code,azure_2023
2023-11-16 18:46:05.178852+00:00,408,16,code,azure_2023
2023-11-16 18:46:05.234853+00:00,1045,30,code,azure_2023
2023-11-16 18:46:05.239746+00:00,2481,9,code,azure_2023
2023-11-16 18:46:05.489059+00:00,124,11,code,azure_2023
2023-11-16 18:46:05.537090+00:00,466,9,code,azure_2023
2023-11-16 18:46:05.593305+00:00,174,52,code,azure_2023
2023-11-16 18:46:05.658893+00:00,204,10,code,azure_2023
2023-11-16 18:46:05.709036+00:00,816,13,code,azure_2023
2023-11-16 18:46:05.781957+00:00,291,7,code,azure_2023
2023-11-16 18:46:05.782486+00:00,7435,12,code,azure_2023
2023-11-16 18:46:05.783543+00:00,212,139,code,azure_2023
2023-11-16 18:46:05.797321+00:00,119,28,code,azure_2023
2023-11-16 18:46:05.947781+00:00,4344,8,code,azure_2023
2023-11-16 18:46:05.978339+00:00,292,7,code,azure_2023
2023-11-16 18:46:05.979918+00:00,1919,16,code,azure_2023
2023-11-16 18:46:05.980077+00:00,2163,16,code,azure_2023
2023-11-16 18:46:06.039907+00:00,7436,6,code,azure_2023
2023-11-16 18:46:06.134100+00:00,4866,10,code,azure_2023
2023-11-16 18:46:06.137108+00:00,202,13,code,azure_2023
2023-11-16 18:46:06.182974+00:00,4176,17,code,azure_2023
2023-11-16 18:46:06.278737+00:00,2024,39,code,azure_2023
2023-11-16 18:46:06.278877+00:00,1878,12,code,azure_2023
2023-11-16 18:46:06.378989+00:00,212,19,code,azure_2023
2023-11-16 18:46:25.855702+00:00,833,9,code,azure_2023
2023-11-16 18:46:25.955779+00:00,810,16,code,azure_2023
2023-11-16 18:46:26.053310+00:00,71,21,code,azure_2023
2023-11-16 18:46:26.055150+00:00,3235,6,code,azure_2023
2023-11-16 18:46:26.060903+00:00,127,19,code,azure_2023
2023-11-16 18:46:26.154248+00:00,5934,8,code,azure_2023
2023-11-16 18:46:26.353201+00:00,810,28,code,azure_2023
2023-11-16 18:46:26.454442+00:00,237,53,code,azure_2023
2023-11-16 18:46:26.454585+00:00,1268,80,code,azure_2023
2023-11-16 18:46:26.554622+00:00,1680,7,code,azure_2023
2023-11-16 18:46:26.853391+00:00,2470,12,code,azure_2023
2023-11-16 18:46:26.954869+00:00,127,12,code,azure_2023
2023-11-16 18:46:26.955776+00:00,1968,13,code,azure_2023
2023-11-16 18:46:27.154783+00:00,1991,21,code,azure_2023
2023-11-16 18:46:27.256594+00:00,1206,244,code,azure_2023
2023-11-16 18:46:27.655802+00:00,1991,7,code,azure_2023
2023-11-16 18:46:27.954558+00:00,1599,8,code,azure_2023
2023-11-16 18:46:28.056163+00:00,5933,97,code,azure_2023
2023-11-16 18:46:28.056239+00:00,2560,15,code,azure_2023
2023-11-16 18:46:28.154715+00:00,71,18,code,azure_2023
2023-11-16 18:46:28.853395+00:00,3049,17,code,azure_2023
2023-11-16 18:46:28.955095+00:00,316,9,code,azure_2023
2023-11-16 18:46:29.255660+00:00,6245,8,code,azure_2023
2023-11-16 18:46:29.355004+00:00,6243,10,code,azure_2023
2023-11-16 18:46:29.456861+00:00,1005,8,code,azure_2023
2023-11-16 18:46:29.459891+00:00,316,9,code,azure_2023
2023-11-16 18:46:29.553213+00:00,1209,79,code,azure_2023
2023-11-16 18:46:29.557338+00:00,853,10,code,azure_2023
2023-11-16 18:46:29.653321+00:00,130,13,code,azure_2023
2023-11-16 18:46:29.653408+00:00,2602,26,code,azure_2023
2023-11-16 18:46:29.656121+00:00,7435,20,code,azure_2023
2023-11-16 18:46:30.053980+00:00,1685,19,code,azure_2023
2023-11-16 18:46:30.553286+00:00,239,17,code,azure_2023
2023-11-16 18:46:30.655198+00:00,129,19,code,azure_2023
2023-11-16 18:46:30.953289+00:00,316,9,code,azure_2023
2023-11-16 18:46:31.054030+00:00,7436,45,code,azure_2023
2023-11-16 18:46:31.253762+00:00,2462,12,code,azure_2023
2023-11-16 18:46:31.553459+00:00,1297,72,code,azure_2023
2023-11-16 18:46:31.556389+00:00,3020,13,code,azure_2023
2023-11-16 18:46:31.755868+00:00,16,7,code,azure_2023
2023-11-16 18:46:31.857821+00:00,1466,88,code,azure_2023
2023-11-16 18:46:31.953325+00:00,1299,9,code,azure_2023
2023-11-16 18:46:32.253289+00:00,1687,54,code,azure_2023
2023-11-16 18:46:32.256314+00:00,3019,11,code,azure_2023
2023-11-16 18:46:32.354033+00:00,2310,9,code,azure_2023
2023-11-16 18:46:32.354853+00:00,16,12,code,azure_2023
2023-11-16 18:46:32.663065+00:00,1348,39,code,azure_2023
2023-11-16 18:46:33.053277+00:00,130,40,code,azure_2023
2023-11-16 18:46:33.253232+00:00,1016,6,code,azure_2023
2023-11-16 18:46:33.457132+00:00,3864,68,code,azure_2023
2023-11-16 18:46:33.753482+00:00,1300,7,code,azure_2023
2023-11-16 18:46:33.855922+00:00,1169,46,code,azure_2023
2023-11-16 18:46:33.859475+00:00,1016,14,code,azure_2023
2023-11-16 18:46:33.955996+00:00,16,16,code,azure_2023
2023-11-16 18:46:34.055392+00:00,7436,79,code,azure_2023
2023-11-16 18:46:34.058334+00:00,240,51,code,azure_2023
2023-11-16 18:46:34.058928+00:00,7436,24,code,azure_2023
2023-11-16 18:46:34.356986+00:00,1301,10,code,azure_2023
2023-11-16 18:46:34.453175+00:00,1017,9,code,azure_2023
2023-11-16 18:46:34.555562+00:00,1272,8,code,azure_2023
2023-11-16 18:46:34.559423+00:00,17,14,code,azure_2023
2023-11-16 18:46:34.653664+00:00,1470,49,code,azure_2023
2023-11-16 18:46:34.655943+00:00,130,17,code,azure_2023
2023-11-16 18:46:34.853121+00:00,1462,7,code,azure_2023
2023-11-16 18:46:34.853437+00:00,7436,9,code,azure_2023
2023-11-16 18:46:35.053404+00:00,3175,8,code,azure_2023
2023-11-16 18:46:35.255406+00:00,836,6,code,azure_2023
2023-11-16 18:46:35.454633+00:00,6253,33,code,azure_2023
2023-11-16 18:46:35.454689+00:00,221,12,code,azure_2023
2023-11-16 18:46:35.653332+00:00,1471,11,code,azure_2023
2023-11-16 18:46:35.654178+00:00,2312,14,code,azure_2023
2023-11-16 18:46:35.654320+00:00,1936,109,code,azure_2023
2023-11-16 18:46:35.953202+00:00,7437,15,code,azure_2023
2023-11-16 18:46:35.954527+00:00,3094,19,code,azure_2023
2023-11-16 18:46:36.055254+00:00,1461,32,code,azure_2023
2023-11-16 18:46:36.057172+00:00,2611,13,code,azure_2023
2023-11-16 18:46:36.253160+00:00,7435,10,code,azure_2023
2023-11-16 18:46:36.354146+00:00,1017,44,code,azure_2023
2023-11-16 18:46:37.464759+00:00,82,6,code,azure_2023
2023-11-16 18:46:37.553211+00:00,1152,11,code,azure_2023
2023-11-16 18:46:37.556263+00:00,946,10,code,azure_2023
2023-11-16 18:46:37.557154+00:00,3095,13,code,azure_2023
2023-11-16 18:46:37.557170+00:00,1463,11,code,azure_2023
2023-11-16 18:46:37.756659+00:00,2615,23,code,azure_2023
2023-11-16 18:46:37.759869+00:00,934,20,code,azure_2023
2023-11-16 18:46:37.958114+00:00,1709,31,code,azure_2023
2023-11-16 18:46:38.056908+00:00,3095,6,code,azure_2023
2023-11-16 18:46:38.361350+00:00,5933,23,code,azure_2023
2023-11-16 18:46:38.456385+00:00,7436,18,code,azure_2023
2023-11-16 18:46:39.154481+00:00,3182,11,code,azure_2023
2023-11-16 18:46:39.179944+00:00,7436,13,code,azure_2023
2023-11-16 18:46:39.404106+00:00,1963,22,code,azure_2023
2023-11-16 18:46:39.657677+00:00,7436,12,code,azure_2023
2023-11-16 18:46:39.678680+00:00,5978,445,code,azure_2023
2023-11-16 18:46:39.953247+00:00,4280,10,code,azure_2023
2023-11-16 18:46:40.653140+00:00,3098,18,code,azure_2023
2023-11-16 18:46:40.756191+00:00,1271,9,code,azure_2023
2023-11-16 18:46:40.857482+00:00,2624,6,code,azure_2023
2023-11-16 18:46:40.857777+00:00,232,34,code,azure_2023
2023-11-16 18:46:40.857956+00:00,133,14,code,azure_2023
2023-11-16 18:46:41.053220+00:00,7435,49,code,azure_2023
2023-11-16 18:46:41.253564+00:00,135,32,code,azure_2023
2023-11-16 18:46:41.357035+00:00,181,8,code,azure_2023
2023-11-16 18:46:41.553390+00:00,4783,9,code,azure_2023
2023-11-16 18:46:41.556602+00:00,3484,12,code,azure_2023
2023-11-16 18:46:41.556619+00:00,820,21,code,azure_2023
2023-11-16 18:46:41.655000+00:00,517,10,code,azure_2023
2023-11-16 18:46:41.854790+00:00,1468,10,code,azure_2023
2023-11-16 18:46:41.954405+00:00,2879,17,code,azure_2023
2023-11-16 18:46:42.065480+00:00,2629,10,code,azure_2023
2023-11-16 18:46:42.366270+00:00,1310,58,code,azure_2023
2023-11-16 18:46:42.553462+00:00,1185,8,code,azure_2023
2023-11-16 18:46:42.656862+00:00,77,7,code,azure_2023
2023-11-16 18:46:42.759396+00:00,517,8,code,azure_2023
2023-11-16 18:46:42.853386+00:00,138,16,code,azure_2023
2023-11-16 18:46:42.886318+00:00,3334,12,code,azure_2023
2023-11-16 18:46:42.953497+00:00,260,19,code,azure_2023
2023-11-16 18:46:43.053466+00:00,828,7,code,azure_2023
2023-11-16 18:46:43.159905+00:00,1159,31,code,azure_2023
2023-11-16 18:46:43.259973+00:00,517,11,code,azure_2023
2023-11-16 18:46:43.264387+00:00,2200,16,code,azure_2023
2023-11-16 18:46:43.356466+00:00,3484,13,code,azure_2023
2023-11-16 18:46:43.356626+00:00,7222,15,code,azure_2023
2023-11-16 18:46:43.359365+00:00,1469,21,code,azure_2023
2023-11-16 18:46:43.553324+00:00,1185,8,code,azure_2023
2023-11-16 18:46:43.653218+00:00,1279,26,code,azure_2023
2023-11-16 18:46:43.669813+00:00,1018,21,code,azure_2023
2023-11-16 18:46:43.759711+00:00,263,16,code,azure_2023
2023-11-16 18:46:43.985542+00:00,7436,46,code,azure_2023
2023-11-16 18:46:44.653138+00:00,3101,11,code,azure_2023
2023-11-16 18:46:44.766127+00:00,137,24,code,azure_2023
2023-11-16 18:46:45.072956+00:00,4788,21,code,azure_2023
2023-11-16 18:46:45.073639+00:00,518,12,code,azure_2023
2023-11-16 18:46:45.153207+00:00,185,6,code,azure_2023
2023-11-16 18:46:45.153290+00:00,1316,112,code,azure_2023
2023-11-16 18:46:45.153411+00:00,2628,24,code,azure_2023
2023-11-16 18:46:45.157490+00:00,842,12,code,azure_2023
2023-11-16 18:46:45.157496+00:00,1469,18,code,azure_2023
2023-11-16 18:46:45.253360+00:00,7435,15,code,azure_2023
2023-11-16 18:46:45.262293+00:00,4285,46,code,azure_2023
2023-11-16 18:46:45.353411+00:00,1073,10,code,azure_2023
2023-11-16 18:46:45.453233+00:00,137,30,code,azure_2023
2023-11-16 18:46:45.496467+00:00,1020,22,code,azure_2023
2023-11-16 18:46:45.658162+00:00,140,6,code,azure_2023
2023-11-16 18:46:46.258519+00:00,2684,7,code,azure_2023
2023-11-16 18:46:46.258542+00:00,140,13,code,azure_2023
2023-11-16 18:46:46.354825+00:00,823,217,code,azure_2023
2023-11-16 18:46:46.453234+00:00,1023,6,code,azure_2023
2023-11-16 18:46:46.668260+00:00,3290,503,code,azure_2023
2023-11-16 18:46:46.677606+00:00,1213,23,code,azure_2023
2023-11-16 18:46:46.874980+00:00,1557,38,code,azure_2023
2023-11-16 18:46:46.955147+00:00,825,10,code,azure_2023
2023-11-16 18:46:47.053333+00:00,138,18,code,azure_2023
2023-11-16 18:46:47.054866+00:00,1021,22,code,azure_2023
2023-11-16 18:46:47.065362+00:00,265,21,code,azure_2023
2023-11-16 18:46:47.153301+00:00,133,64,code,azure_2023
2023-11-16 18:46:47.367660+00:00,4789,24,code,azure_2023
2023-11-16 18:46:47.458043+00:00,198,11,code,azure_2023
2023-11-16 18:46:47.553405+00:00,1410,8,code,azure_2023
2023-11-16 18:46:47.560457+00:00,263,40,code,azure_2023
2023-11-16 18:46:47.655735+00:00,2684,9,code,azure_2023
2023-11-16 18:46:47.753420+00:00,520,11,code,azure_2023
2023-11-16 18:46:47.925639+00:00,265,19,code,azure_2023
2023-11-16 18:46:48.254371+00:00,847,16,code,azure_2023
2023-11-16 18:46:48.353135+00:00,199,12,code,azure_2023
2023-11-16 18:46:48.456171+00:00,3179,16,code,azure_2023
2023-11-16 18:46:48.456848+00:00,2637,24,code,azure_2023
2023-11-16 18:46:48.467543+00:00,826,54,code,azure_2023
2023-11-16 18:46:48.561146+00:00,5945,8,code,azure_2023
2023-11-16 18:46:48.856028+00:00,4792,12,code,azure_2023
2023-11-16 18:46:49.553180+00:00,3180,6,code,azure_2023
2023-11-16 18:46:49.859735+00:00,849,13,code,azure_2023
2023-11-16 18:46:50.006034+00:00,135,20,code,azure_2023
2023-11-16 18:46:50.009203+00:00,1900,6,code,azure_2023
2023-11-16 18:46:50.053972+00:00,826,9,code,azure_2023
2023-11-16 18:46:50.056437+00:00,1706,13,code,azure_2023
2023-11-16 18:46:50.153299+00:00,3181,14,code,azure_2023
2023-11-16 18:46:50.156183+00:00,227,9,code,azure_2023
2023-11-16 18:46:50.163470+00:00,92,17,code,azure_2023
2023-11-16 18:46:50.257588+00:00,1172,17,code,azure_2023
2023-11-16 18:46:50.454756+00:00,136,23,code,azure_2023
2023-11-16 18:46:50.555260+00:00,849,6,code,azure_2023
2023-11-16 18:46:50.789413+00:00,1980,8,code,azure_2023
2023-11-16 18:46:50.853159+00:00,230,6,code,azure_2023
2023-11-16 18:46:50.970585+00:00,4439,13,code,azure_2023
2023-11-16 18:46:51.153272+00:00,850,13,code,azure_2023
2023-11-16 18:46:51.153301+00:00,1215,264,code,azure_2023
2023-11-16 18:46:51.582752+00:00,7424,16,code,azure_2023
2023-11-16 18:46:51.594866+00:00,1708,13,code,azure_2023
2023-11-16 18:46:51.857448+00:00,139,11,code,azure_2023
2023-11-16 18:46:51.953186+00:00,3337,16,code,azure_2023
2023-11-16 18:46:52.056398+00:00,518,12,code,azure_2023
2023-11-16 18:46:52.058994+00:00,1321,83,code,azure_2023
2023-11-16 18:46:52.198423+00:00,4796,7,code,azure_2023
2023-11-16 18:46:52.354215+00:00,1708,13,code,azure_2023
2023-11-16 18:46:52.390635+00:00,941,264,code,azure_2023
2023-11-16 18:47:07.068722+00:00,1936,12,code,azure_2023
2023-11-16 18:47:07.303732+00:00,5595,13,code,azure_2023
2023-11-16 18:47:07.360358+00:00,689,8,code,azure_2023
2023-11-16 18:47:07.459111+00:00,63,8,code,azure_2023
2023-11-16 18:47:07.559433+00:00,26,8,code,azure_2023
2023-11-16 18:47:08.059246+00:00,5595,46,code,azure_2023
2023-11-16 18:47:08.559195+00:00,7436,9,code,azure_2023
2023-11-16 18:47:08.683316+00:00,1372,11,code,azure_2023
2023-11-16 18:47:08.683322+00:00,589,10,code,azure_2023
2023-11-16 18:47:08.759104+00:00,2013,8,code,azure_2023
2023-11-16 18:47:08.860229+00:00,762,75,code,azure_2023
2023-11-16 18:47:08.860245+00:00,372,9,code,azure_2023
2023-11-16 18:47:08.861164+00:00,515,32,code,azure_2023
2023-11-16 18:47:09.059899+00:00,2074,19,code,azure_2023
2023-11-16 18:47:09.063129+00:00,1826,9,code,azure_2023
2023-11-16 18:47:09.761655+00:00,1283,15,code,azure_2023
2023-11-16 18:47:10.105530+00:00,5754,22,code,azure_2023
2023-11-16 18:47:10.209152+00:00,386,13,code,azure_2023
2023-11-16 18:47:10.280721+00:00,4441,14,code,azure_2023
2023-11-16 18:47:10.479219+00:00,606,6,code,azure_2023
2023-11-16 18:47:10.562872+00:00,930,46,code,azure_2023
2023-11-16 18:47:10.659629+00:00,386,9,code,azure_2023
2023-11-16 18:47:10.761271+00:00,1358,41,code,azure_2023
2023-11-16 18:47:10.965483+00:00,1377,9,code,azure_2023
2023-11-16 18:47:10.965571+00:00,585,31,code,azure_2023
2023-11-16 18:47:11.060111+00:00,2846,14,code,azure_2023
2023-11-16 18:47:11.060152+00:00,606,6,code,azure_2023
2023-11-16 18:47:11.060214+00:00,387,6,code,azure_2023
2023-11-16 18:47:11.304813+00:00,7435,133,code,azure_2023
2023-11-16 18:47:11.405530+00:00,3750,6,code,azure_2023
2023-11-16 18:47:11.559386+00:00,606,6,code,azure_2023
2023-11-16 18:47:11.680289+00:00,4443,43,code,azure_2023
2023-11-16 18:47:11.760951+00:00,1285,14,code,azure_2023
2023-11-16 18:47:11.798306+00:00,4758,16,code,azure_2023
2023-11-16 18:47:12.061890+00:00,7435,42,code,azure_2023
2023-11-16 18:47:12.262930+00:00,2010,14,code,azure_2023
2023-11-16 18:47:12.459901+00:00,7434,22,code,azure_2023
2023-11-16 18:47:12.498502+00:00,374,31,code,azure_2023
2023-11-16 18:47:12.560562+00:00,762,26,code,azure_2023
2023-11-16 18:47:12.576158+00:00,694,13,code,azure_2023
2023-11-16 18:47:12.659778+00:00,4759,15,code,azure_2023
2023-11-16 18:47:12.859571+00:00,1358,18,code,azure_2023
2023-11-16 18:47:12.870222+00:00,33,109,code,azure_2023
2023-11-16 18:47:12.963395+00:00,2140,18,code,azure_2023
2023-11-16 18:47:13.162490+00:00,4443,87,code,azure_2023
2023-11-16 18:47:13.259707+00:00,1383,33,code,azure_2023
2023-11-16 18:47:13.361728+00:00,2342,10,code,azure_2023
2023-11-16 18:47:13.362535+00:00,2696,14,code,azure_2023
2023-11-16 18:47:13.459429+00:00,849,11,code,azure_2023
2023-11-16 18:47:13.602818+00:00,376,10,code,azure_2023
2023-11-16 18:47:13.680625+00:00,4443,6,code,azure_2023
2023-11-16 18:47:14.368262+00:00,252,6,code,azure_2023
2023-11-16 18:47:14.459648+00:00,1888,10,code,azure_2023
2023-11-16 18:47:14.459779+00:00,594,10,code,azure_2023
2023-11-16 18:47:14.565483+00:00,2140,19,code,azure_2023
2023-11-16 18:47:14.565490+00:00,1204,52,code,azure_2023
2023-11-16 18:47:14.662268+00:00,1367,12,code,azure_2023
2023-11-16 18:47:14.666758+00:00,2696,49,code,azure_2023
2023-11-16 18:47:14.764312+00:00,252,12,code,azure_2023
2023-11-16 18:47:14.959230+00:00,585,63,code,azure_2023
2023-11-16 18:47:15.062647+00:00,60,27,code,azure_2023
2023-11-16 18:47:15.459979+00:00,611,49,code,azure_2023
2023-11-16 18:47:15.566639+00:00,595,14,code,azure_2023
2023-11-16 18:47:15.663464+00:00,2143,16,code,azure_2023
2023-11-16 18:47:15.761162+00:00,376,20,code,azure_2023
2023-11-16 18:47:15.859919+00:00,63,6,code,azure_2023
2023-11-16 18:47:15.859986+00:00,60,27,code,azure_2023
2023-11-16 18:47:16.062260+00:00,5597,35,code,azure_2023
2023-11-16 18:47:16.163824+00:00,2011,8,code,azure_2023
2023-11-16 18:47:16.163830+00:00,4442,49,code,azure_2023
2023-11-16 18:47:16.163909+00:00,449,25,code,azure_2023
2023-11-16 18:47:16.164003+00:00,566,15,code,azure_2023
2023-11-16 18:47:16.260511+00:00,392,63,code,azure_2023
2023-11-16 18:47:16.262632+00:00,2145,16,code,azure_2023
2023-11-16 18:47:16.378821+00:00,63,23,code,azure_2023
2023-11-16 18:47:16.461927+00:00,376,15,code,azure_2023
2023-11-16 18:47:16.560047+00:00,2012,12,code,azure_2023
2023-11-16 18:47:16.560319+00:00,394,6,code,azure_2023
2023-11-16 18:47:16.762531+00:00,1386,29,code,azure_2023
2023-11-16 18:47:16.777674+00:00,547,6,code,azure_2023
2023-11-16 18:47:16.861264+00:00,64,8,code,azure_2023
2023-11-16 18:47:16.866362+00:00,1374,17,code,azure_2023
2023-11-16 18:47:16.866503+00:00,1392,6,code,azure_2023
2023-11-16 18:47:17.061238+00:00,515,21,code,azure_2023
2023-11-16 18:47:17.659546+00:00,2851,17,code,azure_2023
2023-11-16 18:47:17.659968+00:00,377,30,code,azure_2023
2023-11-16 18:47:17.789620+00:00,1419,29,code,azure_2023
2023-11-16 18:47:18.259319+00:00,1397,25,code,azure_2023
2023-11-16 18:47:18.267539+00:00,63,7,code,azure_2023
2023-11-16 18:47:18.470395+00:00,380,24,code,azure_2023
2023-11-16 18:47:18.630249+00:00,2015,8,code,azure_2023
2023-11-16 18:47:18.660593+00:00,1419,52,code,azure_2023
2023-11-16 18:47:18.859719+00:00,90,7,code,azure_2023
2023-11-16 18:47:19.262436+00:00,1397,88,code,azure_2023
2023-11-16 18:47:19.479409+00:00,4441,64,code,azure_2023
2023-11-16 18:47:19.859024+00:00,2732,50,code,azure_2023
2023-11-16 18:47:19.993299+00:00,3756,14,code,azure_2023
2023-11-16 18:47:20.159700+00:00,1458,14,code,azure_2023
2023-11-16 18:47:20.259783+00:00,28,55,code,azure_2023
2023-11-16 18:47:20.359362+00:00,1835,10,code,azure_2023
2023-11-16 18:47:20.590207+00:00,1458,9,code,azure_2023
2023-11-16 18:47:20.759794+00:00,5752,10,code,azure_2023
2023-11-16 18:47:20.771089+00:00,388,10,code,azure_2023
2023-11-16 18:47:20.858665+00:00,2380,8,code,azure_2023
2023-11-16 18:47:20.859624+00:00,90,9,code,azure_2023
2023-11-16 18:47:20.966600+00:00,1741,15,code,azure_2023
2023-11-16 18:47:21.059602+00:00,28,17,code,azure_2023
2023-11-16 18:47:21.259264+00:00,5752,11,code,azure_2023
2023-11-16 18:47:21.291262+00:00,2149,46,code,azure_2023
2023-11-16 18:47:21.359042+00:00,387,16,code,azure_2023
2023-11-16 18:47:21.360189+00:00,7434,26,code,azure_2023
2023-11-16 18:47:21.559934+00:00,1171,8,code,azure_2023
2023-11-16 18:47:21.859462+00:00,64,19,code,azure_2023
2023-11-16 18:47:22.059140+00:00,3769,31,code,azure_2023
2023-11-16 18:47:22.205516+00:00,1388,11,code,azure_2023
2023-11-16 18:47:22.259555+00:00,1415,9,code,azure_2023
2023-11-16 18:47:22.461778+00:00,64,13,code,azure_2023
2023-11-16 18:47:22.560580+00:00,1199,8,code,azure_2023
2023-11-16 18:48:11.630316+00:00,976,7,code,azure_2023
2023-11-16 18:48:11.734287+00:00,752,6,code,azure_2023
2023-11-16 18:48:11.927252+00:00,523,28,code,azure_2023
2023-11-16 18:48:11.927277+00:00,466,25,code,azure_2023
2023-11-16 18:48:11.928148+00:00,2290,10,code,azure_2023
2023-11-16 18:48:15.629171+00:00,1063,13,code,azure_2023
2023-11-16 18:48:15.927372+00:00,2264,23,code,azure_2023
2023-11-16 18:48:15.929042+00:00,1638,13,code,azure_2023
2023-11-16 18:48:15.929234+00:00,613,49,code,azure_2023
2023-11-16 18:48:16.029175+00:00,21,58,code,azure_2023
2023-11-16 18:48:16.134142+00:00,527,12,code,azure_2023
2023-11-16 18:48:16.134189+00:00,1390,14,code,azure_2023
2023-11-16 18:48:16.235287+00:00,1022,32,code,azure_2023
2023-11-16 18:48:16.235422+00:00,1063,22,code,azure_2023
2023-11-16 18:48:16.236238+00:00,2292,13,code,azure_2023
2023-11-16 18:48:16.236348+00:00,2297,34,code,azure_2023
2023-11-16 18:48:16.333903+00:00,528,22,code,azure_2023
2023-11-16 18:48:16.333965+00:00,2655,15,code,azure_2023
2023-11-16 18:48:16.334118+00:00,1371,17,code,azure_2023
2023-11-16 18:48:16.433367+00:00,615,7,code,azure_2023
2023-11-16 18:48:16.534883+00:00,892,14,code,azure_2023
2023-11-16 18:48:16.626388+00:00,2940,27,code,azure_2023
2023-11-16 18:48:16.728719+00:00,1528,13,code,azure_2023
2023-11-16 18:48:17.228524+00:00,23,6,code,azure_2023
2023-11-16 18:48:17.234333+00:00,2942,11,code,azure_2023
2023-11-16 18:48:17.325886+00:00,752,13,code,azure_2023
2023-11-16 18:48:17.326076+00:00,1728,88,code,azure_2023
2023-11-16 18:48:17.333676+00:00,1528,14,code,azure_2023
2023-11-16 18:48:17.431759+00:00,616,103,code,azure_2023
2023-11-16 18:48:17.533284+00:00,2919,9,code,azure_2023
2023-11-16 18:48:17.725861+00:00,1379,9,code,azure_2023
2023-11-16 18:48:17.725981+00:00,751,72,code,azure_2023
2023-11-16 18:48:17.726956+00:00,1732,6,code,azure_2023
2023-11-16 18:48:17.732757+00:00,616,7,code,azure_2023
2023-11-16 18:48:17.733865+00:00,1448,55,code,azure_2023
2023-11-16 18:48:17.828322+00:00,1393,19,code,azure_2023
2023-11-16 18:48:17.828519+00:00,533,6,code,azure_2023
2023-11-16 18:48:17.829608+00:00,2294,13,code,azure_2023
2023-11-16 18:48:17.833380+00:00,1885,307,code,azure_2023
2023-11-16 18:48:17.834100+00:00,1545,6,code,azure_2023
2023-11-16 18:48:17.931302+00:00,284,9,code,azure_2023
2023-11-16 18:48:17.932389+00:00,7436,6,code,azure_2023
2023-11-16 18:48:17.935224+00:00,7436,12,code,azure_2023
2023-11-16 18:48:17.935360+00:00,2945,13,code,azure_2023
2023-11-16 18:48:18.030540+00:00,1545,24,code,azure_2023
2023-11-16 18:48:18.032238+00:00,978,6,code,azure_2023
2023-11-16 18:48:18.134920+00:00,1062,10,code,azure_2023
2023-11-16 18:48:18.226450+00:00,1735,9,code,azure_2023
2023-11-16 18:48:18.226664+00:00,2919,9,code,azure_2023
2023-11-16 18:48:18.234107+00:00,1028,19,code,azure_2023
2023-11-16 18:48:18.333168+00:00,2264,15,code,azure_2023
2023-11-16 18:48:18.333252+00:00,2295,11,code,azure_2023
2023-11-16 18:48:18.432077+00:00,978,9,code,azure_2023
2023-11-16 18:48:18.529742+00:00,7436,13,code,azure_2023
2023-11-16 18:48:18.629526+00:00,1886,104,code,azure_2023
2023-11-16 18:48:18.630312+00:00,7435,8,code,azure_2023
2023-11-16 18:48:18.632263+00:00,290,6,code,azure_2023
2023-11-16 18:48:18.636703+00:00,7436,19,code,azure_2023
2023-11-16 18:48:18.637747+00:00,1385,21,code,azure_2023
2023-11-16 18:48:18.727509+00:00,1062,19,code,azure_2023
2023-11-16 18:48:18.731337+00:00,621,25,code,azure_2023
2023-11-16 18:48:18.928029+00:00,2919,9,code,azure_2023
2023-11-16 18:48:18.928176+00:00,2951,9,code,azure_2023
2023-11-16 18:48:18.931332+00:00,1742,87,code,azure_2023
2023-11-16 18:48:18.933226+00:00,7098,30,code,azure_2023
2023-11-16 18:48:19.130669+00:00,2661,8,code,azure_2023
2023-11-16 18:48:19.434092+00:00,980,8,code,azure_2023
2023-11-16 18:48:19.436353+00:00,1385,16,code,azure_2023
2023-11-16 18:48:19.629696+00:00,80,6,code,azure_2023
2023-11-16 18:48:19.726407+00:00,624,20,code,azure_2023
2023-11-16 18:48:30.025470+00:00,2358,13,code,azure_2023
2023-11-16 18:48:30.026044+00:00,2960,13,code,azure_2023
2023-11-16 18:48:30.052060+00:00,764,14,code,azure_2023
2023-11-16 18:48:30.727395+00:00,646,30,code,azure_2023
2023-11-16 18:48:30.925756+00:00,1889,21,code,azure_2023
2023-11-16 18:48:31.136649+00:00,1088,28,code,azure_2023
2023-11-16 18:48:31.225462+00:00,1603,10,code,azure_2023
2023-11-16 18:48:31.525503+00:00,2707,25,code,azure_2023
2023-11-16 18:48:31.927911+00:00,898,6,code,azure_2023
2023-11-16 18:48:31.941664+00:00,305,20,code,azure_2023
2023-11-16 18:48:32.125498+00:00,1056,14,code,azure_2023
2023-11-16 18:48:32.330145+00:00,898,32,code,azure_2023
2023-11-16 18:48:32.626838+00:00,303,30,code,azure_2023
2023-11-16 18:48:32.633877+00:00,7105,6,code,azure_2023
2023-11-16 18:48:32.775699+00:00,624,27,code,azure_2023
2023-11-16 18:48:32.825539+00:00,725,12,code,azure_2023
2023-11-16 18:48:33.026357+00:00,3592,7,code,azure_2023
2023-11-16 18:48:33.036450+00:00,313,19,code,azure_2023
2023-11-16 18:48:33.169000+00:00,979,151,code,azure_2023
2023-11-16 18:48:33.384053+00:00,1634,10,code,azure_2023
2023-11-16 18:48:33.600969+00:00,1732,17,code,azure_2023
2023-11-16 18:48:33.729104+00:00,7432,17,code,azure_2023
2023-11-16 18:48:33.862157+00:00,1686,28,code,azure_2023
2023-11-16 18:48:34.031828+00:00,7436,7,code,azure_2023
2023-11-16 18:48:34.666807+00:00,2285,12,code,azure_2023
2023-11-16 18:48:34.838969+00:00,7107,18,code,azure_2023
2023-11-16 18:48:34.848480+00:00,1733,6,code,azure_2023
2023-11-16 18:48:34.942112+00:00,1634,118,code,azure_2023
2023-11-16 18:48:35.270904+00:00,900,13,code,azure_2023
2023-11-16 18:48:35.564249+00:00,900,8,code,azure_2023
2023-11-16 18:48:35.688408+00:00,2220,51,code,azure_2023
2023-11-16 18:48:36.025524+00:00,2942,9,code,azure_2023
2023-11-16 18:48:36.328471+00:00,3968,9,code,azure_2023
2023-11-16 18:48:36.328616+00:00,82,7,code,azure_2023
2023-11-16 18:48:36.331214+00:00,311,25,code,azure_2023
2023-11-16 18:48:36.425445+00:00,903,15,code,azure_2023
2023-11-16 18:48:36.525497+00:00,927,58,code,azure_2023
2023-11-16 18:48:36.525628+00:00,157,14,code,azure_2023
2023-11-16 18:48:36.625535+00:00,31,7,code,azure_2023
2023-11-16 18:48:36.726664+00:00,3625,14,code,azure_2023
2023-11-16 18:48:36.825604+00:00,2711,6,code,azure_2023
2023-11-16 18:48:37.030012+00:00,30,9,code,azure_2023
2023-11-16 18:48:37.227194+00:00,311,91,code,azure_2023
2023-11-16 18:48:37.325505+00:00,2227,30,code,azure_2023
2023-11-16 18:48:37.725487+00:00,3220,10,code,azure_2023
2023-11-16 18:48:37.825649+00:00,179,13,code,azure_2023
2023-11-16 18:48:37.825714+00:00,2669,8,code,azure_2023
2023-11-16 18:48:38.401644+00:00,82,7,code,azure_2023
2023-11-16 18:48:38.526971+00:00,3214,10,code,azure_2023
2023-11-16 18:48:38.535209+00:00,900,22,code,azure_2023
2023-11-16 18:48:38.627023+00:00,1569,59,code,azure_2023
2023-11-16 18:48:38.632590+00:00,2669,8,code,azure_2023
2023-11-16 18:48:38.725785+00:00,652,9,code,azure_2023
2023-11-16 18:48:38.729561+00:00,7113,13,code,azure_2023
2023-11-16 18:48:38.927002+00:00,7436,31,code,azure_2023
2023-11-16 18:48:39.327021+00:00,179,12,code,azure_2023
2023-11-16 18:48:39.625491+00:00,2670,7,code,azure_2023
2023-11-16 18:48:39.681073+00:00,985,9,code,azure_2023
2023-11-16 18:48:39.688354+00:00,7435,12,code,azure_2023
2023-11-16 18:48:40.031061+00:00,1136,6,code,azure_2023
2023-11-16 18:48:40.351716+00:00,2541,13,code,azure_2023
2023-11-16 18:48:40.725434+00:00,7436,25,code,azure_2023
2023-11-16 18:48:41.327278+00:00,1138,6,code,azure_2023
2023-11-16 18:48:41.377689+00:00,7436,11,code,azure_2023
2023-11-16 18:48:41.450721+00:00,1988,19,code,azure_2023
2023-11-16 18:48:41.649938+00:00,7425,66,code,azure_2023
2023-11-16 18:48:41.725493+00:00,1138,8,code,azure_2023
2023-11-16 18:48:41.846115+00:00,1628,86,code,azure_2023
2023-11-16 18:48:42.066809+00:00,2496,23,code,azure_2023
2023-11-16 18:48:42.125624+00:00,2676,12,code,azure_2023
2023-11-16 18:48:42.254384+00:00,1140,10,code,azure_2023
2023-11-16 18:48:42.395976+00:00,3598,337,code,azure_2023
2023-11-16 18:48:42.625697+00:00,7425,66,code,azure_2023
2023-11-16 18:48:42.627306+00:00,2960,29,code,azure_2023
2023-11-16 18:48:42.749873+00:00,2155,66,code,azure_2023
2023-11-16 18:48:42.827079+00:00,3638,15,code,azure_2023
2023-11-16 18:48:42.866637+00:00,1990,8,code,azure_2023
2023-11-16 18:48:43.430432+00:00,2798,9,code,azure_2023
2023-11-16 18:48:44.250002+00:00,2227,15,code,azure_2023
2023-11-16 18:48:44.262492+00:00,985,9,code,azure_2023
2023-11-16 18:48:44.326576+00:00,2498,11,code,azure_2023
2023-11-16 18:48:44.625441+00:00,1625,6,code,azure_2023
2023-11-16 18:48:46.416370+00:00,7435,127,code,azure_2023
2023-11-16 18:48:46.657077+00:00,1624,30,code,azure_2023
2023-11-16 18:48:46.872899+00:00,1625,18,code,azure_2023
2023-11-16 18:48:46.952046+00:00,2962,6,code,azure_2023
2023-11-16 18:48:47.037018+00:00,5381,11,code,azure_2023
2023-11-16 18:48:47.254279+00:00,2676,8,code,azure_2023
2023-11-16 18:48:47.325477+00:00,242,19,code,azure_2023
2023-11-16 18:48:47.368273+00:00,2501,10,code,azure_2023
2023-11-16 18:48:47.425916+00:00,3653,22,code,azure_2023
2023-11-16 18:48:47.461544+00:00,7430,37,code,azure_2023
2023-11-16 18:48:47.742144+00:00,98,17,code,azure_2023
2023-11-16 18:48:48.041345+00:00,242,12,code,azure_2023
2023-11-16 18:48:48.331206+00:00,118,12,code,azure_2023
2023-11-16 18:48:49.075915+00:00,2504,8,code,azure_2023
2023-11-16 18:48:49.487657+00:00,2676,11,code,azure_2023
2023-11-16 18:48:49.756718+00:00,1732,9,code,azure_2023
2023-11-16 18:48:49.827920+00:00,2505,8,code,azure_2023
2023-11-16 18:49:30.033383+00:00,2756,7,code,azure_2023
2023-11-16 18:49:30.327144+00:00,536,62,code,azure_2023
2023-11-16 18:49:30.439663+00:00,407,15,code,azure_2023
2023-11-16 18:49:31.564496+00:00,41,397,code,azure_2023
2023-11-16 18:49:31.693591+00:00,3092,14,code,azure_2023
2023-11-16 18:49:31.693623+00:00,2258,19,code,azure_2023
2023-11-16 18:49:31.693988+00:00,1113,9,code,azure_2023
2023-11-16 18:49:31.825688+00:00,7431,11,code,azure_2023
2023-11-16 18:49:31.826213+00:00,3077,13,code,azure_2023
2023-11-16 18:49:31.975540+00:00,863,20,code,azure_2023
2023-11-16 18:49:32.478885+00:00,7431,14,code,azure_2023
2023-11-16 18:49:32.569188+00:00,3020,13,code,azure_2023
2023-11-16 18:49:32.725733+00:00,2757,12,code,azure_2023
2023-11-16 18:49:32.758286+00:00,4306,6,code,azure_2023
2023-11-16 18:49:32.788110+00:00,3092,28,code,azure_2023
2023-11-16 18:49:32.826853+00:00,1113,10,code,azure_2023
2023-11-16 18:49:33.029881+00:00,1750,391,code,azure_2023
2023-11-16 18:49:33.037477+00:00,4183,9,code,azure_2023
2023-11-16 18:49:33.235577+00:00,1658,8,code,azure_2023
2023-11-16 18:49:33.338056+00:00,7432,13,code,azure_2023
2023-11-16 18:49:33.360226+00:00,2482,11,code,azure_2023
2023-11-16 18:49:33.425550+00:00,407,8,code,azure_2023
2023-11-16 18:49:33.625508+00:00,4183,9,code,azure_2023
2023-11-16 18:49:33.854043+00:00,5915,6,code,azure_2023
2023-11-16 18:49:33.884464+00:00,2794,11,code,azure_2023
2023-11-16 18:49:35.100938+00:00,2260,34,code,azure_2023
2023-11-16 18:49:35.328158+00:00,1026,13,code,azure_2023
2023-11-16 18:49:35.625637+00:00,866,15,code,azure_2023
2023-11-16 18:49:35.625676+00:00,4303,8,code,azure_2023
2023-11-16 18:49:35.627778+00:00,1661,8,code,azure_2023
2023-11-16 18:49:35.729776+00:00,2552,10,code,azure_2023
2023-11-16 18:49:36.228684+00:00,247,30,code,azure_2023
2023-11-16 18:49:36.325615+00:00,2554,7,code,azure_2023
2023-11-16 18:49:36.477485+00:00,1026,31,code,azure_2023
2023-11-16 18:49:36.627020+00:00,251,10,code,azure_2023
2023-11-16 18:49:36.725819+00:00,2369,6,code,azure_2023
2023-11-16 18:49:36.729979+00:00,2796,11,code,azure_2023
2023-11-16 18:49:36.926286+00:00,4305,8,code,azure_2023
2023-11-16 18:49:36.926347+00:00,4700,9,code,azure_2023
2023-11-16 18:49:37.029318+00:00,1029,7,code,azure_2023
2023-11-16 18:49:37.125518+00:00,3575,7,code,azure_2023
2023-11-16 18:49:37.234609+00:00,1137,10,code,azure_2023
2023-11-16 18:49:37.349383+00:00,251,25,code,azure_2023
2023-11-16 18:49:37.425606+00:00,106,8,code,azure_2023
2023-11-16 18:49:37.427789+00:00,4306,7,code,azure_2023
2023-11-16 18:49:37.727561+00:00,768,13,code,azure_2023
2023-11-16 18:49:37.838436+00:00,622,15,code,azure_2023
2023-11-16 18:49:37.979561+00:00,1138,10,code,azure_2023
2023-11-16 18:49:38.225740+00:00,2797,6,code,azure_2023
2023-11-16 18:49:38.826751+00:00,2798,9,code,azure_2023
2023-11-16 18:49:39.057771+00:00,2998,6,code,azure_2023
2023-11-16 18:49:39.126042+00:00,12,10,code,azure_2023
2023-11-16 18:49:39.461522+00:00,7436,26,code,azure_2023
2023-11-16 18:49:39.627845+00:00,976,11,code,azure_2023
2023-11-16 18:49:54.478878+00:00,7151,9,code,azure_2023
2023-11-16 18:49:54.480102+00:00,5381,6,code,azure_2023
2023-11-16 18:49:54.584170+00:00,1101,76,code,azure_2023
2023-11-16 18:49:54.978423+00:00,13,52,code,azure_2023
2023-11-16 18:49:54.979163+00:00,7435,15,code,azure_2023
2023-11-16 18:49:54.979306+00:00,95,14,code,azure_2023
2023-11-16 18:49:54.980247+00:00,2607,64,code,azure_2023
2023-11-16 18:49:54.986462+00:00,2422,25,code,azure_2023
2023-11-16 18:49:54.986693+00:00,29,6,code,azure_2023
2023-11-16 18:49:54.987723+00:00,892,8,code,azure_2023
2023-11-16 18:49:54.989479+00:00,94,13,code,azure_2023
2023-11-16 18:49:55.178440+00:00,1307,16,code,azure_2023
2023-11-16 18:49:55.183134+00:00,331,19,code,azure_2023
2023-11-16 18:49:55.184418+00:00,4217,7,code,azure_2023
2023-11-16 18:49:55.185545+00:00,4769,102,code,azure_2023
2023-11-16 18:49:55.186521+00:00,2738,29,code,azure_2023
2023-11-16 18:49:55.189535+00:00,95,16,code,azure_2023
2023-11-16 18:49:55.277448+00:00,197,7,code,azure_2023
2023-11-16 18:49:55.277530+00:00,841,18,code,azure_2023
2023-11-16 18:49:55.279942+00:00,6077,49,code,azure_2023
2023-11-16 18:49:57.388799+00:00,4217,18,code,azure_2023
2023-11-16 18:49:57.483059+00:00,744,18,code,azure_2023
2023-11-16 18:49:57.484038+00:00,742,24,code,azure_2023
2023-11-16 18:49:57.581778+00:00,7154,6,code,azure_2023
2023-11-16 18:49:57.685567+00:00,3208,12,code,azure_2023
2023-11-16 18:49:57.777438+00:00,7153,6,code,azure_2023
2023-11-16 18:49:57.977394+00:00,1347,9,code,azure_2023
2023-11-16 18:49:57.977577+00:00,4075,8,code,azure_2023
2023-11-16 18:49:57.977606+00:00,331,7,code,azure_2023
2023-11-16 18:49:59.677896+00:00,2724,66,code,azure_2023
2023-11-16 18:49:59.678148+00:00,34,7,code,azure_2023
2023-11-16 18:49:59.778667+00:00,4796,21,code,azure_2023
2023-11-16 18:49:59.978513+00:00,1653,37,code,azure_2023
2023-11-16 18:49:59.978557+00:00,969,55,code,azure_2023
2023-11-16 18:49:59.987710+00:00,194,26,code,azure_2023
2023-11-16 18:49:59.988544+00:00,2076,13,code,azure_2023
2023-11-16 18:49:59.988606+00:00,2326,9,code,azure_2023
2023-11-16 18:50:00.178636+00:00,6097,13,code,azure_2023
2023-11-16 18:50:00.178704+00:00,35,7,code,azure_2023
2023-11-16 18:50:00.178725+00:00,1018,8,code,azure_2023
2023-11-16 18:50:00.178941+00:00,1115,11,code,azure_2023
2023-11-16 18:50:00.382927+00:00,4061,12,code,azure_2023
2023-11-16 18:50:00.383940+00:00,4075,7,code,azure_2023
2023-11-16 18:50:00.385022+00:00,1825,16,code,azure_2023
2023-11-16 18:50:00.483373+00:00,1018,8,code,azure_2023
2023-11-16 18:50:00.483454+00:00,7435,85,code,azure_2023
2023-11-16 18:50:00.584962+00:00,7436,10,code,azure_2023
2023-11-16 18:50:00.677681+00:00,2050,12,code,azure_2023
2023-11-16 18:50:00.688756+00:00,96,38,code,azure_2023
2023-11-16 18:50:00.777600+00:00,4061,16,code,azure_2023
2023-11-16 18:50:00.779559+00:00,841,14,code,azure_2023
2023-11-16 18:50:00.783019+00:00,4765,7,code,azure_2023
2023-11-16 18:50:00.784980+00:00,6097,130,code,azure_2023
2023-11-16 18:50:00.785151+00:00,2038,11,code,azure_2023
2023-11-16 18:50:00.885181+00:00,7436,14,code,azure_2023
2023-11-16 18:50:00.885307+00:00,7436,8,code,azure_2023
2023-11-16 18:50:00.888205+00:00,7435,60,code,azure_2023
2023-11-16 18:50:00.982229+00:00,544,6,code,azure_2023
2023-11-16 18:50:00.983047+00:00,2278,19,code,azure_2023
2023-11-16 18:50:01.079236+00:00,52,14,code,azure_2023
2023-11-16 18:50:01.183205+00:00,183,30,code,azure_2023
2023-11-16 18:50:01.185131+00:00,4765,12,code,azure_2023
2023-11-16 18:50:01.185378+00:00,1656,6,code,azure_2023
2023-11-16 18:50:01.186211+00:00,332,17,code,azure_2023
2023-11-16 18:50:01.187264+00:00,1032,18,code,azure_2023
2023-11-16 18:50:01.188328+00:00,508,11,code,azure_2023
2023-11-16 18:50:01.278460+00:00,2714,64,code,azure_2023
2023-11-16 18:50:03.483059+00:00,2278,19,code,azure_2023
2023-11-16 18:50:03.483182+00:00,6097,61,code,azure_2023
2023-11-16 18:50:03.483338+00:00,746,52,code,azure_2023
2023-11-16 18:50:03.679022+00:00,2038,26,code,azure_2023
2023-11-16 18:50:03.680057+00:00,7435,200,code,azure_2023
2023-11-16 18:50:03.680103+00:00,1177,7,code,azure_2023
2023-11-16 18:50:03.783070+00:00,848,14,code,azure_2023
2023-11-16 18:50:03.879270+00:00,163,15,code,azure_2023
2023-11-16 18:50:03.881340+00:00,7087,25,code,azure_2023
2023-11-16 18:50:03.981723+00:00,6097,117,code,azure_2023
2023-11-16 18:50:04.484076+00:00,2079,7,code,azure_2023
2023-11-16 18:50:04.484759+00:00,550,57,code,azure_2023
2023-11-16 18:50:04.485046+00:00,4064,17,code,azure_2023
2023-11-16 18:50:04.679227+00:00,333,42,code,azure_2023
2023-11-16 18:50:04.680305+00:00,7089,40,code,azure_2023
2023-11-16 18:50:04.780589+00:00,163,12,code,azure_2023
2023-11-16 18:50:04.780777+00:00,1799,57,code,azure_2023
2023-11-16 18:50:04.781899+00:00,1089,10,code,azure_2023
2023-11-16 18:50:04.877460+00:00,1830,14,code,azure_2023
2023-11-16 18:50:04.981277+00:00,184,16,code,azure_2023
2023-11-16 18:50:05.084512+00:00,554,18,code,azure_2023
2023-11-16 18:50:05.085344+00:00,1831,15,code,azure_2023
2023-11-16 18:50:05.483143+00:00,2657,12,code,azure_2023
2023-11-16 18:50:05.483427+00:00,4609,8,code,azure_2023
2023-11-16 18:50:05.485042+00:00,186,7,code,azure_2023
2023-11-16 18:50:05.488151+00:00,7091,11,code,azure_2023
2023-11-16 18:50:05.582828+00:00,1805,66,code,azure_2023
2023-11-16 18:50:05.583781+00:00,293,10,code,azure_2023
2023-11-16 18:50:05.681009+00:00,4611,6,code,azure_2023
2023-11-16 18:50:05.681807+00:00,2657,8,code,azure_2023
2023-11-16 18:50:05.683030+00:00,712,11,code,azure_2023
2023-11-16 18:50:05.683936+00:00,1831,10,code,azure_2023
2023-11-16 18:50:05.779585+00:00,1033,13,code,azure_2023
2023-11-16 18:50:05.779735+00:00,293,18,code,azure_2023
2023-11-16 18:50:05.788409+00:00,1834,10,code,azure_2023
2023-11-16 18:50:05.878076+00:00,3213,7,code,azure_2023
2023-11-16 18:50:05.978588+00:00,6061,90,code,azure_2023
2023-11-16 18:50:05.979337+00:00,41,11,code,azure_2023
2023-11-16 18:50:05.980546+00:00,557,58,code,azure_2023
2023-11-16 18:50:06.085218+00:00,353,66,code,azure_2023
2023-11-16 18:50:06.085404+00:00,7436,29,code,azure_2023
2023-11-16 18:50:06.480552+00:00,746,36,code,azure_2023
2023-11-16 18:50:06.480608+00:00,3213,19,code,azure_2023
2023-11-16 18:50:06.480732+00:00,1033,15,code,azure_2023
2023-11-16 18:50:06.481920+00:00,4611,6,code,azure_2023
2023-11-16 18:50:06.582708+00:00,7435,6,code,azure_2023
2023-11-16 18:50:06.786839+00:00,1428,9,code,azure_2023
2023-11-16 18:50:06.788995+00:00,2035,10,code,azure_2023
2023-11-16 18:50:06.789161+00:00,7435,10,code,azure_2023
2023-11-16 18:50:06.878080+00:00,379,20,code,azure_2023
2023-11-16 18:50:06.878904+00:00,1033,7,code,azure_2023
2023-11-16 18:50:06.987083+00:00,2473,17,code,azure_2023
2023-11-16 18:50:07.178277+00:00,7091,92,code,azure_2023
2023-11-16 18:50:07.183624+00:00,2049,19,code,azure_2023
2023-11-16 18:50:07.185445+00:00,1116,130,code,azure_2023
2023-11-16 18:50:07.280740+00:00,380,40,code,azure_2023
2023-11-16 18:50:07.282609+00:00,7158,150,code,azure_2023
2023-11-16 18:50:07.284070+00:00,7435,10,code,azure_2023
2023-11-16 18:50:07.289096+00:00,2474,15,code,azure_2023
2023-11-16 18:50:07.377849+00:00,7093,26,code,azure_2023
2023-11-16 18:50:07.487770+00:00,7436,11,code,azure_2023
2023-11-16 18:50:07.584326+00:00,357,9,code,azure_2023
2023-11-16 18:50:07.683379+00:00,379,23,code,azure_2023
2023-11-16 18:50:07.687335+00:00,2097,88,code,azure_2023
2023-11-16 18:50:07.783614+00:00,548,7,code,azure_2023
2023-11-16 18:50:07.783708+00:00,172,15,code,azure_2023
2023-11-16 18:50:07.783766+00:00,47,6,code,azure_2023
2023-11-16 18:50:07.784720+00:00,7431,10,code,azure_2023
2023-11-16 18:50:07.784883+00:00,7029,17,code,azure_2023
2023-11-16 18:50:07.877514+00:00,4616,8,code,azure_2023
2023-11-16 18:50:07.882660+00:00,985,8,code,azure_2023
2023-11-16 18:50:07.884367+00:00,549,6,code,azure_2023
2023-11-16 18:50:07.884491+00:00,3213,14,code,azure_2023
2023-11-16 18:50:07.984865+00:00,2477,10,code,azure_2023
2023-11-16 18:50:07.986957+00:00,2122,73,code,azure_2023
2023-11-16 18:50:07.987884+00:00,319,11,code,azure_2023
2023-11-16 18:50:08.084267+00:00,983,12,code,azure_2023
2023-11-16 18:50:08.183382+00:00,3214,6,code,azure_2023
2023-11-16 18:50:08.186067+00:00,7029,19,code,azure_2023
2023-11-16 18:50:08.187998+00:00,749,10,code,azure_2023
2023-11-16 18:50:08.189175+00:00,50,10,code,azure_2023
2023-11-16 18:50:08.280830+00:00,3216,6,code,azure_2023
2023-11-16 18:50:08.281797+00:00,1089,14,code,azure_2023
2023-11-16 18:50:08.281854+00:00,1177,6,code,azure_2023
2023-11-16 18:50:08.282950+00:00,7098,25,code,azure_2023
2023-11-16 18:50:08.284918+00:00,2055,8,code,azure_2023
2023-11-16 18:50:08.379711+00:00,291,20,code,azure_2023
2023-11-16 18:50:08.384938+00:00,2057,12,code,azure_2023
2023-11-16 18:50:08.385096+00:00,37,6,code,azure_2023
2023-11-16 18:50:08.580375+00:00,2058,10,code,azure_2023
2023-11-16 18:50:08.581228+00:00,1033,7,code,azure_2023
2023-11-16 18:50:08.677509+00:00,380,130,code,azure_2023
2023-11-16 18:50:08.687201+00:00,749,11,code,azure_2023
2023-11-16 18:50:08.689088+00:00,7100,20,code,azure_2023
2023-11-16 18:50:08.784216+00:00,201,14,code,azure_2023
2023-11-16 18:50:08.785086+00:00,332,11,code,azure_2023
2023-11-16 18:50:08.982887+00:00,39,7,code,azure_2023
2023-11-16 18:50:09.079413+00:00,177,13,code,azure_2023
2023-11-16 18:50:09.079688+00:00,750,14,code,azure_2023
2023-11-16 18:50:09.085593+00:00,367,104,code,azure_2023
2023-11-16 18:50:09.085675+00:00,980,12,code,azure_2023
2023-11-16 18:50:09.085798+00:00,1937,16,code,azure_2023
2023-11-16 18:50:09.087456+00:00,730,8,code,azure_2023
2023-11-16 18:50:09.089200+00:00,2371,6,code,azure_2023
2023-11-16 18:50:09.183990+00:00,1512,13,code,azure_2023
2023-11-16 18:50:09.282343+00:00,730,8,code,azure_2023
2023-11-16 18:50:09.284810+00:00,1937,12,code,azure_2023
2023-11-16 18:50:09.287924+00:00,98,20,code,azure_2023
2023-11-16 18:50:09.289153+00:00,751,7,code,azure_2023
2023-11-16 18:50:09.289343+00:00,7436,10,code,azure_2023
2023-11-16 18:50:09.378257+00:00,3438,13,code,azure_2023
2023-11-16 18:50:09.379126+00:00,7103,29,code,azure_2023
2023-11-16 18:50:09.478218+00:00,331,6,code,azure_2023
2023-11-16 18:50:09.579356+00:00,2083,6,code,azure_2023
2023-11-16 18:50:09.678567+00:00,209,10,code,azure_2023
2023-11-16 18:50:09.684628+00:00,3003,9,code,azure_2023
2023-11-16 18:50:09.782225+00:00,39,7,code,azure_2023
2023-11-16 18:50:09.783028+00:00,179,10,code,azure_2023
2023-11-16 18:50:09.783240+00:00,7436,8,code,azure_2023
2023-11-16 18:50:09.787896+00:00,2050,7,code,azure_2023
2023-11-16 18:50:09.788579+00:00,99,12,code,azure_2023
2023-11-16 18:50:09.880398+00:00,894,9,code,azure_2023
2023-11-16 18:50:09.880620+00:00,98,18,code,azure_2023
2023-11-16 18:50:09.881345+00:00,2083,8,code,azure_2023
2023-11-16 18:50:09.882677+00:00,7437,12,code,azure_2023
2023-11-16 18:50:09.885613+00:00,3003,11,code,azure_2023
2023-11-16 18:50:09.988032+00:00,345,12,code,azure_2023
2023-11-16 18:50:10.356864+00:00,4333,13,code,azure_2023
2023-11-16 18:50:11.259103+00:00,7436,9,code,azure_2023
2023-11-16 18:50:12.458723+00:00,9,22,code,azure_2023
2023-11-16 18:50:12.459768+00:00,1883,81,code,azure_2023
2023-11-16 18:50:12.553583+00:00,677,22,code,azure_2023
2023-11-16 18:50:12.559182+00:00,1890,6,code,azure_2023
2023-11-16 18:50:12.561475+00:00,293,48,code,azure_2023
2023-11-16 18:50:12.564550+00:00,2330,8,code,azure_2023
2023-11-16 18:50:12.657760+00:00,2199,63,code,azure_2023
2023-11-16 18:50:12.761170+00:00,1028,30,code,azure_2023
2023-11-16 18:50:12.856953+00:00,3367,17,code,azure_2023
2023-11-16 18:50:12.856960+00:00,7436,10,code,azure_2023
2023-11-16 18:50:12.955048+00:00,1890,11,code,azure_2023
2023-11-16 18:50:12.955874+00:00,1228,7,code,azure_2023
2023-11-16 18:50:12.961634+00:00,157,8,code,azure_2023
2023-11-16 18:50:13.055826+00:00,543,8,code,azure_2023
2023-11-16 18:50:13.056710+00:00,9,6,code,azure_2023
2023-11-16 18:50:13.260028+00:00,5133,6,code,azure_2023
2023-11-16 18:50:13.355222+00:00,2903,10,code,azure_2023
2023-11-16 18:50:13.453860+00:00,2330,20,code,azure_2023
2023-11-16 18:50:13.656645+00:00,540,18,code,azure_2023
2023-11-16 18:50:13.656702+00:00,910,20,code,azure_2023
2023-11-16 18:50:13.755085+00:00,295,57,code,azure_2023
2023-11-16 18:50:13.756053+00:00,1153,8,code,azure_2023
2023-11-16 18:50:14.153120+00:00,1037,6,code,azure_2023
2023-11-16 18:50:14.156136+00:00,73,19,code,azure_2023
2023-11-16 18:50:14.354397+00:00,4959,9,code,azure_2023
2023-11-16 18:50:14.354499+00:00,671,14,code,azure_2023
2023-11-16 18:50:14.461667+00:00,352,61,code,azure_2023
2023-11-16 18:50:14.553869+00:00,1153,8,code,azure_2023
2023-11-16 18:50:14.561146+00:00,591,45,code,azure_2023
2023-11-16 18:50:14.653697+00:00,11,8,code,azure_2023
2023-11-16 18:50:14.658257+00:00,912,6,code,azure_2023
2023-11-16 18:50:14.661968+00:00,591,22,code,azure_2023
2023-11-16 18:50:16.353893+00:00,351,40,code,azure_2023
2023-11-16 18:50:16.356735+00:00,2799,36,code,azure_2023
2023-11-16 18:50:16.556693+00:00,23,15,code,azure_2023
2023-11-16 18:50:16.557813+00:00,1508,13,code,azure_2023
2023-11-16 18:50:16.653803+00:00,903,196,code,azure_2023
2023-11-16 18:50:16.654821+00:00,7436,32,code,azure_2023
2023-11-16 18:50:16.756968+00:00,1240,58,code,azure_2023
2023-11-16 18:50:16.853213+00:00,912,10,code,azure_2023
2023-11-16 18:50:17.260772+00:00,25,7,code,azure_2023
2023-11-16 18:50:17.260946+00:00,3016,11,code,azure_2023
2023-11-16 18:50:17.356073+00:00,7435,20,code,azure_2023
2023-11-16 18:50:17.356142+00:00,353,12,code,azure_2023
2023-11-16 18:50:19.257380+00:00,308,63,code,azure_2023
2023-11-16 18:50:19.457374+00:00,142,44,code,azure_2023
2023-11-16 18:50:19.559417+00:00,731,9,code,azure_2023
2023-11-16 18:50:19.559490+00:00,663,9,code,azure_2023
2023-11-16 18:50:19.559601+00:00,142,9,code,azure_2023
2023-11-16 18:50:40.080018+00:00,237,6,code,azure_2023
2023-11-16 18:50:40.178470+00:00,2744,109,code,azure_2023
2023-11-16 18:50:40.280374+00:00,7097,21,code,azure_2023
2023-11-16 18:50:40.301187+00:00,384,15,code,azure_2023
2023-11-16 18:50:40.384669+00:00,114,121,code,azure_2023
2023-11-16 18:50:40.384731+00:00,2036,66,code,azure_2023
2023-11-16 18:50:40.483083+00:00,1351,11,code,azure_2023
2023-11-16 18:50:40.483171+00:00,107,13,code,azure_2023
2023-11-16 18:50:40.880560+00:00,2723,6,code,azure_2023
2023-11-16 18:50:40.979465+00:00,448,77,code,azure_2023
2023-11-16 18:50:41.303368+00:00,2036,20,code,azure_2023
2023-11-16 18:50:41.483148+00:00,107,11,code,azure_2023
2023-11-16 18:50:41.579501+00:00,447,18,code,azure_2023
2023-11-16 18:50:41.579624+00:00,1352,10,code,azure_2023
2023-11-16 18:50:41.779744+00:00,238,9,code,azure_2023
2023-11-16 18:50:41.880055+00:00,2572,19,code,azure_2023
2023-11-16 18:50:42.043470+00:00,1271,21,code,azure_2023
2023-11-16 18:50:42.078514+00:00,2071,27,code,azure_2023
2023-11-16 18:50:42.088249+00:00,45,36,code,azure_2023
2023-11-16 18:50:42.137488+00:00,1272,6,code,azure_2023
2023-11-16 18:50:42.237277+00:00,1321,17,code,azure_2023
2023-11-16 18:50:42.580422+00:00,2069,8,code,azure_2023
2023-11-16 18:50:42.736334+00:00,1887,105,code,azure_2023
2023-11-16 18:50:42.741485+00:00,43,17,code,azure_2023
2023-11-16 18:50:42.742542+00:00,1490,11,code,azure_2023
2023-11-16 18:50:42.843015+00:00,1317,24,code,azure_2023
2023-11-16 18:50:42.843068+00:00,3269,10,code,azure_2023
2023-11-16 18:50:42.843075+00:00,2580,7,code,azure_2023
2023-11-16 18:50:42.843339+00:00,4399,6,code,azure_2023
2023-11-16 18:50:42.844349+00:00,2954,9,code,azure_2023
2023-11-16 18:50:43.075437+00:00,2070,6,code,azure_2023
2023-11-16 18:50:43.100127+00:00,81,14,code,azure_2023
2023-11-16 18:50:43.101591+00:00,109,7,code,azure_2023
2023-11-16 18:50:43.134001+00:00,3446,29,code,azure_2023
2023-11-16 18:50:43.251702+00:00,1961,16,code,azure_2023
2023-11-16 18:50:43.578917+00:00,617,94,code,azure_2023
2023-11-16 18:50:43.678569+00:00,2394,11,code,azure_2023
2023-11-16 18:50:43.778528+00:00,109,15,code,azure_2023
2023-11-16 18:50:43.878618+00:00,3133,58,code,azure_2023
2023-11-16 18:50:43.886872+00:00,2022,13,code,azure_2023
2023-11-16 18:50:43.982353+00:00,1336,10,code,azure_2023
2023-11-16 18:50:44.039653+00:00,158,6,code,azure_2023
2023-11-16 18:50:44.044307+00:00,6097,6,code,azure_2023
2023-11-16 18:50:44.081673+00:00,2070,6,code,azure_2023
2023-11-16 18:50:44.178233+00:00,46,6,code,azure_2023
2023-11-16 18:50:44.179957+00:00,2070,6,code,azure_2023
2023-11-16 18:50:44.334879+00:00,2954,8,code,azure_2023
2023-11-16 18:50:44.385786+00:00,1726,11,code,azure_2023
2023-11-16 18:50:44.581460+00:00,7136,101,code,azure_2023
2023-11-16 18:50:44.641417+00:00,129,13,code,azure_2023
2023-11-16 18:50:45.002127+00:00,2070,6,code,azure_2023
2023-11-16 18:50:45.002965+00:00,842,12,code,azure_2023
2023-11-16 18:50:45.039919+00:00,3121,7,code,azure_2023
2023-11-16 18:50:45.080184+00:00,450,18,code,azure_2023
2023-11-16 18:50:45.081278+00:00,1363,7,code,azure_2023
2023-11-16 18:50:45.178336+00:00,641,16,code,azure_2023
2023-11-16 18:50:45.239883+00:00,2387,82,code,azure_2023
2023-11-16 18:50:45.578561+00:00,3212,109,code,azure_2023
2023-11-16 18:50:45.578631+00:00,7138,9,code,azure_2023
2023-11-16 18:50:45.679023+00:00,2359,15,code,azure_2023
2023-11-16 18:50:45.683660+00:00,1100,271,code,azure_2023
2023-11-16 18:50:45.819937+00:00,47,10,code,azure_2023
2023-11-16 18:50:45.834430+00:00,1364,9,code,azure_2023
2023-11-16 18:50:45.978523+00:00,1726,10,code,azure_2023
2023-11-16 18:50:45.981313+00:00,20,15,code,azure_2023
2023-11-16 18:50:45.981473+00:00,4134,9,code,azure_2023
2023-11-16 18:50:46.043862+00:00,91,8,code,azure_2023
2023-11-16 18:50:46.043974+00:00,3121,7,code,azure_2023
2023-11-16 18:50:46.045036+00:00,1749,391,code,azure_2023
2023-11-16 18:50:46.138683+00:00,1838,6,code,azure_2023
2023-11-16 18:50:46.141122+00:00,1333,128,code,azure_2023
2023-11-16 18:50:46.141171+00:00,182,211,code,azure_2023
2023-11-16 18:50:46.242741+00:00,1373,76,code,azure_2023
2023-11-16 18:50:46.278846+00:00,2103,9,code,azure_2023
2023-11-16 18:50:46.278969+00:00,2361,15,code,azure_2023
2023-11-16 18:50:46.287242+00:00,3452,8,code,azure_2023
2023-11-16 18:50:46.334888+00:00,1935,19,code,azure_2023
2023-11-16 18:50:46.380737+00:00,2571,52,code,azure_2023
2023-11-16 18:50:46.444700+00:00,3114,9,code,azure_2023
2023-11-16 18:50:46.539044+00:00,1374,46,code,azure_2023
2023-11-16 18:50:46.580212+00:00,109,55,code,azure_2023
2023-11-16 18:50:46.639816+00:00,1506,8,code,azure_2023
2023-11-16 18:50:46.779366+00:00,2361,8,code,azure_2023
2023-11-16 18:50:46.878833+00:00,2114,29,code,azure_2023
2023-11-16 18:50:46.878957+00:00,368,43,code,azure_2023
2023-11-16 18:50:46.881107+00:00,2134,7,code,azure_2023
2023-11-16 18:50:46.982511+00:00,2075,33,code,azure_2023
2023-11-16 18:50:47.100683+00:00,1372,46,code,azure_2023
2023-11-16 18:50:47.140123+00:00,1840,116,code,azure_2023
2023-11-16 18:50:47.141165+00:00,13,8,code,azure_2023
2023-11-16 18:50:47.278414+00:00,238,13,code,azure_2023
2023-11-16 18:50:47.287051+00:00,7139,11,code,azure_2023
2023-11-16 18:50:47.337394+00:00,1334,11,code,azure_2023
2023-11-16 18:50:47.338455+00:00,1002,7,code,azure_2023
2023-11-16 18:50:47.378238+00:00,2363,9,code,azure_2023
2023-11-16 18:50:47.480759+00:00,21,22,code,azure_2023
2023-11-16 18:50:47.484218+00:00,323,34,code,azure_2023
2023-11-16 18:50:48.038669+00:00,1843,8,code,azure_2023
2023-11-16 18:50:48.140996+00:00,1374,109,code,azure_2023
2023-11-16 18:50:48.141076+00:00,3760,7,code,azure_2023
2023-11-16 18:50:48.236220+00:00,1961,8,code,azure_2023
2023-11-16 18:50:48.239504+00:00,1402,14,code,azure_2023
2023-11-16 18:50:49.038688+00:00,92,16,code,azure_2023
2023-11-16 18:50:49.039762+00:00,1374,40,code,azure_2023
2023-11-16 18:50:49.040792+00:00,14,6,code,azure_2023
2023-11-16 18:50:53.038455+00:00,13,19,code,azure_2023
2023-11-16 18:50:54.138359+00:00,3276,19,code,azure_2023
2023-11-16 18:50:54.335817+00:00,1973,15,code,azure_2023
2023-11-16 18:50:54.335945+00:00,61,25,code,azure_2023
2023-11-16 18:50:54.441942+00:00,2492,29,code,azure_2023
2023-11-16 18:50:54.535074+00:00,1512,46,code,azure_2023
2023-11-16 18:50:54.735165+00:00,119,93,code,azure_2023
2023-11-16 18:50:54.740426+00:00,1320,7,code,azure_2023
2023-11-16 18:50:54.838597+00:00,2906,9,code,azure_2023
2023-11-16 18:50:54.838697+00:00,1849,10,code,azure_2023
2023-11-16 18:50:54.838782+00:00,1290,11,code,azure_2023
2023-11-16 18:50:54.839981+00:00,1091,8,code,azure_2023
2023-11-16 18:50:54.937616+00:00,13,8,code,azure_2023
2023-11-16 18:50:55.337596+00:00,1323,76,code,azure_2023
2023-11-16 18:50:55.440461+00:00,1849,40,code,azure_2023
2023-11-16 18:50:55.538646+00:00,1321,7,code,azure_2023
2023-11-16 18:50:55.639926+00:00,986,16,code,azure_2023
2023-11-16 18:50:55.640790+00:00,14,15,code,azure_2023
2023-11-16 18:50:55.645916+00:00,1337,10,code,azure_2023
2023-11-16 18:50:55.736343+00:00,3488,10,code,azure_2023
2023-11-16 18:50:55.742396+00:00,1405,14,code,azure_2023
2023-11-16 18:50:55.834298+00:00,1201,9,code,azure_2023
2023-11-16 18:50:55.835282+00:00,1322,7,code,azure_2023
2023-11-16 18:50:55.842720+00:00,1598,18,code,azure_2023
2023-11-16 18:50:55.941653+00:00,3118,10,code,azure_2023
2023-11-16 18:50:56.037880+00:00,163,8,code,azure_2023
2023-11-16 18:50:56.741334+00:00,1336,8,code,azure_2023
2023-11-16 18:50:56.834994+00:00,4491,6,code,azure_2023
2023-11-16 18:50:56.842700+00:00,3265,18,code,azure_2023
2023-11-16 18:50:56.937164+00:00,2434,64,code,azure_2023
2023-11-16 18:50:56.939952+00:00,1467,7,code,azure_2023
2023-11-16 18:50:56.941083+00:00,3117,10,code,azure_2023
2023-11-16 18:51:07.065470+00:00,974,7,code,azure_2023
2023-11-16 18:51:07.158926+00:00,117,6,code,azure_2023
2023-11-16 18:51:07.260232+00:00,1271,18,code,azure_2023
2023-11-16 18:51:07.359939+00:00,731,58,code,azure_2023
2023-11-16 18:51:07.561687+00:00,427,10,code,azure_2023
2023-11-16 18:51:07.572837+00:00,3865,100,code,azure_2023
2023-11-16 18:51:07.692101+00:00,2430,36,code,azure_2023
2023-11-16 18:51:10.969623+00:00,4071,25,code,azure_2023
2023-11-16 18:51:11.060993+00:00,122,7,code,azure_2023
2023-11-16 18:51:11.160981+00:00,427,17,code,azure_2023
2023-11-16 18:51:11.161159+00:00,1599,9,code,azure_2023
2023-11-16 18:51:11.259665+00:00,2431,40,code,azure_2023
2023-11-16 18:51:13.972433+00:00,3917,109,code,azure_2023
2023-11-16 18:51:14.359149+00:00,1330,22,code,azure_2023
2023-11-16 18:51:14.359337+00:00,4790,30,code,azure_2023
2023-11-16 18:51:14.360262+00:00,1352,10,code,azure_2023
2023-11-16 18:51:14.363812+00:00,1600,8,code,azure_2023
2023-11-16 18:51:15.161570+00:00,804,85,code,azure_2023
2023-11-16 18:51:15.267357+00:00,1600,6,code,azure_2023
2023-11-16 18:51:15.968086+00:00,614,599,code,azure_2023
2023-11-16 18:51:16.060131+00:00,1601,6,code,azure_2023
2023-11-16 18:51:16.261619+00:00,2893,31,code,azure_2023
2023-11-16 18:51:16.262472+00:00,984,121,code,azure_2023
2023-11-16 18:51:16.262560+00:00,3945,102,code,azure_2023
2023-11-16 18:51:16.465548+00:00,432,10,code,azure_2023
2023-11-16 18:51:16.560324+00:00,1277,13,code,azure_2023
2023-11-16 18:51:16.659886+00:00,2644,9,code,azure_2023
2023-11-16 18:51:16.660181+00:00,986,17,code,azure_2023
2023-11-16 18:51:16.760824+00:00,3960,9,code,azure_2023
2023-11-16 18:51:16.864238+00:00,6187,9,code,azure_2023
2023-11-16 18:51:16.868035+00:00,2329,9,code,azure_2023
2023-11-16 18:51:16.868891+00:00,1334,81,code,azure_2023
2023-11-16 18:51:17.061914+00:00,456,9,code,azure_2023
2023-11-16 18:51:17.064652+00:00,1276,18,code,azure_2023
2023-11-16 18:51:17.264208+00:00,984,81,code,azure_2023
2023-11-16 18:51:17.264350+00:00,3896,12,code,azure_2023
2023-11-16 18:51:17.268309+00:00,1404,15,code,azure_2023
2023-11-16 18:51:17.367349+00:00,2548,7,code,azure_2023
2023-11-16 18:51:17.560456+00:00,122,6,code,azure_2023
2023-11-16 18:51:17.565865+00:00,1603,13,code,azure_2023
2023-11-16 18:51:17.566802+00:00,4765,43,code,azure_2023
2023-11-16 18:51:17.566974+00:00,1276,13,code,azure_2023
2023-11-16 18:51:17.567777+00:00,102,487,code,azure_2023
2023-11-16 18:51:17.568043+00:00,7328,23,code,azure_2023
2023-11-16 18:51:17.664729+00:00,1318,19,code,azure_2023
2023-11-16 18:51:17.758714+00:00,729,10,code,azure_2023
2023-11-16 18:51:17.761722+00:00,2643,15,code,azure_2023
2023-11-16 18:51:17.866485+00:00,2069,9,code,azure_2023
2023-11-16 18:51:17.867349+00:00,1750,8,code,azure_2023
2023-11-16 18:51:17.868655+00:00,2726,20,code,azure_2023
2023-11-16 18:51:17.961059+00:00,457,46,code,azure_2023
2023-11-16 18:51:17.964229+00:00,987,9,code,azure_2023
2023-11-16 18:51:18.667610+00:00,2476,36,code,azure_2023
2023-11-16 18:51:18.668667+00:00,2065,9,code,azure_2023
2023-11-16 18:51:18.668746+00:00,2721,7,code,azure_2023
2023-11-16 18:51:18.764625+00:00,79,23,code,azure_2023
2023-11-16 18:51:18.766470+00:00,4249,10,code,azure_2023
2023-11-16 18:51:18.958907+00:00,2791,21,code,azure_2023
2023-11-16 18:51:33.497508+00:00,2790,11,code,azure_2023
2023-11-16 18:51:33.539263+00:00,2997,9,code,azure_2023
2023-11-16 18:51:33.635598+00:00,1591,49,code,azure_2023
2023-11-16 18:51:33.734450+00:00,150,10,code,azure_2023
2023-11-16 18:51:34.134235+00:00,386,31,code,azure_2023
2023-11-16 18:51:34.534203+00:00,2503,26,code,azure_2023
2023-11-16 18:51:34.539466+00:00,331,52,code,azure_2023
2023-11-16 18:51:34.635725+00:00,423,22,code,azure_2023
2023-11-16 18:51:34.655946+00:00,709,6,code,azure_2023
2023-11-16 18:51:34.759000+00:00,1652,12,code,azure_2023
2023-11-16 18:51:34.850552+00:00,3977,10,code,azure_2023
2023-11-16 18:51:34.934278+00:00,158,25,code,azure_2023
2023-11-16 18:51:35.135895+00:00,613,8,code,azure_2023
2023-11-16 18:51:35.356150+00:00,2864,387,code,azure_2023
2023-11-16 18:51:35.479218+00:00,3848,9,code,azure_2023
2023-11-16 18:51:35.637893+00:00,158,6,code,azure_2023
2023-11-16 18:51:35.734432+00:00,617,9,code,azure_2023
2023-11-16 18:51:35.834490+00:00,1861,73,code,azure_2023
2023-11-16 18:51:35.934214+00:00,151,9,code,azure_2023
2023-11-16 18:51:36.034311+00:00,6487,17,code,azure_2023
2023-11-16 18:51:36.137148+00:00,9,78,code,azure_2023
2023-11-16 18:51:36.337754+00:00,151,9,code,azure_2023
2023-11-16 18:51:36.434175+00:00,191,196,code,azure_2023
2023-11-16 18:51:36.634235+00:00,1690,44,code,azure_2023
2023-11-16 18:51:36.738340+00:00,4939,9,code,azure_2023
2023-11-16 18:51:36.834185+00:00,1897,46,code,azure_2023
2023-11-16 18:51:36.901541+00:00,160,19,code,azure_2023
2023-11-16 18:51:36.934114+00:00,1538,12,code,azure_2023
2023-11-16 18:51:36.934203+00:00,151,8,code,azure_2023
2023-11-16 18:51:36.951278+00:00,86,9,code,azure_2023
2023-11-16 18:51:36.971014+00:00,622,31,code,azure_2023
2023-11-16 18:51:37.034645+00:00,3334,8,code,azure_2023
2023-11-16 18:51:37.134156+00:00,2525,15,code,azure_2023
2023-11-16 18:51:37.134163+00:00,2059,82,code,azure_2023
2023-11-16 18:51:37.456607+00:00,1612,71,code,azure_2023
2023-11-16 18:51:37.536634+00:00,151,8,code,azure_2023
2023-11-16 18:51:37.634281+00:00,1538,7,code,azure_2023
2023-11-16 18:51:37.839851+00:00,1085,22,code,azure_2023
2023-11-16 18:51:38.042608+00:00,3020,9,code,azure_2023
2023-11-16 18:51:38.140823+00:00,34,6,code,azure_2023
2023-11-16 18:51:38.140893+00:00,636,10,code,azure_2023
2023-11-16 18:51:38.335493+00:00,162,14,code,azure_2023
2023-11-16 18:51:38.347511+00:00,1615,37,code,azure_2023
2023-11-16 18:51:38.348420+00:00,332,55,code,azure_2023
2023-11-16 18:51:38.436420+00:00,1907,6,code,azure_2023
2023-11-16 18:51:38.436450+00:00,1992,12,code,azure_2023
2023-11-16 18:51:38.451765+00:00,2985,7,code,azure_2023
2023-11-16 18:51:38.535958+00:00,152,9,code,azure_2023
2023-11-16 18:51:38.661058+00:00,1862,209,code,azure_2023
2023-11-16 18:51:38.761616+00:00,1634,43,code,azure_2023
2023-11-16 18:51:38.834567+00:00,4467,8,code,azure_2023
2023-11-16 18:51:38.934089+00:00,160,6,code,azure_2023
2023-11-16 18:51:38.935366+00:00,2248,9,code,azure_2023
2023-11-16 18:51:39.039414+00:00,1539,11,code,azure_2023
2023-11-16 18:51:39.137208+00:00,12,74,code,azure_2023
2023-11-16 18:51:39.349547+00:00,153,9,code,azure_2023
2023-11-16 18:51:39.438360+00:00,334,9,code,azure_2023
2023-11-16 18:51:39.451721+00:00,1539,10,code,azure_2023
2023-11-16 18:51:39.660580+00:00,1863,79,code,azure_2023
2023-11-16 18:51:39.805385+00:00,1992,11,code,azure_2023
2023-11-16 18:51:39.834115+00:00,1540,10,code,azure_2023
2023-11-16 18:51:40.339406+00:00,636,14,code,azure_2023
2023-11-16 18:51:40.534169+00:00,748,11,code,azure_2023
2023-11-16 18:51:40.937793+00:00,1540,10,code,azure_2023
2023-11-16 18:51:40.952469+00:00,3424,409,code,azure_2023
2023-11-16 18:51:41.134365+00:00,1087,7,code,azure_2023
2023-11-16 18:51:41.481493+00:00,1655,10,code,azure_2023
2023-11-16 18:51:41.563667+00:00,149,7,code,azure_2023
2023-11-16 18:51:41.952747+00:00,2470,6,code,azure_2023
2023-11-16 18:51:42.334120+00:00,1616,29,code,azure_2023
2023-11-16 18:51:42.436380+00:00,149,52,code,azure_2023
2023-11-16 18:51:42.438838+00:00,1850,28,code,azure_2023
2023-11-16 18:51:42.534361+00:00,3360,86,code,azure_2023
2023-11-16 18:51:42.536141+00:00,228,7,code,azure_2023
2023-11-16 18:51:42.536147+00:00,2445,14,code,azure_2023
2023-11-16 18:51:42.639039+00:00,1749,17,code,azure_2023
2023-11-16 18:51:42.639092+00:00,1502,31,code,azure_2023
2023-11-16 18:51:42.734214+00:00,13,26,code,azure_2023
2023-11-16 18:51:42.736426+00:00,1852,6,code,azure_2023
2023-11-16 18:51:42.947802+00:00,749,40,code,azure_2023
2023-11-16 18:51:43.238067+00:00,4056,22,code,azure_2023
2023-11-16 18:51:43.436176+00:00,2470,39,code,azure_2023
2023-11-16 18:51:43.535343+00:00,1884,7,code,azure_2023
2023-11-16 18:51:43.537326+00:00,1297,105,code,azure_2023
2023-11-16 18:51:43.556354+00:00,1563,15,code,azure_2023
2023-11-16 18:51:43.571572+00:00,103,14,code,azure_2023
2023-11-16 18:51:43.635224+00:00,7436,7,code,azure_2023
2023-11-16 18:51:43.837310+00:00,4057,46,code,azure_2023
2023-11-16 18:51:44.137143+00:00,105,6,code,azure_2023
2023-11-16 18:51:44.234186+00:00,1563,30,code,azure_2023
2023-11-16 18:51:44.234322+00:00,1913,46,code,azure_2023
2023-11-16 18:51:44.235765+00:00,1863,382,code,azure_2023
2023-11-16 18:51:44.336164+00:00,1743,6,code,azure_2023
2023-11-16 18:51:44.338357+00:00,1313,6,code,azure_2023
2023-11-16 18:51:44.534222+00:00,15,30,code,azure_2023
2023-11-16 18:51:44.546222+00:00,1914,20,code,azure_2023
2023-11-16 18:51:44.735962+00:00,105,11,code,azure_2023
2023-11-16 18:51:44.736136+00:00,2518,40,code,azure_2023
2023-11-16 18:51:44.736142+00:00,4057,70,code,azure_2023
2023-11-16 18:51:44.748932+00:00,1313,9,code,azure_2023
2023-11-16 18:53:18.538055+00:00,1874,24,code,azure_2023
2023-11-16 18:53:18.633039+00:00,7074,9,code,azure_2023
2023-11-16 18:53:18.834188+00:00,362,15,code,azure_2023
2023-11-16 18:53:18.930554+00:00,1064,16,code,azure_2023
2023-11-16 18:53:20.534147+00:00,2448,14,code,azure_2023
2023-11-16 18:53:20.537308+00:00,2628,20,code,azure_2023
2023-11-16 18:53:20.537466+00:00,93,15,code,azure_2023
2023-11-16 18:53:20.633026+00:00,6044,27,code,azure_2023
2023-11-16 18:53:21.025718+00:00,7435,6,code,azure_2023
2023-11-16 18:53:21.025973+00:00,5825,14,code,azure_2023
2023-11-16 18:53:21.136946+00:00,4868,18,code,azure_2023
2023-11-16 18:53:21.234627+00:00,2215,8,code,azure_2023
2023-11-16 18:53:21.627135+00:00,6041,24,code,azure_2023
2023-11-16 18:53:21.627274+00:00,4868,7,code,azure_2023
2023-11-16 18:53:21.831678+00:00,1874,28,code,azure_2023
2023-11-16 18:53:21.833070+00:00,2450,6,code,azure_2023
2023-11-16 18:53:21.926217+00:00,77,81,code,azure_2023
2023-11-16 18:53:24.535912+00:00,2823,18,code,azure_2023
2023-11-16 18:53:24.634148+00:00,4437,64,code,azure_2023
2023-11-16 18:53:24.728075+00:00,282,13,code,azure_2023
2023-11-16 18:53:24.827911+00:00,842,9,code,azure_2023
2023-11-16 18:53:24.930571+00:00,7074,105,code,azure_2023
2023-11-16 18:53:24.930577+00:00,282,6,code,azure_2023
2023-11-16 18:53:25.125890+00:00,374,7,code,azure_2023
2023-11-16 18:53:25.326596+00:00,1823,7,code,azure_2023
2023-11-16 18:53:25.326797+00:00,7119,10,code,azure_2023
2023-11-16 18:53:25.427512+00:00,1156,146,code,azure_2023
2023-11-16 18:53:25.431139+00:00,7423,310,code,azure_2023
2023-11-16 18:53:25.431203+00:00,283,6,code,azure_2023
2023-11-16 18:53:25.629245+00:00,283,13,code,azure_2023
2023-11-16 18:53:26.533083+00:00,1058,30,code,azure_2023
2023-11-16 18:53:26.536204+00:00,842,9,code,azure_2023
2023-11-16 18:53:26.729907+00:00,105,9,code,azure_2023
2023-11-16 18:53:26.927553+00:00,1583,11,code,azure_2023
2023-11-16 18:53:26.931175+00:00,289,14,code,azure_2023
2023-11-16 18:53:26.932804+00:00,1159,21,code,azure_2023
2023-11-16 18:53:27.030124+00:00,3621,8,code,azure_2023
2023-11-16 18:53:27.030258+00:00,906,12,code,azure_2023
2023-11-16 18:53:27.034120+00:00,106,17,code,azure_2023
2023-11-16 18:53:27.126902+00:00,1057,17,code,azure_2023
2023-11-16 18:53:27.126909+00:00,241,43,code,azure_2023
2023-11-16 18:53:27.132189+00:00,1852,24,code,azure_2023
2023-11-16 18:53:27.133414+00:00,1761,8,code,azure_2023
2023-11-16 18:53:27.535524+00:00,1761,12,code,azure_2023
2023-11-16 18:53:27.628356+00:00,469,13,code,azure_2023
2023-11-16 18:53:27.630520+00:00,1823,13,code,azure_2023
2023-11-16 18:53:27.726504+00:00,908,14,code,azure_2023
2023-11-16 18:53:27.729065+00:00,4102,11,code,azure_2023
2023-11-16 18:53:28.533550+00:00,315,20,code,azure_2023
2023-11-16 18:53:28.533612+00:00,3807,11,code,azure_2023
2023-11-16 18:53:28.536885+00:00,1468,32,code,azure_2023
2023-11-16 18:53:28.830504+00:00,469,30,code,azure_2023
2023-11-16 18:53:28.830856+00:00,382,11,code,azure_2023
2023-11-16 18:53:28.833914+00:00,908,15,code,azure_2023
2023-11-16 18:53:28.834191+00:00,2629,6,code,azure_2023
2023-11-16 18:53:28.925878+00:00,3727,107,code,azure_2023
2023-11-16 18:53:28.927731+00:00,1060,21,code,azure_2023
2023-11-16 18:53:28.927869+00:00,379,28,code,azure_2023
2023-11-16 18:53:28.930913+00:00,2091,6,code,azure_2023
2023-11-16 18:53:28.934179+00:00,1470,11,code,azure_2023
2023-11-16 18:53:29.025480+00:00,908,6,code,azure_2023
2023-11-16 18:53:29.031867+00:00,3056,9,code,azure_2023
2023-11-16 18:53:29.032872+00:00,1879,7,code,azure_2023
2023-11-16 18:53:29.126831+00:00,78,15,code,azure_2023
2023-11-16 18:53:29.131718+00:00,1059,9,code,azure_2023
2023-11-16 18:53:29.131920+00:00,107,21,code,azure_2023
2023-11-16 18:53:29.132748+00:00,2428,8,code,azure_2023
2023-11-16 18:53:29.134612+00:00,2628,12,code,azure_2023
2023-11-16 18:53:29.226289+00:00,3057,6,code,azure_2023
2023-11-16 18:53:29.232646+00:00,7436,14,code,azure_2023
2023-11-16 18:53:29.232806+00:00,3135,11,code,azure_2023
2023-11-16 18:53:29.234714+00:00,1060,18,code,azure_2023
2023-11-16 18:53:29.538421+00:00,316,6,code,azure_2023
2023-11-16 18:53:29.538635+00:00,5503,29,code,azure_2023
2023-11-16 18:53:29.630243+00:00,2630,12,code,azure_2023
2023-11-16 18:53:29.727814+00:00,395,15,code,azure_2023
2023-11-16 18:53:29.729590+00:00,392,22,code,azure_2023
2023-11-16 18:53:29.730604+00:00,2629,7,code,azure_2023
2023-11-16 18:53:29.731466+00:00,2092,6,code,azure_2023
2023-11-16 18:53:29.732658+00:00,4871,17,code,azure_2023
2023-11-16 18:53:29.733599+00:00,910,8,code,azure_2023
2023-11-16 18:53:29.733700+00:00,392,6,code,azure_2023
2023-11-16 18:53:29.826365+00:00,390,23,code,azure_2023
2023-11-16 18:53:29.828221+00:00,1476,6,code,azure_2023
2023-11-16 18:53:29.831056+00:00,390,13,code,azure_2023
2023-11-16 18:53:29.833088+00:00,910,8,code,azure_2023
2023-11-16 18:53:29.833867+00:00,2431,6,code,azure_2023
2023-11-16 18:53:29.834042+00:00,1060,6,code,azure_2023
2023-11-16 18:53:29.929859+00:00,5913,12,code,azure_2023
2023-11-16 18:53:29.929899+00:00,910,26,code,azure_2023
2023-11-16 18:53:29.930192+00:00,2630,16,code,azure_2023
2023-11-16 18:53:29.931128+00:00,1064,15,code,azure_2023
2023-11-16 18:53:29.931211+00:00,2424,9,code,azure_2023
2023-11-16 18:53:29.932898+00:00,3058,12,code,azure_2023
2023-11-16 18:53:30.030090+00:00,2748,22,code,azure_2023
2023-11-16 18:53:30.032136+00:00,186,9,code,azure_2023
2023-11-16 18:53:30.033233+00:00,3627,34,code,azure_2023
2023-11-16 18:53:30.141971+00:00,6229,21,code,azure_2023
2023-11-16 18:53:30.145944+00:00,79,10,code,azure_2023
2023-11-16 18:53:30.147267+00:00,2219,12,code,azure_2023
2023-11-16 18:53:30.147827+00:00,46,14,code,azure_2023
2023-11-16 18:53:30.147834+00:00,1080,30,code,azure_2023
2023-11-16 18:53:30.147973+00:00,7436,40,code,azure_2023
2023-11-16 18:53:30.149954+00:00,4871,40,code,azure_2023
2023-11-16 18:53:30.150654+00:00,5509,18,code,azure_2023
2023-11-16 18:53:30.230362+00:00,1476,24,code,azure_2023
2023-11-16 18:53:30.232304+00:00,6213,6,code,azure_2023
2023-11-16 18:53:30.530600+00:00,2841,11,code,azure_2023
2023-11-16 18:53:30.530624+00:00,1062,15,code,azure_2023
2023-11-16 18:53:30.530700+00:00,7168,14,code,azure_2023
2023-11-16 18:53:30.533944+00:00,395,15,code,azure_2023
2023-11-16 18:53:30.536884+00:00,903,21,code,azure_2023
2023-11-16 18:53:30.537763+00:00,106,12,code,azure_2023
2023-11-16 18:53:30.630392+00:00,2454,8,code,azure_2023
2023-11-16 18:53:30.632381+00:00,2841,9,code,azure_2023
2023-11-16 18:53:30.633183+00:00,3627,75,code,azure_2023
2023-11-16 18:53:30.728750+00:00,80,15,code,azure_2023
2023-11-16 18:53:30.730647+00:00,5516,55,code,azure_2023
2023-11-16 18:53:30.826346+00:00,469,8,code,azure_2023
2023-11-16 18:53:30.830653+00:00,1588,9,code,azure_2023
2023-11-16 18:53:30.834727+00:00,468,8,code,azure_2023
2023-11-16 18:53:30.927359+00:00,188,6,code,azure_2023
2023-11-16 18:53:30.930432+00:00,2433,12,code,azure_2023
2023-11-16 18:53:30.932397+00:00,6230,6,code,azure_2023
2023-11-16 18:53:31.030850+00:00,2433,12,code,azure_2023
2023-11-16 18:53:31.131704+00:00,2842,16,code,azure_2023
2023-11-16 18:53:31.229474+00:00,1832,6,code,azure_2023
2023-11-16 18:53:31.231436+00:00,6229,41,code,azure_2023
2023-11-16 18:53:31.231716+00:00,1593,25,code,azure_2023
2023-11-16 18:53:31.232510+00:00,398,15,code,azure_2023
2023-11-16 18:53:31.535654+00:00,6230,79,code,azure_2023
2023-11-16 18:53:31.535698+00:00,170,13,code,azure_2023
2023-11-16 18:53:31.537700+00:00,3103,6,code,azure_2023
2023-11-16 18:53:31.538598+00:00,348,9,code,azure_2023
2023-11-16 18:53:31.626670+00:00,5523,9,code,azure_2023
2023-11-16 18:53:31.626700+00:00,2842,9,code,azure_2023
2023-11-16 18:53:31.727481+00:00,1022,23,code,azure_2023
2023-11-16 18:53:31.728740+00:00,398,13,code,azure_2023
2023-11-16 18:53:31.734067+00:00,904,102,code,azure_2023
2023-11-16 18:53:31.830855+00:00,271,18,code,azure_2023
2023-11-16 18:53:31.832859+00:00,1022,15,code,azure_2023
2023-11-16 18:53:31.930824+00:00,1590,33,code,azure_2023
2023-11-16 18:53:31.931897+00:00,6230,6,code,azure_2023
2023-11-16 18:53:31.932727+00:00,402,9,code,azure_2023
2023-11-16 18:53:32.026594+00:00,188,7,code,azure_2023
2023-11-16 18:53:32.030966+00:00,1064,17,code,azure_2023
2023-11-16 18:53:32.129183+00:00,346,15,code,azure_2023
2023-11-16 18:53:32.230872+00:00,1027,15,code,azure_2023
2023-11-16 18:53:32.233937+00:00,1069,11,code,azure_2023
2023-11-16 18:53:32.235614+00:00,95,14,code,azure_2023
2023-11-16 18:53:32.627779+00:00,1592,33,code,azure_2023
2023-11-16 18:53:32.629857+00:00,1067,13,code,azure_2023
2023-11-16 18:53:32.632317+00:00,1666,6,code,azure_2023
2023-11-16 18:53:32.632966+00:00,1718,87,code,azure_2023
2023-11-16 18:53:32.727346+00:00,1666,8,code,azure_2023
2023-11-16 18:53:32.732244+00:00,1707,9,code,azure_2023
2023-11-16 18:53:32.732878+00:00,1032,13,code,azure_2023
2023-11-16 18:53:32.829641+00:00,318,12,code,azure_2023
2023-11-16 18:53:32.935207+00:00,879,13,code,azure_2023
2023-11-16 18:53:33.225722+00:00,1037,8,code,azure_2023
2023-11-16 18:53:33.425709+00:00,6230,195,code,azure_2023
2023-11-16 18:53:33.427273+00:00,105,14,code,azure_2023
2023-11-16 18:53:33.427339+00:00,987,7,code,azure_2023
2023-11-16 18:53:33.427385+00:00,1719,8,code,azure_2023
2023-11-16 18:53:33.628172+00:00,6198,7,code,azure_2023
2023-11-16 18:53:33.926126+00:00,1401,9,code,azure_2023
2023-11-16 18:53:34.026207+00:00,877,73,code,azure_2023
2023-11-16 18:53:34.125512+00:00,178,7,code,azure_2023
2023-11-16 18:53:34.226655+00:00,318,28,code,azure_2023
2023-11-16 18:53:34.425834+00:00,1401,7,code,azure_2023
2023-11-16 18:53:34.526676+00:00,6231,20,code,azure_2023
2023-11-16 18:53:34.526763+00:00,1927,6,code,azure_2023
2023-11-16 18:53:34.727761+00:00,3599,46,code,azure_2023
2023-11-16 18:53:34.926405+00:00,1927,6,code,azure_2023
2023-11-16 18:53:35.025598+00:00,7435,11,code,azure_2023
2023-11-16 18:53:35.125603+00:00,6233,7,code,azure_2023
2023-11-16 18:53:35.226330+00:00,1926,9,code,azure_2023
2023-11-16 18:53:35.725680+00:00,3599,57,code,azure_2023
2023-11-16 18:53:35.925698+00:00,1926,9,code,azure_2023
2023-11-16 18:53:35.925736+00:00,272,17,code,azure_2023
2023-11-16 18:53:35.925831+00:00,1402,12,code,azure_2023
2023-11-16 18:53:35.928805+00:00,4434,12,code,azure_2023
2023-11-16 18:53:36.125746+00:00,444,14,code,azure_2023
2023-11-16 18:53:36.436539+00:00,2570,7,code,azure_2023
2023-11-16 18:53:36.529142+00:00,3601,37,code,azure_2023
2023-11-16 18:53:36.825475+00:00,984,7,code,azure_2023
2023-11-16 18:53:37.028970+00:00,3533,10,code,azure_2023
2023-11-16 18:53:37.225975+00:00,3601,25,code,azure_2023
2023-11-16 18:53:37.327366+00:00,1204,10,code,azure_2023
2023-11-16 18:53:37.328829+00:00,2205,15,code,azure_2023
2023-11-16 18:53:37.431858+00:00,1875,75,code,azure_2023
2023-11-16 18:53:37.930622+00:00,1042,33,code,azure_2023
2023-11-16 18:53:38.025478+00:00,274,15,code,azure_2023
2023-11-16 18:53:38.025698+00:00,1404,12,code,azure_2023
2023-11-16 18:53:38.028090+00:00,6139,30,code,azure_2023
2023-11-16 18:53:38.325707+00:00,1211,14,code,azure_2023
2023-11-16 18:53:38.927278+00:00,3604,18,code,azure_2023
2023-11-16 18:53:39.129256+00:00,1585,19,code,azure_2023
2023-11-16 18:53:39.326251+00:00,180,10,code,azure_2023
2023-11-16 18:53:39.326291+00:00,569,31,code,azure_2023
2023-11-16 18:53:39.625763+00:00,569,10,code,azure_2023
2023-11-16 18:53:39.727048+00:00,1877,8,code,azure_2023
2023-11-16 18:53:39.730364+00:00,452,13,code,azure_2023
2023-11-16 18:53:39.825823+00:00,180,8,code,azure_2023
2023-11-16 18:53:40.125860+00:00,569,34,code,azure_2023
2023-11-16 18:53:40.425589+00:00,1585,38,code,azure_2023
2023-11-16 18:53:40.525621+00:00,6140,10,code,azure_2023
2023-11-16 18:53:40.527636+00:00,1212,7,code,azure_2023
2023-11-16 18:53:40.527819+00:00,180,7,code,azure_2023
2023-11-16 18:53:40.626921+00:00,4911,21,code,azure_2023
2023-11-16 18:53:40.627035+00:00,1877,31,code,azure_2023
2023-11-16 18:53:40.629451+00:00,1229,10,code,azure_2023
2023-11-16 18:53:40.632299+00:00,569,34,code,azure_2023
2023-11-16 18:53:41.027064+00:00,251,7,code,azure_2023
2023-11-16 18:53:41.027146+00:00,2298,70,code,azure_2023
2023-11-16 18:53:41.425820+00:00,2532,37,code,azure_2023
2023-11-16 18:53:41.526157+00:00,1218,19,code,azure_2023
2023-11-16 18:53:41.625787+00:00,353,17,code,azure_2023
2023-11-16 18:53:41.925833+00:00,1877,43,code,azure_2023
2023-11-16 18:53:41.930072+00:00,574,106,code,azure_2023
2023-11-16 18:53:42.025660+00:00,158,13,code,azure_2023
2023-11-16 18:53:42.028368+00:00,6134,19,code,azure_2023
2023-11-16 18:53:42.126478+00:00,193,130,code,azure_2023
2023-11-16 18:53:42.627812+00:00,414,18,code,azure_2023
2023-11-16 18:53:42.725630+00:00,195,31,code,azure_2023
2023-11-16 18:53:42.727560+00:00,2535,12,code,azure_2023
2023-11-16 18:53:42.825647+00:00,575,9,code,azure_2023
2023-11-16 18:53:43.526235+00:00,358,6,code,azure_2023
2023-11-16 18:53:43.926905+00:00,1878,18,code,azure_2023
2023-11-16 18:53:44.025724+00:00,575,109,code,azure_2023
2023-11-16 18:53:44.027784+00:00,111,10,code,azure_2023
2023-11-16 18:53:44.127543+00:00,196,66,code,azure_2023
2023-11-16 18:53:44.229159+00:00,2304,12,code,azure_2023
2023-11-16 18:53:44.230717+00:00,256,70,code,azure_2023
2023-11-16 18:53:44.230808+00:00,1477,22,code,azure_2023
2023-11-16 18:53:44.326936+00:00,6235,177,code,azure_2023
2023-11-16 18:53:44.327068+00:00,1878,28,code,azure_2023
2023-11-16 18:53:44.726855+00:00,1079,36,code,azure_2023
2023-11-16 18:53:44.826313+00:00,360,7,code,azure_2023
2023-11-16 18:53:44.927833+00:00,2305,6,code,azure_2023
2023-11-16 18:53:45.225532+00:00,196,46,code,azure_2023
2023-11-16 18:53:45.226887+00:00,359,9,code,azure_2023
2023-11-16 18:53:45.328022+00:00,580,18,code,azure_2023
2023-11-16 18:53:45.426588+00:00,1081,21,code,azure_2023
2023-11-16 18:53:45.526175+00:00,1879,28,code,azure_2023
2023-11-16 18:53:45.625511+00:00,1119,33,code,azure_2023
2023-11-16 18:53:45.833682+00:00,3119,34,code,azure_2023
2023-11-16 18:53:45.925541+00:00,357,10,code,azure_2023
2023-11-16 18:53:45.987545+00:00,575,208,code,azure_2023
2023-11-16 18:53:46.659868+00:00,583,33,code,azure_2023
2023-11-16 18:53:46.845617+00:00,196,234,code,azure_2023
2023-11-16 18:53:46.972151+00:00,1083,33,code,azure_2023
2023-11-16 18:53:47.035963+00:00,2305,15,code,azure_2023
2023-11-16 18:53:47.080784+00:00,2824,16,code,azure_2023
2023-11-16 18:53:47.461556+00:00,361,14,code,azure_2023
2023-11-16 18:53:47.549149+00:00,1083,9,code,azure_2023
2023-11-16 18:53:47.825524+00:00,362,24,code,azure_2023
2023-11-16 18:53:47.983586+00:00,1007,10,code,azure_2023
2023-11-16 18:53:48.026133+00:00,2572,103,code,azure_2023
2023-11-16 18:53:48.027317+00:00,1084,16,code,azure_2023
2023-11-16 18:53:48.253502+00:00,359,18,code,azure_2023
2023-11-16 18:53:48.553215+00:00,1007,14,code,azure_2023
2023-11-16 18:53:48.893702+00:00,891,14,code,azure_2023
2023-11-16 18:53:49.438262+00:00,2400,7,code,azure_2023
2023-11-16 18:53:49.463779+00:00,1879,26,code,azure_2023
2023-11-16 18:53:49.943896+00:00,99,8,code,azure_2023
2023-11-16 18:53:50.346657+00:00,1799,14,code,azure_2023
2023-11-16 18:53:50.627070+00:00,209,64,code,azure_2023
2023-11-16 18:53:50.627135+00:00,4879,16,code,azure_2023
2023-11-16 18:53:50.627231+00:00,6175,28,code,azure_2023
2023-11-16 18:53:50.863210+00:00,1799,8,code,azure_2023
2023-11-16 18:53:51.025479+00:00,2822,12,code,azure_2023
2023-11-16 18:53:51.025631+00:00,2400,8,code,azure_2023
2023-11-16 18:53:51.427521+00:00,1269,15,code,azure_2023
2023-11-16 18:53:51.634113+00:00,2400,14,code,azure_2023
2023-11-16 18:53:51.638892+00:00,2919,12,code,azure_2023
2023-11-16 18:53:51.755960+00:00,1269,6,code,azure_2023
2023-11-16 18:53:51.927683+00:00,6261,9,code,azure_2023
2023-11-16 18:53:51.940621+00:00,1262,12,code,azure_2023
2023-11-16 18:53:52.026771+00:00,1608,33,code,azure_2023
2023-11-16 18:53:52.026777+00:00,1401,9,code,azure_2023
2023-11-16 18:53:52.336947+00:00,270,112,code,azure_2023
2023-11-16 18:53:52.341214+00:00,1269,17,code,azure_2023
2023-11-16 18:53:52.628508+00:00,1262,8,code,azure_2023
2023-11-16 18:53:52.725465+00:00,1198,47,code,azure_2023
2023-11-16 18:53:53.027704+00:00,1269,6,code,azure_2023
2023-11-16 18:53:53.125807+00:00,1880,21,code,azure_2023
2023-11-16 18:53:53.226649+00:00,1262,12,code,azure_2023
2023-11-16 18:53:53.326246+00:00,2582,55,code,azure_2023
2023-11-16 18:53:53.451316+00:00,417,12,code,azure_2023
2023-11-16 18:53:53.525580+00:00,2407,9,code,azure_2023
2023-11-16 18:53:53.725510+00:00,203,23,code,azure_2023
2023-11-16 18:53:53.725603+00:00,183,1276,code,azure_2023
2023-11-16 18:53:53.728174+00:00,4880,14,code,azure_2023
2023-11-16 18:53:54.026581+00:00,5913,7,code,azure_2023
2023-11-16 18:53:54.125735+00:00,417,20,code,azure_2023
2023-11-16 18:53:54.131039+00:00,216,181,code,azure_2023
2023-11-16 18:53:54.232253+00:00,2226,15,code,azure_2023
2023-11-16 18:53:54.456781+00:00,1263,11,code,azure_2023
2023-11-16 18:53:55.025539+00:00,2237,6,code,azure_2023
2023-11-16 18:53:55.125921+00:00,5913,8,code,azure_2023
2023-11-16 18:53:55.239907+00:00,471,14,code,azure_2023
2023-11-16 18:53:55.425463+00:00,1264,10,code,azure_2023
2023-11-16 18:53:55.427217+00:00,225,67,code,azure_2023
2023-11-16 18:53:55.488454+00:00,6176,17,code,azure_2023
2023-11-16 18:53:55.535573+00:00,2925,8,code,azure_2023
2023-11-16 18:53:56.101282+00:00,917,37,code,azure_2023
2023-11-16 18:53:56.197054+00:00,2588,57,code,azure_2023
2023-11-16 18:53:56.314013+00:00,2825,59,code,azure_2023
2023-11-16 18:53:56.925713+00:00,2825,21,code,azure_2023
2023-11-16 18:53:57.109358+00:00,1881,31,code,azure_2023
2023-11-16 18:53:57.184399+00:00,232,130,code,azure_2023
2023-11-16 18:53:57.625690+00:00,2928,26,code,azure_2023
2023-11-16 18:53:57.758017+00:00,2409,14,code,azure_2023
2023-11-16 18:53:57.764036+00:00,1610,27,code,azure_2023
2023-11-16 18:53:57.836660+00:00,2826,84,code,azure_2023
2023-11-16 18:53:58.413007+00:00,241,75,code,azure_2023
2023-11-16 18:53:58.700636+00:00,5916,6,code,azure_2023
2023-11-16 18:53:59.465944+00:00,1823,8,code,azure_2023
2023-11-16 18:53:59.663497+00:00,5914,7,code,azure_2023
2023-11-16 18:53:59.666808+00:00,2414,35,code,azure_2023
2023-11-16 18:53:59.673294+00:00,2828,115,code,azure_2023
2023-11-16 18:54:00.386513+00:00,423,8,code,azure_2023
2023-11-16 18:54:00.444496+00:00,1426,12,code,azure_2023
2023-11-16 18:54:00.725506+00:00,6123,14,code,azure_2023
2023-11-16 18:54:00.838777+00:00,248,82,code,azure_2023
2023-11-16 18:54:00.847875+00:00,918,17,code,azure_2023
2023-11-16 18:54:00.925559+00:00,423,7,code,azure_2023
2023-11-16 18:54:00.931488+00:00,2412,11,code,azure_2023
2023-11-16 18:54:02.126210+00:00,424,44,code,azure_2023
2023-11-16 18:54:02.129282+00:00,11,12,code,azure_2023
2023-11-16 18:54:02.228946+00:00,7,54,code,azure_2023
2023-11-16 18:54:02.328125+00:00,579,8,code,azure_2023
2023-11-16 18:54:02.328189+00:00,917,13,code,azure_2023
2023-11-16 18:54:02.487508+00:00,3156,7,code,azure_2023
2023-11-16 18:54:02.536377+00:00,6176,12,code,azure_2023
2023-11-16 18:54:03.664290+00:00,2309,6,code,azure_2023
2023-11-16 18:54:03.876190+00:00,917,50,code,azure_2023
2023-11-16 18:54:03.964960+00:00,423,15,code,azure_2023
2023-11-16 18:54:04.164409+00:00,2460,6,code,azure_2023
2023-11-16 18:54:04.224758+00:00,5059,27,code,azure_2023
2023-11-16 18:54:04.465297+00:00,4884,10,code,azure_2023
2023-11-16 18:54:55.261609+00:00,1973,14,code,azure_2023
2023-11-16 18:54:55.359577+00:00,2075,6,code,azure_2023
2023-11-16 18:54:55.861916+00:00,5575,9,code,azure_2023
2023-11-16 18:54:55.867534+00:00,238,8,code,azure_2023
2023-11-16 18:54:55.960016+00:00,730,33,code,azure_2023
2023-11-16 18:54:56.064629+00:00,149,44,code,azure_2023
2023-11-16 18:54:56.068284+00:00,744,13,code,azure_2023
2023-11-16 18:54:56.159592+00:00,2002,16,code,azure_2023
2023-11-16 18:54:56.260917+00:00,1353,54,code,azure_2023
2023-11-16 18:54:56.262002+00:00,44,105,code,azure_2023
2023-11-16 18:54:56.463765+00:00,337,6,code,azure_2023
2023-11-16 18:54:56.559369+00:00,733,12,code,azure_2023
2023-11-16 18:54:56.688609+00:00,776,18,code,azure_2023
2023-11-16 18:54:56.727755+00:00,573,28,code,azure_2023
2023-11-16 18:54:56.958708+00:00,28,16,code,azure_2023
2023-11-16 18:54:56.963110+00:00,5195,6,code,azure_2023
2023-11-16 18:54:57.119879+00:00,5570,11,code,azure_2023
2023-11-16 18:54:57.163713+00:00,7426,9,code,azure_2023
2023-11-16 18:54:57.291673+00:00,573,52,code,azure_2023
2023-11-16 18:54:57.462174+00:00,1114,7,code,azure_2023
2023-11-16 18:54:57.561811+00:00,1974,11,code,azure_2023
2023-11-16 18:54:57.664555+00:00,2133,12,code,azure_2023
2023-11-16 18:54:57.859575+00:00,1640,263,code,azure_2023
2023-11-16 18:54:57.859807+00:00,1291,6,code,azure_2023
2023-11-16 18:54:58.059582+00:00,5194,10,code,azure_2023
2023-11-16 18:54:58.159177+00:00,11,9,code,azure_2023
2023-11-16 18:54:58.341301+00:00,1978,6,code,azure_2023
2023-11-16 18:54:58.651875+00:00,2027,17,code,azure_2023
2023-11-16 18:54:58.794963+00:00,748,54,code,azure_2023
2023-11-16 18:54:58.862453+00:00,7433,8,code,azure_2023
2023-11-16 18:54:58.984605+00:00,1292,7,code,azure_2023
2023-11-16 18:54:59.267547+00:00,3228,103,code,azure_2023
2023-11-16 18:54:59.381669+00:00,2037,13,code,azure_2023
2023-11-16 18:54:59.624523+00:00,778,14,code,azure_2023
2023-11-16 18:54:59.659820+00:00,2134,22,code,azure_2023
2023-11-16 18:54:59.760089+00:00,1078,9,code,azure_2023
2023-11-16 18:54:59.846232+00:00,594,7,code,azure_2023
2023-11-16 18:55:00.169573+00:00,594,8,code,azure_2023
2023-11-16 18:55:00.199676+00:00,1350,33,code,azure_2023
2023-11-16 18:55:00.271015+00:00,242,44,code,azure_2023
2023-11-16 18:55:00.859671+00:00,4684,37,code,azure_2023
2023-11-16 18:55:00.967530+00:00,1076,13,code,azure_2023
2023-11-16 18:55:01.060139+00:00,594,10,code,azure_2023
2023-11-16 18:55:01.060162+00:00,7434,94,code,azure_2023
2023-11-16 18:55:01.060246+00:00,2310,24,code,azure_2023
2023-11-16 18:55:03.065671+00:00,5074,71,code,azure_2023
2023-11-16 18:55:03.066655+00:00,2028,11,code,azure_2023
2023-11-16 18:55:03.066712+00:00,92,10,code,azure_2023
2023-11-16 18:55:03.067461+00:00,3231,175,code,azure_2023
2023-11-16 18:55:03.187232+00:00,1076,13,code,azure_2023
2023-11-16 18:55:03.971260+00:00,244,17,code,azure_2023
2023-11-16 18:55:03.973053+00:00,11,9,code,azure_2023
2023-11-16 18:55:04.162051+00:00,92,10,code,azure_2023
2023-11-16 18:55:04.264265+00:00,1978,10,code,azure_2023
2023-11-16 18:55:04.264343+00:00,7436,17,code,azure_2023
2023-11-16 18:55:04.342661+00:00,3235,11,code,azure_2023
2023-11-16 18:55:04.635355+00:00,149,22,code,azure_2023
2023-11-16 18:55:04.736494+00:00,80,7,code,azure_2023
2023-11-16 18:55:04.736692+00:00,76,6,code,azure_2023
2023-11-16 18:55:04.837530+00:00,4358,56,code,azure_2023
2023-11-16 18:55:04.934901+00:00,2606,18,code,azure_2023
2023-11-16 18:55:05.058720+00:00,1353,6,code,azure_2023
2023-11-16 18:55:05.060374+00:00,1316,24,code,azure_2023
2023-11-16 18:55:05.067079+00:00,596,18,code,azure_2023
2023-11-16 18:55:05.266813+00:00,779,18,code,azure_2023
2023-11-16 18:55:05.266926+00:00,39,12,code,azure_2023
2023-11-16 18:55:05.361981+00:00,2031,8,code,azure_2023
2023-11-16 18:55:05.967923+00:00,149,12,code,azure_2023
2023-11-16 18:55:06.040252+00:00,1216,6,code,azure_2023
2023-11-16 18:55:06.065680+00:00,7433,40,code,azure_2023
2023-11-16 18:55:06.065704+00:00,1978,6,code,azure_2023
2023-11-16 18:55:06.066658+00:00,39,6,code,azure_2023
2023-11-16 18:55:06.138811+00:00,195,7,code,azure_2023
2023-11-16 18:55:06.139886+00:00,1209,22,code,azure_2023
2023-11-16 18:55:06.143449+00:00,1985,26,code,azure_2023
2023-11-16 18:55:06.144509+00:00,1209,22,code,azure_2023
2023-11-16 18:55:06.162802+00:00,3568,9,code,azure_2023
2023-11-16 18:55:06.163663+00:00,3234,121,code,azure_2023
2023-11-16 18:55:06.164588+00:00,2035,13,code,azure_2023
2023-11-16 18:55:06.240075+00:00,230,13,code,azure_2023
2023-11-16 18:55:06.240164+00:00,4361,6,code,azure_2023
2023-11-16 18:55:06.241470+00:00,2157,18,code,azure_2023
2023-11-16 18:55:06.242405+00:00,1209,19,code,azure_2023
2023-11-16 18:55:06.262137+00:00,1891,7,code,azure_2023
2023-11-16 18:55:06.359986+00:00,38,6,code,azure_2023
2023-11-16 18:55:07.260285+00:00,1978,8,code,azure_2023
2023-11-16 18:55:07.336193+00:00,186,13,code,azure_2023
2023-11-16 18:55:07.344642+00:00,57,45,code,azure_2023
2023-11-16 18:55:07.346600+00:00,152,14,code,azure_2023
2023-11-16 18:55:07.360410+00:00,3665,10,code,azure_2023
2023-11-16 18:55:07.437249+00:00,198,12,code,azure_2023
2023-11-16 18:55:07.441881+00:00,2941,13,code,azure_2023
2023-11-16 18:55:07.461663+00:00,986,25,code,azure_2023
2023-11-16 18:55:07.462420+00:00,2032,6,code,azure_2023
2023-11-16 18:55:07.462442+00:00,704,7,code,azure_2023
2023-11-16 18:55:07.462585+00:00,2005,9,code,azure_2023
2023-11-16 18:55:07.537517+00:00,87,13,code,azure_2023
2023-11-16 18:55:07.539686+00:00,7032,6,code,azure_2023
2023-11-16 18:55:07.540863+00:00,95,8,code,azure_2023
2023-11-16 18:55:07.541009+00:00,2003,79,code,azure_2023
2023-11-16 18:55:07.561429+00:00,180,19,code,azure_2023
2023-11-16 18:55:07.663639+00:00,1979,13,code,azure_2023
2023-11-16 18:55:07.668390+00:00,1318,23,code,azure_2023
2023-11-16 18:55:07.769096+00:00,35,10,code,azure_2023
2023-11-16 18:55:07.962867+00:00,3563,9,code,azure_2023
2023-11-16 18:55:07.966614+00:00,152,8,code,azure_2023
2023-11-16 18:55:08.269045+00:00,2745,12,code,azure_2023
2023-11-16 18:55:08.269177+00:00,6272,6,code,azure_2023
2023-11-16 18:55:08.359649+00:00,2093,10,code,azure_2023
2023-11-16 18:55:08.367338+00:00,988,43,code,azure_2023
2023-11-16 18:55:08.368350+00:00,6272,6,code,azure_2023
2023-11-16 18:55:08.559847+00:00,2031,7,code,azure_2023
2023-11-16 18:55:08.564316+00:00,7436,59,code,azure_2023
2023-11-16 18:55:08.566913+00:00,604,11,code,azure_2023
2023-11-16 18:55:08.568221+00:00,150,8,code,azure_2023
2023-11-16 18:55:08.663710+00:00,246,35,code,azure_2023
2023-11-16 18:55:08.667902+00:00,3193,15,code,azure_2023
2023-11-16 18:55:08.668014+00:00,2456,9,code,azure_2023
2023-11-16 18:55:08.669166+00:00,667,9,code,azure_2023
2023-11-16 18:55:08.760699+00:00,751,18,code,azure_2023
2023-11-16 18:55:08.861244+00:00,246,13,code,azure_2023
2023-11-16 18:55:08.866024+00:00,3192,6,code,azure_2023
2023-11-16 18:55:08.869045+00:00,781,6,code,azure_2023
2023-11-16 18:55:08.964285+00:00,669,8,code,azure_2023
2023-11-16 18:55:08.964452+00:00,35,6,code,azure_2023
2023-11-16 18:55:09.065726+00:00,1400,16,code,azure_2023
2023-11-16 18:55:09.158622+00:00,248,14,code,azure_2023
2023-11-16 18:55:09.159901+00:00,3542,21,code,azure_2023
2023-11-16 18:55:09.166514+00:00,1318,22,code,azure_2023
2023-11-16 18:55:09.168875+00:00,1294,9,code,azure_2023
2023-11-16 18:55:09.168963+00:00,3286,124,code,azure_2023
2023-11-16 18:55:09.260443+00:00,752,19,code,azure_2023
2023-11-16 18:55:09.267771+00:00,2095,6,code,azure_2023
2023-11-16 18:55:09.364488+00:00,249,11,code,azure_2023
2023-11-16 18:55:09.562111+00:00,2031,7,code,azure_2023
2023-11-16 18:55:09.568063+00:00,1981,22,code,azure_2023
2023-11-16 18:55:09.568080+00:00,782,14,code,azure_2023
2023-11-16 18:55:09.663973+00:00,3715,9,code,azure_2023
2023-11-16 18:55:09.667787+00:00,2748,15,code,azure_2023
2023-11-16 18:55:09.768876+00:00,249,7,code,azure_2023
2023-11-16 18:55:09.861194+00:00,4067,52,code,azure_2023
2023-11-16 18:55:09.862406+00:00,950,13,code,azure_2023
2023-11-16 18:55:09.863761+00:00,2007,18,code,azure_2023
2023-11-16 18:55:10.134586+00:00,1902,10,code,azure_2023
2023-11-16 18:55:10.234911+00:00,199,8,code,azure_2023
2023-11-16 18:55:10.336807+00:00,1033,20,code,azure_2023
2023-11-16 18:55:10.336953+00:00,2095,11,code,azure_2023
2023-11-16 18:55:10.384162+00:00,36,14,code,azure_2023
2023-11-16 18:55:10.483183+00:00,3464,9,code,azure_2023
2023-11-16 18:55:10.485309+00:00,357,33,code,azure_2023
2023-11-16 18:55:10.584937+00:00,2220,12,code,azure_2023
2023-11-16 18:55:10.783493+00:00,2774,15,code,azure_2023
2023-11-16 18:55:10.880910+00:00,8,14,code,azure_2023
2023-11-16 18:55:10.881019+00:00,4188,11,code,azure_2023
2023-11-16 18:55:10.882153+00:00,27,13,code,azure_2023
2023-11-16 18:55:10.883078+00:00,2558,13,code,azure_2023
2023-11-16 18:55:10.980657+00:00,1856,6,code,azure_2023
2023-11-16 18:55:11.046332+00:00,199,14,code,azure_2023
2023-11-16 18:55:11.081902+00:00,2558,6,code,azure_2023
2023-11-16 18:55:12.046063+00:00,2590,22,code,azure_2023
2023-11-16 18:55:12.234781+00:00,94,17,code,azure_2023
2023-11-16 18:55:12.234806+00:00,3509,11,code,azure_2023
2023-11-16 18:55:12.241234+00:00,83,13,code,azure_2023
2023-11-16 18:55:12.242216+00:00,1239,23,code,azure_2023
2023-11-16 18:55:12.386815+00:00,241,21,code,azure_2023
2023-11-16 18:55:12.578546+00:00,855,28,code,azure_2023
2023-11-16 18:55:12.583758+00:00,2623,9,code,azure_2023
2023-11-16 18:55:12.588042+00:00,139,9,code,azure_2023
2023-11-16 18:55:12.589059+00:00,1486,15,code,azure_2023
2023-11-16 18:55:12.677770+00:00,1881,7,code,azure_2023
2023-11-16 18:55:12.782476+00:00,2561,24,code,azure_2023
2023-11-16 18:55:12.787912+00:00,1854,12,code,azure_2023
2023-11-16 18:55:12.787991+00:00,2241,46,code,azure_2023
2023-11-16 18:55:12.881351+00:00,3467,16,code,azure_2023
2023-11-16 18:55:12.983340+00:00,467,17,code,azure_2023
2023-11-16 18:55:12.985300+00:00,51,23,code,azure_2023
2023-11-16 18:55:13.080785+00:00,6010,13,code,azure_2023
2023-11-16 18:55:13.382674+00:00,139,10,code,azure_2023
2023-11-16 18:55:14.337518+00:00,2158,7,code,azure_2023
2023-11-16 18:55:14.338397+00:00,829,10,code,azure_2023
2023-11-16 18:55:14.540581+00:00,296,333,code,azure_2023
2023-11-16 18:55:14.541741+00:00,40,17,code,azure_2023
2023-11-16 18:55:14.541806+00:00,2593,11,code,azure_2023
2023-11-16 18:55:14.542646+00:00,1486,69,code,azure_2023
2023-11-16 18:55:14.542819+00:00,2024,26,code,azure_2023
2023-11-16 18:55:14.638521+00:00,2947,17,code,azure_2023
2023-11-16 18:55:14.639740+00:00,830,13,code,azure_2023
2023-11-16 18:55:14.640803+00:00,197,11,code,azure_2023
2023-11-16 18:55:14.734694+00:00,152,12,code,azure_2023
2023-11-16 18:55:16.335183+00:00,231,13,code,azure_2023
2023-11-16 18:55:16.442465+00:00,2838,19,code,azure_2023
2023-11-16 18:55:16.444748+00:00,2170,8,code,azure_2023
2023-11-16 18:55:16.483627+00:00,940,22,code,azure_2023
2023-11-16 18:55:16.484586+00:00,379,28,code,azure_2023
2023-11-16 18:55:16.538753+00:00,680,8,code,azure_2023
2023-11-16 18:55:16.538877+00:00,2947,9,code,azure_2023
2023-11-16 18:55:16.635318+00:00,559,6,code,azure_2023
2023-11-16 18:55:16.641181+00:00,384,18,code,azure_2023
2023-11-16 18:55:16.734874+00:00,6024,41,code,azure_2023
2023-11-16 18:55:16.739157+00:00,6026,25,code,azure_2023
2023-11-16 18:55:16.741454+00:00,2170,6,code,azure_2023
2023-11-16 18:55:16.844895+00:00,1195,7,code,azure_2023
2023-11-16 18:55:16.938172+00:00,3039,26,code,azure_2023
2023-11-16 18:55:16.938223+00:00,2839,6,code,azure_2023
2023-11-16 18:55:16.940273+00:00,938,13,code,azure_2023
2023-11-16 18:55:17.038815+00:00,1654,10,code,azure_2023
2023-11-16 18:55:17.039776+00:00,938,11,code,azure_2023
2023-11-16 18:55:17.139127+00:00,170,6,code,azure_2023
2023-11-16 18:55:17.238350+00:00,966,12,code,azure_2023
2023-11-16 18:55:17.334600+00:00,2791,9,code,azure_2023
2023-11-16 18:55:17.338701+00:00,2673,9,code,azure_2023
2023-11-16 18:55:17.338752+00:00,2951,6,code,azure_2023
2023-11-16 18:55:17.342182+00:00,1081,19,code,azure_2023
2023-11-16 18:55:17.382322+00:00,855,77,code,azure_2023
2023-11-16 18:55:17.389477+00:00,1886,10,code,azure_2023
2023-11-16 18:55:17.443074+00:00,726,51,code,azure_2023
2023-11-16 18:55:17.484748+00:00,2527,36,code,azure_2023
2023-11-16 18:55:17.486187+00:00,7436,145,code,azure_2023
2023-11-16 18:55:17.486917+00:00,651,9,code,azure_2023
2023-11-16 18:55:17.488039+00:00,2432,12,code,azure_2023
2023-11-16 18:55:17.540364+00:00,182,784,code,azure_2023
2023-11-16 18:55:17.582333+00:00,227,9,code,azure_2023
2023-11-16 18:55:17.583656+00:00,1494,19,code,azure_2023
2023-11-16 18:55:17.635205+00:00,5364,8,code,azure_2023
2023-11-16 18:55:17.639227+00:00,7436,8,code,azure_2023
2023-11-16 18:55:17.734214+00:00,209,12,code,azure_2023
2023-11-16 18:55:17.735126+00:00,3534,17,code,azure_2023
2023-11-16 18:55:17.740350+00:00,2332,202,code,azure_2023
2023-11-16 18:55:17.745617+00:00,234,13,code,azure_2023
2023-11-16 18:55:17.839582+00:00,497,9,code,azure_2023
2023-11-16 18:55:17.942269+00:00,196,14,code,azure_2023
2023-11-16 18:55:17.943124+00:00,88,26,code,azure_2023
2023-11-16 18:55:18.040134+00:00,1132,37,code,azure_2023
2023-11-16 18:55:18.436790+00:00,2603,31,code,azure_2023
2023-11-16 18:55:18.537122+00:00,57,21,code,azure_2023
2023-11-16 18:55:18.537357+00:00,2833,33,code,azure_2023
2023-11-16 18:55:18.541760+00:00,4015,12,code,azure_2023
2023-11-16 18:55:18.542596+00:00,989,91,code,azure_2023
2023-11-16 18:55:18.544597+00:00,96,13,code,azure_2023
2023-11-16 18:55:18.546242+00:00,2249,34,code,azure_2023
2023-11-16 18:55:18.546304+00:00,2794,62,code,azure_2023
2023-11-16 18:55:18.642935+00:00,7054,58,code,azure_2023
2023-11-16 18:55:18.738450+00:00,1450,9,code,azure_2023
2023-11-16 18:55:18.739400+00:00,2331,14,code,azure_2023
2023-11-16 18:55:18.740753+00:00,204,14,code,azure_2023
2023-11-16 18:55:18.839990+00:00,2491,19,code,azure_2023
2023-11-16 18:55:18.841981+00:00,127,7,code,azure_2023
2023-11-16 18:55:18.842882+00:00,4361,14,code,azure_2023
2023-11-16 18:55:18.941528+00:00,7436,14,code,azure_2023
2023-11-16 18:55:19.036413+00:00,7435,15,code,azure_2023
2023-11-16 18:55:19.135179+00:00,3271,17,code,azure_2023
2023-11-16 18:55:19.239621+00:00,46,26,code,azure_2023
2023-11-16 18:55:19.239939+00:00,614,15,code,azure_2023
2023-11-16 18:55:19.339540+00:00,94,14,code,azure_2023
2023-11-16 18:55:19.436521+00:00,150,12,code,azure_2023
2023-11-16 18:55:19.436691+00:00,847,18,code,azure_2023
2023-11-16 18:55:19.440388+00:00,2380,11,code,azure_2023
2023-11-16 18:55:19.441255+00:00,940,6,code,azure_2023
2023-11-16 18:55:19.443324+00:00,95,13,code,azure_2023
2023-11-16 18:55:19.444977+00:00,2432,11,code,azure_2023
2023-11-16 18:55:19.485242+00:00,847,64,code,azure_2023
2023-11-16 18:55:19.486420+00:00,2224,15,code,azure_2023
2023-11-16 18:55:19.487240+00:00,115,15,code,azure_2023
2023-11-16 18:55:19.537694+00:00,2255,6,code,azure_2023
2023-11-16 18:55:19.537745+00:00,3338,8,code,azure_2023
2023-11-16 18:55:19.634940+00:00,5639,15,code,azure_2023
2023-11-16 18:55:19.641346+00:00,505,79,code,azure_2023
2023-11-16 18:55:19.741527+00:00,1379,13,code,azure_2023
2023-11-16 18:55:19.742339+00:00,2255,12,code,azure_2023
2023-11-16 18:55:19.745226+00:00,3034,57,code,azure_2023
2023-11-16 18:55:19.745447+00:00,4567,12,code,azure_2023
2023-11-16 18:55:19.746451+00:00,2345,831,code,azure_2023
2023-11-16 18:55:19.841483+00:00,1466,12,code,azure_2023
2023-11-16 18:55:19.939642+00:00,151,7,code,azure_2023
2023-11-16 18:55:19.983302+00:00,841,9,code,azure_2023
2023-11-16 18:55:20.034257+00:00,2123,7,code,azure_2023
2023-11-16 18:55:20.039433+00:00,2131,7,code,azure_2023
2023-11-16 18:55:20.141267+00:00,855,9,code,azure_2023
2023-11-16 18:55:20.145558+00:00,3822,8,code,azure_2023
2023-11-16 18:55:20.146489+00:00,414,12,code,azure_2023
2023-11-16 18:55:20.238980+00:00,1466,16,code,azure_2023
2023-11-16 18:55:20.239194+00:00,294,25,code,azure_2023
2023-11-16 18:55:20.242196+00:00,824,17,code,azure_2023
2023-11-16 18:55:20.242245+00:00,666,219,code,azure_2023
2023-11-16 18:55:20.334988+00:00,436,103,code,azure_2023
2023-11-16 18:55:20.339102+00:00,296,15,code,azure_2023
2023-11-16 18:55:20.342077+00:00,7436,14,code,azure_2023
2023-11-16 18:55:20.434835+00:00,6166,33,code,azure_2023
2023-11-16 18:55:20.441652+00:00,550,19,code,azure_2023
2023-11-16 18:55:20.538160+00:00,151,6,code,azure_2023
2023-11-16 18:55:20.542491+00:00,1633,16,code,azure_2023
2023-11-16 18:55:20.545219+00:00,2157,24,code,azure_2023
2023-11-16 18:55:20.546218+00:00,830,10,code,azure_2023
2023-11-16 18:55:20.784102+00:00,830,19,code,azure_2023
2023-11-16 18:55:20.784182+00:00,98,18,code,azure_2023
2023-11-16 18:55:20.838512+00:00,34,13,code,azure_2023
2023-11-16 18:55:20.842377+00:00,2004,28,code,azure_2023
2023-11-16 18:55:20.942197+00:00,98,27,code,azure_2023
2023-11-16 18:55:20.943105+00:00,7028,6,code,azure_2023
2023-11-16 18:55:21.034302+00:00,209,196,code,azure_2023
2023-11-16 18:55:21.034468+00:00,1953,21,code,azure_2023
2023-11-16 18:55:21.140816+00:00,153,14,code,azure_2023
2023-11-16 18:55:21.140870+00:00,3036,135,code,azure_2023
2023-11-16 18:55:21.141749+00:00,609,10,code,azure_2023
2023-11-16 18:55:21.238083+00:00,5639,12,code,azure_2023
2023-11-16 18:55:21.338502+00:00,5708,12,code,azure_2023
2023-11-16 18:55:21.434373+00:00,4018,28,code,azure_2023
2023-11-16 18:55:21.439663+00:00,3510,42,code,azure_2023
2023-11-16 18:55:21.535622+00:00,889,10,code,azure_2023
2023-11-16 18:55:21.536836+00:00,2095,6,code,azure_2023
2023-11-16 18:55:21.536982+00:00,4018,8,code,azure_2023
2023-11-16 18:55:21.543111+00:00,6166,9,code,azure_2023
2023-11-16 18:55:21.637290+00:00,5639,14,code,azure_2023
2023-11-16 18:55:21.638501+00:00,209,196,code,azure_2023
2023-11-16 18:55:21.641574+00:00,967,24,code,azure_2023
2023-11-16 18:55:21.642500+00:00,2189,12,code,azure_2023
2023-11-16 18:55:21.741725+00:00,235,13,code,azure_2023
2023-11-16 18:55:21.743193+00:00,1888,34,code,azure_2023
2023-11-16 18:55:21.746320+00:00,4367,129,code,azure_2023
2023-11-16 18:55:21.838247+00:00,3045,64,code,azure_2023
2023-11-16 18:55:21.841152+00:00,937,12,code,azure_2023
2023-11-16 18:55:22.039910+00:00,94,8,code,azure_2023
2023-11-16 18:55:22.140145+00:00,1342,11,code,azure_2023
2023-11-16 18:55:22.241456+00:00,4369,6,code,azure_2023
2023-11-16 18:55:22.243011+00:00,3045,112,code,azure_2023
2023-11-16 18:55:22.438383+00:00,2796,9,code,azure_2023
2023-11-16 18:55:22.442050+00:00,3045,64,code,azure_2023
2023-11-16 18:55:22.442126+00:00,2331,11,code,azure_2023
2023-11-16 18:55:22.534305+00:00,209,196,code,azure_2023
2023-11-16 18:55:22.538230+00:00,93,16,code,azure_2023
2023-11-16 18:55:22.542304+00:00,434,16,code,azure_2023
2023-11-16 18:55:22.740115+00:00,2857,12,code,azure_2023
2023-11-16 18:55:22.743022+00:00,2789,11,code,azure_2023
2023-11-16 18:55:22.839684+00:00,3045,37,code,azure_2023
2023-11-16 18:55:22.839762+00:00,2128,9,code,azure_2023
2023-11-16 18:55:22.843602+00:00,436,15,code,azure_2023
2023-11-16 18:55:22.843671+00:00,3,19,code,azure_2023
2023-11-16 18:56:06.162828+00:00,160,6,code,azure_2023
2023-11-16 18:56:06.324748+00:00,2231,13,code,azure_2023
2023-11-16 18:56:06.487739+00:00,2237,9,code,azure_2023
2023-11-16 18:56:06.778655+00:00,185,14,code,azure_2023
2023-11-16 18:56:06.849948+00:00,1629,6,code,azure_2023
2023-11-16 18:56:06.966920+00:00,952,11,code,azure_2023
2023-11-16 18:56:06.968839+00:00,3228,40,code,azure_2023
2023-11-16 18:56:07.064373+00:00,185,15,code,azure_2023
2023-11-16 18:56:07.064463+00:00,765,9,code,azure_2023
2023-11-16 18:56:07.066555+00:00,2890,38,code,azure_2023
2023-11-16 18:56:07.068848+00:00,1629,6,code,azure_2023
2023-11-16 18:56:07.163516+00:00,952,14,code,azure_2023
2023-11-16 18:56:07.167926+00:00,162,14,code,azure_2023
2023-11-16 18:56:07.260577+00:00,3230,10,code,azure_2023
2023-11-16 18:56:07.265611+00:00,511,129,code,azure_2023
2023-11-16 18:56:07.363246+00:00,2267,195,code,azure_2023
2023-11-16 18:56:07.365710+00:00,73,12,code,azure_2023
2023-11-16 18:56:07.560076+00:00,990,12,code,azure_2023
2023-11-16 18:56:07.560272+00:00,2005,96,code,azure_2023
2023-11-16 18:56:07.564170+00:00,588,9,code,azure_2023
2023-11-16 18:56:07.836948+00:00,160,13,code,azure_2023
2023-11-16 18:56:07.871591+00:00,3231,9,code,azure_2023
2023-11-16 18:56:08.460331+00:00,2230,6,code,azure_2023
2023-11-16 18:56:08.761460+00:00,589,25,code,azure_2023
2023-11-16 18:56:08.860782+00:00,2542,97,code,azure_2023
2023-11-16 18:56:08.967139+00:00,590,8,code,azure_2023
2023-11-16 18:56:09.064598+00:00,514,22,code,azure_2023
2023-11-16 18:56:09.159718+00:00,161,6,code,azure_2023
2023-11-16 18:56:09.159773+00:00,2896,7,code,azure_2023
2023-11-16 18:56:09.260139+00:00,76,6,code,azure_2023
2023-11-16 18:56:09.359537+00:00,7429,14,code,azure_2023
2023-11-16 18:56:09.460278+00:00,146,12,code,azure_2023
2023-11-16 18:56:09.559753+00:00,1636,28,code,azure_2023
2023-11-16 18:56:09.678920+00:00,767,9,code,azure_2023
2023-11-16 18:56:09.759437+00:00,5879,9,code,azure_2023
2023-11-16 18:56:09.874135+00:00,991,9,code,azure_2023
2023-11-16 18:56:09.904283+00:00,1290,316,code,azure_2023
2023-11-16 18:56:09.904290+00:00,772,13,code,azure_2023
2023-11-16 18:56:33.065900+00:00,2582,46,code,azure_2023
2023-11-16 18:56:33.186214+00:00,2352,18,code,azure_2023
2023-11-16 18:56:33.188245+00:00,4361,8,code,azure_2023
2023-11-16 18:56:33.353979+00:00,7436,12,code,azure_2023
2023-11-16 18:56:33.436136+00:00,7435,7,code,azure_2023
2023-11-16 18:56:33.534352+00:00,3825,7,code,azure_2023
2023-11-16 18:56:33.539064+00:00,4362,8,code,azure_2023
2023-11-16 18:56:33.539219+00:00,770,6,code,azure_2023
2023-11-16 18:56:33.679556+00:00,2798,8,code,azure_2023
2023-11-16 18:56:33.841689+00:00,770,8,code,azure_2023
2023-11-16 18:56:33.857293+00:00,758,49,code,azure_2023
2023-11-16 18:56:34.139958+00:00,2587,36,code,azure_2023
2023-11-16 18:56:34.297860+00:00,2776,111,code,azure_2023
2023-11-16 18:56:34.434265+00:00,41,12,code,azure_2023
2023-11-16 18:56:34.923693+00:00,42,22,code,azure_2023
2023-11-16 18:56:35.009825+00:00,3826,6,code,azure_2023
2023-11-16 18:56:35.044975+00:00,771,13,code,azure_2023
2023-11-16 18:56:35.172252+00:00,1396,10,code,azure_2023
2023-11-16 18:56:35.234416+00:00,7425,6,code,azure_2023
2023-11-16 18:56:35.335835+00:00,1799,9,code,azure_2023
2023-11-16 18:56:35.609129+00:00,7436,9,code,azure_2023
2023-11-16 18:56:35.760519+00:00,2593,46,code,azure_2023
2023-11-16 18:56:36.134961+00:00,3486,16,code,azure_2023
2023-11-16 18:56:36.248302+00:00,4319,9,code,azure_2023
2023-11-16 18:56:36.376292+00:00,2168,6,code,azure_2023
2023-11-16 18:56:36.400661+00:00,4699,6,code,azure_2023
2023-11-16 18:56:36.498145+00:00,3418,7,code,azure_2023
2023-11-16 18:56:36.706069+00:00,1802,6,code,azure_2023
2023-11-16 18:56:37.234232+00:00,2599,38,code,azure_2023
2023-11-16 18:56:37.264002+00:00,1502,19,code,azure_2023
2023-11-16 18:56:37.337628+00:00,679,18,code,azure_2023
2023-11-16 18:56:37.734118+00:00,7426,7,code,azure_2023
2023-11-16 18:56:37.812124+00:00,4700,12,code,azure_2023
2023-11-16 18:56:38.043599+00:00,1366,18,code,azure_2023
2023-11-16 18:56:38.044018+00:00,3486,94,code,azure_2023
2023-11-16 18:56:38.240731+00:00,5415,7,code,azure_2023
2023-11-16 18:56:38.335792+00:00,3832,27,code,azure_2023
2023-11-16 18:56:38.634825+00:00,1411,9,code,azure_2023
2023-11-16 18:56:38.834234+00:00,2235,7,code,azure_2023
2023-11-16 18:56:38.856242+00:00,7435,9,code,azure_2023
2023-11-16 18:56:38.971103+00:00,2605,34,code,azure_2023
2023-11-16 18:56:39.281762+00:00,3835,6,code,azure_2023
2023-11-16 18:56:39.656854+00:00,1501,30,code,azure_2023
2023-11-16 18:56:39.665018+00:00,1838,6,code,azure_2023
2023-11-16 18:56:39.734133+00:00,1355,12,code,azure_2023
2023-11-16 18:56:39.918075+00:00,5708,9,code,azure_2023
2023-11-16 18:56:40.356419+00:00,1502,11,code,azure_2023
2023-11-16 18:56:40.434323+00:00,7436,7,code,azure_2023
2023-11-16 18:56:40.573030+00:00,2611,34,code,azure_2023
2023-11-16 18:56:40.636349+00:00,3411,7,code,azure_2023
2023-11-16 18:56:40.636762+00:00,1353,8,code,azure_2023
2023-11-16 18:56:40.734194+00:00,3913,12,code,azure_2023
2023-11-16 18:56:40.745081+00:00,3835,7,code,azure_2023
2023-11-16 18:56:40.839036+00:00,7428,7,code,azure_2023
2023-11-16 18:56:41.006061+00:00,780,10,code,azure_2023
2023-11-16 18:56:41.039218+00:00,4699,12,code,azure_2023
2023-11-16 18:56:41.056691+00:00,1356,6,code,azure_2023
2023-11-16 18:56:41.134324+00:00,1503,23,code,azure_2023
2023-11-16 18:56:41.634521+00:00,1846,101,code,azure_2023
2023-11-16 18:56:41.734097+00:00,4698,8,code,azure_2023
2023-11-16 18:56:42.034472+00:00,7429,7,code,azure_2023
2023-11-16 18:56:42.234342+00:00,4698,6,code,azure_2023
2023-11-16 18:56:42.362115+00:00,156,23,code,azure_2023
2023-11-16 18:56:42.489658+00:00,2617,46,code,azure_2023
2023-11-16 18:56:42.634135+00:00,1370,8,code,azure_2023
2023-11-16 18:56:42.689671+00:00,128,20,code,azure_2023
2023-11-16 18:56:42.838457+00:00,789,67,code,azure_2023
2023-11-16 18:56:43.038181+00:00,128,19,code,azure_2023
2023-11-16 18:56:43.134319+00:00,5639,8,code,azure_2023
2023-11-16 18:56:43.357358+00:00,1370,18,code,azure_2023
2023-11-16 18:56:43.435044+00:00,8,8,code,azure_2023
2023-11-16 18:56:43.454264+00:00,1357,48,code,azure_2023
2023-11-16 18:56:43.834223+00:00,1371,12,code,azure_2023
2023-11-16 18:56:43.837859+00:00,5638,17,code,azure_2023
2023-11-16 18:56:44.149417+00:00,7435,6,code,azure_2023
2023-11-16 18:56:44.634155+00:00,1370,12,code,azure_2023
2023-11-16 18:56:44.634353+00:00,1011,12,code,azure_2023
2023-11-16 18:56:44.681576+00:00,5710,7,code,azure_2023
2023-11-16 18:56:44.734196+00:00,2623,38,code,azure_2023
2023-11-16 18:56:44.835405+00:00,1506,20,code,azure_2023
2023-11-16 18:56:44.859825+00:00,1116,8,code,azure_2023
2023-11-16 18:56:44.934141+00:00,1372,6,code,azure_2023
2023-11-16 18:56:45.375975+00:00,5709,7,code,azure_2023
2023-11-16 18:56:45.535179+00:00,2080,8,code,azure_2023
2023-11-16 18:56:45.665943+00:00,1013,9,code,azure_2023
2023-11-16 18:56:45.741859+00:00,3313,25,code,azure_2023
2023-11-16 18:56:45.834152+00:00,1117,16,code,azure_2023
2023-11-16 18:56:46.036751+00:00,3967,35,code,azure_2023
2023-11-16 18:56:46.134287+00:00,1371,15,code,azure_2023
2023-11-16 18:56:46.238378+00:00,963,103,code,azure_2023
2023-11-16 18:56:46.536790+00:00,728,28,code,azure_2023
2023-11-16 18:56:46.536912+00:00,49,41,code,azure_2023
2023-11-16 18:56:46.558378+00:00,1517,6,code,azure_2023
2023-11-16 18:56:46.698376+00:00,151,126,code,azure_2023
2023-11-16 18:56:46.734091+00:00,2629,33,code,azure_2023
2023-11-16 18:56:46.985498+00:00,1118,11,code,azure_2023
2023-11-16 18:56:47.292973+00:00,962,11,code,azure_2023
2023-11-16 18:56:47.608558+00:00,348,16,code,azure_2023
2023-11-16 18:56:47.878209+00:00,7437,28,code,azure_2023
2023-11-16 18:56:48.139628+00:00,3395,20,code,azure_2023
2023-11-16 18:56:48.335453+00:00,5516,27,code,azure_2023
2023-11-16 18:56:48.359798+00:00,1371,12,code,azure_2023
2023-11-16 18:56:48.434900+00:00,962,10,code,azure_2023
2023-11-16 18:56:48.453257+00:00,5725,8,code,azure_2023
2023-11-16 18:56:48.463400+00:00,849,85,code,azure_2023
2023-11-16 18:56:48.539524+00:00,2635,15,code,azure_2023
2023-11-16 18:56:48.747696+00:00,348,8,code,azure_2023
2023-11-16 18:56:49.334203+00:00,2167,20,code,azure_2023
2023-11-16 18:56:49.534364+00:00,807,6,code,azure_2023
2023-11-16 18:56:49.535687+00:00,342,13,code,azure_2023
2023-11-16 18:56:49.563468+00:00,2288,10,code,azure_2023
2023-11-16 18:56:49.634161+00:00,961,7,code,azure_2023
2023-11-16 18:56:49.634314+00:00,2084,40,code,azure_2023
2023-11-16 18:56:49.638881+00:00,1394,11,code,azure_2023
2023-11-16 18:56:49.934240+00:00,150,15,code,azure_2023
2023-11-16 18:56:49.972986+00:00,3317,30,code,azure_2023
2023-11-16 18:56:50.062371+00:00,2984,30,code,azure_2023
2023-11-16 18:56:50.334388+00:00,7424,15,code,azure_2023
2023-11-16 18:56:50.607753+00:00,151,126,code,azure_2023
2023-11-16 18:56:50.744496+00:00,347,10,code,azure_2023
2023-11-16 18:56:50.773512+00:00,6594,20,code,azure_2023
2023-11-16 18:56:51.050119+00:00,7436,7,code,azure_2023
2023-11-16 18:56:51.234143+00:00,7424,13,code,azure_2023
2023-11-16 18:56:51.284928+00:00,960,16,code,azure_2023
2023-11-16 18:56:51.341678+00:00,348,8,code,azure_2023
2023-11-16 18:56:51.537119+00:00,2235,16,code,azure_2023
2023-11-16 18:56:51.637379+00:00,2169,12,code,azure_2023
2023-11-16 18:56:51.758839+00:00,152,24,code,azure_2023
2023-11-16 18:56:52.144919+00:00,2919,13,code,azure_2023
2023-11-16 18:56:52.155186+00:00,348,9,code,azure_2023
2023-11-16 18:56:52.290991+00:00,5522,6,code,azure_2023
2023-11-16 18:56:52.801478+00:00,5522,13,code,azure_2023
2023-11-16 18:56:52.858281+00:00,2235,8,code,azure_2023
2023-11-16 18:56:53.151075+00:00,885,11,code,azure_2023
2023-11-16 18:56:53.234179+00:00,223,12,code,azure_2023
2023-11-16 18:56:53.344462+00:00,1495,14,code,azure_2023
2023-11-16 18:56:53.363617+00:00,947,6,code,azure_2023
2023-11-16 18:56:53.534152+00:00,5732,63,code,azure_2023
2023-11-16 18:56:53.735030+00:00,151,126,code,azure_2023
2023-11-16 18:56:53.740028+00:00,5523,10,code,azure_2023
2023-11-16 18:56:53.765261+00:00,7435,6,code,azure_2023
2023-11-16 18:56:53.834227+00:00,702,13,code,azure_2023
2023-11-16 18:56:53.934169+00:00,87,17,code,azure_2023
2023-11-16 18:56:54.217333+00:00,7435,6,code,azure_2023
2023-11-16 18:56:55.146178+00:00,1508,13,code,azure_2023
2023-11-16 18:56:55.334213+00:00,1346,17,code,azure_2023
2023-11-16 18:56:55.339327+00:00,223,14,code,azure_2023
2023-11-16 18:56:55.434343+00:00,152,11,code,azure_2023
2023-11-16 18:56:55.536095+00:00,2585,31,code,azure_2023
2023-11-16 18:56:55.574138+00:00,3104,9,code,azure_2023
2023-11-16 18:56:56.138662+00:00,2932,9,code,azure_2023
2023-11-16 18:56:56.235515+00:00,88,10,code,azure_2023
2023-11-16 18:56:56.535524+00:00,5631,12,code,azure_2023
2023-11-16 18:58:59.965345+00:00,4052,6,code,azure_2023
2023-11-16 18:59:00.061699+00:00,1376,6,code,azure_2023
2023-11-16 18:59:00.160546+00:00,477,51,code,azure_2023
2023-11-16 18:59:01.963591+00:00,2881,17,code,azure_2023
2023-11-16 18:59:01.970420+00:00,1541,11,code,azure_2023
2023-11-16 18:59:02.059575+00:00,1376,6,code,azure_2023
2023-11-16 18:59:02.163202+00:00,1960,13,code,azure_2023
2023-11-16 18:59:02.163483+00:00,479,34,code,azure_2023
2023-11-16 18:59:02.263488+00:00,6816,43,code,azure_2023
2023-11-16 18:59:02.965841+00:00,7436,7,code,azure_2023
2023-11-16 18:59:03.063277+00:00,480,40,code,azure_2023
2023-11-16 18:59:03.163017+00:00,1292,20,code,azure_2023
2023-11-16 18:59:03.163992+00:00,1817,13,code,azure_2023
2023-11-16 18:59:03.170989+00:00,37,7,code,azure_2023
2023-11-16 18:59:03.171151+00:00,2928,9,code,azure_2023
2023-11-16 18:59:03.171996+00:00,480,34,code,azure_2023
2023-11-16 18:59:03.172872+00:00,3934,193,code,azure_2023
2023-11-16 18:59:03.260938+00:00,6817,124,code,azure_2023
2023-11-16 18:59:03.364046+00:00,2315,10,code,azure_2023
2023-11-16 18:59:03.368992+00:00,2929,8,code,azure_2023
2023-11-16 18:59:03.464675+00:00,946,10,code,azure_2023
2023-11-16 18:59:03.466173+00:00,482,19,code,azure_2023
2023-11-16 18:59:03.466297+00:00,7436,17,code,azure_2023
2023-11-16 18:59:03.468067+00:00,2868,519,code,azure_2023
2023-11-16 18:59:03.564842+00:00,52,12,code,azure_2023
2023-11-16 18:59:03.659988+00:00,2699,26,code,azure_2023
2023-11-16 18:59:03.660048+00:00,620,10,code,azure_2023
2023-11-16 18:59:03.972988+00:00,52,7,code,azure_2023
2023-11-16 18:59:05.067456+00:00,484,15,code,azure_2023
2023-11-16 18:59:05.068675+00:00,6817,63,code,azure_2023
2023-11-16 18:59:05.165952+00:00,7436,12,code,azure_2023
2023-11-16 18:59:05.263942+00:00,1546,31,code,azure_2023
2023-11-16 18:59:05.265815+00:00,1377,7,code,azure_2023
2023-11-16 18:59:05.267721+00:00,2795,168,code,azure_2023
2023-11-16 18:59:05.268767+00:00,4054,8,code,azure_2023
2023-11-16 18:59:05.363405+00:00,3157,17,code,azure_2023
2023-11-16 18:59:05.558782+00:00,39,8,code,azure_2023
2023-11-16 18:59:05.665060+00:00,2318,12,code,azure_2023
2023-11-16 18:59:05.860752+00:00,484,108,code,azure_2023
2023-11-16 18:59:05.959543+00:00,7435,10,code,azure_2023
2023-11-16 18:59:06.259710+00:00,930,30,code,azure_2023
2023-11-16 18:59:06.419645+00:00,54,6,code,azure_2023
2023-11-16 18:59:06.468435+00:00,6818,49,code,azure_2023
2023-11-16 18:59:07.159543+00:00,484,88,code,azure_2023
2023-11-16 18:59:08.059804+00:00,483,30,code,azure_2023
2023-11-16 18:59:08.060890+00:00,2086,16,code,azure_2023
2023-11-16 18:59:08.061112+00:00,1114,7,code,azure_2023
2023-11-16 18:59:08.063926+00:00,188,15,code,azure_2023
2023-11-16 18:59:08.064636+00:00,1075,11,code,azure_2023
2023-11-16 18:59:08.163552+00:00,3158,12,code,azure_2023
2023-11-16 18:59:08.163834+00:00,6820,43,code,azure_2023
2023-11-16 18:59:08.165900+00:00,56,43,code,azure_2023
2023-11-16 18:59:08.361549+00:00,790,10,code,azure_2023
2023-11-16 18:59:10.967571+00:00,450,12,code,azure_2023
2023-11-16 18:59:10.967680+00:00,41,6,code,azure_2023
2023-11-16 18:59:10.968803+00:00,56,19,code,azure_2023
2023-11-16 18:59:10.968899+00:00,73,10,code,azure_2023
2023-11-16 18:59:13.160694+00:00,739,6,code,azure_2023
2023-11-16 18:59:13.161881+00:00,5903,82,code,azure_2023
2023-11-16 18:59:13.261649+00:00,929,30,code,azure_2023
2023-11-16 18:59:13.267480+00:00,916,10,code,azure_2023
2023-11-16 18:59:13.460151+00:00,1640,10,code,azure_2023
2023-11-16 18:59:13.558592+00:00,2642,45,code,azure_2023
2023-11-16 18:59:13.661565+00:00,76,21,code,azure_2023
2023-11-16 18:59:14.064738+00:00,5256,14,code,azure_2023
2023-11-16 18:59:14.163166+00:00,915,19,code,azure_2023
2023-11-16 18:59:14.163990+00:00,2644,13,code,azure_2023
2023-11-16 18:59:14.458850+00:00,915,73,code,azure_2023
2023-11-16 18:59:14.564695+00:00,2645,12,code,azure_2023
2023-11-16 18:59:14.565850+00:00,77,14,code,azure_2023
2023-11-16 18:59:14.568500+00:00,3479,7,code,azure_2023
2023-11-16 18:59:14.662561+00:00,1991,22,code,azure_2023
2023-11-16 18:59:14.662573+00:00,2318,77,code,azure_2023
2023-11-16 18:59:14.667406+00:00,1644,9,code,azure_2023
2023-11-16 18:59:14.667458+00:00,917,11,code,azure_2023
2023-11-16 18:59:14.765553+00:00,2087,17,code,azure_2023
2023-11-16 18:59:14.765697+00:00,1605,15,code,azure_2023
2023-11-16 18:59:14.765790+00:00,1073,52,code,azure_2023
2023-11-16 18:59:14.864120+00:00,78,23,code,azure_2023
2023-11-16 18:59:14.864951+00:00,2088,8,code,azure_2023
2023-11-16 18:59:14.866047+00:00,1589,10,code,azure_2023
2023-11-16 18:59:14.961145+00:00,2648,10,code,azure_2023
2023-11-16 18:59:14.962106+00:00,2953,10,code,azure_2023
2023-11-16 18:59:15.260774+00:00,1157,13,code,azure_2023
2023-11-16 18:59:15.362792+00:00,2320,20,code,azure_2023
2023-11-16 18:59:15.467066+00:00,1547,20,code,azure_2023
2023-11-16 18:59:15.560105+00:00,2089,13,code,azure_2023
2023-11-16 18:59:15.566049+00:00,91,6,code,azure_2023
2023-11-16 18:59:15.566149+00:00,1589,20,code,azure_2023
2023-11-16 18:59:15.567015+00:00,920,13,code,azure_2023
2023-11-16 18:59:15.567107+00:00,1078,7,code,azure_2023
2023-11-16 18:59:15.658607+00:00,2648,41,code,azure_2023
2023-11-16 18:59:15.658845+00:00,5903,55,code,azure_2023
2023-11-16 18:59:15.658879+00:00,19,11,code,azure_2023
2023-11-16 18:59:15.659897+00:00,3145,247,code,azure_2023
2023-11-16 18:59:15.759996+00:00,1381,11,code,azure_2023
2023-11-16 18:59:15.763408+00:00,6820,550,code,azure_2023
2023-11-16 18:59:15.865706+00:00,1712,16,code,azure_2023
2023-11-16 18:59:15.868646+00:00,5907,52,code,azure_2023
2023-11-16 18:59:15.868744+00:00,20,16,code,azure_2023
2023-11-16 18:59:15.960961+00:00,2650,10,code,azure_2023
2023-11-16 18:59:15.963440+00:00,3962,14,code,azure_2023
2023-11-16 18:59:15.963619+00:00,1592,10,code,azure_2023
2023-11-16 18:59:16.064003+00:00,598,7,code,azure_2023
2023-11-16 18:59:16.064956+00:00,5218,61,code,azure_2023
2023-11-16 18:59:16.068979+00:00,2142,14,code,azure_2023
2023-11-16 18:59:16.161396+00:00,23,20,code,azure_2023
2023-11-16 18:59:16.163847+00:00,1593,9,code,azure_2023
2023-11-16 18:59:16.167328+00:00,3918,10,code,azure_2023
2023-11-16 18:59:16.261730+00:00,2292,7,code,azure_2023
2023-11-16 18:59:16.359636+00:00,1958,11,code,azure_2023
2023-11-16 18:59:16.458698+00:00,24,11,code,azure_2023
2023-11-16 18:59:16.459970+00:00,157,11,code,azure_2023
2023-11-16 18:59:16.460094+00:00,1081,8,code,azure_2023
2023-11-16 18:59:16.558849+00:00,133,11,code,azure_2023
2023-11-16 18:59:16.562445+00:00,1592,11,code,azure_2023
2023-11-16 18:59:16.758761+00:00,2318,94,code,azure_2023
2023-11-16 18:59:16.858808+00:00,3989,20,code,azure_2023
2023-11-16 18:59:16.859359+00:00,24,8,code,azure_2023
2023-11-16 18:59:16.859402+00:00,2143,14,code,azure_2023
2023-11-16 18:59:17.058732+00:00,1082,7,code,azure_2023
2023-11-16 18:59:17.158931+00:00,3919,19,code,azure_2023
2023-11-16 18:59:17.458786+00:00,2143,7,code,azure_2023
2023-11-16 18:59:17.759625+00:00,1912,6,code,azure_2023
2023-11-16 18:59:17.759654+00:00,3923,7,code,azure_2023
2023-11-16 18:59:17.759785+00:00,966,6,code,azure_2023
2023-11-16 18:59:18.061187+00:00,6125,16,code,azure_2023
2023-11-16 18:59:18.159957+00:00,40,14,code,azure_2023
2023-11-16 18:59:18.161457+00:00,923,7,code,azure_2023
2023-11-16 18:59:18.259604+00:00,1385,9,code,azure_2023
2023-11-16 18:59:40.577488+00:00,104,6,code,azure_2023
2023-11-16 18:59:40.588512+00:00,2876,16,code,azure_2023
2023-11-16 18:59:40.877730+00:00,2081,9,code,azure_2023
2023-11-16 18:59:40.881360+00:00,70,20,code,azure_2023
2023-11-16 18:59:40.884356+00:00,2303,10,code,azure_2023
2023-11-16 18:59:40.884687+00:00,105,6,code,azure_2023
2023-11-16 18:59:40.977474+00:00,2081,7,code,azure_2023
2023-11-16 18:59:40.980086+00:00,207,16,code,azure_2023
2023-11-16 18:59:40.982947+00:00,229,123,code,azure_2023
2023-11-16 18:59:40.987424+00:00,71,18,code,azure_2023
2023-11-16 18:59:40.989424+00:00,780,52,code,azure_2023
2023-11-16 18:59:41.082788+00:00,1831,11,code,azure_2023
2023-11-16 18:59:41.082910+00:00,937,40,code,azure_2023
2023-11-16 18:59:43.480000+00:00,894,14,code,azure_2023
2023-11-16 18:59:43.579287+00:00,229,21,code,azure_2023
2023-11-16 18:59:43.779617+00:00,96,11,code,azure_2023
2023-11-16 18:59:43.880347+00:00,936,43,code,azure_2023
2023-11-16 18:59:43.979804+00:00,102,10,code,azure_2023
2023-11-16 18:59:43.980044+00:00,5431,13,code,azure_2023
2023-11-16 18:59:44.579782+00:00,1775,12,code,azure_2023
2023-11-16 18:59:44.880923+00:00,994,84,code,azure_2023
2023-11-16 18:59:44.881192+00:00,934,25,code,azure_2023
2023-11-16 18:59:44.882359+00:00,230,18,code,azure_2023
2023-11-16 18:59:44.985293+00:00,1654,9,code,azure_2023
2023-11-16 18:59:45.077847+00:00,3742,7,code,azure_2023
2023-11-16 18:59:45.077964+00:00,234,103,code,azure_2023
2023-11-16 18:59:45.184756+00:00,2571,7,code,azure_2023
2023-11-16 18:59:46.481701+00:00,89,22,code,azure_2023
2023-11-16 18:59:46.481849+00:00,209,14,code,azure_2023
2023-11-16 18:59:46.683801+00:00,1437,27,code,azure_2023
2023-11-16 18:59:46.684830+00:00,3742,7,code,azure_2023
2023-11-16 18:59:46.781196+00:00,7436,25,code,azure_2023
2023-11-16 18:59:47.386008+00:00,45,10,code,azure_2023
2023-11-16 18:59:47.681970+00:00,1804,23,code,azure_2023
2023-11-16 18:59:47.682023+00:00,57,20,code,azure_2023
2023-11-16 18:59:47.878602+00:00,231,103,code,azure_2023
2023-11-16 18:59:47.881461+00:00,5428,42,code,azure_2023
2023-11-16 18:59:47.882545+00:00,236,195,code,azure_2023
2023-11-16 18:59:47.983744+00:00,106,10,code,azure_2023
2023-11-16 18:59:47.987242+00:00,3741,7,code,azure_2023
2023-11-16 18:59:47.987279+00:00,3556,676,code,azure_2023
2023-11-16 18:59:48.479709+00:00,82,17,code,azure_2023
2023-11-16 18:59:48.485734+00:00,797,13,code,azure_2023
2023-11-16 18:59:48.486056+00:00,213,13,code,azure_2023
2023-11-16 18:59:48.582350+00:00,233,30,code,azure_2023
2023-11-16 18:59:48.582478+00:00,72,21,code,azure_2023
2023-11-16 18:59:48.585445+00:00,1679,30,code,azure_2023
2023-11-16 18:59:48.780938+00:00,105,13,code,azure_2023
2023-11-16 18:59:48.783503+00:00,109,20,code,azure_2023
2023-11-16 18:59:48.788442+00:00,7354,26,code,azure_2023
2023-11-16 18:59:48.788604+00:00,1681,6,code,azure_2023
2023-11-16 18:59:48.879858+00:00,143,19,code,azure_2023
2023-11-16 18:59:48.980066+00:00,7429,6,code,azure_2023
2023-11-16 18:59:48.980143+00:00,104,14,code,azure_2023
2023-11-16 18:59:48.980222+00:00,1435,11,code,azure_2023
2023-11-16 18:59:48.983505+00:00,990,10,code,azure_2023
2023-11-16 18:59:48.985501+00:00,895,20,code,azure_2023
2023-11-16 18:59:48.985584+00:00,209,13,code,azure_2023
2023-11-16 18:59:48.986472+00:00,1132,8,code,azure_2023
2023-11-16 18:59:48.987675+00:00,1090,19,code,azure_2023
2023-11-16 18:59:49.082595+00:00,2276,11,code,azure_2023
2023-11-16 18:59:49.181297+00:00,105,18,code,azure_2023
2023-11-16 18:59:49.182299+00:00,86,9,code,azure_2023
2023-11-16 18:59:49.183449+00:00,7354,14,code,azure_2023
2023-11-16 18:59:49.186653+00:00,2418,11,code,azure_2023
2023-11-16 18:59:49.187634+00:00,393,15,code,azure_2023
2023-11-16 18:59:49.284114+00:00,210,11,code,azure_2023
2023-11-16 18:59:49.284199+00:00,480,31,code,azure_2023
2023-11-16 18:59:49.486538+00:00,2088,13,code,azure_2023
2023-11-16 18:59:49.488821+00:00,54,10,code,azure_2023
2023-11-16 18:59:49.488890+00:00,86,29,code,azure_2023
2023-11-16 18:59:49.583494+00:00,7429,30,code,azure_2023
2023-11-16 18:59:49.584791+00:00,930,45,code,azure_2023
2023-11-16 18:59:49.584869+00:00,511,31,code,azure_2023
2023-11-16 18:59:49.682859+00:00,99,20,code,azure_2023
2023-11-16 18:59:49.686609+00:00,394,7,code,azure_2023
2023-11-16 18:59:49.783505+00:00,109,11,code,azure_2023
2023-11-16 18:59:49.882151+00:00,48,98,code,azure_2023
2023-11-16 18:59:49.887461+00:00,213,15,code,azure_2023
2023-11-16 18:59:49.888477+00:00,147,14,code,azure_2023
2023-11-16 18:59:58.134281+00:00,1398,13,code,azure_2023
2023-11-16 18:59:58.134647+00:00,1030,12,code,azure_2023
2023-11-16 18:59:58.136562+00:00,572,19,code,azure_2023
2023-11-16 18:59:58.136722+00:00,178,12,code,azure_2023
2023-11-16 18:59:58.137590+00:00,7436,15,code,azure_2023
2023-11-16 18:59:58.137740+00:00,2720,13,code,azure_2023
2023-11-16 18:59:58.140853+00:00,2976,7,code,azure_2023
2023-11-16 18:59:58.140932+00:00,430,71,code,azure_2023
2023-11-16 18:59:58.240659+00:00,3427,9,code,azure_2023
2023-11-16 18:59:58.243028+00:00,2535,7,code,azure_2023
2023-11-16 18:59:58.334078+00:00,2698,13,code,azure_2023
2023-11-16 18:59:58.336447+00:00,1028,9,code,azure_2023
2023-11-16 18:59:58.337360+00:00,4273,19,code,azure_2023
2023-11-16 18:59:58.342080+00:00,2348,71,code,azure_2023
2023-11-16 18:59:58.438624+00:00,3985,8,code,azure_2023
2023-11-16 18:59:58.439627+00:00,1570,62,code,azure_2023
2023-11-16 19:00:02.138876+00:00,1451,13,code,azure_2023
2023-11-16 19:00:02.336102+00:00,198,6,code,azure_2023
2023-11-16 19:00:02.344205+00:00,600,19,code,azure_2023
2023-11-16 19:00:02.438867+00:00,2698,7,code,azure_2023
2023-11-16 19:00:02.540760+00:00,2823,15,code,azure_2023
2023-11-16 19:00:02.739125+00:00,3631,6,code,azure_2023
2023-11-16 19:00:02.740202+00:00,1570,51,code,azure_2023
2023-11-16 19:00:04.045572+00:00,2250,10,code,azure_2023
2023-11-16 19:00:05.137138+00:00,1547,8,code,azure_2023
2023-11-16 19:00:05.339287+00:00,1023,35,code,azure_2023
2023-11-16 19:00:05.435901+00:00,1573,12,code,azure_2023
2023-11-16 19:00:05.437119+00:00,2257,11,code,azure_2023
2023-11-16 19:00:05.541013+00:00,177,8,code,azure_2023
2023-11-16 19:00:05.739275+00:00,1025,11,code,azure_2023
2023-11-16 19:00:05.762961+00:00,974,79,code,azure_2023
2023-11-16 19:00:05.798156+00:00,867,34,code,azure_2023
2023-11-16 19:00:06.061642+00:00,2276,470,code,azure_2023
2023-11-16 19:00:06.160969+00:00,975,22,code,azure_2023
2023-11-16 19:00:06.161169+00:00,1571,12,code,azure_2023
2023-11-16 19:00:06.260892+00:00,6125,13,code,azure_2023
2023-11-16 19:00:06.268357+00:00,1135,10,code,azure_2023
2023-11-16 19:00:06.361732+00:00,608,22,code,azure_2023
2023-11-16 19:00:06.461642+00:00,210,22,code,azure_2023
2023-11-16 19:00:06.860472+00:00,1827,25,code,azure_2023
2023-11-16 19:00:06.964515+00:00,359,7,code,azure_2023
2023-11-16 19:00:07.059696+00:00,19,43,code,azure_2023
2023-11-16 19:00:07.136587+00:00,3273,13,code,azure_2023
2023-11-16 19:00:07.259394+00:00,3720,15,code,azure_2023
2023-11-16 19:00:07.260883+00:00,976,77,code,azure_2023
2023-11-16 19:00:07.338946+00:00,2348,7,code,azure_2023
2023-11-16 19:00:07.359263+00:00,794,9,code,azure_2023
2023-11-16 19:00:07.434246+00:00,177,13,code,azure_2023
2023-11-16 19:00:07.536295+00:00,2205,7,code,azure_2023
2023-11-16 19:00:07.539980+00:00,1574,10,code,azure_2023
2023-11-16 19:00:07.640014+00:00,2679,61,code,azure_2023
2023-11-16 19:00:07.641919+00:00,1077,9,code,azure_2023
2023-11-16 19:00:07.736289+00:00,588,49,code,azure_2023
2023-11-16 19:00:07.736295+00:00,1169,35,code,azure_2023
2023-11-16 19:00:07.742940+00:00,180,7,code,azure_2023
2023-11-16 19:00:07.836236+00:00,1026,63,code,azure_2023
2023-11-16 19:00:07.840155+00:00,81,21,code,azure_2023
2023-11-16 19:00:07.840189+00:00,1829,9,code,azure_2023
2023-11-16 19:00:07.843413+00:00,431,184,code,azure_2023
2023-11-16 19:00:07.859907+00:00,4118,149,code,azure_2023
2023-11-16 19:00:07.865051+00:00,17,9,code,azure_2023
2023-11-16 19:00:07.934135+00:00,2825,11,code,azure_2023
2023-11-16 19:00:07.935980+00:00,1067,8,code,azure_2023
2023-11-16 19:00:07.936814+00:00,1547,8,code,azure_2023
2023-11-16 19:00:07.940045+00:00,1166,7,code,azure_2023
2023-11-16 19:00:07.940154+00:00,178,19,code,azure_2023
2023-11-16 19:00:07.941246+00:00,1173,35,code,azure_2023
2023-11-16 19:00:07.967300+00:00,1137,10,code,azure_2023
2023-11-16 19:00:08.040107+00:00,1908,36,code,azure_2023
2023-11-16 19:00:08.062848+00:00,5275,11,code,azure_2023
2023-11-16 19:00:08.136125+00:00,3192,9,code,azure_2023
2023-11-16 19:00:08.142466+00:00,1028,15,code,azure_2023
2023-11-16 19:00:08.142537+00:00,3140,6,code,azure_2023
2023-11-16 19:00:08.235493+00:00,181,6,code,azure_2023
2023-11-16 19:00:08.240398+00:00,3270,6,code,azure_2023
2023-11-16 19:00:08.259878+00:00,978,22,code,azure_2023
2023-11-16 19:00:08.335789+00:00,3141,9,code,azure_2023
2023-11-16 19:00:08.336791+00:00,181,6,code,azure_2023
2023-11-16 19:00:08.459165+00:00,6591,59,code,azure_2023
2023-11-16 19:00:08.583003+00:00,1571,19,code,azure_2023
2023-11-16 19:00:08.709560+00:00,2113,64,code,azure_2023
2023-11-16 19:00:08.760833+00:00,3985,8,code,azure_2023
2023-11-16 19:00:08.763388+00:00,797,6,code,azure_2023
2023-11-16 19:00:08.859811+00:00,4058,6,code,azure_2023
2023-11-16 19:00:09.062366+00:00,2176,12,code,azure_2023
2023-11-16 19:00:09.288042+00:00,1665,11,code,azure_2023
2023-11-16 19:00:09.292944+00:00,6127,22,code,azure_2023
2023-11-16 19:00:09.610349+00:00,2010,6,code,azure_2023
2023-11-16 19:00:09.636332+00:00,5668,11,code,azure_2023
2023-11-16 19:00:09.730744+00:00,796,7,code,azure_2023
2023-11-16 19:00:09.746290+00:00,5279,11,code,azure_2023
2023-11-16 19:00:09.883483+00:00,1055,9,code,azure_2023
2023-11-16 19:00:10.060127+00:00,2009,9,code,azure_2023
2023-11-16 19:00:10.060178+00:00,1031,8,code,azure_2023
2023-11-16 19:00:10.063546+00:00,3724,17,code,azure_2023
2023-11-16 19:00:10.063569+00:00,980,148,code,azure_2023
2023-11-16 19:00:10.240560+00:00,592,88,code,azure_2023
2023-11-16 19:00:10.402502+00:00,1057,43,code,azure_2023
2023-11-16 19:00:10.444613+00:00,1067,16,code,azure_2023
2023-11-16 19:00:10.444761+00:00,1584,21,code,azure_2023
2023-11-16 19:00:10.500223+00:00,59,16,code,azure_2023
2023-11-16 19:00:10.531376+00:00,131,18,code,azure_2023
2023-11-16 19:00:10.705297+00:00,4541,28,code,azure_2023
2023-11-16 19:00:11.059740+00:00,1841,23,code,azure_2023
2023-11-16 19:00:11.140912+00:00,110,11,code,azure_2023
2023-11-16 19:00:11.159615+00:00,58,13,code,azure_2023
2023-11-16 19:00:11.188796+00:00,3610,11,code,azure_2023
2023-11-16 19:00:11.239415+00:00,817,6,code,azure_2023
2023-11-16 19:00:11.334070+00:00,3539,26,code,azure_2023
2023-11-16 19:00:11.443941+00:00,4273,28,code,azure_2023
2023-11-16 19:00:11.444087+00:00,816,6,code,azure_2023
2023-11-16 19:00:11.510101+00:00,59,10,code,azure_2023
2023-11-16 19:00:11.595241+00:00,93,10,code,azure_2023
2023-11-16 19:00:11.661168+00:00,6596,9,code,azure_2023
2023-11-16 19:00:11.701322+00:00,1085,49,code,azure_2023
2023-11-16 19:00:11.788482+00:00,1058,12,code,azure_2023
2023-11-16 19:00:11.860179+00:00,1666,10,code,azure_2023
2023-11-16 19:00:11.863528+00:00,804,15,code,azure_2023
2023-11-16 19:00:11.863596+00:00,231,11,code,azure_2023
2023-11-16 19:00:11.866843+00:00,219,48,code,azure_2023
2023-11-16 19:00:12.040032+00:00,2725,17,code,azure_2023
2023-11-16 19:00:12.045758+00:00,1171,23,code,azure_2023
2023-11-16 19:00:12.045992+00:00,816,6,code,azure_2023
2023-11-16 19:00:12.072199+00:00,3612,9,code,azure_2023
2023-11-16 19:00:12.102562+00:00,58,20,code,azure_2023
2023-11-16 19:00:12.160941+00:00,95,13,code,azure_2023
2023-11-16 19:00:12.160952+00:00,862,94,code,azure_2023
2023-11-16 19:00:12.260478+00:00,6596,9,code,azure_2023
2023-11-16 19:00:12.436816+00:00,3345,9,code,azure_2023
2023-11-16 19:00:12.443593+00:00,3995,21,code,azure_2023
2023-11-16 19:00:12.445275+00:00,1069,46,code,azure_2023
2023-11-16 19:00:12.492357+00:00,2012,109,code,azure_2023
2023-11-16 19:00:12.660682+00:00,2115,247,code,azure_2023
2023-11-16 19:00:12.859030+00:00,6137,8,code,azure_2023
2023-11-16 19:00:12.861329+00:00,3160,16,code,azure_2023
2023-11-16 19:00:12.898444+00:00,1005,16,code,azure_2023
2023-11-16 19:00:13.037615+00:00,7436,133,code,azure_2023
2023-11-16 19:00:13.037879+00:00,2250,7,code,azure_2023
2023-11-16 19:00:13.044902+00:00,860,21,code,azure_2023
2023-11-16 19:00:13.120174+00:00,728,13,code,azure_2023
2023-11-16 19:00:13.138262+00:00,3333,7,code,azure_2023
2023-11-16 19:00:13.237195+00:00,1062,72,code,azure_2023
2023-11-16 19:00:13.239076+00:00,2354,8,code,azure_2023
2023-11-16 19:00:13.239176+00:00,1653,31,code,azure_2023
2023-11-16 19:00:13.241641+00:00,1832,20,code,azure_2023
2023-11-16 19:00:13.242624+00:00,7435,77,code,azure_2023
2023-11-16 19:00:13.341289+00:00,4574,34,code,azure_2023
2023-11-16 19:00:13.344881+00:00,4276,25,code,azure_2023
2023-11-16 19:00:13.435812+00:00,4713,9,code,azure_2023
2023-11-16 19:00:14.135630+00:00,964,40,code,azure_2023
2023-11-16 19:00:14.242992+00:00,2350,11,code,azure_2023
2023-11-16 19:00:14.343116+00:00,7436,28,code,azure_2023
2023-11-16 19:00:14.439248+00:00,962,52,code,azure_2023
2023-11-16 19:00:14.440569+00:00,3538,13,code,azure_2023
2023-11-16 19:00:14.440742+00:00,880,15,code,azure_2023
2023-11-16 19:00:14.537892+00:00,13,12,code,azure_2023
2023-11-16 19:00:14.544965+00:00,3537,11,code,azure_2023
2023-11-16 19:00:14.642316+00:00,608,19,code,azure_2023
2023-11-16 19:00:14.741916+00:00,1649,21,code,azure_2023
2023-11-16 19:00:14.835955+00:00,1908,32,code,azure_2023
2023-11-16 19:00:14.838083+00:00,7373,18,code,azure_2023
2023-11-16 19:00:14.841230+00:00,1590,11,code,azure_2023
2023-11-16 19:00:14.842473+00:00,3142,6,code,azure_2023
2023-11-16 19:00:14.936488+00:00,2386,14,code,azure_2023
2023-11-16 19:00:14.939125+00:00,592,16,code,azure_2023
2023-11-16 19:00:14.941366+00:00,3183,9,code,azure_2023
2023-11-16 19:00:14.942826+00:00,2958,86,code,azure_2023
2023-11-16 19:00:15.036660+00:00,6082,12,code,azure_2023
2023-11-16 19:00:15.041159+00:00,5975,66,code,azure_2023
2023-11-16 19:00:15.339882+00:00,4107,18,code,azure_2023
2023-11-16 19:00:15.537778+00:00,1734,8,code,azure_2023
2023-11-16 19:00:15.542950+00:00,2958,52,code,azure_2023
2023-11-16 19:00:15.641858+00:00,1186,12,code,azure_2023
2023-11-16 19:00:15.742070+00:00,4106,10,code,azure_2023
2023-11-16 19:00:15.742218+00:00,1649,12,code,azure_2023
2023-11-16 19:00:15.837202+00:00,1522,9,code,azure_2023
2023-11-16 19:00:15.837286+00:00,1547,11,code,azure_2023
2023-11-16 19:00:15.839633+00:00,2425,8,code,azure_2023
2023-11-16 19:00:15.841718+00:00,1592,7,code,azure_2023
2023-11-16 19:00:15.843612+00:00,2779,9,code,azure_2023
2023-11-16 19:00:15.843798+00:00,661,7,code,azure_2023
2023-11-16 19:00:15.844483+00:00,2823,9,code,azure_2023
2023-11-16 19:00:15.939640+00:00,2426,12,code,azure_2023
2023-11-16 19:00:15.940553+00:00,7436,7,code,azure_2023
2023-11-16 19:00:15.940592+00:00,1048,10,code,azure_2023
2023-11-16 19:00:15.942787+00:00,4107,12,code,azure_2023
2023-11-16 19:00:16.040214+00:00,2198,9,code,azure_2023
2023-11-16 19:00:16.235877+00:00,1911,91,code,azure_2023
2023-11-16 19:00:16.238708+00:00,63,21,code,azure_2023
2023-11-16 19:00:16.242137+00:00,1653,15,code,azure_2023
2023-11-16 19:00:16.243010+00:00,1761,8,code,azure_2023
2023-11-16 19:00:16.245446+00:00,2236,8,code,azure_2023
2023-11-16 19:00:16.245593+00:00,5974,8,code,azure_2023
2023-11-16 19:00:16.246465+00:00,2354,34,code,azure_2023
2023-11-16 19:00:16.338278+00:00,4106,10,code,azure_2023
2023-11-16 19:00:16.340592+00:00,1670,9,code,azure_2023
2023-11-16 19:00:16.341956+00:00,2758,6,code,azure_2023
2023-11-16 19:00:16.342188+00:00,962,9,code,azure_2023
2023-11-16 19:00:16.437744+00:00,1760,10,code,azure_2023
2023-11-16 19:00:16.439968+00:00,5985,16,code,azure_2023
2023-11-16 19:00:16.443114+00:00,1911,82,code,azure_2023
2023-11-16 19:00:16.540627+00:00,2423,10,code,azure_2023
2023-11-16 19:00:16.668686+00:00,594,16,code,azure_2023
2023-11-16 19:00:16.668898+00:00,105,10,code,azure_2023
2023-11-16 19:00:16.668975+00:00,7372,19,code,azure_2023
2023-11-16 19:00:16.671303+00:00,213,43,code,azure_2023
2023-11-16 19:00:16.674357+00:00,4154,30,code,azure_2023
2023-11-16 19:00:16.674545+00:00,2238,8,code,azure_2023
2023-11-16 19:00:16.740018+00:00,1680,9,code,azure_2023
2023-11-16 19:00:16.741960+00:00,1913,104,code,azure_2023
2023-11-16 19:00:16.836430+00:00,3337,6,code,azure_2023
2023-11-16 19:00:16.936697+00:00,1991,10,code,azure_2023
2023-11-16 19:00:17.034813+00:00,833,7,code,azure_2023
2023-11-16 19:00:17.136988+00:00,2356,7,code,azure_2023
2023-11-16 19:00:17.141976+00:00,3542,29,code,azure_2023
2023-11-16 19:00:17.234196+00:00,2732,48,code,azure_2023
2023-11-16 19:00:17.237860+00:00,594,139,code,azure_2023
2023-11-16 19:00:17.242092+00:00,1993,6,code,azure_2023
2023-11-16 19:00:17.340998+00:00,2736,14,code,azure_2023
2023-11-16 19:00:17.341943+00:00,2732,64,code,azure_2023
2023-11-16 19:00:17.442865+00:00,1177,8,code,azure_2023
2023-11-16 19:00:17.444855+00:00,709,19,code,azure_2023
2023-11-16 19:00:17.445651+00:00,583,13,code,azure_2023
2023-11-16 19:00:17.636799+00:00,90,42,code,azure_2023
2023-11-16 19:00:17.641217+00:00,5980,65,code,azure_2023
2023-11-16 19:00:17.642020+00:00,7436,28,code,azure_2023
2023-11-16 19:00:17.738381+00:00,3183,18,code,azure_2023
2023-11-16 19:00:17.738544+00:00,1179,6,code,azure_2023
2023-11-16 19:00:17.835303+00:00,582,15,code,azure_2023
2023-11-16 19:00:17.839918+00:00,3098,14,code,azure_2023
2023-11-16 19:00:17.839972+00:00,3548,9,code,azure_2023
2023-11-16 19:00:17.841052+00:00,22,6,code,azure_2023
2023-11-16 19:00:17.841850+00:00,2234,13,code,azure_2023
2023-11-16 19:00:17.843740+00:00,2358,33,code,azure_2023
2023-11-16 19:00:18.036976+00:00,1182,16,code,azure_2023
2023-11-16 19:00:18.038463+00:00,810,10,code,azure_2023
2023-11-16 19:00:18.038598+00:00,95,23,code,azure_2023
2023-11-16 19:00:18.039338+00:00,2439,6,code,azure_2023
2023-11-16 19:00:18.238795+00:00,286,8,code,azure_2023
2023-11-16 19:00:18.337095+00:00,3186,6,code,azure_2023
2023-11-16 19:00:18.340604+00:00,1911,24,code,azure_2023
2023-11-16 19:00:18.343200+00:00,1667,8,code,azure_2023
2023-11-16 19:00:18.343301+00:00,1734,16,code,azure_2023
2023-11-16 19:00:18.437136+00:00,1455,27,code,azure_2023
2023-11-16 19:00:18.441423+00:00,1184,10,code,azure_2023
2023-11-16 19:00:18.537108+00:00,3543,14,code,azure_2023
2023-11-16 19:00:18.539992+00:00,1915,139,code,azure_2023
2023-11-16 19:00:18.542556+00:00,3562,22,code,azure_2023
2023-11-16 19:00:18.636357+00:00,3333,60,code,azure_2023
2023-11-16 19:00:18.636460+00:00,1911,34,code,azure_2023
2023-11-16 19:00:18.640348+00:00,968,12,code,azure_2023
2023-11-16 19:00:18.737210+00:00,3335,8,code,azure_2023
2023-11-16 19:00:18.741584+00:00,811,8,code,azure_2023
2023-11-16 19:00:18.742756+00:00,2236,21,code,azure_2023
2023-11-16 19:00:18.743673+00:00,1008,6,code,azure_2023
2023-11-16 19:00:18.744641+00:00,1667,30,code,azure_2023
2023-11-16 19:00:18.837127+00:00,3336,7,code,azure_2023
2023-11-16 19:00:18.839265+00:00,658,6,code,azure_2023
2023-11-16 19:00:18.934165+00:00,617,26,code,azure_2023
2023-11-16 19:00:19.036242+00:00,4134,21,code,azure_2023
2023-11-16 19:00:19.037218+00:00,143,16,code,azure_2023
2023-11-16 19:00:19.042400+00:00,2427,7,code,azure_2023
2023-11-16 19:00:19.042464+00:00,3337,6,code,azure_2023
2023-11-16 19:00:19.235505+00:00,144,7,code,azure_2023
2023-11-16 19:00:19.646559+00:00,4154,30,code,azure_2023
2023-11-16 19:00:19.735521+00:00,2615,11,code,azure_2023
2023-11-16 19:00:19.738711+00:00,129,13,code,azure_2023
2023-11-16 19:00:19.840352+00:00,3789,20,code,azure_2023
2023-11-16 19:01:30.034096+00:00,2422,33,code,azure_2023
2023-11-16 19:01:30.243543+00:00,985,24,code,azure_2023
2023-11-16 19:01:30.482644+00:00,462,17,code,azure_2023
2023-11-16 19:01:30.535713+00:00,1161,37,code,azure_2023
2023-11-16 19:01:30.734226+00:00,136,15,code,azure_2023
2023-11-16 19:01:30.735720+00:00,2523,15,code,azure_2023
2023-11-16 19:01:30.840516+00:00,483,9,code,azure_2023
2023-11-16 19:01:30.848888+00:00,463,9,code,azure_2023
2023-11-16 19:01:31.236368+00:00,506,10,code,azure_2023
2023-11-16 19:01:31.334117+00:00,76,23,code,azure_2023
2023-11-16 19:01:31.337561+00:00,463,13,code,azure_2023
2023-11-16 19:01:31.440866+00:00,136,19,code,azure_2023
2023-11-16 19:01:31.536516+00:00,668,23,code,azure_2023
2023-11-16 19:01:32.136518+00:00,2074,7,code,azure_2023
2023-11-16 19:01:32.534141+00:00,2422,57,code,azure_2023
2023-11-16 19:01:32.734233+00:00,1174,37,code,azure_2023
2023-11-16 19:01:32.754469+00:00,2651,23,code,azure_2023
2023-11-16 19:01:32.935620+00:00,464,43,code,azure_2023
2023-11-16 19:01:32.937122+00:00,1193,9,code,azure_2023
2023-11-16 19:01:33.735371+00:00,137,13,code,azure_2023
2023-11-16 19:01:33.750923+00:00,991,9,code,azure_2023
2023-11-16 19:01:33.938073+00:00,2723,21,code,azure_2023
2023-11-16 19:01:34.235893+00:00,2416,11,code,azure_2023
2023-11-16 19:01:34.235992+00:00,1140,10,code,azure_2023
2023-11-16 19:01:34.334525+00:00,2490,10,code,azure_2023
2023-11-16 19:01:34.435794+00:00,7436,11,code,azure_2023
2023-11-16 19:01:34.443910+00:00,73,40,code,azure_2023
2023-11-16 19:01:34.534433+00:00,1192,7,code,azure_2023
2023-11-16 19:01:34.734287+00:00,1294,7,code,azure_2023
2023-11-16 19:01:34.819417+00:00,138,18,code,azure_2023
2023-11-16 19:01:34.852618+00:00,464,75,code,azure_2023
2023-11-16 19:01:34.935167+00:00,7436,6,code,azure_2023
2023-11-16 19:01:35.600817+00:00,1302,28,code,azure_2023
2023-11-16 19:01:35.754147+00:00,2490,11,code,azure_2023
2023-11-16 19:01:35.836578+00:00,1455,18,code,azure_2023
2023-11-16 19:01:36.134180+00:00,138,21,code,azure_2023
2023-11-16 19:01:36.264158+00:00,3511,13,code,azure_2023
2023-11-16 19:01:36.336423+00:00,875,11,code,azure_2023
2023-11-16 19:01:36.834105+00:00,2238,11,code,azure_2023
2023-11-16 19:01:37.238229+00:00,2168,13,code,azure_2023
2023-11-16 19:01:37.435401+00:00,2840,14,code,azure_2023
2023-11-16 19:01:37.435511+00:00,7436,43,code,azure_2023
2023-11-16 19:01:37.565436+00:00,1184,18,code,azure_2023
2023-11-16 19:01:37.756451+00:00,2877,9,code,azure_2023
2023-11-16 19:01:37.834659+00:00,140,20,code,azure_2023
2023-11-16 19:01:37.835279+00:00,2527,10,code,azure_2023
2023-11-16 19:01:37.940244+00:00,2492,6,code,azure_2023
2023-11-16 19:01:38.076480+00:00,2241,9,code,azure_2023
2023-11-16 19:01:38.775434+00:00,622,73,code,azure_2023
2023-11-16 19:01:38.956755+00:00,7436,13,code,azure_2023
2023-11-16 19:01:39.009525+00:00,684,9,code,azure_2023
2023-11-16 19:01:39.394442+00:00,854,12,code,azure_2023
2023-11-16 19:01:39.510546+00:00,501,35,code,azure_2023
2023-11-16 19:01:39.634372+00:00,7436,11,code,azure_2023
2023-11-16 19:01:39.644173+00:00,7436,7,code,azure_2023
2023-11-16 19:01:39.750260+00:00,1425,8,code,azure_2023
2023-11-16 19:01:39.834378+00:00,3432,43,code,azure_2023
2023-11-16 19:01:40.020551+00:00,3643,32,code,azure_2023
2023-11-16 19:01:40.443369+00:00,1373,52,code,azure_2023
2023-11-16 19:01:40.575559+00:00,7436,34,code,azure_2023
2023-11-16 19:01:40.636269+00:00,12,8,code,azure_2023
2023-11-16 19:01:40.737237+00:00,2425,8,code,azure_2023
2023-11-16 19:01:40.942402+00:00,1373,18,code,azure_2023
2023-11-16 19:01:41.037908+00:00,1387,14,code,azure_2023
2023-11-16 19:01:41.349462+00:00,1175,7,code,azure_2023
2023-11-16 19:01:41.436116+00:00,7435,14,code,azure_2023
2023-11-16 19:01:41.436194+00:00,76,393,code,azure_2023
2023-11-16 19:01:41.436255+00:00,2494,10,code,azure_2023
2023-11-16 19:01:41.538977+00:00,859,17,code,azure_2023
2023-11-16 19:01:41.634194+00:00,7435,43,code,azure_2023
2023-11-16 19:01:41.634413+00:00,1375,40,code,azure_2023
2023-11-16 19:01:42.062107+00:00,48,13,code,azure_2023
2023-11-16 19:01:42.176690+00:00,1375,46,code,azure_2023
2023-11-16 19:01:42.436717+00:00,693,87,code,azure_2023
2023-11-16 19:01:42.443786+00:00,2427,11,code,azure_2023
2023-11-16 19:01:42.452471+00:00,2245,6,code,azure_2023
2023-11-16 19:01:42.737043+00:00,15,16,code,azure_2023
2023-11-16 19:01:43.040502+00:00,1375,20,code,azure_2023
2023-11-16 19:01:43.040720+00:00,7436,127,code,azure_2023
2023-11-16 19:01:43.044576+00:00,7436,9,code,azure_2023
2023-11-16 19:01:43.237609+00:00,1181,37,code,azure_2023
2023-11-16 19:01:43.237875+00:00,2428,13,code,azure_2023
2023-11-16 19:01:43.237882+00:00,978,39,code,azure_2023
2023-11-16 19:01:43.240456+00:00,172,6,code,azure_2023
2023-11-16 19:01:43.434277+00:00,50,15,code,azure_2023
2023-11-16 19:01:43.537548+00:00,1066,12,code,azure_2023
2023-11-16 19:01:43.635433+00:00,7436,15,code,azure_2023
2023-11-16 19:01:43.635440+00:00,143,12,code,azure_2023
2023-11-16 19:01:43.635588+00:00,16,7,code,azure_2023
2023-11-16 19:01:43.636184+00:00,862,14,code,azure_2023
2023-11-16 19:01:43.936941+00:00,1772,7,code,azure_2023
2023-11-16 19:01:44.041394+00:00,978,52,code,azure_2023
2023-11-16 19:01:44.234165+00:00,4757,7,code,azure_2023
2023-11-16 19:01:44.558146+00:00,862,13,code,azure_2023
2023-11-16 19:01:44.954245+00:00,1450,25,code,azure_2023
2023-11-16 19:01:45.034084+00:00,4759,12,code,azure_2023
2023-11-16 19:01:45.234180+00:00,1376,8,code,azure_2023
2023-11-16 19:01:45.250900+00:00,7436,8,code,azure_2023
2023-11-16 19:01:45.281821+00:00,16,16,code,azure_2023
2023-11-16 19:04:33.690628+00:00,919,6,code,azure_2023
2023-11-16 19:04:33.824489+00:00,1189,160,code,azure_2023
2023-11-16 19:04:33.920762+00:00,1172,31,code,azure_2023
2023-11-16 19:04:34.389019+00:00,1384,50,code,azure_2023
2023-11-16 19:04:34.588185+00:00,6187,9,code,azure_2023
2023-11-16 19:04:34.698129+00:00,830,12,code,azure_2023
2023-11-16 19:04:34.743481+00:00,2411,9,code,azure_2023
2023-11-16 19:04:34.966184+00:00,275,13,code,azure_2023
2023-11-16 19:04:35.675628+00:00,852,8,code,azure_2023
2023-11-16 19:04:36.059640+00:00,271,16,code,azure_2023
2023-11-16 19:04:36.191189+00:00,332,64,code,azure_2023
2023-11-16 19:04:36.259242+00:00,3705,6,code,azure_2023
2023-11-16 19:04:36.359100+00:00,7435,19,code,azure_2023
2023-11-16 19:04:36.360528+00:00,968,19,code,azure_2023
2023-11-16 19:04:36.760521+00:00,887,16,code,azure_2023
2023-11-16 19:04:36.764011+00:00,4123,25,code,azure_2023
2023-11-16 19:04:36.858810+00:00,3251,12,code,azure_2023
2023-11-16 19:04:36.959505+00:00,1448,12,code,azure_2023
2023-11-16 19:04:37.292752+00:00,7,8,code,azure_2023
2023-11-16 19:04:37.501813+00:00,6557,14,code,azure_2023
2023-11-16 19:04:37.590900+00:00,1389,7,code,azure_2023
2023-11-16 19:04:37.705901+00:00,272,17,code,azure_2023
2023-11-16 19:04:38.061775+00:00,1598,239,code,azure_2023
2023-11-16 19:04:38.259519+00:00,3254,9,code,azure_2023
2023-11-16 19:04:38.260882+00:00,1537,9,code,azure_2023
2023-11-16 19:04:38.260993+00:00,4127,7,code,azure_2023
2023-11-16 19:04:38.309156+00:00,1500,8,code,azure_2023
2023-11-16 19:04:38.694076+00:00,915,6,code,azure_2023
2023-11-16 19:04:38.971305+00:00,1391,44,code,azure_2023
2023-11-16 19:04:39.022371+00:00,4126,10,code,azure_2023
2023-11-16 19:04:39.317908+00:00,3251,11,code,azure_2023
2023-11-16 19:04:39.801445+00:00,3252,16,code,azure_2023
2023-11-16 19:08:16.970397+00:00,1770,11,code,azure_2023
2023-11-16 19:08:17.061842+00:00,1301,19,code,azure_2023
2023-11-16 19:08:17.063934+00:00,842,36,code,azure_2023
2023-11-16 19:08:17.263719+00:00,3707,7,code,azure_2023
2023-11-16 19:08:17.264983+00:00,1031,9,code,azure_2023
2023-11-16 19:08:18.065495+00:00,728,24,code,azure_2023
2023-11-16 19:08:18.159051+00:00,1301,22,code,azure_2023
2023-11-16 19:08:18.159310+00:00,2984,19,code,azure_2023
2023-11-16 19:08:18.165927+00:00,2265,18,code,azure_2023
2023-11-16 19:08:20.160617+00:00,566,15,code,azure_2023
2023-11-16 19:08:20.262482+00:00,1105,28,code,azure_2023
2023-11-16 19:08:20.362480+00:00,1027,9,code,azure_2023
2023-11-16 19:08:20.362493+00:00,193,9,code,azure_2023
2023-11-16 19:08:20.362666+00:00,2744,8,code,azure_2023
2023-11-16 19:08:20.364715+00:00,652,14,code,azure_2023
2023-11-16 19:08:20.464986+00:00,6171,13,code,azure_2023
2023-11-16 19:08:20.658708+00:00,1100,24,code,azure_2023
2023-11-16 19:08:20.965705+00:00,3709,12,code,azure_2023
2023-11-16 19:08:20.966914+00:00,568,16,code,azure_2023
2023-11-16 19:08:21.065438+00:00,1301,73,code,azure_2023
2023-11-16 19:08:21.065474+00:00,2265,36,code,azure_2023
2023-11-16 19:08:21.971106+00:00,2912,10,code,azure_2023
2023-11-16 19:08:21.971200+00:00,51,10,code,azure_2023
2023-11-16 19:08:21.972384+00:00,2912,10,code,azure_2023
2023-11-16 19:08:22.064679+00:00,713,9,code,azure_2023
2023-11-16 19:08:22.159192+00:00,2437,14,code,azure_2023
2023-11-16 19:08:22.165532+00:00,7436,7,code,azure_2023
2023-11-16 19:08:22.165831+00:00,7420,19,code,azure_2023
2023-11-16 19:08:22.264144+00:00,3707,9,code,azure_2023
2023-11-16 19:08:22.264215+00:00,2743,9,code,azure_2023
2023-11-16 19:08:22.264222+00:00,483,9,code,azure_2023
2023-11-16 19:08:22.266039+00:00,7436,38,code,azure_2023
2023-11-16 19:08:22.364842+00:00,222,15,code,azure_2023
2023-11-16 19:08:22.366793+00:00,1303,19,code,azure_2023
2023-11-16 19:08:22.565075+00:00,1066,38,code,azure_2023
2023-11-16 19:08:22.759834+00:00,1435,64,code,azure_2023
2023-11-16 19:08:22.760934+00:00,51,55,code,azure_2023
2023-11-16 19:08:22.761061+00:00,2750,70,code,azure_2023
2023-11-16 19:08:22.762054+00:00,482,8,code,azure_2023
2023-11-16 19:08:22.864144+00:00,2743,6,code,azure_2023
2023-11-16 19:08:22.865254+00:00,2340,21,code,azure_2023
2023-11-16 19:08:22.968566+00:00,194,11,code,azure_2023
2023-11-16 19:08:23.160264+00:00,484,9,code,azure_2023
2023-11-16 19:08:23.259946+00:00,3709,6,code,azure_2023
2023-11-16 19:08:23.265912+00:00,1475,12,code,azure_2023
2023-11-16 19:08:23.268119+00:00,220,16,code,azure_2023
2023-11-16 19:08:23.364300+00:00,1303,19,code,azure_2023
2023-11-16 19:08:23.368499+00:00,7436,34,code,azure_2023
2023-11-16 19:08:23.459763+00:00,6441,21,code,azure_2023
2023-11-16 19:08:23.459948+00:00,52,12,code,azure_2023
2023-11-16 19:08:24.963764+00:00,1147,6,code,azure_2023
2023-11-16 19:08:26.972603+00:00,2342,9,code,azure_2023
2023-11-16 19:08:27.159348+00:00,1392,10,code,azure_2023
2023-11-16 19:08:27.159549+00:00,524,159,code,azure_2023
2023-11-16 19:08:27.162962+00:00,2864,15,code,azure_2023
2023-11-16 19:08:27.262702+00:00,1431,172,code,azure_2023
2023-11-16 19:08:27.262725+00:00,6441,7,code,azure_2023
2023-11-16 19:08:27.262784+00:00,7435,9,code,azure_2023
2023-11-16 19:08:28.166789+00:00,2746,7,code,azure_2023
2023-11-16 19:08:28.266391+00:00,7436,7,code,azure_2023
2023-11-16 19:08:28.266554+00:00,3710,9,code,azure_2023
2023-11-16 19:08:28.267572+00:00,7428,12,code,azure_2023
2023-11-16 19:08:28.468261+00:00,1475,11,code,azure_2023
2023-11-16 19:08:28.468414+00:00,3043,9,code,azure_2023
2023-11-16 19:08:28.468563+00:00,6439,16,code,azure_2023
2023-11-16 19:08:28.563411+00:00,54,24,code,azure_2023
2023-11-16 19:08:28.565257+00:00,1394,10,code,azure_2023
2023-11-16 19:08:28.659024+00:00,523,13,code,azure_2023
2023-11-16 19:08:28.662208+00:00,1392,10,code,azure_2023
2023-11-16 19:08:28.662449+00:00,2745,7,code,azure_2023
2023-11-16 19:08:28.664235+00:00,2255,13,code,azure_2023
2023-11-16 19:08:28.664242+00:00,1101,23,code,azure_2023
2023-11-16 19:08:28.760146+00:00,570,28,code,azure_2023
2023-11-16 19:08:28.760234+00:00,1147,6,code,azure_2023
2023-11-16 19:08:28.764160+00:00,1443,16,code,azure_2023
2023-11-16 19:08:28.764236+00:00,1001,8,code,azure_2023
2023-11-16 19:08:28.958570+00:00,1443,33,code,azure_2023
2023-11-16 19:08:28.968523+00:00,514,116,code,azure_2023
2023-11-16 19:08:29.066697+00:00,1054,36,code,azure_2023
2023-11-16 19:08:29.258563+00:00,1306,18,code,azure_2023
2023-11-16 19:08:29.264642+00:00,639,9,code,azure_2023
2023-11-16 19:08:29.266895+00:00,33,128,code,azure_2023
2023-11-16 19:08:29.358558+00:00,2747,9,code,azure_2023
2023-11-16 19:08:29.367515+00:00,7436,6,code,azure_2023
2023-11-16 19:08:29.465053+00:00,33,13,code,azure_2023
2023-11-16 19:08:29.466306+00:00,449,30,code,azure_2023
2023-11-16 19:08:29.563440+00:00,2560,11,code,azure_2023
2023-11-16 19:08:29.565015+00:00,1445,52,code,azure_2023
2023-11-16 19:08:29.566869+00:00,2462,121,code,azure_2023
2023-11-16 19:08:29.569101+00:00,33,69,code,azure_2023
2023-11-16 19:08:29.662336+00:00,2918,158,code,azure_2023
2023-11-16 19:08:29.667365+00:00,1001,6,code,azure_2023
2023-11-16 19:08:29.758698+00:00,186,102,code,azure_2023
2023-11-16 19:08:29.863152+00:00,3718,29,code,azure_2023
2023-11-16 19:08:29.866195+00:00,1098,21,code,azure_2023
2023-11-16 19:08:29.868887+00:00,7435,6,code,azure_2023
2023-11-16 19:08:29.959194+00:00,1277,12,code,azure_2023
2023-11-16 19:09:15.878956+00:00,564,7,code,azure_2023
2023-11-16 19:09:15.937673+00:00,4306,9,code,azure_2023
2023-11-16 19:09:19.626184+00:00,3182,8,code,azure_2023
2023-11-16 19:09:19.732037+00:00,3925,7,code,azure_2023
2023-11-16 19:09:19.732836+00:00,3577,162,code,azure_2023
2023-11-16 19:09:20.027760+00:00,3217,53,code,azure_2023
2023-11-16 19:09:20.030772+00:00,580,61,code,azure_2023
2023-11-16 19:09:20.033144+00:00,1860,13,code,azure_2023
2023-11-16 19:09:20.538825+00:00,549,11,code,azure_2023
2023-11-16 19:09:20.628558+00:00,1546,12,code,azure_2023
2023-11-16 19:09:20.631870+00:00,3925,7,code,azure_2023
2023-11-16 19:09:20.632467+00:00,4348,18,code,azure_2023
2023-11-16 19:09:20.726184+00:00,4267,9,code,azure_2023
2023-11-16 19:09:20.825609+00:00,2423,17,code,azure_2023
2023-11-16 19:09:22.535651+00:00,3926,14,code,azure_2023
2023-11-16 19:09:22.630500+00:00,4356,15,code,azure_2023
2023-11-16 19:09:22.631096+00:00,1328,6,code,azure_2023
2023-11-16 19:09:22.732013+00:00,768,8,code,azure_2023
2023-11-16 19:09:22.829308+00:00,2847,9,code,azure_2023
2023-11-16 19:09:23.632024+00:00,2426,6,code,azure_2023
2023-11-16 19:09:23.632030+00:00,3103,9,code,azure_2023
2023-11-16 19:09:23.638064+00:00,4388,6,code,azure_2023
2023-11-16 19:09:23.728672+00:00,428,9,code,azure_2023
2023-11-16 19:09:23.729773+00:00,6358,12,code,azure_2023
2023-11-16 19:09:23.733716+00:00,7436,20,code,azure_2023
2023-11-16 19:09:23.828685+00:00,2426,20,code,azure_2023
2023-11-16 19:09:23.829440+00:00,3216,11,code,azure_2023
2023-11-16 19:09:23.830369+00:00,6759,7,code,azure_2023
2023-11-16 19:09:24.630996+00:00,4065,54,code,azure_2023
2023-11-16 19:09:24.827051+00:00,1474,64,code,azure_2023
2023-11-16 19:09:24.934293+00:00,4268,11,code,azure_2023
2023-11-16 19:09:25.033711+00:00,1548,13,code,azure_2023
2023-11-16 19:09:25.033997+00:00,3928,14,code,azure_2023
2023-11-16 19:09:25.128741+00:00,861,21,code,azure_2023
2023-11-16 19:09:25.229991+00:00,3244,8,code,azure_2023
2023-11-16 19:09:25.233744+00:00,2434,26,code,azure_2023
2023-11-16 19:09:25.426902+00:00,3183,15,code,azure_2023
2023-11-16 19:09:25.526768+00:00,3248,7,code,azure_2023
2023-11-16 19:09:25.630863+00:00,861,31,code,azure_2023
2023-11-16 19:09:25.728771+00:00,3087,10,code,azure_2023
2023-11-16 19:09:25.733012+00:00,429,132,code,azure_2023
2023-11-16 19:09:25.832873+00:00,4267,10,code,azure_2023
2023-11-16 19:09:25.925530+00:00,6761,6,code,azure_2023
2023-11-16 19:09:26.225754+00:00,3183,6,code,azure_2023
2023-11-16 19:09:26.327867+00:00,25,8,code,azure_2023
2023-11-16 19:09:26.328549+00:00,1667,6,code,azure_2023
2023-11-16 19:09:26.431955+00:00,2167,219,code,azure_2023
2023-11-16 19:09:26.927799+00:00,24,9,code,azure_2023
2023-11-16 19:09:27.325569+00:00,740,11,code,azure_2023
2023-11-16 19:09:27.425811+00:00,274,22,code,azure_2023
2023-11-16 19:09:27.428016+00:00,1664,9,code,azure_2023
2023-11-16 19:09:27.626311+00:00,4267,10,code,azure_2023
2023-11-16 19:09:27.927245+00:00,2438,14,code,azure_2023
2023-11-16 19:09:27.965930+00:00,2252,19,code,azure_2023
2023-11-16 19:09:27.965958+00:00,1848,20,code,azure_2023
2023-11-16 19:09:28.159768+00:00,437,26,code,azure_2023
2023-11-16 19:09:28.175527+00:00,3113,17,code,azure_2023
2023-11-16 19:09:28.227143+00:00,4268,19,code,azure_2023
2023-11-16 19:09:28.354907+00:00,1664,9,code,azure_2023
2023-11-16 19:09:28.479757+00:00,1609,8,code,azure_2023
2023-11-16 19:09:28.683955+00:00,1539,9,code,azure_2023
2023-11-16 19:09:28.725435+00:00,1225,45,code,azure_2023
2023-11-16 19:09:28.734063+00:00,438,20,code,azure_2023
2023-11-16 19:09:28.852043+00:00,2434,13,code,azure_2023
2023-11-16 19:09:29.225468+00:00,55,6,code,azure_2023
2023-11-16 19:09:29.326362+00:00,1664,7,code,azure_2023
2023-11-16 19:09:29.361248+00:00,1470,150,code,azure_2023
2023-11-16 19:09:29.581860+00:00,2650,9,code,azure_2023
2023-11-16 19:09:29.753410+00:00,7435,8,code,azure_2023
2023-11-16 19:09:29.861829+00:00,1366,22,code,azure_2023
2023-11-16 19:09:29.863719+00:00,204,12,code,azure_2023
2023-11-16 19:09:29.863772+00:00,437,9,code,azure_2023
2023-11-16 19:09:29.865287+00:00,2290,9,code,azure_2023
2023-11-16 19:09:29.891876+00:00,1525,8,code,azure_2023
2023-11-16 19:09:29.978067+00:00,23,49,code,azure_2023
2023-11-16 19:09:30.059735+00:00,2971,7,code,azure_2023
2023-11-16 19:09:30.062148+00:00,1847,12,code,azure_2023
2023-11-16 19:09:30.159419+00:00,2900,17,code,azure_2023
2023-11-16 19:09:30.161669+00:00,1217,12,code,azure_2023
2023-11-16 19:09:30.161810+00:00,6175,8,code,azure_2023
2023-11-16 19:09:30.182261+00:00,925,6,code,azure_2023
2023-11-16 19:09:30.259764+00:00,2290,9,code,azure_2023
2023-11-16 19:09:30.359236+00:00,1564,7,code,azure_2023
2023-11-16 19:09:30.361465+00:00,1472,45,code,azure_2023
2023-11-16 19:09:30.362293+00:00,7211,30,code,azure_2023
2023-11-16 19:09:30.466434+00:00,194,22,code,azure_2023
2023-11-16 19:09:30.660589+00:00,732,12,code,azure_2023
2023-11-16 19:09:30.862676+00:00,7436,8,code,azure_2023
2023-11-16 19:09:30.862762+00:00,1564,7,code,azure_2023
2023-11-16 19:09:30.881643+00:00,1369,12,code,azure_2023
2023-11-16 19:09:30.959480+00:00,1542,6,code,azure_2023
2023-11-16 19:09:30.959686+00:00,964,9,code,azure_2023
2023-11-16 19:09:31.062230+00:00,926,16,code,azure_2023
2023-11-16 19:09:31.064817+00:00,1847,16,code,azure_2023
2023-11-16 19:09:31.171708+00:00,1217,12,code,azure_2023
2023-11-16 19:09:31.258691+00:00,1119,25,code,azure_2023
2023-11-16 19:09:31.262772+00:00,2291,12,code,azure_2023
2023-11-16 19:09:31.459110+00:00,1564,6,code,azure_2023
2023-11-16 19:09:31.461546+00:00,1371,13,code,azure_2023
2023-11-16 19:09:31.477597+00:00,7212,6,code,azure_2023
2023-11-16 19:09:31.758985+00:00,2291,13,code,azure_2023
2023-11-16 19:09:31.959530+00:00,1020,10,code,azure_2023
2023-11-16 19:09:31.969304+00:00,1850,6,code,azure_2023
2023-11-16 19:09:32.064344+00:00,734,11,code,azure_2023
2023-11-16 19:09:32.359054+00:00,1021,13,code,azure_2023
2023-11-16 19:09:32.459335+00:00,7436,20,code,azure_2023
2023-11-16 19:09:40.342364+00:00,2922,20,code,azure_2023
2023-11-16 19:09:40.410561+00:00,4400,119,code,azure_2023
2023-11-16 19:09:40.530145+00:00,717,9,code,azure_2023
2023-11-16 19:09:40.831661+00:00,1193,9,code,azure_2023
2023-11-16 19:09:41.182556+00:00,2922,14,code,azure_2023
2023-11-16 19:09:41.560926+00:00,258,32,code,azure_2023
2023-11-16 19:09:41.625540+00:00,258,315,code,azure_2023
2023-11-16 19:09:41.827082+00:00,258,8,code,azure_2023
2023-11-16 19:09:41.940861+00:00,36,25,code,azure_2023
2023-11-16 19:09:41.951237+00:00,5140,9,code,azure_2023
2023-11-16 19:09:42.125694+00:00,2794,13,code,azure_2023
2023-11-16 19:09:42.129163+00:00,3336,11,code,azure_2023
2023-11-16 19:09:42.176736+00:00,3276,13,code,azure_2023
2023-11-16 19:09:42.225563+00:00,258,24,code,azure_2023
2023-11-16 19:09:42.511343+00:00,259,16,code,azure_2023
2023-11-16 19:09:43.113230+00:00,3419,7,code,azure_2023
2023-11-16 19:09:43.243300+00:00,272,11,code,azure_2023
2023-11-16 19:09:43.449115+00:00,260,79,code,azure_2023
2023-11-16 19:09:43.825509+00:00,725,12,code,azure_2023
2023-11-16 19:09:43.926540+00:00,5140,9,code,azure_2023
2023-11-16 19:09:44.027595+00:00,1195,7,code,azure_2023
2023-11-16 19:09:44.226036+00:00,260,22,code,azure_2023
2023-11-16 19:09:44.407079+00:00,3031,40,code,azure_2023
2023-11-16 19:09:44.560238+00:00,1692,17,code,azure_2023
2023-11-16 19:09:45.459472+00:00,1549,23,code,azure_2023
2023-11-16 19:09:45.625549+00:00,2677,27,code,azure_2023
2023-11-16 19:09:45.742717+00:00,260,129,code,azure_2023
2023-11-16 19:09:46.258269+00:00,261,13,code,azure_2023
2023-11-16 19:09:46.625436+00:00,942,15,code,azure_2023
2023-11-16 19:09:46.777611+00:00,1906,13,code,azure_2023
2023-11-16 19:09:46.925922+00:00,1862,49,code,azure_2023
2023-11-16 19:09:47.415016+00:00,261,31,code,azure_2023
2023-11-16 19:09:47.928344+00:00,197,11,code,azure_2023
2023-11-16 19:09:47.980117+00:00,281,69,code,azure_2023
2023-11-16 19:09:48.125470+00:00,3421,6,code,azure_2023
2023-11-16 19:09:48.226961+00:00,197,7,code,azure_2023
2023-11-16 19:09:48.228516+00:00,261,64,code,azure_2023
2023-11-16 19:09:48.571329+00:00,2443,25,code,azure_2023
2023-11-16 19:09:49.639525+00:00,2880,10,code,azure_2023
2023-11-16 19:09:49.825504+00:00,1550,23,code,azure_2023
2023-11-16 19:09:51.340505+00:00,5778,8,code,azure_2023
2023-11-16 19:09:51.340533+00:00,431,12,code,azure_2023
2023-11-16 19:09:51.738859+00:00,19,12,code,azure_2023
2023-11-16 19:09:51.739996+00:00,3771,10,code,azure_2023
2023-11-16 19:09:51.935835+00:00,3461,33,code,azure_2023
2023-11-16 19:09:51.938497+00:00,7425,31,code,azure_2023
2023-11-16 19:09:52.039314+00:00,291,8,code,azure_2023
2023-11-16 19:09:52.138249+00:00,261,7,code,azure_2023
2023-11-16 19:09:52.138329+00:00,77,15,code,azure_2023
2023-11-16 19:09:52.139935+00:00,1305,11,code,azure_2023
2023-11-16 19:09:52.337510+00:00,869,341,code,azure_2023
2023-11-16 19:09:52.440246+00:00,3461,49,code,azure_2023
2023-11-16 19:09:52.636382+00:00,1306,11,code,azure_2023
2023-11-16 19:09:52.741764+00:00,1305,12,code,azure_2023
2023-11-16 19:09:52.741777+00:00,261,9,code,azure_2023
2023-11-16 19:09:52.742782+00:00,2939,26,code,azure_2023
2023-11-16 19:09:53.043066+00:00,53,12,code,azure_2023
2023-11-16 19:09:53.241974+00:00,179,12,code,azure_2023
2023-11-16 19:09:53.242248+00:00,2648,6,code,azure_2023
2023-11-16 19:09:53.434900+00:00,1799,27,code,azure_2023
2023-11-16 19:09:53.539024+00:00,261,29,code,azure_2023
2023-11-16 19:09:53.540074+00:00,256,51,code,azure_2023
2023-11-16 19:09:53.636543+00:00,1997,12,code,azure_2023
2023-11-16 19:09:53.741547+00:00,613,6,code,azure_2023
2023-11-16 19:09:53.741713+00:00,2799,9,code,azure_2023
2023-11-16 19:09:53.742557+00:00,2360,14,code,azure_2023
2023-11-16 19:09:53.838344+00:00,179,6,code,azure_2023
2023-11-16 19:09:53.838458+00:00,262,8,code,azure_2023
2023-11-16 19:09:53.839527+00:00,7436,57,code,azure_2023
2023-11-16 19:09:53.934357+00:00,2951,13,code,azure_2023
2023-11-16 19:09:53.934563+00:00,2974,8,code,azure_2023
2023-11-16 19:09:53.938851+00:00,1306,8,code,azure_2023
2023-11-16 19:09:53.939936+00:00,1305,11,code,azure_2023
2023-11-16 19:09:53.940821+00:00,112,46,code,azure_2023
2023-11-16 19:09:53.946637+00:00,2361,7,code,azure_2023
2023-11-16 19:09:54.140151+00:00,179,12,code,azure_2023
2023-11-16 19:09:54.240427+00:00,5932,46,code,azure_2023
2023-11-16 19:09:54.242525+00:00,6397,45,code,azure_2023
2023-11-16 19:09:54.334437+00:00,1999,48,code,azure_2023
2023-11-16 19:09:54.339011+00:00,260,7,code,azure_2023
2023-11-16 19:09:54.340127+00:00,20,35,code,azure_2023
2023-11-16 19:09:54.434453+00:00,1252,25,code,azure_2023
2023-11-16 19:09:54.435602+00:00,1165,42,code,azure_2023
2023-11-16 19:09:54.440238+00:00,180,20,code,azure_2023
2023-11-16 19:09:54.442443+00:00,1802,32,code,azure_2023
2023-11-16 19:09:54.443408+00:00,6397,10,code,azure_2023
2023-11-16 19:09:54.445710+00:00,2362,12,code,azure_2023
2023-11-16 19:09:54.539864+00:00,244,30,code,azure_2023
2023-11-16 19:09:54.737428+00:00,7435,101,code,azure_2023
2023-11-16 19:09:54.739555+00:00,3780,9,code,azure_2023
2023-11-16 19:09:54.740414+00:00,2546,9,code,azure_2023
2023-11-16 19:09:54.842808+00:00,1254,23,code,azure_2023
2023-11-16 19:09:54.844651+00:00,544,14,code,azure_2023
2023-11-16 19:09:54.934381+00:00,3309,26,code,azure_2023
2023-11-16 19:09:54.940397+00:00,3435,82,code,azure_2023
2023-11-16 19:09:54.940481+00:00,1255,23,code,azure_2023
2023-11-16 19:09:55.035024+00:00,995,118,code,azure_2023
2023-11-16 19:09:55.035838+00:00,6397,14,code,azure_2023
2023-11-16 19:09:55.041047+00:00,2625,17,code,azure_2023
2023-11-16 19:09:55.239462+00:00,543,24,code,azure_2023
2023-11-16 19:09:55.241529+00:00,4474,10,code,azure_2023
2023-11-16 19:09:55.334660+00:00,3309,22,code,azure_2023
2023-11-16 19:09:55.436637+00:00,2951,21,code,azure_2023
2023-11-16 19:09:55.441956+00:00,6397,10,code,azure_2023
2023-11-16 19:09:55.536526+00:00,1330,9,code,azure_2023
2023-11-16 19:09:55.537376+00:00,536,172,code,azure_2023
2023-11-16 19:10:40.140626+00:00,826,97,code,azure_2023
2023-11-16 19:10:40.168043+00:00,7434,23,code,azure_2023
2023-11-16 19:10:40.295614+00:00,512,8,code,azure_2023
2023-11-16 19:10:40.425560+00:00,2156,31,code,azure_2023
2023-11-16 19:10:40.858791+00:00,4381,9,code,azure_2023
2023-11-16 19:10:40.872735+00:00,1783,43,code,azure_2023
2023-11-16 19:10:40.966012+00:00,3279,8,code,azure_2023
2023-11-16 19:10:41.025598+00:00,2051,12,code,azure_2023
2023-11-16 19:10:41.162554+00:00,7436,21,code,azure_2023
2023-11-16 19:10:41.233126+00:00,3430,11,code,azure_2023
2023-11-16 19:10:41.326794+00:00,7436,27,code,azure_2023
2023-11-16 19:10:41.372695+00:00,7434,46,code,azure_2023
2023-11-16 19:10:41.425607+00:00,827,76,code,azure_2023
2023-11-16 19:10:41.668001+00:00,1344,11,code,azure_2023
2023-11-16 19:10:41.725653+00:00,886,18,code,azure_2023
2023-11-16 19:10:41.731884+00:00,2156,100,code,azure_2023
2023-11-16 19:10:42.141117+00:00,717,6,code,azure_2023
2023-11-16 19:10:42.328596+00:00,2053,10,code,azure_2023
2023-11-16 19:10:42.328603+00:00,520,21,code,azure_2023
2023-11-16 19:10:42.827073+00:00,3330,12,code,azure_2023
2023-11-16 19:10:42.860544+00:00,170,10,code,azure_2023
2023-11-16 19:10:42.943227+00:00,2055,8,code,azure_2023
2023-11-16 19:12:01.387361+00:00,20,93,code,azure_2023
2023-11-16 19:12:01.480918+00:00,6414,127,code,azure_2023
2023-11-16 19:12:01.481884+00:00,271,6,code,azure_2023
2023-11-16 19:12:01.679323+00:00,2539,6,code,azure_2023
2023-11-16 19:12:01.679402+00:00,984,34,code,azure_2023
2023-11-16 19:12:01.779896+00:00,1247,172,code,azure_2023
2023-11-16 19:12:02.481436+00:00,53,23,code,azure_2023
2023-11-16 19:12:02.587961+00:00,985,8,code,azure_2023
2023-11-16 19:12:02.683609+00:00,59,8,code,azure_2023
2023-11-16 19:12:02.683642+00:00,3604,37,code,azure_2023
2023-11-16 19:12:02.788160+00:00,776,16,code,azure_2023
2023-11-16 19:12:02.788323+00:00,2578,6,code,azure_2023
2023-11-16 19:12:02.883806+00:00,528,52,code,azure_2023
2023-11-16 19:12:02.983992+00:00,2224,7,code,azure_2023
2023-11-16 19:12:02.984863+00:00,585,14,code,azure_2023
2023-11-16 19:12:02.987076+00:00,1868,25,code,azure_2023
2023-11-16 19:12:02.988278+00:00,6415,135,code,azure_2023
2023-11-16 19:12:02.989333+00:00,776,19,code,azure_2023
2023-11-16 19:12:03.083967+00:00,2383,11,code,azure_2023
2023-11-16 19:12:03.084816+00:00,3164,24,code,azure_2023
2023-11-16 19:12:03.184185+00:00,60,21,code,azure_2023
2023-11-16 19:12:03.184217+00:00,291,216,code,azure_2023
2023-11-16 19:12:03.184441+00:00,982,8,code,azure_2023
2023-11-16 19:12:03.279702+00:00,53,38,code,azure_2023
2023-11-16 19:12:03.280806+00:00,6510,9,code,azure_2023
2023-11-16 19:12:03.382957+00:00,2220,6,code,azure_2023
2023-11-16 19:12:03.479212+00:00,922,9,code,azure_2023
2023-11-16 19:12:03.679871+00:00,59,39,code,azure_2023
2023-11-16 19:12:03.777737+00:00,2283,10,code,azure_2023
2023-11-16 19:12:03.781996+00:00,1174,12,code,azure_2023
2023-11-16 19:12:03.784777+00:00,62,16,code,azure_2023
2023-11-16 19:12:03.977866+00:00,2376,52,code,azure_2023
2023-11-16 19:12:03.985438+00:00,6510,7,code,azure_2023
2023-11-16 19:12:04.079152+00:00,2643,6,code,azure_2023
2023-11-16 19:12:04.377974+00:00,6417,172,code,azure_2023
2023-11-16 19:12:05.479172+00:00,991,80,code,azure_2023
2023-11-16 19:12:05.482169+00:00,65,21,code,azure_2023
2023-11-16 19:12:05.487514+00:00,2282,10,code,azure_2023
2023-11-16 19:12:05.584558+00:00,981,15,code,azure_2023
2023-11-16 19:12:05.681677+00:00,2646,7,code,azure_2023
2023-11-16 19:12:06.481590+00:00,15,6,code,azure_2023
2023-11-16 19:12:06.481822+00:00,2294,7,code,azure_2023
2023-11-16 19:12:06.581744+00:00,6511,9,code,azure_2023
2023-11-16 19:12:06.582646+00:00,6512,12,code,azure_2023
2023-11-16 19:12:06.582823+00:00,2643,10,code,azure_2023
2023-11-16 19:12:07.384898+00:00,2379,21,code,azure_2023
2023-11-16 19:12:07.480274+00:00,4906,18,code,azure_2023
2023-11-16 19:12:07.485510+00:00,6418,37,code,azure_2023
2023-11-16 19:12:07.684530+00:00,6419,16,code,azure_2023
2023-11-16 19:12:07.783348+00:00,62,12,code,azure_2023
2023-11-16 19:12:07.783488+00:00,243,7,code,azure_2023
2023-11-16 19:12:07.787443+00:00,2379,8,code,azure_2023
2023-11-16 19:12:07.787700+00:00,18,10,code,azure_2023
2023-11-16 19:12:07.788627+00:00,6431,21,code,azure_2023
2023-11-16 19:12:07.881389+00:00,592,16,code,azure_2023
2023-11-16 19:12:07.884810+00:00,982,28,code,azure_2023
2023-11-16 19:12:07.977421+00:00,463,17,code,azure_2023
2023-11-16 19:12:07.982812+00:00,982,18,code,azure_2023
2023-11-16 19:12:07.985736+00:00,2574,10,code,azure_2023
2023-11-16 19:12:07.986683+00:00,1189,162,code,azure_2023
2023-11-16 19:12:07.987853+00:00,1879,8,code,azure_2023
2023-11-16 19:12:08.081033+00:00,592,18,code,azure_2023
2023-11-16 19:12:47.136698+00:00,1498,12,code,azure_2023
2023-11-16 19:12:47.417876+00:00,5036,8,code,azure_2023
2023-11-16 19:12:47.636195+00:00,7436,25,code,azure_2023
2023-11-16 19:12:47.734292+00:00,156,46,code,azure_2023
2023-11-16 19:12:47.835729+00:00,98,78,code,azure_2023
2023-11-16 19:12:48.134674+00:00,1376,204,code,azure_2023
2023-11-16 19:12:48.500298+00:00,971,8,code,azure_2023
2023-11-16 19:12:48.540819+00:00,2433,10,code,azure_2023
2023-11-16 19:12:48.599851+00:00,155,52,code,azure_2023
2023-11-16 19:12:48.634190+00:00,954,101,code,azure_2023
2023-11-16 19:12:48.799945+00:00,1190,13,code,azure_2023
2023-11-16 19:12:48.834089+00:00,1932,11,code,azure_2023
2023-11-16 19:12:48.834285+00:00,3776,27,code,azure_2023
2023-11-16 19:12:48.902161+00:00,3189,15,code,azure_2023
2023-11-16 19:12:50.291395+00:00,2419,79,code,azure_2023
2023-11-16 19:12:50.534117+00:00,1023,23,code,azure_2023
2023-11-16 19:12:50.550105+00:00,3725,19,code,azure_2023
2023-11-16 19:12:51.046616+00:00,1932,6,code,azure_2023
2023-11-16 19:12:51.135972+00:00,1714,6,code,azure_2023
2023-11-16 19:12:51.137629+00:00,147,46,code,azure_2023
2023-11-16 19:12:51.855297+00:00,145,57,code,azure_2023
2023-11-16 19:12:52.137767+00:00,2450,15,code,azure_2023
2023-11-16 19:12:52.639640+00:00,43,19,code,azure_2023
2023-11-16 19:12:53.054013+00:00,44,6,code,azure_2023
2023-11-16 19:12:53.334114+00:00,3454,11,code,azure_2023
2023-11-16 19:12:53.623662+00:00,21,21,code,azure_2023
2023-11-16 19:12:53.934115+00:00,446,42,code,azure_2023
2023-11-16 19:12:54.134489+00:00,54,7,code,azure_2023
2023-11-16 19:12:54.136631+00:00,1026,8,code,azure_2023
2023-11-16 19:12:54.234383+00:00,21,6,code,azure_2023
2023-11-16 19:12:54.240800+00:00,934,10,code,azure_2023
2023-11-16 19:12:54.339614+00:00,409,45,code,azure_2023
2023-11-16 19:12:54.341162+00:00,1652,10,code,azure_2023
2023-11-16 19:12:54.534151+00:00,44,10,code,azure_2023
2023-11-16 19:12:54.634926+00:00,63,14,code,azure_2023
2023-11-16 19:12:54.779939+00:00,114,14,code,azure_2023
2023-11-16 19:12:54.835292+00:00,1304,12,code,azure_2023
2023-11-16 19:12:54.835481+00:00,267,14,code,azure_2023
2023-11-16 19:12:54.937556+00:00,221,6,code,azure_2023
2023-11-16 19:12:55.314933+00:00,221,14,code,azure_2023
2023-11-16 19:12:55.555719+00:00,222,10,code,azure_2023
2023-11-16 19:12:55.577383+00:00,22,65,code,azure_2023
2023-11-16 19:12:55.834440+00:00,222,6,code,azure_2023
2023-11-16 19:12:55.861976+00:00,267,14,code,azure_2023
2023-11-16 19:12:55.947731+00:00,21,8,code,azure_2023
2023-11-16 19:12:56.140128+00:00,2137,9,code,azure_2023
2023-11-16 19:12:56.140151+00:00,3452,9,code,azure_2023
2023-11-16 19:12:56.140213+00:00,63,6,code,azure_2023
2023-11-16 19:12:56.236279+00:00,2138,10,code,azure_2023
2023-11-16 19:12:56.334303+00:00,1026,10,code,azure_2023
2023-11-16 19:12:56.335387+00:00,1028,8,code,azure_2023
2023-11-16 19:12:56.534300+00:00,413,31,code,azure_2023
2023-11-16 19:12:56.540375+00:00,2019,10,code,azure_2023
2023-11-16 19:12:56.643000+00:00,182,15,code,azure_2023
2023-11-16 19:12:56.745686+00:00,2138,10,code,azure_2023
2023-11-16 19:12:56.837029+00:00,2137,6,code,azure_2023
2023-11-16 19:12:56.936076+00:00,1640,55,code,azure_2023
2023-11-16 19:12:57.034271+00:00,10,17,code,azure_2023
2023-11-16 19:12:57.134199+00:00,63,27,code,azure_2023
2023-11-16 19:12:57.536213+00:00,2022,7,code,azure_2023
2023-11-16 19:12:57.766942+00:00,100,11,code,azure_2023
2023-11-16 19:12:57.846666+00:00,2137,12,code,azure_2023
2023-11-16 19:12:57.847332+00:00,226,6,code,azure_2023
2023-11-16 19:12:58.042412+00:00,443,49,code,azure_2023
2023-11-16 19:12:58.674579+00:00,1378,54,code,azure_2023
2023-11-16 19:12:58.760872+00:00,99,12,code,azure_2023
2023-11-16 19:12:58.775019+00:00,127,9,code,azure_2023
2023-11-16 19:12:58.834086+00:00,1199,18,code,azure_2023
2023-11-16 19:12:58.850947+00:00,444,48,code,azure_2023
2023-11-16 19:12:58.872355+00:00,2137,12,code,azure_2023
2023-11-16 19:12:59.137636+00:00,4843,96,code,azure_2023
2023-11-16 19:12:59.336828+00:00,184,63,code,azure_2023
2023-11-16 19:12:59.395524+00:00,963,9,code,azure_2023
2023-11-16 19:12:59.539995+00:00,2028,57,code,azure_2023
2023-11-16 19:12:59.942989+00:00,2137,12,code,azure_2023
2023-11-16 19:13:00.298749+00:00,63,63,code,azure_2023
2023-11-16 19:13:00.446647+00:00,1387,60,code,azure_2023
2023-11-16 19:13:00.460893+00:00,415,271,code,azure_2023
2023-11-16 19:13:00.899737+00:00,4163,10,code,azure_2023
2023-11-16 19:13:01.162253+00:00,2964,6,code,azure_2023
2023-11-16 19:13:01.470330+00:00,1378,24,code,azure_2023
2023-11-16 19:13:01.544926+00:00,129,11,code,azure_2023
2023-11-16 19:13:01.743725+00:00,1378,6,code,azure_2023
2023-11-16 19:13:57.059489+00:00,578,33,code,azure_2023
2023-11-16 19:13:57.059587+00:00,1666,14,code,azure_2023
2023-11-16 19:13:57.261199+00:00,1862,29,code,azure_2023
2023-11-16 19:13:57.262301+00:00,7432,15,code,azure_2023
2023-11-16 19:13:57.263253+00:00,575,8,code,azure_2023
2023-11-16 19:13:57.264208+00:00,3801,31,code,azure_2023
2023-11-16 19:14:01.067871+00:00,2627,88,code,azure_2023
2023-11-16 19:14:01.361026+00:00,7380,19,code,azure_2023
2023-11-16 19:14:01.361937+00:00,691,14,code,azure_2023
2023-11-16 19:14:01.462291+00:00,7436,7,code,azure_2023
2023-11-16 19:14:01.462461+00:00,787,17,code,azure_2023
2023-11-16 19:14:01.462536+00:00,7433,9,code,azure_2023
2023-11-16 19:14:01.464202+00:00,7434,20,code,azure_2023
2023-11-16 19:14:01.563059+00:00,576,9,code,azure_2023
2023-11-16 19:14:01.564201+00:00,788,10,code,azure_2023
2023-11-16 19:14:01.664951+00:00,1133,15,code,azure_2023
2023-11-16 19:14:02.066436+00:00,1134,15,code,azure_2023
2023-11-16 19:14:02.066654+00:00,60,18,code,azure_2023
2023-11-16 19:14:02.067342+00:00,3756,6,code,azure_2023
2023-11-16 19:14:02.165821+00:00,1572,256,code,azure_2023
2023-11-16 19:14:02.166751+00:00,981,29,code,azure_2023
2023-11-16 19:14:02.166894+00:00,7436,13,code,azure_2023
2023-11-16 19:14:02.265847+00:00,2119,7,code,azure_2023
2023-11-16 19:14:02.268908+00:00,1863,37,code,azure_2023
2023-11-16 19:14:02.460101+00:00,788,6,code,azure_2023
2023-11-16 19:14:02.529950+00:00,3108,10,code,azure_2023
2023-11-16 19:14:02.538175+00:00,1034,13,code,azure_2023
2023-11-16 19:14:02.538236+00:00,3107,7,code,azure_2023
2023-11-16 19:14:02.559697+00:00,4585,13,code,azure_2023
2023-11-16 19:14:02.560448+00:00,76,32,code,azure_2023
2023-11-16 19:14:02.560629+00:00,1061,7,code,azure_2023
2023-11-16 19:14:02.561640+00:00,247,16,code,azure_2023
2023-11-16 19:14:02.628062+00:00,393,307,code,azure_2023
2023-11-16 19:14:02.634784+00:00,649,6,code,azure_2023
2023-11-16 19:14:02.664176+00:00,428,9,code,azure_2023
2023-11-16 19:14:02.665975+00:00,578,12,code,azure_2023
2023-11-16 19:14:02.666079+00:00,1535,8,code,azure_2023
2023-11-16 19:14:02.765631+00:00,1700,25,code,azure_2023
2023-11-16 19:14:02.766585+00:00,1474,64,code,azure_2023
2023-11-16 19:14:02.766757+00:00,7434,37,code,azure_2023
2023-11-16 19:14:02.767774+00:00,873,90,code,azure_2023
2023-11-16 19:14:02.868062+00:00,2151,27,code,azure_2023
2023-11-16 19:14:02.969099+00:00,7380,16,code,azure_2023
2023-11-16 19:14:03.269164+00:00,246,13,code,azure_2023
2023-11-16 19:14:03.361727+00:00,1126,11,code,azure_2023
2023-11-16 19:14:03.368657+00:00,5636,42,code,azure_2023
2023-11-16 19:14:03.469026+00:00,2646,83,code,azure_2023
2023-11-16 19:14:04.062494+00:00,695,10,code,azure_2023
2023-11-16 19:14:04.063990+00:00,75,28,code,azure_2023
2023-11-16 19:14:04.064178+00:00,1048,46,code,azure_2023
2023-11-16 19:14:04.161433+00:00,693,14,code,azure_2023
2023-11-16 19:14:04.164691+00:00,790,15,code,azure_2023
2023-11-16 19:14:04.260377+00:00,1127,16,code,azure_2023
2023-11-16 19:14:04.261538+00:00,1136,7,code,azure_2023
2023-11-16 19:14:04.262275+00:00,2719,9,code,azure_2023
2023-11-16 19:14:04.360572+00:00,697,7,code,azure_2023
2023-11-16 19:14:04.361341+00:00,3823,20,code,azure_2023
2023-11-16 19:14:04.362412+00:00,7436,19,code,azure_2023
2023-11-16 19:14:04.463139+00:00,179,7,code,azure_2023
2023-11-16 19:14:04.531044+00:00,1034,14,code,azure_2023
2023-11-16 19:14:04.628407+00:00,649,17,code,azure_2023
2023-11-16 19:14:04.629164+00:00,57,28,code,azure_2023
2023-11-16 19:14:04.660984+00:00,1813,21,code,azure_2023
2023-11-16 19:14:04.666293+00:00,2121,14,code,azure_2023
2023-11-16 19:14:04.760652+00:00,3990,18,code,azure_2023
2023-11-16 19:14:04.761738+00:00,1137,12,code,azure_2023
2023-11-16 19:14:04.761817+00:00,697,13,code,azure_2023
2023-11-16 19:14:04.764949+00:00,3982,14,code,azure_2023
2023-11-16 19:14:04.765931+00:00,1198,7,code,azure_2023
2023-11-16 19:14:04.831593+00:00,1672,9,code,azure_2023
2023-11-16 19:14:04.930486+00:00,874,19,code,azure_2023
2023-11-16 19:14:05.332032+00:00,7436,19,code,azure_2023
2023-11-16 19:14:05.332215+00:00,53,6,code,azure_2023
2023-11-16 19:14:07.537706+00:00,1718,18,code,azure_2023
2023-11-16 19:14:07.627469+00:00,4685,10,code,azure_2023
2023-11-16 19:14:07.627644+00:00,650,6,code,azure_2023
2023-11-16 19:14:07.632823+00:00,2040,67,code,azure_2023
2023-11-16 19:14:07.728264+00:00,799,8,code,azure_2023
2023-11-16 19:14:07.828048+00:00,1672,56,code,azure_2023
2023-11-16 19:14:07.928724+00:00,3613,12,code,azure_2023
2023-11-16 19:14:08.064127+00:00,3982,19,code,azure_2023
2023-11-16 19:14:08.066326+00:00,1799,9,code,azure_2023
2023-11-16 19:14:08.163312+00:00,2427,10,code,azure_2023
2023-11-16 19:14:08.231508+00:00,2044,19,code,azure_2023
2023-11-16 19:14:08.231762+00:00,3669,148,code,azure_2023
2023-11-16 19:14:08.325504+00:00,597,22,code,azure_2023
2023-11-16 19:14:08.325511+00:00,1032,14,code,azure_2023
2023-11-16 19:14:08.325698+00:00,30,98,code,azure_2023
2023-11-16 19:14:08.330348+00:00,7436,9,code,azure_2023
2023-11-16 19:14:08.333456+00:00,1032,10,code,azure_2023
2023-11-16 19:14:08.363311+00:00,5664,12,code,azure_2023
2023-11-16 19:14:08.466468+00:00,179,16,code,azure_2023
2023-11-16 19:14:08.468710+00:00,2472,6,code,azure_2023
2023-11-16 19:14:08.526896+00:00,4684,9,code,azure_2023
2023-11-16 19:14:08.530168+00:00,115,20,code,azure_2023
2023-11-16 19:14:08.531148+00:00,651,26,code,azure_2023
2023-11-16 19:14:08.534703+00:00,681,16,code,azure_2023
2023-11-16 19:14:08.558989+00:00,182,15,code,azure_2023
2023-11-16 19:14:08.630597+00:00,2362,9,code,azure_2023
2023-11-16 19:14:08.630798+00:00,3671,9,code,azure_2023
2023-11-16 19:14:08.633841+00:00,3615,10,code,azure_2023
2023-11-16 19:14:08.732444+00:00,84,40,code,azure_2023
2023-11-16 19:14:09.065743+00:00,2529,11,code,azure_2023
2023-11-16 19:14:09.066847+00:00,4272,43,code,azure_2023
2023-11-16 19:14:09.067909+00:00,4792,73,code,azure_2023
2023-11-16 19:14:09.163612+00:00,2124,11,code,azure_2023
2023-11-16 19:14:09.164743+00:00,2468,22,code,azure_2023
2023-11-16 19:14:09.166496+00:00,3809,145,code,azure_2023
2023-11-16 19:14:09.232977+00:00,1673,7,code,azure_2023
2023-11-16 19:14:09.263476+00:00,182,17,code,azure_2023
2023-11-16 19:14:09.265514+00:00,5556,7,code,azure_2023
2023-11-16 19:14:09.265619+00:00,1867,307,code,azure_2023
2023-11-16 19:14:09.366608+00:00,836,8,code,azure_2023
2023-11-16 19:14:09.366754+00:00,2664,172,code,azure_2023
2023-11-16 19:14:09.531398+00:00,657,22,code,azure_2023
2023-11-16 19:14:09.560587+00:00,1541,12,code,azure_2023
2023-11-16 19:14:09.625880+00:00,875,30,code,azure_2023
2023-11-16 19:14:09.632808+00:00,1491,128,code,azure_2023
2023-11-16 19:14:09.663520+00:00,2473,7,code,azure_2023
2023-11-16 19:14:09.664576+00:00,1128,20,code,azure_2023
2023-11-16 19:14:09.664740+00:00,4795,22,code,azure_2023
2023-11-16 19:14:09.765042+00:00,1193,30,code,azure_2023
2023-11-16 19:14:09.826244+00:00,2046,58,code,azure_2023
2023-11-16 19:14:09.826512+00:00,3634,23,code,azure_2023
2023-11-16 19:14:09.863995+00:00,4235,31,code,azure_2023
2023-11-16 19:14:09.865236+00:00,7436,11,code,azure_2023
2023-11-16 19:14:09.866217+00:00,3349,205,code,azure_2023
2023-11-16 19:14:09.934683+00:00,394,277,code,azure_2023
2023-11-16 19:14:10.027312+00:00,85,13,code,azure_2023
2023-11-16 19:14:10.031636+00:00,398,9,code,azure_2023
2023-11-16 19:14:10.032311+00:00,7436,10,code,azure_2023
2023-11-16 19:14:10.034166+00:00,601,12,code,azure_2023
2023-11-16 19:14:10.034816+00:00,1622,9,code,azure_2023
2023-11-16 19:14:10.034880+00:00,1721,9,code,azure_2023
2023-11-16 19:14:10.035763+00:00,873,40,code,azure_2023
2023-11-16 19:14:10.038157+00:00,57,31,code,azure_2023
2023-11-16 19:14:10.130894+00:00,83,12,code,azure_2023
2023-11-16 19:14:10.528638+00:00,1448,10,code,azure_2023
2023-11-16 19:14:10.528915+00:00,7436,13,code,azure_2023
2023-11-16 19:14:10.535321+00:00,601,14,code,azure_2023
2023-11-16 19:14:10.538609+00:00,3112,21,code,azure_2023
2023-11-16 19:14:10.629883+00:00,7436,10,code,azure_2023
2023-11-16 19:14:10.633636+00:00,548,34,code,azure_2023
2023-11-16 19:14:10.729126+00:00,3671,9,code,azure_2023
2023-11-16 19:14:10.732487+00:00,513,7,code,azure_2023
2023-11-16 19:14:10.732702+00:00,602,18,code,azure_2023
2023-11-16 19:14:10.734458+00:00,59,14,code,azure_2023
2023-11-16 19:14:10.734640+00:00,482,13,code,azure_2023
2023-11-16 19:14:11.629581+00:00,3506,9,code,azure_2023
2023-11-16 19:14:11.633171+00:00,2047,253,code,azure_2023
2023-11-16 19:14:11.834385+00:00,3112,27,code,azure_2023
2023-11-16 19:14:11.929534+00:00,3114,11,code,azure_2023
2023-11-16 19:14:11.932513+00:00,1144,6,code,azure_2023
2023-11-16 19:14:11.934607+00:00,1288,24,code,azure_2023
2023-11-16 19:14:12.058223+00:00,602,7,code,azure_2023
2023-11-16 19:14:12.059006+00:00,683,51,code,azure_2023
2023-11-16 19:14:12.059168+00:00,59,15,code,azure_2023
2023-11-16 19:14:12.062495+00:00,1416,824,code,azure_2023
2023-11-16 19:14:12.132475+00:00,603,7,code,azure_2023
2023-11-16 19:14:12.132543+00:00,1288,24,code,azure_2023
2023-11-16 19:14:12.231987+00:00,3634,14,code,azure_2023
2023-11-16 19:14:12.233048+00:00,58,18,code,azure_2023
2023-11-16 19:14:12.530486+00:00,1960,6,code,azure_2023
2023-11-16 19:14:12.530526+00:00,881,7,code,azure_2023
2023-11-16 19:14:12.533348+00:00,2049,9,code,azure_2023
2023-11-16 19:14:12.534347+00:00,603,11,code,azure_2023
2023-11-16 19:14:12.535398+00:00,1622,36,code,azure_2023
2023-11-16 19:14:12.537133+00:00,483,9,code,azure_2023
2023-11-16 19:14:12.631767+00:00,3210,73,code,azure_2023
2023-11-16 19:14:12.726723+00:00,513,7,code,azure_2023
2023-11-16 19:14:12.729791+00:00,603,17,code,azure_2023
2023-11-16 19:14:12.732627+00:00,1032,20,code,azure_2023
2023-11-16 19:14:12.733181+00:00,7436,12,code,azure_2023
2023-11-16 19:14:12.831055+00:00,2057,43,code,azure_2023
2023-11-16 19:14:12.926768+00:00,604,13,code,azure_2023
2023-11-16 19:14:13.029128+00:00,2303,59,code,azure_2023
2023-11-16 19:14:13.029205+00:00,1725,20,code,azure_2023
2023-11-16 19:14:13.628912+00:00,88,10,code,azure_2023
2023-11-16 19:14:13.629045+00:00,1672,24,code,azure_2023
2023-11-16 19:14:13.727561+00:00,1126,15,code,azure_2023
2023-11-16 19:14:13.727783+00:00,7428,13,code,azure_2023
2023-11-16 19:14:13.728676+00:00,766,15,code,azure_2023
2023-11-16 19:14:13.732208+00:00,605,12,code,azure_2023
2023-11-16 19:14:13.732377+00:00,882,9,code,azure_2023
2023-11-16 19:14:13.734604+00:00,880,6,code,azure_2023
2023-11-16 19:14:13.734787+00:00,1036,11,code,azure_2023
2023-11-16 19:14:13.829449+00:00,6539,6,code,azure_2023
2023-11-16 19:14:13.831882+00:00,1667,13,code,azure_2023
2023-11-16 19:14:13.832149+00:00,2540,14,code,azure_2023
2023-11-16 19:14:13.832948+00:00,459,15,code,azure_2023
2023-11-16 19:14:13.929519+00:00,1964,11,code,azure_2023
2023-11-16 19:14:13.934176+00:00,90,10,code,azure_2023
2023-11-16 19:14:14.026771+00:00,766,8,code,azure_2023
2023-11-16 19:14:14.026996+00:00,3502,88,code,azure_2023
2023-11-16 19:14:14.031154+00:00,2887,7,code,azure_2023
2023-11-16 19:14:14.031246+00:00,2061,223,code,azure_2023
2023-11-16 19:14:14.031353+00:00,760,17,code,azure_2023
2023-11-16 19:14:14.127075+00:00,1197,27,code,azure_2023
2023-11-16 19:14:14.129981+00:00,952,28,code,azure_2023
2023-11-16 19:14:14.130564+00:00,89,14,code,azure_2023
2023-11-16 19:14:14.130643+00:00,684,70,code,azure_2023
2023-11-16 19:14:14.230717+00:00,395,269,code,azure_2023
2023-11-16 19:14:14.233716+00:00,762,14,code,azure_2023
2023-11-16 19:14:14.233821+00:00,2446,55,code,azure_2023
2023-11-16 19:14:14.328856+00:00,1717,82,code,azure_2023
2023-11-16 19:14:14.329828+00:00,1667,22,code,azure_2023
2023-11-16 19:14:14.332818+00:00,489,29,code,azure_2023
2023-11-16 19:14:14.333064+00:00,1667,97,code,azure_2023
2023-11-16 19:14:14.334147+00:00,884,8,code,azure_2023
2023-11-16 19:14:14.334304+00:00,2539,12,code,azure_2023
2023-11-16 19:14:14.337683+00:00,93,84,code,azure_2023
2023-11-16 19:14:14.427769+00:00,89,11,code,azure_2023
2023-11-16 19:14:14.432823+00:00,1968,6,code,azure_2023
2023-11-16 19:14:14.433880+00:00,7435,19,code,azure_2023
2023-11-16 19:14:14.434778+00:00,1877,8,code,azure_2023
2023-11-16 19:14:14.634011+00:00,2887,46,code,azure_2023
2023-11-16 19:14:14.728736+00:00,1668,23,code,azure_2023
2023-11-16 19:14:14.732201+00:00,549,76,code,azure_2023
2023-11-16 19:14:14.926915+00:00,2449,13,code,azure_2023
2023-11-16 19:14:15.127131+00:00,7436,7,code,azure_2023
2023-11-16 19:14:15.128025+00:00,6539,238,code,azure_2023
2023-11-16 19:14:15.128157+00:00,1440,9,code,azure_2023
2023-11-16 19:14:16.125822+00:00,2453,12,code,azure_2023
2023-11-16 19:14:16.427410+00:00,7436,25,code,azure_2023
2023-11-16 19:14:16.629115+00:00,2476,9,code,azure_2023
2023-11-16 19:14:16.829429+00:00,1668,127,code,azure_2023
2023-11-16 19:14:16.925772+00:00,2454,11,code,azure_2023
2023-11-16 19:14:16.930003+00:00,114,44,code,azure_2023
2023-11-16 19:14:17.125571+00:00,1715,81,code,azure_2023
2023-11-16 19:14:17.325744+00:00,666,9,code,azure_2023
2023-11-16 19:14:17.526031+00:00,1750,35,code,azure_2023
2023-11-16 19:14:17.628834+00:00,7436,11,code,azure_2023
2023-11-16 19:14:17.925791+00:00,119,14,code,azure_2023
2023-11-16 19:14:17.927083+00:00,607,10,code,azure_2023
2023-11-16 19:14:18.329361+00:00,666,10,code,azure_2023
2023-11-16 19:14:18.526424+00:00,1527,10,code,azure_2023
2023-11-16 19:14:18.627734+00:00,7436,12,code,azure_2023
2023-11-16 19:14:18.727282+00:00,3530,10,code,azure_2023
2023-11-16 19:14:18.727875+00:00,2586,13,code,azure_2023
2023-11-16 19:14:18.926728+00:00,1527,6,code,azure_2023
2023-11-16 19:14:19.527506+00:00,1527,14,code,azure_2023
2023-11-16 19:14:19.658236+00:00,804,6,code,azure_2023
2023-11-16 19:14:19.928016+00:00,549,173,code,azure_2023
