episode_seed,request_id,handover_index,runtime_policy,lead_ms,prefetch_planner_ms,reactive_planner_ms,blocking_planner_ms,predicted_lead_ms,eta_relative_error,eta_error_bound,prediction_correct,had_prefetch_plan,accepted_prefetch,base_migration_ms,hidden_migration_ms,prefetched_mb,useful_prefetch_mb,wasted_prefetch_mb,wrong_anchor_waste_mb,residual_base_ms,delta_sync_ms,delta_tokens,changed_blocks
20007,r0004,0,reactive,2444.00987758916,0.0,60.766452,60.766452,2017.8182929937882,-0.17438210397732906,0.2,0,0,0,0.0,0.0,0.0,0.0,0.0,0.0,0.0,0.0,0,0
20007,r0000,0,reactive,1367.1464492671757,0.0,52.704009,52.704009,1551.2882562220436,0.13469062297866657,0.2,1,0,0,0.0,0.0,0.0,0.0,0.0,0.0,0.0,0.0,0,0
20007,r0007,0,reactive,1309.694630378388,0.0,52.444283,52.444283,1185.787387319642,-0.09460773541000744,0.2,1,0,0,0.0,0.0,0.0,0.0,0.0,0.0,0.0,0.0,0,0
20007,r0019,0,reactive,4741.259193934102,0.0,184.843914,184.843914,3982.2951023234327,-0.16007648191469404,0.2,1,0,0,0.0,0.0,0.0,0.0,0.0,0.0,0.0,0.0,0,0
20007,r0023,0,reactive,0.0,0.0,60.240793,60.240793,0.0,-0.1384905153398125,0.2,1,0,0,0.0,0.0,0.0,0.0,0.0,0.0,0.0,0.0,0,0
20007,r0011,0,reactive,1259.8383387254435,0.0,60.463856,60.463856,1077.7176541116999,-0.1445587731502058,0.2,1,0,0,0.0,0.0,0.0,0.0,0.0,0.0,0.0,0.0,0,0
20007,r0021,0,reactive,0.0,0.0,60.670162,60.670162,0.0,-0.07882380761646478,0.2,0,0,0,0.0,0.0,0.0,0.0,0.0,0.0,0.0,0.0,0,0
20007,r0021,1,reactive,5096.522833230774,0.0,60.652528,60.652528,6076.192090308154,0.19222306838098668,0.2,1,0,0,0.0,0.0,0.0,0.0,0.0,0.0,0.0,0.0,0,0
20007,r0012,0,reactive,2591.1539776013233,0.0,60.752677,60.752677,2636.889512703291,0.01765064349603271,0.2,0,0,0,0.0,0.0,0.0,0.0,0.0,0.0,0.0,0.0,0,0
20008,r0014,0,reactive,0.0,0.0,63.236845,63.236845,0.0,0.19085446536861417,0.2,1,0,0,0.0,0.0,0.0,0.0,0.0,0.0,0.0,0.0,0,0
20008,r0021,0,reactive,2934.4451676814915,0.0,62.587405,62.587405,2733.4185890281574,-0.06850582211156639,0.2,1,0,0,0.0,0.0,0.0,0.0,0.0,0.0,0.0,0.0,0,0
20009,r0005,0,reactive,4480.248916122868,0.0,43.514595,43.514595,4856.413909234221,0.08396073525237957,0.2,1,0,0,0.0,0.0,0.0,0.0,0.0,0.0,0.0,0.0,0,0
20009,r0020,0,reactive,1907.5847409620947,0.0,43.513638,43.513638,2048.3421166707158,0.073788268843894,0.2,1,0,0,0.0,0.0,0.0,0.0,0.0,0.0,0.0,0.0,0,0
20009,r0015,0,reactive,1934.8595021649126,0.0,44.394082,44.394082,1801.5659068204575,-0.06889058104493526,0.2,1,0,0,0.0,0.0,0.0,0.0,0.0,0.0,0.0,0.0,0,0
20009,r0017,0,reactive,0.0,0.0,64.277421,64.277421,0.0,-0.19500362681846642,0.2,0,0,0,0.0,0.0,0.0,0.0,0.0,0.0,0.0,0.0,0,0
20009,r0017,1,reactive,6530.420265604676,0.0,63.671982,63.671982,7368.191403792862,0.1282874767801201,0.2,1,0,0,0.0,0.0,0.0,0.0,0.0,0.0,0.0,0.0,0,0
20009,r0008,0,reactive,5289.607725202262,0.0,64.297494,64.297494,5140.398130579795,-0.028208064259956422,0.2,1,0,0,0.0,0.0,0.0,0.0,0.0,0.0,0.0,0.0,0,0
20010,r0005,0,reactive,941.4663692760669,0.0,63.874608,63.874608,1055.8254202925461,0.12146907712106048,0.2,0,0,0,0.0,0.0,0.0,0.0,0.0,0.0,0.0,0.0,0,0
20010,r0005,1,reactive,8583.532995410313,0.0,63.458878,63.458878,8777.891962094256,0.022643236390874122,0.2,1,0,0,0.0,0.0,0.0,0.0,0.0,0.0,0.0,0.0,0,0
20010,r0021,0,reactive,5259.0737930997975,0.0,64.013004,64.013004,5423.19104214149,0.031206492910790196,0.2,1,0,0,0.0,0.0,0.0,0.0,0.0,0.0,0.0,0.0,0,0
20010,r0002,0,reactive,0.0,0.0,63.573892,63.573892,0.0,-0.1323000643925806,0.2,1,0,0,0.0,0.0,0.0,0.0,0.0,0.0,0.0,0.0,0,0
20010,r0002,1,reactive,3021.8904097408094,0.0,63.531572,63.531572,3014.599743969757,-0.0024126175282702944,0.2,1,0,0,0.0,0.0,0.0,0.0,0.0,0.0,0.0,0.0,0,0
20010,r0001,0,reactive,0.0,0.0,63.961447,63.961447,0.0,0.14743667262954335,0.2,1,0,0,0.0,0.0,0.0,0.0,0.0,0.0,0.0,0.0,0,0
20010,r0001,1,reactive,6102.165097647208,0.0,63.563497,63.563497,5731.695621299066,-0.06071115258598675,0.2,1,0,0,0.0,0.0,0.0,0.0,0.0,0.0,0.0,0.0,0,0
20010,r0012,0,reactive,6931.755015283794,0.0,63.914414,63.914414,5589.191517996111,-0.1936830563583785,0.2,1,0,0,0.0,0.0,0.0,0.0,0.0,0.0,0.0,0.0,0,0
20010,r0006,0,reactive,2473.5427807230008,0.0,63.902137,63.902137,2159.3488909117336,-0.1270218135137448,0.2,1,0,0,0.0,0.0,0.0,0.0,0.0,0.0,0.0,0.0,0,0
20010,r0009,0,reactive,6228.152928433159,0.0,63.464083,63.464083,5317.737178227927,-0.14617748803966324,0.2,1,0,0,0.0,0.0,0.0,0.0,0.0,0.0,0.0,0.0,0,0
20010,r0009,1,reactive,4556.0022760863685,0.0,63.65038,63.65038,3943.776793360861,-0.13437778245611687,0.2,1,0,0,0.0,0.0,0.0,0.0,0.0,0.0,0.0,0.0,0,0
20010,r0013,0,reactive,4111.651584663923,0.0,63.907466,63.907466,3945.74930380208,-0.04034930427486691,0.2,0,0,0,0.0,0.0,0.0,0.0,0.0,0.0,0.0,0.0,0,0
20011,r0006,0,reactive,4064.0955650690084,0.0,57.247078,57.247078,3673.1513622350426,-0.09619463828413394,0.2,1,0,0,0.0,0.0,0.0,0.0,0.0,0.0,0.0,0.0,0,0
20011,r0004,0,reactive,0.0,0.0,62.056237,62.056237,0.0,0.09745789464333032,0.2,1,0,0,0.0,0.0,0.0,0.0,0.0,0.0,0.0,0.0,0,0
20011,r0004,1,reactive,3144.9847322297064,0.0,61.642982,61.642982,3542.057475717949,0.12625585727620642,0.2,0,0,0,0.0,0.0,0.0,0.0,0.0,0.0,0.0,0.0,0,0
20011,r0004,2,reactive,4924.458749432319,0.0,61.388795,61.388795,4114.051465735073,-0.16456778804181627,0.2,1,0,0,0.0,0.0,0.0,0.0,0.0,0.0,0.0,0.0,0,0
20011,r0021,0,reactive,273.7444237048012,0.0,62.35454,62.35454,292.7726310680761,0.06951084922845574,0.2,1,0,0,0.0,0.0,0.0,0.0,0.0,0.0,0.0,0.0,0,0
20011,r0021,1,reactive,3254.0116550340026,0.0,56.905399,56.905399,3220.9600968924838,-0.01015717263654764,0.2,1,0,0,0.0,0.0,0.0,0.0,0.0,0.0,0.0,0.0,0,0
20011,r0000,0,reactive,296.2570497728557,0.0,61.673772,61.673772,343.19254018548037,0.15842826507794755,0.2,1,0,0,0.0,0.0,0.0,0.0,0.0,0.0,0.0,0.0,0,0
20011,r0013,0,reactive,2704.4606129194,0.0,61.616223,61.616223,2329.9904417217526,-0.1384639027127173,0.2,1,0,0,0.0,0.0,0.0,0.0,0.0,0.0,0.0,0.0,0,0
20011,r0013,1,reactive,5735.380996465614,0.0,61.72474,61.72474,5691.634468824646,-0.007627484149340086,0.2,1,0,0,0.0,0.0,0.0,0.0,0.0,0.0,0.0,0.0,0,0
20011,r0008,0,reactive,182.62151963674842,0.0,61.785691,61.785691,188.58563141576747,0.03265831864110108,0.2,1,0,0,0.0,0.0,0.0,0.0,0.0,0.0,0.0,0.0,0,0
20011,r0008,1,reactive,3002.253439527496,0.0,61.901585,61.901585,3283.6337630015237,0.09372304142261612,0.2,0,0,0,0.0,0.0,0.0,0.0,0.0,0.0,0.0,0.0,0,0
20011,r0011,0,reactive,0.0,0.0,61.607685,61.607685,0.0,0.013536785257445061,0.2,1,0,0,0.0,0.0,0.0,0.0,0.0,0.0,0.0,0.0,0,0
20011,r0015,0,reactive,0.0,0.0,61.365129,61.365129,0.0,-0.11039863708869815,0.2,0,0,0,0.0,0.0,0.0,0.0,0.0,0.0,0.0,0.0,0,0
20011,r0005,0,reactive,3492.9375839531313,0.0,61.582103,61.582103,4146.366968323757,0.18707158907520682,0.2,1,0,0,0.0,0.0,0.0,0.0,0.0,0.0,0.0,0.0,0,0
20011,r0005,1,reactive,6229.778686842888,0.0,61.228316,61.228316,5467.468666916931,-0.12236550578208077,0.2,0,0,0,0.0,0.0,0.0,0.0,0.0,0.0,0.0,0.0,0,0
20011,r0009,0,reactive,0.0,0.0,62.276758,62.276758,0.0,0.1913547059892723,0.2,1,0,0,0.0,0.0,0.0,0.0,0.0,0.0,0.0,0.0,0,0
20011,r0009,1,reactive,2662.131813254684,0.0,61.676849,61.676849,2424.2105892431487,-0.08937244310252841,0.2,0,0,0,0.0,0.0,0.0,0.0,0.0,0.0,0.0,0.0,0,0
20012,r0007,0,reactive,4168.758917308272,0.0,68.558689,68.558689,3693.3137141340158,-0.1140495798882145,0.2,0,0,0,0.0,0.0,0.0,0.0,0.0,0.0,0.0,0.0,0,0
20012,r0009,0,reactive,933.152286841967,0.0,68.137903,68.137903,825.3351016185505,-0.11554082516188027,0.2,1,0,0,0.0,0.0,0.0,0.0,0.0,0.0,0.0,0.0,0,0
20012,r0005,0,reactive,0.0,0.0,67.544358,67.544358,0.0,-0.06440076476304676,0.2,0,0,0,0.0,0.0,0.0,0.0,0.0,0.0,0.0,0.0,0,0
20012,r0013,0,reactive,0.0,0.0,68.488468,68.488468,0.0,-0.17231648488481532,0.2,0,0,0,0.0,0.0,0.0,0.0,0.0,0.0,0.0,0.0,0,0
20012,r0014,0,reactive,0.0,0.0,68.240921,68.240921,0.0,0.04563306909299608,0.2,1,0,0,0.0,0.0,0.0,0.0,0.0,0.0,0.0,0.0,0,0
20012,r0014,1,reactive,7958.7777663548695,0.0,67.573188,67.573188,7360.37462134863,-0.07518781935788482,0.2,1,0,0,0.0,0.0,0.0,0.0,0.0,0.0,0.0,0.0,0,0
20012,r0022,0,reactive,0.0,0.0,68.088917,68.088917,0.0,0.16537310854582132,0.2,0,0,0,0.0,0.0,0.0,0.0,0.0,0.0,0.0,0.0,0,0
20013,r0006,0,reactive,3807.039471075053,0.0,68.096956,68.096956,4099.419166176489,0.07679975406687128,0.2,0,0,0,0.0,0.0,0.0,0.0,0.0,0.0,0.0,0.0,0,0
20013,r0002,0,reactive,339.97572477731046,0.0,68.797103,68.797103,284.48324275951484,-0.16322483628542625,0.2,1,0,0,0.0,0.0,0.0,0.0,0.0,0.0,0.0,0.0,0,0
20013,r0017,0,reactive,2242.0446165641024,0.0,68.58965,68.58965,1965.2699202353108,-0.12344745251008629,0.2,1,0,0,0.0,0.0,0.0,0.0,0.0,0.0,0.0,0.0,0,0
20013,r0004,0,reactive,0.0,0.0,68.060548,68.060548,0.0,-0.12575032273846168,0.2,1,0,0,0.0,0.0,0.0,0.0,0.0,0.0,0.0,0.0,0,0
20013,r0023,0,reactive,2683.928457772925,0.0,68.351766,68.351766,3155.046616530445,0.17553305394304192,0.2,1,0,0,0.0,0.0,0.0,0.0,0.0,0.0,0.0,0.0,0,0
20013,r0010,0,reactive,718.4825967184606,0.0,68.339415,68.339415,770.3102335345793,0.07213485344367704,0.2,0,0,0,0.0,0.0,0.0,0.0,0.0,0.0,0.0,0.0,0,0
20013,r0020,0,reactive,0.0,0.0,68.396016,68.396016,0.0,0.18040196965814376,0.2,1,0,0,0.0,0.0,0.0,0.0,0.0,0.0,0.0,0.0,0,0
20013,r0016,0,reactive,373.6480392767735,0.0,67.789693,67.789693,315.7482603147237,-0.15495806982988475,0.2,1,0,0,0.0,0.0,0.0,0.0,0.0,0.0,0.0,0.0,0,0
20013,r0014,0,reactive,0.0,0.0,68.507967,68.507967,0.0,0.028459699565592717,0.2,1,0,0,0.0,0.0,0.0,0.0,0.0,0.0,0.0,0.0,0,0
20013,r0014,1,reactive,8278.11675294087,0.0,68.417392,68.417392,8118.035515318819,-0.01933788111470891,0.2,1,0,0,0.0,0.0,0.0,0.0,0.0,0.0,0.0,0.0,0,0
20013,r0007,0,reactive,0.0,0.0,67.919567,67.919567,0.0,-0.05832188500918206,0.2,1,0,0,0.0,0.0,0.0,0.0,0.0,0.0,0.0,0.0,0,0
20014,r0023,0,reactive,8671.992469244073,0.0,44.360981,44.360981,7537.287735421477,-0.13084706171585353,0.2,1,0,0,0.0,0.0,0.0,0.0,0.0,0.0,0.0,0.0,0,0
20014,r0016,0,reactive,0.0,0.0,44.818066,44.818066,0.0,0.16347226206760984,0.2,1,0,0,0.0,0.0,0.0,0.0,0.0,0.0,0.0,0.0,0,0
20014,r0011,0,reactive,475.51231986283165,0.0,44.880029,44.880029,508.570957296159,0.06952214706627091,0.2,1,0,0,0.0,0.0,0.0,0.0,0.0,0.0,0.0,0.0,0,0
20014,r0001,0,reactive,417.2784032658601,0.0,44.187765,44.187765,358.53562876787726,-0.14077597603477257,0.2,0,0,0,0.0,0.0,0.0,0.0,0.0,0.0,0.0,0.0,0,0
20014,r0000,0,reactive,2714.239281443597,0.0,44.479225,44.479225,2235.864638243163,-0.17624630461688906,0.2,1,0,0,0.0,0.0,0.0,0.0,0.0,0.0,0.0,0.0,0,0
20014,r0022,0,reactive,0.0,0.0,44.298986,44.298986,0.0,-0.08265987578388266,0.2,1,0,0,0.0,0.0,0.0,0.0,0.0,0.0,0.0,0.0,0,0
20014,r0019,0,reactive,3954.4898257241184,0.0,44.71466,44.71466,4088.380206105073,0.03385781384743791,0.2,1,0,0,0.0,0.0,0.0,0.0,0.0,0.0,0.0,0.0,0,0
20014,r0015,0,reactive,4024.246372875168,0.0,45.070254,45.070254,4382.94164697548,0.08913352734018559,0.2,1,0,0,0.0,0.0,0.0,0.0,0.0,0.0,0.0,0.0,0,0
20014,r0012,0,reactive,2777.7351307601857,0.0,44.556472,44.556472,2368.296325170156,-0.14740023303733008,0.2,1,0,0,0.0,0.0,0.0,0.0,0.0,0.0,0.0,0.0,0,0
20015,r0001,0,reactive,0.0,0.0,65.156233,65.156233,0.0,-0.04730842066561261,0.2,1,0,0,0.0,0.0,0.0,0.0,0.0,0.0,0.0,0.0,0,0
20015,r0001,1,reactive,3225.710649661881,0.0,63.934154,63.934154,3137.4717383857023,-0.02735487489723462,0.2,1,0,0,0.0,0.0,0.0,0.0,0.0,0.0,0.0,0.0,0,0
20015,r0013,0,reactive,0.0,0.0,64.395554,64.395554,0.0,0.09541661404712198,0.2,1,0,0,0.0,0.0,0.0,0.0,0.0,0.0,0.0,0.0,0,0
20015,r0019,0,reactive,0.0,0.0,64.162189,64.162189,0.0,0.15482105004115432,0.2,1,0,0,0.0,0.0,0.0,0.0,0.0,0.0,0.0,0.0,0,0
20015,r0018,0,reactive,0.0,0.0,63.565064,63.565064,0.0,0.023850247040909378,0.2,0,0,0,0.0,0.0,0.0,0.0,0.0,0.0,0.0,0.0,0,0
20015,r0010,0,reactive,5578.410551128069,0.0,64.159023,64.159023,5992.880597543522,0.07429894996373809,0.2,0,0,0,0.0,0.0,0.0,0.0,0.0,0.0,0.0,0.0,0,0
20015,r0008,0,reactive,2855.399088273658,0.0,63.998111,63.998111,3302.9944766279837,0.15675405591900538,0.2,1,0,0,0.0,0.0,0.0,0.0,0.0,0.0,0.0,0.0,0,0
20016,r0006,0,reactive,3602.711576272146,0.0,69.675258,69.675258,3369.462580648542,-0.0647426225179411,0.2,1,0,0,0.0,0.0,0.0,0.0,0.0,0.0,0.0,0.0,0,0
20016,r0007,0,reactive,3916.2893946077675,0.0,69.814858,69.814858,4079.616535225901,0.04170456372376713,0.2,1,0,0,0.0,0.0,0.0,0.0,0.0,0.0,0.0,0.0,0,0
20016,r0009,0,reactive,0.0,0.0,69.765285,69.765285,0.0,-0.07960930387583415,0.2,1,0,0,0.0,0.0,0.0,0.0,0.0,0.0,0.0,0.0,0,0
20016,r0002,0,reactive,3955.893186217694,0.0,69.862493,69.862493,3407.863816210208,-0.13853492604826056,0.2,1,0,0,0.0,0.0,0.0,0.0,0.0,0.0,0.0,0.0,0,0
20016,r0002,1,reactive,3333.4989274798063,0.0,69.206784,69.206784,3646.8206956149706,0.0939918610899455,0.2,1,0,0,0.0,0.0,0.0,0.0,0.0,0.0,0.0,0.0,0,0
20016,r0012,0,reactive,1599.9116847856494,0.0,132.348841,132.348841,1556.4129053402153,-0.027188237862805498,0.2,1,0,0,0.0,0.0,0.0,0.0,0.0,0.0,0.0,0.0,0,0
20016,r0019,0,reactive,107.73562491445773,0.0,70.045376,70.045376,101.65684239822266,-0.05642314249406019,0.2,1,0,0,0.0,0.0,0.0,0.0,0.0,0.0,0.0,0.0,0,0
20016,r0019,1,reactive,6177.911154332098,0.0,69.522736,69.522736,5931.933545365541,-0.03981565982768637,0.2,1,0,0,0.0,0.0,0.0,0.0,0.0,0.0,0.0,0.0,0,0
20016,r0004,0,reactive,1024.3532692762274,0.0,71.031988,71.031988,1179.078017642765,0.15104627769271511,0.2,1,0,0,0.0,0.0,0.0,0.0,0.0,0.0,0.0,0.0,0,0
20016,r0022,0,reactive,2400.726701067244,0.0,50.80542,50.80542,2006.5533996810525,-0.16418916039504278,0.2,0,0,0,0.0,0.0,0.0,0.0,0.0,0.0,0.0,0.0,0,0
20016,r0017,0,reactive,0.0,0.0,69.744067,69.744067,0.0,-0.1590774266436105,0.2,1,0,0,0.0,0.0,0.0,0.0,0.0,0.0,0.0,0.0,0,0
20016,r0017,1,reactive,4408.906849243154,0.0,70.215316,70.215316,3919.4490661473055,-0.1110156779973409,0.2,1,0,0,0.0,0.0,0.0,0.0,0.0,0.0,0.0,0.0,0,0
20017,r0020,0,reactive,2983.395954784596,0.0,68.431235,68.431235,2835.7935267142616,-0.04947463571961283,0.2,0,0,0,0.0,0.0,0.0,0.0,0.0,0.0,0.0,0.0,0,0
20017,r0010,0,reactive,431.334549386047,0.0,68.028825,68.028825,426.6976776424807,-0.010750058742492019,0.2,1,0,0,0.0,0.0,0.0,0.0,0.0,0.0,0.0,0.0,0,0
20017,r0014,0,reactive,397.19083149590006,0.0,67.992803,67.992803,372.8495170823725,-0.06128367646819363,0.2,1,0,0,0.0,0.0,0.0,0.0,0.0,0.0,0.0,0.0,0,0
20017,r0012,0,reactive,3870.0774085773664,0.0,68.157086,68.157086,4489.497300493638,0.1600536181895053,0.2,0,0,0,0.0,0.0,0.0,0.0,0.0,0.0,0.0,0.0,0,0
20017,r0001,0,reactive,130.6495604674783,0.0,68.519585,68.519585,143.09559479774637,0.09526273403243612,0.2,1,0,0,0.0,0.0,0.0,0.0,0.0,0.0,0.0,0.0,0,0
20017,r0001,1,reactive,6919.236561369271,0.0,68.235385,68.235385,8136.993486396744,0.17599585073103602,0.2,1,0,0,0.0,0.0,0.0,0.0,0.0,0.0,0.0,0.0,0,0
20017,r0023,0,reactive,0.0,0.0,68.310595,68.310595,0.0,-0.19504565275537888,0.2,1,0,0,0.0,0.0,0.0,0.0,0.0,0.0,0.0,0.0,0,0
20017,r0023,1,reactive,2831.8658937289256,0.0,67.917357,67.917357,3043.7494128183343,0.07482116987199772,0.2,0,0,0,0.0,0.0,0.0,0.0,0.0,0.0,0.0,0.0,0,0
20017,r0023,2,reactive,5356.67055286912,0.0,68.613038,68.613038,6109.270266250693,0.14049766659225815,0.2,1,0,0,0.0,0.0,0.0,0.0,0.0,0.0,0.0,0.0,0,0
20017,r0003,0,reactive,5844.388905523927,0.0,68.483612,68.483612,5627.633678964432,-0.037087748618957306,0.2,1,0,0,0.0,0.0,0.0,0.0,0.0,0.0,0.0,0.0,0,0
20017,r0004,0,reactive,800.858137724048,0.0,67.804174,67.804174,722.1649940842166,-0.09826102768146777,0.2,1,0,0,0.0,0.0,0.0,0.0,0.0,0.0,0.0,0.0,0,0
20018,r0017,0,reactive,3108.712231614074,0.0,47.073549,47.073549,2930.0576733614193,-0.057468991962596444,0.2,1,0,0,0.0,0.0,0.0,0.0,0.0,0.0,0.0,0.0,0,0
20018,r0017,1,reactive,5494.690612468459,0.0,56.120114,56.120114,6350.709063925611,0.1557901093675209,0.2,1,0,0,0.0,0.0,0.0,0.0,0.0,0.0,0.0,0.0,0,0
20018,r0021,0,reactive,2807.5018412965856,0.0,46.407381,46.407381,3120.5765183863987,0.11151361416212863,0.2,1,0,0,0.0,0.0,0.0,0.0,0.0,0.0,0.0,0.0,0,0
20018,r0020,0,reactive,760.404871885712,0.0,46.871465,46.871465,817.9924565571372,0.07573279288520995,0.2,1,0,0,0.0,0.0,0.0,0.0,0.0,0.0,0.0,0.0,0,0
20018,r0002,0,reactive,426.23045558376907,0.0,46.831786,46.831786,496.7196708182899,0.16537817584615855,0.2,1,0,0,0.0,0.0,0.0,0.0,0.0,0.0,0.0,0.0,0,0
20018,r0002,1,reactive,7476.386194293384,0.0,58.167022,58.167022,8450.469995537243,0.13028805306865548,0.2,1,0,0,0.0,0.0,0.0,0.0,0.0,0.0,0.0,0.0,0,0
20018,r0014,0,reactive,26.041882193541824,0.0,46.619624,46.619624,25.546306187598105,-0.019029961131865336,0.2,1,0,0,0.0,0.0,0.0,0.0,0.0,0.0,0.0,0.0,0,0
20018,r0014,1,reactive,2416.6545523623718,0.0,55.934788,55.934788,2774.380519004548,0.14802527994432857,0.2,1,0,0,0.0,0.0,0.0,0.0,0.0,0.0,0.0,0.0,0,0
20018,r0010,0,reactive,0.0,0.0,46.445994,46.445994,0.0,0.019101595011814826,0.2,1,0,0,0.0,0.0,0.0,0.0,0.0,0.0,0.0,0.0,0,0
20018,r0010,1,reactive,3727.17127411989,0.0,55.945777,55.945777,4330.101157414017,0.1617660791390647,0.2,1,0,0,0.0,0.0,0.0,0.0,0.0,0.0,0.0,0.0,0,0
20018,r0010,2,reactive,6738.697333576667,0.0,55.971441,55.971441,5787.703236517802,-0.14112432269667027,0.2,1,0,0,0.0,0.0,0.0,0.0,0.0,0.0,0.0,0.0,0,0
20018,r0006,0,reactive,4526.615712398314,0.0,46.345452,46.345452,3791.3690587081614,-0.162427451412835,0.2,1,0,0,0.0,0.0,0.0,0.0,0.0,0.0,0.0,0.0,0,0
20019,r0016,0,reactive,1961.4715925361197,0.0,64.147507,64.147507,1762.0039508346413,-0.10169285268290484,0.2,1,0,0,0.0,0.0,0.0,0.0,0.0,0.0,0.0,0.0,0,0
20019,r0023,0,reactive,2328.384628647109,0.0,64.055932,64.055932,1914.7867271426326,-0.17763298057194032,0.2,0,0,0,0.0,0.0,0.0,0.0,0.0,0.0,0.0,0.0,0,0
20019,r0023,1,reactive,3928.432291787205,0.0,63.55474,63.55474,4461.329504291624,0.1356513674980464,0.2,1,0,0,0.0,0.0,0.0,0.0,0.0,0.0,0.0,0.0,0,0
20019,r0015,0,reactive,954.6275618482177,0.0,56.696763,56.696763,1107.760125085669,0.16041079197522556,0.2,1,0,0,0.0,0.0,0.0,0.0,0.0,0.0,0.0,0.0,0,0
20019,r0022,0,reactive,3195.0928259990287,0.0,64.233001,64.233001,2914.8424263012794,-0.08771275670531474,0.2,1,0,0,0.0,0.0,0.0,0.0,0.0,0.0,0.0,0.0,0,0
20019,r0022,1,reactive,3595.860907327791,0.0,64.840444,64.840444,2917.903934770467,-0.18853815262313287,0.2,1,0,0,0.0,0.0,0.0,0.0,0.0,0.0,0.0,0.0,0,0
20019,r0009,0,reactive,2510.21895020955,0.0,65.99238,65.99238,2081.735978416233,-0.17069545736540134,0.2,1,0,0,0.0,0.0,0.0,0.0,0.0,0.0,0.0,0.0,0,0
20019,r0009,1,reactive,6570.003153127618,0.0,66.622347,66.622347,6212.882786054293,-0.054356194167626715,0.2,1,0,0,0.0,0.0,0.0,0.0,0.0,0.0,0.0,0.0,0,0
20019,r0009,2,reactive,3271.293825038272,0.0,64.141753,64.141753,2864.6418339960705,-0.12430922221957359,0.2,1,0,0,0.0,0.0,0.0,0.0,0.0,0.0,0.0,0.0,0,0
20020,r0008,0,reactive,943.7034446366142,0.0,65.844484,65.844484,1124.7207399663157,0.19181586795988081,0.2,1,0,0,0.0,0.0,0.0,0.0,0.0,0.0,0.0,0.0,0,0
20020,r0021,0,reactive,0.0,0.0,65.775947,65.775947,0.0,0.04575349888059668,0.2,1,0,0,0.0,0.0,0.0,0.0,0.0,0.0,0.0,0.0,0,0
20020,r0007,0,reactive,2591.44660630046,0.0,65.553953,65.553953,2870.935321967017,0.10785046274426374,0.2,0,0,0,0.0,0.0,0.0,0.0,0.0,0.0,0.0,0.0,0,0
20020,r0017,0,reactive,4829.598728416002,0.0,64.914778,64.914778,5728.770667002542,0.1861794300416854,0.2,1,0,0,0.0,0.0,0.0,0.0,0.0,0.0,0.0,0.0,0,0
20020,r0017,1,reactive,2875.1529565839483,0.0,64.687292,64.687292,3304.863221029252,0.14945648837961473,0.2,1,0,0,0.0,0.0,0.0,0.0,0.0,0.0,0.0,0.0,0,0
20020,r0013,0,reactive,1809.6318263778376,0.0,64.959942,64.959942,1983.2521816530777,0.09594236393529776,0.2,1,0,0,0.0,0.0,0.0,0.0,0.0,0.0,0.0,0.0,0,0
20020,r0011,0,reactive,0.0,0.0,65.05304,65.05304,0.0,-0.03926578052260568,0.2,1,0,0,0.0,0.0,0.0,0.0,0.0,0.0,0.0,0.0,0,0
20020,r0004,0,reactive,0.0,0.0,64.803952,64.803952,0.0,-0.03243286274418572,0.2,0,0,0,0.0,0.0,0.0,0.0,0.0,0.0,0.0,0.0,0,0
20021,r0007,0,reactive,8055.75777428517,0.0,52.177013,52.177013,7476.556573349011,-0.07189903385439794,0.2,1,0,0,0.0,0.0,0.0,0.0,0.0,0.0,0.0,0.0,0,0
20021,r0021,0,reactive,1640.6663725672151,0.0,52.74422,52.74422,1410.218940546242,-0.14045965460996365,0.2,1,0,0,0.0,0.0,0.0,0.0,0.0,0.0,0.0,0.0,0,0
20021,r0009,0,reactive,1619.4787873136065,0.0,52.571613,52.571613,1826.1843000820415,0.1276370610023972,0.2,1,0,0,0.0,0.0,0.0,0.0,0.0,0.0,0.0,0.0,0,0
20021,r0014,0,reactive,1278.3290444422928,0.0,52.202929,52.202929,1282.4459538736758,0.003220539695379415,0.2,1,0,0,0.0,0.0,0.0,0.0,0.0,0.0,0.0,0.0,0,0
20021,r0017,0,reactive,3226.5678654332405,0.0,41.715773,41.715773,3798.3718917072,0.17721741804962232,0.2,1,0,0,0.0,0.0,0.0,0.0,0.0,0.0,0.0,0.0,0,0
20021,r0016,0,reactive,349.5172799318243,0.0,42.036765,42.036765,379.3953181877123,0.08548372275532662,0.2,1,0,0,0.0,0.0,0.0,0.0,0.0,0.0,0.0,0.0,0,0
20021,r0002,0,reactive,454.38601590947655,0.0,60.817603,60.817603,411.8856680504785,-0.09353357359365791,0.2,1,0,0,0.0,0.0,0.0,0.0,0.0,0.0,0.0,0.0,0,0
20021,r0002,1,reactive,6932.722932816156,0.0,60.112942,60.112942,5736.856979593218,-0.17249585261258413,0.2,0,0,0,0.0,0.0,0.0,0.0,0.0,0.0,0.0,0.0,0,0
20021,r0022,0,reactive,0.0,0.0,60.359253,60.359253,0.0,-0.04431396028232526,0.2,1,0,0,0.0,0.0,0.0,0.0,0.0,0.0,0.0,0.0,0,0
20021,r0022,1,reactive,0.0,0.0,54.176355,54.176355,0.0,0.06824274518436552,0.2,1,0,0,0.0,0.0,0.0,0.0,0.0,0.0,0.0,0.0,0,0
20021,r0022,2,reactive,5335.267501767812,0.0,52.105143,52.105143,4542.988453871527,-0.1484984675339648,0.2,1,0,0,0.0,0.0,0.0,0.0,0.0,0.0,0.0,0.0,0,0
20021,r0004,0,reactive,0.0,0.0,60.326653,60.326653,0.0,-0.13592150216935583,0.2,1,0,0,0.0,0.0,0.0,0.0,0.0,0.0,0.0,0.0,0,0
20021,r0000,0,reactive,0.0,0.0,60.47125,60.47125,0.0,0.027823270488199936,0.2,1,0,0,0.0,0.0,0.0,0.0,0.0,0.0,0.0,0.0,0,0
20021,r0000,1,reactive,8640.039308334111,0.0,60.4356,60.4356,8629.1009996907,-0.0012660021850664227,0.2,1,0,0,0.0,0.0,0.0,0.0,0.0,0.0,0.0,0.0,0,0
20021,r0003,0,reactive,0.0,0.0,60.091603,60.091603,0.0,-0.11501345806691964,0.2,1,0,0,0.0,0.0,0.0,0.0,0.0,0.0,0.0,0.0,0,0
20022,r0002,0,reactive,1547.3222525793735,0.0,70.438255,70.438255,1459.1067458372834,-0.05701172240949523,0.2,1,0,0,0.0,0.0,0.0,0.0,0.0,0.0,0.0,0.0,0,0
20022,r0009,0,reactive,1490.6635249630745,0.0,70.112304,70.112304,1224.1810805669647,-0.17876766951999504,0.2,1,0,0,0.0,0.0,0.0,0.0,0.0,0.0,0.0,0.0,0,0
20022,r0013,0,reactive,1411.8320461726325,0.0,50.098849,50.098849,1690.156041934511,0.19713676036494093,0.2,1,0,0,0.0,0.0,0.0,0.0,0.0,0.0,0.0,0.0,0,0
20022,r0006,0,reactive,1988.5426676570205,0.0,50.21233,50.21233,2082.405330250474,0.0472017342751041,0.2,1,0,0,0.0,0.0,0.0,0.0,0.0,0.0,0.0,0.0,0,0
20023,r0017,0,reactive,8048.72754332891,0.0,62.374893,62.374893,8158.022657639613,0.013579179282977666,0.2,1,0,0,0.0,0.0,0.0,0.0,0.0,0.0,0.0,0.0,0,0
20023,r0003,0,reactive,676.3730316043984,0.0,62.714513,62.714513,770.5347803962375,0.13921570552344703,0.2,1,0,0,0.0,0.0,0.0,0.0,0.0,0.0,0.0,0.0,0,0
20023,r0012,0,reactive,159.12154093227764,0.0,62.289709,62.289709,164.1732745650499,0.03174764147691525,0.2,1,0,0,0.0,0.0,0.0,0.0,0.0,0.0,0.0,0.0,0,0
20023,r0002,0,reactive,1001.4165434820588,0.0,112.764371,112.764371,823.8533822693424,-0.17731199106747889,0.2,1,0,0,0.0,0.0,0.0,0.0,0.0,0.0,0.0,0.0,0,0
20023,r0023,0,reactive,0.0,0.0,63.078261,63.078261,0.0,-0.1782619096284097,0.2,1,0,0,0.0,0.0,0.0,0.0,0.0,0.0,0.0,0.0,0,0
20023,r0023,1,reactive,4235.792614645565,0.0,62.836735,62.836735,5059.151483650961,0.19438129859298892,0.2,0,0,0,0.0,0.0,0.0,0.0,0.0,0.0,0.0,0.0,0,0
20023,r0000,0,reactive,1314.5736275619838,0.0,62.7366,62.7366,1570.657564823976,0.194803799416642,0.2,1,0,0,0.0,0.0,0.0,0.0,0.0,0.0,0.0,0.0,0,0
20023,r0015,0,reactive,3726.5437893363505,0.0,62.352797,62.352797,4174.919242886555,0.12031938409881254,0.2,1,0,0,0.0,0.0,0.0,0.0,0.0,0.0,0.0,0.0,0,0
20023,r0015,1,reactive,5919.509137597015,0.0,62.339025,62.339025,5251.271530444525,-0.11288733434133312,0.2,1,0,0,0.0,0.0,0.0,0.0,0.0,0.0,0.0,0.0,0,0
20023,r0005,0,reactive,0.0,0.0,62.772161,62.772161,0.0,-0.1333656591490065,0.2,0,0,0,0.0,0.0,0.0,0.0,0.0,0.0,0.0,0.0,0,0
20023,r0005,1,reactive,5677.924485951959,0.0,62.589692,62.589692,5505.993690838249,-0.0302805709267695,0.2,1,0,0,0.0,0.0,0.0,0.0,0.0,0.0,0.0,0.0,0,0
20024,r0014,0,reactive,3990.164898130342,0.0,44.880003,44.880003,3594.353742952918,-0.09919669118509065,0.2,0,0,0,0.0,0.0,0.0,0.0,0.0,0.0,0.0,0.0,0,0
20024,r0014,1,reactive,4057.884918959043,0.0,64.365342,64.365342,3835.088232939277,-0.054904633933512054,0.2,1,0,0,0.0,0.0,0.0,0.0,0.0,0.0,0.0,0.0,0,0
20024,r0014,2,reactive,3019.276137213228,0.0,64.100927,64.100927,3442.994867500762,0.14033785285986572,0.2,0,0,0,0.0,0.0,0.0,0.0,0.0,0.0,0.0,0.0,0,0
20024,r0019,0,reactive,7222.369660121407,0.0,44.951233,44.951233,6474.456867259085,-0.10355504191262202,0.2,1,0,0,0.0,0.0,0.0,0.0,0.0,0.0,0.0,0.0,0,0
20024,r0005,0,reactive,2563.6950772275814,0.0,44.062989,44.062989,2651.945509812106,0.03442313922916296,0.2,1,0,0,0.0,0.0,0.0,0.0,0.0,0.0,0.0,0.0,0,0
20024,r0020,0,reactive,2503.5424113660265,0.0,44.022392,44.022392,2889.055586040924,0.15398707564316721,0.2,1,0,0,0.0,0.0,0.0,0.0,0.0,0.0,0.0,0.0,0,0
20024,r0022,0,reactive,2653.5432122671336,0.0,44.173803,44.173803,2425.6584436785392,-0.08587942624604712,0.2,1,0,0,0.0,0.0,0.0,0.0,0.0,0.0,0.0,0.0,0,0
20024,r0022,1,reactive,2929.352524729009,0.0,66.916646,66.916646,3238.23747679578,0.10544478667528939,0.2,0,0,0,0.0,0.0,0.0,0.0,0.0,0.0,0.0,0.0,0,0
20024,r0010,0,reactive,878.2376762915555,0.0,44.924564,44.924564,746.7277985391129,-0.14974292415665427,0.2,1,0,0,0.0,0.0,0.0,0.0,0.0,0.0,0.0,0.0,0,0
20024,r0018,0,reactive,0.0,0.0,44.852176,44.852176,0.0,-0.19600573338520638,0.2,1,0,0,0.0,0.0,0.0,0.0,0.0,0.0,0.0,0.0,0,0
20024,r0012,0,reactive,0.0,0.0,66.059603,66.059603,0.0,-0.15410893125956454,0.2,1,0,0,0.0,0.0,0.0,0.0,0.0,0.0,0.0,0.0,0,0
20024,r0012,1,reactive,2618.856862189452,0.0,64.760695,64.760695,2225.1595120251905,-0.15033175575511112,0.2,1,0,0,0.0,0.0,0.0,0.0,0.0,0.0,0.0,0.0,0,0
20024,r0012,2,reactive,6232.632065225924,0.0,65.237687,65.237687,6256.893196694023,0.0038925980571612173,0.2,1,0,0,0.0,0.0,0.0,0.0,0.0,0.0,0.0,0.0,0,0
20024,r0009,0,reactive,1251.7411787680685,0.0,66.062651,66.062651,1182.9732783197317,-0.05493779514069877,0.2,1,0,0,0.0,0.0,0.0,0.0,0.0,0.0,0.0,0.0,0,0
20024,r0009,1,reactive,7743.115422961469,0.0,64.961067,64.961067,9007.48729714659,0.1632898136111658,0.2,1,0,0,0.0,0.0,0.0,0.0,0.0,0.0,0.0,0.0,0,0
20024,r0009,2,reactive,4043.6115164351068,0.0,64.912564,64.912564,3621.721532223546,-0.1043349447633149,0.2,0,0,0,0.0,0.0,0.0,0.0,0.0,0.0,0.0,0.0,0,0
20025,r0020,0,reactive,143.9772150553581,0.0,63.490524,63.490524,144.36241785356694,0.0026754427640562906,0.2,1,0,0,0.0,0.0,0.0,0.0,0.0,0.0,0.0,0.0,0,0
20025,r0020,1,reactive,8634.009520219799,0.0,62.74447,62.74447,7547.180277597176,-0.12587769796609574,0.2,1,0,0,0.0,0.0,0.0,0.0,0.0,0.0,0.0,0.0,0,0
20025,r0003,0,reactive,0.0,0.0,61.982038,61.982038,0.0,-0.07136627193242526,0.2,1,0,0,0.0,0.0,0.0,0.0,0.0,0.0,0.0,0.0,0,0
20026,r0000,0,reactive,0.0,0.0,57.468678,57.468678,0.0,-0.011481712097749508,0.2,1,0,0,0.0,0.0,0.0,0.0,0.0,0.0,0.0,0.0,0,0
20026,r0021,0,reactive,3750.844656300653,0.0,56.845936,56.845936,3070.9869937735293,-0.18125455059438453,0.2,1,0,0,0.0,0.0,0.0,0.0,0.0,0.0,0.0,0.0,0,0
20026,r0018,0,reactive,0.0,0.0,56.988261,56.988261,0.0,-0.15517854098813527,0.2,1,0,0,0.0,0.0,0.0,0.0,0.0,0.0,0.0,0.0,0,0
20026,r0004,0,reactive,479.40305205538607,0.0,57.553058,57.553058,470.1508494893425,-0.019299423577667785,0.2,1,0,0,0.0,0.0,0.0,0.0,0.0,0.0,0.0,0.0,0,0
20026,r0004,1,reactive,4977.41674845072,0.0,57.233231,57.233231,4540.0091906874195,-0.08787842768027186,0.2,0,0,0,0.0,0.0,0.0,0.0,0.0,0.0,0.0,0.0,0,0
20026,r0005,0,reactive,506.85489215677444,0.0,57.200308,57.200308,590.9373980868038,0.1658906863308362,0.2,1,0,0,0.0,0.0,0.0,0.0,0.0,0.0,0.0,0.0,0,0
20026,r0005,1,reactive,5997.892936433502,0.0,57.596775,57.596775,6183.345503918708,0.0309196195148293,0.2,0,0,0,0.0,0.0,0.0,0.0,0.0,0.0,0.0,0.0,0,0
20026,r0019,0,reactive,7360.343586306106,0.0,57.615876,57.615876,8376.134792091012,0.13800866683381224,0.2,1,0,0,0.0,0.0,0.0,0.0,0.0,0.0,0.0,0.0,0,0
20026,r0019,1,reactive,5947.657189196463,0.0,57.936501,57.936501,6475.008827435478,0.08866543942662258,0.2,1,0,0,0.0,0.0,0.0,0.0,0.0,0.0,0.0,0.0,0,0
20026,r0003,0,reactive,6219.963108832297,0.0,56.965103,56.965103,5128.69326836358,-0.1754463525545872,0.2,1,0,0,0.0,0.0,0.0,0.0,0.0,0.0,0.0,0.0,0,0
20027,r0003,0,reactive,1121.017370739949,0.0,61.558612,61.558612,970.6864065492517,-0.13410226113754908,0.2,0,0,0,0.0,0.0,0.0,0.0,0.0,0.0,0.0,0.0,0,0
20027,r0005,0,reactive,0.0,0.0,62.649233,62.649233,0.0,0.08361258419514994,0.2,0,0,0,0.0,0.0,0.0,0.0,0.0,0.0,0.0,0.0,0,0
20027,r0005,1,reactive,5093.446108953092,0.0,61.178028,61.178028,5299.532436595566,0.040461079440935244,0.2,1,0,0,0.0,0.0,0.0,0.0,0.0,0.0,0.0,0.0,0,0
20027,r0011,0,reactive,3599.8044968503564,0.0,61.031719,61.031719,3338.3221444784435,-0.07263793147675002,0.2,1,0,0,0.0,0.0,0.0,0.0,0.0,0.0,0.0,0.0,0,0
20027,r0011,1,reactive,5686.87730696455,0.0,60.310613,60.310613,5037.181932828726,-0.11424466171270514,0.2,0,0,0,0.0,0.0,0.0,0.0,0.0,0.0,0.0,0.0,0,0
20027,r0017,0,reactive,0.0,0.0,62.189105,62.189105,0.0,0.1676623972272776,0.2,1,0,0,0.0,0.0,0.0,0.0,0.0,0.0,0.0,0.0,0,0
20027,r0017,1,reactive,8126.54887340676,0.0,60.907127,60.907127,6922.118714473278,-0.14820930479786423,0.2,1,0,0,0.0,0.0,0.0,0.0,0.0,0.0,0.0,0.0,0,0
20027,r0021,0,reactive,431.72474276831053,0.0,61.161083,61.161083,474.5477643595554,0.0991905659996567,0.2,1,0,0,0.0,0.0,0.0,0.0,0.0,0.0,0.0,0.0,0,0
20027,r0001,0,reactive,455.407847401093,0.0,62.674245,62.674245,533.965257253294,0.1724990254351344,0.2,0,0,0,0.0,0.0,0.0,0.0,0.0,0.0,0.0,0.0,0,0
20027,r0001,1,reactive,8636.87020738285,0.0,61.03535,61.03535,6981.436458811049,-0.19167055991610554,0.2,0,0,0,0.0,0.0,0.0,0.0,0.0,0.0,0.0,0.0,0,0
20027,r0010,0,reactive,252.67395123448296,0.0,60.712337,60.712337,269.2554469190641,0.06562408037539824,0.2,1,0,0,0.0,0.0,0.0,0.0,0.0,0.0,0.0,0.0,0,0
20027,r0014,0,reactive,3585.7732435230682,0.0,61.094443,61.094443,3355.50826944263,-0.06421626757809137,0.2,0,0,0,0.0,0.0,0.0,0.0,0.0,0.0,0.0,0.0,0,0
20027,r0014,1,reactive,4487.42582864104,0.0,61.156813,61.156813,4816.193099216122,0.07326411246214298,0.2,1,0,0,0.0,0.0,0.0,0.0,0.0,0.0,0.0,0.0,0,0
20028,r0000,0,reactive,1669.1570338378979,0.0,70.020092,70.020092,1920.4233613806275,0.15053486427516793,0.2,1,0,0,0.0,0.0,0.0,0.0,0.0,0.0,0.0,0.0,0,0
20028,r0019,0,reactive,472.9459722784504,0.0,69.531253,69.531253,394.0086216319648,-0.1669056409682472,0.2,0,0,0,0.0,0.0,0.0,0.0,0.0,0.0,0.0,0.0,0,0
20028,r0019,1,reactive,9175.379429116552,0.0,68.645399,68.645399,10449.307055107916,0.13884195589217424,0.2,0,0,0,0.0,0.0,0.0,0.0,0.0,0.0,0.0,0.0,0,0
20028,r0014,0,reactive,728.2630026837542,0.0,69.034845,69.034845,796.6551838244553,0.09391137664369331,0.2,0,0,0,0.0,0.0,0.0,0.0,0.0,0.0,0.0,0.0,0,0
20028,r0013,0,reactive,1661.8674516697138,0.0,69.916614,69.916614,1485.5840817715507,-0.10607546932882483,0.2,0,0,0,0.0,0.0,0.0,0.0,0.0,0.0,0.0,0.0,0,0
20028,r0013,1,reactive,6955.005501700114,0.0,69.136453,69.136453,6694.198351966866,-0.03749920106741769,0.2,0,0,0,0.0,0.0,0.0,0.0,0.0,0.0,0.0,0.0,0,0
20028,r0010,0,reactive,1773.7491468483568,0.0,69.280689,69.280689,1781.1882823143571,0.004194017783866549,0.2,1,0,0,0.0,0.0,0.0,0.0,0.0,0.0,0.0,0.0,0,0
20029,r0017,0,reactive,1080.1970248883054,0.0,58.329659,58.329659,881.6857560338286,-0.18377320459200785,0.2,1,0,0,0.0,0.0,0.0,0.0,0.0,0.0,0.0,0.0,0,0
20029,r0000,0,reactive,1122.3892149206858,0.0,58.119504,58.119504,1259.9659322889675,0.12257487468641037,0.2,1,0,0,0.0,0.0,0.0,0.0,0.0,0.0,0.0,0.0,0,0
20029,r0006,0,reactive,0.0,0.0,58.599721,58.599721,0.0,-0.15979437216215076,0.2,1,0,0,0.0,0.0,0.0,0.0,0.0,0.0,0.0,0.0,0,0
20029,r0023,0,reactive,1141.7773929366394,0.0,58.246419,58.246419,947.1765499779441,-0.17043676303502908,0.2,0,0,0,0.0,0.0,0.0,0.0,0.0,0.0,0.0,0.0,0,0
20029,r0008,0,reactive,1133.6638293139713,0.0,58.703434,58.703434,973.876084585214,-0.14094808407661003,0.2,0,0,0,0.0,0.0,0.0,0.0,0.0,0.0,0.0,0.0,0,0
20029,r0005,0,reactive,882.5628010810015,0.0,58.426654,58.426654,778.177724346734,-0.11827495630499284,0.2,1,0,0,0.0,0.0,0.0,0.0,0.0,0.0,0.0,0.0,0,0
20029,r0005,1,reactive,6870.977246442677,0.0,58.096263,58.096263,6528.552379355765,-0.04983641406529124,0.2,1,0,0,0.0,0.0,0.0,0.0,0.0,0.0,0.0,0.0,0,0
20029,r0020,0,reactive,0.0,0.0,58.12817,58.12817,0.0,-0.018382170309937912,0.2,0,0,0,0.0,0.0,0.0,0.0,0.0,0.0,0.0,0.0,0,0
20029,r0016,0,reactive,0.0,0.0,59.572739,59.572739,0.0,0.00959099696753185,0.2,0,0,0,0.0,0.0,0.0,0.0,0.0,0.0,0.0,0.0,0,0
20029,r0016,1,reactive,920.8399758004452,0.0,59.280522,59.280522,997.8782670527266,0.08366088927157567,0.2,1,0,0,0.0,0.0,0.0,0.0,0.0,0.0,0.0,0.0,0,0
20029,r0016,2,reactive,4194.141253981365,0.0,59.406274,59.406274,3783.552912279536,-0.09789568754082141,0.2,1,0,0,0.0,0.0,0.0,0.0,0.0,0.0,0.0,0.0,0,0
20029,r0016,3,reactive,4361.101389393727,0.0,58.722687,58.722687,3888.021454739228,-0.10847716950700513,0.2,1,0,0,0.0,0.0,0.0,0.0,0.0,0.0,0.0,0.0,0,0
20029,r0014,0,reactive,0.0,0.0,59.428847,59.428847,0.0,-0.08940537745193029,0.2,1,0,0,0.0,0.0,0.0,0.0,0.0,0.0,0.0,0.0,0,0
20029,r0014,1,reactive,5341.51647597925,0.0,58.757696,58.757696,5085.125721563168,-0.04799961875416256,0.2,0,0,0,0.0,0.0,0.0,0.0,0.0,0.0,0.0,0.0,0,0
20029,r0014,2,reactive,4350.30910137418,0.0,58.656459,58.656459,4933.726621414762,0.13410944060418434,0.2,0,0,0,0.0,0.0,0.0,0.0,0.0,0.0,0.0,0.0,0,0
20030,r0017,0,reactive,3241.8244806377193,0.0,67.431633,67.431633,3684.0090329041473,0.13639990533338286,0.2,1,0,0,0.0,0.0,0.0,0.0,0.0,0.0,0.0,0.0,0,0
20030,r0014,0,reactive,1665.9982336303492,0.0,66.383471,66.383471,1903.1632127781706,0.14235608079308665,0.2,0,0,0,0.0,0.0,0.0,0.0,0.0,0.0,0.0,0.0,0,0
20030,r0005,0,reactive,0.0,0.0,67.075062,67.075062,0.0,0.17393761731047935,0.2,1,0,0,0.0,0.0,0.0,0.0,0.0,0.0,0.0,0.0,0,0
20030,r0005,1,reactive,3593.520586149938,0.0,65.408975,65.408975,4085.8398771923235,0.13700193980796177,0.2,1,0,0,0.0,0.0,0.0,0.0,0.0,0.0,0.0,0.0,0,0
20030,r0005,2,reactive,5634.858520256068,0.0,65.15562,65.15562,5537.330999625823,-0.01730789163200025,0.2,1,0,0,0.0,0.0,0.0,0.0,0.0,0.0,0.0,0.0,0,0
20030,r0013,0,reactive,1040.9866114601318,0.0,64.895181,64.895181,1025.4565236874353,-0.014918623930151531,0.2,1,0,0,0.0,0.0,0.0,0.0,0.0,0.0,0.0,0.0,0,0
20030,r0006,0,reactive,0.0,0.0,116.617137,116.617137,0.0,0.09793519469429102,0.2,1,0,0,0.0,0.0,0.0,0.0,0.0,0.0,0.0,0.0,0,0
20030,r0006,1,reactive,7364.810929616389,0.0,65.020947,65.020947,6108.350763540662,-0.17060318018797696,0.2,1,0,0,0.0,0.0,0.0,0.0,0.0,0.0,0.0,0.0,0,0
20030,r0009,0,reactive,3649.9094943186647,0.0,65.016878,65.016878,3325.3536756021626,-0.08892160729511117,0.2,0,0,0,0.0,0.0,0.0,0.0,0.0,0.0,0.0,0.0,0,0
20030,r0009,1,reactive,4958.774864452938,0.0,64.799537,64.799537,4288.672089613861,-0.13513474460046976,0.2,1,0,0,0.0,0.0,0.0,0.0,0.0,0.0,0.0,0.0,0,0
20030,r0022,0,reactive,1974.2562997795176,0.0,65.308048,65.308048,1925.9386435187962,-0.024473851883424297,0.2,1,0,0,0.0,0.0,0.0,0.0,0.0,0.0,0.0,0.0,0,0
20031,r0003,0,reactive,7543.368826510945,0.0,66.072689,66.072689,6375.913849331798,-0.15476572921585935,0.2,1,0,0,0.0,0.0,0.0,0.0,0.0,0.0,0.0,0.0,0,0
20031,r0010,0,reactive,927.1141131483328,0.0,65.729366,65.729366,942.609322770602,0.016713379078709123,0.2,1,0,0,0.0,0.0,0.0,0.0,0.0,0.0,0.0,0.0,0,0
20031,r0012,0,reactive,1284.1108943619383,0.0,65.41984,65.41984,1401.7611413631485,0.09162000534203812,0.2,0,0,0,0.0,0.0,0.0,0.0,0.0,0.0,0.0,0.0,0,0
20031,r0011,0,reactive,401.733216093955,0.0,65.71026,65.71026,442.73537047955654,0.10206314226208318,0.2,0,0,0,0.0,0.0,0.0,0.0,0.0,0.0,0.0,0.0,0,0
20031,r0011,1,reactive,7623.683302101905,0.0,66.021019,66.021019,6213.995366911492,-0.18490903665971425,0.2,1,0,0,0.0,0.0,0.0,0.0,0.0,0.0,0.0,0.0,0,0
20031,r0000,0,reactive,3286.063951730248,0.0,65.626479,65.626479,2822.766515689605,-0.14098856347476066,0.2,1,0,0,0.0,0.0,0.0,0.0,0.0,0.0,0.0,0.0,0,0
20031,r0017,0,reactive,2962.832800262644,0.0,65.129941,65.129941,2535.221750671205,-0.1443250694246172,0.2,1,0,0,0.0,0.0,0.0,0.0,0.0,0.0,0.0,0.0,0,0
20031,r0017,1,reactive,3580.9232304034304,0.0,65.412735,65.412735,3039.032139160866,-0.1513272014997972,0.2,1,0,0,0.0,0.0,0.0,0.0,0.0,0.0,0.0,0.0,0,0
20032,r0015,0,reactive,4138.38889779485,0.0,65.312027,65.312027,4678.154673908383,0.13042896389006586,0.2,0,0,0,0.0,0.0,0.0,0.0,0.0,0.0,0.0,0.0,0,0
20032,r0020,0,reactive,983.0900383383159,0.0,65.95001,65.95001,933.1951939644855,-0.05075307695942685,0.2,0,0,0,0.0,0.0,0.0,0.0,0.0,0.0,0.0,0.0,0,0
20032,r0010,0,reactive,0.0,0.0,65.622851,65.622851,0.0,0.02592314187852801,0.2,0,0,0,0.0,0.0,0.0,0.0,0.0,0.0,0.0,0.0,0,0
20032,r0006,0,reactive,0.0,0.0,65.39141,65.39141,0.0,-0.009529433891438371,0.2,0,0,0,0.0,0.0,0.0,0.0,0.0,0.0,0.0,0.0,0,0
20032,r0009,0,reactive,0.0,0.0,65.461239,65.461239,0.0,0.029222269099495712,0.2,0,0,0,0.0,0.0,0.0,0.0,0.0,0.0,0.0,0.0,0,0
20032,r0009,1,reactive,1231.3066668843057,0.0,64.952434,64.952434,1312.3172975966252,0.06579240809059261,0.2,1,0,0,0.0,0.0,0.0,0.0,0.0,0.0,0.0,0.0,0,0
20033,r0006,0,reactive,6064.331341230016,0.0,46.908176,46.908176,5229.02292945699,-0.1377412223659273,0.2,1,0,0,0.0,0.0,0.0,0.0,0.0,0.0,0.0,0.0,0,0
20033,r0020,0,reactive,0.0,0.0,63.879419,63.879419,0.0,-0.005993230194523358,0.2,1,0,0,0.0,0.0,0.0,0.0,0.0,0.0,0.0,0.0,0,0
20033,r0005,0,reactive,191.87734790373906,0.0,63.453697,63.453697,225.923690230079,0.17743804934921376,0.2,1,0,0,0.0,0.0,0.0,0.0,0.0,0.0,0.0,0.0,0,0
20033,r0000,0,reactive,4116.871774206518,0.0,63.689006,63.689006,4283.467973166232,0.04046669609762707,0.2,1,0,0,0.0,0.0,0.0,0.0,0.0,0.0,0.0,0.0,0,0
20033,r0021,0,reactive,114.10561017600594,0.0,63.367571,63.367571,134.28559253034044,0.17685355104983186,0.2,1,0,0,0.0,0.0,0.0,0.0,0.0,0.0,0.0,0.0,0,0
20033,r0017,0,reactive,147.36035164550776,0.0,47.053306,47.053306,148.4916767089403,0.007677269026570066,0.2,1,0,0,0.0,0.0,0.0,0.0,0.0,0.0,0.0,0.0,0,0
20033,r0013,0,reactive,204.50441813787984,0.0,64.065122,64.065122,220.9285469538742,0.08031185323791373,0.2,1,0,0,0.0,0.0,0.0,0.0,0.0,0.0,0.0,0.0,0,0
20033,r0013,1,reactive,4031.7000769296756,0.0,62.906108,62.906108,3279.5427260645297,-0.1865608394754275,0.2,1,0,0,0.0,0.0,0.0,0.0,0.0,0.0,0.0,0.0,0,0
20033,r0014,0,reactive,0.0,0.0,63.772773,63.772773,0.0,0.10212745408321361,0.2,0,0,0,0.0,0.0,0.0,0.0,0.0,0.0,0.0,0.0,0,0
20033,r0014,1,reactive,4166.070387593365,0.0,64.210432,64.210432,4094.327496357356,-0.017220758307315454,0.2,1,0,0,0.0,0.0,0.0,0.0,0.0,0.0,0.0,0.0,0,0
20033,r0004,0,reactive,746.9092444239577,0.0,63.856082,63.856082,727.2940113135212,-0.02626186950673573,0.2,1,0,0,0.0,0.0,0.0,0.0,0.0,0.0,0.0,0.0,0,0
20033,r0009,0,reactive,0.0,0.0,63.338422,63.338422,0.0,-0.07339558932146426,0.2,1,0,0,0.0,0.0,0.0,0.0,0.0,0.0,0.0,0.0,0,0
20034,r0015,0,reactive,92.91883180386594,0.0,63.006474,63.006474,82.48670759259552,-0.11227136640385948,0.2,1,0,0,0.0,0.0,0.0,0.0,0.0,0.0,0.0,0.0,0,0
20034,r0010,0,reactive,189.38351802822854,0.0,62.324627,62.324627,187.18500143258234,-0.01160880639738937,0.2,0,0,0,0.0,0.0,0.0,0.0,0.0,0.0,0.0,0.0,0,0
20034,r0007,0,reactive,3376.022063876864,0.0,62.880836,62.880836,3082.3382512293356,-0.08699108213477613,0.2,0,0,0,0.0,0.0,0.0,0.0,0.0,0.0,0.0,0.0,0,0
20034,r0007,1,reactive,1256.129705646992,0.0,62.566358,62.566358,1401.482035735723,0.11571442776593255,0.2,1,0,0,0.0,0.0,0.0,0.0,0.0,0.0,0.0,0.0,0,0
20034,r0013,0,reactive,3392.462108656582,0.0,59.861559,59.861559,3903.8182773909875,0.1507330523838638,0.2,1,0,0,0.0,0.0,0.0,0.0,0.0,0.0,0.0,0.0,0,0
20034,r0020,0,reactive,677.307638325743,0.0,63.079166,63.079166,699.933031984722,0.03340489960353529,0.2,1,0,0,0.0,0.0,0.0,0.0,0.0,0.0,0.0,0.0,0,0
20034,r0005,0,reactive,0.0,0.0,62.395781,62.395781,0.0,-0.10641043257813837,0.2,1,0,0,0.0,0.0,0.0,0.0,0.0,0.0,0.0,0.0,0,0
20034,r0005,1,reactive,0.0,0.0,62.230986,62.230986,0.0,0.12326205271365975,0.2,1,0,0,0.0,0.0,0.0,0.0,0.0,0.0,0.0,0.0,0,0
20034,r0005,2,reactive,4761.909734717912,0.0,61.800943,61.800943,4658.766159735649,-0.02166012812680368,0.2,1,0,0,0.0,0.0,0.0,0.0,0.0,0.0,0.0,0.0,0,0
20034,r0023,0,reactive,0.0,0.0,62.117316,62.117316,0.0,-0.11626723727873248,0.2,1,0,0,0.0,0.0,0.0,0.0,0.0,0.0,0.0,0.0,0,0
20035,r0008,0,reactive,5181.9112381889445,0.0,51.889026,51.889026,5755.657603553847,0.11072099443475314,0.2,1,0,0,0.0,0.0,0.0,0.0,0.0,0.0,0.0,0.0,0,0
20035,r0013,0,reactive,3968.1441492926133,0.0,52.08799,52.08799,4142.024836617784,0.043819145873561144,0.2,1,0,0,0.0,0.0,0.0,0.0,0.0,0.0,0.0,0.0,0,0
20035,r0010,0,reactive,4864.474704863536,0.0,52.447153,52.447153,5274.054607732509,0.08419817713503003,0.2,1,0,0,0.0,0.0,0.0,0.0,0.0,0.0,0.0,0.0,0,0
20035,r0010,1,reactive,2146.432392921379,0.0,52.206336,52.206336,1963.7036110249471,-0.08513139407467225,0.2,1,0,0,0.0,0.0,0.0,0.0,0.0,0.0,0.0,0.0,0,0
20035,r0012,0,reactive,0.0,0.0,52.437229,52.437229,0.0,-0.16593537966039895,0.2,1,0,0,0.0,0.0,0.0,0.0,0.0,0.0,0.0,0.0,0,0
20035,r0007,0,reactive,3339.9336770928203,0.0,51.969652,51.969652,3980.602524659212,0.19182082924594163,0.2,0,0,0,0.0,0.0,0.0,0.0,0.0,0.0,0.0,0.0,0,0
20036,r0018,0,reactive,3399.7878330795265,0.0,49.850023,49.850023,2959.9810907360875,-0.12936299673296447,0.2,1,0,0,0.0,0.0,0.0,0.0,0.0,0.0,0.0,0.0,0,0
20036,r0000,0,reactive,809.4914642188869,0.0,49.998012,49.998012,956.7672208662138,0.1819361452926988,0.2,0,0,0,0.0,0.0,0.0,0.0,0.0,0.0,0.0,0.0,0,0
20036,r0002,0,reactive,67.82186201111472,0.0,58.634066,58.634066,54.995863954810844,-0.18911303340804678,0.2,1,0,0,0.0,0.0,0.0,0.0,0.0,0.0,0.0,0.0,0,0
20036,r0002,1,reactive,6062.595126039752,0.0,52.336546,52.336546,5578.924225762753,-0.07977951524415028,0.2,1,0,0,0.0,0.0,0.0,0.0,0.0,0.0,0.0,0.0,0,0
20036,r0002,2,reactive,4599.961284994384,0.0,52.452866,52.452866,4147.2256745961495,-0.09842161321555287,0.2,1,0,0,0.0,0.0,0.0,0.0,0.0,0.0,0.0,0.0,0,0
20036,r0008,0,reactive,306.2814185972893,0.0,58.391543,58.391543,344.4274359865955,0.12454564682378616,0.2,1,0,0,0.0,0.0,0.0,0.0,0.0,0.0,0.0,0.0,0,0
20036,r0015,0,reactive,3152.5980450757816,0.0,58.407358,58.407358,3281.5093687263925,0.04089050421507573,0.2,1,0,0,0.0,0.0,0.0,0.0,0.0,0.0,0.0,0.0,0,0
20036,r0005,0,reactive,4092.833582620471,0.0,58.437975,58.437975,3670.6354509732296,-0.10315546017801341,0.2,0,0,0,0.0,0.0,0.0,0.0,0.0,0.0,0.0,0.0,0,0
20036,r0005,1,reactive,4708.391110096509,0.0,61.821203,61.821203,4932.89425931206,0.04768149968131036,0.2,0,0,0,0.0,0.0,0.0,0.0,0.0,0.0,0.0,0.0,0,0
20037,r0007,0,reactive,2957.6592102367454,0.0,69.03066,69.03066,2667.1721975786845,-0.09821517355774359,0.2,1,0,0,0.0,0.0,0.0,0.0,0.0,0.0,0.0,0.0,0,0
20037,r0002,0,reactive,0.0,0.0,69.415702,69.415702,0.0,-0.04471576016231035,0.2,1,0,0,0.0,0.0,0.0,0.0,0.0,0.0,0.0,0.0,0,0
20037,r0023,0,reactive,205.94749157945807,0.0,69.003761,69.003761,219.3616690819955,0.0651339688561442,0.2,1,0,0,0.0,0.0,0.0,0.0,0.0,0.0,0.0,0.0,0,0
20037,r0004,0,reactive,1065.7758259619368,0.0,69.347943,69.347943,1097.2876832959569,0.029567059569566123,0.2,1,0,0,0.0,0.0,0.0,0.0,0.0,0.0,0.0,0.0,0,0
20037,r0011,0,reactive,1996.9210792937538,0.0,69.447796,69.447796,2187.6014880906246,0.09548720316193388,0.2,1,0,0,0.0,0.0,0.0,0.0,0.0,0.0,0.0,0.0,0,0
20037,r0013,0,reactive,953.8737605873903,0.0,69.922702,69.922702,827.944724818277,-0.13201855525574674,0.2,1,0,0,0.0,0.0,0.0,0.0,0.0,0.0,0.0,0.0,0,0
20038,r0015,0,reactive,7941.527544476061,0.0,35.803394,35.803394,8804.582719757713,0.10867621757252133,0.2,1,0,0,0.0,0.0,0.0,0.0,0.0,0.0,0.0,0.0,0,0
20038,r0015,1,reactive,3453.345915236083,0.0,63.904636,63.904636,3947.801719316947,0.14318166097967094,0.2,1,0,0,0.0,0.0,0.0,0.0,0.0,0.0,0.0,0.0,0,0
20038,r0015,2,reactive,4079.1364336542974,0.0,64.374812,64.374812,4130.617068787298,0.012620473958229794,0.2,1,0,0,0.0,0.0,0.0,0.0,0.0,0.0,0.0,0.0,0,0
20038,r0016,0,reactive,133.91999730242242,0.0,64.375623,64.375623,138.59067913085073,0.03487665712747012,0.2,1,0,0,0.0,0.0,0.0,0.0,0.0,0.0,0.0,0.0,0,0
20038,r0002,0,reactive,0.0,0.0,36.474446,36.474446,0.0,0.16103333381175217,0.2,1,0,0,0.0,0.0,0.0,0.0,0.0,0.0,0.0,0.0,0,0
20038,r0002,1,reactive,1738.5899934960144,0.0,65.753882,65.753882,1644.8917862889173,-0.05389321666270819,0.2,1,0,0,0.0,0.0,0.0,0.0,0.0,0.0,0.0,0.0,0,0
20038,r0002,2,reactive,5446.113994446532,0.0,130.834539,130.834539,5100.243966778777,-0.06350767318136255,0.2,1,0,0,0.0,0.0,0.0,0.0,0.0,0.0,0.0,0.0,0,0
20038,r0002,3,reactive,3176.644562239533,0.0,64.96763,64.96763,3354.286474317413,0.05592124287038336,0.2,1,0,0,0.0,0.0,0.0,0.0,0.0,0.0,0.0,0.0,0,0
20038,r0018,0,reactive,0.0,0.0,37.007144,37.007144,0.0,-0.1719338758436403,0.2,1,0,0,0.0,0.0,0.0,0.0,0.0,0.0,0.0,0.0,0,0
20038,r0018,1,reactive,0.0,0.0,66.201324,66.201324,0.0,-0.13232020590242888,0.2,1,0,0,0.0,0.0,0.0,0.0,0.0,0.0,0.0,0.0,0,0
20038,r0018,2,reactive,5260.173909621459,0.0,65.008163,65.008163,5294.0057909747175,0.006431703957805762,0.2,1,0,0,0.0,0.0,0.0,0.0,0.0,0.0,0.0,0.0,0,0
20038,r0010,0,reactive,2140.7774448670134,0.0,36.357242,36.357242,1787.1396617558894,-0.16519128784687492,0.2,1,0,0,0.0,0.0,0.0,0.0,0.0,0.0,0.0,0.0,0,0
20038,r0007,0,reactive,3293.2963655815074,0.0,36.843877,36.843877,2862.6294495903867,-0.1307707743803606,0.2,1,0,0,0.0,0.0,0.0,0.0,0.0,0.0,0.0,0.0,0,0
20038,r0007,1,reactive,6381.127598583575,0.0,64.494595,64.494595,7636.271251530367,0.1966962160771396,0.2,1,0,0,0.0,0.0,0.0,0.0,0.0,0.0,0.0,0.0,0,0
20038,r0023,0,reactive,0.0,0.0,39.483671,39.483671,0.0,0.10296731331584347,0.2,1,0,0,0.0,0.0,0.0,0.0,0.0,0.0,0.0,0.0,0,0
20038,r0023,1,reactive,0.0,0.0,65.005651,65.005651,0.0,0.08277632897275639,0.2,1,0,0,0.0,0.0,0.0,0.0,0.0,0.0,0.0,0.0,0,0
20038,r0023,2,reactive,2386.3336295820845,0.0,65.055228,65.055228,2083.255144013777,-0.12700591476866752,0.2,1,0,0,0.0,0.0,0.0,0.0,0.0,0.0,0.0,0.0,0,0
20038,r0005,0,reactive,0.0,0.0,36.77961,36.77961,0.0,-0.13056830656406718,0.2,1,0,0,0.0,0.0,0.0,0.0,0.0,0.0,0.0,0.0,0,0
20038,r0005,1,reactive,669.5345023402879,0.0,68.784443,68.784443,746.3040391693964,0.11466106161933198,0.2,1,0,0,0.0,0.0,0.0,0.0,0.0,0.0,0.0,0.0,0,0
20038,r0019,0,reactive,0.0,0.0,36.2454,36.2454,0.0,-0.17025427697977724,0.2,1,0,0,0.0,0.0,0.0,0.0,0.0,0.0,0.0,0.0,0,0
20039,r0014,0,reactive,5084.899346475655,0.0,69.268793,69.268793,4416.407218697627,-0.1314661475534143,0.2,1,0,0,0.0,0.0,0.0,0.0,0.0,0.0,0.0,0.0,0,0
20039,r0010,0,reactive,3159.1135939543456,0.0,65.687831,65.687831,3290.5581533258273,0.04160805094917436,0.2,1,0,0,0.0,0.0,0.0,0.0,0.0,0.0,0.0,0.0,0,0
20039,r0022,0,reactive,5223.940935366107,0.0,65.173352,65.173352,6074.813178490994,0.16287937663392726,0.2,1,0,0,0.0,0.0,0.0,0.0,0.0,0.0,0.0,0.0,0,0
20039,r0019,0,reactive,3520.833025717762,0.0,65.336457,65.336457,3318.534886284406,-0.057457464740781145,0.2,1,0,0,0.0,0.0,0.0,0.0,0.0,0.0,0.0,0.0,0,0
20039,r0019,1,reactive,5531.039304913724,0.0,64.887492,64.887492,4830.053292233633,-0.12673676212304996,0.2,0,0,0,0.0,0.0,0.0,0.0,0.0,0.0,0.0,0.0,0,0
20039,r0021,0,reactive,2568.164723042024,0.0,64.909006,64.909006,2860.7071653041617,0.11391108975113456,0.2,1,0,0,0.0,0.0,0.0,0.0,0.0,0.0,0.0,0.0,0,0
20039,r0021,1,reactive,3156.768887904247,0.0,64.86476,64.86476,2823.7714588488475,-0.1054867938959173,0.2,0,0,0,0.0,0.0,0.0,0.0,0.0,0.0,0.0,0.0,0,0
20040,r0012,0,reactive,1262.5281629092242,0.0,60.899535,60.899535,1221.211797474086,-0.03272510400079587,0.2,1,0,0,0.0,0.0,0.0,0.0,0.0,0.0,0.0,0.0,0,0
20040,r0015,0,reactive,0.0,0.0,61.254081,61.254081,0.0,-0.07579481500960444,0.2,0,0,0,0.0,0.0,0.0,0.0,0.0,0.0,0.0,0.0,0,0
20040,r0013,0,reactive,3154.6228726412155,0.0,60.971716,60.971716,3560.8686010080164,0.1287779061928473,0.2,1,0,0,0.0,0.0,0.0,0.0,0.0,0.0,0.0,0.0,0,0
20040,r0006,0,reactive,1855.6699772562333,0.0,61.085961,61.085961,2136.1647820216176,0.15115554392927122,0.2,1,0,0,0.0,0.0,0.0,0.0,0.0,0.0,0.0,0.0,0,0
20040,r0016,0,reactive,223.8355346334538,0.0,61.132849,61.132849,204.4661044894936,-0.08653420546330577,0.2,1,0,0,0.0,0.0,0.0,0.0,0.0,0.0,0.0,0.0,0,0
20040,r0016,1,reactive,6804.57441343824,0.0,60.82284,60.82284,6152.298737055356,-0.09585840888075473,0.2,1,0,0,0.0,0.0,0.0,0.0,0.0,0.0,0.0,0.0,0,0
20040,r0007,0,reactive,196.865615191502,0.0,60.798763,60.798763,177.6062440116545,-0.09783004086880723,0.2,1,0,0,0.0,0.0,0.0,0.0,0.0,0.0,0.0,0.0,0,0
20040,r0011,0,reactive,0.0,0.0,60.845698,60.845698,0.0,0.07959164222698828,0.2,1,0,0,0.0,0.0,0.0,0.0,0.0,0.0,0.0,0.0,0,0
20040,r0011,1,reactive,4388.637926348896,0.0,60.841989,60.841989,4667.611611522622,0.06356725933091889,0.2,0,0,0,0.0,0.0,0.0,0.0,0.0,0.0,0.0,0.0,0,0
20040,r0011,2,reactive,3232.1589797648885,0.0,60.594708,60.594708,3671.948897024936,0.13606691997930087,0.2,1,0,0,0.0,0.0,0.0,0.0,0.0,0.0,0.0,0.0,0,0
20041,r0005,0,reactive,557.0841989497794,0.0,68.257489,68.257489,480.4900035360413,-0.13749123661761412,0.2,1,0,0,0.0,0.0,0.0,0.0,0.0,0.0,0.0,0.0,0,0
20041,r0005,1,reactive,8353.382129007323,0.0,67.423945,67.423945,8675.23808530398,0.03853001710277382,0.2,0,0,0,0.0,0.0,0.0,0.0,0.0,0.0,0.0,0.0,0,0
20041,r0003,0,reactive,5143.138969194034,0.0,67.439874,67.439874,5254.399903962533,0.021632885176722016,0.2,1,0,0,0.0,0.0,0.0,0.0,0.0,0.0,0.0,0.0,0,0
20041,r0003,1,reactive,7526.779465484249,0.0,67.698531,67.698531,7768.631454743998,0.032132200812952816,0.2,0,0,0,0.0,0.0,0.0,0.0,0.0,0.0,0.0,0.0,0,0
20041,r0015,0,reactive,0.0,0.0,60.562502,60.562502,0.0,-0.14657469592964875,0.2,1,0,0,0.0,0.0,0.0,0.0,0.0,0.0,0.0,0.0,0,0
20041,r0010,0,reactive,1696.5346285464148,0.0,59.910219,59.910219,1627.743691317922,-0.04054791223886345,0.2,1,0,0,0.0,0.0,0.0,0.0,0.0,0.0,0.0,0.0,0,0
20041,r0018,0,reactive,0.0,0.0,68.379401,68.379401,0.0,-0.010890124428829917,0.2,1,0,0,0.0,0.0,0.0,0.0,0.0,0.0,0.0,0.0,0,0
20041,r0002,0,reactive,0.0,0.0,68.574983,68.574983,0.0,-0.07997522773116233,0.2,1,0,0,0.0,0.0,0.0,0.0,0.0,0.0,0.0,0.0,0,0
20041,r0008,0,reactive,3432.183774070927,0.0,69.249146,69.249146,3809.92917536223,0.11005978297113667,0.2,1,0,0,0.0,0.0,0.0,0.0,0.0,0.0,0.0,0.0,0,0
20041,r0008,1,reactive,6732.400678778824,0.0,68.177493,68.177493,7151.719768706381,0.06228373947636412,0.2,0,0,0,0.0,0.0,0.0,0.0,0.0,0.0,0.0,0.0,0,0
20042,r0002,0,reactive,5757.113776183874,0.0,63.195948,63.195948,6423.294946528752,0.11571443543477428,0.2,1,0,0,0.0,0.0,0.0,0.0,0.0,0.0,0.0,0.0,0,0
20042,r0002,1,reactive,5973.886538732465,0.0,62.32186,62.32186,6378.04478732342,0.06765415545985726,0.2,1,0,0,0.0,0.0,0.0,0.0,0.0,0.0,0.0,0.0,0,0
20042,r0016,0,reactive,1531.7318844500023,0.0,62.852697,62.852697,1713.6168071862023,0.11874462142015746,0.2,1,0,0,0.0,0.0,0.0,0.0,0.0,0.0,0.0,0.0,0,0
20042,r0017,0,reactive,309.7413017554554,0.0,62.96146,62.96146,327.1715510225714,0.05627357142341127,0.2,1,0,0,0.0,0.0,0.0,0.0,0.0,0.0,0.0,0.0,0,0
20042,r0008,0,reactive,0.0,0.0,62.662384,62.662384,0.0,-0.14593190497216182,0.2,1,0,0,0.0,0.0,0.0,0.0,0.0,0.0,0.0,0.0,0,0
20042,r0008,1,reactive,2129.0554752209755,0.0,62.730511,62.730511,2501.7674124482783,0.17505975845397764,0.2,1,0,0,0.0,0.0,0.0,0.0,0.0,0.0,0.0,0.0,0,0
20042,r0009,0,reactive,39.73240266808716,0.0,62.773598,62.773598,40.031201443415405,0.007520279551788495,0.2,1,0,0,0.0,0.0,0.0,0.0,0.0,0.0,0.0,0.0,0,0
20042,r0010,0,reactive,0.0,0.0,62.824284,62.824284,0.0,0.18706228846160228,0.2,1,0,0,0.0,0.0,0.0,0.0,0.0,0.0,0.0,0.0,0,0
20042,r0018,0,reactive,0.0,0.0,63.308321,63.308321,0.0,0.18802492059117487,0.2,1,0,0,0.0,0.0,0.0,0.0,0.0,0.0,0.0,0.0,0,0
20042,r0023,0,reactive,0.0,0.0,62.809172,62.809172,0.0,-0.19105161385220595,0.2,1,0,0,0.0,0.0,0.0,0.0,0.0,0.0,0.0,0.0,0,0
20042,r0023,1,reactive,206.49541140324072,0.0,62.850437,62.850437,224.548374484603,0.08742549269585814,0.2,0,0,0,0.0,0.0,0.0,0.0,0.0,0.0,0.0,0.0,0,0
20042,r0014,0,reactive,0.0,0.0,62.398369,62.398369,0.0,0.1073062982164883,0.2,1,0,0,0.0,0.0,0.0,0.0,0.0,0.0,0.0,0.0,0,0
20042,r0001,0,reactive,0.0,0.0,62.579021,62.579021,0.0,0.005506473179963001,0.2,1,0,0,0.0,0.0,0.0,0.0,0.0,0.0,0.0,0.0,0,0
20042,r0001,1,reactive,4310.847076265465,0.0,62.550519,62.550519,3523.9878478641954,-0.1825300722759423,0.2,0,0,0,0.0,0.0,0.0,0.0,0.0,0.0,0.0,0.0,0,0
20042,r0001,2,reactive,6321.532921376271,0.0,63.086913,63.086913,7160.374723431344,0.13269594772156124,0.2,1,0,0,0.0,0.0,0.0,0.0,0.0,0.0,0.0,0.0,0,0
20042,r0007,0,reactive,172.52471462831454,0.0,62.768492,62.768492,183.44883524355328,0.0633191635109992,0.2,1,0,0,0.0,0.0,0.0,0.0,0.0,0.0,0.0,0.0,0,0
20043,r0014,0,reactive,2583.450476812013,0.0,55.133767,55.133767,2611.144427362758,0.010719752826428841,0.2,1,0,0,0.0,0.0,0.0,0.0,0.0,0.0,0.0,0.0,0,0
20043,r0002,0,reactive,5325.87096914271,0.0,55.072221,55.072221,4568.874699948943,-0.14213567575701488,0.2,1,0,0,0.0,0.0,0.0,0.0,0.0,0.0,0.0,0.0,0,0
20043,r0008,0,reactive,433.9960924188945,0.0,55.509614,55.509614,471.0448491844773,0.08536656760914613,0.2,1,0,0,0.0,0.0,0.0,0.0,0.0,0.0,0.0,0.0,0,0
20043,r0017,0,reactive,871.5593745770038,0.0,54.785424,54.785424,812.6729369865678,-0.06756445895497995,0.2,1,0,0,0.0,0.0,0.0,0.0,0.0,0.0,0.0,0.0,0,0
20043,r0023,0,reactive,764.6519005612172,0.0,60.419226,60.419226,734.7840960449166,-0.03906065556677363,0.2,0,0,0,0.0,0.0,0.0,0.0,0.0,0.0,0.0,0.0,0,0
20043,r0023,1,reactive,3011.570396368934,0.0,60.008767,60.008767,3354.60664906141,0.11390610463765899,0.2,1,0,0,0.0,0.0,0.0,0.0,0.0,0.0,0.0,0.0,0,0
20043,r0003,0,reactive,4618.842624414989,0.0,60.750676,60.750676,5055.075024500579,0.09444625754938835,0.2,1,0,0,0.0,0.0,0.0,0.0,0.0,0.0,0.0,0.0,0,0
20043,r0003,1,reactive,9073.021698494988,0.0,60.00742,60.00742,10794.183144344857,0.18970101726256983,0.2,0,0,0,0.0,0.0,0.0,0.0,0.0,0.0,0.0,0.0,0,0
20043,r0013,0,reactive,0.0,0.0,60.197033,60.197033,0.0,0.09307444660417252,0.2,1,0,0,0.0,0.0,0.0,0.0,0.0,0.0,0.0,0.0,0,0
20043,r0005,0,reactive,1896.7206787027062,0.0,60.747894,60.747894,1885.9419263238105,-0.00568283590721852,0.2,1,0,0,0.0,0.0,0.0,0.0,0.0,0.0,0.0,0.0,0,0
20043,r0005,1,reactive,5845.177269001633,0.0,60.444954,60.444954,4778.835406624707,-0.18243105611732113,0.2,1,0,0,0.0,0.0,0.0,0.0,0.0,0.0,0.0,0.0,0,0
20043,r0004,0,reactive,1130.5509300220183,0.0,60.528068,60.528068,1033.0712842882542,-0.08622313523890997,0.2,1,0,0,0.0,0.0,0.0,0.0,0.0,0.0,0.0,0.0,0,0
20043,r0004,1,reactive,6566.337088284003,0.0,130.472838,130.472838,6492.6301081767,-0.01122497659141114,0.2,0,0,0,0.0,0.0,0.0,0.0,0.0,0.0,0.0,0.0,0,0
20043,r0010,0,reactive,527.654402264463,0.0,59.878784,59.878784,472.8850710456784,-0.10379773386470093,0.2,1,0,0,0.0,0.0,0.0,0.0,0.0,0.0,0.0,0.0,0,0
20044,r0015,0,reactive,3744.3832527614677,0.0,54.554923,54.554923,4320.527580661252,0.1538689522433045,0.2,0,0,0,0.0,0.0,0.0,0.0,0.0,0.0,0.0,0.0,0,0
20044,r0015,1,reactive,2902.304342048964,0.0,54.097856,54.097856,2644.7323791416798,-0.08874739949754683,0.2,0,0,0,0.0,0.0,0.0,0.0,0.0,0.0,0.0,0.0,0,0
20044,r0000,0,reactive,6239.8834161099585,0.0,65.907901,65.907901,5909.313937411716,-0.05297686778005928,0.2,1,0,0,0.0,0.0,0.0,0.0,0.0,0.0,0.0,0.0,0,0
20044,r0013,0,reactive,1219.1801071223963,0.0,65.750977,65.750977,1027.4029700019446,-0.15730008716521715,0.2,1,0,0,0.0,0.0,0.0,0.0,0.0,0.0,0.0,0.0,0,0
20044,r0021,0,reactive,1163.4289177535102,0.0,65.305691,65.305691,1270.8806663607281,0.09235781143784777,0.2,1,0,0,0.0,0.0,0.0,0.0,0.0,0.0,0.0,0.0,0,0
20044,r0007,0,reactive,0.0,0.0,65.580991,65.580991,0.0,-0.07159484862660129,0.2,1,0,0,0.0,0.0,0.0,0.0,0.0,0.0,0.0,0.0,0,0
20044,r0009,0,reactive,0.0,0.0,55.006844,55.006844,0.0,0.1410867884932127,0.2,1,0,0,0.0,0.0,0.0,0.0,0.0,0.0,0.0,0.0,0,0
20044,r0009,1,reactive,7351.2872226859,0.0,54.503154,54.503154,6098.500166870543,-0.17041737288529357,0.2,0,0,0,0.0,0.0,0.0,0.0,0.0,0.0,0.0,0.0,0,0
20044,r0009,2,reactive,3185.467003896956,0.0,54.333197,54.333197,3169.583031606744,-0.0049863873243014,0.2,0,0,0,0.0,0.0,0.0,0.0,0.0,0.0,0.0,0.0,0,0
20044,r0008,0,reactive,0.0,0.0,54.795853,54.795853,0.0,0.1178634268646459,0.2,1,0,0,0.0,0.0,0.0,0.0,0.0,0.0,0.0,0.0,0,0
20044,r0008,1,reactive,3270.5681423691785,0.0,54.849737,54.849737,3365.42423054391,0.029002938952991247,0.2,1,0,0,0.0,0.0,0.0,0.0,0.0,0.0,0.0,0.0,0,0
20044,r0004,0,reactive,526.708829284471,0.0,54.503946,54.503946,555.8674375583302,0.055360014210262765,0.2,1,0,0,0.0,0.0,0.0,0.0,0.0,0.0,0.0,0.0,0,0
20044,r0004,1,reactive,3302.220263462448,0.0,66.231206,66.231206,3649.147627762262,0.10505882001222205,0.2,1,0,0,0.0,0.0,0.0,0.0,0.0,0.0,0.0,0.0,0,0
20044,r0004,2,reactive,6353.868079895445,0.0,65.501977,65.501977,6505.475348076413,0.023860625728235607,0.2,1,0,0,0.0,0.0,0.0,0.0,0.0,0.0,0.0,0.0,0,0
20044,r0017,0,reactive,2250.080577177978,0.0,55.2443,55.2443,2642.0352669940376,0.1741958460472755,0.2,1,0,0,0.0,0.0,0.0,0.0,0.0,0.0,0.0,0.0,0,0
20044,r0020,0,reactive,4181.824307013754,0.0,55.425943,55.425943,3962.1141564611144,-0.052539306872395886,0.2,1,0,0,0.0,0.0,0.0,0.0,0.0,0.0,0.0,0.0,0,0
20044,r0020,1,reactive,6167.521661699233,0.0,54.876949,54.876949,5600.774195093814,-0.09189225392185688,0.2,1,0,0,0.0,0.0,0.0,0.0,0.0,0.0,0.0,0.0,0,0
20044,r0020,2,reactive,4397.265855917074,0.0,54.460078,54.460078,4777.090531141232,0.08637746446762057,0.2,1,0,0,0.0,0.0,0.0,0.0,0.0,0.0,0.0,0.0,0,0
20045,r0015,0,reactive,4524.252143358788,0.0,62.593972,62.593972,3902.991449578949,-0.1373178757713132,0.2,1,0,0,0.0,0.0,0.0,0.0,0.0,0.0,0.0,0.0,0,0
20045,r0015,1,reactive,3348.592349820072,0.0,62.243126,62.243126,2683.877838907003,-0.19850565296453168,0.2,0,0,0,0.0,0.0,0.0,0.0,0.0,0.0,0.0,0.0,0,0
20045,r0002,0,reactive,0.0,0.0,62.398728,62.398728,0.0,-0.10345790762761956,0.2,1,0,0,0.0,0.0,0.0,0.0,0.0,0.0,0.0,0.0,0,0
20045,r0016,0,reactive,2493.412557413496,0.0,62.288531,62.288531,2459.19987861038,-0.013721226638324951,0.2,0,0,0,0.0,0.0,0.0,0.0,0.0,0.0,0.0,0.0,0,0
20046,r0005,0,reactive,2763.9106773827084,0.0,63.275519,63.275519,2563.088886657783,-0.07265856757537997,0.2,1,0,0,0.0,0.0,0.0,0.0,0.0,0.0,0.0,0.0,0,0
20046,r0005,1,reactive,3476.9402144897176,0.0,63.192471,63.192471,3962.259371502343,0.13958225539516556,0.2,0,0,0,0.0,0.0,0.0,0.0,0.0,0.0,0.0,0.0,0,0
20046,r0001,0,reactive,50.72033822543017,0.0,63.379369,63.379369,57.876982070887536,0.1411000812662005,0.2,1,0,0,0.0,0.0,0.0,0.0,0.0,0.0,0.0,0.0,0,0
20046,r0013,0,reactive,2334.959912938686,0.0,62.864029,62.864029,2021.545559077804,-0.13422686707560283,0.2,1,0,0,0.0,0.0,0.0,0.0,0.0,0.0,0.0,0.0,0,0
20046,r0013,1,reactive,2944.535969983641,0.0,62.99507,62.99507,2925.5823492930117,-0.006436878640247917,0.2,1,0,0,0.0,0.0,0.0,0.0,0.0,0.0,0.0,0.0,0,0
20046,r0012,0,reactive,872.4737972763578,0.0,63.132943,63.132943,834.0735840717186,-0.04401302746800523,0.2,1,0,0,0.0,0.0,0.0,0.0,0.0,0.0,0.0,0.0,0,0
20046,r0015,0,reactive,3059.93759435257,0.0,63.747382,63.747382,2974.100739947244,-0.02805183169870737,0.2,0,0,0,0.0,0.0,0.0,0.0,0.0,0.0,0.0,0.0,0,0
20046,r0022,0,reactive,0.0,0.0,63.497104,63.497104,0.0,-0.10010337007721266,0.2,0,0,0,0.0,0.0,0.0,0.0,0.0,0.0,0.0,0.0,0,0
20046,r0022,1,reactive,5394.25572862212,0.0,63.452121,63.452121,5528.97367267235,0.024974333963332762,0.2,1,0,0,0.0,0.0,0.0,0.0,0.0,0.0,0.0,0.0,0,0
20046,r0022,2,reactive,3547.0646460043426,0.0,63.668247,63.668247,3754.4447085837605,0.05846526163909216,0.2,1,0,0,0.0,0.0,0.0,0.0,0.0,0.0,0.0,0.0,0,0
20047,r0004,0,reactive,693.4606890756368,0.0,63.451509,63.451509,625.5852645470044,-0.09787926784877801,0.2,1,0,0,0.0,0.0,0.0,0.0,0.0,0.0,0.0,0.0,0,0
20047,r0010,0,reactive,1231.2566671731638,0.0,63.734049,63.734049,1194.207782445468,-0.030090301815588333,0.2,1,0,0,0.0,0.0,0.0,0.0,0.0,0.0,0.0,0.0,0,0
20047,r0010,1,reactive,3275.8676904993154,0.0,63.645635,63.645635,3373.6896999657733,0.029861404277761794,0.2,1,0,0,0.0,0.0,0.0,0.0,0.0,0.0,0.0,0.0,0,0
20047,r0010,2,reactive,3661.3497829793523,0.0,63.472038,63.472038,3688.9885229346123,0.00754878435372261,0.2,1,0,0,0.0,0.0,0.0,0.0,0.0,0.0,0.0,0.0,0,0
20047,r0008,0,reactive,7611.488281292815,0.0,63.989318,63.989318,8121.677606239333,0.06702885245194934,0.2,1,0,0,0.0,0.0,0.0,0.0,0.0,0.0,0.0,0.0,0,0
20047,r0001,0,reactive,0.0,0.0,63.3804,63.3804,0.0,-0.03858806052540226,0.2,1,0,0,0.0,0.0,0.0,0.0,0.0,0.0,0.0,0.0,0,0
20047,r0023,0,reactive,3803.0234678630914,0.0,63.062591,63.062591,3306.5318603504015,-0.13055181271118127,0.2,1,0,0,0.0,0.0,0.0,0.0,0.0,0.0,0.0,0.0,0,0
20047,r0023,1,reactive,3855.724999412909,0.0,63.802583,63.802583,3912.2691024819082,0.01466497301483094,0.2,1,0,0,0.0,0.0,0.0,0.0,0.0,0.0,0.0,0.0,0,0
20047,r0003,0,reactive,0.0,0.0,63.571691,63.571691,0.0,0.19418066855467475,0.2,1,0,0,0.0,0.0,0.0,0.0,0.0,0.0,0.0,0.0,0,0
20047,r0003,1,reactive,3831.991295952146,0.0,63.436161,63.436161,4056.920519074425,0.05869773852562721,0.2,1,0,0,0.0,0.0,0.0,0.0,0.0,0.0,0.0,0.0,0,0
20048,r0001,0,reactive,6531.275982714535,0.0,66.767583,66.767583,5388.298460745952,-0.17500064688638936,0.2,0,0,0,0.0,0.0,0.0,0.0,0.0,0.0,0.0,0.0,0,0
20048,r0000,0,reactive,2721.2596079499726,0.0,66.103457,66.103457,2831.078074949009,0.040355748006625,0.2,0,0,0,0.0,0.0,0.0,0.0,0.0,0.0,0.0,0.0,0,0
20048,r0007,0,reactive,0.0,0.0,66.264265,66.264265,0.0,-0.16742259809189017,0.2,1,0,0,0.0,0.0,0.0,0.0,0.0,0.0,0.0,0.0,0,0
20048,r0007,1,reactive,1365.2117277287834,0.0,65.910777,65.910777,1145.892420635308,-0.16064856654750767,0.2,0,0,0,0.0,0.0,0.0,0.0,0.0,0.0,0.0,0.0,0,0
20048,r0008,0,reactive,0.0,0.0,65.959364,65.959364,0.0,0.09292673843748761,0.2,1,0,0,0.0,0.0,0.0,0.0,0.0,0.0,0.0,0.0,0,0
20048,r0003,0,reactive,6207.9365296627875,0.0,66.045818,66.045818,5201.037967895858,-0.16219536990363267,0.2,0,0,0,0.0,0.0,0.0,0.0,0.0,0.0,0.0,0.0,0,0
20048,r0017,0,reactive,1863.4719117003842,0.0,70.068106,70.068106,1535.6250314514991,-0.17593336298250437,0.2,1,0,0,0.0,0.0,0.0,0.0,0.0,0.0,0.0,0.0,0,0
20048,r0004,0,reactive,61.62591274018996,0.0,66.468772,66.468772,49.470995305307305,-0.19723711819290757,0.2,1,0,0,0.0,0.0,0.0,0.0,0.0,0.0,0.0,0.0,0,0
20048,r0004,1,reactive,5540.889677170857,0.0,66.213165,66.213165,5255.390041294414,-0.05152595566967097,0.2,1,0,0,0.0,0.0,0.0,0.0,0.0,0.0,0.0,0.0,0,0
20049,r0000,0,reactive,2039.300066596048,0.0,71.648127,71.648127,1880.1371773590881,-0.07804780269665318,0.2,0,0,0,0.0,0.0,0.0,0.0,0.0,0.0,0.0,0.0,0,0
20049,r0000,1,reactive,9508.278158056159,0.0,70.79983,70.79983,8823.102878837337,-0.07206092079229803,0.2,1,0,0,0.0,0.0,0.0,0.0,0.0,0.0,0.0,0.0,0,0
20049,r0009,0,reactive,649.3681970038242,0.0,70.919232,70.919232,653.1371448745127,0.005804022876510467,0.2,1,0,0,0.0,0.0,0.0,0.0,0.0,0.0,0.0,0.0,0,0
20049,r0009,1,reactive,5324.507424601462,0.0,70.973244,70.973244,4572.275026787772,-0.14127736855771122,0.2,1,0,0,0.0,0.0,0.0,0.0,0.0,0.0,0.0,0.0,0,0
20049,r0021,0,reactive,750.5166213875818,0.0,71.448136,71.448136,697.2237128765884,-0.07100829880684531,0.2,1,0,0,0.0,0.0,0.0,0.0,0.0,0.0,0.0,0.0,0,0
20049,r0014,0,reactive,0.0,0.0,71.590797,71.590797,0.0,0.008423641213516658,0.2,1,0,0,0.0,0.0,0.0,0.0,0.0,0.0,0.0,0.0,0,0
20049,r0014,1,reactive,5900.27106592603,0.0,71.177531,71.177531,4737.077126584884,-0.19714245775225,0.2,1,0,0,0.0,0.0,0.0,0.0,0.0,0.0,0.0,0.0,0,0
20049,r0014,2,reactive,4593.382782743618,0.0,71.049954,71.049954,5177.291823625658,0.1271196128212228,0.2,1,0,0,0.0,0.0,0.0,0.0,0.0,0.0,0.0,0.0,0,0
20049,r0007,0,reactive,0.0,0.0,71.064078,71.064078,0.0,0.09091049180757466,0.2,1,0,0,0.0,0.0,0.0,0.0,0.0,0.0,0.0,0.0,0,0
20049,r0007,1,reactive,5657.744079789216,0.0,70.739051,70.739051,4670.40336833807,-0.1745113772427702,0.2,0,0,0,0.0,0.0,0.0,0.0,0.0,0.0,0.0,0.0,0,0
20049,r0006,0,reactive,5252.156253589044,0.0,71.003386,71.003386,5352.728706201348,0.019148792944531756,0.2,1,0,0,0.0,0.0,0.0,0.0,0.0,0.0,0.0,0.0,0,0
20049,r0006,1,reactive,4387.301433876499,0.0,70.27715,70.27715,4034.663799085493,-0.08037688773060331,0.2,1,0,0,0.0,0.0,0.0,0.0,0.0,0.0,0.0,0.0,0,0
20049,r0008,0,reactive,0.0,0.0,70.382067,70.382067,0.0,-0.07741516954393375,0.2,1,0,0,0.0,0.0,0.0,0.0,0.0,0.0,0.0,0.0,0,0
20050,r0019,0,reactive,3566.1646347991446,0.0,66.171777,66.171777,3525.382747339542,-0.011435783716109649,0.2,1,0,0,0.0,0.0,0.0,0.0,0.0,0.0,0.0,0.0,0,0
20050,r0019,1,reactive,5153.422468268556,0.0,64.908403,64.908403,4914.842672723507,-0.04629540795734649,0.2,1,0,0,0.0,0.0,0.0,0.0,0.0,0.0,0.0,0.0,0,0
20050,r0000,0,reactive,1164.4826847466284,0.0,66.617635,66.617635,1276.832656418446,0.09648058588029873,0.2,1,0,0,0.0,0.0,0.0,0.0,0.0,0.0,0.0,0.0,0,0
20050,r0000,1,reactive,5778.690449666712,0.0,65.341821,65.341821,5181.217381427828,-0.10339246814532932,0.2,1,0,0,0.0,0.0,0.0,0.0,0.0,0.0,0.0,0.0,0,0
20050,r0012,0,reactive,4239.537545712265,0.0,66.41393,66.41393,4564.94878542564,0.07675630565944325,0.2,1,0,0,0.0,0.0,0.0,0.0,0.0,0.0,0.0,0.0,0,0
20050,r0012,1,reactive,5975.1901876904485,0.0,65.219342,65.219342,4916.421521777297,-0.1771941365304709,0.2,1,0,0,0.0,0.0,0.0,0.0,0.0,0.0,0.0,0.0,0,0
20050,r0003,0,reactive,4308.181844892548,0.0,66.212336,66.212336,4054.6918219801764,-0.05883921153720331,0.2,0,0,0,0.0,0.0,0.0,0.0,0.0,0.0,0.0,0.0,0,0
20050,r0009,0,reactive,2297.9772059645984,0.0,65.707729,65.707729,2282.7497138416793,-0.006626476574003892,0.2,1,0,0,0.0,0.0,0.0,0.0,0.0,0.0,0.0,0.0,0,0
20050,r0020,0,reactive,752.0826639222614,0.0,65.474277,65.474277,863.8908235886806,0.14866472135299236,0.2,1,0,0,0.0,0.0,0.0,0.0,0.0,0.0,0.0,0.0,0,0
20050,r0021,0,reactive,0.0,0.0,65.094473,65.094473,0.0,0.1190867431828177,0.2,1,0,0,0.0,0.0,0.0,0.0,0.0,0.0,0.0,0.0,0,0
20050,r0002,0,reactive,0.0,0.0,65.715105,65.715105,0.0,0.11000497212150229,0.2,1,0,0,0.0,0.0,0.0,0.0,0.0,0.0,0.0,0.0,0,0
20051,r0010,0,reactive,6393.418643407189,0.0,63.984501,63.984501,6395.952620092493,0.0003963414296227208,0.2,0,0,0,0.0,0.0,0.0,0.0,0.0,0.0,0.0,0.0,0,0
20051,r0004,0,reactive,0.0,0.0,63.721686,63.721686,0.0,-0.15646295436993946,0.2,1,0,0,0.0,0.0,0.0,0.0,0.0,0.0,0.0,0.0,0,0
20051,r0009,0,reactive,0.0,0.0,64.183949,64.183949,0.0,-0.17626283301260234,0.2,1,0,0,0.0,0.0,0.0,0.0,0.0,0.0,0.0,0.0,0,0
20051,r0014,0,reactive,770.472565292046,0.0,63.776083,63.776083,813.8171227343598,0.05625710686516666,0.2,1,0,0,0.0,0.0,0.0,0.0,0.0,0.0,0.0,0.0,0,0
20051,r0022,0,reactive,1918.5191004563785,0.0,64.21462,64.21462,2147.96216839087,0.11959384083270869,0.2,1,0,0,0.0,0.0,0.0,0.0,0.0,0.0,0.0,0.0,0,0
20051,r0012,0,reactive,7261.784408799918,0.0,64.090218,64.090218,6230.370990518619,-0.1420330541666068,0.2,1,0,0,0.0,0.0,0.0,0.0,0.0,0.0,0.0,0.0,0,0
20051,r0017,0,reactive,1522.6729472189618,0.0,67.417683,67.417683,1500.3303534560312,-0.014673271633109053,0.2,1,0,0,0.0,0.0,0.0,0.0,0.0,0.0,0.0,0.0,0,0
20051,r0017,1,reactive,3552.5779149000846,0.0,63.884549,63.884549,2970.4082336699416,-0.16387245971113812,0.2,1,0,0,0.0,0.0,0.0,0.0,0.0,0.0,0.0,0.0,0,0
20051,r0017,2,reactive,6215.352319763297,0.0,63.955827,63.955827,5804.822003209992,-0.06605101294868182,0.2,0,0,0,0.0,0.0,0.0,0.0,0.0,0.0,0.0,0.0,0,0
20051,r0000,0,reactive,5376.892099476507,0.0,64.026642,64.026642,4419.026169800812,-0.1781449045200205,0.2,1,0,0,0.0,0.0,0.0,0.0,0.0,0.0,0.0,0.0,0,0
20052,r0011,0,reactive,8371.375831650104,0.0,64.390761,64.390761,9041.421834766421,0.08004012919633074,0.2,1,0,0,0.0,0.0,0.0,0.0,0.0,0.0,0.0,0.0,0,0
20052,r0023,0,reactive,5128.358147947898,0.0,63.2032,63.2032,5003.302890005189,-0.024385047677052463,0.2,1,0,0,0.0,0.0,0.0,0.0,0.0,0.0,0.0,0.0,0,0
20052,r0020,0,reactive,0.0,0.0,134.101846,134.101846,0.0,0.1037673560473989,0.2,1,0,0,0.0,0.0,0.0,0.0,0.0,0.0,0.0,0.0,0,0
20052,r0020,1,reactive,7283.762692965924,0.0,62.355879,62.355879,8722.36748955604,0.19750846605414613,0.2,1,0,0,0.0,0.0,0.0,0.0,0.0,0.0,0.0,0.0,0,0
20052,r0020,2,reactive,3501.1850907243497,0.0,62.413696,62.413696,3809.646911078046,0.08810211752897629,0.2,1,0,0,0.0,0.0,0.0,0.0,0.0,0.0,0.0,0.0,0,0
20052,r0017,0,reactive,0.0,0.0,64.036687,64.036687,0.0,0.06423066731609839,0.2,1,0,0,0.0,0.0,0.0,0.0,0.0,0.0,0.0,0.0,0,0
20052,r0017,1,reactive,6032.704865129934,0.0,62.373567,62.373567,6209.587429716044,0.029320606351641965,0.2,0,0,0,0.0,0.0,0.0,0.0,0.0,0.0,0.0,0.0,0,0
20052,r0017,2,reactive,4238.363099599923,0.0,62.347721,62.347721,4427.100024541657,0.04453061724691554,0.2,1,0,0,0.0,0.0,0.0,0.0,0.0,0.0,0.0,0.0,0,0
20052,r0016,0,reactive,0.0,0.0,63.843765,63.843765,0.0,-0.11920991034059863,0.2,1,0,0,0.0,0.0,0.0,0.0,0.0,0.0,0.0,0.0,0,0
20052,r0016,1,reactive,3893.8330456456642,0.0,62.259515,62.259515,3741.831961404769,-0.03903636402975014,0.2,1,0,0,0.0,0.0,0.0,0.0,0.0,0.0,0.0,0.0,0,0
20052,r0016,2,reactive,3785.0473465729374,0.0,62.475789,62.475789,3519.8302698207067,-0.07006968538778355,0.2,1,0,0,0.0,0.0,0.0,0.0,0.0,0.0,0.0,0.0,0,0
20052,r0015,0,reactive,348.4066358537966,0.0,63.587355,63.587355,417.3095442429848,0.19776577509879062,0.2,1,0,0,0.0,0.0,0.0,0.0,0.0,0.0,0.0,0.0,0,0
20052,r0022,0,reactive,3063.996364900984,0.0,62.087886,62.087886,3013.4910103507,-0.01648349036207697,0.2,1,0,0,0.0,0.0,0.0,0.0,0.0,0.0,0.0,0.0,0,0
20052,r0014,0,reactive,1088.6184618860425,0.0,62.257347,62.257347,1137.0616990058631,0.044499738720113424,0.2,0,0,0,0.0,0.0,0.0,0.0,0.0,0.0,0.0,0.0,0,0
20052,r0004,0,reactive,0.0,0.0,63.907721,63.907721,0.0,-0.10625447589612103,0.2,1,0,0,0.0,0.0,0.0,0.0,0.0,0.0,0.0,0.0,0,0
20052,r0004,1,reactive,2764.528037881886,0.0,62.183975,62.183975,2845.7361517262207,0.029375037160612072,0.2,1,0,0,0.0,0.0,0.0,0.0,0.0,0.0,0.0,0.0,0,0
20052,r0004,2,reactive,3701.473478188869,0.0,62.197525,62.197525,3203.8571147731063,-0.1344373710491225,0.2,1,0,0,0.0,0.0,0.0,0.0,0.0,0.0,0.0,0.0,0,0
20052,r0002,0,reactive,0.0,0.0,62.669683,62.669683,0.0,-0.19777924308474934,0.2,1,0,0,0.0,0.0,0.0,0.0,0.0,0.0,0.0,0.0,0,0
20052,r0005,0,reactive,0.0,0.0,62.685619,62.685619,0.0,0.19398761685219162,0.2,1,0,0,0.0,0.0,0.0,0.0,0.0,0.0,0.0,0.0,0,0
20053,r0019,0,reactive,720.915943731181,0.0,41.860552,41.860552,612.494780755909,-0.15039362621684593,0.2,1,0,0,0.0,0.0,0.0,0.0,0.0,0.0,0.0,0.0,0,0
20053,r0019,1,reactive,2733.9608976228137,0.0,59.854563,59.854563,2843.6917576711658,0.04013622145940832,0.2,1,0,0,0.0,0.0,0.0,0.0,0.0,0.0,0.0,0.0,0,0
20053,r0014,0,reactive,2515.135177571956,0.0,60.532715,60.532715,2554.4077802354154,0.015614509714492575,0.2,1,0,0,0.0,0.0,0.0,0.0,0.0,0.0,0.0,0.0,0,0
20053,r0014,1,reactive,4423.217903602741,0.0,59.766279,59.766279,4980.285051102795,0.12594160171180324,0.2,1,0,0,0.0,0.0,0.0,0.0,0.0,0.0,0.0,0.0,0,0
20053,r0000,0,reactive,339.52534930130787,0.0,60.169423,60.169423,302.90460542002484,-0.10785864430047135,0.2,1,0,0,0.0,0.0,0.0,0.0,0.0,0.0,0.0,0.0,0,0
20053,r0007,0,reactive,2595.0949960847065,0.0,60.279441,60.279441,2666.3488958384264,0.0274571450606714,0.2,1,0,0,0.0,0.0,0.0,0.0,0.0,0.0,0.0,0.0,0,0
20053,r0007,1,reactive,3050.967609143747,0.0,59.931407,59.931407,3428.7083432985546,0.12381014240292787,0.2,1,0,0,0.0,0.0,0.0,0.0,0.0,0.0,0.0,0.0,0,0
20054,r0003,0,reactive,0.0,0.0,62.995603,62.995603,0.0,-0.11686013518749268,0.2,1,0,0,0.0,0.0,0.0,0.0,0.0,0.0,0.0,0.0,0,0
20054,r0021,0,reactive,1435.3946460914585,0.0,62.740869,62.740869,1269.8481780722086,-0.11533167444230658,0.2,1,0,0,0.0,0.0,0.0,0.0,0.0,0.0,0.0,0.0,0,0
20054,r0015,0,reactive,1381.420706127079,0.0,63.223321,63.223321,1612.5659667585203,0.167324305771755,0.2,0,0,0,0.0,0.0,0.0,0.0,0.0,0.0,0.0,0.0,0,0
20054,r0020,0,reactive,1927.9958842633678,0.0,63.188584,63.188584,2173.9866189239538,0.12758882768806945,0.2,1,0,0,0.0,0.0,0.0,0.0,0.0,0.0,0.0,0.0,0,0
20054,r0020,1,reactive,5879.337346926375,0.0,62.892332,62.892332,6215.149788418156,0.057117396345242655,0.2,1,0,0,0.0,0.0,0.0,0.0,0.0,0.0,0.0,0.0,0,0
20054,r0023,0,reactive,3928.8265354000378,0.0,63.134657,63.134657,3636.3345591561842,-0.07444766868895925,0.2,0,0,0,0.0,0.0,0.0,0.0,0.0,0.0,0.0,0.0,0,0
20054,r0013,0,reactive,1160.3317559567877,0.0,63.277717,63.277717,1346.8141270931926,0.1607147009284729,0.2,1,0,0,0.0,0.0,0.0,0.0,0.0,0.0,0.0,0.0,0,0
20054,r0013,1,reactive,4657.093583179609,0.0,62.940722,62.940722,5392.841142219615,0.15798427622269906,0.2,0,0,0,0.0,0.0,0.0,0.0,0.0,0.0,0.0,0.0,0,0
20054,r0000,0,reactive,0.0,0.0,64.094888,64.094888,0.0,-0.15927467067851042,0.2,0,0,0,0.0,0.0,0.0,0.0,0.0,0.0,0.0,0.0,0,0
20054,r0000,1,reactive,6102.988588202745,0.0,62.942526,62.942526,5761.129281671003,-0.056015065666772806,0.2,1,0,0,0.0,0.0,0.0,0.0,0.0,0.0,0.0,0.0,0,0
20055,r0007,0,reactive,8842.89735788365,0.0,65.524026,65.524026,8874.340370249749,0.0035557364394902535,0.2,1,0,0,0.0,0.0,0.0,0.0,0.0,0.0,0.0,0.0,0,0
20055,r0016,0,reactive,0.0,0.0,63.851147,63.851147,0.0,0.17386347694312748,0.2,1,0,0,0.0,0.0,0.0,0.0,0.0,0.0,0.0,0.0,0,0
20055,r0016,1,reactive,2553.499474933169,0.0,65.656595,65.656595,2369.5254084264216,-0.07204781842046884,0.2,0,0,0,0.0,0.0,0.0,0.0,0.0,0.0,0.0,0.0,0,0
20055,r0005,0,reactive,2273.490999030111,0.0,64.58454,64.58454,2367.007126820281,0.0411332738198939,0.2,1,0,0,0.0,0.0,0.0,0.0,0.0,0.0,0.0,0.0,0,0
20055,r0005,1,reactive,4255.8800132984325,0.0,65.464757,65.464757,5081.232125226709,0.19393218543504115,0.2,1,0,0,0.0,0.0,0.0,0.0,0.0,0.0,0.0,0.0,0,0
20055,r0005,2,reactive,7542.2197917253325,0.0,65.129692,65.129692,8108.520793741121,0.0750841287649936,0.2,1,0,0,0.0,0.0,0.0,0.0,0.0,0.0,0.0,0.0,0,0
20055,r0006,0,reactive,2565.550072769058,0.0,62.816077,62.816077,2976.1030057764924,0.1600253050466932,0.2,1,0,0,0.0,0.0,0.0,0.0,0.0,0.0,0.0,0.0,0,0
20055,r0004,0,reactive,0.0,0.0,62.72306,62.72306,0.0,0.030117126408945177,0.2,1,0,0,0.0,0.0,0.0,0.0,0.0,0.0,0.0,0.0,0,0
20055,r0013,0,reactive,11.936760174481606,0.0,63.200507,63.200507,12.172923250766662,0.019784520492413332,0.2,1,0,0,0.0,0.0,0.0,0.0,0.0,0.0,0.0,0.0,0,0
20055,r0013,1,reactive,3654.910980495837,0.0,65.808526,65.808526,3743.0257083243487,0.024108583847521764,0.2,1,0,0,0.0,0.0,0.0,0.0,0.0,0.0,0.0,0.0,0,0
20055,r0000,0,reactive,8517.907036922432,0.0,66.05957,66.05957,7563.323721256227,-0.11206782505706957,0.2,1,0,0,0.0,0.0,0.0,0.0,0.0,0.0,0.0,0.0,0,0
20055,r0015,0,reactive,0.0,0.0,65.593692,65.593692,0.0,-0.010255388660368292,0.2,1,0,0,0.0,0.0,0.0,0.0,0.0,0.0,0.0,0.0,0,0
20055,r0017,0,reactive,246.5955913033904,0.0,66.656206,66.656206,283.5784635144314,0.14997377696643582,0.2,1,0,0,0.0,0.0,0.0,0.0,0.0,0.0,0.0,0.0,0,0
20055,r0017,1,reactive,6880.376652523635,0.0,65.64444,65.64444,6482.829870535022,-0.05777979928508695,0.2,0,0,0,0.0,0.0,0.0,0.0,0.0,0.0,0.0,0.0,0,0
20055,r0008,0,reactive,6671.195390956833,0.0,65.774968,65.774968,7010.782741706674,0.05090352340903842,0.2,0,0,0,0.0,0.0,0.0,0.0,0.0,0.0,0.0,0.0,0,0
20056,r0010,0,reactive,1654.9972652277893,0.0,67.256764,67.256764,1522.5125331656905,-0.08005132989984975,0.2,0,0,0,0.0,0.0,0.0,0.0,0.0,0.0,0.0,0.0,0,0
20056,r0002,0,reactive,1317.0147941100986,0.0,66.573989,66.573989,1480.966537581862,0.12448739695634536,0.2,1,0,0,0.0,0.0,0.0,0.0,0.0,0.0,0.0,0.0,0,0
20056,r0022,0,reactive,0.0,0.0,66.3739,66.3739,0.0,-0.09757978745871006,0.2,1,0,0,0.0,0.0,0.0,0.0,0.0,0.0,0.0,0.0,0,0
20056,r0017,0,reactive,0.0,0.0,66.115973,66.115973,0.0,-0.12444039400730716,0.2,1,0,0,0.0,0.0,0.0,0.0,0.0,0.0,0.0,0.0,0,0
20056,r0017,1,reactive,3803.374766955867,0.0,66.435822,66.435822,4362.421426104946,0.1469870032283268,0.2,0,0,0,0.0,0.0,0.0,0.0,0.0,0.0,0.0,0.0,0,0
20056,r0017,2,reactive,3329.977222273388,0.0,66.22634,66.22634,2975.7400217078407,-0.1063782653515295,0.2,0,0,0,0.0,0.0,0.0,0.0,0.0,0.0,0.0,0.0,0,0
20056,r0019,0,reactive,0.0,0.0,66.325116,66.325116,0.0,0.19571329969318663,0.2,1,0,0,0.0,0.0,0.0,0.0,0.0,0.0,0.0,0.0,0,0
20056,r0019,1,reactive,5518.478010681005,0.0,66.607529,66.607529,6252.473554746963,0.13300688027483493,0.2,0,0,0,0.0,0.0,0.0,0.0,0.0,0.0,0.0,0.0,0,0
20056,r0014,0,reactive,1980.8744155901568,0.0,66.696179,66.696179,2047.2205522787892,0.033493358370659754,0.2,1,0,0,0.0,0.0,0.0,0.0,0.0,0.0,0.0,0.0,0,0
20056,r0014,1,reactive,4026.0943963929185,0.0,66.494525,66.494525,3236.5955978513603,-0.19609545152465638,0.2,1,0,0,0.0,0.0,0.0,0.0,0.0,0.0,0.0,0.0,0,0
20057,r0008,0,reactive,4555.308895374933,0.0,62.222846,62.222846,3968.538599087271,-0.12881021018869165,0.2,0,0,0,0.0,0.0,0.0,0.0,0.0,0.0,0.0,0.0,0,0
20057,r0018,0,reactive,0.0,0.0,62.507492,62.507492,0.0,-0.13168892266549925,0.2,0,0,0,0.0,0.0,0.0,0.0,0.0,0.0,0.0,0.0,0,0
20057,r0001,0,reactive,0.0,0.0,62.369544,62.369544,0.0,-0.17493954901675215,0.2,1,0,0,0.0,0.0,0.0,0.0,0.0,0.0,0.0,0.0,0,0
20057,r0011,0,reactive,0.0,0.0,63.153299,63.153299,0.0,-0.1437972414388521,0.2,1,0,0,0.0,0.0,0.0,0.0,0.0,0.0,0.0,0.0,0,0
20057,r0011,1,reactive,7323.576685846923,0.0,62.527241,62.527241,5948.75998147725,-0.18772476391577297,0.2,1,0,0,0.0,0.0,0.0,0.0,0.0,0.0,0.0,0.0,0,0
20057,r0020,0,reactive,0.0,0.0,62.458647,62.458647,0.0,0.11814188740623727,0.2,1,0,0,0.0,0.0,0.0,0.0,0.0,0.0,0.0,0.0,0,0
20057,r0014,0,reactive,676.6580156948876,0.0,62.739645,62.739645,604.4970096040512,-0.10664324432295579,0.2,1,0,0,0.0,0.0,0.0,0.0,0.0,0.0,0.0,0.0,0,0
20057,r0004,0,reactive,1761.7142949894114,0.0,61.924977,61.924977,1510.8186537646618,-0.14241562433723548,0.2,1,0,0,0.0,0.0,0.0,0.0,0.0,0.0,0.0,0.0,0,0
20057,r0009,0,reactive,0.0,0.0,61.933683,61.933683,0.0,-0.04030980923643676,0.2,1,0,0,0.0,0.0,0.0,0.0,0.0,0.0,0.0,0.0,0,0
20057,r0013,0,reactive,4330.670813265642,0.0,62.540086,62.540086,4135.239515343318,-0.045127257727297504,0.2,0,0,0,0.0,0.0,0.0,0.0,0.0,0.0,0.0,0.0,0,0
20057,r0007,0,reactive,0.0,0.0,62.934728,62.934728,0.0,0.1084485783794657,0.2,1,0,0,0.0,0.0,0.0,0.0,0.0,0.0,0.0,0.0,0,0
20057,r0007,1,reactive,3265.9892069231573,0.0,62.514765,62.514765,3234.0574086298357,-0.009777067917319915,0.2,1,0,0,0.0,0.0,0.0,0.0,0.0,0.0,0.0,0.0,0,0
20057,r0007,2,reactive,6443.42273080023,0.0,62.214782,62.214782,5735.302535416082,-0.10989814341984112,0.2,1,0,0,0.0,0.0,0.0,0.0,0.0,0.0,0.0,0.0,0,0
20057,r0010,0,reactive,904.6859717854022,0.0,61.902115,61.902115,1073.7830057028116,0.18691240849429275,0.2,1,0,0,0.0,0.0,0.0,0.0,0.0,0.0,0.0,0.0,0,0
20058,r0003,0,reactive,3302.3632925854404,0.0,59.670115,59.670115,2957.848025085479,-0.10432385445704201,0.2,1,0,0,0.0,0.0,0.0,0.0,0.0,0.0,0.0,0.0,0,0
20058,r0013,0,reactive,0.0,0.0,60.610377,60.610377,0.0,-0.10394345108871766,0.2,1,0,0,0.0,0.0,0.0,0.0,0.0,0.0,0.0,0.0,0,0
20058,r0007,0,reactive,0.0,0.0,60.106024,60.106024,0.0,-0.157907987808107,0.2,1,0,0,0.0,0.0,0.0,0.0,0.0,0.0,0.0,0.0,0,0
20058,r0002,0,reactive,1075.5044287711971,0.0,60.717551,60.717551,1144.8979393348668,0.06452182688169333,0.2,1,0,0,0.0,0.0,0.0,0.0,0.0,0.0,0.0,0.0,0,0
20058,r0002,1,reactive,6099.303861203167,0.0,59.811678,59.811678,6739.447821469076,0.10495361025342204,0.2,1,0,0,0.0,0.0,0.0,0.0,0.0,0.0,0.0,0.0,0,0
20058,r0009,0,reactive,1740.1707746093743,0.0,59.720062,59.720062,1588.3265171598505,-0.08725825054935155,0.2,0,0,0,0.0,0.0,0.0,0.0,0.0,0.0,0.0,0.0,0,0
20058,r0009,1,reactive,4677.852996215101,0.0,60.315183,60.315183,3844.1269171998365,-0.17822836238972042,0.2,1,0,0,0.0,0.0,0.0,0.0,0.0,0.0,0.0,0.0,0,0
20058,r0017,0,reactive,0.0,0.0,60.943585,60.943585,0.0,-0.18161029875984083,0.2,1,0,0,0.0,0.0,0.0,0.0,0.0,0.0,0.0,0.0,0,0
20058,r0017,1,reactive,6506.549163937576,0.0,60.056329,60.056329,5798.552529159006,-0.10881292324703047,0.2,1,0,0,0.0,0.0,0.0,0.0,0.0,0.0,0.0,0.0,0,0
20058,r0011,0,reactive,0.0,0.0,60.028917,60.028917,0.0,-0.11287993178734856,0.2,1,0,0,0.0,0.0,0.0,0.0,0.0,0.0,0.0,0.0,0,0
20058,r0011,1,reactive,1633.1928967996755,0.0,59.950607,59.950607,1902.9229851156492,0.16515507068670415,0.2,1,0,0,0.0,0.0,0.0,0.0,0.0,0.0,0.0,0.0,0,0
20059,r0020,0,reactive,2280.6388993222945,0.0,142.5397,142.5397,2124.5005852942727,-0.06846253217658402,0.2,0,0,0,0.0,0.0,0.0,0.0,0.0,0.0,0.0,0.0,0,0
20059,r0001,0,reactive,4631.740543673592,0.0,61.628305,61.628305,5253.226664613683,0.13417982183586852,0.2,1,0,0,0.0,0.0,0.0,0.0,0.0,0.0,0.0,0.0,0,0
20059,r0010,0,reactive,1540.787513833442,0.0,61.775403,61.775403,1797.01264631048,0.16629491748641972,0.2,1,0,0,0.0,0.0,0.0,0.0,0.0,0.0,0.0,0.0,0,0
20059,r0018,0,reactive,2470.870962891957,0.0,62.081454,62.081454,2136.6211150902104,-0.13527612441992268,0.2,1,0,0,0.0,0.0,0.0,0.0,0.0,0.0,0.0,0.0,0,0
20059,r0015,0,reactive,0.0,0.0,61.859064,61.859064,0.0,-0.04637647870214465,0.2,1,0,0,0.0,0.0,0.0,0.0,0.0,0.0,0.0,0.0,0,0
20059,r0019,0,reactive,0.0,0.0,61.942508,61.942508,0.0,0.06096481826215927,0.2,1,0,0,0.0,0.0,0.0,0.0,0.0,0.0,0.0,0.0,0,0
20059,r0004,0,reactive,0.0,0.0,62.044081,62.044081,0.0,0.11344682720198501,0.2,1,0,0,0.0,0.0,0.0,0.0,0.0,0.0,0.0,0.0,0,0
20059,r0004,1,reactive,1716.7739831755061,0.0,62.324693,62.324693,1598.0718483311823,-0.06914255225650678,0.2,1,0,0,0.0,0.0,0.0,0.0,0.0,0.0,0.0,0.0,0,0
20059,r0004,2,reactive,5331.90189201061,0.0,58.453116,58.453116,5626.210178828275,0.05519761855683425,0.2,1,0,0,0.0,0.0,0.0,0.0,0.0,0.0,0.0,0.0,0,0
20060,r0022,0,reactive,3500.5717999707163,0.0,63.108453,63.108453,3565.8909609296065,0.018659568976541724,0.2,1,0,0,0.0,0.0,0.0,0.0,0.0,0.0,0.0,0.0,0,0
20060,r0013,0,reactive,2526.5227023803036,0.0,63.825539,63.825539,2634.2798748473124,0.04265038757240841,0.2,1,0,0,0.0,0.0,0.0,0.0,0.0,0.0,0.0,0.0,0,0
20060,r0013,1,reactive,4790.863896785986,0.0,63.656245,63.656245,4329.931382744725,-0.09621073025065141,0.2,0,0,0,0.0,0.0,0.0,0.0,0.0,0.0,0.0,0.0,0,0
20060,r0006,0,reactive,3419.322501554587,0.0,63.511632,63.511632,3763.53442922832,0.10066670444722248,0.2,1,0,0,0.0,0.0,0.0,0.0,0.0,0.0,0.0,0.0,0,0
20060,r0023,0,reactive,3203.1718059846353,0.0,63.60599,63.60599,3209.7701626177272,0.0020599446525984555,0.2,0,0,0,0.0,0.0,0.0,0.0,0.0,0.0,0.0,0.0,0,0
20060,r0019,0,reactive,4499.770895177095,0.0,63.395988,63.395988,3719.8062881187752,-0.17333429306240777,0.2,1,0,0,0.0,0.0,0.0,0.0,0.0,0.0,0.0,0.0,0,0
20060,r0018,0,reactive,1370.831909032935,0.0,63.403575,63.403575,1488.5293658149044,0.08585841634296376,0.2,1,0,0,0.0,0.0,0.0,0.0,0.0,0.0,0.0,0.0,0,0
20060,r0018,1,reactive,5673.613824120614,0.0,63.890964,63.890964,4685.595300894884,-0.17414271641564688,0.2,1,0,0,0.0,0.0,0.0,0.0,0.0,0.0,0.0,0.0,0,0
20060,r0005,0,reactive,777.018893052209,0.0,63.150575,63.150575,706.4570238429119,-0.09081100838117706,0.2,1,0,0,0.0,0.0,0.0,0.0,0.0,0.0,0.0,0.0,0,0
20060,r0021,0,reactive,998.8851937902327,0.0,63.362796,63.362796,907.6158347573053,-0.09137122023664124,0.2,1,0,0,0.0,0.0,0.0,0.0,0.0,0.0,0.0,0.0,0,0
20061,r0009,0,reactive,3090.42691304409,0.0,60.283433,60.283433,2481.259348551826,-0.19711437339646715,0.2,1,0,0,0.0,0.0,0.0,0.0,0.0,0.0,0.0,0.0,0,0
20061,r0011,0,reactive,3177.770353376063,0.0,59.669068,59.669068,3206.343302607129,0.008991508527577963,0.2,1,0,0,0.0,0.0,0.0,0.0,0.0,0.0,0.0,0.0,0,0
20061,r0007,0,reactive,3283.242303562537,0.0,59.824633,59.824633,3608.853789018244,0.09917376037169012,0.2,1,0,0,0.0,0.0,0.0,0.0,0.0,0.0,0.0,0.0,0,0
20061,r0018,0,reactive,1232.9247957205553,0.0,59.949293,59.949293,1125.786098194006,-0.08689799888721886,0.2,1,0,0,0.0,0.0,0.0,0.0,0.0,0.0,0.0,0.0,0,0
20061,r0004,0,reactive,0.0,0.0,60.76983,60.76983,0.0,0.03128787703245378,0.2,1,0,0,0.0,0.0,0.0,0.0,0.0,0.0,0.0,0.0,0,0
20061,r0004,1,reactive,1342.5055706316925,0.0,67.108379,67.108379,1236.5461126516502,-0.07892664306054611,0.2,0,0,0,0.0,0.0,0.0,0.0,0.0,0.0,0.0,0.0,0,0
20061,r0004,2,reactive,4520.810717833792,0.0,67.398649,67.398649,4732.194667986206,0.04675797403296303,0.2,1,0,0,0.0,0.0,0.0,0.0,0.0,0.0,0.0,0.0,0,0
20061,r0006,0,reactive,793.1690069445831,0.0,66.916416,66.916416,934.6305253696358,0.17834978067282997,0.2,1,0,0,0.0,0.0,0.0,0.0,0.0,0.0,0.0,0.0,0,0
20061,r0013,0,reactive,0.0,0.0,67.364651,67.364651,0.0,-0.10093582501006781,0.2,0,0,0,0.0,0.0,0.0,0.0,0.0,0.0,0.0,0.0,0,0
20061,r0012,0,reactive,219.56974891200662,0.0,67.093462,67.093462,255.39873018132127,0.16317813108067653,0.2,1,0,0,0.0,0.0,0.0,0.0,0.0,0.0,0.0,0.0,0,0
20061,r0003,0,reactive,647.3264470531067,0.0,66.932358,66.932358,636.4232815773647,-0.016843380222417353,0.2,1,0,0,0.0,0.0,0.0,0.0,0.0,0.0,0.0,0.0,0,0
20061,r0003,1,reactive,4649.39633197034,0.0,67.082595,67.082595,5305.1632590624,0.14104345602521628,0.2,1,0,0,0.0,0.0,0.0,0.0,0.0,0.0,0.0,0.0,0,0
20061,r0020,0,reactive,3268.4913330187555,0.0,67.013922,67.013922,2655.1760252340882,-0.1876447710259687,0.2,1,0,0,0.0,0.0,0.0,0.0,0.0,0.0,0.0,0.0,0,0
20062,r0019,0,reactive,2890.9881489059544,0.0,67.852872,67.852872,3276.969738015628,0.13351199286504928,0.2,1,0,0,0.0,0.0,0.0,0.0,0.0,0.0,0.0,0.0,0,0
20062,r0014,0,reactive,0.0,0.0,66.655403,66.655403,0.0,0.12828309316688918,0.2,1,0,0,0.0,0.0,0.0,0.0,0.0,0.0,0.0,0.0,0,0
20062,r0011,0,reactive,2763.742784062324,0.0,67.034945,67.034945,3298.1898746902566,0.19337801394179244,0.2,1,0,0,0.0,0.0,0.0,0.0,0.0,0.0,0.0,0.0,0,0
20062,r0011,1,reactive,1048.7952181052224,0.0,68.313015,68.313015,1242.6408161703055,0.18482692781083515,0.2,1,0,0,0.0,0.0,0.0,0.0,0.0,0.0,0.0,0.0,0,0
20062,r0011,2,reactive,3571.3588613973425,0.0,68.831949,68.831949,4162.413098650486,0.16549841676282445,0.2,0,0,0,0.0,0.0,0.0,0.0,0.0,0.0,0.0,0.0,0,0
20062,r0023,0,reactive,3880.116219423293,0.0,67.175115,67.175115,3476.2921409759515,-0.104075253319954,0.2,0,0,0,0.0,0.0,0.0,0.0,0.0,0.0,0.0,0.0,0,0
20062,r0003,0,reactive,0.0,0.0,69.074739,69.074739,0.0,-0.161625635472748,0.2,1,0,0,0.0,0.0,0.0,0.0,0.0,0.0,0.0,0.0,0,0
20062,r0004,0,reactive,1088.6169270071368,0.0,70.471188,70.471188,1166.694010181082,0.07172135692267545,0.2,1,0,0,0.0,0.0,0.0,0.0,0.0,0.0,0.0,0.0,0,0
20062,r0004,1,reactive,9254.198231156479,0.0,68.965222,68.965222,9412.884776780122,0.017147519607845135,0.2,1,0,0,0.0,0.0,0.0,0.0,0.0,0.0,0.0,0.0,0,0
20062,r0006,0,reactive,4899.516483783114,0.0,68.783247,68.783247,4884.3130758188,-0.0031030425174885523,0.2,1,0,0,0.0,0.0,0.0,0.0,0.0,0.0,0.0,0.0,0,0
20062,r0021,0,reactive,865.4482088096665,0.0,68.907086,68.907086,884.1355494882397,0.021592673586182165,0.2,1,0,0,0.0,0.0,0.0,0.0,0.0,0.0,0.0,0.0,0,0
20062,r0010,0,reactive,4449.098919498789,0.0,68.974448,68.974448,4102.212049826499,-0.07796789326306267,0.2,1,0,0,0.0,0.0,0.0,0.0,0.0,0.0,0.0,0.0,0,0
20062,r0010,1,reactive,5924.482777787554,0.0,68.772098,68.772098,5076.576919870651,-0.1431189674642866,0.2,1,0,0,0.0,0.0,0.0,0.0,0.0,0.0,0.0,0.0,0,0
20063,r0013,0,reactive,5222.437059831079,0.0,62.146522,62.146522,5671.732623590342,0.08603178144837142,0.2,1,0,0,0.0,0.0,0.0,0.0,0.0,0.0,0.0,0.0,0,0
20063,r0020,0,reactive,3380.326571909107,0.0,61.712118,61.712118,3270.4726476396504,-0.03249802110315461,0.2,1,0,0,0.0,0.0,0.0,0.0,0.0,0.0,0.0,0.0,0,0
20063,r0002,0,reactive,917.8362346962022,0.0,61.672469,61.672469,909.0658309926774,-0.009555521314134785,0.2,0,0,0,0.0,0.0,0.0,0.0,0.0,0.0,0.0,0.0,0,0
20063,r0004,0,reactive,2304.9060792582313,0.0,61.666952,61.666952,2262.017638083568,-0.018607457180409653,0.2,1,0,0,0.0,0.0,0.0,0.0,0.0,0.0,0.0,0.0,0,0
20064,r0009,0,reactive,4918.782611353561,0.0,71.061852,71.061852,5382.40340268389,0.09425519035140856,0.2,1,0,0,0.0,0.0,0.0,0.0,0.0,0.0,0.0,0.0,0,0
20064,r0016,0,reactive,933.2220161933928,0.0,71.698214,71.698214,993.036353626896,0.06409443454568886,0.2,1,0,0,0.0,0.0,0.0,0.0,0.0,0.0,0.0,0.0,0,0
20064,r0016,1,reactive,3719.374967225187,0.0,70.92065,70.92065,3632.9491513596977,-0.02323665041225098,0.2,1,0,0,0.0,0.0,0.0,0.0,0.0,0.0,0.0,0.0,0,0
20064,r0020,0,reactive,6208.082469107214,0.0,71.149978,71.149978,6724.379506231034,0.0831652993807715,0.2,1,0,0,0.0,0.0,0.0,0.0,0.0,0.0,0.0,0.0,0,0
20064,r0006,0,reactive,0.0,0.0,71.204045,71.204045,0.0,0.06350871696797517,0.2,1,0,0,0.0,0.0,0.0,0.0,0.0,0.0,0.0,0.0,0,0
20064,r0012,0,reactive,132.73070183037635,0.0,71.383264,71.383264,119.07402544136957,-0.102890109075588,0.2,1,0,0,0.0,0.0,0.0,0.0,0.0,0.0,0.0,0.0,0,0
20064,r0004,0,reactive,1546.709112589564,0.0,71.29412,71.29412,1300.7343365494685,-0.15903105117695626,0.2,1,0,0,0.0,0.0,0.0,0.0,0.0,0.0,0.0,0.0,0,0
20064,r0004,1,reactive,3170.6920660204087,0.0,71.578585,71.578585,3369.8502802536664,0.06281222209106702,0.2,0,0,0,0.0,0.0,0.0,0.0,0.0,0.0,0.0,0.0,0,0
20065,r0007,0,reactive,1382.1317509070468,0.0,36.892397,36.892397,1226.5706947014908,-0.11255153939084793,0.2,1,0,0,0.0,0.0,0.0,0.0,0.0,0.0,0.0,0.0,0,0
20065,r0023,0,reactive,1638.8066193485865,0.0,36.734095,36.734095,1632.2705633286655,-0.00398830218449997,0.2,1,0,0,0.0,0.0,0.0,0.0,0.0,0.0,0.0,0.0,0,0
20065,r0000,0,reactive,0.0,0.0,39.780128,39.780128,0.0,0.050682064516229086,0.2,1,0,0,0.0,0.0,0.0,0.0,0.0,0.0,0.0,0.0,0,0
20065,r0000,1,reactive,5228.043835579578,0.0,39.825445,39.825445,5779.810170751309,0.10553973006436407,0.2,1,0,0,0.0,0.0,0.0,0.0,0.0,0.0,0.0,0.0,0,0
20065,r0002,0,reactive,1441.4093741101933,0.0,39.675167,39.675167,1428.4344750083349,-0.009001536506496072,0.2,0,0,0,0.0,0.0,0.0,0.0,0.0,0.0,0.0,0.0,0,0
20066,r0011,0,reactive,3340.3102681780238,0.0,60.229425,60.229425,3426.6365895147246,0.02584380324160343,0.2,1,0,0,0.0,0.0,0.0,0.0,0.0,0.0,0.0,0.0,0,0
20066,r0006,0,reactive,319.0697103331586,0.0,61.90608,61.90608,364.876995993229,0.1435651338143018,0.2,1,0,0,0.0,0.0,0.0,0.0,0.0,0.0,0.0,0.0,0,0
20066,r0006,1,reactive,4118.800620052954,0.0,60.649292,60.649292,3731.2164139025776,-0.09410123040755339,0.2,1,0,0,0.0,0.0,0.0,0.0,0.0,0.0,0.0,0.0,0,0
20066,r0006,2,reactive,4506.657028185211,0.0,60.562332,60.562332,3992.095374629488,-0.11417812590077037,0.2,1,0,0,0.0,0.0,0.0,0.0,0.0,0.0,0.0,0.0,0,0
20066,r0022,0,reactive,1704.6233936030003,0.0,61.044988,61.044988,1563.5061352518653,-0.08278500628391626,0.2,1,0,0,0.0,0.0,0.0,0.0,0.0,0.0,0.0,0.0,0,0
20066,r0022,1,reactive,7506.929182891499,0.0,60.114419,60.114419,7721.156427599532,0.02853726730182346,0.2,0,0,0,0.0,0.0,0.0,0.0,0.0,0.0,0.0,0.0,0,0
20066,r0020,0,reactive,801.8798561568128,0.0,62.437713,62.437713,774.6237853880125,-0.03399021756130782,0.2,1,0,0,0.0,0.0,0.0,0.0,0.0,0.0,0.0,0.0,0,0
20066,r0020,1,reactive,4085.24342419355,0.0,102.701781,102.701781,3760.879190505995,-0.07939899780919078,0.2,0,0,0,0.0,0.0,0.0,0.0,0.0,0.0,0.0,0.0,0,0
20066,r0002,0,reactive,0.0,0.0,60.182084,60.182084,0.0,0.03810194156342947,0.2,1,0,0,0.0,0.0,0.0,0.0,0.0,0.0,0.0,0.0,0,0
20066,r0000,0,reactive,0.0,0.0,60.963893,60.963893,0.0,-0.10537497436970243,0.2,1,0,0,0.0,0.0,0.0,0.0,0.0,0.0,0.0,0.0,0,0
20066,r0012,0,reactive,0.0,0.0,61.553294,61.553294,0.0,-0.06993546342964813,0.2,1,0,0,0.0,0.0,0.0,0.0,0.0,0.0,0.0,0.0,0,0
20066,r0012,1,reactive,7818.135913285372,0.0,60.454471,60.454471,8963.356800328664,0.14648260144687625,0.2,0,0,0,0.0,0.0,0.0,0.0,0.0,0.0,0.0,0.0,0,0
20066,r0018,0,reactive,137.42957366906194,0.0,60.389067,60.389067,122.24686058400276,-0.11047631655774466,0.2,1,0,0,0.0,0.0,0.0,0.0,0.0,0.0,0.0,0.0,0,0
20067,r0017,0,reactive,4090.665399858908,0.0,54.445325,54.445325,3804.6171793170656,-0.06992706383458022,0.2,1,0,0,0.0,0.0,0.0,0.0,0.0,0.0,0.0,0.0,0,0
20067,r0023,0,reactive,3497.3136530669435,0.0,54.130767,54.130767,3905.0616741035633,0.11658891980679187,0.2,0,0,0,0.0,0.0,0.0,0.0,0.0,0.0,0.0,0.0,0,0
20067,r0007,0,reactive,699.6994638443794,0.0,34.005341,34.005341,641.2835313641267,-0.08348717627893594,0.2,1,0,0,0.0,0.0,0.0,0.0,0.0,0.0,0.0,0.0,0,0
20067,r0012,0,reactive,4009.11833156948,0.0,33.929333,33.929333,3367.687922963017,-0.159992885107823,0.2,1,0,0,0.0,0.0,0.0,0.0,0.0,0.0,0.0,0.0,0,0
20067,r0003,0,reactive,1839.4270987704713,0.0,33.782041,33.782041,2158.386544423738,0.17340151499696232,0.2,1,0,0,0.0,0.0,0.0,0.0,0.0,0.0,0.0,0.0,0,0
20067,r0014,0,reactive,0.0,0.0,33.887426,33.887426,0.0,0.13317584573649593,0.2,1,0,0,0.0,0.0,0.0,0.0,0.0,0.0,0.0,0.0,0,0
20067,r0014,1,reactive,4928.05039844551,0.0,39.88582,39.88582,5576.0135920199045,0.13148469296880294,0.2,1,0,0,0.0,0.0,0.0,0.0,0.0,0.0,0.0,0.0,0,0
20067,r0013,0,reactive,1117.9571948810153,0.0,33.936597,33.936597,1221.2002406646354,0.0923497306125467,0.2,1,0,0,0.0,0.0,0.0,0.0,0.0,0.0,0.0,0.0,0,0
20067,r0013,1,reactive,4976.821902536005,0.0,40.193773,40.193773,4114.686888520949,-0.17323003131290357,0.2,1,0,0,0.0,0.0,0.0,0.0,0.0,0.0,0.0,0.0,0,0
20067,r0000,0,reactive,1811.6516992102406,0.0,54.234407,54.234407,1889.3094212208882,0.042865702079765866,0.2,0,0,0,0.0,0.0,0.0,0.0,0.0,0.0,0.0,0.0,0,0
20068,r0022,0,reactive,2437.8722400649076,0.0,60.618434,60.618434,2603.4875471499854,0.06793436684798049,0.2,1,0,0,0.0,0.0,0.0,0.0,0.0,0.0,0.0,0.0,0,0
20068,r0011,0,reactive,1579.688686057587,0.0,66.311786,66.311786,1271.4354761553548,-0.1951354166317014,0.2,1,0,0,0.0,0.0,0.0,0.0,0.0,0.0,0.0,0.0,0,0
20068,r0020,0,reactive,3105.0106819187313,0.0,60.073202,60.073202,3427.63902716123,0.10390571186155506,0.2,1,0,0,0.0,0.0,0.0,0.0,0.0,0.0,0.0,0.0,0,0
20069,r0023,0,reactive,3515.6259702204884,0.0,46.607031,46.607031,3857.983910435411,0.09738178723075341,0.2,1,0,0,0.0,0.0,0.0,0.0,0.0,0.0,0.0,0.0,0,0
20069,r0001,0,reactive,6252.19160436817,0.0,67.436167,67.436167,5882.519116431105,-0.059126864838689314,0.2,0,0,0,0.0,0.0,0.0,0.0,0.0,0.0,0.0,0.0,0,0
20069,r0015,0,reactive,1632.7180505137003,0.0,47.007321,47.007321,1552.542576540692,-0.049105523116978356,0.2,1,0,0,0.0,0.0,0.0,0.0,0.0,0.0,0.0,0.0,0,0
20069,r0015,1,reactive,2818.3282514852835,0.0,67.719715,67.719715,2335.408751270297,-0.1713496289725952,0.2,1,0,0,0.0,0.0,0.0,0.0,0.0,0.0,0.0,0.0,0,0
20069,r0009,0,reactive,0.0,0.0,68.896346,68.896346,0.0,0.02167824383110145,0.2,1,0,0,0.0,0.0,0.0,0.0,0.0,0.0,0.0,0.0,0,0
20069,r0009,1,reactive,4918.7590342593285,0.0,67.656986,67.656986,5482.122368187283,0.11453363134971856,0.2,1,0,0,0.0,0.0,0.0,0.0,0.0,0.0,0.0,0.0,0,0
20069,r0014,0,reactive,2033.8961449990747,0.0,67.861786,67.861786,1737.8552503326857,-0.14555359446168958,0.2,1,0,0,0.0,0.0,0.0,0.0,0.0,0.0,0.0,0.0,0,0
20069,r0011,0,reactive,2839.7826576945154,0.0,68.561468,68.561468,3309.4455448645417,0.1653869129376695,0.2,1,0,0,0.0,0.0,0.0,0.0,0.0,0.0,0.0,0.0,0,0
20069,r0011,1,reactive,5597.551955809766,0.0,67.763504,67.763504,6517.034768992618,0.16426516813810194,0.2,0,0,0,0.0,0.0,0.0,0.0,0.0,0.0,0.0,0.0,0,0
20070,r0002,0,reactive,2401.4474658674208,0.0,53.483422,53.483422,2453.9333583320185,0.021855940307084654,0.2,0,0,0,0.0,0.0,0.0,0.0,0.0,0.0,0.0,0.0,0,0
20070,r0001,0,reactive,0.0,0.0,65.70089,65.70089,0.0,0.10051535017042768,0.2,1,0,0,0.0,0.0,0.0,0.0,0.0,0.0,0.0,0.0,0,0
20070,r0007,0,reactive,1547.1850558493097,0.0,65.863555,65.863555,1290.1338818684953,-0.16614119494562274,0.2,1,0,0,0.0,0.0,0.0,0.0,0.0,0.0,0.0,0.0,0,0
20070,r0007,1,reactive,6233.574439129647,0.0,64.948555,64.948555,6161.228888119426,-0.011605789217192936,0.2,1,0,0,0.0,0.0,0.0,0.0,0.0,0.0,0.0,0.0,0,0
20070,r0012,0,reactive,1802.5006942392974,0.0,65.791557,65.791557,1619.421120379038,-0.10156976607297447,0.2,1,0,0,0.0,0.0,0.0,0.0,0.0,0.0,0.0,0.0,0,0
20070,r0009,0,reactive,2336.5768928912694,0.0,66.009849,66.009849,2234.91456358221,-0.04350908785341234,0.2,1,0,0,0.0,0.0,0.0,0.0,0.0,0.0,0.0,0.0,0,0
20070,r0009,1,reactive,4111.555647422869,0.0,65.212359,65.212359,4209.152506367915,0.023737209784870428,0.2,1,0,0,0.0,0.0,0.0,0.0,0.0,0.0,0.0,0.0,0,0
20070,r0023,0,reactive,1811.3497202618855,0.0,65.275975,65.275975,1754.8337976736095,-0.031200999981441935,0.2,1,0,0,0.0,0.0,0.0,0.0,0.0,0.0,0.0,0.0,0,0
20070,r0018,0,reactive,0.0,0.0,65.963963,65.963963,0.0,-0.0337347931789059,0.2,1,0,0,0.0,0.0,0.0,0.0,0.0,0.0,0.0,0.0,0,0
20070,r0018,1,reactive,8556.026301174777,0.0,65.644623,65.644623,10082.637720649513,0.17842528362320798,0.2,1,0,0,0.0,0.0,0.0,0.0,0.0,0.0,0.0,0.0,0,0
20070,r0005,0,reactive,4401.211237469353,0.0,65.177725,65.177725,4420.936873750774,0.004481865381394945,0.2,0,0,0,0.0,0.0,0.0,0.0,0.0,0.0,0.0,0.0,0,0
20071,r0008,0,reactive,3290.042182432073,0.0,64.301486,64.301486,3523.5671547171482,0.070979324682229,0.2,1,0,0,0.0,0.0,0.0,0.0,0.0,0.0,0.0,0.0,0,0
20071,r0023,0,reactive,3082.950483913026,0.0,64.807496,64.807496,3640.2748926028826,0.18077630879834122,0.2,1,0,0,0.0,0.0,0.0,0.0,0.0,0.0,0.0,0.0,0,0
20071,r0012,0,reactive,1984.0674095083632,0.0,64.39277,64.39277,1789.6452453393172,-0.09799171300194001,0.2,0,0,0,0.0,0.0,0.0,0.0,0.0,0.0,0.0,0.0,0,0
20071,r0009,0,reactive,0.0,0.0,64.593578,64.593578,0.0,-0.13777303174448843,0.2,1,0,0,0.0,0.0,0.0,0.0,0.0,0.0,0.0,0.0,0,0
20071,r0009,1,reactive,4772.033380598692,0.0,41.591006,41.591006,4763.299784063991,-0.0018301624984873865,0.2,1,0,0,0.0,0.0,0.0,0.0,0.0,0.0,0.0,0.0,0,0
20072,r0009,0,reactive,5534.033614277038,0.0,64.847628,64.847628,5272.750220715048,-0.04721391516089013,0.2,1,0,0,0.0,0.0,0.0,0.0,0.0,0.0,0.0,0.0,0,0
20072,r0021,0,reactive,0.0,0.0,64.898112,64.898112,0.0,-0.11759947611629107,0.2,1,0,0,0.0,0.0,0.0,0.0,0.0,0.0,0.0,0.0,0,0
20072,r0011,0,reactive,191.1013872181211,0.0,64.967196,64.967196,157.52849867847993,-0.17568102999336901,0.2,1,0,0,0.0,0.0,0.0,0.0,0.0,0.0,0.0,0.0,0,0
20072,r0023,0,reactive,66.14762663864167,0.0,64.535148,64.535148,65.27777298915372,-0.01315018684252861,0.2,1,0,0,0.0,0.0,0.0,0.0,0.0,0.0,0.0,0.0,0,0
20072,r0022,0,reactive,0.0,0.0,64.970389,64.970389,0.0,0.02249347080011338,0.2,0,0,0,0.0,0.0,0.0,0.0,0.0,0.0,0.0,0.0,0,0
20072,r0015,0,reactive,0.0,0.0,64.809658,64.809658,0.0,-0.10882523916763312,0.2,1,0,0,0.0,0.0,0.0,0.0,0.0,0.0,0.0,0.0,0,0
20072,r0015,1,reactive,2692.678806477077,0.0,65.016045,65.016045,2960.7024609240743,0.09953792253360577,0.2,1,0,0,0.0,0.0,0.0,0.0,0.0,0.0,0.0,0.0,0,0
20072,r0015,2,reactive,5770.679757525722,0.0,64.463604,64.463604,6091.759445241303,0.05563983814850426,0.2,0,0,0,0.0,0.0,0.0,0.0,0.0,0.0,0.0,0.0,0,0
20072,r0004,0,reactive,1038.2952338290852,0.0,64.830247,64.830247,877.3827632016956,-0.15497756840698118,0.2,0,0,0,0.0,0.0,0.0,0.0,0.0,0.0,0.0,0.0,0,0
20072,r0004,1,reactive,5386.423561189815,0.0,64.865305,64.865305,5094.701527327832,-0.05415876240477907,0.2,1,0,0,0.0,0.0,0.0,0.0,0.0,0.0,0.0,0.0,0,0
20072,r0005,0,reactive,2910.504442373509,0.0,65.184442,65.184442,2720.7054951211003,-0.065211701617479,0.2,1,0,0,0.0,0.0,0.0,0.0,0.0,0.0,0.0,0.0,0,0
20072,r0005,1,reactive,5734.843870522698,0.0,64.644921,64.644921,6083.330239423504,0.06076649631074316,0.2,1,0,0,0.0,0.0,0.0,0.0,0.0,0.0,0.0,0.0,0,0
20072,r0007,0,reactive,1271.0869719845832,0.0,64.885955,64.885955,1348.9036920701146,0.0612206102341164,0.2,1,0,0,0.0,0.0,0.0,0.0,0.0,0.0,0.0,0.0,0,0
20072,r0007,1,reactive,4330.421098009523,0.0,64.680848,64.680848,4600.437195805902,0.062353311995568206,0.2,1,0,0,0.0,0.0,0.0,0.0,0.0,0.0,0.0,0.0,0,0
20073,r0015,0,reactive,7592.175218124974,0.0,66.586701,66.586701,6899.28407143805,-0.09126385084379632,0.2,1,0,0,0.0,0.0,0.0,0.0,0.0,0.0,0.0,0.0,0,0
20073,r0017,0,reactive,0.0,0.0,67.219416,67.219416,0.0,0.14370583437914886,0.2,0,0,0,0.0,0.0,0.0,0.0,0.0,0.0,0.0,0.0,0,0
20073,r0005,0,reactive,0.0,0.0,66.80007,66.80007,0.0,0.0848019612561487,0.2,0,0,0,0.0,0.0,0.0,0.0,0.0,0.0,0.0,0.0,0,0
20073,r0021,0,reactive,0.0,0.0,68.809505,68.809505,0.0,0.18744045914012775,0.2,1,0,0,0.0,0.0,0.0,0.0,0.0,0.0,0.0,0.0,0,0
20073,r0002,0,reactive,1236.8569070292688,0.0,67.961726,67.961726,1024.8989039050293,-0.17136824956843913,0.2,1,0,0,0.0,0.0,0.0,0.0,0.0,0.0,0.0,0.0,0,0
20074,r0019,0,reactive,3753.3475306557257,0.0,59.711364,59.711364,3714.7900272354896,-0.010272830614621975,0.2,1,0,0,0.0,0.0,0.0,0.0,0.0,0.0,0.0,0.0,0,0
20074,r0006,0,reactive,0.0,0.0,48.668179,48.668179,0.0,0.09419860548668846,0.2,1,0,0,0.0,0.0,0.0,0.0,0.0,0.0,0.0,0.0,0,0
20074,r0017,0,reactive,0.0,0.0,48.094933,48.094933,0.0,-0.07489309281769962,0.2,1,0,0,0.0,0.0,0.0,0.0,0.0,0.0,0.0,0.0,0,0
20074,r0014,0,reactive,4603.786357434099,0.0,64.020008,64.020008,4812.584314970695,0.045353528883770616,0.2,1,0,0,0.0,0.0,0.0,0.0,0.0,0.0,0.0,0.0,0,0
20074,r0023,0,reactive,3654.6768212600437,0.0,63.865162,63.865162,4332.029537650973,0.1853386084511281,0.2,0,0,0,0.0,0.0,0.0,0.0,0.0,0.0,0.0,0.0,0,0
20074,r0004,0,reactive,133.55504181821016,0.0,63.563478,63.563478,107.14336228532221,-0.1977587605328931,0.2,1,0,0,0.0,0.0,0.0,0.0,0.0,0.0,0.0,0.0,0,0
20075,r0020,0,reactive,3909.6030533944413,0.0,49.120019,49.120019,4456.147791156241,0.13979545501103302,0.2,0,0,0,0.0,0.0,0.0,0.0,0.0,0.0,0.0,0.0,0,0
20075,r0002,0,reactive,2561.9222819902006,0.0,49.488338,49.488338,2760.4163727447017,0.07747857620423326,0.2,1,0,0,0.0,0.0,0.0,0.0,0.0,0.0,0.0,0.0,0,0
20075,r0004,0,reactive,524.6528060317687,0.0,49.318365,49.318365,440.66981954485567,-0.16007345337981038,0.2,1,0,0,0.0,0.0,0.0,0.0,0.0,0.0,0.0,0.0,0,0
20075,r0007,0,reactive,0.0,0.0,59.822068,59.822068,0.0,0.11646284861185341,0.2,1,0,0,0.0,0.0,0.0,0.0,0.0,0.0,0.0,0.0,0,0
20075,r0007,1,reactive,5846.458627864635,0.0,59.274482,59.274482,6578.122404400852,0.1251464900562294,0.2,1,0,0,0.0,0.0,0.0,0.0,0.0,0.0,0.0,0.0,0,0
20075,r0003,0,reactive,3347.6375805244534,0.0,59.704394,59.704394,3170.924961241461,-0.05278726117518015,0.2,1,0,0,0.0,0.0,0.0,0.0,0.0,0.0,0.0,0.0,0,0
20075,r0003,1,reactive,5745.978738452242,0.0,59.736199,59.736199,5843.607693201233,0.01699083118697517,0.2,1,0,0,0.0,0.0,0.0,0.0,0.0,0.0,0.0,0.0,0,0
20075,r0001,0,reactive,0.0,0.0,59.738474,59.738474,0.0,0.13451389731120172,0.2,0,0,0,0.0,0.0,0.0,0.0,0.0,0.0,0.0,0.0,0,0
20076,r0020,0,reactive,5336.72695957832,0.0,66.274286,66.274286,4360.759011130343,-0.18287762440165986,0.2,0,0,0,0.0,0.0,0.0,0.0,0.0,0.0,0.0,0.0,0,0
20076,r0020,1,reactive,3357.75498583419,0.0,65.612125,65.612125,3463.769132677172,0.03157292515095281,0.2,0,0,0,0.0,0.0,0.0,0.0,0.0,0.0,0.0,0.0,0,0
20076,r0011,0,reactive,2390.744378976444,0.0,65.954406,65.954406,2718.747916335693,0.1371972429355573,0.2,1,0,0,0.0,0.0,0.0,0.0,0.0,0.0,0.0,0.0,0,0
20076,r0011,1,reactive,3697.8858208339916,0.0,66.085271,66.085271,3830.271659932938,0.03580041286106814,0.2,1,0,0,0.0,0.0,0.0,0.0,0.0,0.0,0.0,0.0,0,0
20076,r0015,0,reactive,1497.4452577916782,0.0,66.112352,66.112352,1208.9734690366893,-0.1926426273374466,0.2,1,0,0,0.0,0.0,0.0,0.0,0.0,0.0,0.0,0.0,0,0
20076,r0015,1,reactive,1496.135335152816,0.0,65.76669,65.76669,1490.095443549452,-0.004036995491953299,0.2,1,0,0,0.0,0.0,0.0,0.0,0.0,0.0,0.0,0.0,0,0
20076,r0005,0,reactive,5616.37754047909,0.0,66.152418,66.152418,4898.9355330454155,-0.12774105769472102,0.2,1,0,0,0.0,0.0,0.0,0.0,0.0,0.0,0.0,0.0,0,0
20077,r0017,0,reactive,3138.342474647557,0.0,60.586276,60.586276,3765.7258515867015,0.19990915013492944,0.2,1,0,0,0.0,0.0,0.0,0.0,0.0,0.0,0.0,0.0,0,0
20077,r0017,1,reactive,4976.496473652529,0.0,61.818049,61.818049,5911.289869732613,0.18784166753241716,0.2,1,0,0,0.0,0.0,0.0,0.0,0.0,0.0,0.0,0.0,0,0
20077,r0006,0,reactive,897.4319439599658,0.0,60.236829,60.236829,840.5273630975328,-0.06340824086485997,0.2,1,0,0,0.0,0.0,0.0,0.0,0.0,0.0,0.0,0.0,0,0
20077,r0003,0,reactive,0.0,0.0,60.03915,60.03915,0.0,-0.034988793365188176,0.2,1,0,0,0.0,0.0,0.0,0.0,0.0,0.0,0.0,0.0,0,0
20077,r0009,0,reactive,0.0,0.0,60.212281,60.212281,0.0,0.19941937091685075,0.2,1,0,0,0.0,0.0,0.0,0.0,0.0,0.0,0.0,0.0,0,0
20077,r0004,0,reactive,261.43906311132014,0.0,60.211009,60.211009,233.8638842069821,-0.10547459349101392,0.2,1,0,0,0.0,0.0,0.0,0.0,0.0,0.0,0.0,0.0,0,0
20077,r0004,1,reactive,3221.6637955571714,0.0,60.307816,60.307816,2875.0150522075974,-0.10759929196448717,0.2,1,0,0,0.0,0.0,0.0,0.0,0.0,0.0,0.0,0.0,0,0
20077,r0022,0,reactive,0.0,0.0,60.305028,60.305028,0.0,0.18167958292279768,0.2,0,0,0,0.0,0.0,0.0,0.0,0.0,0.0,0.0,0.0,0,0
20077,r0022,1,reactive,2383.9303048520633,0.0,62.023149,62.023149,2846.5644697234848,0.19406362842479608,0.2,0,0,0,0.0,0.0,0.0,0.0,0.0,0.0,0.0,0.0,0,0
20077,r0011,0,reactive,0.0,0.0,117.740779,117.740779,0.0,0.18636007561921736,0.2,1,0,0,0.0,0.0,0.0,0.0,0.0,0.0,0.0,0.0,0,0
20077,r0011,1,reactive,1282.1296714984237,0.0,63.089313,63.089313,1058.6589342704603,-0.174296517891824,0.2,1,0,0,0.0,0.0,0.0,0.0,0.0,0.0,0.0,0.0,0,0
20077,r0011,2,reactive,3768.847589138659,0.0,61.920428,61.920428,3224.811969799765,-0.14435065533207966,0.2,1,0,0,0.0,0.0,0.0,0.0,0.0,0.0,0.0,0.0,0,0
20077,r0011,3,reactive,4468.3043084844685,0.0,61.970428,61.970428,5030.9399804781215,0.12591704439765072,0.2,1,0,0,0.0,0.0,0.0,0.0,0.0,0.0,0.0,0.0,0,0
20077,r0007,0,reactive,2334.8050173152333,0.0,60.642638,60.642638,2398.0089215265293,0.02707031368468349,0.2,1,0,0,0.0,0.0,0.0,0.0,0.0,0.0,0.0,0.0,0,0
20077,r0007,1,reactive,5407.319282226141,0.0,61.795684,61.795684,6377.775575073705,0.1794708694264558,0.2,1,0,0,0.0,0.0,0.0,0.0,0.0,0.0,0.0,0.0,0,0
20077,r0020,0,reactive,0.0,0.0,60.433813,60.433813,0.0,-0.08899412420877831,0.2,1,0,0,0.0,0.0,0.0,0.0,0.0,0.0,0.0,0.0,0,0
20077,r0020,1,reactive,3720.9798906214237,0.0,61.360846,61.360846,3394.3264085882447,-0.08778695172647821,0.2,1,0,0,0.0,0.0,0.0,0.0,0.0,0.0,0.0,0.0,0,0
20078,r0013,0,reactive,3916.370250264838,0.0,60.708246,60.708246,3374.4662566497777,-0.13836893832456598,0.2,1,0,0,0.0,0.0,0.0,0.0,0.0,0.0,0.0,0.0,0,0
20078,r0021,0,reactive,2239.226872279518,0.0,43.791933,43.791933,2299.5171299363406,0.026924586518313642,0.2,1,0,0,0.0,0.0,0.0,0.0,0.0,0.0,0.0,0.0,0,0
20078,r0016,0,reactive,2713.87439270737,0.0,44.289541,44.289541,3107.4452762423343,0.14502177572866093,0.2,1,0,0,0.0,0.0,0.0,0.0,0.0,0.0,0.0,0.0,0,0
20078,r0016,1,reactive,1567.356279278185,0.0,60.513958,60.513958,1259.9411618398105,-0.19613608054701404,0.2,1,0,0,0.0,0.0,0.0,0.0,0.0,0.0,0.0,0.0,0,0
20078,r0020,0,reactive,3987.664386792665,0.0,44.081392,44.081392,4277.778318051682,0.0727528455553802,0.2,1,0,0,0.0,0.0,0.0,0.0,0.0,0.0,0.0,0.0,0,0
20078,r0020,1,reactive,1977.7933614656577,0.0,61.004543,61.004543,1749.0787432397908,-0.11564131151516062,0.2,1,0,0,0.0,0.0,0.0,0.0,0.0,0.0,0.0,0.0,0,0
20078,r0009,0,reactive,5575.513618819685,0.0,44.266898,44.266898,6603.493492186751,0.18437402249313933,0.2,1,0,0,0.0,0.0,0.0,0.0,0.0,0.0,0.0,0.0,0,0
20078,r0011,0,reactive,1167.6172218930624,0.0,60.653326,60.653326,1044.4998306335435,-0.10544328136913586,0.2,0,0,0,0.0,0.0,0.0,0.0,0.0,0.0,0.0,0.0,0,0
20078,r0015,0,reactive,0.0,0.0,60.64187,60.64187,0.0,-0.09015100784797664,0.2,1,0,0,0.0,0.0,0.0,0.0,0.0,0.0,0.0,0.0,0,0
20078,r0003,0,reactive,2090.7173859103023,0.0,60.641063,60.641063,2099.709805049032,0.004301116544651762,0.2,1,0,0,0.0,0.0,0.0,0.0,0.0,0.0,0.0,0.0,0,0
20078,r0003,1,reactive,5646.666428864421,0.0,60.790817,60.790817,5408.160895283109,-0.04223828989828887,0.2,0,0,0,0.0,0.0,0.0,0.0,0.0,0.0,0.0,0.0,0,0
20078,r0010,0,reactive,1264.6278761905887,0.0,60.740929,60.740929,1401.1756920732237,0.1079747002683153,0.2,1,0,0,0.0,0.0,0.0,0.0,0.0,0.0,0.0,0.0,0,0
20078,r0005,0,reactive,1371.9921832444597,0.0,60.87138,60.87138,1307.4419984991903,-0.04704850766177296,0.2,1,0,0,0.0,0.0,0.0,0.0,0.0,0.0,0.0,0.0,0,0
20079,r0022,0,reactive,1529.872104899394,0.0,62.641638,62.641638,1815.5204027274176,0.18671384157750126,0.2,1,0,0,0.0,0.0,0.0,0.0,0.0,0.0,0.0,0.0,0,0
20079,r0010,0,reactive,240.70479490645448,0.0,62.568281,62.568281,241.44087751974456,0.0030580305372651106,0.2,1,0,0,0.0,0.0,0.0,0.0,0.0,0.0,0.0,0.0,0,0
20079,r0010,1,reactive,9481.674485230571,0.0,61.98146,61.98146,10674.960353606797,0.12585180710801497,0.2,1,0,0,0.0,0.0,0.0,0.0,0.0,0.0,0.0,0.0,0,0
20079,r0021,0,reactive,1062.477566579295,0.0,62.321484,62.321484,1034.1119363468315,-0.026697627436773314,0.2,1,0,0,0.0,0.0,0.0,0.0,0.0,0.0,0.0,0.0,0,0
20080,r0020,0,reactive,7715.5994823783985,0.0,63.220809,63.220809,7738.753374548625,0.00300091940012015,0.2,1,0,0,0.0,0.0,0.0,0.0,0.0,0.0,0.0,0.0,0,0
20080,r0014,0,reactive,0.0,0.0,63.861041,63.861041,0.0,-0.14166223463971805,0.2,0,0,0,0.0,0.0,0.0,0.0,0.0,0.0,0.0,0.0,0,0
20080,r0014,1,reactive,0.0,0.0,56.704109,56.704109,0.0,0.04976671694021606,0.2,1,0,0,0.0,0.0,0.0,0.0,0.0,0.0,0.0,0.0,0,0
20080,r0014,2,reactive,7885.199043257044,0.0,56.53557,56.53557,6889.979756589646,-0.12621359095791623,0.2,1,0,0,0.0,0.0,0.0,0.0,0.0,0.0,0.0,0.0,0,0
20080,r0004,0,reactive,0.0,0.0,63.666331,63.666331,0.0,0.08843228490542265,0.2,1,0,0,0.0,0.0,0.0,0.0,0.0,0.0,0.0,0.0,0,0
20080,r0000,0,reactive,6021.017423437306,0.0,63.486661,63.486661,4903.608759559241,-0.1855846919705731,0.2,1,0,0,0.0,0.0,0.0,0.0,0.0,0.0,0.0,0.0,0,0
20080,r0001,0,reactive,5035.725171138434,0.0,57.104228,57.104228,5115.594178556647,0.015860477826703356,0.2,1,0,0,0.0,0.0,0.0,0.0,0.0,0.0,0.0,0.0,0,0
20080,r0021,0,reactive,1327.2145503354695,0.0,56.365228,56.365228,1451.4881149738371,0.09363487207622617,0.2,1,0,0,0.0,0.0,0.0,0.0,0.0,0.0,0.0,0.0,0,0
20080,r0018,0,reactive,0.0,0.0,63.911148,63.911148,0.0,-0.009066574289776336,0.2,1,0,0,0.0,0.0,0.0,0.0,0.0,0.0,0.0,0.0,0,0
20080,r0018,1,reactive,8836.708129129227,0.0,63.109396,63.109396,8285.796993012942,-0.062343479954969666,0.2,1,0,0,0.0,0.0,0.0,0.0,0.0,0.0,0.0,0.0,0,0
20080,r0011,0,reactive,0.0,0.0,62.954568,62.954568,0.0,-0.1351445432961031,0.2,1,0,0,0.0,0.0,0.0,0.0,0.0,0.0,0.0,0.0,0,0
20080,r0013,0,reactive,0.0,0.0,63.481717,63.481717,0.0,0.15981264435712522,0.2,1,0,0,0.0,0.0,0.0,0.0,0.0,0.0,0.0,0.0,0,0
20080,r0013,1,reactive,3099.2834307916637,0.0,63.20558,63.20558,2785.076910598227,-0.10138037620947032,0.2,1,0,0,0.0,0.0,0.0,0.0,0.0,0.0,0.0,0.0,0,0
20080,r0013,2,reactive,5069.95126321492,0.0,63.252739,63.252739,5927.54685631122,0.16915263058218977,0.2,1,0,0,0.0,0.0,0.0,0.0,0.0,0.0,0.0,0.0,0,0
20081,r0012,0,reactive,2465.090231709556,0.0,71.823453,71.823453,2081.2425791036967,-0.1557134289318321,0.2,1,0,0,0.0,0.0,0.0,0.0,0.0,0.0,0.0,0.0,0,0
20081,r0012,1,reactive,2510.16317295272,0.0,69.456355,69.456355,2689.77916247719,0.07155550342696898,0.2,0,0,0,0.0,0.0,0.0,0.0,0.0,0.0,0.0,0.0,0,0
20081,r0004,0,reactive,0.0,0.0,72.386861,72.386861,0.0,-0.03190151278514369,0.2,1,0,0,0.0,0.0,0.0,0.0,0.0,0.0,0.0,0.0,0,0
20081,r0006,0,reactive,604.5279402717151,0.0,71.86012,71.86012,527.3681729407639,-0.1276363955920226,0.2,1,0,0,0.0,0.0,0.0,0.0,0.0,0.0,0.0,0.0,0,0
20081,r0017,0,reactive,2401.814702416077,0.0,72.041538,72.041538,2084.0445675927626,-0.1323041842085726,0.2,1,0,0,0.0,0.0,0.0,0.0,0.0,0.0,0.0,0.0,0,0
20081,r0010,0,reactive,2321.407425574176,0.0,72.204118,72.204118,2085.8618154636197,-0.10146672553711547,0.2,1,0,0,0.0,0.0,0.0,0.0,0.0,0.0,0.0,0.0,0,0
20081,r0010,1,reactive,1441.8700107281438,0.0,69.985933,69.985933,1198.9569937011959,-0.16847081582914455,0.2,1,0,0,0.0,0.0,0.0,0.0,0.0,0.0,0.0,0.0,0,0
20081,r0005,0,reactive,1954.8178474972701,0.0,72.555306,72.555306,2172.2976787234757,0.1112532461807848,0.2,1,0,0,0.0,0.0,0.0,0.0,0.0,0.0,0.0,0.0,0,0
20081,r0005,1,reactive,3718.3027878088396,0.0,70.186946,70.186946,3226.158519798357,-0.1323572328816446,0.2,1,0,0,0.0,0.0,0.0,0.0,0.0,0.0,0.0,0.0,0,0
20081,r0016,0,reactive,3497.783731546162,0.0,71.693394,71.693394,3723.5063889676953,0.06453305142503912,0.2,1,0,0,0.0,0.0,0.0,0.0,0.0,0.0,0.0,0.0,0,0
20081,r0016,1,reactive,3591.8372960475535,0.0,70.213546,70.213546,3887.0641881994243,0.08219383781017531,0.2,1,0,0,0.0,0.0,0.0,0.0,0.0,0.0,0.0,0.0,0,0
20082,r0012,0,reactive,2343.6404313124604,0.0,58.635932,58.635932,2132.4005051053937,-0.09013324884857471,0.2,0,0,0,0.0,0.0,0.0,0.0,0.0,0.0,0.0,0.0,0,0
20082,r0000,0,reactive,2825.6567745222164,0.0,58.920823,58.920823,3331.4156094422956,0.17898806375929965,0.2,1,0,0,0.0,0.0,0.0,0.0,0.0,0.0,0.0,0.0,0,0
20082,r0000,1,reactive,4778.604584857381,0.0,58.097662,58.097662,4055.562961414561,-0.15130810901032105,0.2,1,0,0,0.0,0.0,0.0,0.0,0.0,0.0,0.0,0.0,0,0
20083,r0019,0,reactive,4654.130262518493,0.0,66.595882,66.595882,5391.068144349781,0.15834062225677975,0.2,1,0,0,0.0,0.0,0.0,0.0,0.0,0.0,0.0,0.0,0,0
20083,r0006,0,reactive,945.0474286801982,0.0,67.410721,67.410721,1076.6753526557732,0.13928181801351425,0.2,1,0,0,0.0,0.0,0.0,0.0,0.0,0.0,0.0,0.0,0,0
20084,r0009,0,reactive,3156.2677609508737,0.0,48.330681,48.330681,2770.569224201028,-0.1222008289416003,0.2,1,0,0,0.0,0.0,0.0,0.0,0.0,0.0,0.0,0.0,0,0
20084,r0019,0,reactive,0.0,0.0,60.758091,60.758091,0.0,0.05253180486306397,0.2,1,0,0,0.0,0.0,0.0,0.0,0.0,0.0,0.0,0.0,0,0
20084,r0019,1,reactive,1611.4036194787986,0.0,60.191933,60.191933,1401.9288753952953,-0.12999520514373486,0.2,1,0,0,0.0,0.0,0.0,0.0,0.0,0.0,0.0,0.0,0,0
20084,r0003,0,reactive,0.0,0.0,60.612726,60.612726,0.0,-0.17206026100219188,0.2,1,0,0,0.0,0.0,0.0,0.0,0.0,0.0,0.0,0.0,0,0
20084,r0018,0,reactive,3098.4904008572194,0.0,48.668495,48.668495,2812.817790271984,-0.09219735213838393,0.2,0,0,0,0.0,0.0,0.0,0.0,0.0,0.0,0.0,0.0,0,0
20084,r0007,0,reactive,1080.462845643844,0.0,99.073979,99.073979,924.3107990729629,-0.144523291291734,0.2,1,0,0,0.0,0.0,0.0,0.0,0.0,0.0,0.0,0.0,0,0
20084,r0007,1,reactive,5253.355023685537,0.0,60.499407,60.499407,6181.020096992058,0.17658526201332364,0.2,0,0,0,0.0,0.0,0.0,0.0,0.0,0.0,0.0,0.0,0,0
20084,r0010,0,reactive,920.8966817248438,0.0,60.393235,60.393235,747.364009321611,-0.18843880735698315,0.2,1,0,0,0.0,0.0,0.0,0.0,0.0,0.0,0.0,0.0,0,0
20085,r0008,0,reactive,3971.148310884584,0.0,46.173279,46.173279,3379.128255951405,-0.14908031848382547,0.2,1,0,0,0.0,0.0,0.0,0.0,0.0,0.0,0.0,0.0,0,0
20085,r0003,0,reactive,8403.352266443171,0.0,64.784188,64.784188,9367.537204802831,0.11473813161563018,0.2,1,0,0,0.0,0.0,0.0,0.0,0.0,0.0,0.0,0.0,0,0
20085,r0023,0,reactive,1408.4955799524178,0.0,46.370978,46.370978,1404.7894220237858,-0.0026312882918361757,0.2,1,0,0,0.0,0.0,0.0,0.0,0.0,0.0,0.0,0.0,0,0
20085,r0015,0,reactive,0.0,0.0,65.078847,65.078847,0.0,-0.10563466245064253,0.2,1,0,0,0.0,0.0,0.0,0.0,0.0,0.0,0.0,0.0,0,0
20085,r0014,0,reactive,6089.947366252698,0.0,64.340455,64.340455,5307.124885997153,-0.12854339014381938,0.2,0,0,0,0.0,0.0,0.0,0.0,0.0,0.0,0.0,0.0,0,0
20085,r0020,0,reactive,1416.060783553643,0.0,64.605092,64.605092,1171.1556384071225,-0.1729481869640683,0.2,1,0,0,0.0,0.0,0.0,0.0,0.0,0.0,0.0,0.0,0,0
20085,r0007,0,reactive,0.0,0.0,64.27582,64.27582,0.0,0.14682201683600404,0.2,1,0,0,0.0,0.0,0.0,0.0,0.0,0.0,0.0,0.0,0,0
20086,r0001,0,reactive,0.0,0.0,61.925439,61.925439,0.0,0.15234020591878844,0.2,1,0,0,0.0,0.0,0.0,0.0,0.0,0.0,0.0,0.0,0,0
20086,r0021,0,reactive,5843.274630087821,0.0,61.958155,61.958155,6587.005037989429,0.12727972840298118,0.2,1,0,0,0.0,0.0,0.0,0.0,0.0,0.0,0.0,0.0,0,0
20086,r0008,0,reactive,263.80777159009085,0.0,62.0439,62.0439,295.6091820463302,0.12054766341627321,0.2,1,0,0,0.0,0.0,0.0,0.0,0.0,0.0,0.0,0.0,0,0
20086,r0002,0,reactive,704.9813367590577,0.0,102.997782,102.997782,578.2872330544269,-0.17971270599455777,0.2,1,0,0,0.0,0.0,0.0,0.0,0.0,0.0,0.0,0.0,0,0
20087,r0006,0,reactive,37.75038810022488,0.0,65.754271,65.754271,30.818195058831137,-0.18363236486441448,0.2,1,0,0,0.0,0.0,0.0,0.0,0.0,0.0,0.0,0.0,0,0
20087,r0023,0,reactive,4322.272527582867,0.0,66.549152,66.549152,3914.8225035872083,-0.09426754592531816,0.2,1,0,0,0.0,0.0,0.0,0.0,0.0,0.0,0.0,0.0,0,0
20087,r0023,1,reactive,4822.228651666232,0.0,66.402302,66.402302,5251.644044949036,0.08904915637594812,0.2,1,0,0,0.0,0.0,0.0,0.0,0.0,0.0,0.0,0.0,0,0
20087,r0002,0,reactive,0.0,0.0,66.735023,66.735023,0.0,0.08163522031470927,0.2,1,0,0,0.0,0.0,0.0,0.0,0.0,0.0,0.0,0.0,0,0
20087,r0002,1,reactive,6675.484110775504,0.0,66.395515,66.395515,6431.644668589068,-0.03652760431154839,0.2,1,0,0,0.0,0.0,0.0,0.0,0.0,0.0,0.0,0.0,0,0
20087,r0008,0,reactive,1530.366544669585,0.0,66.132506,66.132506,1422.5464068005062,-0.07045379961070558,0.2,1,0,0,0.0,0.0,0.0,0.0,0.0,0.0,0.0,0.0,0,0
20087,r0011,0,reactive,4881.597872414743,0.0,66.2318,66.2318,4187.840607962892,-0.14211684013797626,0.2,1,0,0,0.0,0.0,0.0,0.0,0.0,0.0,0.0,0.0,0,0
20087,r0010,0,reactive,0.0,0.0,65.80951,65.80951,0.0,0.030148908114640355,0.2,1,0,0,0.0,0.0,0.0,0.0,0.0,0.0,0.0,0.0,0,0
20088,r0012,0,reactive,3173.984128358299,0.0,65.084915,65.084915,2883.9481623505867,-0.09137914818677109,0.2,1,0,0,0.0,0.0,0.0,0.0,0.0,0.0,0.0,0.0,0,0
20088,r0005,0,reactive,1544.559833385555,0.0,66.064234,66.064234,1242.0571715779693,-0.19585040039823093,0.2,1,0,0,0.0,0.0,0.0,0.0,0.0,0.0,0.0,0.0,0,0
20088,r0005,1,reactive,2670.006324821592,0.0,66.12445,66.12445,2681.770698347832,0.0044061219694024045,0.2,1,0,0,0.0,0.0,0.0,0.0,0.0,0.0,0.0,0.0,0,0
20088,r0005,2,reactive,3450.193226253843,0.0,65.576736,65.576736,3646.8332357638965,0.056993912113021294,0.2,1,0,0,0.0,0.0,0.0,0.0,0.0,0.0,0.0,0.0,0,0
20088,r0016,0,reactive,755.4454652967288,0.0,65.895582,65.895582,689.0997326852338,-0.08782332499068657,0.2,1,0,0,0.0,0.0,0.0,0.0,0.0,0.0,0.0,0.0,0,0
20088,r0016,1,reactive,4605.727444638924,0.0,65.551773,65.551773,4322.780186008887,-0.061433782617638016,0.2,0,0,0,0.0,0.0,0.0,0.0,0.0,0.0,0.0,0.0,0,0
20088,r0013,0,reactive,770.5998193447958,0.0,65.651221,65.651221,724.7252980405416,-0.05953092662707751,0.2,1,0,0,0.0,0.0,0.0,0.0,0.0,0.0,0.0,0.0,0,0
20088,r0013,1,reactive,7024.775806901027,0.0,65.509663,65.509663,5709.83319665676,-0.1871864165333914,0.2,1,0,0,0.0,0.0,0.0,0.0,0.0,0.0,0.0,0.0,0,0
20088,r0003,0,reactive,0.0,0.0,66.019547,66.019547,0.0,-0.1104026989246285,0.2,1,0,0,0.0,0.0,0.0,0.0,0.0,0.0,0.0,0.0,0,0
20088,r0003,1,reactive,6632.47336787892,0.0,65.641197,65.641197,7800.12200452827,0.17605025634995747,0.2,1,0,0,0.0,0.0,0.0,0.0,0.0,0.0,0.0,0.0,0,0
20088,r0022,0,reactive,4373.869146994992,0.0,58.583941,58.583941,4784.925906018667,0.09398012268064454,0.2,0,0,0,0.0,0.0,0.0,0.0,0.0,0.0,0.0,0.0,0,0
20089,r0003,0,reactive,3075.0010701883857,0.0,67.309624,67.309624,3643.8302877011065,0.1849850470061371,0.2,1,0,0,0.0,0.0,0.0,0.0,0.0,0.0,0.0,0.0,0,0
20089,r0000,0,reactive,0.0,0.0,67.00342,67.00342,0.0,-0.0767762706409227,0.2,1,0,0,0.0,0.0,0.0,0.0,0.0,0.0,0.0,0.0,0,0
20089,r0017,0,reactive,1663.0624871488726,0.0,67.040447,67.040447,1542.512871575639,-0.0724865220066997,0.2,1,0,0,0.0,0.0,0.0,0.0,0.0,0.0,0.0,0.0,0,0
20089,r0013,0,reactive,0.0,0.0,67.18221,67.18221,0.0,0.1584450544806163,0.2,1,0,0,0.0,0.0,0.0,0.0,0.0,0.0,0.0,0.0,0,0
20089,r0010,0,reactive,3133.3827859757475,0.0,67.215972,67.215972,3663.7405806398,0.1692604545597824,0.2,1,0,0,0.0,0.0,0.0,0.0,0.0,0.0,0.0,0.0,0,0
20089,r0020,0,reactive,0.0,0.0,50.096263,50.096263,0.0,-0.07949070555080025,0.2,1,0,0,0.0,0.0,0.0,0.0,0.0,0.0,0.0,0.0,0,0
20090,r0014,0,reactive,4745.779419554852,0.0,56.739211,56.739211,3931.866879078514,-0.17150239581777316,0.2,1,0,0,0.0,0.0,0.0,0.0,0.0,0.0,0.0,0.0,0,0
20090,r0014,1,reactive,3670.4612187659313,0.0,57.023174,57.023174,4267.230894339559,0.16258710826926315,0.2,0,0,0,0.0,0.0,0.0,0.0,0.0,0.0,0.0,0.0,0,0
20090,r0007,0,reactive,231.0041713418941,0.0,57.275259,57.275259,198.6928061951372,-0.13987351379441107,0.2,1,0,0,0.0,0.0,0.0,0.0,0.0,0.0,0.0,0.0,0,0
20090,r0010,0,reactive,0.0,0.0,61.198117,61.198117,0.0,-0.1525391921286688,0.2,1,0,0,0.0,0.0,0.0,0.0,0.0,0.0,0.0,0.0,0,0
20090,r0010,1,reactive,7361.296179012097,0.0,60.962072,60.962072,6965.577362403932,-0.05375667640386547,0.2,1,0,0,0.0,0.0,0.0,0.0,0.0,0.0,0.0,0.0,0,0
20090,r0010,2,reactive,3124.3455222824123,0.0,60.884761,60.884761,2602.4401016817897,-0.16704471924710745,0.2,1,0,0,0.0,0.0,0.0,0.0,0.0,0.0,0.0,0.0,0,0
20090,r0003,0,reactive,2599.442914541436,0.0,61.338608,61.338608,2460.122801346996,-0.05359614262543544,0.2,1,0,0,0.0,0.0,0.0,0.0,0.0,0.0,0.0,0.0,0,0
20090,r0017,0,reactive,2582.9866277427864,0.0,61.009846,61.009846,2402.4392638111267,-0.06989868317260159,0.2,1,0,0,0.0,0.0,0.0,0.0,0.0,0.0,0.0,0.0,0,0
20090,r0017,1,reactive,3961.9371556478436,0.0,60.867489,60.867489,3214.2787072822994,-0.18871032502364093,0.2,1,0,0,0.0,0.0,0.0,0.0,0.0,0.0,0.0,0.0,0,0
20090,r0023,0,reactive,0.0,0.0,60.732238,60.732238,0.0,0.13527888111256142,0.2,0,0,0,0.0,0.0,0.0,0.0,0.0,0.0,0.0,0.0,0,0
20090,r0002,0,reactive,2957.7502173035064,0.0,60.353388,60.353388,2783.071054149452,-0.05905811861060553,0.2,1,0,0,0.0,0.0,0.0,0.0,0.0,0.0,0.0,0.0,0,0
20090,r0002,1,reactive,5681.530241819713,0.0,60.961413,60.961413,5229.754571501866,-0.07951654767099328,0.2,1,0,0,0.0,0.0,0.0,0.0,0.0,0.0,0.0,0.0,0,0
20090,r0005,0,reactive,1435.793061998149,0.0,60.5504,60.5504,1621.8044132797702,0.12955303671878377,0.2,0,0,0,0.0,0.0,0.0,0.0,0.0,0.0,0.0,0.0,0,0
20090,r0012,0,reactive,2960.9867174822357,0.0,57.432852,57.432852,2761.8991241254707,-0.06723690862282955,0.2,1,0,0,0.0,0.0,0.0,0.0,0.0,0.0,0.0,0.0,0,0
20090,r0012,1,reactive,7446.148978797071,0.0,57.062403,57.062403,7129.96928766712,-0.04246217635858135,0.2,1,0,0,0.0,0.0,0.0,0.0,0.0,0.0,0.0,0.0,0,0
20090,r0012,2,reactive,4827.01933344188,0.0,56.988266,56.988266,4846.987984930274,0.004136849287105615,0.2,0,0,0,0.0,0.0,0.0,0.0,0.0,0.0,0.0,0.0,0,0
20090,r0012,3,reactive,5228.156062111986,0.0,56.984181,56.984181,5284.488924772587,0.010774900747290317,0.2,1,0,0,0.0,0.0,0.0,0.0,0.0,0.0,0.0,0.0,0,0
20091,r0016,0,reactive,5052.980555137401,0.0,57.308483,57.308483,4863.717045669998,-0.03745581590947883,0.2,1,0,0,0.0,0.0,0.0,0.0,0.0,0.0,0.0,0.0,0,0
20091,r0009,0,reactive,2106.284067983477,0.0,54.628939,54.628939,2490.8431611532533,0.18257703175713935,0.2,1,0,0,0.0,0.0,0.0,0.0,0.0,0.0,0.0,0.0,0,0
20091,r0011,0,reactive,3176.201278641369,0.0,54.428755,54.428755,2938.414139082029,-0.07486526158098325,0.2,1,0,0,0.0,0.0,0.0,0.0,0.0,0.0,0.0,0.0,0,0
20091,r0018,0,reactive,0.0,0.0,60.922361,60.922361,0.0,-0.1734057100002688,0.2,1,0,0,0.0,0.0,0.0,0.0,0.0,0.0,0.0,0.0,0,0
20091,r0015,0,reactive,0.0,0.0,60.889203,60.889203,0.0,0.0999085772327355,0.2,0,0,0,0.0,0.0,0.0,0.0,0.0,0.0,0.0,0.0,0,0
20091,r0020,0,reactive,2370.441707319387,0.0,60.844571,60.844571,2694.6331651848345,0.1367641553320706,0.2,0,0,0,0.0,0.0,0.0,0.0,0.0,0.0,0.0,0.0,0,0
20091,r0020,1,reactive,3846.064319186946,0.0,60.649267,60.649267,4609.8016284824,0.19857632268014358,0.2,1,0,0,0.0,0.0,0.0,0.0,0.0,0.0,0.0,0.0,0,0
20091,r0010,0,reactive,1587.7046165312531,0.0,61.101846,61.101846,1866.157533061167,0.17538080675123652,0.2,1,0,0,0.0,0.0,0.0,0.0,0.0,0.0,0.0,0.0,0,0
20091,r0010,1,reactive,7423.685755278657,0.0,61.122931,61.122931,8266.56790448093,0.1135395781809509,0.2,1,0,0,0.0,0.0,0.0,0.0,0.0,0.0,0.0,0.0,0,0
20091,r0000,0,reactive,0.0,0.0,60.736333,60.736333,0.0,0.133362356176635,0.2,0,0,0,0.0,0.0,0.0,0.0,0.0,0.0,0.0,0.0,0,0
20091,r0004,0,reactive,2790.9881592919555,0.0,61.313403,61.313403,2293.9172998132967,-0.17809851963139844,0.2,1,0,0,0.0,0.0,0.0,0.0,0.0,0.0,0.0,0.0,0,0
20091,r0004,1,reactive,5305.435882436748,0.0,60.863087,60.863087,4776.389674979405,-0.09971776479454056,0.2,1,0,0,0.0,0.0,0.0,0.0,0.0,0.0,0.0,0.0,0,0
20091,r0004,2,reactive,2980.7045987174533,0.0,60.705825,60.705825,2507.0584175313193,-0.1589040998527449,0.2,1,0,0,0.0,0.0,0.0,0.0,0.0,0.0,0.0,0.0,0,0
20092,r0020,0,reactive,5326.071521125183,0.0,61.698807,61.698807,6328.522523163613,0.1882158356421495,0.2,0,0,0,0.0,0.0,0.0,0.0,0.0,0.0,0.0,0.0,0,0
20092,r0006,0,reactive,4956.308325550086,0.0,62.241385,62.241385,5844.331089575043,0.17917020203265877,0.2,1,0,0,0.0,0.0,0.0,0.0,0.0,0.0,0.0,0.0,0,0
20092,r0006,1,reactive,4137.9272748233525,0.0,62.063987,62.063987,4716.349787205326,0.13978556749928994,0.2,1,0,0,0.0,0.0,0.0,0.0,0.0,0.0,0.0,0.0,0,0
20092,r0013,0,reactive,806.1966678437493,0.0,62.220895,62.220895,679.1983695867884,-0.15752768936223732,0.2,0,0,0,0.0,0.0,0.0,0.0,0.0,0.0,0.0,0.0,0,0
20092,r0013,1,reactive,5993.254124002855,0.0,61.809201,61.809201,7019.0608439469515,0.17116022426543903,0.2,1,0,0,0.0,0.0,0.0,0.0,0.0,0.0,0.0,0.0,0,0
20092,r0021,0,reactive,47.38159859105872,0.0,62.642182,62.642182,50.444163466873086,0.0646361660830983,0.2,1,0,0,0.0,0.0,0.0,0.0,0.0,0.0,0.0,0.0,0,0
20092,r0021,1,reactive,8856.176217795663,0.0,61.980152,61.980152,7951.928347119799,-0.10210364478281964,0.2,1,0,0,0.0,0.0,0.0,0.0,0.0,0.0,0.0,0.0,0,0
20093,r0004,0,reactive,3934.866719730951,0.0,61.383971,61.383971,3439.7482871720827,-0.12582851410853435,0.2,1,0,0,0.0,0.0,0.0,0.0,0.0,0.0,0.0,0.0,0,0
20093,r0004,1,reactive,6473.5434285994625,0.0,60.945193,60.945193,6925.390166182784,0.06979898143373969,0.2,1,0,0,0.0,0.0,0.0,0.0,0.0,0.0,0.0,0.0,0,0
20093,r0006,0,reactive,1118.0344479121577,0.0,61.805959,61.805959,1046.4661808361975,-0.0640125777963356,0.2,1,0,0,0.0,0.0,0.0,0.0,0.0,0.0,0.0,0.0,0,0
20093,r0012,0,reactive,2558.131855118465,0.0,61.677642,61.677642,3058.9004332123113,0.19575557729437537,0.2,1,0,0,0.0,0.0,0.0,0.0,0.0,0.0,0.0,0.0,0,0
20093,r0019,0,reactive,0.0,0.0,61.796544,61.796544,0.0,-0.17573771412006628,0.2,1,0,0,0.0,0.0,0.0,0.0,0.0,0.0,0.0,0.0,0,0
20093,r0013,0,reactive,925.2554202740012,0.0,61.535403,61.535403,1099.3933458231593,0.18820524768997277,0.2,0,0,0,0.0,0.0,0.0,0.0,0.0,0.0,0.0,0.0,0,0
20093,r0022,0,reactive,1802.0360727002917,0.0,61.750785,61.750785,2099.1415582466307,0.16487210774928385,0.2,1,0,0,0.0,0.0,0.0,0.0,0.0,0.0,0.0,0.0,0,0
20093,r0000,0,reactive,3090.6162099832145,0.0,61.885695,61.885695,2994.796082953761,-0.031003567094464307,0.2,1,0,0,0.0,0.0,0.0,0.0,0.0,0.0,0.0,0.0,0,0
20093,r0000,1,reactive,3292.0430734822075,0.0,61.253013,61.253013,3671.1308335949216,0.11515273392572234,0.2,1,0,0,0.0,0.0,0.0,0.0,0.0,0.0,0.0,0.0,0,0
20093,r0000,2,reactive,4910.5450432855105,0.0,61.54653,61.54653,4549.21178691572,-0.07358312635047778,0.2,1,0,0,0.0,0.0,0.0,0.0,0.0,0.0,0.0,0.0,0,0
20094,r0019,0,reactive,1995.5121246267129,0.0,59.436732,59.436732,1997.345591844288,0.0009187953282509542,0.2,1,0,0,0.0,0.0,0.0,0.0,0.0,0.0,0.0,0.0,0,0
20094,r0019,1,reactive,6828.855510146932,0.0,98.420597,98.420597,7330.445478757374,0.07345154218962963,0.2,0,0,0,0.0,0.0,0.0,0.0,0.0,0.0,0.0,0.0,0,0
20094,r0014,0,reactive,0.0,0.0,66.23835,66.23835,0.0,0.14856907163292427,0.2,1,0,0,0.0,0.0,0.0,0.0,0.0,0.0,0.0,0.0,0,0
20094,r0003,0,reactive,837.5753851182017,0.0,66.705429,66.705429,813.1780161771234,-0.02912856487256396,0.2,1,0,0,0.0,0.0,0.0,0.0,0.0,0.0,0.0,0.0,0,0
20094,r0015,0,reactive,1296.8552117596919,0.0,66.566971,66.566971,1189.1602465529882,-0.08304316798833195,0.2,1,0,0,0.0,0.0,0.0,0.0,0.0,0.0,0.0,0.0,0,0
20094,r0021,0,reactive,2978.1063753437775,0.0,66.792811,66.792811,2626.4279933692355,-0.11808791817718266,0.2,1,0,0,0.0,0.0,0.0,0.0,0.0,0.0,0.0,0.0,0,0
20094,r0002,0,reactive,5505.220466870975,0.0,66.084791,66.084791,4914.509720544632,-0.10730010721297925,0.2,1,0,0,0.0,0.0,0.0,0.0,0.0,0.0,0.0,0.0,0,0
20094,r0017,0,reactive,0.0,0.0,66.741182,66.741182,0.0,0.001987403533838694,0.2,1,0,0,0.0,0.0,0.0,0.0,0.0,0.0,0.0,0.0,0,0
20095,r0022,0,reactive,2632.715012975064,0.0,63.525381,63.525381,2796.2988561283405,0.06213503639667439,0.2,1,0,0,0.0,0.0,0.0,0.0,0.0,0.0,0.0,0.0,0,0
20095,r0022,1,reactive,5318.266869562072,0.0,62.869946,62.869946,5505.867763743153,0.03527481767693397,0.2,0,0,0,0.0,0.0,0.0,0.0,0.0,0.0,0.0,0.0,0,0
20095,r0005,0,reactive,6578.804115491968,0.0,63.211123,63.211123,7819.936057287821,0.18865616303625737,0.2,1,0,0,0.0,0.0,0.0,0.0,0.0,0.0,0.0,0.0,0,0
20095,r0014,0,reactive,306.11510745655323,0.0,63.301971,63.301971,296.8850261339606,-0.030152322109429586,0.2,0,0,0,0.0,0.0,0.0,0.0,0.0,0.0,0.0,0.0,0,0
20095,r0006,0,reactive,0.0,0.0,63.70061,63.70061,0.0,0.0235091495029974,0.2,0,0,0,0.0,0.0,0.0,0.0,0.0,0.0,0.0,0.0,0,0
20095,r0002,0,reactive,135.1904410161842,0.0,63.505288,63.505288,123.45995918254644,-0.08677005375131111,0.2,1,0,0,0.0,0.0,0.0,0.0,0.0,0.0,0.0,0.0,0,0
20095,r0002,1,reactive,3000.90821522869,0.0,63.134465,63.134465,3306.1224123536563,0.10170727500964466,0.2,1,0,0,0.0,0.0,0.0,0.0,0.0,0.0,0.0,0.0,0,0
20095,r0011,0,reactive,1273.0694517562952,0.0,63.365771,63.365771,1520.045140400692,0.19400016888605348,0.2,1,0,0,0.0,0.0,0.0,0.0,0.0,0.0,0.0,0.0,0,0
20095,r0018,0,reactive,0.0,0.0,63.244315,63.244315,0.0,0.04802333431483968,0.2,0,0,0,0.0,0.0,0.0,0.0,0.0,0.0,0.0,0.0,0,0
20095,r0003,0,reactive,0.0,0.0,63.398067,63.398067,0.0,0.142500034113684,0.2,1,0,0,0.0,0.0,0.0,0.0,0.0,0.0,0.0,0.0,0,0
20095,r0001,0,reactive,2197.2988740836918,0.0,63.476775,63.476775,1993.377138873966,-0.09280564315346695,0.2,1,0,0,0.0,0.0,0.0,0.0,0.0,0.0,0.0,0.0,0,0
20095,r0010,0,reactive,4890.612241991144,0.0,63.340622,63.340622,5563.122420372266,0.13751042714180062,0.2,1,0,0,0.0,0.0,0.0,0.0,0.0,0.0,0.0,0.0,0,0
20095,r0010,1,reactive,2979.0529157833444,0.0,63.302327,63.302327,3033.981230778246,0.018438180370642432,0.2,0,0,0,0.0,0.0,0.0,0.0,0.0,0.0,0.0,0.0,0,0
20096,r0000,0,reactive,3314.886917417157,0.0,63.011004,63.011004,3280.471107541105,-0.010382197261458087,0.2,1,0,0,0.0,0.0,0.0,0.0,0.0,0.0,0.0,0.0,0,0
20096,r0018,0,reactive,2378.105092967842,0.0,62.782128,62.782128,2225.094036149855,-0.06434158745567939,0.2,1,0,0,0.0,0.0,0.0,0.0,0.0,0.0,0.0,0.0,0,0
20096,r0019,0,reactive,0.0,0.0,62.910167,62.910167,0.0,-0.08380651681105689,0.2,1,0,0,0.0,0.0,0.0,0.0,0.0,0.0,0.0,0.0,0,0
20096,r0004,0,reactive,4523.807209125032,0.0,63.117716,63.117716,3835.0412038755903,-0.15225361590567413,0.2,0,0,0,0.0,0.0,0.0,0.0,0.0,0.0,0.0,0.0,0,0
20096,r0004,1,reactive,4444.916902575937,0.0,62.739224,62.739224,4439.320150460578,-0.001259135375987791,0.2,1,0,0,0.0,0.0,0.0,0.0,0.0,0.0,0.0,0.0,0,0
20096,r0003,0,reactive,0.0,0.0,63.019885,63.019885,0.0,-0.12574244912251142,0.2,1,0,0,0.0,0.0,0.0,0.0,0.0,0.0,0.0,0.0,0,0
20096,r0003,1,reactive,1894.2791761069457,0.0,63.402154,63.402154,1693.742990842776,-0.10586411326988482,0.2,1,0,0,0.0,0.0,0.0,0.0,0.0,0.0,0.0,0.0,0,0
20096,r0003,2,reactive,4623.977186899174,0.0,62.735201,62.735201,4169.448337084275,-0.09829824660525706,0.2,1,0,0,0.0,0.0,0.0,0.0,0.0,0.0,0.0,0.0,0,0
20096,r0007,0,reactive,2099.6924766037882,0.0,62.568983,62.568983,2463.4016109004956,0.17322019217071244,0.2,1,0,0,0.0,0.0,0.0,0.0,0.0,0.0,0.0,0.0,0,0
20096,r0021,0,reactive,4025.99985184849,0.0,63.344882,63.344882,4689.981152096248,0.1649233295284147,0.2,1,0,0,0.0,0.0,0.0,0.0,0.0,0.0,0.0,0.0,0,0
20096,r0022,0,reactive,100.79990653455025,0.0,63.152538,63.152538,111.16565688636676,0.10283492027111701,0.2,1,0,0,0.0,0.0,0.0,0.0,0.0,0.0,0.0,0.0,0,0
20097,r0011,0,reactive,2483.1706500898604,0.0,66.010964,66.010964,2949.875991410365,0.18794734921001732,0.2,1,0,0,0.0,0.0,0.0,0.0,0.0,0.0,0.0,0.0,0,0
20097,r0011,1,reactive,6631.398736402996,0.0,64.280686,64.280686,7244.935706228303,0.09251999377707482,0.2,1,0,0,0.0,0.0,0.0,0.0,0.0,0.0,0.0,0.0,0,0
20097,r0021,0,reactive,1994.903213911257,0.0,65.479454,65.479454,1848.8358426144678,-0.07322027969988873,0.2,1,0,0,0.0,0.0,0.0,0.0,0.0,0.0,0.0,0.0,0,0
20097,r0016,0,reactive,4351.540106467361,0.0,65.169093,65.169093,3844.625506497668,-0.11649084865753721,0.2,1,0,0,0.0,0.0,0.0,0.0,0.0,0.0,0.0,0.0,0,0
20097,r0020,0,reactive,4939.833470308429,0.0,65.01762,65.01762,4775.770811356497,-0.033212184163303154,0.2,1,0,0,0.0,0.0,0.0,0.0,0.0,0.0,0.0,0.0,0,0
20097,r0010,0,reactive,2483.3615402874893,0.0,64.824553,64.824553,2079.820622684882,-0.1624978526307896,0.2,1,0,0,0.0,0.0,0.0,0.0,0.0,0.0,0.0,0.0,0,0
20097,r0017,0,reactive,3159.9751625996287,0.0,65.385861,65.385861,3677.915775061226,0.1639065454031926,0.2,1,0,0,0.0,0.0,0.0,0.0,0.0,0.0,0.0,0.0,0,0
20097,r0017,1,reactive,3219.2729150283267,0.0,64.569454,64.569454,3303.3682444545384,0.026122460457960905,0.2,0,0,0,0.0,0.0,0.0,0.0,0.0,0.0,0.0,0.0,0,0
20097,r0008,0,reactive,603.0560917579751,0.0,66.370628,66.370628,505.05651544405424,-0.16250491065970546,0.2,1,0,0,0.0,0.0,0.0,0.0,0.0,0.0,0.0,0.0,0,0
20097,r0008,1,reactive,6148.498997350616,0.0,64.953156,64.953156,5104.264882138061,-0.1698356160849202,0.2,1,0,0,0.0,0.0,0.0,0.0,0.0,0.0,0.0,0.0,0,0
20097,r0008,2,reactive,3116.720298974953,0.0,64.74249,64.74249,2719.8100409084773,-0.12734869349585665,0.2,0,0,0,0.0,0.0,0.0,0.0,0.0,0.0,0.0,0.0,0,0
20097,r0000,0,reactive,1689.4938043133843,0.0,65.103209,65.103209,1737.81772664192,0.028602604049308533,0.2,1,0,0,0.0,0.0,0.0,0.0,0.0,0.0,0.0,0.0,0,0
20097,r0000,1,reactive,3081.4436941224412,0.0,64.957292,64.957292,2842.583509312382,-0.0775156739893259,0.2,1,0,0,0.0,0.0,0.0,0.0,0.0,0.0,0.0,0.0,0,0
20097,r0009,0,reactive,0.0,0.0,67.262879,67.262879,0.0,-0.05587666594813162,0.2,1,0,0,0.0,0.0,0.0,0.0,0.0,0.0,0.0,0.0,0,0
20097,r0009,1,reactive,6963.089037253343,0.0,64.736771,64.736771,7788.148725921995,0.11849046942448743,0.2,1,0,0,0.0,0.0,0.0,0.0,0.0,0.0,0.0,0.0,0,0
20097,r0009,2,reactive,7472.21260975398,0.0,64.980111,64.980111,6416.793231643194,-0.1412458977322295,0.2,1,0,0,0.0,0.0,0.0,0.0,0.0,0.0,0.0,0.0,0,0
20097,r0002,0,reactive,0.0,0.0,65.613763,65.613763,0.0,-0.13427704395342221,0.2,1,0,0,0.0,0.0,0.0,0.0,0.0,0.0,0.0,0.0,0,0
20097,r0002,1,reactive,6145.78801018298,0.0,65.171677,65.171677,7341.859712735971,0.1946164919081516,0.2,1,0,0,0.0,0.0,0.0,0.0,0.0,0.0,0.0,0.0,0,0
20097,r0002,2,reactive,3471.767676386269,0.0,64.510607,64.510607,2983.0469038340066,-0.14077001058462746,0.2,1,0,0,0.0,0.0,0.0,0.0,0.0,0.0,0.0,0.0,0,0
20098,r0008,0,reactive,6752.254842033879,0.0,69.897587,69.897587,6732.942454486798,-0.002860139020058605,0.2,1,0,0,0.0,0.0,0.0,0.0,0.0,0.0,0.0,0.0,0,0
20098,r0005,0,reactive,1541.807951840472,0.0,70.503911,70.503911,1704.6445585789274,0.10561406596980871,0.2,1,0,0,0.0,0.0,0.0,0.0,0.0,0.0,0.0,0.0,0,0
20098,r0019,0,reactive,3790.1476953872298,0.0,69.813307,69.813307,3041.9562183330095,-0.19740430642447016,0.2,1,0,0,0.0,0.0,0.0,0.0,0.0,0.0,0.0,0.0,0,0
20098,r0022,0,reactive,1941.459364250397,0.0,70.638717,70.638717,1886.3131809282495,-0.028404500417364892,0.2,1,0,0,0.0,0.0,0.0,0.0,0.0,0.0,0.0,0.0,0,0
20098,r0002,0,reactive,596.4731933367075,0.0,70.199169,70.199169,499.3082471569736,-0.16289909968323513,0.2,0,0,0,0.0,0.0,0.0,0.0,0.0,0.0,0.0,0.0,0,0
20098,r0002,1,reactive,7518.184535683147,0.0,70.313824,70.313824,8738.563182886688,0.16232358243021627,0.2,1,0,0,0.0,0.0,0.0,0.0,0.0,0.0,0.0,0.0,0,0
20098,r0007,0,reactive,1740.1139776073542,0.0,70.062699,70.062699,1889.656932978257,0.08593859787076885,0.2,1,0,0,0.0,0.0,0.0,0.0,0.0,0.0,0.0,0.0,0,0
20098,r0007,1,reactive,4518.010510231208,0.0,72.260008,72.260008,4006.2436422351984,-0.11327261564290173,0.2,1,0,0,0.0,0.0,0.0,0.0,0.0,0.0,0.0,0.0,0,0
20099,r0013,0,reactive,1435.575618294352,0.0,51.506684,51.506684,1329.4603364993734,-0.07391828089213243,0.2,0,0,0,0.0,0.0,0.0,0.0,0.0,0.0,0.0,0.0,0,0
20099,r0005,0,reactive,1651.4685673337572,0.0,63.435628,63.435628,1864.920294906248,0.1292496459179372,0.2,1,0,0,0.0,0.0,0.0,0.0,0.0,0.0,0.0,0.0,0,0
20099,r0009,0,reactive,7181.528392466202,0.0,63.241301,63.241301,6601.812444824663,-0.08072319929135024,0.2,1,0,0,0.0,0.0,0.0,0.0,0.0,0.0,0.0,0.0,0,0
20099,r0021,0,reactive,159.18809183472695,0.0,51.286464,51.286464,185.43874881781065,0.164903396231031,0.2,0,0,0,0.0,0.0,0.0,0.0,0.0,0.0,0.0,0.0,0,0
20099,r0011,0,reactive,2444.6654376197403,0.0,51.090682,51.090682,2902.602020614497,0.18732075806684995,0.2,0,0,0,0.0,0.0,0.0,0.0,0.0,0.0,0.0,0.0,0,0
20099,r0022,0,reactive,0.0,0.0,63.237862,63.237862,0.0,-0.1610052719505078,0.2,0,0,0,0.0,0.0,0.0,0.0,0.0,0.0,0.0,0.0,0,0
20099,r0007,0,reactive,4125.404580296061,0.0,62.435829,62.435829,3398.8481250736513,-0.17611762460647387,0.2,1,0,0,0.0,0.0,0.0,0.0,0.0,0.0,0.0,0.0,0,0
20099,r0007,1,reactive,4012.0451682195962,0.0,62.856993,62.856993,3245.0388642158823,-0.19117588956359738,0.2,1,0,0,0.0,0.0,0.0,0.0,0.0,0.0,0.0,0.0,0,0
20099,r0001,0,reactive,97.3583722700605,0.0,62.889816,62.889816,96.645978499988,-0.0073172317229833195,0.2,1,0,0,0.0,0.0,0.0,0.0,0.0,0.0,0.0,0.0,0,0
20100,r0022,0,reactive,3176.9591226073544,0.0,63.748951,63.748951,2751.3216790449733,-0.13397636769498536,0.2,1,0,0,0.0,0.0,0.0,0.0,0.0,0.0,0.0,0.0,0,0
20100,r0022,1,reactive,7215.321393940289,0.0,62.856934,62.856934,8332.737468631087,0.15486712423222732,0.2,1,0,0,0.0,0.0,0.0,0.0,0.0,0.0,0.0,0.0,0,0
20100,r0001,0,reactive,208.04381115325123,0.0,55.466421,55.466421,219.30425853566018,0.05412536580631172,0.2,1,0,0,0.0,0.0,0.0,0.0,0.0,0.0,0.0,0.0,0,0
20100,r0008,0,reactive,429.0344220749066,0.0,63.484976,63.484976,401.8813467629901,-0.0632888036829263,0.2,1,0,0,0.0,0.0,0.0,0.0,0.0,0.0,0.0,0.0,0,0
20100,r0008,1,reactive,5563.518196735022,0.0,64.194197,64.194197,5671.016097379739,0.01932192847105324,0.2,1,0,0,0.0,0.0,0.0,0.0,0.0,0.0,0.0,0.0,0,0
20100,r0008,2,reactive,7029.672060051686,0.0,63.913124,63.913124,6533.639803485027,-0.07056264535944953,0.2,0,0,0,0.0,0.0,0.0,0.0,0.0,0.0,0.0,0.0,0,0
20100,r0010,0,reactive,0.0,0.0,63.729653,63.729653,0.0,-0.18020146482107463,0.2,1,0,0,0.0,0.0,0.0,0.0,0.0,0.0,0.0,0.0,0,0
20100,r0020,0,reactive,1677.084377856194,0.0,64.288572,64.288572,1346.5602189244162,-0.1970826055599449,0.2,1,0,0,0.0,0.0,0.0,0.0,0.0,0.0,0.0,0.0,0,0
20100,r0020,1,reactive,9472.473171843674,0.0,63.870336,63.870336,8139.402356104198,-0.14073102045851607,0.2,0,0,0,0.0,0.0,0.0,0.0,0.0,0.0,0.0,0.0,0,0
20100,r0007,0,reactive,0.0,0.0,64.440832,64.440832,0.0,-0.13941578934626403,0.2,1,0,0,0.0,0.0,0.0,0.0,0.0,0.0,0.0,0.0,0,0
20100,r0007,1,reactive,3895.6790614802303,0.0,148.459614,148.459614,3420.2481830636934,-0.1220405662051351,0.2,0,0,0,0.0,0.0,0.0,0.0,0.0,0.0,0.0,0.0,0,0
20100,r0007,2,reactive,4284.629877670453,0.0,63.861227,63.861227,3721.8389136445235,-0.13135112719045833,0.2,1,0,0,0.0,0.0,0.0,0.0,0.0,0.0,0.0,0.0,0,0
20100,r0015,0,reactive,243.43126185222354,0.0,64.260371,64.260371,198.49732036129737,-0.18458574773442038,0.2,0,0,0,0.0,0.0,0.0,0.0,0.0,0.0,0.0,0.0,0,0
20100,r0015,1,reactive,3839.4813289620615,0.0,64.06495,64.06495,4557.096759009958,0.18690426350943906,0.2,1,0,0,0.0,0.0,0.0,0.0,0.0,0.0,0.0,0.0,0,0
20100,r0015,2,reactive,6266.471514264733,0.0,64.131609,64.131609,5935.453936734422,-0.05282359885891061,0.2,1,0,0,0.0,0.0,0.0,0.0,0.0,0.0,0.0,0.0,0,0
20100,r0018,0,reactive,0.0,0.0,64.466244,64.466244,0.0,-0.0243767301713394,0.2,1,0,0,0.0,0.0,0.0,0.0,0.0,0.0,0.0,0.0,0,0
20101,r0004,0,reactive,6246.151058676071,0.0,63.59305,63.59305,5862.999515480615,-0.06134202320695534,0.2,0,0,0,0.0,0.0,0.0,0.0,0.0,0.0,0.0,0.0,0,0
20101,r0007,0,reactive,5981.13091278695,0.0,64.145967,64.145967,6843.290898196604,0.14414665018725098,0.2,0,0,0,0.0,0.0,0.0,0.0,0.0,0.0,0.0,0.0,0,0
20101,r0007,1,reactive,3095.983087446908,0.0,63.931977,63.931977,3348.8210461321705,0.08166645344751039,0.2,1,0,0,0.0,0.0,0.0,0.0,0.0,0.0,0.0,0.0,0,0
20101,r0020,0,reactive,0.0,0.0,63.648211,63.648211,0.0,0.10302277997835557,0.2,1,0,0,0.0,0.0,0.0,0.0,0.0,0.0,0.0,0.0,0,0
20101,r0000,0,reactive,0.0,0.0,63.448266,63.448266,0.0,-0.05215992682199616,0.2,1,0,0,0.0,0.0,0.0,0.0,0.0,0.0,0.0,0.0,0,0
20101,r0002,0,reactive,2403.485244218973,0.0,63.032497,63.032497,2288.2883945106237,-0.047929085475115235,0.2,1,0,0,0.0,0.0,0.0,0.0,0.0,0.0,0.0,0.0,0,0
20101,r0014,0,reactive,153.24105520486046,0.0,63.163209,63.163209,150.4852659754163,-0.017983361089233485,0.2,1,0,0,0.0,0.0,0.0,0.0,0.0,0.0,0.0,0.0,0,0
20101,r0005,0,reactive,4993.543223906207,0.0,63.362064,63.362064,4744.0027309152065,-0.0499726310160577,0.2,1,0,0,0.0,0.0,0.0,0.0,0.0,0.0,0.0,0.0,0,0
20101,r0003,0,reactive,0.0,0.0,63.534488,63.534488,0.0,0.18195284329486894,0.2,0,0,0,0.0,0.0,0.0,0.0,0.0,0.0,0.0,0.0,0,0
20101,r0001,0,reactive,0.0,0.0,63.431957,63.431957,0.0,-0.10718791638491898,0.2,1,0,0,0.0,0.0,0.0,0.0,0.0,0.0,0.0,0.0,0,0
20102,r0006,0,reactive,5474.482272646551,0.0,62.954423,62.954423,6488.199563383602,0.1851713532441463,0.2,1,0,0,0.0,0.0,0.0,0.0,0.0,0.0,0.0,0.0,0,0
20102,r0004,0,reactive,2956.8511349734745,0.0,60.733775,60.733775,2936.1791257920845,-0.0069912241901130545,0.2,1,0,0,0.0,0.0,0.0,0.0,0.0,0.0,0.0,0.0,0,0
20102,r0020,0,reactive,0.0,0.0,63.340248,63.340248,0.0,-0.02355311241528707,0.2,1,0,0,0.0,0.0,0.0,0.0,0.0,0.0,0.0,0.0,0,0
20102,r0020,1,reactive,6587.774721958111,0.0,63.013289,63.013289,7867.290024529306,0.1942257221253127,0.2,1,0,0,0.0,0.0,0.0,0.0,0.0,0.0,0.0,0.0,0,0
20102,r0002,0,reactive,0.0,0.0,62.999047,62.999047,0.0,0.1885030040837597,0.2,1,0,0,0.0,0.0,0.0,0.0,0.0,0.0,0.0,0.0,0,0
20102,r0022,0,reactive,0.0,0.0,62.815347,62.815347,0.0,-0.1390216061172066,0.2,1,0,0,0.0,0.0,0.0,0.0,0.0,0.0,0.0,0.0,0,0
20102,r0019,0,reactive,1294.2710240565575,0.0,60.597839,60.597839,1379.0234173285392,0.06548272479001127,0.2,1,0,0,0.0,0.0,0.0,0.0,0.0,0.0,0.0,0.0,0,0
20102,r0019,1,reactive,3382.884469994082,0.0,42.317985,42.317985,2903.843007422736,-0.14160739653405435,0.2,1,0,0,0.0,0.0,0.0,0.0,0.0,0.0,0.0,0.0,0,0
20102,r0000,0,reactive,715.8839307557137,0.0,60.499281,60.499281,747.7701032244297,0.04454098087528763,0.2,0,0,0,0.0,0.0,0.0,0.0,0.0,0.0,0.0,0.0,0,0
20102,r0000,1,reactive,2589.7822907225636,0.0,41.484895,41.484895,2400.350737814772,-0.07314574417563843,0.2,0,0,0,0.0,0.0,0.0,0.0,0.0,0.0,0.0,0.0,0,0
20102,r0000,2,reactive,3912.1669596391803,0.0,41.374806,41.374806,4550.949955350132,0.1632811181887459,0.2,1,0,0,0.0,0.0,0.0,0.0,0.0,0.0,0.0,0.0,0,0
20103,r0021,0,reactive,3351.383535373151,0.0,62.625604,62.625604,3276.32714128593,-0.022395644454004326,0.2,1,0,0,0.0,0.0,0.0,0.0,0.0,0.0,0.0,0.0,0,0
20103,r0004,0,reactive,0.0,0.0,62.768368,62.768368,0.0,-0.19088820847775675,0.2,1,0,0,0.0,0.0,0.0,0.0,0.0,0.0,0.0,0.0,0,0
20103,r0002,0,reactive,1350.7209128778668,0.0,62.742964,62.742964,1220.4900920478146,-0.09641578773854938,0.2,1,0,0,0.0,0.0,0.0,0.0,0.0,0.0,0.0,0.0,0,0
20103,r0015,0,reactive,91.55254717735988,0.0,62.550107,62.550107,101.04118911982488,0.10364148497237502,0.2,1,0,0,0.0,0.0,0.0,0.0,0.0,0.0,0.0,0.0,0,0
20103,r0001,0,reactive,2729.9893606662336,0.0,63.380105,63.380105,3022.2106752272407,0.10704119172453214,0.2,0,0,0,0.0,0.0,0.0,0.0,0.0,0.0,0.0,0.0,0,0
20103,r0023,0,reactive,0.0,0.0,63.010559,63.010559,0.0,-0.11837749164400564,0.2,1,0,0,0.0,0.0,0.0,0.0,0.0,0.0,0.0,0.0,0,0
20103,r0007,0,reactive,5239.336468222864,0.0,62.880178,62.880178,4330.256714396086,-0.17351047395799912,0.2,1,0,0,0.0,0.0,0.0,0.0,0.0,0.0,0.0,0.0,0,0
20104,r0007,0,reactive,978.8663903056295,0.0,66.653665,66.653665,1083.3554777209995,0.10674499446522595,0.2,1,0,0,0.0,0.0,0.0,0.0,0.0,0.0,0.0,0.0,0,0
20104,r0012,0,reactive,462.4827111741215,0.0,66.095836,66.095836,381.9770044673426,-0.17407289994126726,0.2,1,0,0,0.0,0.0,0.0,0.0,0.0,0.0,0.0,0.0,0,0
20104,r0003,0,reactive,3768.8166022356563,0.0,66.137336,66.137336,3506.6623070660253,-0.06955878272615376,0.2,1,0,0,0.0,0.0,0.0,0.0,0.0,0.0,0.0,0.0,0,0
20104,r0009,0,reactive,0.0,0.0,65.787465,65.787465,0.0,0.10301788531856199,0.2,0,0,0,0.0,0.0,0.0,0.0,0.0,0.0,0.0,0.0,0,0
20104,r0004,0,reactive,1957.2335068162938,0.0,66.060731,66.060731,1760.7293553911807,-0.10039893080757332,0.2,1,0,0,0.0,0.0,0.0,0.0,0.0,0.0,0.0,0.0,0,0
20105,r0002,0,reactive,5738.610929286847,0.0,65.200663,65.200663,6622.60893641975,0.15404389982625283,0.2,1,0,0,0.0,0.0,0.0,0.0,0.0,0.0,0.0,0.0,0,0
20105,r0012,0,reactive,557.964844908689,0.0,65.943199,65.943199,657.0974795016606,0.17766824468877535,0.2,1,0,0,0.0,0.0,0.0,0.0,0.0,0.0,0.0,0.0,0,0
20105,r0018,0,reactive,0.0,0.0,65.322381,65.322381,0.0,0.007258775216471308,0.2,1,0,0,0.0,0.0,0.0,0.0,0.0,0.0,0.0,0.0,0,0
20106,r0011,0,reactive,3570.84842677342,0.0,63.870203,63.870203,3541.63379762191,-0.008181425157244238,0.2,0,0,0,0.0,0.0,0.0,0.0,0.0,0.0,0.0,0.0,0,0
20106,r0009,0,reactive,65.139581066549,0.0,63.669601,63.669601,56.04739558761217,-0.13958004227334395,0.2,1,0,0,0.0,0.0,0.0,0.0,0.0,0.0,0.0,0.0,0,0
20106,r0007,0,reactive,812.4703563171861,0.0,63.318907,63.318907,852.4875097443593,0.049253678138566626,0.2,1,0,0,0.0,0.0,0.0,0.0,0.0,0.0,0.0,0.0,0,0
20106,r0007,1,reactive,3912.546640866589,0.0,63.784097,63.784097,3975.658489012477,0.016130631514186644,0.2,1,0,0,0.0,0.0,0.0,0.0,0.0,0.0,0.0,0.0,0,0
20106,r0021,0,reactive,0.0,0.0,63.137781,63.137781,0.0,-0.07232750107985661,0.2,1,0,0,0.0,0.0,0.0,0.0,0.0,0.0,0.0,0.0,0,0
