episode_seed,request_id,handover_index,runtime_policy,lead_ms,prefetch_planner_ms,reactive_planner_ms,blocking_planner_ms,predicted_lead_ms,eta_relative_error,eta_error_bound,prediction_correct,had_prefetch_plan,accepted_prefetch,base_migration_ms,hidden_migration_ms,prefetched_mb,useful_prefetch_mb,wasted_prefetch_mb,wrong_anchor_waste_mb,residual_base_ms,delta_sync_ms,delta_tokens,changed_blocks
20007,r0004,0,prefetch,2444.00987758916,60.454405,59.403038,59.403038,2017.8182929937882,-0.17438210397732906,0.2,0,1,0,0.0,0.0,0.0,0.0,0.0,0.0,0.0,0.0,131,0
20007,r0000,0,prefetch,1682.398867283976,51.367199,0.0,0.0,1909.0022188170578,0.13469062297866657,0.2,1,1,1,183.0748816658021,0.0,0.0,0.0,0.0,0.0,183.0748816658021,56.08906434787152,43,18
20007,r0002,0,prefetch,3390.944272235516,103.673732,51.79298,51.79298,4035.659919166947,0.19012864711763455,0.2,0,1,0,44.74351350320041,0.0,0.0,0.0,0.0,0.0,0.0,0.0,85,1
20007,r0021,0,prefetch,2699.366333172409,60.194445,60.304599,60.304599,2486.592000640065,-0.07882380761646478,0.2,0,1,0,0.0,0.0,0.0,0.0,0.0,0.0,0.0,0.0,145,0
20007,r0012,0,prefetch,5256.389448925984,40.247414,0.0,0.0,5689.9560246972005,0.0824837238534154,0.2,1,1,1,1079.0068604199098,645.4402846486919,31.639280465295215,31.639280465295215,0.0,0.0,433.5665757712179,197.11294618603495,149,9
20008,r0000,0,prefetch,2355.06817947373,62.33467,61.761948,61.761948,2175.0137467877485,-0.07645402127008359,0.2,1,1,0,0.0,0.0,0.0,0.0,0.0,0.0,0.0,0.0,96,0
20008,r0014,0,prefetch,2171.026005378497,0.0,62.477028,62.477028,2585.3760129363677,0.19085446536861417,0.2,1,0,0,0.0,0.0,0.0,0.0,0.0,0.0,0.0,0.0,0,0
20009,r0005,0,prefetch,4480.248916122868,43.21534,0.0,0.0,4856.413909234221,0.08396073525237957,0.2,1,1,1,528.7690532117738,152.6040601004206,7.312014395445354,7.312014395445354,0.0,0.0,376.16499311135317,90.946923354181,138,4
20009,r0007,0,prefetch,46.13841337419399,46.198824,45.909214,45.909214,43.96248512973582,-0.04716088147225289,0.2,1,0,0,0.0,0.0,0.0,0.0,0.0,0.0,0.0,0.0,0,0
20009,r0011,0,prefetch,0.0,0.0,46.294698,46.294698,0.0,-0.06057405152629336,0.2,1,0,0,0.0,0.0,0.0,0.0,0.0,0.0,0.0,0.0,0,0
20009,r0020,0,prefetch,2979.9933595792227,46.388552,46.268498,46.268498,2960.2024628692598,-0.006641255305601584,0.2,1,1,0,0.0,0.0,0.0,0.0,0.0,0.0,0.0,0.0,88,0
20009,r0017,0,prefetch,1366.768657229295,63.646571,63.509279,63.509279,1556.5812179262373,0.13887687553629519,0.2,1,1,0,0.0,0.0,0.0,0.0,0.0,0.0,0.0,0.0,65,0
20009,r0017,1,prefetch,7284.284880179046,63.393934,63.327398,63.327398,5863.822909765214,-0.19500362681846642,0.2,0,1,0,0.0,0.0,0.0,0.0,0.0,0.0,0.0,0.0,325,0
20009,r0003,0,prefetch,0.0,0.0,63.577882,63.577882,0.0,0.041752077527525355,0.2,1,0,0,0.0,0.0,0.0,0.0,0.0,0.0,0.0,0.0,0,0
20009,r0019,0,prefetch,0.0,0.0,42.776445,42.776445,0.0,0.09816450925062609,0.2,1,0,0,0.0,0.0,0.0,0.0,0.0,0.0,0.0,0.0,0,0
20009,r0008,0,prefetch,5988.924882569867,43.163197,0.0,0.0,5004.508633216193,-0.16437278287104823,0.2,1,1,1,518.554751136623,518.554751136623,24.8203125,24.8203125,0.0,0.0,0.0,112.76838687836641,185,4
20009,r0015,0,prefetch,1181.5881323002613,63.538405,0.0,0.0,1178.204569756847,-0.0028635718749371597,0.2,1,1,1,0.0,0.0,0.0,0.0,0.0,0.0,0.0,0.0,68,0
20010,r0005,0,prefetch,5189.610437193356,63.69639,63.296132,63.296132,5819.987627617056,0.12146907712106048,0.2,0,1,0,0.0,0.0,0.0,0.0,0.0,0.0,0.0,0.0,228,0
20010,r0005,1,prefetch,8584.111471410315,0.0,62.867537,62.867537,8778.483536663074,0.022643236390874122,0.2,1,0,0,0.0,0.0,0.0,0.0,0.0,0.0,0.0,0.0,0,0
20010,r0021,0,prefetch,4475.029313206902,63.421668,0.0,0.0,3606.1440534298054,-0.19416303200803725,0.2,1,1,1,0.0,0.0,0.0,0.0,0.0,0.0,0.0,0.0,187,0
20010,r0002,0,prefetch,4033.1519628182905,64.034418,64.103014,64.103014,3469.246668171322,-0.13981751737738196,0.2,1,1,0,0.0,0.0,0.0,0.0,0.0,0.0,0.0,0.0,167,0
20010,r0001,0,prefetch,312.0231913728858,63.559375,63.215657,63.215657,304.59570862044586,-0.023804265060425156,0.2,1,1,0,0.0,0.0,0.0,0.0,0.0,0.0,0.0,0.0,13,0
20010,r0001,1,prefetch,4370.773700021862,63.431998,63.293182,63.293182,5015.186031169803,0.14743667262954335,0.2,1,1,0,0.0,0.0,0.0,0.0,0.0,0.0,0.0,0.0,175,0
20010,r0012,0,prefetch,6981.563755222371,63.068873,63.144604,63.144604,7689.22054250356,0.10136078564803558,0.2,0,1,0,0.0,0.0,0.0,0.0,0.0,0.0,0.0,0.0,262,0
20010,r0006,0,prefetch,1813.9573970630736,63.280458,0.0,0.0,2013.6611572431675,0.11009286133369423,0.2,1,1,1,0.0,0.0,0.0,0.0,0.0,0.0,0.0,0.0,76,0
20010,r0006,1,prefetch,6688.717847210719,63.32334,63.104619,63.104619,6249.701663892798,-0.06563532703072489,0.2,1,1,0,0.0,0.0,0.0,0.0,0.0,0.0,0.0,0.0,280,0
20010,r0011,0,prefetch,0.0,0.0,63.746707,63.746707,0.0,0.16229647688186438,0.2,1,0,0,0.0,0.0,0.0,0.0,0.0,0.0,0.0,0.0,0,0
20010,r0009,0,prefetch,0.0,0.0,63.367422,63.367422,0.0,0.018665919143283055,0.2,1,0,0,0.0,0.0,0.0,0.0,0.0,0.0,0.0,0.0,0,0
20010,r0009,1,prefetch,7557.757175050159,62.959506,63.200774,63.200774,6452.983215987586,-0.14617748803966324,0.2,1,1,0,0.0,0.0,0.0,0.0,0.0,0.0,0.0,0.0,285,0
20010,r0013,0,prefetch,252.80640494099498,63.108763,67.09992,67.09992,284.06798575982623,0.12365818352635377,0.2,1,1,0,0.0,0.0,0.0,0.0,0.0,0.0,0.0,0.0,10,0
20010,r0013,1,prefetch,9729.840357616813,63.522812,62.835528,62.835528,9337.248068481453,-0.04034930427486691,0.2,0,1,0,0.0,0.0,0.0,0.0,0.0,0.0,0.0,0.0,405,0
20011,r0006,0,prefetch,4064.0955650690084,57.180368,0.0,0.0,3673.1513622350426,-0.09619463828413394,0.2,1,1,1,234.92937439566913,234.92937439566913,14.0625,14.0625,0.0,0.0,0.0,88.99945634327486,99,6
20011,r0004,0,prefetch,1318.7990071492068,61.705454,0.0,0.0,1447.3263818436828,0.09745789464333032,0.2,1,1,1,0.0,0.0,0.0,0.0,0.0,0.0,0.0,0.0,60,0
20011,r0004,1,prefetch,3843.586409692358,61.405614,61.315361,61.315361,4328.861706863243,0.12625585727620642,0.2,0,1,0,0.0,0.0,0.0,0.0,0.0,0.0,0.0,0.0,168,0
20011,r0021,0,prefetch,2676.047831038295,61.868716,0.0,0.0,2648.86675123478,-0.01015717263654764,0.2,1,1,1,0.0,0.0,0.0,0.0,0.0,0.0,0.0,0.0,122,0
20011,r0000,0,prefetch,0.0,0.0,61.975119,61.975119,0.0,-0.1528655017531246,0.2,1,0,0,0.0,0.0,0.0,0.0,0.0,0.0,0.0,0.0,0,0
20011,r0013,0,prefetch,0.0,0.0,61.990323,61.990323,0.0,-0.14045899494731626,0.2,1,0,0,0.0,0.0,0.0,0.0,0.0,0.0,0.0,0.0,0,0
20011,r0013,1,prefetch,8144.155144893695,61.80568,61.408919,61.408919,7016.483639233859,-0.1384639027127173,0.2,1,1,0,0.0,0.0,0.0,0.0,0.0,0.0,0.0,0.0,338,0
20011,r0008,0,prefetch,515.3158203837083,65.329619,62.100661,62.100661,563.61278636326,0.09372304142261612,0.2,0,1,0,0.0,0.0,0.0,0.0,0.0,0.0,0.0,0.0,22,0
20011,r0005,0,prefetch,8344.949179909992,39.947581,0.0,0.0,7208.60083764928,-0.1361719907170206,0.2,1,1,1,904.9207896332625,904.9207896332625,69.3515625,69.3515625,0.0,0.0,0.0,205.24994539147747,196,11
20011,r0009,0,prefetch,358.1225493824313,57.480551,0.0,0.0,426.65098452763516,0.1913547059892723,0.2,1,1,1,438.7901739485081,300.64199838243076,36.300161092730136,36.300161092730136,0.0,0.0,138.14817556607733,50.047236259383226,8,22
20012,r0007,0,prefetch,6206.165876966612,67.664916,67.409492,67.409492,5498.355265981997,-0.1140495798882145,0.2,0,1,0,0.0,0.0,0.0,0.0,0.0,0.0,0.0,0.0,250,0
20012,r0014,0,prefetch,6584.418188446391,67.897712,71.260705,71.260705,6884.885398576945,0.04563306909299608,0.2,1,1,0,0.0,0.0,0.0,0.0,0.0,0.0,0.0,0.0,265,0
20013,r0006,0,prefetch,3807.039471075053,81.927155,68.354365,68.354365,4099.419166176489,0.07679975406687128,0.2,0,1,0,0.0,0.0,0.0,0.0,0.0,0.0,0.0,0.0,140,0
20013,r0002,0,prefetch,1638.529793553742,68.871653,69.064418,69.064418,1371.081036252139,-0.16322483628542625,0.2,1,1,0,0.0,0.0,0.0,0.0,0.0,0.0,0.0,0.0,61,0
20013,r0017,0,prefetch,3847.0944385494477,68.295134,0.0,0.0,3372.1804305447977,-0.12344745251008629,0.2,1,1,1,0.0,0.0,0.0,0.0,0.0,0.0,0.0,0.0,143,0
20013,r0010,0,prefetch,1703.18164354709,68.057942,0.0,0.0,1961.5081778853564,0.15167292068758376,0.2,1,1,1,0.0,0.0,0.0,0.0,0.0,0.0,0.0,0.0,65,0
20013,r0014,0,prefetch,2294.8899360589785,68.189367,0.0,0.0,2138.6441681304814,-0.06808420982350835,0.2,1,1,1,0.0,0.0,0.0,0.0,0.0,0.0,0.0,0.0,81,0
20013,r0014,1,prefetch,5261.592116071348,68.288452,67.989778,67.989778,5411.33544693143,0.028459699565592717,0.2,1,1,0,0.0,0.0,0.0,0.0,0.0,0.0,0.0,0.0,194,0
20013,r0007,0,prefetch,0.0,0.0,67.816389,67.816389,0.0,-0.008435534384201693,0.2,1,0,0,0.0,0.0,0.0,0.0,0.0,0.0,0.0,0.0,0,0
20014,r0023,0,prefetch,8671.992469244073,44.540542,0.0,0.0,7537.287735421477,-0.13084706171585353,0.2,1,1,1,0.0,0.0,0.0,0.0,0.0,0.0,0.0,0.0,283,0
20014,r0016,0,prefetch,125.75090459960484,44.554036,44.274195,44.274195,146.30768943155044,0.16347226206760984,0.2,1,1,0,0.0,0.0,0.0,0.0,0.0,0.0,0.0,0.0,4,0
20014,r0011,0,prefetch,1411.6864560663544,44.696714,44.796833,44.796833,1335.9348836005513,-0.05366033805897938,0.2,1,1,0,0.0,0.0,0.0,0.0,0.0,0.0,0.0,0.0,44,0
20014,r0019,0,prefetch,0.0,0.0,116.458385,116.458385,0.0,-0.08848963186902742,0.2,1,0,0,0.0,0.0,0.0,0.0,0.0,0.0,0.0,0.0,0,0
20014,r0015,0,prefetch,2740.789527051049,44.652972,0.0,0.0,3259.4356424227594,0.18923237638380336,0.2,1,1,1,1281.722109666496,763.0759942947843,70.21434240574807,70.21434240574807,0.0,0.0,518.6461153717116,119.71964992929955,83,17
20014,r0012,0,prefetch,0.0,0.0,44.806375,44.806375,0.0,0.05380082363235028,0.2,1,0,0,0.0,0.0,0.0,0.0,0.0,0.0,0.0,0.0,0,0
20014,r0012,1,prefetch,4396.226886988592,69.199681,69.359799,69.359799,4287.205175548753,-0.024798927408070937,0.2,1,1,0,0.0,0.0,0.0,0.0,0.0,0.0,0.0,0.0,195,0
20014,r0001,0,prefetch,1280.0471892007372,45.316193,44.816629,44.816629,1099.8472967704363,-0.14077597603477257,0.2,0,1,0,451.21403632359005,0.0,39.544921875,0.0,39.544921875,39.544921875,0.0,0.0,41,17
20014,r0000,0,prefetch,3690.2816319999183,65.809327,0.0,0.0,3039.88313136435,-0.17624630461688906,0.2,1,1,1,329.69601512345014,329.69601512345014,30.92578125,30.92578125,0.0,0.0,0.0,204.7726788467221,117,26
20014,r0022,0,prefetch,6250.037670080674,73.277111,0.0,0.0,6221.613787174332,-0.004547793854492804,0.2,1,1,1,0.0,0.0,0.0,0.0,0.0,0.0,0.0,0.0,248,0
20015,r0001,0,prefetch,3035.776483632655,106.479582,105.90653,105.90653,2892.158692698187,-0.04730842066561261,0.2,1,1,0,0.0,0.0,0.0,0.0,0.0,0.0,0.0,0.0,170,0
20015,r0001,1,prefetch,4581.608485508019,105.497998,105.682393,105.682393,4456.279158558838,-0.02735487489723462,0.2,1,1,0,0.0,0.0,0.0,0.0,0.0,0.0,0.0,0.0,222,0
20015,r0015,0,prefetch,0.0,0.0,106.294628,106.294628,0.0,-0.14961604459891742,0.2,1,0,0,0.0,0.0,0.0,0.0,0.0,0.0,0.0,0.0,0,0
20015,r0010,0,prefetch,6647.610621599473,63.933064,63.198488,63.198488,7141.521110552107,0.07429894996373809,0.2,0,1,0,0.0,0.0,0.0,0.0,0.0,0.0,0.0,0.0,373,0
20015,r0008,0,prefetch,4882.349856958659,64.393659,0.0,0.0,4464.632006029413,-0.08555672230941945,0.2,1,1,1,0.0,0.0,0.0,0.0,0.0,0.0,0.0,0.0,230,0
20015,r0008,1,prefetch,4682.96555783572,63.460908,0.0,0.0,4170.9550747565045,-0.10933466769203526,0.2,1,1,1,0.0,0.0,0.0,0.0,0.0,0.0,0.0,0.0,216,0
20016,r0006,0,prefetch,7930.359575149801,50.986583,0.0,0.0,7416.927298744337,-0.0647426225179411,0.2,1,1,1,2630.2457183907077,2630.2457183907077,122.126953125,122.126953125,0.0,0.0,0.0,424.09281729680845,166,19
20016,r0007,0,prefetch,0.0,0.0,69.75842,69.75842,0.0,0.1835329235723926,0.2,1,0,0,0.0,0.0,0.0,0.0,0.0,0.0,0.0,0.0,0,0
20016,r0009,0,prefetch,855.8832293052801,72.9192,69.06723,69.06723,719.9526162444348,-0.158819110372311,0.2,1,1,0,0.0,0.0,0.0,0.0,0.0,0.0,0.0,0.0,45,0
20016,r0002,0,prefetch,1808.8838593124165,52.894706,0.0,0.0,2113.3972477106004,0.16834325035877878,0.2,1,1,1,2661.0512905864334,1755.9891533124173,81.54483475071814,81.54483475071814,0.0,0.0,905.0621372740161,118.40675473922205,37,19
20016,r0002,1,prefetch,7433.283123194691,69.313002,68.829552,68.829552,6403.513795427131,-0.13853492604826056,0.2,1,1,0,0.0,0.0,0.0,0.0,0.0,0.0,0.0,0.0,361,0
20016,r0012,0,prefetch,0.0,0.0,51.124886,51.124886,0.0,-0.027188237862805498,0.2,1,0,0,0.0,0.0,0.0,0.0,0.0,0.0,0.0,0.0,0,0
20016,r0019,0,prefetch,2206.7606098752804,51.227519,0.0,0.0,2082.2482415340082,-0.05642314249406019,0.2,1,1,1,2755.837666573282,2155.5330908752803,100.13912624002198,100.13912624002198,0.0,0.0,600.3045756980018,137.36402993659175,45,19
20016,r0019,1,prefetch,5510.287924697506,68.99437,68.92568,68.92568,5290.892175135142,-0.03981565982768637,0.2,1,1,0,0.0,0.0,0.0,0.0,0.0,0.0,0.0,0.0,298,0
20016,r0004,0,prefetch,0.0,0.0,51.219571,51.219571,0.0,0.15104627769271511,0.2,1,0,0,0.0,0.0,0.0,0.0,0.0,0.0,0.0,0.0,0,0
20016,r0004,1,prefetch,4260.043731908685,68.869246,69.101654,69.101654,4202.661681124431,-0.013469826695545223,0.2,1,1,0,0.0,0.0,0.0,0.0,0.0,0.0,0.0,0.0,239,0
20016,r0020,0,prefetch,0.0,0.0,69.689146,69.689146,0.0,-0.17959559078703738,0.2,1,0,0,0.0,0.0,0.0,0.0,0.0,0.0,0.0,0.0,0,0
20016,r0017,0,prefetch,1142.7290957798323,69.530268,0.0,0.0,1231.9950063144968,0.07811642397513885,0.2,1,1,1,0.0,0.0,0.0,0.0,0.0,0.0,0.0,0.0,63,0
20016,r0017,1,prefetch,6150.651397762282,69.835471,69.45292,69.45292,5172.2216012243325,-0.1590774266436105,0.2,1,1,0,0.0,0.0,0.0,0.0,0.0,0.0,0.0,0.0,282,0
20016,r0022,0,prefetch,0.0,0.0,50.471765,50.471765,0.0,-0.16418916039504278,0.2,0,0,0,0.0,0.0,0.0,0.0,0.0,0.0,0.0,0.0,0,0
20017,r0020,0,prefetch,5072.663064815857,68.230116,67.721872,67.721872,4821.694907555758,-0.04947463571961283,0.2,0,1,0,0.0,0.0,0.0,0.0,0.0,0.0,0.0,0.0,283,0
20017,r0012,0,prefetch,1680.6801872064461,67.885961,67.73833,67.73833,1720.8032818946788,0.023873128863929616,0.2,1,1,0,0.0,0.0,0.0,0.0,0.0,0.0,0.0,0.0,91,0
20017,r0012,1,prefetch,5773.997181803443,0.0,68.330067,68.330067,6231.657439236788,0.07926229317805111,0.2,1,0,0,0.0,0.0,0.0,0.0,0.0,0.0,0.0,0.0,0,0
20017,r0023,0,prefetch,2708.7995749323163,68.243807,67.973094,67.973094,2180.45999365615,-0.19504565275537888,0.2,1,1,0,0.0,0.0,0.0,0.0,0.0,0.0,0.0,0.0,151,0
20017,r0023,1,prefetch,3160.9057310027274,67.886192,68.184684,68.184684,3397.408395651454,0.07482116987199772,0.2,0,1,0,0.0,0.0,0.0,0.0,0.0,0.0,0.0,0.0,142,0
20017,r0003,0,prefetch,2579.545853303891,68.030863,0.0,0.0,2483.8763051454825,-0.037087748618957306,0.2,1,1,1,0.0,0.0,0.0,0.0,0.0,0.0,0.0,0.0,144,0
20018,r0017,0,prefetch,5315.407716296559,46.880278,0.0,0.0,5009.936592970788,-0.057468991962596444,0.2,1,1,1,604.6286843060052,604.6286843060052,96.6796875,96.6796875,0.0,0.0,0.0,116.54797829526827,206,15
20018,r0020,0,prefetch,1566.1500226841235,46.548276,0.0,0.0,1641.5130667986778,0.0481199393563807,0.2,1,1,1,102.89918897729464,27.536144862737274,4.257084920781138,4.257084920781138,0.0,0.0,75.36304411455737,37.93095182374017,62,15
20018,r0002,0,prefetch,0.0,0.0,58.443588,58.443588,0.0,-0.09547182498419296,0.2,0,0,0,0.0,0.0,0.0,0.0,0.0,0.0,0.0,0.0,0,0
20018,r0002,1,prefetch,4627.40623654738,58.317268,58.108344,58.108344,3717.4382669929187,-0.19664752196760032,0.2,0,1,0,0.0,0.0,0.0,0.0,0.0,0.0,0.0,0.0,218,0
20018,r0002,2,prefetch,3487.637107406852,58.185997,57.967219,57.967219,4064.41617024317,0.16537817584615855,0.2,1,1,0,0.0,0.0,0.0,0.0,0.0,0.0,0.0,0.0,152,0
20018,r0014,0,prefetch,0.0,0.0,58.321696,58.321696,0.0,0.060626685519762524,0.2,1,0,0,0.0,0.0,0.0,0.0,0.0,0.0,0.0,0.0,0,0
20018,r0010,0,prefetch,0.0,0.0,58.056753,58.056753,0.0,0.19201825422735336,0.2,1,0,0,0.0,0.0,0.0,0.0,0.0,0.0,0.0,0.0,0,0
20018,r0010,1,prefetch,3194.5103478641904,58.125793,57.873648,57.873648,3138.3968736825695,-0.017565594745729107,0.2,1,1,0,0.0,0.0,0.0,0.0,0.0,0.0,0.0,0.0,141,0
20018,r0010,2,prefetch,5575.9049585877365,58.009941,58.128655,58.128655,5682.413636931049,0.019101595011814826,0.2,1,1,0,0.0,0.0,0.0,0.0,0.0,0.0,0.0,0.0,264,0
20018,r0006,0,prefetch,2460.808313000831,58.306631,58.398286,58.398286,2377.1735475832884,-0.03398670468385817,0.2,0,1,0,0.0,0.0,0.0,0.0,0.0,0.0,0.0,0.0,110,0
20018,r0006,1,prefetch,4283.321595335627,58.412398,162.130805,162.130805,3531.762915714275,-0.17546165117271842,0.2,1,1,0,0.0,0.0,0.0,0.0,0.0,0.0,0.0,0.0,211,0
20019,r0016,0,prefetch,6087.8695885775305,57.473455,0.0,0.0,5468.77676335358,-0.10169285268290484,0.2,1,1,1,27.681327224812694,27.681327224812694,3.8203125,3.8203125,0.0,0.0,0.0,31.580522309990645,189,4
20019,r0023,0,prefetch,2752.6268300790834,64.284613,63.943386,63.943386,2263.669521849844,-0.17763298057194032,0.2,0,1,0,0.0,0.0,0.0,0.0,0.0,0.0,0.0,0.0,97,0
20019,r0023,1,prefetch,3928.544837787209,64.023344,63.369645,63.369645,4461.4573173104345,0.1356513674980464,0.2,1,1,0,0.0,0.0,0.0,0.0,0.0,0.0,0.0,0.0,129,0
20019,r0022,0,prefetch,6704.881239807495,64.886703,64.036793,64.036793,5720.415592392187,-0.14682820056087578,0.2,1,1,0,0.0,0.0,0.0,0.0,0.0,0.0,0.0,0.0,231,0
20019,r0005,0,prefetch,1345.5536902273307,56.822168,56.413178,56.413178,1305.4619707938764,-0.029795703972749527,0.2,1,1,0,0.0,0.0,0.0,0.0,0.0,0.0,0.0,0.0,43,0
20019,r0003,0,prefetch,1158.4765538057545,56.932279,56.836395,56.836395,1021.480339752088,-0.11825549132057547,0.2,0,1,0,0.0,0.0,0.0,0.0,0.0,0.0,0.0,0.0,34,0
20019,r0009,0,prefetch,1486.6822973192975,64.979701,0.0,0.0,1232.9123826213345,-0.17069545736540134,0.2,1,1,1,0.0,0.0,0.0,0.0,0.0,0.0,0.0,0.0,50,0
20019,r0009,1,prefetch,6635.995533127629,65.422339,63.702544,63.702544,6275.28807143344,-0.054356194167626715,0.2,1,1,0,0.0,0.0,0.0,0.0,0.0,0.0,0.0,0.0,218,0
20019,r0009,2,prefetch,3274.2136280382692,63.700991,63.330795,63.330795,2867.1986785561035,-0.12430922221957359,0.2,1,1,0,0.0,0.0,0.0,0.0,0.0,0.0,0.0,0.0,119,0
20020,r0008,0,prefetch,2540.2024098673664,64.903147,0.0,0.0,3027.4535399098563,0.19181586795988081,0.2,1,1,1,240.86798071315056,0.0,0.0,0.0,0.0,0.0,240.86798071315056,43.32778312922119,98,2
20020,r0007,0,prefetch,3898.8378455461498,47.087924,47.002501,47.002501,4319.329311353151,0.10785046274426374,0.2,0,1,0,46.55702663796692,0.0,0.0,0.0,0.0,0.0,0.0,0.0,234,1
20020,r0017,0,prefetch,0.0,0.0,65.150431,65.150431,0.0,0.1861794300416854,0.2,1,0,0,0.0,0.0,0.0,0.0,0.0,0.0,0.0,0.0,0,0
20020,r0017,1,prefetch,1787.045147748795,64.867062,64.762034,64.762034,2054.1306401071597,0.14945648837961473,0.2,1,1,0,0.0,0.0,0.0,0.0,0.0,0.0,0.0,0.0,137,0
20020,r0013,0,prefetch,0.0,0.0,65.275388,65.275388,0.0,0.028457897837296964,0.2,1,0,0,0.0,0.0,0.0,0.0,0.0,0.0,0.0,0.0,0,0
20020,r0011,0,prefetch,4712.090908879545,47.03155,0.0,0.0,4527.066981448916,-0.03926578052260568,0.2,1,1,1,46.297997631539666,46.297997631539666,5.947265625,5.947265625,0.0,0.0,0.0,14.69645884741407,283,1
20021,r0007,0,prefetch,8055.75777428517,52.090909,0.0,0.0,7476.556573349011,-0.07189903385439794,0.2,1,1,1,432.13378403487434,432.13378403487434,40.25390625,40.25390625,0.0,0.0,0.0,125.54312878267427,261,6
20021,r0021,0,prefetch,3847.53539668172,52.523799,0.0,0.0,3307.111903764196,-0.14045965460996365,0.2,1,1,1,397.46846532306233,397.46846532306233,36.703125,36.703125,0.0,0.0,0.0,71.44200110559783,122,6
20021,r0002,0,prefetch,4435.212083195809,54.383806,0.0,0.0,4199.431242342325,-0.05316111979104973,0.2,1,1,1,453.75670560758886,453.75670560758886,42.46875,42.46875,0.0,0.0,0.0,79.61555276904105,143,6
20021,r0017,0,prefetch,3021.2038770874424,41.85107,0.0,0.0,3556.6138275863873,0.17721741804962232,0.2,1,1,1,211.13300274710508,0.0,0.0,0.0,0.0,0.0,211.13300274710508,107.36126145585055,92,16
20021,r0022,0,prefetch,4591.687612281283,61.112896,60.425536,60.425536,4388.211749801805,-0.04431396028232526,0.2,1,1,0,0.0,0.0,0.0,0.0,0.0,0.0,0.0,0.0,201,0
20021,r0022,1,prefetch,3744.4198125206312,60.417647,64.287572,64.287572,3999.949299649766,0.06824274518436552,0.2,1,1,0,0.0,0.0,0.0,0.0,0.0,0.0,0.0,0.0,151,0
20021,r0000,0,prefetch,1408.2800398897089,60.708067,0.0,0.0,1613.0345155195814,0.14539329524680905,0.2,1,1,1,3043.2730015689017,1347.5719728897093,82.8180943427011,82.8180943427011,0.0,0.0,1695.7010286791924,235.43438101012023,61,28
20021,r0000,1,prefetch,2282.4464588370683,54.467531,57.618362,57.618362,2345.9515840361264,0.027823270488199936,0.2,1,1,0,0.0,0.0,0.0,0.0,0.0,0.0,0.0,0.0,146,0
20022,r0002,0,prefetch,4584.843149716264,70.492447,84.008175,84.008175,3902.577784361462,-0.14880887809586774,0.2,1,1,0,0.0,0.0,0.0,0.0,0.0,0.0,0.0,0.0,135,0
20022,r0009,0,prefetch,1420.1331590959744,70.260309,70.339816,70.339816,1597.9547877071493,0.12521475713191021,0.2,1,1,0,0.0,0.0,0.0,0.0,0.0,0.0,0.0,0.0,42,0
20023,r0017,0,prefetch,8048.72754332891,62.481324,0.0,0.0,8158.022657639613,0.013579179282977666,0.2,1,1,1,0.0,0.0,0.0,0.0,0.0,0.0,0.0,0.0,347,0
20023,r0001,0,prefetch,457.801047822737,62.740253,62.666593,62.666593,446.8002672274749,-0.02402960990932837,0.2,1,1,0,0.0,0.0,0.0,0.0,0.0,0.0,0.0,0.0,19,0
20023,r0023,0,prefetch,2746.8368747689037,63.061855,62.45455,62.45455,2257.180488034866,-0.1782619096284097,0.2,1,1,0,0.0,0.0,0.0,0.0,0.0,0.0,0.0,0.0,111,0
20023,r0023,1,prefetch,5946.95770175428,62.489824,62.397159,62.397159,7102.935062498854,0.19438129859298892,0.2,0,1,0,0.0,0.0,0.0,0.0,0.0,0.0,0.0,0.0,266,0
20023,r0007,0,prefetch,1058.5391801596052,62.718989,0.0,0.0,863.7571310570859,-0.18401024048363543,0.2,1,1,1,0.0,0.0,0.0,0.0,0.0,0.0,0.0,0.0,42,0
20023,r0002,0,prefetch,1405.5164048489605,62.832724,62.4672,62.4672,1156.3014926271867,-0.17731199106747889,0.2,1,1,0,0.0,0.0,0.0,0.0,0.0,0.0,0.0,0.0,61,0
20023,r0015,0,prefetch,1515.9781630736616,63.24574,62.545153,62.545153,1698.379721961934,0.12031938409881254,0.2,1,1,0,0.0,0.0,0.0,0.0,0.0,0.0,0.0,0.0,62,0
20023,r0015,1,prefetch,5919.316781597019,62.355372,62.201516,62.201516,5251.100889000612,-0.11288733434133312,0.2,1,1,0,0.0,0.0,0.0,0.0,0.0,0.0,0.0,0.0,247,0
20023,r0005,0,prefetch,4361.140556008271,62.8044,0.0,0.0,4229.082730080452,-0.0302805709267695,0.2,1,1,1,0.0,0.0,0.0,0.0,0.0,0.0,0.0,0.0,204,0
20024,r0014,0,prefetch,3990.164898130342,44.360787,44.400647,44.400647,3594.353742952918,-0.09919669118509065,0.2,0,1,0,1375.885796706266,0.0,118.23046875,0.0,118.23046875,118.23046875,0.0,0.0,92,18
20024,r0014,1,prefetch,4058.3642749590426,64.142722,64.29617,64.29617,3835.5412700735733,-0.054904633933512054,0.2,1,1,0,0.0,0.0,0.0,0.0,0.0,0.0,0.0,0.0,110,0
20024,r0014,2,prefetch,3019.3453092132277,66.171688,63.939488,63.939488,3443.0737469507194,0.14033785285986572,0.2,0,1,0,0.0,0.0,0.0,0.0,0.0,0.0,0.0,0.0,81,0
20024,r0019,0,prefetch,7572.084826324077,44.290124,44.067474,44.067474,6787.957264768158,-0.10355504191262202,0.2,1,1,0,0.0,0.0,0.0,0.0,0.0,0.0,0.0,0.0,171,0
20024,r0005,0,prefetch,0.0,0.0,43.638491,43.638491,0.0,0.15606044448961215,0.2,1,0,0,0.0,0.0,0.0,0.0,0.0,0.0,0.0,0.0,0,0
20024,r0003,0,prefetch,3981.745645521176,43.974494,43.902249,43.902249,4035.2966894445804,0.013449137310827641,0.2,1,1,0,0.0,0.0,0.0,0.0,0.0,0.0,0.0,0.0,87,0
20024,r0020,0,prefetch,601.4238877953758,44.248213,0.0,0.0,535.1976916284079,-0.11011567300682312,0.2,1,1,1,344.94314082384307,344.94314082384307,42.609375,42.609375,0.0,0.0,0.0,18.938163647733738,14,18
20024,r0012,0,prefetch,2472.557632474607,66.354027,0.0,0.0,2720.411828284953,0.10024202977314878,0.2,1,1,1,194.33437353922287,0.0,0.0,0.0,0.0,0.0,194.33437353922287,37.48623817455234,62,1
20024,r0012,1,prefetch,8942.64763364481,64.265159,64.394686,64.394686,7564.505764192935,-0.15410893125956454,0.2,1,1,0,0.0,0.0,0.0,0.0,0.0,0.0,0.0,0.0,231,0
20024,r0012,2,prefetch,3138.6555795845707,68.368677,69.622346,69.622346,2666.815975595046,-0.15033175575511112,0.2,1,1,0,0.0,0.0,0.0,0.0,0.0,0.0,0.0,0.0,81,0
20024,r0022,0,prefetch,254.98359201010317,69.088998,0.0,0.0,222.34861465360623,-0.1279885387888168,0.2,1,1,1,52.417384333473834,52.417384333473834,0.978515625,0.978515625,0.0,0.0,0.0,29.273063961349084,6,1
20024,r0009,0,prefetch,170.7289996002146,44.722469,0.0,0.0,150.80227430686284,-0.11671552776630173,0.2,1,1,1,1359.47091552267,126.00653060021432,10.82167664832242,10.82167664832242,0.0,0.0,1233.4643849224558,62.51345552705353,3,18
20024,r0009,1,prefetch,4932.213778057201,64.422334,64.596538,64.596538,4509.105801338538,-0.08578459810501667,0.2,1,1,0,0.0,0.0,0.0,0.0,0.0,0.0,0.0,0.0,133,0
20024,r0009,2,prefetch,6221.245650433055,64.019441,64.049369,64.049369,5879.4641313696,-0.05493779514069877,0.2,1,1,0,0.0,0.0,0.0,0.0,0.0,0.0,0.0,0.0,176,0
20024,r0018,0,prefetch,0.0,0.0,44.566428,44.566428,0.0,-0.19600573338520638,0.2,1,0,0,0.0,0.0,0.0,0.0,0.0,0.0,0.0,0.0,0,0
20025,r0020,0,prefetch,330.65914388330566,63.487151,0.0,0.0,331.5438034971773,0.0026754427640562906,0.2,1,1,1,0.0,0.0,0.0,0.0,0.0,0.0,0.0,0.0,10,0
20025,r0020,1,prefetch,8697.5000442198,62.049401,62.088449,62.088449,7602.678760593396,-0.12587769796609574,0.2,1,1,0,0.0,0.0,0.0,0.0,0.0,0.0,0.0,0.0,294,0
20025,r0013,0,prefetch,0.0,0.0,62.303763,62.303763,0.0,-0.037804163112665545,0.2,1,0,0,0.0,0.0,0.0,0.0,0.0,0.0,0.0,0.0,0,0
20025,r0008,0,prefetch,0.0,0.0,62.087322,62.087322,0.0,0.1682029926303676,0.2,1,0,0,0.0,0.0,0.0,0.0,0.0,0.0,0.0,0.0,0,0
20026,r0000,0,prefetch,0.0,0.0,57.015314,57.015314,0.0,-0.011481712097749508,0.2,1,0,0,0.0,0.0,0.0,0.0,0.0,0.0,0.0,0.0,0,0
20026,r0021,0,prefetch,5171.355941815949,56.716013,0.0,0.0,4234.024144618499,-0.18125455059438453,0.2,1,1,1,0.0,0.0,0.0,0.0,0.0,0.0,0.0,0.0,226,0
20026,r0004,0,prefetch,6011.5505784848865,56.978916,56.642258,56.642258,5895.531117512133,-0.019299423577667785,0.2,1,1,0,0.0,0.0,0.0,0.0,0.0,0.0,0.0,0.0,262,0
20026,r0005,0,prefetch,5806.688303639181,57.239401,56.764284,56.764284,6769.963811639124,0.1658906863308362,0.2,1,1,0,0.0,0.0,0.0,0.0,0.0,0.0,0.0,0.0,253,0
20026,r0019,0,prefetch,4083.0419240142073,56.731725,0.0,0.0,4282.140150351016,0.048762229250163214,0.2,1,1,1,0.0,0.0,0.0,0.0,0.0,0.0,0.0,0.0,177,0
20026,r0019,1,prefetch,6108.235740721568,118.31993,56.612203,56.612203,7066.025495276841,0.15680301075644615,0.2,1,1,0,0.0,0.0,0.0,0.0,0.0,0.0,0.0,0.0,259,0
20026,r0003,0,prefetch,2442.2498667179752,57.461647,0.0,0.0,2311.2567772174057,-0.05363623570450024,0.2,1,1,1,0.0,0.0,0.0,0.0,0.0,0.0,0.0,0.0,102,0
20027,r0013,0,prefetch,637.4559410032325,61.459219,0.0,0.0,529.0827860014509,-0.1700088555629793,0.2,1,1,1,0.0,0.0,0.0,0.0,0.0,0.0,0.0,0.0,21,0
20027,r0005,0,prefetch,5122.254972421473,60.770816,60.416427,60.416427,5550.53994757209,0.08361258419514994,0.2,0,1,0,0.0,0.0,0.0,0.0,0.0,0.0,0.0,0.0,160,0
20027,r0005,1,prefetch,5435.296354334332,60.900282,61.07145,61.07145,5655.214311912079,0.040461079440935244,0.2,1,1,0,0.0,0.0,0.0,0.0,0.0,0.0,0.0,0.0,159,0
20027,r0021,0,prefetch,3461.234786084995,60.944001,61.220593,61.220593,3802.2381158011117,0.09852071610022906,0.2,1,1,0,0.0,0.0,0.0,0.0,0.0,0.0,0.0,0.0,106,0
20027,r0011,0,prefetch,4796.896271865222,61.346343,61.048256,61.048256,4016.217644988801,-0.16274661419202677,0.2,1,1,0,0.0,0.0,0.0,0.0,0.0,0.0,0.0,0.0,149,0
20027,r0011,1,prefetch,5810.293145649608,61.630787,60.916725,60.916725,5388.2454702760815,-0.07263793147675002,0.2,1,1,0,0.0,0.0,0.0,0.0,0.0,0.0,0.0,0.0,164,0
20027,r0017,0,prefetch,5585.648223719298,61.126512,0.0,0.0,4757.803183636435,-0.14820930479786423,0.2,1,1,1,0.0,0.0,0.0,0.0,0.0,0.0,0.0,0.0,167,0
20027,r0017,1,prefetch,6193.564543354041,0.0,61.551514,61.551514,7310.804798949634,0.18038727904990326,0.2,1,0,0,0.0,0.0,0.0,0.0,0.0,0.0,0.0,0.0,0,0
20027,r0001,0,prefetch,5044.446569866581,61.71222,0.0,0.0,4564.987931541869,-0.09504682658129382,0.2,1,1,1,0.0,0.0,0.0,0.0,0.0,0.0,0.0,0.0,164,0
20027,r0001,1,prefetch,8457.749248870685,0.0,64.16344,64.16344,9916.702751675619,0.1724990254351344,0.2,0,0,0,0.0,0.0,0.0,0.0,0.0,0.0,0.0,0.0,0,0
20027,r0014,0,prefetch,2549.6783564522484,61.039604,63.890217,63.890217,2385.9475288762424,-0.06421626757809137,0.2,0,1,0,0.0,0.0,0.0,0.0,0.0,0.0,0.0,0.0,80,0
20027,r0014,1,prefetch,4484.630054641049,61.16506,62.811052,62.811052,4813.1924953153775,0.07326411246214298,0.2,1,1,0,0.0,0.0,0.0,0.0,0.0,0.0,0.0,0.0,129,0
20028,r0000,0,prefetch,2816.2837268150943,72.366309,0.0,0.0,3240.2326153915683,0.15053486427516793,0.2,1,1,1,0.0,0.0,0.0,0.0,0.0,0.0,0.0,0.0,130,0
20028,r0001,0,prefetch,839.2956314319763,69.068338,69.13762,69.13762,969.2347343857941,0.15481922946759574,0.2,0,1,0,0.0,0.0,0.0,0.0,0.0,0.0,0.0,0.0,35,0
20028,r0019,0,prefetch,4279.282701563909,69.115396,68.841019,68.841019,3565.0462793750517,-0.1669056409682472,0.2,0,1,0,0.0,0.0,0.0,0.0,0.0,0.0,0.0,0.0,197,0
20028,r0017,0,prefetch,441.73055638972437,69.452177,69.29415,69.29415,452.0508558597977,0.023363336135089702,0.2,1,1,0,0.0,0.0,0.0,0.0,0.0,0.0,0.0,0.0,20,0
20028,r0010,0,prefetch,3904.6869452765386,69.068447,68.82619,68.82619,4147.5786960809555,0.06220517911128337,0.2,1,1,0,0.0,0.0,0.0,0.0,0.0,0.0,0.0,0.0,180,0
20028,r0016,0,prefetch,0.0,0.0,68.959732,68.959732,0.0,0.1417248466796614,0.2,0,0,0,0.0,0.0,0.0,0.0,0.0,0.0,0.0,0.0,0,0
20029,r0017,0,prefetch,3638.3375573456537,54.121741,53.664521,53.664521,2969.7086050447847,-0.18377320459200785,0.2,1,1,0,0.0,0.0,0.0,0.0,0.0,0.0,0.0,0.0,85,0
20029,r0000,0,prefetch,0.0,0.0,57.888256,57.888256,0.0,0.12257487468641037,0.2,1,0,0,0.0,0.0,0.0,0.0,0.0,0.0,0.0,0.0,0,0
20029,r0000,1,prefetch,2986.188020007028,57.967014,58.213505,58.213505,3156.4947088493705,0.057031468782713035,0.2,1,1,0,0.0,0.0,0.0,0.0,0.0,0.0,0.0,0.0,123,0
20029,r0006,0,prefetch,0.0,0.0,58.057539,58.057539,0.0,-0.15979437216215076,0.2,1,0,0,0.0,0.0,0.0,0.0,0.0,0.0,0.0,0.0,0,0
20029,r0023,0,prefetch,3207.8536892768643,58.182934,58.394841,58.394841,2661.1174901865397,-0.17043676303502908,0.2,0,1,0,0.0,0.0,0.0,0.0,0.0,0.0,0.0,0.0,140,0
20029,r0020,0,prefetch,0.0,0.0,58.309339,58.309339,0.0,-0.13743647480718796,0.2,1,0,0,0.0,0.0,0.0,0.0,0.0,0.0,0.0,0.0,0,0
20029,r0005,0,prefetch,0.0,0.0,58.325179,58.325179,0.0,-0.11827495630499284,0.2,1,0,0,0.0,0.0,0.0,0.0,0.0,0.0,0.0,0.0,0,0
20029,r0005,1,prefetch,6173.4724596053275,58.726648,58.676928,58.676928,5865.8087298877645,-0.04983641406529124,0.2,1,1,0,0.0,0.0,0.0,0.0,0.0,0.0,0.0,0.0,259,0
20029,r0016,0,prefetch,0.0,0.0,59.013161,59.013161,0.0,-0.16748898615019528,0.2,1,0,0,0.0,0.0,0.0,0.0,0.0,0.0,0.0,0.0,0,0
20029,r0016,1,prefetch,3043.603348675915,59.389641,59.099648,59.099648,3017.5492061026757,-0.008560295014977598,0.2,1,1,0,0.0,0.0,0.0,0.0,0.0,0.0,0.0,0.0,126,0
20029,r0016,2,prefetch,3601.2029998991493,58.071831,58.23965,58.23965,3635.7421269506485,0.00959099696753185,0.2,0,1,0,0.0,0.0,0.0,0.0,0.0,0.0,0.0,0.0,151,0
20029,r0016,3,prefetch,3467.021476210066,58.021308,57.808803,57.808803,3757.0755760334505,0.08366088927157567,0.2,1,1,0,0.0,0.0,0.0,0.0,0.0,0.0,0.0,0.0,162,0
20029,r0016,4,prefetch,4195.612972981369,57.9464,58.016187,58.016187,3784.880556336168,-0.09789568754082141,0.2,1,1,0,0.0,0.0,0.0,0.0,0.0,0.0,0.0,0.0,181,0
20029,r0014,0,prefetch,2555.6257680368653,58.058725,57.950345,57.950345,2432.956705492782,-0.04799961875416256,0.2,0,1,0,0.0,0.0,0.0,0.0,0.0,0.0,0.0,0.0,106,0
20029,r0014,1,prefetch,4351.116452374183,57.647636,57.838961,57.838961,4934.642245805747,0.13410944060418434,0.2,0,1,0,0.0,0.0,0.0,0.0,0.0,0.0,0.0,0.0,203,0
20029,r0009,0,prefetch,0.0,0.0,58.317804,58.317804,0.0,0.05095947476218893,0.2,1,0,0,0.0,0.0,0.0,0.0,0.0,0.0,0.0,0.0,0,0
20030,r0017,0,prefetch,3241.8244806377193,64.993467,0.0,0.0,3684.0090329041473,0.13639990533338286,0.2,1,1,1,0.0,0.0,0.0,0.0,0.0,0.0,0.0,0.0,154,0
20030,r0007,0,prefetch,616.6688693996366,65.108298,64.813205,64.813205,680.8950267051447,0.10415015333599686,0.2,0,1,0,0.0,0.0,0.0,0.0,0.0,0.0,0.0,0.0,29,0
20030,r0005,0,prefetch,258.1679431846205,65.636703,0.0,0.0,303.07306008810065,0.17393761731047935,0.2,1,1,1,0.0,0.0,0.0,0.0,0.0,0.0,0.0,0.0,11,0
20030,r0005,1,prefetch,6192.859187029091,65.193935,65.036073,65.036073,7041.292908609634,0.13700193980796177,0.2,1,1,0,0.0,0.0,0.0,0.0,0.0,0.0,0.0,0.0,274,0
20030,r0006,0,prefetch,2685.6743658452324,65.03926,65.129306,65.129306,2948.696407749752,0.09793519469429102,0.2,1,1,0,0.0,0.0,0.0,0.0,0.0,0.0,0.0,0.0,124,0
20030,r0013,0,prefetch,1656.246996410191,65.304086,113.912799,113.912799,1840.6011478701605,0.11130836877563871,0.2,1,1,0,0.0,0.0,0.0,0.0,0.0,0.0,0.0,0.0,66,0
20030,r0009,0,prefetch,1932.8822508650337,65.32184,65.607012,65.607012,1671.6827015516062,-0.13513474460046976,0.2,1,1,0,0.0,0.0,0.0,0.0,0.0,0.0,0.0,0.0,78,0
20030,r0009,1,prefetch,6210.4893457595535,65.156141,65.081268,65.081268,5987.7708025408265,-0.03586167382620126,0.2,1,1,0,0.0,0.0,0.0,0.0,0.0,0.0,0.0,0.0,273,0
20030,r0020,0,prefetch,0.0,0.0,64.882903,64.882903,0.0,-0.1533019477263324,0.2,0,0,0,0.0,0.0,0.0,0.0,0.0,0.0,0.0,0.0,0,0
20031,r0003,0,prefetch,8321.009937909503,65.708044,68.765538,68.765538,7033.202767056527,-0.15476572921585935,0.2,1,1,0,0.0,0.0,0.0,0.0,0.0,0.0,0.0,0.0,420,0
20031,r0010,0,prefetch,1098.2587843009642,65.811929,67.533927,67.533927,1028.5038079080964,-0.0635141529391603,0.2,1,1,0,0.0,0.0,0.0,0.0,0.0,0.0,0.0,0.0,55,0
20031,r0011,0,prefetch,3681.712147436083,67.441276,65.224656,65.224656,3672.254301757232,-0.0025688715739053403,0.2,0,1,0,0.0,0.0,0.0,0.0,0.0,0.0,0.0,0.0,186,0
20031,r0000,0,prefetch,2605.22215487645,69.326744,65.605755,65.605755,2601.2784334672206,-0.0015137754766316736,0.2,1,1,0,0.0,0.0,0.0,0.0,0.0,0.0,0.0,0.0,131,0
20031,r0012,0,prefetch,1624.2678160729847,65.510057,65.32885,65.32885,1773.0832420584923,0.09162000534203812,0.2,0,1,0,0.0,0.0,0.0,0.0,0.0,0.0,0.0,0.0,82,0
20031,r0017,0,prefetch,0.0,0.0,65.821453,65.821453,0.0,0.048335713904550964,0.2,1,0,0,0.0,0.0,0.0,0.0,0.0,0.0,0.0,0.0,0,0
20031,r0017,1,prefetch,2749.4435854193507,65.335504,65.526284,65.526284,2352.6299490746346,-0.1443250694246172,0.2,1,1,0,0.0,0.0,0.0,0.0,0.0,0.0,0.0,0.0,120,0
20031,r0017,2,prefetch,3580.52688740343,65.699928,65.285608,65.285608,3038.6957736378895,-0.1513272014997972,0.2,1,1,0,0.0,0.0,0.0,0.0,0.0,0.0,0.0,0.0,174,0
20031,r0013,0,prefetch,580.6961810890498,65.606338,65.544036,65.544036,571.8468083978408,-0.01523924726801651,0.2,1,1,0,0.0,0.0,0.0,0.0,0.0,0.0,0.0,0.0,27,0
20032,r0015,0,prefetch,4138.388897794848,65.978826,65.476696,65.476696,4678.1546739083815,0.13042896389006586,0.2,0,1,0,0.0,0.0,0.0,0.0,0.0,0.0,0.0,0.0,188,0
20032,r0006,0,prefetch,110.18082725805289,66.898648,66.096944,66.096944,123.7525471053344,0.12317678297600171,0.2,1,1,0,0.0,0.0,0.0,0.0,0.0,0.0,0.0,0.0,4,0
20032,r0009,0,prefetch,5047.939562915235,65.87023,65.65063,65.65063,5195.451811220734,0.029222269099495712,0.2,0,1,0,0.0,0.0,0.0,0.0,0.0,0.0,0.0,0.0,229,0
20032,r0012,0,prefetch,209.86904304026393,65.54188,64.49757,64.49757,224.7856622847592,0.07107584343267581,0.2,0,1,0,48.6635468339268,0.0,1.4709243745819442,0.0,1.4709243745819442,1.4709243745819442,0.0,0.0,8,2
20032,r0008,0,prefetch,1732.4853330387996,65.039639,64.40743,64.40743,2063.029677336946,0.19079200152209513,0.2,0,1,0,26.82330169720456,0.0,0.0,0.0,0.0,0.0,0.0,0.0,67,2
20033,r0006,0,prefetch,6064.331341230018,47.440051,0.0,0.0,5229.022929456992,-0.1377412223659273,0.2,1,1,1,186.58288310174225,186.58288310174225,25.2421875,25.2421875,0.0,0.0,0.0,51.2166637681817,280,4
20033,r0000,0,prefetch,7550.670122471631,47.462183,0.0,0.0,7856.220795651122,0.04046669609762707,0.2,1,1,1,183.86536803356535,0.0,0.0,0.0,0.0,0.0,183.86536803356535,62.76610280793341,348,4
20033,r0013,0,prefetch,89.7263120871794,47.205972,0.0,0.0,106.46089180844602,0.1865069379537973,0.2,1,1,1,226.83607504911214,42.52034008717601,5.772863061304208,5.772863061304208,0.0,0.0,184.31573496193613,4.1696841503695765,3,4
20033,r0014,0,prefetch,4171.863594439805,46.876068,0.0,0.0,3402.185785568919,-0.18449256344255854,0.2,1,1,1,936.136057782167,936.136057782167,127.248046875,127.248046875,0.0,0.0,0.0,162.8649073507081,191,19
20033,r0004,0,prefetch,0.0,0.0,47.041667,47.041667,0.0,-0.18676077907163902,0.2,0,0,0,0.0,0.0,0.0,0.0,0.0,0.0,0.0,0.0,0,0
20034,r0015,0,prefetch,110.61703304591674,62.368444,0.0,0.0,98.19790759831079,-0.11227136640385948,0.2,1,1,1,0.0,0.0,0.0,0.0,0.0,0.0,0.0,0.0,3,0
20034,r0010,0,prefetch,598.7026632272864,62.47983,62.060946,62.060946,591.7524399202795,-0.01160880639738937,0.2,0,1,0,0.0,0.0,0.0,0.0,0.0,0.0,0.0,0.0,21,0
20034,r0007,0,prefetch,4494.308756653685,62.328255,61.976018,61.976018,4103.343974464581,-0.08699108213477613,0.2,0,1,0,4830.626992200963,0.0,157.59787020010847,0.0,157.59787020010847,157.59787020010847,0.0,0.0,157,28
20034,r0007,1,prefetch,1065.7557178025818,61.287599,61.276606,61.276606,1189.0790308263781,0.11571442776593255,0.2,1,1,0,0.0,0.0,0.0,0.0,0.0,0.0,0.0,0.0,122,0
20034,r0013,0,prefetch,2249.15848293632,59.918511,0.0,0.0,2163.7890687798927,-0.03795615773814923,0.2,1,1,1,327.58704360503475,327.58704360503475,10.5,10.5,0.0,0.0,0.0,397.9076725406398,80,28
20034,r0020,0,prefetch,204.38041413191968,61.992168,61.999444,61.999444,189.76569236225927,-0.07150744767660155,0.2,0,1,0,0.0,0.0,0.0,0.0,0.0,0.0,0.0,0.0,6,0
20034,r0005,0,prefetch,743.1698642956762,62.369765,0.0,0.0,658.1687305283106,-0.11437645395904701,0.2,1,1,1,4734.9875892787595,680.8000992956731,24.202345212843564,24.202345212843564,0.0,0.0,4054.1874899830864,156.47737795051472,24,28
20034,r0023,0,prefetch,2007.946521424492,61.809481,61.81559,61.81559,1928.6122781635981,-0.0395101375531714,0.2,0,1,0,0.0,0.0,0.0,0.0,0.0,0.0,0.0,0.0,66,0
20035,r0008,0,prefetch,5290.583667156841,51.987734,0.0,0.0,5876.362351924709,0.11072099443475314,0.2,1,1,1,850.9876015765021,265.20891680863315,17.683611437286647,17.683611437286647,0.0,0.0,585.778684767869,158.20350427661086,173,9
20035,r0010,0,prefetch,4437.897700380043,52.043829,0.0,0.0,4549.888422980866,0.025235084303821015,0.2,1,1,1,886.2789287922219,774.2882061913988,51.691469693246646,51.691469693246646,0.0,0.0,111.99072260082312,136.72182684095532,145,9
20035,r0007,0,prefetch,8656.97317677785,52.03552,51.830322,51.830322,10317.56095030725,0.19182082924594163,0.2,0,1,0,440.3501945186596,0.0,0.0,0.0,0.0,0.0,0.0,0.0,283,4
20036,r0018,0,prefetch,4096.382801785481,49.648554,0.0,0.0,3566.462446781134,-0.12936299673296447,0.2,1,1,1,668.1817024027644,668.1817024027644,126.0234375,126.0234375,0.0,0.0,0.0,104.40273447755315,172,19
20036,r0002,0,prefetch,2540.6713733129145,49.417615,0.0,0.0,2491.173856720675,-0.019482061754290292,0.2,1,1,1,702.1752641020014,702.1752641020014,129.421875,129.421875,0.0,0.0,0.0,82.82645623771278,112,22
20036,r0002,1,prefetch,3960.6363778705345,51.736357,51.977976,51.977976,3205.530057592881,-0.19065277602778627,0.2,1,1,0,0.0,0.0,0.0,0.0,0.0,0.0,0.0,0.0,250,0
20036,r0000,0,prefetch,0.0,0.0,49.788034,49.788034,0.0,0.1819361452926988,0.2,0,0,0,0.0,0.0,0.0,0.0,0.0,0.0,0.0,0.0,0,0
20036,r0008,0,prefetch,0.0,0.0,49.623545,49.623545,0.0,0.14254129375166508,0.2,1,0,0,0.0,0.0,0.0,0.0,0.0,0.0,0.0,0.0,0,0
20036,r0003,0,prefetch,1222.10345521224,49.455345,0.0,0.0,1154.5378574647013,-0.05528631594925382,0.2,1,1,1,0.0,0.0,0.0,0.0,0.0,0.0,0.0,0.0,49,0
20036,r0015,0,prefetch,7324.798369638942,49.174531,48.970698,48.970698,7624.313068247244,0.04089050421507573,0.2,1,1,0,0.0,0.0,0.0,0.0,0.0,0.0,0.0,0.0,323,0
20036,r0005,0,prefetch,0.0,0.0,58.375459,58.375459,0.0,-0.10315546017801341,0.2,0,0,0,0.0,0.0,0.0,0.0,0.0,0.0,0.0,0.0,0,0
20036,r0005,1,prefetch,522.4809738253971,52.519398,52.217387,52.217387,547.3936502123435,0.04768149968131036,0.2,0,1,0,0.0,0.0,0.0,0.0,0.0,0.0,0.0,0.0,35,0
20036,r0005,2,prefetch,3886.44299525275,52.533146,52.004203,52.004203,3809.928945606165,-0.019687423626191303,0.2,1,1,0,0.0,0.0,0.0,0.0,0.0,0.0,0.0,0.0,233,0
20037,r0007,0,prefetch,2957.6592102367454,69.936194,0.0,0.0,2667.1721975786845,-0.09821517355774359,0.2,1,1,1,0.0,0.0,0.0,0.0,0.0,0.0,0.0,0.0,126,0
20037,r0002,0,prefetch,0.0,0.0,69.640009,69.640009,0.0,-0.04471576016231035,0.2,1,0,0,0.0,0.0,0.0,0.0,0.0,0.0,0.0,0.0,0,0
20038,r0015,0,prefetch,7941.527544476061,35.971669,0.0,0.0,8804.582719757713,0.10867621757252133,0.2,1,1,1,3187.9671164746883,2324.911941193037,129.36837429424148,129.36837429424148,0.0,0.0,863.0551752816514,504.97834529599106,160,25
20038,r0015,1,prefetch,5717.530291801628,63.70237,63.812649,63.812649,6536.175775683368,0.14318166097967094,0.2,1,1,0,0.0,0.0,0.0,0.0,0.0,0.0,0.0,0.0,220,0
20038,r0004,0,prefetch,2510.545757916778,64.113052,63.936421,63.936421,2855.4824117367148,0.13739508739572276,0.2,1,1,0,0.0,0.0,0.0,0.0,0.0,0.0,0.0,0.0,111,0
20038,r0002,0,prefetch,0.0,0.0,36.380169,36.380169,0.0,0.03173402702590655,0.2,1,0,0,0.0,0.0,0.0,0.0,0.0,0.0,0.0,0.0,0,0
20038,r0002,1,prefetch,1853.0971450860707,64.218434,64.015772,64.015772,1665.4899253877347,-0.10123981907576801,0.2,0,1,0,0.0,0.0,0.0,0.0,0.0,0.0,0.0,0.0,69,0
20038,r0002,2,prefetch,4448.724597840806,63.938218,63.670964,63.670964,5165.117551041458,0.16103333381175217,0.2,1,1,0,0.0,0.0,0.0,0.0,0.0,0.0,0.0,0.0,178,0
20038,r0019,0,prefetch,1120.1199017541767,35.691239,0.0,0.0,1183.0730090805628,0.05620211481627785,0.2,1,1,1,489.5397219659277,426.58661463954195,25.21283412427024,25.21283412427024,0.0,0.0,62.95310732638575,30.024512493606473,12,3
20038,r0014,0,prefetch,0.0,0.0,36.542422,36.542422,0.0,0.17115154435471502,0.2,1,0,0,0.0,0.0,0.0,0.0,0.0,0.0,0.0,0.0,0,0
20038,r0018,0,prefetch,5466.487545559561,103.123522,36.157767,36.157767,5956.925748886873,0.08971724516699875,0.2,0,1,0,2682.5134754724218,0.0,121.25908826100346,0.0,121.25908826100346,121.25908826100346,0.0,0.0,104,25
20038,r0018,1,prefetch,577.5152066009905,64.126556,64.039338,64.039338,478.22077877144153,-0.1719338758436403,0.2,1,1,0,0.0,0.0,0.0,0.0,0.0,0.0,0.0,0.0,23,0
20038,r0018,2,prefetch,3447.1322281496614,64.232894,63.884711,63.884711,2991.006981948,-0.13232020590242888,0.2,1,1,0,0.0,0.0,0.0,0.0,0.0,0.0,0.0,0.0,129,0
20038,r0016,0,prefetch,0.0,0.0,36.23777,36.23777,0.0,0.19370455701632733,0.2,1,0,0,0.0,0.0,0.0,0.0,0.0,0.0,0.0,0.0,0,0
20038,r0007,0,prefetch,4105.448071547951,36.08615,0.0,0.0,3568.575448053268,-0.1307707743803606,0.2,1,1,1,3330.9237018086624,3330.9237018086624,185.595703125,185.595703125,0.0,0.0,0.0,287.9906711283514,75,25
20038,r0023,0,prefetch,1522.4991654749174,35.774592,0.0,0.0,1679.2668140694834,0.10296731331584347,0.2,1,1,1,167.74466847767061,10.977019883110188,1.5114842946155682,1.5114842946155682,0.0,0.0,156.76764859456043,4.870884776328429,30,3
20038,r0023,1,prefetch,3496.0123230532554,39.923075,40.012687,40.012687,3785.3993891991217,0.08277632897275639,0.2,1,1,0,0.0,0.0,0.0,0.0,0.0,0.0,0.0,0.0,69,0
20038,r0005,0,prefetch,3598.560549535905,0.0,64.459086,64.459086,4049.6526169555978,0.12535347431568672,0.2,0,0,0,0.0,0.0,0.0,0.0,0.0,0.0,0.0,0.0,0,0
20039,r0014,0,prefetch,5084.899346475655,65.298424,64.858731,64.858731,4416.407218697627,-0.1314661475534143,0.2,1,1,0,0.0,0.0,0.0,0.0,0.0,0.0,0.0,0.0,253,0
20039,r0009,0,prefetch,2286.0977629609024,94.361667,0.0,0.0,1865.5022459386078,-0.18397967218932446,0.2,1,1,1,0.0,0.0,0.0,0.0,0.0,0.0,0.0,0.0,113,0
20039,r0022,0,prefetch,5105.011378023213,67.990421,66.499189,66.499189,5936.51244898474,0.16287937663392726,0.2,1,1,0,0.0,0.0,0.0,0.0,0.0,0.0,0.0,0.0,254,0
20039,r0019,0,prefetch,4701.023966062065,65.525551,0.0,0.0,3893.542404880035,-0.1717671654115045,0.2,1,1,1,0.0,0.0,0.0,0.0,0.0,0.0,0.0,0.0,221,0
20039,r0021,0,prefetch,606.7110807944337,65.936887,0.0,0.0,665.0615656409643,0.09617507689183119,0.2,1,1,1,0.0,0.0,0.0,0.0,0.0,0.0,0.0,0.0,29,0
20039,r0021,1,prefetch,5688.101835011308,65.087083,65.082039,65.082039,6336.0397136528745,0.11391108975113456,0.2,1,1,0,0.0,0.0,0.0,0.0,0.0,0.0,0.0,0.0,258,0
20040,r0012,0,prefetch,1119.0565048293001,60.935763,0.0,0.0,1082.4352643259942,-0.03272510400079587,0.2,1,1,1,280.1559836047874,280.1559836047874,10.5,10.5,0.0,0.0,0.0,239.82870128320232,53,28
20040,r0013,0,prefetch,5771.157312224871,60.811423,60.489338,60.489338,6514.354867202731,0.1287779061928473,0.2,1,1,0,0.0,0.0,0.0,0.0,0.0,0.0,0.0,0.0,257,0
20040,r0006,0,prefetch,4130.199042057346,61.426596,60.225834,60.225834,3985.9040426176425,-0.03493657278265863,0.2,0,1,0,0.0,0.0,0.0,0.0,0.0,0.0,0.0,0.0,197,0
20040,r0016,0,prefetch,5794.7784367960485,60.629257,0.0,0.0,5293.331888932005,-0.08653420546330577,0.2,1,1,1,0.0,0.0,0.0,0.0,0.0,0.0,0.0,0.0,267,0
20040,r0007,0,prefetch,0.0,0.0,61.114939,61.114939,0.0,-0.09783004086880723,0.2,1,0,0,0.0,0.0,0.0,0.0,0.0,0.0,0.0,0.0,0,0
20040,r0011,0,prefetch,3888.6547867093905,60.796452,61.639375,61.639375,4135.845913984565,0.06356725933091889,0.2,0,1,0,0.0,0.0,0.0,0.0,0.0,0.0,0.0,0.0,171,0
20040,r0011,1,prefetch,3231.3615937648938,61.088547,60.973092,60.973092,3671.0430131678872,0.13606691997930087,0.2,1,1,0,0.0,0.0,0.0,0.0,0.0,0.0,0.0,0.0,154,0
20041,r0005,0,prefetch,992.8450221560734,68.100436,0.0,0.0,856.3375322901924,-0.13749123661761412,0.2,1,1,1,218.68687236620752,218.68687236620752,6.92578125,6.92578125,0.0,0.0,0.0,27.39789683056931,28,1
20041,r0005,1,prefetch,8615.382842155912,67.287884,67.61223,67.61223,8947.333690411124,0.03853001710277382,0.2,0,1,0,0.0,0.0,0.0,0.0,0.0,0.0,0.0,0.0,254,0
20041,r0003,0,prefetch,8.423010850223363,67.188687,67.981601,67.981601,8.093300251725793,-0.03914403107872372,0.2,1,0,0,0.0,0.0,0.0,0.0,0.0,0.0,0.0,0.0,0,0
20041,r0003,1,prefetch,7064.435150382495,67.978297,67.17942,67.17942,7217.259264829118,0.021632885176722016,0.2,1,1,0,0.0,0.0,0.0,0.0,0.0,0.0,0.0,0.0,204,0
20041,r0009,0,prefetch,2136.0873123493693,59.47459,0.0,0.0,2176.671459751543,0.01899929238264003,0.2,1,1,1,0.0,0.0,0.0,0.0,0.0,0.0,0.0,0.0,60,0
20041,r0012,0,prefetch,1618.9585580002822,59.25577,59.389986,59.389986,1331.5112596536228,-0.17755074515416303,0.2,1,1,0,0.0,0.0,0.0,0.0,0.0,0.0,0.0,0.0,48,0
20041,r0008,0,prefetch,2110.1867489624565,67.561138,67.574156,67.574156,2107.3645858654268,-0.0013373996867421523,0.2,0,1,0,192.18098734635336,0.0,5.9765625,0.0,5.9765625,5.9765625,0.0,0.0,57,1
20041,r0008,1,prefetch,8745.068976260125,66.750103,66.9297,66.9297,9707.549369854934,0.11005978297113667,0.2,1,1,0,0.0,0.0,0.0,0.0,0.0,0.0,0.0,0.0,309,0
20042,r0002,0,prefetch,5757.113776183874,62.265308,62.590245,62.590245,6423.294946528752,0.11571443543477428,0.2,1,1,0,0.0,0.0,0.0,0.0,0.0,0.0,0.0,0.0,186,0
20042,r0002,1,prefetch,5974.492241732464,0.0,62.4353,62.4353,6378.691468648344,0.06765415545985726,0.2,1,0,0,0.0,0.0,0.0,0.0,0.0,0.0,0.0,0.0,0,0
20042,r0016,0,prefetch,1746.1606500252965,63.129538,0.0,0.0,1748.5419172144782,0.0013637159840631519,0.2,1,1,1,102.1361860359589,99.75491884677831,4.658331402872383,4.658331402872383,0.0,0.0,2.3812671891805905,29.306804533418973,51,2
20042,r0017,0,prefetch,1097.67535324647,63.624401,64.093208,64.093208,1286.7714147161332,0.17226957033370138,0.2,0,1,0,0.0,0.0,0.0,0.0,0.0,0.0,0.0,0.0,32,0
20042,r0008,0,prefetch,198.30693305647947,63.132393,0.0,0.0,178.7524573771079,-0.09860712067894416,0.2,1,1,1,106.43230123695142,106.43230123695142,5.015625,5.015625,0.0,0.0,0.0,19.896266474102013,5,2
20042,r0009,0,prefetch,0.0,0.0,62.914659,62.914659,0.0,-0.05300666444168925,0.2,0,0,0,0.0,0.0,0.0,0.0,0.0,0.0,0.0,0.0,0,0
20042,r0001,0,prefetch,6774.239688471847,62.223869,0.0,0.0,7043.602517803449,0.03976281349920252,0.2,1,1,1,0.0,0.0,0.0,0.0,0.0,0.0,0.0,0.0,219,0
20042,r0001,1,prefetch,4067.7902026106385,62.352843,62.188591,62.188591,4090.18938026303,0.005506473179963001,0.2,1,1,0,0.0,0.0,0.0,0.0,0.0,0.0,0.0,0.0,128,0
20042,r0007,0,prefetch,831.8736711522724,62.682288,0.0,0.0,884.5472161564585,0.0633191635109992,0.2,1,1,1,185.39899016948067,132.7254451652916,6.828927793051452,6.828927793051452,0.0,0.0,52.673545004189066,23.783227846428584,24,2
20043,r0014,0,prefetch,3562.3257187637573,55.167038,54.259168,54.259168,3600.5129699561353,0.010719752826428841,0.2,1,1,0,0.0,0.0,0.0,0.0,0.0,0.0,0.0,0.0,58,0
20043,r0002,0,prefetch,7825.770878233652,54.824254,0.0,0.0,6713.449646136344,-0.14213567575701488,0.2,1,1,1,642.4302113418147,642.4302113418147,29.736328125,29.736328125,0.0,0.0,0.0,417.6000625770723,127,25
20043,r0023,0,prefetch,1056.0427774676173,60.684682,0.0,0.0,1047.2935331723088,-0.008284933604952055,0.2,1,1,1,0.0,0.0,0.0,0.0,0.0,0.0,0.0,0.0,42,0
20043,r0023,1,prefetch,7922.51957720787,60.05112,59.804566,59.804566,7613.060768781532,-0.03906065556677363,0.2,0,1,0,0.0,0.0,0.0,0.0,0.0,0.0,0.0,0.0,299,0
20043,r0003,0,prefetch,5253.5671818101255,60.235,0.0,0.0,4625.258064730996,-0.11959666552939074,0.2,1,1,1,0.0,0.0,0.0,0.0,0.0,0.0,0.0,0.0,209,0
20043,r0008,0,prefetch,0.0,0.0,60.417434,60.417434,0.0,0.08236952989107571,0.2,1,0,0,0.0,0.0,0.0,0.0,0.0,0.0,0.0,0.0,0,0
20043,r0005,0,prefetch,5953.196682229078,59.978669,0.0,0.0,5919.365642360573,-0.00568283590721852,0.2,1,1,1,0.0,0.0,0.0,0.0,0.0,0.0,0.0,0.0,227,0
20043,r0004,0,prefetch,0.0,0.0,55.475956,55.475956,0.0,-0.01122497659141114,0.2,0,0,0,0.0,0.0,0.0,0.0,0.0,0.0,0.0,0.0,0,0
20043,r0004,1,prefetch,6141.39955815977,59.710606,59.569664,59.569664,6962.569236673732,0.13371051186906002,0.2,0,1,0,0.0,0.0,0.0,0.0,0.0,0.0,0.0,0.0,286,0
20044,r0015,0,prefetch,3744.3832527614677,54.900389,54.307218,54.307218,4320.527580661252,0.1538689522433045,0.2,0,1,0,240.9715660259642,0.0,0.0,0.0,0.0,0.0,0.0,0.0,86,2
20044,r0015,1,prefetch,2902.5520470489637,54.226148,53.995938,53.995938,2644.958100967087,-0.08874739949754683,0.2,0,1,0,0.0,0.0,0.0,0.0,0.0,0.0,0.0,0.0,80,0
20044,r0009,0,prefetch,6447.32409861459,54.382235,0.0,0.0,6416.206487655426,-0.004826438144446665,0.2,1,1,1,238.43201152099022,238.43201152099022,13.62890625,13.62890625,0.0,0.0,0.0,54.31430991037675,148,2
20044,r0009,1,prefetch,8683.733844228373,54.049581,53.607831,53.607831,10149.518894331952,0.16879663476533308,0.2,0,1,0,0.0,0.0,0.0,0.0,0.0,0.0,0.0,0.0,238,0
20044,r0000,0,prefetch,1991.0138869178627,66.800124,0.0,0.0,1885.5362074823531,-0.05297686778005928,0.2,1,1,1,646.9889718372457,646.9889718372457,32.115234375,32.115234375,0.0,0.0,0.0,220.9926288389964,55,27
20044,r0013,0,prefetch,0.0,0.0,65.221407,65.221407,0.0,-0.15730008716521715,0.2,1,0,0,0.0,0.0,0.0,0.0,0.0,0.0,0.0,0.0,0,0
20044,r0021,0,prefetch,2371.445476984278,65.568749,0.0,0.0,2590.4669911827286,0.09235781143784777,0.2,1,1,1,0.0,0.0,0.0,0.0,0.0,0.0,0.0,0.0,61,0
20044,r0008,0,prefetch,964.5619975663358,54.485563,54.164756,54.164756,1091.919472304157,0.13203658765237875,0.2,1,1,0,0.0,0.0,0.0,0.0,0.0,0.0,0.0,0.0,27,0
20044,r0004,0,prefetch,5267.305453486013,54.21821,54.158422,54.158422,4855.417499647999,-0.07819708909522577,0.2,1,1,0,0.0,0.0,0.0,0.0,0.0,0.0,0.0,0.0,148,0
20044,r0004,1,prefetch,5696.315010098871,54.488558,54.356384,54.356384,6011.663090004078,0.055360014210262765,0.2,1,1,0,0.0,0.0,0.0,0.0,0.0,0.0,0.0,0.0,173,0
20044,r0020,0,prefetch,4369.597099836232,54.865594,0.0,0.0,4068.449240498809,-0.06891890772920678,0.2,1,1,1,237.88782126992433,237.88782126992433,13.59375,13.59375,0.0,0.0,0.0,45.6072658933231,100,2
20044,r0020,1,prefetch,4824.356602811429,54.077471,54.009728,54.009728,5761.018235191765,0.19415265277746868,0.2,1,1,0,0.0,0.0,0.0,0.0,0.0,0.0,0.0,0.0,132,0
20044,r0020,2,prefetch,9875.321296581358,54.162744,54.111984,54.111984,9356.478760516764,-0.052539306872395886,0.2,1,1,0,0.0,0.0,0.0,0.0,0.0,0.0,0.0,0.0,293,0
20045,r0015,0,prefetch,7012.778510625538,62.329878,61.877756,61.877756,6049.798662291726,-0.1373178757713132,0.2,1,1,0,0.0,0.0,0.0,0.0,0.0,0.0,0.0,0.0,378,0
20045,r0010,0,prefetch,0.0,0.0,62.388372,62.388372,0.0,0.12444412401083099,0.2,1,0,0,0.0,0.0,0.0,0.0,0.0,0.0,0.0,0.0,0,0
20045,r0016,0,prefetch,4295.396664794262,62.471766,62.337036,62.337036,3904.996487849975,-0.09088803838399069,0.2,1,1,0,0.0,0.0,0.0,0.0,0.0,0.0,0.0,0.0,224,0
20045,r0003,0,prefetch,1647.8488252330062,0.0,62.15376,62.15376,1765.3036127187304,0.07127764737102982,0.2,0,0,0,0.0,0.0,0.0,0.0,0.0,0.0,0.0,0.0,0,0
20046,r0005,0,prefetch,2763.9106773827084,63.586771,63.428334,63.428334,2563.088886657783,-0.07265856757537997,0.2,1,1,0,0.0,0.0,0.0,0.0,0.0,0.0,0.0,0.0,111,0
20046,r0005,1,prefetch,3476.7873994897172,116.578982,62.793116,62.793116,3962.0852262399844,0.13958225539516556,0.2,0,1,0,0.0,0.0,0.0,0.0,0.0,0.0,0.0,0.0,135,0
20046,r0013,0,prefetch,8201.120937085492,63.283962,62.590329,62.590329,7100.310167192374,-0.13422686707560283,0.2,1,1,0,0.0,0.0,0.0,0.0,0.0,0.0,0.0,0.0,331,0
20046,r0004,0,prefetch,0.0,0.0,67.093702,67.093702,0.0,0.12437612884527344,0.2,1,0,0,0.0,0.0,0.0,0.0,0.0,0.0,0.0,0.0,0,0
20046,r0012,0,prefetch,2107.5089774324224,63.334061,0.0,0.0,2014.7511269196214,-0.04401302746800523,0.2,1,1,1,0.0,0.0,0.0,0.0,0.0,0.0,0.0,0.0,82,0
20046,r0022,0,prefetch,5323.8797068100685,63.511566,64.843339,64.843339,4321.52579576375,-0.18827508626165101,0.2,1,1,0,0.0,0.0,0.0,0.0,0.0,0.0,0.0,0.0,216,0
20046,r0022,1,prefetch,3526.442177896737,63.162906,63.316402,63.316402,3348.545774291519,-0.050446425782974286,0.2,1,1,0,0.0,0.0,0.0,0.0,0.0,0.0,0.0,0.0,132,0
20047,r0004,0,prefetch,934.3432117674388,63.289277,0.0,0.0,842.8903822801661,-0.09787926784877801,0.2,1,1,1,0.0,0.0,0.0,0.0,0.0,0.0,0.0,0.0,45,0
20047,r0022,0,prefetch,7426.807356228272,41.639946,0.0,0.0,7459.105878502476,0.004348910739837397,0.2,1,1,1,50.74241234332103,18.443890069112967,0.43447308336609713,0.43447308336609713,0.0,0.0,32.29852227420806,37.8688367777677,103,1
20047,r0010,0,prefetch,0.0,0.0,63.140541,63.140541,0.0,-0.030090301815588333,0.2,1,0,0,0.0,0.0,0.0,0.0,0.0,0.0,0.0,0.0,0,0
20047,r0010,1,prefetch,2733.140791872149,63.209958,62.858877,62.858877,2814.756214006285,0.029861404277761794,0.2,1,1,0,0.0,0.0,0.0,0.0,0.0,0.0,0.0,0.0,118,0
20047,r0010,2,prefetch,3662.1365409793543,62.913587,62.693448,62.693448,3689.781220001095,0.00754878435372261,0.2,1,1,0,0.0,0.0,0.0,0.0,0.0,0.0,0.0,0.0,183,0
20047,r0014,0,prefetch,4689.66459975348,41.844804,0.0,0.0,5393.051259979017,0.14998655986240733,0.2,1,1,1,50.21714333395844,0.0,0.0,0.0,0.0,0.0,50.21714333395844,43.365575629266196,65,3
20047,r0001,0,prefetch,3467.8545024624545,41.723182,41.758567,41.758567,3599.174070514605,0.037867669465054904,0.2,0,1,0,675.614502265699,0.0,24.664534174726178,0.0,24.664534174726178,24.664534174726178,0.0,0.0,47,25
20047,r0003,0,prefetch,503.341324258814,63.097789,62.483851,62.483851,561.9822529552987,0.1165033067428653,0.2,1,1,0,0.0,0.0,0.0,0.0,0.0,0.0,0.0,0.0,23,0
20047,r0008,0,prefetch,7254.5578087235335,63.10114,63.374086,63.374086,7740.8224936886,0.06702885245194934,0.2,1,1,0,0.0,0.0,0.0,0.0,0.0,0.0,0.0,0.0,338,0
20047,r0023,0,prefetch,6437.151062288358,62.740441,62.595401,62.595401,5596.769322410906,-0.13055181271118127,0.2,1,1,0,0.0,0.0,0.0,0.0,0.0,0.0,0.0,0.0,300,0
20048,r0001,0,prefetch,6531.275982714535,65.608079,65.700469,65.700469,5388.298460745952,-0.17500064688638936,0.2,0,1,0,0.0,0.0,0.0,0.0,0.0,0.0,0.0,0.0,302,0
20048,r0007,0,prefetch,888.3046644683563,65.655769,65.694704,65.694704,955.2690994681985,0.07538453604757323,0.2,1,1,0,0.0,0.0,0.0,0.0,0.0,0.0,0.0,0.0,40,0
20048,r0003,0,prefetch,3431.584011100749,65.716101,65.209993,65.209993,3367.7242136430605,-0.018609422718811552,0.2,0,1,0,0.0,0.0,0.0,0.0,0.0,0.0,0.0,0.0,158,0
20048,r0017,0,prefetch,0.0,0.0,65.768572,65.768572,0.0,-0.17593336298250437,0.2,1,0,0,0.0,0.0,0.0,0.0,0.0,0.0,0.0,0.0,0,0
20048,r0004,0,prefetch,3525.111958690897,65.64611,65.424133,65.424133,3343.477196176763,-0.05152595566967097,0.2,1,1,0,0.0,0.0,0.0,0.0,0.0,0.0,0.0,0.0,164,0
20049,r0000,0,prefetch,3296.3591253485483,70.542593,70.17783,70.17783,3039.0855387160327,-0.07804780269665318,0.2,0,1,0,0.0,0.0,0.0,0.0,0.0,0.0,0.0,0.0,138,0
20049,r0000,1,prefetch,9509.74845505616,70.433954,69.963921,69.963921,8824.46722488168,-0.07206092079229803,0.2,1,1,0,0.0,0.0,0.0,0.0,0.0,0.0,0.0,0.0,405,0
20049,r0009,0,prefetch,3222.320422023571,70.811565,70.764897,70.764897,3517.986038895511,0.09175549856902993,0.2,1,1,0,0.0,0.0,0.0,0.0,0.0,0.0,0.0,0.0,138,0
20049,r0009,1,prefetch,3911.7083988485538,70.545699,70.647975,70.647975,3729.318476284867,-0.04662666639910454,0.2,1,1,0,0.0,0.0,0.0,0.0,0.0,0.0,0.0,0.0,162,0
20049,r0014,0,prefetch,688.4574585098453,71.245312,70.548163,70.548163,797.9761338816584,0.1590783482960073,0.2,0,1,0,0.0,0.0,0.0,0.0,0.0,0.0,0.0,0.0,26,0
20049,r0014,1,prefetch,6638.310688084493,70.655376,70.456347,70.456347,6694.22943558477,0.008423641213516658,0.2,1,1,0,0.0,0.0,0.0,0.0,0.0,0.0,0.0,0.0,279,0
20049,r0007,0,prefetch,18.26159764573822,70.648644,70.673115,70.673115,17.196084919812712,-0.05834718005487158,0.2,1,0,0,0.0,0.0,0.0,0.0,0.0,0.0,0.0,0.0,0,0
20049,r0007,1,prefetch,6139.245979569976,70.683028,70.612752,70.612752,5906.495285184009,-0.0379119349771142,0.2,0,1,0,0.0,0.0,0.0,0.0,0.0,0.0,0.0,0.0,257,0
20049,r0006,0,prefetch,925.9638141678734,70.818361,70.568949,70.568949,955.4051421848001,0.031795333215461075,0.2,1,1,0,0.0,0.0,0.0,0.0,0.0,0.0,0.0,0.0,35,0
20049,r0006,1,prefetch,3324.8099323084825,70.532679,70.441356,70.441356,3204.022310375103,-0.036329181033670055,0.2,0,1,0,0.0,0.0,0.0,0.0,0.0,0.0,0.0,0.0,130,0
20049,r0006,2,prefetch,3038.1598080865297,70.77664,70.46819,70.46819,2991.0968387684807,-0.015490616784799627,0.2,0,1,0,0.0,0.0,0.0,0.0,0.0,0.0,0.0,0.0,122,0
20049,r0020,0,prefetch,2945.1219332488545,70.377775,70.458015,70.458015,3021.521219238102,0.025940958548011206,0.2,1,1,0,0.0,0.0,0.0,0.0,0.0,0.0,0.0,0.0,116,0
20049,r0021,0,prefetch,0.0,0.0,72.085219,72.085219,0.0,-0.07100829880684531,0.2,1,0,0,0.0,0.0,0.0,0.0,0.0,0.0,0.0,0.0,0,0
20049,r0013,0,prefetch,0.0,0.0,71.172922,71.172922,0.0,0.11597465192361261,0.2,1,0,0,0.0,0.0,0.0,0.0,0.0,0.0,0.0,0.0,0,0
20050,r0019,0,prefetch,3566.1646347991446,66.259006,0.0,0.0,3525.382747339542,-0.011435783716109649,0.2,1,1,1,637.5140764810667,637.5140764810667,30.029296875,30.029296875,0.0,0.0,0.0,102.15852852014314,114,5
20050,r0000,0,prefetch,1057.211187476436,146.988798,0.0,0.0,1126.011000923122,0.06507669826206774,0.2,1,1,1,641.617395084777,572.8175816380917,26.99238160079941,26.99238160079941,0.0,0.0,68.79981344668522,49.05338703840467,34,5
20050,r0000,1,prefetch,5418.192270872152,64.809816,65.353186,65.353186,5940.942635578003,0.09648058588029873,0.2,1,1,0,0.0,0.0,0.0,0.0,0.0,0.0,0.0,0.0,328,0
20050,r0012,0,prefetch,6987.742741329981,66.820109,0.0,0.0,7524.09605905306,0.07675630565944325,0.2,1,1,1,636.927888109108,100.57457038603025,4.737172241803367,4.737172241803367,0.0,0.0,536.3533177230778,167.97719054220823,224,5
20050,r0003,0,prefetch,1533.9255137380023,66.879699,65.81024,65.81024,1663.7793049376623,0.08465456114829262,0.2,0,1,0,767.6478950558813,0.0,30.353319143030358,0.0,30.353319143030358,30.353319143030358,0.0,0.0,51,5
20050,r0003,1,prefetch,6089.413477739152,64.885934,64.567596,64.567596,4975.0080882276025,-0.18300701596064065,0.2,1,1,0,0.0,0.0,0.0,0.0,0.0,0.0,0.0,0.0,342,0
20050,r0009,0,prefetch,0.0,0.0,65.674951,65.674951,0.0,0.003933620497307055,0.2,1,0,0,0.0,0.0,0.0,0.0,0.0,0.0,0.0,0.0,0,0
20050,r0018,0,prefetch,156.8838300485877,65.932098,0.0,0.0,172.89061412887887,0.10202953405289633,0.2,1,1,1,0.0,0.0,0.0,0.0,0.0,0.0,0.0,0.0,5,0
20050,r0021,0,prefetch,0.0,0.0,65.392048,65.392048,0.0,-0.08822042536641823,0.2,1,0,0,0.0,0.0,0.0,0.0,0.0,0.0,0.0,0.0,0,0
20050,r0006,0,prefetch,1509.7818825428112,65.724236,0.0,0.0,1413.218630350923,-0.06395841234314856,0.2,1,1,1,564.2405299862386,564.2405299862386,26.3671875,26.3671875,0.0,0.0,0.0,58.4472789105673,47,5
20051,r0010,0,prefetch,6393.418643407189,63.420155,63.407424,63.407424,6395.952620092493,0.0003963414296227208,0.2,0,1,0,0.0,0.0,0.0,0.0,0.0,0.0,0.0,0.0,227,0
20051,r0004,0,prefetch,33.50412493484873,63.510729,63.273918,63.273918,28.261970563962745,-0.15646295436993946,0.2,1,0,0,0.0,0.0,0.0,0.0,0.0,0.0,0.0,0.0,0,0
20051,r0009,0,prefetch,1455.5390607497156,63.291071,63.388164,63.388164,1198.9816223414684,-0.17626283301260234,0.2,1,1,0,0.0,0.0,0.0,0.0,0.0,0.0,0.0,0.0,48,0
20051,r0001,0,prefetch,1596.8899230753377,63.811932,63.767386,63.767386,1389.1554354678253,-0.13008691745480555,0.2,1,1,0,0.0,0.0,0.0,0.0,0.0,0.0,0.0,0.0,59,0
20051,r0019,0,prefetch,1517.8415612520002,63.584458,63.625369,63.625369,1375.740607937522,-0.09362041265839732,0.2,0,1,0,0.0,0.0,0.0,0.0,0.0,0.0,0.0,0.0,51,0
20051,r0012,0,prefetch,4765.278692685664,63.700177,63.398642,63.398642,4044.3378319408507,-0.15129038766429384,0.2,1,1,0,0.0,0.0,0.0,0.0,0.0,0.0,0.0,0.0,169,0
20051,r0017,0,prefetch,0.0,0.0,63.661636,63.661636,0.0,-0.16387245971113812,0.2,1,0,0,0.0,0.0,0.0,0.0,0.0,0.0,0.0,0.0,0,0
20051,r0017,1,prefetch,6071.688960709143,63.58581,63.785292,63.785292,5670.647754544976,-0.06605101294868182,0.2,0,1,0,0.0,0.0,0.0,0.0,0.0,0.0,0.0,0.0,234,0
20051,r0000,0,prefetch,2021.8786857902087,63.698384,0.0,0.0,1661.6913003590473,-0.1781449045200205,0.2,1,1,1,0.0,0.0,0.0,0.0,0.0,0.0,0.0,0.0,77,0
20051,r0000,1,prefetch,7377.218459188814,63.385665,63.521978,63.521978,8316.505820534263,0.12732269845899763,0.2,1,1,0,0.0,0.0,0.0,0.0,0.0,0.0,0.0,0.0,255,0
20052,r0011,0,prefetch,8371.375831650104,0.0,64.58981,64.58981,9041.421834766421,0.08004012919633074,0.2,1,0,0,0.0,0.0,0.0,0.0,0.0,0.0,0.0,0.0,0,0
20052,r0023,0,prefetch,7689.966959431087,62.548113,0.0,0.0,7502.446748490403,-0.024385047677052463,0.2,1,1,1,0.0,0.0,0.0,0.0,0.0,0.0,0.0,0.0,372,0
20052,r0020,0,prefetch,3479.838189014161,62.664857,0.0,0.0,3037.866138572432,-0.12700936837725202,0.2,1,1,1,0.0,0.0,0.0,0.0,0.0,0.0,0.0,0.0,168,0
20052,r0020,1,prefetch,5655.5810926694685,61.723567,61.517616,61.517616,6242.445789567439,0.1037673560473989,0.2,1,1,0,0.0,0.0,0.0,0.0,0.0,0.0,0.0,0.0,294,0
20052,r0017,0,prefetch,157.943176578563,63.297209,0.0,0.0,168.08797220822845,0.06423066731609839,0.2,1,1,1,0.0,0.0,0.0,0.0,0.0,0.0,0.0,0.0,8,0
20052,r0017,1,prefetch,6427.85886183683,62.450669,61.995136,61.995136,6616.327581208662,0.029320606351641965,0.2,0,1,0,0.0,0.0,0.0,0.0,0.0,0.0,0.0,0.0,321,0
20052,r0017,2,prefetch,4238.741530599924,61.67754,61.798846,61.798846,4427.495307307674,0.04453061724691554,0.2,1,1,0,0.0,0.0,0.0,0.0,0.0,0.0,0.0,0.0,214,0
20052,r0015,0,prefetch,2316.438035127263,62.005506,0.0,0.0,2774.550198612526,0.19776577509879062,0.2,1,1,1,0.0,0.0,0.0,0.0,0.0,0.0,0.0,0.0,108,0
20052,r0016,0,prefetch,3672.612473788002,62.3893,62.124862,62.124862,3538.431297382088,-0.036535620723282314,0.2,1,1,0,0.0,0.0,0.0,0.0,0.0,0.0,0.0,0.0,168,0
20052,r0016,1,prefetch,3938.3296602648625,62.078671,61.692189,61.692189,3968.95047264534,0.007775075989555041,0.2,1,1,0,0.0,0.0,0.0,0.0,0.0,0.0,0.0,0.0,187,0
20052,r0022,0,prefetch,2602.446663736002,61.970708,0.0,0.0,2093.2414309411038,-0.19566404179976427,0.2,1,1,1,0.0,0.0,0.0,0.0,0.0,0.0,0.0,0.0,127,0
20052,r0014,0,prefetch,1873.2980104904127,0.0,62.358842,62.358842,2150.5091603899696,0.14798027241110756,0.2,1,0,0,0.0,0.0,0.0,0.0,0.0,0.0,0.0,0.0,0,0
20052,r0004,0,prefetch,0.0,0.0,63.239947,63.239947,0.0,-0.033140147273891474,0.2,1,0,0,0.0,0.0,0.0,0.0,0.0,0.0,0.0,0.0,0,0
20052,r0004,1,prefetch,3913.3729503400828,62.439961,62.350677,62.350677,4082.354612875935,0.04318056691253189,0.2,1,1,0,0.0,0.0,0.0,0.0,0.0,0.0,0.0,0.0,199,0
20052,r0004,2,prefetch,3116.1621223439142,61.965818,62.207371,62.207371,2785.0559492269176,-0.10625447589612103,0.2,1,1,0,0.0,0.0,0.0,0.0,0.0,0.0,0.0,0.0,152,0
20052,r0002,0,prefetch,0.0,0.0,61.885065,61.885065,0.0,-0.020360898327694082,0.2,1,0,0,0.0,0.0,0.0,0.0,0.0,0.0,0.0,0.0,0,0
20053,r0014,0,prefetch,3957.7616254716886,60.25726,59.902924,59.902924,4153.264679560027,0.04939737977904063,0.2,0,1,0,0.0,0.0,0.0,0.0,0.0,0.0,0.0,0.0,196,0
20053,r0019,0,prefetch,0.0,0.0,60.30684,60.30684,0.0,0.04013622145940832,0.2,1,0,0,0.0,0.0,0.0,0.0,0.0,0.0,0.0,0.0,0,0
20053,r0007,0,prefetch,5555.613251382383,59.96427,0.0,0.0,5708.1545303265775,0.0274571450606714,0.2,1,1,1,0.0,0.0,0.0,0.0,0.0,0.0,0.0,0.0,276,0
20054,r0003,0,prefetch,580.5731877168055,62.867837,0.0,0.0,512.727326513986,-0.11686013518749268,0.2,1,1,1,0.0,0.0,0.0,0.0,0.0,0.0,0.0,0.0,25,0
20054,r0020,0,prefetch,1471.1801008143884,62.977634,62.696891,62.696891,1252.4855817942275,-0.14865244499915417,0.2,0,1,0,0.0,0.0,0.0,0.0,0.0,0.0,0.0,0.0,64,0
20054,r0020,1,prefetch,4268.902093366851,63.204481,62.44583,62.44583,4813.566306974672,0.12758882768806945,0.2,1,1,0,0.0,0.0,0.0,0.0,0.0,0.0,0.0,0.0,208,0
20054,r0023,0,prefetch,2441.932788306538,63.312132,62.949849,62.949849,2260.136585121986,-0.07444766868895925,0.2,0,1,0,0.0,0.0,0.0,0.0,0.0,0.0,0.0,0.0,102,0
20054,r0013,0,prefetch,4338.960010732073,63.117472,63.042309,63.042309,5036.294671197481,0.1607147009284729,0.2,1,1,0,0.0,0.0,0.0,0.0,0.0,0.0,0.0,0.0,190,0
20054,r0000,0,prefetch,3545.465213710464,62.448706,62.401989,62.401989,3000.9146259623767,-0.15359072926235098,0.2,1,1,0,0.0,0.0,0.0,0.0,0.0,0.0,0.0,0.0,151,0
20055,r0007,0,prefetch,8842.89735788365,65.882027,121.188314,121.188314,8874.340370249749,0.0035557364394902535,0.2,1,1,0,0.0,0.0,0.0,0.0,0.0,0.0,0.0,0.0,327,0
20055,r0016,0,prefetch,4065.7203081266034,62.896095,0.0,0.0,4772.600577175778,0.17386347694312748,0.2,1,1,1,729.5394911176859,22.659222068508825,1.3347145325205796,1.3347145325205796,0.0,0.0,706.8802690491771,129.85556236586712,57,19
20055,r0005,0,prefetch,6487.745776603393,63.511643,0.0,0.0,6935.757349640513,0.06905504445824218,0.2,1,1,1,598.3016708437317,150.29009780661363,8.78101449755694,8.78101449755694,0.0,0.0,448.01157303711807,200.94271501425897,96,19
20055,r0005,1,prefetch,4588.147278287459,65.252499,65.159177,65.159177,4776.872796611258,0.0411332738198939,0.2,1,1,0,0.0,0.0,0.0,0.0,0.0,0.0,0.0,0.0,182,0
20055,r0006,0,prefetch,3694.8140776816654,63.130436,62.731967,62.731967,4317.085129304571,0.16841741926385456,0.2,0,1,0,764.1716936899793,0.0,8.372464829524692,0.0,8.372464829524692,8.372464829524692,0.0,0.0,55,19
20055,r0013,0,prefetch,2749.182268414741,62.841946,0.0,0.0,2803.573521341572,0.019784520492413332,0.2,1,1,1,412.3814254556297,357.99017252880003,20.488622691938733,20.488622691938733,0.0,0.0,54.39125292682968,98.86885480118346,40,19
20055,r0013,1,prefetch,3977.2328052234516,65.358788,65.312532,65.312532,4073.118255789295,0.024108583847521764,0.2,1,1,0,0.0,0.0,0.0,0.0,0.0,0.0,0.0,0.0,154,0
20055,r0017,0,prefetch,0.0,0.0,65.695555,65.695555,0.0,-0.031033337438650888,0.2,0,0,0,0.0,0.0,0.0,0.0,0.0,0.0,0.0,0.0,0,0
20055,r0017,1,prefetch,2284.9214339231403,65.515971,65.671198,65.671198,2267.793575300898,-0.007496038317971493,0.2,1,1,0,0.0,0.0,0.0,0.0,0.0,0.0,0.0,0.0,84,0
20055,r0017,2,prefetch,6257.208646648185,65.367384,65.401998,65.401998,7195.625860653054,0.14997377696643582,0.2,1,1,0,0.0,0.0,0.0,0.0,0.0,0.0,0.0,0.0,199,0
20055,r0000,0,prefetch,2107.4681424252412,65.300033,0.0,0.0,1983.38857195038,-0.05887613102045394,0.2,1,1,1,0.0,0.0,0.0,0.0,0.0,0.0,0.0,0.0,73,0
20055,r0000,1,prefetch,9591.855901117553,65.327405,65.226035,65.226035,9136.492846162097,-0.04747392576054041,0.2,1,1,0,0.0,0.0,0.0,0.0,0.0,0.0,0.0,0.0,323,0
20055,r0008,0,prefetch,7407.226685973015,65.625027,66.085289,66.085289,6983.885219309413,-0.05715249237144035,0.2,0,1,0,0.0,0.0,0.0,0.0,0.0,0.0,0.0,0.0,225,0
20055,r0015,0,prefetch,448.54674646609055,65.506158,0.0,0.0,399.86331666264954,-0.10853591111070822,0.2,1,1,1,731.3622386214907,383.04058846609405,22.564625102287955,22.564625102287955,0.0,0.0,348.3216501553967,36.895439671816185,6,19
20056,r0010,0,prefetch,2330.1773224292974,46.122518,45.971135,45.971135,2143.643528866361,-0.08005132989984975,0.2,0,1,0,0.0,0.0,0.0,0.0,0.0,0.0,0.0,0.0,87,0
20056,r0002,0,prefetch,2025.7504108401,46.179416,46.227118,46.227118,2277.9308063688313,0.12448739695634536,0.2,1,1,0,0.0,0.0,0.0,0.0,0.0,0.0,0.0,0.0,75,0
20056,r0017,0,prefetch,5894.244683459681,66.622414,66.398559,66.398559,5160.762552674483,-0.12444039400730716,0.2,1,1,0,0.0,0.0,0.0,0.0,0.0,0.0,0.0,0.0,284,0
20056,r0019,0,prefetch,2859.053154419704,66.881888,66.673709,66.673709,3239.326895028995,0.13300688027483493,0.2,0,1,0,0.0,0.0,0.0,0.0,0.0,0.0,0.0,0.0,148,0
20056,r0020,0,prefetch,2774.049868415601,0.0,66.866635,66.866635,3030.835987489075,0.09256723247738052,0.2,1,0,0,0.0,0.0,0.0,0.0,0.0,0.0,0.0,0.0,0,0
20056,r0014,0,prefetch,3903.665528022677,66.509442,66.448726,66.448726,4034.4123965119315,0.033493358370659754,0.2,1,1,0,0.0,0.0,0.0,0.0,0.0,0.0,0.0,0.0,183,0
20056,r0014,1,prefetch,4026.341849392924,66.465911,66.349113,66.349113,3236.7945264435984,-0.19609545152465638,0.2,1,1,0,0.0,0.0,0.0,0.0,0.0,0.0,0.0,0.0,205,0
20056,r0001,0,prefetch,1507.8771751704408,46.22096,0.0,0.0,1361.7235548447336,-0.0969267409390867,0.2,1,1,1,221.91836054425147,221.91836054425147,13.798828125,13.798828125,0.0,0.0,0.0,99.03504127069058,57,15
20057,r0008,0,prefetch,4555.308895374933,62.2088,62.078705,62.078705,3968.538599087271,-0.12881021018869165,0.2,0,1,0,0.0,0.0,0.0,0.0,0.0,0.0,0.0,0.0,222,0
20057,r0011,0,prefetch,7143.43254231191,62.337632,62.06476,62.06476,6116.226648322931,-0.1437972414388521,0.2,1,1,0,0.0,0.0,0.0,0.0,0.0,0.0,0.0,0.0,337,0
20057,r0014,0,prefetch,3521.90435211976,61.863682,61.861764,61.861764,3121.5617235889363,-0.1136722035877738,0.2,1,1,0,0.0,0.0,0.0,0.0,0.0,0.0,0.0,0.0,172,0
20057,r0007,0,prefetch,3520.7237804151446,62.477356,62.212623,62.212623,3902.541269267945,0.1084485783794657,0.2,1,1,0,0.0,0.0,0.0,0.0,0.0,0.0,0.0,0.0,166,0
20057,r0007,1,prefetch,3730.7796206568382,62.371876,62.43138,62.43138,3694.303534921123,-0.009777067917319915,0.2,1,1,0,0.0,0.0,0.0,0.0,0.0,0.0,0.0,0.0,188,0
20058,r0003,0,prefetch,3302.3632925854404,59.581203,59.344155,59.344155,2957.848025085479,-0.10432385445704201,0.2,1,1,0,0.0,0.0,0.0,0.0,0.0,0.0,0.0,0.0,161,0
20058,r0013,0,prefetch,0.0,0.0,60.68994,60.68994,0.0,0.1605794626677159,0.2,1,0,0,0.0,0.0,0.0,0.0,0.0,0.0,0.0,0.0,0,0
20058,r0006,0,prefetch,2237.0725200824745,59.815896,0.0,0.0,2581.4617343575283,0.1539463791108377,0.2,1,1,1,0.0,0.0,0.0,0.0,0.0,0.0,0.0,0.0,112,0
20058,r0005,0,prefetch,557.4771995714473,60.407434,60.248695,60.248695,529.5741260840543,-0.050052403055843325,0.2,0,1,0,0.0,0.0,0.0,0.0,0.0,0.0,0.0,0.0,28,0
20058,r0002,0,prefetch,3486.430258535136,60.453536,60.34114,60.34114,3429.62990904458,-0.016291835854597453,0.2,1,1,0,0.0,0.0,0.0,0.0,0.0,0.0,0.0,0.0,163,0
20058,r0009,0,prefetch,1819.6147447015464,60.272955,60.004388,60.004388,1660.8383454050845,-0.08725825054935155,0.2,0,1,0,0.0,0.0,0.0,0.0,0.0,0.0,0.0,0.0,78,0
20058,r0009,1,prefetch,4677.5686702151,60.207139,60.015514,60.015514,3843.8932661572003,-0.17822836238972042,0.2,1,1,0,0.0,0.0,0.0,0.0,0.0,0.0,0.0,0.0,188,0
20058,r0017,0,prefetch,6819.985801407573,59.950859,0.0,0.0,6077.883209853173,-0.10881292324703047,0.2,1,1,1,0.0,0.0,0.0,0.0,0.0,0.0,0.0,0.0,348,0
20058,r0011,0,prefetch,0.0,0.0,59.929714,59.929714,0.0,0.16515507068670415,0.2,1,0,0,0.0,0.0,0.0,0.0,0.0,0.0,0.0,0.0,0,0
20059,r0020,0,prefetch,2644.034655639314,61.951775,61.567902,61.567902,2463.0173479516043,-0.06846253217658402,0.2,0,1,0,0.0,0.0,0.0,0.0,0.0,0.0,0.0,0.0,114,0
20059,r0001,0,prefetch,6545.166956649197,62.030632,0.0,0.0,7423.3962927784005,0.13417982183586852,0.2,1,1,1,0.0,0.0,0.0,0.0,0.0,0.0,0.0,0.0,284,0
20059,r0010,0,prefetch,4263.698127412026,61.99244,0.0,0.0,4237.658116054473,-0.006107376877865084,0.2,1,1,1,0.0,0.0,0.0,0.0,0.0,0.0,0.0,0.0,170,0
20059,r0019,0,prefetch,2236.3626203990025,61.614038,61.405297,61.405297,2164.7498557623317,-0.032021982474333355,0.2,1,1,0,0.0,0.0,0.0,0.0,0.0,0.0,0.0,0.0,88,0
20059,r0018,0,prefetch,2428.778695403227,61.994085,0.0,0.0,2100.222926415403,-0.13527612441992268,0.2,1,1,1,580.5496091493364,580.5496091493364,33.3046875,33.3046875,0.0,0.0,0.0,334.7109613906352,105,28
20059,r0015,0,prefetch,3263.434200268588,61.710734,64.935506,64.935506,3112.0876135839812,-0.04637647870214465,0.2,1,1,0,0.0,0.0,0.0,0.0,0.0,0.0,0.0,0.0,149,0
20059,r0004,0,prefetch,0.0,0.0,61.811001,61.811001,0.0,0.11344682720198501,0.2,1,0,0,0.0,0.0,0.0,0.0,0.0,0.0,0.0,0.0,0,0
20059,r0004,1,prefetch,2874.3552295691334,62.088581,66.187332,66.187332,2675.614972904886,-0.06914255225650678,0.2,1,1,0,0.0,0.0,0.0,0.0,0.0,0.0,0.0,0.0,128,0
20060,r0022,0,prefetch,3500.5717999707163,63.084219,62.809379,62.809379,3565.8909609296065,0.018659568976541724,0.2,1,1,0,0.0,0.0,0.0,0.0,0.0,0.0,0.0,0.0,66,0
20060,r0013,0,prefetch,2955.93500916383,64.086568,0.0,0.0,3082.006782943518,0.04265038757240841,0.2,1,1,1,2300.630205034713,2174.5584312550254,141.503265631486,141.503265631486,0.0,0.0,126.07177377968765,150.43715279804425,54,25
20060,r0018,0,prefetch,0.0,0.0,65.128641,65.128641,0.0,-0.09601418448708109,0.2,0,0,0,0.0,0.0,0.0,0.0,0.0,0.0,0.0,0.0,0,0
20060,r0018,1,prefetch,68.95649106529163,63.71323,0.0,0.0,71.68653183836001,0.03959077283215348,0.2,1,1,1,0.0,0.0,0.0,0.0,0.0,0.0,0.0,0.0,3,0
20060,r0018,2,prefetch,6101.631827389112,63.600115,63.100865,63.100865,4949.374395022602,-0.18884414283966416,0.2,1,1,0,0.0,0.0,0.0,0.0,0.0,0.0,0.0,0.0,281,0
20060,r0001,0,prefetch,230.52947665035026,63.203665,0.0,0.0,188.88295569303543,-0.18065594718059047,0.2,1,1,1,863.4660471864437,167.32581165034935,10.644867140767563,10.644867140767563,0.0,0.0,696.1402355360943,38.462156077270635,4,25
20060,r0015,0,prefetch,0.0,0.0,62.994501,62.994501,0.0,-0.12658253621773724,0.2,0,0,0,0.0,0.0,0.0,0.0,0.0,0.0,0.0,0.0,0,0
20060,r0005,0,prefetch,4662.840697498359,63.257646,62.915907,62.915907,3926.858868921167,-0.15783979688005434,0.2,0,1,0,0.0,0.0,0.0,0.0,0.0,0.0,0.0,0.0,86,0
20060,r0023,0,prefetch,3428.2796819135256,119.755989,63.272919,63.272919,3435.341748311895,0.0020599446525984555,0.2,0,1,0,912.3340711009133,0.0,57.704144327933335,0.0,57.704144327933335,57.704144327933335,0.0,0.0,64,25
20060,r0019,0,prefetch,0.0,0.0,63.242075,63.242075,0.0,0.10745208354159697,0.2,1,0,0,0.0,0.0,0.0,0.0,0.0,0.0,0.0,0.0,0,0
20061,r0009,0,prefetch,3346.307617491386,59.645253,0.0,0.0,2686.7022882777464,-0.19711437339646715,0.2,1,1,1,0.0,0.0,0.0,0.0,0.0,0.0,0.0,0.0,79,0
20061,r0007,0,prefetch,1570.2636392327622,59.373506,0.0,0.0,1725.99258911041,0.09917376037169012,0.2,1,1,1,1250.9908776924171,1095.2619278147686,47.43173724991413,47.43173724991413,0.0,0.0,155.72894987764857,165.19751591955975,38,23
20061,r0004,0,prefetch,3434.195820447072,59.471559,0.0,0.0,3541.644516982587,0.03128787703245378,0.2,1,1,1,3312.208495783198,3204.759799247684,142.52042510375614,142.52042510375614,0.0,0.0,107.44869653551405,293.46431415096873,81,23
20061,r0004,1,prefetch,4541.376211458199,66.504775,66.313694,66.313694,4182.9406322127825,-0.07892664306054611,0.2,0,1,0,0.0,0.0,0.0,0.0,0.0,0.0,0.0,0.0,213,0
20061,r0023,0,prefetch,34.11440785252489,60.003845,61.242943,61.242943,36.228144851505206,0.06196024296003927,0.2,1,0,0,0.0,0.0,0.0,0.0,0.0,0.0,0.0,0.0,0,0
20061,r0006,0,prefetch,8391.927054623877,61.237818,60.645393,60.645393,9685.993568370202,0.15420373715394803,0.2,0,1,0,2590.334887132013,0.0,57.39151645488691,0.0,57.39151645488691,57.39151645488691,0.0,0.0,200,23
20061,r0006,1,prefetch,3391.287003229627,0.0,66.694943,66.694943,3996.12229645425,0.17834978067282997,0.2,1,0,0,0.0,0.0,0.0,0.0,0.0,0.0,0.0,0.0,0,0
20061,r0012,0,prefetch,0.0,0.0,67.081524,67.081524,0.0,-0.06525133336395636,0.2,1,0,0,0.0,0.0,0.0,0.0,0.0,0.0,0.0,0.0,0,0
20061,r0003,0,prefetch,4886.411230449943,67.110813,0.0,0.0,4804.107548172385,-0.016843380222417353,0.2,1,1,1,0.0,0.0,0.0,0.0,0.0,0.0,0.0,0.0,193,0
20061,r0020,0,prefetch,3207.112143000755,67.555246,0.0,0.0,2631.4070715991966,-0.1795088683312759,0.2,1,1,1,0.0,0.0,0.0,0.0,0.0,0.0,0.0,0.0,146,0
20062,r0019,0,prefetch,2890.9881489059544,68.540851,0.0,0.0,3276.969738015628,0.13351199286504928,0.2,1,1,1,49.330585058327756,0.0,0.0,0.0,0.0,0.0,49.330585058327756,13.009675492247652,63,3
20062,r0011,0,prefetch,2763.7427840623204,67.856227,0.0,0.0,3298.189874690252,0.19337801394179244,0.2,1,1,1,3117.7219026312737,2583.274812003343,136.85125736978105,136.85125736978105,0.0,0.0,534.4470906279307,264.5718423766091,72,27
20062,r0011,1,prefetch,3645.87758163971,70.575586,70.404321,70.404321,4319.733934228575,0.18482692781083515,0.2,1,1,0,0.0,0.0,0.0,0.0,0.0,0.0,0.0,0.0,144,0
20062,r0011,2,prefetch,3569.267555397346,69.459417,69.40411,69.40411,4159.975684818523,0.16549841676282445,0.2,0,1,0,0.0,0.0,0.0,0.0,0.0,0.0,0.0,0.0,154,0
20062,r0003,0,prefetch,0.0,0.0,70.180658,70.180658,0.0,-0.042737656388566025,0.2,0,0,0,0.0,0.0,0.0,0.0,0.0,0.0,0.0,0.0,0,0
20062,r0004,0,prefetch,1298.46844268914,70.496135,69.517865,69.517865,1104.241573765809,-0.14958150890528008,0.2,1,1,0,0.0,0.0,0.0,0.0,0.0,0.0,0.0,0.0,57,0
20062,r0004,1,prefetch,6929.819818025615,70.483677,71.294359,71.294359,7250.005979778997,0.046204110663963405,0.2,1,1,0,0.0,0.0,0.0,0.0,0.0,0.0,0.0,0.0,276,0
20062,r0006,0,prefetch,1460.9442766567372,69.644386,72.012632,72.012632,1191.418552270724,-0.1844873406142519,0.2,0,1,0,0.0,0.0,0.0,0.0,0.0,0.0,0.0,0.0,65,0
20062,r0023,0,prefetch,4763.86825230706,69.661587,67.978015,67.978015,4268.067457165316,-0.104075253319954,0.2,0,1,0,27.282748580515552,0.0,3.26953125,0.0,3.26953125,3.26953125,0.0,0.0,97,3
20062,r0008,0,prefetch,1165.1233578355532,68.185378,0.0,0.0,1275.9475431859526,0.09511798437916236,0.2,1,1,1,694.3291078404168,583.504922490014,26.058552097395136,26.058552097395136,0.0,0.0,110.82418535040279,158.46603001686873,25,27
20062,r0010,0,prefetch,0.0,0.0,71.646488,71.646488,0.0,-0.009833061318026026,0.2,0,0,0,0.0,0.0,0.0,0.0,0.0,0.0,0.0,0.0,0,0
20062,r0010,1,prefetch,8429.847878595654,70.024402,68.835075,68.835075,7772.590398973453,-0.07796789326306267,0.2,1,1,0,0.0,0.0,0.0,0.0,0.0,0.0,0.0,0.0,351,0
20063,r0013,0,prefetch,5948.509960665955,62.100726,0.0,0.0,6460.270869545429,0.08603178144837142,0.2,1,1,1,0.0,0.0,0.0,0.0,0.0,0.0,0.0,0.0,265,0
20063,r0020,0,prefetch,2015.088661006661,63.648939,62.287088,62.287088,2152.715519707704,0.06829816541783829,0.2,1,1,0,0.0,0.0,0.0,0.0,0.0,0.0,0.0,0.0,88,0
20063,r0002,0,prefetch,493.73350084447156,61.945319,61.844853,61.844853,489.01561985364987,-0.009555521314134785,0.2,0,1,0,0.0,0.0,0.0,0.0,0.0,0.0,0.0,0.0,22,0
20063,r0004,0,prefetch,3663.2383023947914,61.42474,61.728078,61.728078,3595.0747525413435,-0.018607457180409653,0.2,1,1,0,0.0,0.0,0.0,0.0,0.0,0.0,0.0,0.0,162,0
20064,r0009,0,prefetch,1772.8644713001686,73.253859,0.0,0.0,1905.6761369103797,0.07491360324504143,0.2,1,1,1,0.0,0.0,0.0,0.0,0.0,0.0,0.0,0.0,82,0
20064,r0002,0,prefetch,0.0,0.0,72.892469,72.892469,0.0,0.04378915899891603,0.2,0,0,0,0.0,0.0,0.0,0.0,0.0,0.0,0.0,0.0,0,0
20064,r0016,0,prefetch,1383.0079244301633,71.374556,0.0,0.0,1471.6510353187214,0.06409443454568886,0.2,1,1,1,0.0,0.0,0.0,0.0,0.0,0.0,0.0,0.0,62,0
20064,r0016,1,prefetch,3791.073181225187,71.592195,72.895372,72.895372,3702.9813390257973,-0.02323665041225098,0.2,1,1,0,0.0,0.0,0.0,0.0,0.0,0.0,0.0,0.0,176,0
20064,r0020,0,prefetch,3617.6303707947663,74.480907,74.257845,74.257845,3918.4916836308844,0.0831652993807715,0.2,1,1,0,0.0,0.0,0.0,0.0,0.0,0.0,0.0,0.0,170,0
20064,r0004,0,prefetch,707.4878020876713,74.218007,0.0,0.0,802.7121440729139,0.13459503005458523,0.2,1,1,1,0.0,0.0,0.0,0.0,0.0,0.0,0.0,0.0,31,0
20064,r0004,1,prefetch,8663.140835626415,73.424555,72.826417,72.826417,7285.432442042731,-0.15903105117695626,0.2,1,1,0,0.0,0.0,0.0,0.0,0.0,0.0,0.0,0.0,378,0
20064,r0006,0,prefetch,0.0,0.0,74.059247,74.059247,0.0,-0.032210877112478636,0.2,1,0,0,0.0,0.0,0.0,0.0,0.0,0.0,0.0,0.0,0,0
20064,r0003,0,prefetch,1398.6460629852736,74.133485,72.818384,72.818384,1426.5733146697607,0.019967347296484167,0.2,1,1,0,0.0,0.0,0.0,0.0,0.0,0.0,0.0,0.0,78,0
20064,r0012,0,prefetch,0.0,0.0,71.377237,71.377237,0.0,-0.102890109075588,0.2,1,0,0,0.0,0.0,0.0,0.0,0.0,0.0,0.0,0.0,0,0
20065,r0007,0,prefetch,3567.581310561316,38.843619,0.0,0.0,3166.044542155621,-0.11255153939084793,0.2,1,1,1,269.3621689188181,269.3621689188181,39.375,39.375,0.0,0.0,0.0,89.27213768937214,112,16
20065,r0000,0,prefetch,2961.404169113717,40.765548,0.0,0.0,3111.4942462713684,0.050682064516229086,0.2,1,1,1,108.17594940175252,0.0,0.0,0.0,0.0,0.0,108.17594940175252,25.00848471041678,104,1
20066,r0006,0,prefetch,0.0,0.0,63.983726,63.983726,0.0,0.1435651338143018,0.2,1,0,0,0.0,0.0,0.0,0.0,0.0,0.0,0.0,0.0,0,0
20066,r0006,1,prefetch,3026.949771001626,62.299188,63.477303,63.477303,2742.110073168511,-0.09410123040755339,0.2,1,1,0,0.0,0.0,0.0,0.0,0.0,0.0,0.0,0.0,126,0
20066,r0006,2,prefetch,4503.829017185213,62.04377,63.880874,63.880874,3989.590260625497,-0.11417812590077037,0.2,1,1,0,0.0,0.0,0.0,0.0,0.0,0.0,0.0,0.0,189,0
20066,r0022,0,prefetch,624.7617304474479,65.368361,64.329755,64.329755,573.0408266664056,-0.08278500628391626,0.2,1,1,0,0.0,0.0,0.0,0.0,0.0,0.0,0.0,0.0,24,0
20066,r0022,1,prefetch,7503.6444158915,62.744242,63.808661,63.808661,7717.77792232563,0.02853726730182346,0.2,0,1,0,0.0,0.0,0.0,0.0,0.0,0.0,0.0,0.0,312,0
20066,r0020,0,prefetch,0.0,0.0,64.573889,64.573889,0.0,-0.03399021756130782,0.2,1,0,0,0.0,0.0,0.0,0.0,0.0,0.0,0.0,0.0,0,0
20066,r0020,1,prefetch,3830.8020914781264,62.938981,127.298329,127.298329,3526.640244609411,-0.07939899780919078,0.2,0,1,0,0.0,0.0,0.0,0.0,0.0,0.0,0.0,0.0,143,0
20066,r0002,0,prefetch,0.0,0.0,62.902797,62.902797,0.0,0.03810194156342947,0.2,1,0,0,0.0,0.0,0.0,0.0,0.0,0.0,0.0,0.0,0,0
20066,r0012,0,prefetch,0.0,0.0,64.026678,64.026678,0.0,-0.16361153180001412,0.2,0,0,0,0.0,0.0,0.0,0.0,0.0,0.0,0.0,0.0,0,0
20066,r0012,1,prefetch,8405.005559831297,63.147957,62.791051,62.791051,7817.197600875727,-0.06993546342964813,0.2,1,1,0,0.0,0.0,0.0,0.0,0.0,0.0,0.0,0.0,346,0
20067,r0023,0,prefetch,1994.3935748128551,56.925134,63.799515,63.799515,2226.917767369892,0.11658891980679187,0.2,0,1,0,0.0,0.0,0.0,0.0,0.0,0.0,0.0,0.0,134,0
20067,r0012,0,prefetch,6717.629018166004,36.083726,0.0,0.0,5642.856170465593,-0.159992885107823,0.2,1,1,1,136.5589753571792,136.5589753571792,18.24609375,18.24609375,0.0,0.0,0.0,39.964646642310115,277,3
20067,r0003,0,prefetch,4918.178067364701,0.0,36.275593,36.275593,5770.997595270572,0.17340151499696232,0.2,1,0,0,0.0,0.0,0.0,0.0,0.0,0.0,0.0,0.0,0,0
20067,r0014,0,prefetch,2813.1459240739023,35.95759,0.0,0.0,3187.7890116926205,0.13317584573649593,0.2,1,1,1,139.09759109212976,0.0,0.0,0.0,0.0,0.0,139.09759109212976,19.528789975958045,116,3
20067,r0013,0,prefetch,2303.126368727142,56.637367,0.0,0.0,2197.445250362934,-0.045885939998426745,0.2,1,1,1,0.0,0.0,0.0,0.0,0.0,0.0,0.0,0.0,153,0
20067,r0011,0,prefetch,0.0,0.0,56.397146,56.397146,0.0,0.07982744567748473,0.2,1,0,0,0.0,0.0,0.0,0.0,0.0,0.0,0.0,0.0,0,0
20067,r0000,0,prefetch,4556.182704019491,56.268185,55.291584,55.291584,4354.725459315755,-0.04421623490340054,0.2,1,1,0,0.0,0.0,0.0,0.0,0.0,0.0,0.0,0.0,303,0
20068,r0022,0,prefetch,2916.8461957293093,61.179829,0.0,0.0,3115.0002952291206,0.06793436684798049,0.2,1,1,1,0.0,0.0,0.0,0.0,0.0,0.0,0.0,0.0,124,0
20068,r0011,0,prefetch,0.0,0.0,68.398839,68.398839,0.0,0.098906751732672,0.2,1,0,0,0.0,0.0,0.0,0.0,0.0,0.0,0.0,0.0,0,0
20068,r0011,1,prefetch,1237.6786134276008,67.484564,68.779235,68.779235,1039.821664585509,-0.1598613296663105,0.2,1,1,0,0.0,0.0,0.0,0.0,0.0,0.0,0.0,0.0,62,0
20068,r0020,0,prefetch,5598.416312112233,61.069067,60.965329,60.965329,4661.701079479199,-0.1673178949922751,0.2,1,1,0,0.0,0.0,0.0,0.0,0.0,0.0,0.0,0.0,239,0
20069,r0023,0,prefetch,3515.625970220488,47.528011,0.0,0.0,3857.9839104354105,0.09738178723075341,0.2,1,1,1,445.2014066198378,102.84346640491458,4.671070602199272,4.671070602199272,0.0,0.0,342.35794021492325,159.69129067535454,59,17
20069,r0021,0,prefetch,1304.8970148702792,69.947008,0.0,0.0,1424.0019520499054,0.09127535416384297,0.2,1,1,1,0.0,0.0,0.0,0.0,0.0,0.0,0.0,0.0,70,0
20069,r0009,0,prefetch,3263.580344218717,71.242853,70.01105,70.01105,3113.382236540647,-0.04602249426588778,0.2,1,1,0,0.0,0.0,0.0,0.0,0.0,0.0,0.0,0.0,169,0
20069,r0006,0,prefetch,756.6111097407193,48.473638,48.353719,48.353719,832.0869248006671,0.09975509755046091,0.2,1,1,0,0.0,0.0,0.0,0.0,0.0,0.0,0.0,0.0,12,0
20069,r0014,0,prefetch,1899.139233089394,70.39523,0.0,0.0,2243.521746301791,0.18133610596426808,0.2,1,1,1,0.0,0.0,0.0,0.0,0.0,0.0,0.0,0.0,91,0
20069,r0011,0,prefetch,1486.106788139492,71.519996,72.175243,72.175243,1285.3778275056134,-0.13507034772728416,0.2,0,1,0,0.0,0.0,0.0,0.0,0.0,0.0,0.0,0.0,81,0
20069,r0011,1,prefetch,8630.019882694556,70.222063,70.176719,70.176719,8206.696310770018,-0.0490524445689183,0.2,1,1,0,0.0,0.0,0.0,0.0,0.0,0.0,0.0,0.0,393,0
20070,r0002,0,prefetch,4763.248525568528,55.065294,54.444735,54.444735,4867.353801011162,0.021855940307084654,0.2,0,1,0,0.0,0.0,0.0,0.0,0.0,0.0,0.0,0.0,152,0
20070,r0020,0,prefetch,0.0,0.0,54.640548,54.640548,0.0,-0.012228393695124795,0.2,1,0,0,0.0,0.0,0.0,0.0,0.0,0.0,0.0,0.0,0,0
20070,r0007,0,prefetch,4066.2781767983834,55.28033,0.0,0.0,3390.7018615237916,-0.16614119494562274,0.2,1,1,1,1109.993493081632,1109.993493081632,132.275390625,132.275390625,0.0,0.0,0.0,153.47797063850032,123,21
20070,r0007,1,prefetch,6145.960023491149,53.261363,54.644604,54.644604,6074.6313069212165,-0.011605789217192936,0.2,1,1,0,0.0,0.0,0.0,0.0,0.0,0.0,0.0,0.0,241,0
20070,r0012,0,prefetch,0.0,0.0,54.71931,54.71931,0.0,0.08522669842831582,0.2,1,0,0,0.0,0.0,0.0,0.0,0.0,0.0,0.0,0.0,0,0
20070,r0012,1,prefetch,6982.216672720984,67.79966,67.288608,67.288608,6837.403586525229,-0.020740273896329986,0.2,1,1,0,0.0,0.0,0.0,0.0,0.0,0.0,0.0,0.0,283,0
20070,r0009,0,prefetch,3330.4081590647766,54.551627,0.0,0.0,2714.743913795306,-0.18486149921106285,0.2,1,1,1,1128.0788706068174,1128.0788706068174,134.490234375,134.490234375,0.0,0.0,0.0,137.4020795050023,107,21
20070,r0023,0,prefetch,27.484117366722785,54.862531,54.859859,54.859859,31.454316453939413,0.14445430552642252,0.2,1,0,0,0.0,0.0,0.0,0.0,0.0,0.0,0.0,0.0,0,0
20070,r0023,1,prefetch,3589.1234080568684,69.100954,68.943238,68.943238,3477.139168668693,-0.031200999981441935,0.2,1,1,0,0.0,0.0,0.0,0.0,0.0,0.0,0.0,0.0,188,0
20070,r0018,0,prefetch,1915.0623551345489,58.963363,0.0,0.0,1850.4581226593764,-0.0337347931789059,0.2,1,1,1,1259.7324074895616,1259.7324074895616,164.794921875,164.794921875,0.0,0.0,0.0,97.97974434920064,58,25
20070,r0005,0,prefetch,6658.459597194043,55.749812,54.444942,54.444942,7894.2148015684315,0.18559175532057753,0.2,0,1,0,432.87722675403086,0.0,0.0,0.0,0.0,0.0,0.0,0.0,229,4
20070,r0005,1,prefetch,3088.76481967578,54.305541,54.496056,54.496056,3117.7575329428637,0.009386507215569356,0.2,1,1,0,0.0,0.0,0.0,0.0,0.0,0.0,0.0,0.0,107,0
20071,r0008,0,prefetch,3972.044285127028,66.258401,0.0,0.0,4253.977306093252,0.070979324682229,0.2,1,1,1,0.0,0.0,0.0,0.0,0.0,0.0,0.0,0.0,205,0
20071,r0012,0,prefetch,4834.72083358961,66.382474,66.481927,66.481927,5110.128361330616,0.05696451506105388,0.2,0,1,0,0.0,0.0,0.0,0.0,0.0,0.0,0.0,0.0,250,0
20071,r0014,0,prefetch,0.0,0.0,67.838051,67.838051,0.0,-0.115289268730452,0.2,1,0,0,0.0,0.0,0.0,0.0,0.0,0.0,0.0,0.0,0,0
20071,r0001,0,prefetch,423.8974122850195,66.918286,65.707728,65.707728,392.65684959114395,-0.0736984038790737,0.2,0,1,0,0.0,0.0,0.0,0.0,0.0,0.0,0.0,0.0,19,0
20071,r0009,0,prefetch,1114.8568026159228,66.21893,0.0,0.0,898.6101290006153,-0.19396811600189534,0.2,1,1,1,0.0,0.0,0.0,0.0,0.0,0.0,0.0,0.0,54,0
20071,r0009,1,prefetch,4256.738262922889,65.293512,66.170723,66.170723,3670.274527097235,-0.13777303174448843,0.2,1,1,0,0.0,0.0,0.0,0.0,0.0,0.0,0.0,0.0,187,0
20071,r0006,0,prefetch,207.81200311613065,67.510096,66.04896,66.04896,205.88600619035518,-0.009267977291471385,0.2,1,1,0,0.0,0.0,0.0,0.0,0.0,0.0,0.0,0.0,9,0
20072,r0009,0,prefetch,6224.916006164269,66.870792,0.0,0.0,5931.013349965562,-0.04721391516089013,0.2,1,1,1,0.0,0.0,0.0,0.0,0.0,0.0,0.0,0.0,328,0
20072,r0015,0,prefetch,5019.851986944239,66.773595,0.0,0.0,4473.565393878914,-0.10882523916763312,0.2,1,1,1,0.0,0.0,0.0,0.0,0.0,0.0,0.0,0.0,265,0
20072,r0004,0,prefetch,3118.6610660759034,66.586382,67.037202,67.037202,2635.338557369936,-0.15497756840698118,0.2,0,1,0,0.0,0.0,0.0,0.0,0.0,0.0,0.0,0.0,164,0
20072,r0005,0,prefetch,3385.1990016954514,67.18224,0.0,0.0,3590.90568434311,0.06076649631074316,0.2,1,1,1,0.0,0.0,0.0,0.0,0.0,0.0,0.0,0.0,156,0
20072,r0007,0,prefetch,1845.3426768439458,66.540229,66.151028,66.151028,1960.4059045119332,0.062353311995568206,0.2,1,1,0,0.0,0.0,0.0,0.0,0.0,0.0,0.0,0.0,85,0
20073,r0015,0,prefetch,8879.138320509199,68.666535,0.0,0.0,8068.793965204812,-0.09126385084379632,0.2,1,1,1,511.31257897059305,511.31257897059305,30.029296875,30.029296875,0.0,0.0,0.0,182.63189457389814,344,5
20073,r0014,0,prefetch,0.0,0.0,70.908513,70.908513,0.0,0.10083151386936284,0.2,1,0,0,0.0,0.0,0.0,0.0,0.0,0.0,0.0,0.0,0,0
20073,r0021,0,prefetch,0.0,0.0,70.244262,70.244262,0.0,0.06422031552106416,0.2,1,0,0,0.0,0.0,0.0,0.0,0.0,0.0,0.0,0.0,0,0
20073,r0017,0,prefetch,1018.7588309086459,68.745003,67.518138,67.518138,975.1764046227142,-0.04277992490829238,0.2,0,1,0,0.0,0.0,0.0,0.0,0.0,0.0,0.0,0.0,40,0
20074,r0019,0,prefetch,4129.967721026446,61.15832,60.995573,60.995573,4087.541262184485,-0.010272830614621975,0.2,1,1,0,0.0,0.0,0.0,0.0,0.0,0.0,0.0,0.0,143,0
20074,r0018,0,prefetch,604.6002084964257,50.756828,0.0,0.0,542.4210221694532,-0.10284347483373418,0.2,1,1,1,947.2558079826647,553.8433804964261,33.72427262178589,33.72427262178589,0.0,0.0,393.4124274862386,89.98822228364656,14,23
20074,r0003,0,prefetch,1817.1999796220007,50.131376,0.0,0.0,1512.6339880522967,-0.16760180221499743,0.2,1,1,1,0.0,0.0,0.0,0.0,0.0,0.0,0.0,0.0,44,0
20074,r0006,0,prefetch,7590.867089664116,50.195992,0.0,0.0,8305.916183945272,0.09419860548668846,0.2,1,1,1,0.0,0.0,0.0,0.0,0.0,0.0,0.0,0.0,189,0
20074,r0014,0,prefetch,1022.803144533551,65.129066,65.087177,65.087177,1014.6456209735272,-0.007975653578718628,0.2,1,1,0,0.0,0.0,0.0,0.0,0.0,0.0,0.0,0.0,44,0
20074,r0023,0,prefetch,3698.534336221448,64.696355,0.0,0.0,3717.5588015797357,0.005143784977733601,0.2,1,1,1,0.0,0.0,0.0,0.0,0.0,0.0,0.0,0.0,177,0
20074,r0017,0,prefetch,0.0,0.0,50.159927,50.159927,0.0,0.10874165151272874,0.2,1,0,0,0.0,0.0,0.0,0.0,0.0,0.0,0.0,0.0,0,0
20075,r0020,0,prefetch,4979.154737243518,50.532012,50.487809,50.487809,5675.217939306815,0.13979545501103302,0.2,0,1,0,657.2241229644453,0.0,0.0,0.0,0.0,0.0,0.0,0.0,168,6
20075,r0007,0,prefetch,5955.915575664021,50.706612,0.0,0.0,5123.917059543835,-0.13969279878978594,0.2,1,1,1,607.3876984965002,607.3876984965002,36.6328125,36.6328125,0.0,0.0,0.0,147.35916494623498,202,6
20075,r0023,0,prefetch,0.0,0.0,44.333805,44.333805,0.0,0.03694615851944155,0.2,1,0,0,0.0,0.0,0.0,0.0,0.0,0.0,0.0,0.0,0,0
20075,r0002,0,prefetch,2701.1093888396426,51.05897,0.0,0.0,2910.387498458825,0.07747857620423326,0.2,1,1,1,88.7602922201893,0.0,0.0,0.0,0.0,0.0,88.7602922201893,88.7602922201893,95,6
20075,r0021,0,prefetch,1355.4371221598485,45.563634,0.0,0.0,1434.836594944183,0.05857849950118965,0.2,1,1,1,379.64463328761053,300.24516050327657,16.390232134403917,16.390232134403917,0.0,0.0,79.39947278433397,69.25185510524675,45,9
20075,r0003,0,prefetch,4366.907411789565,44.069545,0.0,0.0,5109.450348530827,0.17003862613083576,0.2,1,1,1,954.6083481188786,212.06541137761087,12.347499731656045,12.347499731656045,0.0,0.0,742.5429367412677,159.57531429773042,140,9
20075,r0004,0,prefetch,513.7338166681002,53.76644,0.0,0.0,431.498670516047,-0.16007345337981038,0.2,1,1,1,85.28476204255618,85.28476204255618,11.625,11.625,0.0,0.0,0.0,4.539057949925378,16,2
20076,r0020,0,prefetch,5969.420025737901,70.433308,74.149829,74.149829,4877.746672375258,-0.18287762440165986,0.2,0,1,0,0.0,0.0,0.0,0.0,0.0,0.0,0.0,0.0,302,0
20076,r0016,0,prefetch,0.0,0.0,72.140702,72.140702,0.0,0.002220386250775336,0.2,0,0,0,0.0,0.0,0.0,0.0,0.0,0.0,0.0,0.0,0,0
20076,r0004,0,prefetch,386.6110924882414,70.991712,69.158211,69.158211,428.21171525011204,0.10760328291184751,0.2,1,1,0,0.0,0.0,0.0,0.0,0.0,0.0,0.0,0.0,18,0
20076,r0011,0,prefetch,2335.3563945100577,68.827683,67.847499,67.847499,1943.15243488287,-0.16794180132384878,0.2,1,1,0,0.0,0.0,0.0,0.0,0.0,0.0,0.0,0.0,112,0
20076,r0011,1,prefetch,3256.2872824190963,67.675873,67.699028,67.699028,3250.6706121976995,-0.0017248693786084401,0.2,1,1,0,0.0,0.0,0.0,0.0,0.0,0.0,0.0,0.0,169,0
20076,r0015,0,prefetch,6479.777524196885,68.227898,0.0,0.0,7215.928881704121,0.11360750500434441,0.2,1,1,1,0.0,0.0,0.0,0.0,0.0,0.0,0.0,0.0,329,0
20076,r0000,0,prefetch,436.2503452928868,68.44348,68.414371,68.414371,361.5603771565227,-0.17120896050229883,0.2,1,1,0,0.0,0.0,0.0,0.0,0.0,0.0,0.0,0.0,22,0
20076,r0005,0,prefetch,7824.5768509139525,68.788411,0.0,0.0,8711.044748693988,0.11329275878688455,0.2,1,1,1,0.0,0.0,0.0,0.0,0.0,0.0,0.0,0.0,397,0
20077,r0017,0,prefetch,3138.342474647557,62.096838,0.0,0.0,3765.7258515867015,0.19990915013492944,0.2,1,1,1,2447.7545682507152,1820.3711913115712,105.63597004157863,105.63597004157863,0.0,0.0,627.383376939144,170.2493500972295,59,23
20077,r0011,0,prefetch,1508.4183129397843,64.210129,0.0,0.0,1628.887695876074,0.07986470457356398,0.2,1,1,1,0.0,0.0,0.0,0.0,0.0,0.0,0.0,0.0,73,0
20077,r0011,1,prefetch,3157.618897290031,115.345688,63.214369,63.214369,3240.8787661948354,0.02636792837041252,0.2,1,1,0,0.0,0.0,0.0,0.0,0.0,0.0,0.0,0.0,149,0
20077,r0011,2,prefetch,3505.277729356254,64.072513,63.626432,63.626432,3083.040704867152,-0.12045750924467998,0.2,1,1,0,0.0,0.0,0.0,0.0,0.0,0.0,0.0,0.0,188,0
20077,r0003,0,prefetch,168.0984739780215,61.649289,0.0,0.0,162.21691120700103,-0.034988793365188176,0.2,1,1,1,1030.8945380627679,106.44918497802064,6.053359805842811,6.053359805842811,0.0,0.0,924.4453530847472,26.29635774950799,3,23
20077,r0004,0,prefetch,3784.1713382922862,62.024919,0.0,0.0,3551.973285278691,-0.06136034345590202,0.2,1,1,1,224.8070508303337,224.8070508303337,11.3671875,11.3671875,0.0,0.0,0.0,38.96883320098617,70,2
20077,r0022,0,prefetch,3124.848085465339,63.403716,61.207719,61.207719,3692.569182329785,0.18167958292279768,0.2,0,1,0,177.88657019445907,0.0,0.0,0.0,0.0,0.0,0.0,0.0,58,2
20077,r0005,0,prefetch,2734.4958834169593,61.768131,0.0,0.0,2949.2620917982895,0.07853959835293789,0.2,1,1,1,110.15616927656484,0.0,0.0,0.0,0.0,0.0,110.15616927656484,33.20161583981633,52,2
20077,r0007,0,prefetch,2248.413952838084,62.453886,61.772122,61.772122,2527.28737232483,0.12403117278948372,0.2,0,1,0,2477.5109178346306,0.0,126.87328833552796,0.0,126.87328833552796,126.87328833552796,0.0,0.0,42,23
20077,r0007,1,prefetch,6883.444163685905,0.0,63.281719,63.281719,7069.781156427885,0.02707031368468349,0.2,1,0,0,0.0,0.0,0.0,0.0,0.0,0.0,0.0,0.0,0,0
20077,r0020,0,prefetch,0.0,0.0,64.030127,64.030127,0.0,-0.08899412420877831,0.2,1,0,0,0.0,0.0,0.0,0.0,0.0,0.0,0.0,0.0,0,0
20077,r0020,1,prefetch,3467.7026879634286,64.995793,63.753098,63.753098,3163.2836394934043,-0.08778695172647821,0.2,1,1,0,0.0,0.0,0.0,0.0,0.0,0.0,0.0,0.0,170,0
20078,r0013,0,prefetch,3916.370250264838,62.912112,62.28619,62.28619,3374.4662566497777,-0.13836893832456598,0.2,1,1,0,0.0,0.0,0.0,0.0,0.0,0.0,0.0,0.0,167,0
20078,r0021,0,prefetch,362.35642371576614,63.376965,0.0,0.0,299.62483957819046,-0.17312121445039588,0.2,1,1,1,0.0,0.0,0.0,0.0,0.0,0.0,0.0,0.0,15,0
20078,r0011,0,prefetch,4382.1259093480185,63.155839,63.217583,63.217583,3579.9804422023226,-0.18304938829679607,0.2,1,1,0,0.0,0.0,0.0,0.0,0.0,0.0,0.0,0.0,181,0
20078,r0003,0,prefetch,7585.572118651427,63.984449,62.559822,62.559822,6745.423608716673,-0.11075611658466662,0.2,1,1,0,0.0,0.0,0.0,0.0,0.0,0.0,0.0,0.0,324,0
20078,r0020,0,prefetch,799.2876878290772,46.04946,0.0,0.0,706.8570113306024,-0.11564131151516062,0.2,1,1,1,1446.3410324261392,753.2382278290752,28.14395631933169,28.14395631933169,0.0,0.0,693.102804597064,95.1722632606164,10,23
20078,r0009,0,prefetch,0.0,0.0,45.180715,45.180715,0.0,0.18437402249313933,0.2,1,0,0,0.0,0.0,0.0,0.0,0.0,0.0,0.0,0.0,0,0
20078,r0005,0,prefetch,0.0,0.0,64.133999,64.133999,0.0,-0.04852587025171212,0.2,1,0,0,0.0,0.0,0.0,0.0,0.0,0.0,0.0,0.0,0,0
20079,r0010,0,prefetch,3146.047535612226,65.109946,0.0,0.0,3193.729585154651,0.015156175805571881,0.2,1,1,1,3226.528888538919,3080.9375896122256,170.1321903699947,170.1321903699947,0.0,0.0,145.59129892669353,480.46122660721363,137,28
20079,r0022,0,prefetch,4527.771992307666,64.403888,0.0,0.0,5373.169694778446,0.18671384157750126,0.2,1,1,1,0.0,0.0,0.0,0.0,0.0,0.0,0.0,0.0,199,0
20079,r0013,0,prefetch,0.0,0.0,64.575481,64.575481,0.0,-0.1968502420280466,0.2,1,0,0,0.0,0.0,0.0,0.0,0.0,0.0,0.0,0.0,0,0
20079,r0009,0,prefetch,459.8202539335398,64.291828,0.0,0.0,457.91050486473074,-0.00415325130303007,0.2,1,1,1,0.0,0.0,0.0,0.0,0.0,0.0,0.0,0.0,19,0
20079,r0020,0,prefetch,0.0,0.0,64.745825,64.745825,0.0,0.05065083162982942,0.2,1,0,0,0.0,0.0,0.0,0.0,0.0,0.0,0.0,0.0,0,0
20080,r0020,0,prefetch,7715.5994823783985,65.532642,0.0,0.0,7738.753374548625,0.00300091940012015,0.2,1,1,1,0.0,0.0,0.0,0.0,0.0,0.0,0.0,0.0,351,0
20080,r0016,0,prefetch,0.0,0.0,64.534202,64.534202,0.0,-0.12737225796961185,0.2,1,0,0,0.0,0.0,0.0,0.0,0.0,0.0,0.0,0.0,0,0
20080,r0014,0,prefetch,6003.698619933739,65.521016,66.070056,66.070056,5153.201257330534,-0.14166223463971805,0.2,0,1,0,0.0,0.0,0.0,0.0,0.0,0.0,0.0,0.0,265,0
20080,r0014,1,prefetch,3306.048530050779,65.660835,65.248221,65.248221,3470.5797114364336,0.04976671694021606,0.2,1,1,0,0.0,0.0,0.0,0.0,0.0,0.0,0.0,0.0,138,0
20080,r0018,0,prefetch,4786.502707312917,65.078065,0.0,0.0,4059.8320879513767,-0.15181661095716464,0.2,1,1,1,0.0,0.0,0.0,0.0,0.0,0.0,0.0,0.0,210,0
20080,r0018,1,prefetch,3585.633742237176,65.408551,64.773215,64.773215,2926.638325999373,-0.1837877105168688,0.2,1,1,0,0.0,0.0,0.0,0.0,0.0,0.0,0.0,0.0,150,0
20080,r0000,0,prefetch,6486.417132554438,65.697059,65.569457,65.569457,5417.566398836827,-0.1647829166510423,0.2,1,1,0,0.0,0.0,0.0,0.0,0.0,0.0,0.0,0.0,271,0
20080,r0001,0,prefetch,0.0,0.0,65.17888,65.17888,0.0,-0.04339605564677554,0.2,0,0,0,0.0,0.0,0.0,0.0,0.0,0.0,0.0,0.0,0,0
20080,r0021,0,prefetch,442.2089704441096,65.74837,0.0,0.0,371.9305432410337,-0.1589258289638389,0.2,1,1,1,761.125621723575,376.4606004441084,16.229401690748126,16.229401690748126,0.0,0.0,384.6650212794666,143.4328113206035,19,28
20080,r0011,0,prefetch,0.0,0.0,65.067987,65.067987,0.0,-0.061084632036199515,0.2,1,0,0,0.0,0.0,0.0,0.0,0.0,0.0,0.0,0.0,0,0
20080,r0013,0,prefetch,2370.1086386925017,64.932483,0.0,0.0,1941.1778721727715,-0.18097515004896778,0.2,1,1,1,0.0,0.0,0.0,0.0,0.0,0.0,0.0,0.0,98,0
20081,r0012,0,prefetch,2465.090231709557,74.47859,0.0,0.0,2081.2425791036976,-0.1557134289318321,0.2,1,1,1,2859.9235338148355,2390.6116417095564,153.5967252167,153.5967252167,0.0,0.0,469.3118921052792,246.93377139830878,82,28
20081,r0010,0,prefetch,4906.89233339249,74.775826,74.352074,74.352074,5142.337989106157,0.04798264150028447,0.2,0,1,0,0.0,0.0,0.0,0.0,0.0,0.0,0.0,0.0,156,0
20081,r0010,1,prefetch,1694.2218386885797,72.582103,72.053477,72.053477,1522.3146963833785,-0.10146672553711547,0.2,1,1,0,0.0,0.0,0.0,0.0,0.0,0.0,0.0,0.0,108,0
20081,r0005,0,prefetch,2674.5522416279964,74.817499,0.0,0.0,2632.012686906845,-0.015905299608302836,0.2,1,1,1,2932.9261379671275,2599.7347426279957,167.09261889313447,167.09261889313447,0.0,0.0,333.19139533913176,249.45110257597398,83,28
20081,r0004,0,prefetch,0.0,0.0,74.604093,74.604093,0.0,-0.11547306634534477,0.2,1,0,0,0.0,0.0,0.0,0.0,0.0,0.0,0.0,0.0,0,0
20081,r0006,0,prefetch,1804.630677631496,76.528455,0.0,0.0,2127.401523330188,0.1788570091927703,0.2,1,1,1,0.0,0.0,0.0,0.0,0.0,0.0,0.0,0.0,66,0
20081,r0016,0,prefetch,1043.3330715332777,77.678041,0.0,0.0,965.7196703683842,-0.0743898600384949,0.2,1,1,1,2925.649491570063,965.6550305332785,56.31737159885096,56.31737159885096,0.0,0.0,1959.9944610367847,144.54995519859327,34,28
20081,r0016,1,prefetch,6636.852289208975,47.390756,46.571312,46.571312,7065.148619288886,0.06453305142503912,0.2,1,1,0,0.0,0.0,0.0,0.0,0.0,0.0,0.0,0.0,424,0
20082,r0021,0,prefetch,0.0,0.0,63.035002,63.035002,0.0,-0.12779071716523788,0.2,0,0,0,0.0,0.0,0.0,0.0,0.0,0.0,0.0,0.0,0,0
20082,r0012,0,prefetch,1946.607110261939,61.681169,186.992281,186.992281,1771.1530871822947,-0.09013324884857471,0.2,0,1,0,0.0,0.0,0.0,0.0,0.0,0.0,0.0,0.0,71,0
20082,r0000,0,prefetch,4700.7907647979155,64.460856,0.0,0.0,5542.176201926692,0.17898806375929965,0.2,1,1,1,0.0,0.0,0.0,0.0,0.0,0.0,0.0,0.0,165,0
20082,r0000,1,prefetch,4837.525407857378,62.956156,62.474733,62.474733,4105.568586105096,-0.15130810901032105,0.2,1,1,0,0.0,0.0,0.0,0.0,0.0,0.0,0.0,0.0,183,0
20083,r0019,0,prefetch,4654.130262518491,70.192385,0.0,0.0,5391.068144349779,0.15834062225677975,0.2,1,1,1,0.0,0.0,0.0,0.0,0.0,0.0,0.0,0.0,169,0
20083,r0006,0,prefetch,7199.797793526464,70.657554,69.204506,69.204506,8202.598719538519,0.13928181801351425,0.2,1,1,0,0.0,0.0,0.0,0.0,0.0,0.0,0.0,0.0,262,0
20083,r0003,0,prefetch,918.2278002298553,69.746922,0.0,0.0,1071.0616013753718,0.16644431927159942,0.2,1,1,1,1290.6368333742444,848.4808782298496,43.57412693944467,43.57412693944467,0.0,0.0,442.15595514439474,169.77345366771652,38,28
20084,r0009,0,prefetch,3156.267760950872,50.20659,0.0,0.0,2770.5692242010264,-0.1222008289416003,0.2,1,1,1,770.3642343135075,770.3642343135075,52.541015625,52.541015625,0.0,0.0,0.0,117.63057987532726,59,21
20084,r0005,0,prefetch,149.9624445058762,49.403342,49.247334,49.247334,179.78015574961827,0.198834523816886,0.2,0,1,0,70.34295334486606,0.0,1.0970834777641927,0.0,1.0970834777641927,1.0970834777641927,0.0,0.0,2,1
20084,r0019,0,prefetch,0.0,0.0,51.139194,51.139194,0.0,0.06707910627063374,0.2,1,0,0,0.0,0.0,0.0,0.0,0.0,0.0,0.0,0.0,0,0
20084,r0007,0,prefetch,6921.621289433606,63.643564,62.579134,62.579134,7027.192685404206,0.015252408584064403,0.2,1,1,0,0.0,0.0,0.0,0.0,0.0,0.0,0.0,0.0,332,0
20084,r0018,0,prefetch,7115.718364923203,0.0,49.989422,49.989422,7574.980731289005,0.06454195385665151,0.2,1,0,0,0.0,0.0,0.0,0.0,0.0,0.0,0.0,0.0,0,0
20085,r0008,0,prefetch,3971.148310884585,48.512892,0.0,0.0,3379.1282559514057,-0.14908031848382547,0.2,1,1,1,0.0,0.0,0.0,0.0,0.0,0.0,0.0,0.0,292,0
20085,r0014,0,prefetch,4944.94919452566,48.437427,0.0,0.0,4337.957962359184,-0.12274974085445588,0.2,1,1,1,0.0,0.0,0.0,0.0,0.0,0.0,0.0,0.0,365,0
20085,r0020,0,prefetch,2644.7968215915316,48.497908,0.0,0.0,2377.482903703756,-0.10107162701704878,0.2,1,1,1,0.0,0.0,0.0,0.0,0.0,0.0,0.0,0.0,195,0
20085,r0007,0,prefetch,974.8889794728748,48.008764,0.0,0.0,796.107575517663,-0.18338642421814988,0.2,1,1,1,0.0,0.0,0.0,0.0,0.0,0.0,0.0,0.0,69,0
20086,r0001,0,prefetch,12.57347848506106,64.345786,64.663835,64.663835,14.488924786590717,0.15234020591878844,0.2,1,0,0,0.0,0.0,0.0,0.0,0.0,0.0,0.0,0.0,0,0
20086,r0021,0,prefetch,7924.717502227031,65.25091,0.0,0.0,8933.37339358084,0.12727972840298118,0.2,1,1,1,0.0,0.0,0.0,0.0,0.0,0.0,0.0,0.0,312,0
20086,r0012,0,prefetch,1279.1876738059436,64.238644,0.0,0.0,1447.548727622352,0.13161560048142656,0.2,1,1,1,0.0,0.0,0.0,0.0,0.0,0.0,0.0,0.0,53,0
20087,r0006,0,prefetch,430.24922231402525,69.272602,0.0,0.0,351.2415401394256,-0.18363236486441448,0.2,1,1,1,0.0,0.0,0.0,0.0,0.0,0.0,0.0,0.0,21,0
20087,r0023,0,prefetch,27.050002387080895,69.672226,68.561365,68.561365,26.792954238303622,-0.009502703367598897,0.2,0,0,0,0.0,0.0,0.0,0.0,0.0,0.0,0.0,0.0,0,0
20087,r0023,1,prefetch,6241.029921322595,69.41832,68.575671,68.575671,5652.703346593033,-0.09426754592531816,0.2,1,1,0,0.0,0.0,0.0,0.0,0.0,0.0,0.0,0.0,290,0
20087,r0021,0,prefetch,0.0,0.0,68.760456,68.760456,0.0,0.06603718187219221,0.2,1,0,0,0.0,0.0,0.0,0.0,0.0,0.0,0.0,0.0,0,0
20087,r0002,0,prefetch,3524.544886019721,68.889936,68.199111,68.199111,3395.8017050449016,-0.03652760431154839,0.2,1,1,0,0.0,0.0,0.0,0.0,0.0,0.0,0.0,0.0,151,0
20087,r0008,0,prefetch,619.5043938870876,68.42058,0.0,0.0,575.8579554622152,-0.07045379961070558,0.2,1,1,1,0.0,0.0,0.0,0.0,0.0,0.0,0.0,0.0,27,0
20087,r0011,0,prefetch,4240.814552970231,70.229682,69.602159,69.602159,3638.123389090957,-0.14211684013797626,0.2,1,1,0,0.0,0.0,0.0,0.0,0.0,0.0,0.0,0.0,188,0
20088,r0012,0,prefetch,3173.984128358299,69.557015,0.0,0.0,2883.9481623505867,-0.09137914818677109,0.2,1,1,1,0.0,0.0,0.0,0.0,0.0,0.0,0.0,0.0,134,0
20088,r0005,0,prefetch,4293.665704147399,60.970213,0.0,0.0,3452.749556813979,-0.19585040039823093,0.2,1,1,1,0.0,0.0,0.0,0.0,0.0,0.0,0.0,0.0,301,0
20088,r0016,0,prefetch,3608.312884127132,61.749791,0.0,0.0,3291.418849036353,-0.08782332499068657,0.2,1,1,1,0.0,0.0,0.0,0.0,0.0,0.0,0.0,0.0,252,0
20088,r0003,0,prefetch,4940.387435461729,61.599908,0.0,0.0,4394.955328853431,-0.1104026989246285,0.2,1,1,1,0.0,0.0,0.0,0.0,0.0,0.0,0.0,0.0,345,0
20088,r0022,0,prefetch,3166.4891687819763,62.35864,0.0,0.0,3295.03449863281,0.04059553751774861,0.2,1,1,1,0.0,0.0,0.0,0.0,0.0,0.0,0.0,0.0,239,0
20089,r0017,0,prefetch,0.0,0.0,74.313339,74.313339,0.0,-0.09628390378046654,0.2,1,0,0,0.0,0.0,0.0,0.0,0.0,0.0,0.0,0.0,0,0
20089,r0003,0,prefetch,3438.978597806017,72.896759,0.0,0.0,4075.138215374263,0.1849850470061371,0.2,1,1,1,0.0,0.0,0.0,0.0,0.0,0.0,0.0,0.0,170,0
20089,r0013,0,prefetch,5595.6844680396025,72.099357,71.60936,71.60936,6482.292998434476,0.1584450544806163,0.2,1,1,0,0.0,0.0,0.0,0.0,0.0,0.0,0.0,0.0,297,0
20089,r0010,0,prefetch,3346.6710892347764,70.947007,0.0,0.0,3913.130159060737,0.1692604545597824,0.2,1,1,1,0.0,0.0,0.0,0.0,0.0,0.0,0.0,0.0,170,0
20090,r0014,0,prefetch,4745.779419554852,58.52346,0.0,0.0,3931.866879078514,-0.17150239581777316,0.2,1,1,1,0.0,0.0,0.0,0.0,0.0,0.0,0.0,0.0,128,0
20090,r0014,1,prefetch,3727.2004297659314,58.325223,58.215054,58.215054,4333.195169581529,0.16258710826926315,0.2,0,1,0,0.0,0.0,0.0,0.0,0.0,0.0,0.0,0.0,96,0
20090,r0020,0,prefetch,3475.4425626267057,58.672173,0.0,0.0,4091.090864580194,0.17714241880268272,0.2,1,1,1,47.067225712582335,0.0,0.0,0.0,0.0,0.0,47.067225712582335,32.591297152348446,86,1
20090,r0010,0,prefetch,2052.8889009084232,58.189854,58.399599,58.399599,1739.7428864339417,-0.1525391921286688,0.2,1,1,0,0.0,0.0,0.0,0.0,0.0,0.0,0.0,0.0,54,0
20090,r0010,1,prefetch,8305.065822190558,59.911634,58.216608,58.216608,7858.613086274257,-0.05375667640386547,0.2,1,1,0,0.0,0.0,0.0,0.0,0.0,0.0,0.0,0.0,233,0
20090,r0010,2,prefetch,3127.0909862824046,58.340228,58.41132,58.41132,2604.7269504187,-0.16704471924710745,0.2,1,1,0,0.0,0.0,0.0,0.0,0.0,0.0,0.0,0.0,82,0
20090,r0003,0,prefetch,2773.385474501636,57.872369,58.077814,58.077814,2486.0837514208965,-0.10359242367214248,0.2,1,1,0,0.0,0.0,0.0,0.0,0.0,0.0,0.0,0.0,75,0
20090,r0003,1,prefetch,8539.795964161174,57.35529,0.0,0.0,8082.095841673874,-0.05359614262543544,0.2,1,1,1,0.0,0.0,0.0,0.0,0.0,0.0,0.0,0.0,255,0
20090,r0023,0,prefetch,2122.318722253891,60.165909,58.366595,58.366595,2409.4236243646383,0.13527888111256142,0.2,0,1,0,0.0,0.0,0.0,0.0,0.0,0.0,0.0,0.0,57,0
20090,r0017,0,prefetch,0.0,0.0,58.999349,58.999349,0.0,-0.06989868317260159,0.2,1,0,0,0.0,0.0,0.0,0.0,0.0,0.0,0.0,0.0,0,0
20090,r0017,1,prefetch,0.0,0.0,62.865409,62.865409,0.0,-0.18871032502364093,0.2,1,0,0,0.0,0.0,0.0,0.0,0.0,0.0,0.0,0.0,0,0
20090,r0017,2,prefetch,7084.699442338599,62.278894,61.923047,61.923047,6590.035194389183,-0.06982148670884633,0.2,1,1,0,0.0,0.0,0.0,0.0,0.0,0.0,0.0,0.0,282,0
20090,r0002,0,prefetch,4640.953156706775,63.945079,63.300143,63.300143,4774.368315332296,0.028747361613146033,0.2,1,1,0,0.0,0.0,0.0,0.0,0.0,0.0,0.0,0.0,169,0
20090,r0002,1,prefetch,4665.560947858394,63.5502,62.498842,62.498842,4272.185623791884,-0.08431468980103643,0.2,1,1,0,0.0,0.0,0.0,0.0,0.0,0.0,0.0,0.0,168,0
20090,r0005,0,prefetch,0.0,0.0,63.067228,63.067228,0.0,-0.15102092694538732,0.2,1,0,0,0.0,0.0,0.0,0.0,0.0,0.0,0.0,0.0,0,0
20090,r0005,1,prefetch,3553.7227981155156,62.678024,61.78498,61.78498,3668.7499964243557,0.03236808407505412,0.2,1,1,0,0.0,0.0,0.0,0.0,0.0,0.0,0.0,0.0,135,0
20090,r0018,0,prefetch,2820.675912055376,62.656079,61.911767,61.911767,2368.2409415306774,-0.16039948743881652,0.2,0,1,0,0.0,0.0,0.0,0.0,0.0,0.0,0.0,0.0,126,0
20090,r0012,0,prefetch,2678.1071657003195,59.966903,58.248706,58.248706,2498.039518917982,-0.06723690862282955,0.2,1,1,0,0.0,0.0,0.0,0.0,0.0,0.0,0.0,0.0,80,0
20090,r0012,1,prefetch,7445.333124797064,58.357457,0.0,0.0,7129.188076603544,-0.04246217635858135,0.2,1,1,1,0.0,0.0,0.0,0.0,0.0,0.0,0.0,0.0,227,0
20090,r0012,2,prefetch,4884.081736441891,58.506408,58.450933,58.450933,4904.286446491456,0.004136849287105615,0.2,0,1,0,0.0,0.0,0.0,0.0,0.0,0.0,0.0,0.0,126,0
20090,r0012,3,prefetch,5226.693395111986,58.425543,58.531535,58.531535,5283.010497680836,0.010774900747290317,0.2,1,1,0,0.0,0.0,0.0,0.0,0.0,0.0,0.0,0.0,142,0
20091,r0016,0,prefetch,5052.980555137401,61.039372,0.0,0.0,4863.717045669998,-0.03745581590947883,0.2,1,1,1,0.0,0.0,0.0,0.0,0.0,0.0,0.0,0.0,194,0
20091,r0009,0,prefetch,2576.5147728708,56.511748,0.0,0.0,3046.9271923799706,0.18257703175713935,0.2,1,1,1,244.31685871328045,0.0,0.0,0.0,0.0,0.0,244.31685871328045,54.19729792559738,61,5
20091,r0020,0,prefetch,3110.838413364181,61.000992,60.706472,60.706472,2712.034850262014,-0.1281980964967208,0.2,0,1,0,0.0,0.0,0.0,0.0,0.0,0.0,0.0,0.0,115,0
20091,r0020,1,prefetch,5277.894485842371,59.766348,58.831086,58.831086,5999.721267130396,0.1367641553320706,0.2,0,1,0,0.0,0.0,0.0,0.0,0.0,0.0,0.0,0.0,202,0
20091,r0010,0,prefetch,4058.4221473828075,59.756652,0.0,0.0,4519.213686076881,0.1135395781809509,0.2,1,1,1,302.2649852368021,0.0,0.0,0.0,0.0,0.0,302.2649852368021,60.05651455733998,151,3
20091,r0010,1,prefetch,2638.4383485534927,63.537638,63.301428,63.301428,2784.018733449199,0.05517672413134833,0.2,1,1,0,0.0,0.0,0.0,0.0,0.0,0.0,0.0,0.0,108,0
20091,r0004,0,prefetch,4242.1369453778025,60.982026,0.0,0.0,3486.6186353323533,-0.17809851963139844,0.2,1,1,1,2875.578626145412,2875.578626145412,179.6484375,179.6484375,0.0,0.0,0.0,448.85903526233125,153,28
20091,r0019,0,prefetch,101.34292883839953,59.582784,0.0,0.0,86.19209040390669,-0.14950069637963814,0.2,1,1,1,0.0,0.0,0.0,0.0,0.0,0.0,0.0,0.0,3,0
20092,r0003,0,prefetch,2169.023678514981,64.994312,64.507594,64.507594,1958.2934042148543,-0.09715443698816745,0.2,1,1,0,0.0,0.0,0.0,0.0,0.0,0.0,0.0,0.0,95,0
20092,r0008,0,prefetch,1610.7782056828764,64.573847,64.330645,64.330645,1383.8889285228815,-0.14085693260532228,0.2,0,1,0,0.0,0.0,0.0,0.0,0.0,0.0,0.0,0.0,73,0
20092,r0000,0,prefetch,9751.30844915572,64.102943,62.991875,62.991875,10245.04891040583,0.05063325232962568,0.2,1,1,0,0.0,0.0,0.0,0.0,0.0,0.0,0.0,0.0,170,0
20092,r0006,0,prefetch,0.0,0.0,63.724795,63.724795,0.0,0.002914961813431205,0.2,1,0,0,0.0,0.0,0.0,0.0,0.0,0.0,0.0,0.0,0,0
20092,r0006,1,prefetch,7005.4242776407555,62.703752,63.135495,63.135495,8260.587560790142,0.17917020203265877,0.2,1,1,0,0.0,0.0,0.0,0.0,0.0,0.0,0.0,0.0,301,0
20092,r0013,0,prefetch,3627.302548572792,61.952321,60.716687,60.716687,3920.1929783412656,0.08074607117724864,0.2,1,1,0,0.0,0.0,0.0,0.0,0.0,0.0,0.0,0.0,153,0
20092,r0013,1,prefetch,3000.2431903947945,60.741554,62.965166,62.965166,2527.6218130871157,-0.15752768936223732,0.2,0,1,0,0.0,0.0,0.0,0.0,0.0,0.0,0.0,0.0,134,0
20092,r0021,0,prefetch,3860.348702452895,62.524051,62.105052,62.105052,4116.469408132037,0.06634652085092746,0.2,0,1,0,0.0,0.0,0.0,0.0,0.0,0.0,0.0,0.0,163,0
20092,r0021,1,prefetch,3406.5562212701625,62.527776,115.712826,115.712826,3626.7429549595927,0.0646361660830983,0.2,1,1,0,0.0,0.0,0.0,0.0,0.0,0.0,0.0,0.0,147,0
20092,r0015,0,prefetch,1009.1569937444656,63.545981,62.217625,62.217625,1009.0253783366077,-0.00013042114227390655,0.2,0,1,0,0.0,0.0,0.0,0.0,0.0,0.0,0.0,0.0,47,0
20093,r0004,0,prefetch,3934.866719730951,61.15509,61.179209,61.179209,3439.7482871720827,-0.12582851410853435,0.2,1,1,0,0.0,0.0,0.0,0.0,0.0,0.0,0.0,0.0,160,0
20093,r0004,1,prefetch,6473.748190599463,60.517393,61.248641,61.248641,6925.60922036182,0.06979898143373969,0.2,1,1,0,0.0,0.0,0.0,0.0,0.0,0.0,0.0,0.0,233,0
20093,r0012,0,prefetch,584.4549307829584,63.380431,0.0,0.0,511.54172328856407,-0.12475420028832161,0.2,1,1,1,0.0,0.0,0.0,0.0,0.0,0.0,0.0,0.0,23,0
20093,r0000,0,prefetch,3813.7735468750325,61.498771,60.708805,60.708805,4245.838539676929,0.11329067850814745,0.2,1,1,0,0.0,0.0,0.0,0.0,0.0,0.0,0.0,0.0,128,0
20093,r0000,1,prefetch,3625.6777307579287,61.894345,61.44961,61.44961,3769.884867914802,0.03977384308966908,0.2,1,1,0,0.0,0.0,0.0,0.0,0.0,0.0,0.0,0.0,122,0
20093,r0007,0,prefetch,0.0,0.0,61.01429,61.01429,0.0,-0.07397872865331423,0.2,0,0,0,0.0,0.0,0.0,0.0,0.0,0.0,0.0,0.0,0,0
20093,r0013,0,prefetch,116.97744192126265,60.956439,62.688159,62.688159,138.99321035219327,0.18820524768997277,0.2,0,1,0,0.0,0.0,0.0,0.0,0.0,0.0,0.0,0.0,4,0
20094,r0019,0,prefetch,1995.5121246267129,59.677381,60.222829,60.222829,1997.345591844288,0.0009187953282509542,0.2,1,1,0,0.0,0.0,0.0,0.0,0.0,0.0,0.0,0.0,93,0
20094,r0019,1,prefetch,6828.069413146932,60.151606,59.558643,59.558643,7329.601641720413,0.07345154218962963,0.2,0,1,0,0.0,0.0,0.0,0.0,0.0,0.0,0.0,0.0,302,0
20094,r0021,0,prefetch,2978.1063753437775,70.52261,67.106727,67.106727,2626.4279933692355,-0.11808791817718266,0.2,1,1,0,0.0,0.0,0.0,0.0,0.0,0.0,0.0,0.0,155,0
20094,r0017,0,prefetch,2199.161820056761,61.048158,63.757189,63.757189,1779.4614274421058,-0.19084561617381232,0.2,1,1,0,0.0,0.0,0.0,0.0,0.0,0.0,0.0,0.0,102,0
20094,r0002,0,prefetch,1381.0970122811414,68.27947,0.0,0.0,1232.9051547918496,-0.10730010721297925,0.2,1,1,1,521.5726528989716,521.5726528989716,27.703125,27.703125,0.0,0.0,0.0,156.06122951854368,44,24
20094,r0006,0,prefetch,1484.7509170443955,66.445666,68.599596,68.599596,1362.3289544757886,-0.08245286206814062,0.2,0,1,0,105.94925514416411,0.0,4.6875,0.0,4.6875,4.6875,0.0,0.0,46,2
20094,r0020,0,prefetch,2477.562404356926,67.312647,0.0,0.0,2396.5992847433436,-0.03267853898299569,0.2,1,1,1,18.387670668032584,18.387670668032584,2.35546875,2.35546875,0.0,0.0,0.0,6.806686276182783,84,1
20095,r0022,0,prefetch,2632.715012975064,64.64752,0.0,0.0,2796.2988561283405,0.06213503639667439,0.2,1,1,1,0.0,0.0,0.0,0.0,0.0,0.0,0.0,0.0,130,0
20095,r0022,1,prefetch,5381.792250562073,63.37116,63.64357,63.64357,5571.633990975786,0.03527481767693397,0.2,0,1,0,0.0,0.0,0.0,0.0,0.0,0.0,0.0,0.0,260,0
20095,r0005,0,prefetch,8663.96085049283,0.0,63.728814,63.728814,10298.470461243154,0.18865616303625737,0.2,1,0,0,0.0,0.0,0.0,0.0,0.0,0.0,0.0,0.0,0,0
20095,r0001,0,prefetch,2306.3941338687873,64.127563,63.705093,63.705093,2089.2004865302965,-0.09417022188404811,0.2,1,1,0,0.0,0.0,0.0,0.0,0.0,0.0,0.0,0.0,109,0
20095,r0001,1,prefetch,3331.4582698539816,64.695291,63.950659,63.950659,3190.0220802397835,-0.042454738483156035,0.2,1,1,0,0.0,0.0,0.0,0.0,0.0,0.0,0.0,0.0,154,0
20095,r0011,0,prefetch,1240.014594448694,63.802678,0.0,0.0,1480.5776351929119,0.19400016888605348,0.2,1,1,1,0.0,0.0,0.0,0.0,0.0,0.0,0.0,0.0,58,0
20095,r0010,0,prefetch,0.0,0.0,64.182475,64.182475,0.0,0.015106685399538439,0.2,1,0,0,0.0,0.0,0.0,0.0,0.0,0.0,0.0,0.0,0,0
20095,r0010,1,prefetch,2610.7918239745486,63.376396,62.379345,62.379345,2610.0255398916493,-0.00029350638984787514,0.2,1,1,0,0.0,0.0,0.0,0.0,0.0,0.0,0.0,0.0,115,0
20096,r0000,0,prefetch,4883.791092937004,63.003728,0.0,0.0,4833.08661042638,-0.010382197261458087,0.2,1,1,1,0.0,0.0,0.0,0.0,0.0,0.0,0.0,0.0,228,0
20096,r0004,0,prefetch,2366.2447154184774,64.391409,0.0,0.0,2500.5107882288526,0.05674225997653415,0.2,1,1,1,0.0,0.0,0.0,0.0,0.0,0.0,0.0,0.0,110,0
20096,r0004,1,prefetch,9449.149841896266,63.657263,62.885184,62.885184,8161.541007662127,-0.13626716220808072,0.2,0,1,0,0.0,0.0,0.0,0.0,0.0,0.0,0.0,0.0,432,0
20096,r0018,0,prefetch,1092.6943169342048,63.429365,62.105695,62.105695,1022.3886299788588,-0.06434158745567939,0.2,1,1,0,0.0,0.0,0.0,0.0,0.0,0.0,0.0,0.0,53,0
20096,r0003,0,prefetch,55.43200378623442,63.197325,63.165063,63.165063,49.56374385863182,-0.10586411326988482,0.2,1,0,0,0.0,0.0,0.0,0.0,0.0,0.0,0.0,0.0,0,0
20096,r0003,1,prefetch,4624.2142778991765,63.412414,0.0,0.0,4169.6621224546925,-0.09829824660525706,0.2,1,1,1,0.0,0.0,0.0,0.0,0.0,0.0,0.0,0.0,197,0
20096,r0007,0,prefetch,1337.7258034302358,64.372786,0.0,0.0,1569.446924172142,0.17322019217071244,0.2,1,1,1,0.0,0.0,0.0,0.0,0.0,0.0,0.0,0.0,57,0
20096,r0007,1,prefetch,7591.405811786928,0.0,64.192392,64.192392,8229.1806085911,0.08401273922333585,0.2,1,0,0,0.0,0.0,0.0,0.0,0.0,0.0,0.0,0.0,0,0
20096,r0021,0,prefetch,4819.181329860985,65.391586,0.0,0.0,5613.976760382832,0.1649233295284147,0.2,1,1,1,0.0,0.0,0.0,0.0,0.0,0.0,0.0,0.0,206,0
20096,r0019,0,prefetch,358.7306559103963,64.259963,0.0,0.0,328.66668916520024,-0.08380651681105689,0.2,1,1,1,0.0,0.0,0.0,0.0,0.0,0.0,0.0,0.0,16,0
20096,r0006,0,prefetch,0.0,0.0,67.264157,67.264157,0.0,0.101434312144488,0.2,1,0,0,0.0,0.0,0.0,0.0,0.0,0.0,0.0,0.0,0,0
20096,r0006,1,prefetch,3059.326187030172,64.303566,66.021777,66.021777,2872.4961886870055,-0.06106900242779645,0.2,1,1,0,0.0,0.0,0.0,0.0,0.0,0.0,0.0,0.0,140,0
20096,r0022,0,prefetch,308.3811758273805,66.111518,99.661568,99.661568,340.09352945670247,0.10283492027111701,0.2,1,1,0,0.0,0.0,0.0,0.0,0.0,0.0,0.0,0.0,14,0
20097,r0011,0,prefetch,2483.1706500898604,67.34774,0.0,0.0,2949.875991410365,0.18794734921001732,0.2,1,1,1,2161.6065725164194,1694.901231195915,98.69468129924043,98.69468129924043,0.0,0.0,466.70534132050443,117.08271930213475,40,23
20097,r0011,1,prefetch,8366.7057896218,67.706053,67.955093,67.955093,9140.793357212224,0.09251999377707482,0.2,1,1,0,0.0,0.0,0.0,0.0,0.0,0.0,0.0,0.0,341,0
20097,r0005,0,prefetch,0.0,0.0,68.540274,68.540274,0.0,-0.18816376421488426,0.2,1,0,0,0.0,0.0,0.0,0.0,0.0,0.0,0.0,0.0,0,0
20097,r0017,0,prefetch,0.0,0.0,71.270522,71.270522,0.0,-0.08695097460914424,0.2,1,0,0,0.0,0.0,0.0,0.0,0.0,0.0,0.0,0.0,0,0
20097,r0017,1,prefetch,5524.006151851001,66.893468,68.272194,68.272194,5276.201620849542,-0.04485956825345369,0.2,1,1,0,0.0,0.0,0.0,0.0,0.0,0.0,0.0,0.0,224,0
20097,r0017,2,prefetch,5380.967289832308,67.787026,69.666894,69.666894,4549.294996279136,-0.1545581395978137,0.2,0,1,0,0.0,0.0,0.0,0.0,0.0,0.0,0.0,0.0,199,0
20097,r0021,0,prefetch,0.0,0.0,66.400846,66.400846,0.0,-0.12755600856712995,0.2,1,0,0,0.0,0.0,0.0,0.0,0.0,0.0,0.0,0.0,0,0
20097,r0021,1,prefetch,3150.598921151026,65.950144,66.306863,66.306863,2732.9824558998225,-0.13255145313724442,0.2,1,1,0,0.0,0.0,0.0,0.0,0.0,0.0,0.0,0.0,123,0
20097,r0016,0,prefetch,3311.183638613278,152.272224,0.0,0.0,2925.4610464902653,-0.11649084865753721,0.2,1,1,1,951.8156123929781,951.8156123929781,54.580078125,54.580078125,0.0,0.0,0.0,151.38681079901875,55,23
20097,r0008,0,prefetch,2403.594508996146,67.086834,0.0,0.0,2770.078727985273,0.1524733966638107,0.2,1,1,1,0.0,0.0,0.0,0.0,0.0,0.0,0.0,0.0,97,0
20097,r0008,1,prefetch,3712.1404055986786,67.229865,67.380018,67.380018,3108.8993606305826,-0.16250491065970546,0.2,1,1,0,0.0,0.0,0.0,0.0,0.0,0.0,0.0,0.0,143,0
20097,r0000,0,prefetch,2907.336505479281,66.645125,66.206685,66.206685,2359.003362093439,-0.18860326018416923,0.2,0,1,0,0.0,0.0,0.0,0.0,0.0,0.0,0.0,0.0,112,0
20097,r0003,0,prefetch,493.09745266455866,67.506201,66.554475,66.554475,508.92233304106287,0.032092804963787636,0.2,1,1,0,0.0,0.0,0.0,0.0,0.0,0.0,0.0,0.0,18,0
20097,r0009,0,prefetch,730.841641711726,67.35647,66.984173,66.984173,640.9498797953797,-0.12299759179814661,0.2,0,1,0,0.0,0.0,0.0,0.0,0.0,0.0,0.0,0.0,28,0
20097,r0009,1,prefetch,4865.345685099506,66.320771,65.93267,65.93267,4593.486389531018,-0.05587666594813162,0.2,1,1,0,0.0,0.0,0.0,0.0,0.0,0.0,0.0,0.0,197,0
20097,r0009,2,prefetch,7199.208721569827,66.445139,66.409604,66.409604,8052.2463424735,0.11849046942448743,0.2,1,1,0,0.0,0.0,0.0,0.0,0.0,0.0,0.0,0.0,267,0
20097,r0002,0,prefetch,0.0,0.0,67.193159,67.193159,0.0,0.0034650322882878726,0.2,1,0,0,0.0,0.0,0.0,0.0,0.0,0.0,0.0,0.0,0,0
20097,r0002,1,prefetch,5476.281181413775,65.148179,65.77919,65.77919,4740.942332515779,-0.13427704395342221,0.2,1,1,0,0.0,0.0,0.0,0.0,0.0,0.0,0.0,0.0,222,0
20098,r0008,0,prefetch,6752.254842033879,71.774919,0.0,0.0,6732.942454486798,-0.002860139020058605,0.2,1,1,1,0.0,0.0,0.0,0.0,0.0,0.0,0.0,0.0,374,0
20098,r0022,0,prefetch,158.38809787382525,77.678303,0.0,0.0,151.5791226668771,-0.04298918478314112,0.2,1,1,1,0.0,0.0,0.0,0.0,0.0,0.0,0.0,0.0,8,0
20098,r0022,1,prefetch,4117.467380405378,70.939771,70.353018,70.353018,4792.985284607936,0.1640615071821288,0.2,1,1,0,0.0,0.0,0.0,0.0,0.0,0.0,0.0,0.0,191,0
20098,r0022,2,prefetch,3991.8818385071863,0.0,70.092821,70.092821,4712.976092453512,0.1806401800249649,0.2,0,0,0,0.0,0.0,0.0,0.0,0.0,0.0,0.0,0.0,0,0
20098,r0002,0,prefetch,3631.1204847418667,70.848374,70.410522,70.410522,3039.6142269360644,-0.16289909968323513,0.2,0,1,0,0.0,0.0,0.0,0.0,0.0,0.0,0.0,0.0,168,0
20098,r0019,0,prefetch,4162.814791247751,70.262986,70.641969,70.641969,3341.057224607963,-0.19740430642447016,0.2,1,1,0,0.0,0.0,0.0,0.0,0.0,0.0,0.0,0.0,228,0
20098,r0007,0,prefetch,4261.430932547315,69.986098,70.37467,70.37467,4627.652331813555,0.08593859787076885,0.2,1,1,0,0.0,0.0,0.0,0.0,0.0,0.0,0.0,0.0,226,0
20099,r0013,0,prefetch,2489.7379726441777,54.354356,52.837237,52.837237,2305.700821834457,-0.07391828089213243,0.2,0,1,0,0.0,0.0,0.0,0.0,0.0,0.0,0.0,0.0,80,0
20099,r0005,0,prefetch,5473.462626290984,53.338275,52.413078,52.413078,6180.905732684156,0.1292496459179372,0.2,1,1,0,0.0,0.0,0.0,0.0,0.0,0.0,0.0,0.0,180,0
20099,r0009,0,prefetch,7587.444670819641,63.619907,63.538236,63.538236,6974.961862544974,-0.08072319929135024,0.2,1,1,0,0.0,0.0,0.0,0.0,0.0,0.0,0.0,0.0,326,0
20099,r0015,0,prefetch,0.0,0.0,65.023605,65.023605,0.0,-0.17244187104392547,0.2,1,0,0,0.0,0.0,0.0,0.0,0.0,0.0,0.0,0.0,0,0
20099,r0007,0,prefetch,3212.450209640978,64.83183,63.890512,63.890512,2720.5253965232387,-0.15313071986031393,0.2,1,1,0,0.0,0.0,0.0,0.0,0.0,0.0,0.0,0.0,134,0
20100,r0022,0,prefetch,3948.816147205752,66.814191,64.887326,64.887326,3419.7681031078187,-0.13397636769498536,0.2,1,1,0,0.0,0.0,0.0,0.0,0.0,0.0,0.0,0.0,167,0
20100,r0008,0,prefetch,510.84399003006183,64.929052,64.862966,64.862966,429.82654304600885,-0.15859528264056766,0.2,0,1,0,0.0,0.0,0.0,0.0,0.0,0.0,0.0,0.0,21,0
20100,r0008,1,prefetch,3051.8972538909948,64.98307,63.958389,63.958389,3222.287473061242,0.05583091598283951,0.2,0,1,0,0.0,0.0,0.0,0.0,0.0,0.0,0.0,0.0,135,0
20100,r0008,2,prefetch,7389.048559876352,63.646939,63.344494,63.344494,6921.404516166727,-0.0632888036829263,0.2,1,1,0,0.0,0.0,0.0,0.0,0.0,0.0,0.0,0.0,313,0
20100,r0001,0,prefetch,2519.1429772469346,63.613035,63.875883,63.875883,2728.0326276988408,0.08292091887543163,0.2,1,1,0,0.0,0.0,0.0,0.0,0.0,0.0,0.0,0.0,111,0
20100,r0010,0,prefetch,0.0,0.0,64.6303,64.6303,0.0,-0.18020146482107463,0.2,1,0,0,0.0,0.0,0.0,0.0,0.0,0.0,0.0,0.0,0,0
20100,r0020,0,prefetch,4494.186055345686,64.210394,63.456005,63.456005,3861.714665646455,-0.14073102045851607,0.2,0,1,0,0.0,0.0,0.0,0.0,0.0,0.0,0.0,0.0,171,0
20100,r0020,1,prefetch,5696.206333193528,63.185852,63.493414,63.493414,5612.171592671119,-0.014752755712642174,0.2,1,1,0,0.0,0.0,0.0,0.0,0.0,0.0,0.0,0.0,224,0
20100,r0007,0,prefetch,0.0,0.0,63.902512,63.902512,0.0,-0.13941578934626403,0.2,1,0,0,0.0,0.0,0.0,0.0,0.0,0.0,0.0,0.0,0,0
20100,r0007,1,prefetch,3138.1453668683534,65.390825,64.160839,64.160839,2755.164329461718,-0.1220405662051351,0.2,0,1,0,0.0,0.0,0.0,0.0,0.0,0.0,0.0,0.0,120,0
20100,r0007,2,prefetch,4368.928652670453,63.68628,63.765105,63.765105,3795.064949527498,-0.13135112719045833,0.2,1,1,0,0.0,0.0,0.0,0.0,0.0,0.0,0.0,0.0,172,0
20100,r0017,0,prefetch,0.0,0.0,63.413129,63.413129,0.0,-0.0457923224263273,0.2,1,0,0,0.0,0.0,0.0,0.0,0.0,0.0,0.0,0.0,0,0
20100,r0018,0,prefetch,1288.4202204607573,63.854736,63.172248,63.172248,1228.5173963181687,-0.04649323504187661,0.2,0,1,0,0.0,0.0,0.0,0.0,0.0,0.0,0.0,0.0,48,0
20100,r0015,0,prefetch,2693.1347227625447,65.461501,64.273751,64.273751,2196.0204362118893,-0.18458574773442038,0.2,0,1,0,0.0,0.0,0.0,0.0,0.0,0.0,0.0,0.0,102,0
20100,r0015,1,prefetch,3839.467948962061,64.249942,64.142816,64.142816,4557.080878230912,0.18690426350943906,0.2,1,1,0,0.0,0.0,0.0,0.0,0.0,0.0,0.0,0.0,148,0
20100,r0015,2,prefetch,6266.393648264733,63.651932,63.588658,63.588658,5935.380183896771,-0.05282359885891061,0.2,1,1,0,0.0,0.0,0.0,0.0,0.0,0.0,0.0,0.0,246,0
20101,r0004,0,prefetch,6246.151058676071,63.721288,63.985405,63.985405,5862.999515480615,-0.06134202320695534,0.2,0,1,0,0.0,0.0,0.0,0.0,0.0,0.0,0.0,0.0,272,0
20101,r0010,0,prefetch,1809.6541613959198,63.150447,0.0,0.0,1697.195345491909,-0.06214381637277211,0.2,1,1,1,0.0,0.0,0.0,0.0,0.0,0.0,0.0,0.0,78,0
20101,r0015,0,prefetch,175.3249943725059,63.751827,0.0,0.0,182.2290196918711,0.039378443125436535,0.2,1,1,1,0.0,0.0,0.0,0.0,0.0,0.0,0.0,0.0,7,0
20101,r0007,0,prefetch,8977.324590696939,0.0,63.899321,63.899321,10271.375858089537,0.14414665018725098,0.2,0,0,0,0.0,0.0,0.0,0.0,0.0,0.0,0.0,0.0,0,0
20101,r0005,0,prefetch,8535.903951172128,62.10419,61.409232,61.409232,8109.342372631693,-0.0499726310160577,0.2,1,1,0,0.0,0.0,0.0,0.0,0.0,0.0,0.0,0.0,371,0
20102,r0006,0,prefetch,6327.401891796551,58.630272,0.0,0.0,7499.05546262009,0.1851713532441463,0.2,1,1,1,52.85017593633606,0.0,0.0,0.0,0.0,0.0,52.85017593633606,9.687074286373404,188,1
20102,r0006,1,prefetch,5757.392173928496,58.213884,58.396837,58.396837,4789.693373719382,-0.16807936144965013,0.2,0,1,0,0.0,0.0,0.0,0.0,0.0,0.0,0.0,0.0,198,0
20102,r0004,0,prefetch,6793.828889282286,62.781883,0.0,0.0,6746.331708408046,-0.0069912241901130545,0.2,1,1,1,10.682052480280335,10.682052480280335,1.224609375,1.224609375,0.0,0.0,0.0,9.876593942355676,192,1
20102,r0020,0,prefetch,8038.250484968423,58.594158,0.0,0.0,7848.924667673727,-0.02355311241528707,0.2,1,1,1,51.618298172451276,51.618298172451276,6.287109375,6.287109375,0.0,0.0,0.0,12.103449900147382,239,1
20102,r0000,0,prefetch,7651.698262857892,58.655774,0.0,0.0,8472.617956362194,0.10728594689745258,0.2,1,1,1,54.5558528401765,0.0,0.0,0.0,0.0,0.0,54.5558528401765,11.534890932200565,227,1
20102,r0000,1,prefetch,5831.20088516183,0.0,58.030986,58.030986,6834.333522297066,0.17202848210697458,0.2,1,0,0,0.0,0.0,0.0,0.0,0.0,0.0,0.0,0.0,0,0
20102,r0019,0,prefetch,5632.307308510426,58.849893,0.0,0.0,6001.126137926384,0.06548272479001127,0.2,1,1,1,1085.2720447105805,716.4532152946194,84.47985262458636,84.47985262458636,0.0,0.0,368.8188294159611,229.4858588161533,168,24
20102,r0019,1,prefetch,3973.1236397017783,99.189064,40.78799,40.78799,3410.4999449757033,-0.14160739653405435,0.2,1,1,0,0.0,0.0,0.0,0.0,0.0,0.0,0.0,0.0,178,0
20103,r0021,0,prefetch,3351.383535373151,60.907454,60.6922,60.6922,3276.32714128593,-0.022395644454004326,0.2,1,1,0,0.0,0.0,0.0,0.0,0.0,0.0,0.0,0.0,158,0
20103,r0007,0,prefetch,7218.531216587675,60.929381,60.59422,60.59422,5966.040443916935,-0.17351047395799912,0.2,1,1,0,0.0,0.0,0.0,0.0,0.0,0.0,0.0,0.0,341,0
20104,r0003,0,prefetch,4367.134683683114,64.441507,63.773673,63.773673,4063.3621110849504,-0.06955878272615376,0.2,1,1,0,0.0,0.0,0.0,0.0,0.0,0.0,0.0,0.0,309,0
20104,r0009,0,prefetch,0.0,0.0,40.890103,40.890103,0.0,0.07530125145635591,0.2,1,0,0,0.0,0.0,0.0,0.0,0.0,0.0,0.0,0.0,0,0
20104,r0004,0,prefetch,2595.557560268622,64.174837,64.068875,64.068875,3013.3247108598785,0.16095468541565316,0.2,1,1,0,0.0,0.0,0.0,0.0,0.0,0.0,0.0,0.0,182,0
20104,r0004,1,prefetch,4130.164839970123,63.652468,63.534886,63.534886,3715.50070597809,-0.10039893080757332,0.2,1,1,0,0.0,0.0,0.0,0.0,0.0,0.0,0.0,0.0,254,0
20105,r0002,0,prefetch,6248.741104892801,63.779138,0.0,0.0,7211.321553695096,0.15404389982625283,0.2,1,1,1,0.0,0.0,0.0,0.0,0.0,0.0,0.0,0.0,301,0
20105,r0021,0,prefetch,906.4563593827843,64.010707,63.323811,63.323811,789.325495936159,-0.12921842539268064,0.2,1,1,0,0.0,0.0,0.0,0.0,0.0,0.0,0.0,0.0,43,0
20105,r0007,0,prefetch,1234.105654116247,64.116314,0.0,0.0,1002.0842888639615,-0.18800769972846282,0.2,1,1,1,0.0,0.0,0.0,0.0,0.0,0.0,0.0,0.0,59,0
20106,r0011,0,prefetch,3570.848426773424,61.577995,61.143776,61.143776,3541.6337976219133,-0.008181425157244238,0.2,0,1,0,0.0,0.0,0.0,0.0,0.0,0.0,0.0,0.0,195,0
20106,r0007,0,prefetch,6423.881121548184,61.402835,61.02009,61.02009,6740.280894709333,0.049253678138566626,0.2,1,1,0,0.0,0.0,0.0,0.0,0.0,0.0,0.0,0.0,352,0
20106,r0021,0,prefetch,0.0,0.0,61.661286,61.661286,0.0,-0.07232750107985661,0.2,1,0,0,0.0,0.0,0.0,0.0,0.0,0.0,0.0,0.0,0,0
