episode,batcher,arrival_rate_rps,max_requests,agent_checkpoint,total_requests,served_requests,dropped_requests,completion_ratio,batches,mean_pending_size,max_pending_size,batch_opportunity_rate,mean_batch_size,makespan_ms,avg_e2e_ms,p95_e2e_ms,prefill_ms,decode_service_ms,transfer_mb,handover_ms,slo_violations,slo_rate,slo_satisfaction,throughput_rps,goodput_rps,mapping_steps,reward,failure_reason
0,no_batch,0.4,12,,12,12,0,1.0,12,1.0,1,0.0,1.0,49059.17895284695,2321.9127781626817,4340.000376459821,9163.202355926871,12237.803066856808,53.7451171875,687.2101234272182,7,0.5833333333333334,0.41666666666666663,0.24460254443992543,0.10191772684996893,336,-157.1151561252687,
0,fixed_4,0.4,12,,12,12,0,1.0,12,1.0,1,0.0,1.0,49059.17895284695,2321.9127781626817,4340.000376459821,9163.202355926871,12237.803066856808,53.7451171875,687.2101234272182,7,0.5833333333333334,0.41666666666666663,0.24460254443992543,0.10191772684996893,336,-157.1151561252687,
0,sequential_greedy,0.4,12,,12,12,0,1.0,12,1.0,1,0.0,1.0,49059.17895284695,2321.9127781626817,4340.000376459821,9163.202355926871,12237.803066856808,53.7451171875,687.2101234272182,7,0.5833333333333334,0.41666666666666663,0.24460254443992543,0.10191772684996893,336,-157.1151561252687,
0,dybap_fusion,0.4,12,,12,12,0,1.0,12,1.0,1,0.0,1.0,49059.17895284695,2321.9127781626817,4340.000376459821,9163.202355926871,12237.803066856808,53.7451171875,687.2101234272182,7,0.5833333333333334,0.41666666666666663,0.24460254443992543,0.10191772684996893,336,-157.1151561252687,
1,no_batch,0.4,12,,12,12,0,1.0,12,2.0833333333333335,5,0.5,1.0,19878.278034260205,4305.931758997141,8001.151557322439,6197.516416423942,11680.105721649428,19.2041015625,715.8901531209108,8,0.6666666666666666,0.33333333333333337,0.6036740194154647,0.2012246731384882,336,-136.57890288534145,
1,fixed_4,0.4,12,,12,12,0,1.0,7,1.8571428571428572,5,0.2857142857142857,1.7142857142857142,18579.7485013546,3675.6283279886643,6248.643946362722,4654.643378140987,9867.945643939063,24.2021484375,450.57711396963356,7,0.5833333333333334,0.41666666666666663,0.6458645012942512,0.2691102088726047,196,-102.43691863616465,
1,sequential_greedy,0.4,12,,12,12,0,1.0,6,2.0,5,0.3333333333333333,2.0,18579.7485013546,3582.8325080440627,6333.949012415341,4276.183603799667,9756.185538254578,25.1162109375,377.4542542200652,7,0.5833333333333334,0.41666666666666663,0.6458645012942512,0.2691102088726047,168,-96.8481710092266,
1,dybap_fusion,0.4,12,,12,12,0,1.0,11,2.0,5,0.45454545454545453,1.0909090909090908,19576.54611811736,3939.245825987338,6814.775532035881,5833.3846260901655,10898.681585501206,20.0244140625,675.070054316352,8,0.6666666666666666,0.33333333333333337,0.6129784042392672,0.2043261347464224,308,-128.7894065362435,
2,no_batch,0.4,12,,12,12,0,1.0,12,1.5,3,0.3333333333333333,1.0,24530.62456604188,3666.7728752026756,7524.14860545922,10886.118422466348,10134.006995857584,59.3203125,1019.6238174511969,5,0.4166666666666667,0.5833333333333333,0.4891844464739713,0.2853575937764833,336,-165.67121428988725,
2,fixed_4,0.4,12,,12,12,0,1.0,9,1.3333333333333333,3,0.2222222222222222,1.3333333333333333,24530.62456604188,3037.7134470131314,6020.696927137817,9657.347648027022,7999.207424018072,58.6494140625,821.0657167468722,5,0.4166666666666667,0.5833333333333333,0.4891844464739713,0.2853575937764833,252,-134.10795805727938,
2,sequential_greedy,0.4,12,,12,12,0,1.0,10,1.3,3,0.2,1.2,24530.62456604188,3044.621184115031,5604.462484408633,9850.368326744523,8669.455595686672,60.064453125,873.4801350021472,5,0.4166666666666667,0.5833333333333333,0.4891844464739713,0.2853575937764833,280,-140.0499730209312,
2,dybap_fusion,0.4,12,,12,12,0,1.0,11,1.4545454545454546,3,0.2727272727272727,1.0909090909090908,24530.62456604188,3498.6071155472296,6999.592921640719,9990.699314855057,9831.975237153743,59.841796875,965.7599426566297,5,0.4166666666666667,0.5833333333333333,0.4891844464739713,0.2853575937764833,308,-154.45886453021933,
3,no_batch,0.4,12,,12,12,0,1.0,12,1.0,1,0.0,1.0,25290.359164318215,1986.3658055821877,3180.6898719046817,7384.831077654742,11476.492614240324,29.3291015625,786.224066075339,2,0.16666666666666666,0.8333333333333334,0.4744891095469541,0.39540759128912845,336,-135.87448990053431,
3,fixed_4,0.4,12,,12,12,0,1.0,12,1.0,1,0.0,1.0,25290.359164318215,1986.3658055821877,3180.6898719046817,7384.831077654742,11476.492614240324,29.3291015625,786.224066075339,2,0.16666666666666666,0.8333333333333334,0.4744891095469541,0.39540759128912845,336,-135.87448990053431,
3,sequential_greedy,0.4,12,,12,12,0,1.0,12,1.0,1,0.0,1.0,25290.359164318215,1986.3658055821877,3180.6898719046817,7384.831077654742,11476.492614240324,29.3291015625,786.224066075339,2,0.16666666666666666,0.8333333333333334,0.4744891095469541,0.39540759128912845,336,-135.87448990053431,
3,dybap_fusion,0.4,12,,12,12,0,1.0,12,1.0,1,0.0,1.0,25290.359164318215,1986.3658055821877,3180.6898719046817,7384.831077654742,11476.492614240324,29.3291015625,786.224066075339,2,0.16666666666666666,0.8333333333333334,0.4744891095469541,0.39540759128912845,336,-135.87448990053431,
4,no_batch,0.4,12,,12,12,0,1.0,12,1.5,2,0.5,1.0,32508.60754833527,4233.184171085974,7252.19137763761,7897.213102029796,19984.334547371127,60.474609375,648.8666091314897,9,0.75,0.25,0.3691330052250887,0.09228325130627217,336,-190.62367571238107,
4,fixed_4,0.4,12,,12,12,0,1.0,9,1.3333333333333333,2,0.3333333333333333,1.3333333333333333,32297.134470772475,3768.110217144676,7252.19137763761,7195.3579225264275,19289.697498218975,70.9130859375,470.1446602506276,9,0.75,0.25,0.3715499903206424,0.0928874975801606,252,-170.7169863257984,
4,sequential_greedy,0.4,12,,12,12,0,1.0,9,1.3333333333333333,2,0.3333333333333333,1.3333333333333333,32297.134470772475,3768.110217144676,7252.19137763761,7195.3579225264275,19289.697498218975,70.9130859375,470.1446602506276,9,0.75,0.25,0.3715499903206424,0.0928874975801606,252,-170.7169863257984,
4,dybap_fusion,0.4,12,,12,12,0,1.0,10,1.4,2,0.4,1.2,32297.134470772475,3986.065857197023,7252.19137763761,7656.940799268588,19492.762749010417,70.517578125,552.5298359028486,9,0.75,0.25,0.3715499903206424,0.0928874975801606,280,-182.7461281126638,
5,no_batch,0.4,12,,12,12,0,1.0,12,2.0,4,0.5,1.0,24297.934135432457,4571.271310492583,7903.613233102777,7473.024186197088,15007.27855902748,30.7705078125,847.08074832865,7,0.5833333333333334,0.41666666666666663,0.4938691467807135,0.20577881115863061,336,-163.097337660483,
5,fixed_4,0.4,12,,12,12,0,1.0,8,1.5,4,0.25,1.5,24297.934135432457,3750.070164882829,8701.769394718362,6702.607078197005,13259.116997127094,40.359375,564.8662238881723,5,0.4166666666666667,0.5833333333333333,0.4938691467807135,0.28809033562208286,224,-135.8734763526662,
5,sequential_greedy,0.4,12,,12,12,0,1.0,9,1.6666666666666667,4,0.3333333333333333,1.3333333333333333,24297.934135432457,4057.6865189027267,8567.754111104969,6790.613861207019,14224.817134816285,37.5556640625,610.7924629011189,7,0.5833333333333334,0.41666666666666663,0.4938691467807135,0.20577881115863061,252,-147.04375322648036,
5,dybap_fusion,0.4,12,,12,12,0,1.0,10,1.8,4,0.4,1.2,24297.934135432457,4119.152824754121,8047.819713734965,6811.147130375244,14489.94439959719,33.1025390625,702.471632062419,7,0.5833333333333334,0.41666666666666663,0.4938691467807135,0.20577881115863061,280,-151.0195208037421,
6,no_batch,0.4,12,,12,12,0,1.0,12,1.4166666666666667,2,0.4166666666666667,1.0,22430.135124600958,2704.375622829232,4360.793687967074,8997.71350903266,6866.1820983069865,43.7138671875,659.042083096111,9,0.75,0.25,0.5349945478856533,0.13374863697141331,336,-138.63860938860373,
6,fixed_4,0.4,12,,12,12,0,1.0,9,1.3333333333333333,2,0.3333333333333333,1.3333333333333333,20958.664073357588,2338.7160673314997,3706.7484024060564,7984.463725655998,5850.790962516428,41.4228515625,439.5537555731812,8,0.6666666666666666,0.33333333333333337,0.5725555769202991,0.19085185897343301,252,-116.44436147262812,
6,sequential_greedy,0.4,12,,12,12,0,1.0,9,1.3333333333333333,2,0.3333333333333333,1.3333333333333333,20958.664073357588,2338.7160673314997,3706.7484024060564,7984.463725655998,5850.790962516428,41.4228515625,439.5537555731812,8,0.6666666666666666,0.33333333333333337,0.5725555769202991,0.19085185897343301,252,-116.44436147262812,
6,dybap_fusion,0.4,12,,12,12,0,1.0,11,1.3636363636363635,2,0.36363636363636365,1.0909090909090908,22430.135124600958,2536.615922780729,4360.793687967074,8545.663809189957,6623.839185632123,41.455078125,576.7765001669023,8,0.6666666666666666,0.33333333333333337,0.5349945478856533,0.1783315159618844,308,-130.1996122884924,
7,no_batch,0.4,12,,12,12,0,1.0,12,1.4166666666666667,3,0.3333333333333333,1.0,25754.203481656015,4601.392490314546,8242.938865450044,11155.989944382301,13710.569456577261,94.412109375,586.3629042107916,8,0.6666666666666666,0.33333333333333337,0.46594335594759345,0.15531445198253116,336,-184.0317256734543,
7,fixed_4,0.4,12,,12,12,0,1.0,8,1.5,3,0.375,1.5,23634.78314336507,4161.836251743245,8259.339079580026,10432.314896157286,11991.304562200368,115.48828125,338.85889926788434,8,0.6666666666666666,0.33333333333333337,0.5077262578298175,0.1692420859432725,224,-159.50384335558715,
7,sequential_greedy,0.4,12,,12,12,0,1.0,9,1.4444444444444444,3,0.3333333333333333,1.3333333333333333,23634.78314336507,4215.652414564464,8259.339079580026,10495.691663823935,12449.335450459113,106.76953125,388.47485259635937,8,0.6666666666666666,0.33333333333333337,0.5077262578298175,0.1692420859432725,252,-163.94051258243638,
7,dybap_fusion,0.4,12,,12,12,0,1.0,9,1.4444444444444444,3,0.3333333333333333,1.3333333333333333,23898.28937770909,4241.718328911752,8522.845313924045,10481.133164345167,12128.8309566142,105.556640625,416.020471010193,8,0.6666666666666666,0.33333333333333337,0.5021279895954767,0.16737599653182555,252,-163.42491028179836,
8,no_batch,0.4,12,,12,12,0,1.0,12,1.5,3,0.4166666666666667,1.0,30632.496907513523,2588.6047807737773,3933.3546119536104,10890.845283512403,6931.55381949503,30.615234375,805.0071644861118,6,0.5,0.5,0.39174083771984797,0.19587041885992398,336,-157.2291347983191,
8,fixed_4,0.4,12,,12,12,0,1.0,9,1.3333333333333333,2,0.3333333333333333,1.3333333333333333,29409.054406076426,2093.6387633348704,3001.184337353334,8743.71417929218,6169.938737855884,33.392578125,594.6812482551924,6,0.5,0.5,0.40803760074382367,0.20401880037191183,252,-127.31293752927013,
8,sequential_greedy,0.4,12,,12,12,0,1.0,9,1.3333333333333333,2,0.3333333333333333,1.3333333333333333,29409.054406076426,2093.6387633348704,3001.184337353334,8743.71417929218,6169.938737855884,33.392578125,594.6812482551924,6,0.5,0.5,0.40803760074382367,0.20401880037191183,252,-127.31293752927013,
8,dybap_fusion,0.4,12,,12,12,0,1.0,10,1.5,3,0.4,1.2,29409.054406076426,2311.0190880725954,3474.764911213119,9218.171220035681,6299.4510157688155,31.2158203125,625.2987186390515,5,0.4166666666666667,0.5833333333333333,0.40803760074382367,0.23802193376723046,280,-132.70699976859296,
9,no_batch,0.4,12,,12,12,0,1.0,12,1.3333333333333333,3,0.25,1.0,43422.93176251104,6495.586385846036,13174.965542980739,7297.190138057127,28430.20066026927,62.54296875,658.8056391974259,7,0.5833333333333334,0.41666666666666663,0.2763516767046148,0.11514653196025616,336,-219.43543267420327,
9,fixed_4,0.4,12,,12,12,0,1.0,9,1.3333333333333333,3,0.2222222222222222,1.3333333333333333,40708.55556129314,5760.452287184332,12742.721733589948,7018.189301505722,24378.435791077358,70.716796875,569.4896561870158,7,0.5833333333333334,0.41666666666666663,0.29477832938415394,0.12282430391006413,252,-188.33140160482765,
9,sequential_greedy,0.4,12,,12,12,0,1.0,9,1.3333333333333333,3,0.2222222222222222,1.3333333333333333,40708.55556129314,5760.452287184332,12742.721733589948,7018.189301505722,24378.435791077358,70.716796875,569.4896561870158,7,0.5833333333333334,0.41666666666666663,0.29477832938415394,0.12282430391006413,252,-188.33140160482765,
9,dybap_fusion,0.4,12,,12,12,0,1.0,12,1.3333333333333333,3,0.25,1.0,43392.56723922213,6487.995255023809,13144.601019691829,7277.092582068619,28420.667613920537,62.54296875,658.0717182457538,7,0.5833333333333334,0.41666666666666663,0.2765450574483022,0.11522710727012592,333,-219.17945267305782,
10,no_batch,0.4,12,,12,12,0,1.0,12,1.0833333333333333,2,0.08333333333333333,1.0,36356.879117479075,1702.7232752201187,3317.4499872855113,5956.095366543712,8798.082460933427,22.7900390625,745.9456949785016,2,0.16666666666666666,0.8333333333333334,0.33006133340611277,0.2750511111717606,336,-109.98652828127382,
10,fixed_4,0.4,12,,12,12,0,1.0,11,1.0909090909090908,2,0.09090909090909091,1.0909090909090908,36356.879117479075,1661.271728903969,3317.4499872855113,5712.8905016998015,8463.392719046129,23.5078125,740.0772376363149,2,0.16666666666666666,0.8333333333333334,0.33006133340611277,0.2750511111717606,308,-105.77674434229044,
10,sequential_greedy,0.4,12,,12,12,0,1.0,11,1.0909090909090908,2,0.09090909090909091,1.0909090909090908,36356.879117479075,1661.271728903969,3317.4499872855113,5712.8905016998015,8463.392719046129,23.5078125,740.0772376363149,2,0.16666666666666666,0.8333333333333334,0.33006133340611277,0.2750511111717606,308,-105.77674434229044,
10,dybap_fusion,0.4,12,,12,12,0,1.0,11,1.0909090909090908,2,0.09090909090909091,1.0909090909090908,36356.879117479075,1661.271728903969,3317.4499872855113,5712.8905016998015,8463.392719046129,23.5078125,740.0772376363149,2,0.16666666666666666,0.8333333333333334,0.33006133340611277,0.2750511111717606,308,-105.77674434229044,
11,no_batch,0.4,12,,12,12,0,1.0,12,1.5,3,0.3333333333333333,1.0,23744.781421325657,2424.8135451435614,4925.7898615761915,8939.4595440275,7834.02833554152,56.5576171875,821.2847628614481,5,0.4166666666666667,0.5833333333333333,0.5053742035806892,0.294801618755402,336,-139.6492975742217,
11,fixed_4,0.4,12,,12,12,0,1.0,10,1.2,2,0.2,1.2,22729.407769257283,2297.566270320836,3969.0943328372,8613.966904763412,7289.844017823229,57.697265625,675.588067775452,5,0.4166666666666667,0.5833333333333333,0.5279504033638145,0.3079710686288918,280,-128.12385526082386,
11,sequential_greedy,0.4,12,,12,12,0,1.0,11,1.2727272727272727,3,0.18181818181818182,1.0909090909090908,22844.26741654131,2005.2444621593474,3998.341047563486,8636.009691466552,7301.162979968852,59.7568359375,757.0859662107121,4,0.3333333333333333,0.6666666666666667,0.5252958994566366,0.3501972663044243,308,-130.95662476956025,
11,dybap_fusion,0.4,12,,12,12,0,1.0,11,1.5454545454545454,3,0.36363636363636365,1.0909090909090908,22710.751400689318,2277.1524017106003,4028.118830342489,8547.30862486888,7255.835111434674,60.732421875,757.5988854905752,6,0.5,0.5,0.5283841026781604,0.2641920513390802,308,-131.38146141571016,
12,no_batch,0.4,12,,12,12,0,1.0,12,1.5,3,0.4166666666666667,1.0,30702.817073954655,3276.978425568217,5091.552946444606,9711.446377747849,11125.343656345904,48.3486328125,536.1473845227893,9,0.75,0.25,0.39084361448316923,0.09771090362079231,336,-165.30624608026073,
12,fixed_4,0.4,12,,12,12,0,1.0,9,1.3333333333333333,3,0.2222222222222222,1.3333333333333333,30102.062425941345,2839.4918311962306,3984.8504127700157,8591.329257908064,9430.123599728722,47.7509765625,423.95230808546495,9,0.75,0.25,0.3986437816187187,0.09966094540467968,252,-143.0913732273541,
12,sequential_greedy,0.4,12,,12,12,0,1.0,9,1.3333333333333333,3,0.2222222222222222,1.3333333333333333,30102.062425941345,2839.4918311962306,3984.8504127700157,8591.329257908064,9430.123599728722,47.7509765625,423.95230808546495,9,0.75,0.25,0.3986437816187187,0.09966094540467968,252,-143.0913732273541,
12,dybap_fusion,0.4,12,,12,12,0,1.0,10,1.4,3,0.3,1.2,30102.062425941345,2968.692781130834,4339.232455822707,8883.275984824018,10093.788801598097,49.8427734375,456.1855402848956,9,0.75,0.25,0.3986437816187187,0.09966094540467968,280,-150.4239320447582,
13,no_batch,0.4,12,,12,12,0,1.0,12,1.0,1,0.0,1.0,41422.810251800394,2060.2729638847727,6484.698607888568,10611.486840231497,9039.169876190977,84.3193359375,610.9124064515632,5,0.4166666666666667,0.5833333333333333,0.2896954583007423,0.16898901734209965,336,-154.565445301753,
13,fixed_4,0.4,12,,12,12,0,1.0,12,1.0,1,0.0,1.0,41422.810251800394,2060.2729638847727,6484.698607888568,10611.486840231497,9039.169876190977,84.3193359375,610.9124064515632,5,0.4166666666666667,0.5833333333333333,0.2896954583007423,0.16898901734209965,336,-154.565445301753,
13,sequential_greedy,0.4,12,,12,12,0,1.0,12,1.0,1,0.0,1.0,41422.810251800394,2060.2729638847727,6484.698607888568,10611.486840231497,9039.169876190977,84.3193359375,610.9124064515632,5,0.4166666666666667,0.5833333333333333,0.2896954583007423,0.16898901734209965,336,-154.565445301753,
13,dybap_fusion,0.4,12,,12,12,0,1.0,12,1.0,1,0.0,1.0,41422.810251800394,2060.2729638847727,6484.698607888568,10611.486840231497,9039.169876190977,84.3193359375,610.9124064515632,5,0.4166666666666667,0.5833333333333333,0.2896954583007423,0.16898901734209965,336,-154.565445301753,
14,no_batch,0.4,12,,12,12,0,1.0,12,1.75,4,0.4166666666666667,1.0,37203.09787398214,3629.0020021666983,6809.23339319365,9394.53874180687,8410.73373530188,60.08203125,792.0360511491838,6,0.5,0.5,0.3225537841135579,0.16127689205677895,336,-143.76259622629112,
14,fixed_4,0.4,12,,12,12,0,1.0,9,1.3333333333333333,3,0.2222222222222222,1.3333333333333333,34634.703753645874,3020.8265421959513,4568.138514033386,7996.627119909543,7423.555713198184,54.392578125,608.731574813951,5,0.4166666666666667,0.5833333333333333,0.34647329699584345,0.20210942324757533,252,-116.17778421299802,
14,sequential_greedy,0.4,12,,12,12,0,1.0,9,1.6666666666666667,4,0.3333333333333333,1.3333333333333333,34674.645317119626,3342.285379583254,5686.692398566007,7455.872894497765,7961.240414834764,53.6982421875,651.7426620628933,6,0.5,0.5,0.3460741960084402,0.1730370980042201,251,-118.99358847254925,
14,dybap_fusion,0.4,12,,12,12,0,1.0,10,1.6,4,0.3,1.2,35319.003782498236,3300.4871743500976,5833.556787782245,7727.6947444328725,8240.604547661938,52.8984375,744.9151446792206,6,0.5,0.5,0.339760432482708,0.169880216241354,280,-126.17554179377669,
15,no_batch,0.4,12,,12,12,0,1.0,12,2.5,4,0.6666666666666666,1.0,35790.748596803736,8572.429024107647,14821.26781262895,9506.246207584483,20754.02214408822,69.0966796875,956.9925635528267,9,0.75,0.25,0.33528217403845106,0.08382054350961277,336,-213.87009542408717,
15,fixed_4,0.4,12,,12,12,0,1.0,7,1.7142857142857142,4,0.42857142857142855,1.7142857142857142,32344.2762202586,5291.544649916915,12471.26894612848,8241.048894070507,18336.014912934497,90.4775390625,492.4629698155066,9,0.75,0.25,0.37100845659003767,0.09275211414750942,196,-145.09495777198072,
15,sequential_greedy,0.4,12,,12,12,0,1.0,7,1.7142857142857142,4,0.42857142857142855,1.7142857142857142,32344.2762202586,5291.544649916915,12471.26894612848,8241.048894070507,18336.014912934497,90.4775390625,492.4629698155066,9,0.75,0.25,0.37100845659003767,0.09275211414750942,196,-145.09495777198072,
15,dybap_fusion,0.4,12,,12,12,0,1.0,10,2.2,4,0.6,1.2,32416.20626449079,6906.689176836131,12864.872653084716,8908.119233357234,18162.442384583097,70.5556640625,772.1569649722531,9,0.75,0.25,0.37018520619252676,0.09254630154813169,279,-182.335531726227,
16,no_batch,0.4,12,,12,12,0,1.0,12,2.0,4,0.5,1.0,17213.609410206464,3596.0558437633463,6268.013622389789,8026.110193886204,6414.0476855176585,31.634765625,934.6084362595309,8,0.6666666666666666,0.33333333333333337,0.6971228238096795,0.2323742746032265,336,-128.92390835834186,
16,fixed_4,0.4,12,,12,12,0,1.0,8,1.5,4,0.25,1.5,17112.477358862292,3378.779080126134,6436.834186052608,8168.400465637653,5226.830299089021,48.9580078125,635.5460098336606,7,0.5833333333333334,0.41666666666666663,0.7012427101202493,0.2921844625501039,224,-113.14037842433707,
16,sequential_greedy,0.4,12,,12,12,0,1.0,8,1.5,4,0.25,1.5,17112.477358862292,3378.779080126134,6436.834186052608,8168.400465637653,5226.830299089021,48.9580078125,635.5460098336606,7,0.5833333333333334,0.41666666666666663,0.7012427101202493,0.2921844625501039,224,-113.14037842433707,
16,dybap_fusion,0.4,12,,12,12,0,1.0,11,1.8181818181818181,4,0.36363636363636365,1.0909090909090908,17112.477358862292,3226.0398489195836,6091.387560778655,7858.731383947098,5446.906099783897,32.7978515625,863.9265569381533,7,0.5833333333333334,0.41666666666666663,0.7012427101202493,0.2921844625501039,308,-119.23468569135169,
17,no_batch,0.4,12,,12,12,0,1.0,12,3.4166666666666665,6,0.8333333333333334,1.0,41003.34886553067,14293.250750967156,20813.258479500248,11446.637021466066,28721.40730756642,89.9619140625,835.3045364981829,10,0.8333333333333334,0.16666666666666663,0.2926590225435894,0.048776503757264895,336,-270.5321003691353,
17,fixed_4,0.4,12,,12,12,0,1.0,6,2.0,4,0.5,2.0,28821.090025935868,6504.457674665918,13525.879557489481,8203.765794152678,20217.206713906664,111.69140625,400.11751787652247,8,0.6666666666666666,0.33333333333333337,0.4163617680386584,0.13878725601288613,168,-146.99966500307002,
17,sequential_greedy,0.4,12,,12,12,0,1.0,6,2.1666666666666665,5,0.5,2.0,28732.07541942629,7357.9650347040915,16031.13536401878,8082.518319272839,20246.05631728208,108.29296875,403.5007828713687,8,0.6666666666666666,0.33333333333333337,0.41765169500726623,0.13921723166908875,168,-147.2301696249547,
17,dybap_fusion,0.4,12,,12,12,0,1.0,7,2.4285714285714284,5,0.7142857142857143,1.7142857142857142,31550.358801172144,8622.613076100717,16083.839519181798,9843.188163187157,21245.580120493167,119.912109375,461.59051749182635,10,0.8333333333333334,0.16666666666666663,0.3803443274804907,0.06339072124674845,196,-191.60950746988746,
18,no_batch,0.4,12,,12,12,0,1.0,12,1.5,3,0.3333333333333333,1.0,28950.023521535702,3845.9773825032958,6446.382557761299,13514.851328096962,9618.335010996889,37.5849609375,789.9509777488963,9,0.75,0.25,0.41450743523829237,0.10362685880957309,336,-199.24887716620154,
18,fixed_4,0.4,12,,12,12,0,1.0,9,1.3333333333333333,3,0.2222222222222222,1.3333333333333333,27735.75338700742,3651.06663795583,6282.213338984665,12679.293540239974,8569.761417690135,48.275390625,569.4885504008628,8,0.6666666666666666,0.33333333333333337,0.4326545535850236,0.1442181845283412,252,-172.13764176217055,
18,sequential_greedy,0.4,12,,12,12,0,1.0,9,1.3333333333333333,3,0.2222222222222222,1.3333333333333333,27735.75338700742,3651.06663795583,6282.213338984665,12679.293540239974,8569.761417690135,48.275390625,569.4885504008628,8,0.6666666666666666,0.33333333333333337,0.4326545535850236,0.1442181845283412,252,-172.13764176217055,
18,dybap_fusion,0.4,12,,12,12,0,1.0,10,1.5,3,0.3,1.2,27239.07945655761,3559.388330393393,6546.414638031824,12426.770572636746,9167.82716238633,37.9716796875,617.5955168415766,9,0.75,0.25,0.44054352200625074,0.11013588050156269,280,-182.9208386193664,
19,no_batch,0.4,12,,12,12,0,1.0,12,1.3333333333333333,3,0.25,1.0,46789.70554334662,5170.9505359968825,15369.03214395502,10817.39623802623,23539.17569732179,72.28125,582.3523669579821,5,0.4166666666666667,0.5833333333333333,0.2564666706201653,0.14960555786176308,336,-225.8322826514369,
19,fixed_4,0.4,12,,12,12,0,1.0,10,1.2,3,0.1,1.2,46789.70554334662,4752.656389449266,15369.03214395502,10445.80326122007,22768.531840344727,81.94921875,517.9567148278121,5,0.4166666666666667,0.5833333333333333,0.2564666706201653,0.14960555786176308,280,-211.27390980049154,
19,sequential_greedy,0.4,12,,12,12,0,1.0,11,1.1818181818181819,3,0.09090909090909091,1.0909090909090908,46789.70554334662,4624.856315449112,15369.03214395502,10414.377488776901,23204.36474666905,72.3515625,554.0681812001511,3,0.25,0.75,0.2564666706201653,0.19235000296512397,308,-215.54045967792467,
19,dybap_fusion,0.4,12,,12,12,0,1.0,11,1.1818181818181819,3,0.09090909090909091,1.0909090909090908,46789.70554334662,4744.556477533987,15369.03214395502,10363.360074512359,22769.91234531924,69.01171875,542.9270113410818,4,0.3333333333333333,0.6666666666666667,0.2564666706201653,0.17097778041344353,308,-212.6563243185861,
20,no_batch,0.4,12,,12,12,0,1.0,12,1.0833333333333333,2,0.08333333333333333,1.0,26376.018926539393,1680.2239365343041,2835.641649714903,7260.317418979497,5559.183382575647,21.744140625,1001.2145590373178,4,0.3333333333333333,0.6666666666666667,0.45495872722193387,0.30330581814795593,336,-111.60592704455613,
20,fixed_4,0.4,12,,12,12,0,1.0,11,1.0909090909090908,2,0.09090909090909091,1.0909090909090908,26376.018926539393,1590.5083269689942,2746.7767582760653,6819.323281200717,5475.708236488918,24.298828125,903.1169866680109,3,0.25,0.75,0.45495872722193387,0.34121904541645043,308,-102.7573623545442,
20,sequential_greedy,0.4,12,,12,12,0,1.0,12,1.0833333333333333,2,0.08333333333333333,1.0,26376.018926539393,1680.2239365343041,2835.641649714903,7260.317418979497,5559.183382575647,21.744140625,1001.2145590373178,4,0.3333333333333333,0.6666666666666667,0.45495872722193387,0.30330581814795593,336,-111.60592704455613,
20,dybap_fusion,0.4,12,,12,12,0,1.0,12,1.0833333333333333,2,0.08333333333333333,1.0,26376.018926539393,1680.2239365343041,2835.641649714903,7260.317418979497,5559.183382575647,21.744140625,1001.2145590373178,4,0.3333333333333333,0.6666666666666667,0.45495872722193387,0.30330581814795593,336,-111.60592704455613,
21,no_batch,0.4,12,,12,12,0,1.0,12,1.0,1,0.0,1.0,37682.459962362766,2479.197960489417,8295.90373164335,9327.714383001154,14174.938827826332,31.880859375,809.3599906299694,5,0.4166666666666667,0.5833333333333333,0.3184505473364955,0.18576281927962238,336,-172.44693076476773,
21,fixed_4,0.4,12,,12,12,0,1.0,12,1.0,1,0.0,1.0,37682.459962362766,2479.197960489417,8295.90373164335,9327.714383001154,14174.938827826332,31.880859375,809.3599906299694,5,0.4166666666666667,0.5833333333333333,0.3184505473364955,0.18576281927962238,336,-172.44693076476773,
21,sequential_greedy,0.4,12,,12,12,0,1.0,12,1.0,1,0.0,1.0,37682.459962362766,2479.197960489417,8295.90373164335,9327.714383001154,14174.938827826332,31.880859375,809.3599906299694,5,0.4166666666666667,0.5833333333333333,0.3184505473364955,0.18576281927962238,336,-172.44693076476773,
21,dybap_fusion,0.4,12,,12,12,0,1.0,12,1.0,1,0.0,1.0,37682.459962362766,2479.197960489417,8295.90373164335,9327.714383001154,14174.938827826332,31.880859375,809.3599906299694,5,0.4166666666666667,0.5833333333333333,0.3184505473364955,0.18576281927962238,336,-172.44693076476773,
22,no_batch,0.4,12,,12,12,0,1.0,12,4.583333333333333,8,0.8333333333333334,1.0,50510.666364602694,21803.280854932455,29511.641195188575,14207.843577742848,35431.02657430973,55.3828125,871.7962125501206,9,0.75,0.25,0.23757358323843983,0.05939339580960996,336,-335.46821402637966,
22,fixed_4,0.4,12,,12,12,0,1.0,5,3.4,7,0.6,2.4,44337.165619804626,15787.663830214771,25844.67271988417,10472.006056901564,31897.83456327165,64.0341796875,343.66697928535183,9,0.75,0.25,0.2706532957677343,0.06766332394193357,140,-217.21559929915173,
22,sequential_greedy,0.4,12,,12,12,0,1.0,5,2.6,7,0.6,2.4,44337.165619804626,10649.431514113807,21641.41932949611,10389.122654750237,31198.89275285521,64.0576171875,366.53954904570236,9,0.75,0.25,0.2706532957677343,0.06766332394193357,140,-233.01522874620701,
22,dybap_fusion,0.4,12,,12,12,0,1.0,8,3.875,7,0.625,1.5,44337.165619804626,17290.225200986697,26643.258462344034,11278.842708748425,31797.20600178772,52.5791015625,558.9425029573175,9,0.75,0.25,0.2706532957677343,0.06766332394193357,224,-283.7258941370962,
23,no_batch,0.4,12,,12,12,0,1.0,12,1.5,3,0.3333333333333333,1.0,33964.3004603424,2614.084017244791,5267.0798056978965,6946.97842335288,8201.77806732092,18.076171875,736.323574754427,4,0.3333333333333333,0.6666666666666667,0.35331214944384065,0.23554143296256044,336,-119.27687478847409,
23,fixed_4,0.4,12,,12,12,0,1.0,10,1.2,2,0.2,1.2,33964.3004603424,2087.0166345969874,3666.383638633316,6411.915723992711,6996.079423781728,22.2275390625,598.9406594031195,4,0.3333333333333333,0.6666666666666667,0.35331214944384065,0.23554143296256044,280,-104.30324610048996,
23,sequential_greedy,0.4,12,,12,12,0,1.0,10,1.2,2,0.2,1.2,33964.3004603424,2087.0166345969874,3666.383638633316,6411.915723992711,6996.079423781728,22.2275390625,598.9406594031195,4,0.3333333333333333,0.6666666666666667,0.35331214944384065,0.23554143296256044,280,-104.30324610048996,
23,dybap_fusion,0.4,12,,12,12,0,1.0,11,1.2727272727272727,2,0.2727272727272727,1.0909090909090908,33964.3004603424,2067.4059865660392,3591.6657244856983,6506.50650526669,7037.825635728001,18.5244140625,665.3338432213391,4,0.3333333333333333,0.6666666666666667,0.35331214944384065,0.23554143296256044,308,-108.37637111632216,
24,no_batch,0.4,12,,12,12,0,1.0,12,2.1666666666666665,5,0.4166666666666667,1.0,29135.89274446795,5718.621426546472,10438.936856937362,9234.992808410741,16310.559123678782,29.994140625,909.4574299848175,7,0.5833333333333334,0.41666666666666663,0.4118631306493414,0.1716096377705589,336,-191.23662756297128,
24,fixed_4,0.4,12,,12,12,0,1.0,8,1.625,5,0.25,1.5,25962.78277242096,4667.174469481918,10772.297316828068,8491.15885243968,14202.754331631848,38.40234375,587.9862059558253,7,0.5833333333333334,0.41666666666666663,0.46220006942965425,0.19258336226235595,224,-162.90436374194422,
24,sequential_greedy,0.4,12,,12,12,0,1.0,8,1.5,5,0.125,1.5,24452.72218907977,4484.815088869001,10837.689766322132,8248.13466890108,12969.905700726511,36.1259765625,553.7984370585707,6,0.5,0.5,0.4907429081805471,0.24537145409027356,224,-155.19411563698932,
24,dybap_fusion,0.4,12,,12,12,0,1.0,11,1.9090909090909092,5,0.36363636363636365,1.0909090909090908,27905.104040897524,5180.137736218847,10329.658957395122,8978.744057469397,15430.200387705736,30.169921875,815.2762133287795,7,0.5833333333333334,0.41666666666666663,0.4300288571729704,0.17917869048873766,308,-182.43081675613934,
25,no_batch,0.4,12,,12,12,0,1.0,12,1.0833333333333333,2,0.08333333333333333,1.0,37365.34766133723,3140.708523565068,6845.643502362188,10920.797831636948,12283.77453185542,31.4296875,745.8101451555912,5,0.4166666666666667,0.5833333333333333,0.321153174025373,0.1873393515148009,336,-179.50452346932818,
25,fixed_4,0.4,12,,12,12,0,1.0,11,1.0909090909090908,2,0.09090909090909091,1.0909090909090908,36413.711356895954,2991.0988804417625,6401.384015707959,10735.033875290475,11578.39639884824,33.0234375,685.3159300679654,5,0.4166666666666667,0.5833333333333333,0.32954619435482135,0.19223528004031248,308,-170.68742305785656,
25,sequential_greedy,0.4,12,,12,12,0,1.0,11,1.0909090909090908,2,0.09090909090909091,1.0909090909090908,36413.711356895954,2991.0988804417625,6401.384015707959,10735.033875290475,11578.39639884824,33.0234375,685.3159300679654,5,0.4166666666666667,0.5833333333333333,0.32954619435482135,0.19223528004031248,308,-170.68742305785656,
25,dybap_fusion,0.4,12,,12,12,0,1.0,11,1.0909090909090908,2,0.09090909090909091,1.0909090909090908,36413.711356895954,2991.0988804417625,6401.384015707959,10735.033875290475,11578.39639884824,33.0234375,685.3159300679654,5,0.4166666666666667,0.5833333333333333,0.32954619435482135,0.19223528004031248,308,-170.68742305785656,
26,no_batch,0.4,12,,12,12,0,1.0,12,1.1666666666666667,2,0.16666666666666666,1.0,40963.307152179164,2720.962633382541,6134.3557653603275,11132.6749326317,9646.05935833543,99.84375,971.4842306463737,5,0.4166666666666667,0.5833333333333333,0.2929450973140391,0.17088464009985616,336,-164.5901056181945,
26,fixed_4,0.4,12,,12,12,0,1.0,11,1.0909090909090908,2,0.09090909090909091,1.0909090909090908,40963.307152179164,2673.6392772257964,6081.920667978528,11044.274400764092,9610.274371184936,109.916015625,870.9890547462024,5,0.4166666666666667,0.5833333333333333,0.2929450973140391,0.17088464009985616,308,-160.58599661822865,
26,sequential_greedy,0.4,12,,12,12,0,1.0,11,1.0909090909090908,2,0.09090909090909091,1.0909090909090908,40963.307152179164,2673.6392772257964,6081.920667978528,11044.274400764092,9610.274371184936,109.916015625,870.9890547462024,5,0.4166666666666667,0.5833333333333333,0.2929450973140391,0.17088464009985616,308,-160.58599661822865,
26,dybap_fusion,0.4,12,,12,12,0,1.0,11,1.0909090909090908,2,0.09090909090909091,1.0909090909090908,40963.307152179164,2673.6392772257964,6081.920667978528,11044.274400764092,9610.274371184936,109.916015625,870.9890547462024,5,0.4166666666666667,0.5833333333333333,0.2929450973140391,0.17088464009985616,308,-160.58599661822865,
27,no_batch,0.4,12,,12,12,0,1.0,12,2.0,5,0.5,1.0,38134.1779988294,7004.971078469192,12086.001803175408,10229.138585823046,18983.241661166572,33.1552734375,861.8866529109378,7,0.5833333333333334,0.41666666666666663,0.31467834445961734,0.1311159768581739,336,-212.07476859599834,
27,fixed_4,0.4,12,,12,12,0,1.0,7,1.7142857142857142,4,0.42857142857142855,1.7142857142857142,34551.425207768036,5213.4069106421475,10917.435050520995,8200.689545451165,17515.007201419518,44.3583984375,433.2982818609592,7,0.5833333333333334,0.41666666666666663,0.3473083940196509,0.14471183084152123,196,-151.94473770411494,
27,sequential_greedy,0.4,12,,12,12,0,1.0,7,1.7142857142857142,4,0.42857142857142855,1.7142857142857142,34551.425207768036,5213.4069106421475,10917.435050520995,8200.689545451165,17515.007201419518,44.3583984375,433.2982818609592,7,0.5833333333333334,0.41666666666666663,0.3473083940196509,0.14471183084152123,196,-151.94473770411494,
27,dybap_fusion,0.4,12,,12,12,0,1.0,12,2.0,5,0.5,1.0,38023.26731993038,6952.364008851538,11975.09112427639,10181.02441191522,18920.99968849349,33.1552734375,861.332120592821,7,0.5833333333333334,0.41666666666666663,0.3155962347746493,0.13149843115610388,336,-211.2768716703735,
28,no_batch,0.4,12,,12,12,0,1.0,12,1.25,2,0.25,1.0,27806.50909797114,3163.011833853747,5453.133444503434,10267.019810488255,9560.708218929172,60.8203125,661.2636741756814,8,0.6666666666666666,0.33333333333333337,0.43155363219885673,0.14385121073295226,336,-161.68483960234317,
28,fixed_4,0.4,12,,12,12,0,1.0,11,1.0909090909090908,2,0.09090909090909091,1.0909090909090908,26482.541744339975,2806.2709206717955,4722.195507368234,9935.21041696422,8655.376796571189,63.2900390625,574.4371364265337,8,0.6666666666666666,0.33333333333333337,0.45312871082567896,0.15104290360855965,308,-151.84250094239732,
28,sequential_greedy,0.4,12,,12,12,0,1.0,11,1.0909090909090908,2,0.09090909090909091,1.0909090909090908,26482.541744339975,2806.2709206717955,4722.195507368234,9935.21041696422,8655.376796571189,63.2900390625,574.4371364265337,8,0.6666666666666666,0.33333333333333337,0.45312871082567896,0.15104290360855965,308,-151.84250094239732,
28,dybap_fusion,0.4,12,,12,12,0,1.0,11,1.0909090909090908,2,0.09090909090909091,1.0909090909090908,26482.541744339975,2806.2709206717955,4722.195507368234,9935.21041696422,8655.376796571189,63.2900390625,574.4371364265337,8,0.6666666666666666,0.33333333333333337,0.45312871082567896,0.15104290360855965,308,-151.84250094239732,
29,no_batch,0.4,12,,12,12,0,1.0,12,1.4166666666666667,3,0.3333333333333333,1.0,26326.120418080867,2977.3281474949567,6152.9750330264,10971.922730712004,9432.154143724872,164.326171875,624.2865085354823,6,0.5,0.5,0.4558210556447337,0.22791052782236684,336,-160.01460095306822,
29,fixed_4,0.4,12,,12,12,0,1.0,9,1.3333333333333333,3,0.2222222222222222,1.3333333333333333,25806.591893663124,2495.7742997621485,5021.250628345403,9728.738010474064,8127.159974026301,174.2724609375,499.4900571262269,6,0.5,0.5,0.46499747232979766,0.23249873616489883,252,-126.13683785257105,
29,sequential_greedy,0.4,12,,12,12,0,1.0,9,1.3333333333333333,3,0.2222222222222222,1.3333333333333333,25806.591893663124,2495.7742997621485,5021.250628345403,9728.738010474064,8127.159974026301,174.2724609375,499.4900571262269,6,0.5,0.5,0.46499747232979766,0.23249873616489883,252,-126.13683785257105,
29,dybap_fusion,0.4,12,,12,12,0,1.0,10,1.3,3,0.2,1.2,25806.591893663124,2519.3682437601115,5136.692182324951,10206.129054106785,8648.80284729025,168.4716796875,527.1438305537886,5,0.4166666666666667,0.5833333333333333,0.46499747232979766,0.2712485255257153,280,-143.92767019023373,
30,no_batch,0.4,12,,12,12,0,1.0,12,2.5833333333333335,4,0.8333333333333334,1.0,28796.07008500798,7843.364872677466,15234.881824925682,8950.32121860452,19300.496970657034,32.2880859375,545.2518957464281,9,0.75,0.25,0.41672353083511654,0.10418088270877914,336,-201.7499884688714,
30,fixed_4,0.4,12,,12,12,0,1.0,6,2.0,3,0.8333333333333334,2.0,25237.277691023537,5637.82705626305,10648.874920590257,8357.624641367627,16589.61227263552,51.3076171875,290.0407770203863,9,0.75,0.25,0.4754871007449505,0.11887177518623762,168,-144.7548477432466,
30,sequential_greedy,0.4,12,,12,12,0,1.0,7,1.8571428571428572,3,0.7142857142857143,1.7142857142857142,24211.900891616224,4891.171832045918,9623.498121182944,7116.747914042263,16743.786133615078,39.1552734375,351.36684395888415,7,0.5833333333333334,0.41666666666666663,0.49562403438365304,0.2065100143265221,196,-132.27451631063184,
30,dybap_fusion,0.4,12,,12,12,0,1.0,9,2.4444444444444446,3,0.8888888888888888,1.3333333333333333,25810.589109318942,6790.148729764409,14360.270041680249,8367.768261721722,17022.850868479924,37.7958984375,419.96997911730165,9,0.75,0.25,0.46492545943739755,0.11623136485934939,252,-179.51562492368473,
31,no_batch,0.4,12,,12,12,0,1.0,12,2.25,5,0.5833333333333334,1.0,41667.161189229795,8437.233152099672,15414.518092959965,14126.18599244432,23734.429620173203,124.4501953125,976.6130019738812,10,0.8333333333333334,0.16666666666666663,0.2879965819006115,0.047999430316768586,336,-261.76820553884625,
31,fixed_4,0.4,12,,12,12,0,1.0,6,2.0,4,0.5,2.0,42440.82074288611,9048.4972737107,16862.549660623543,12604.380646991416,26477.111571979895,199.34765625,529.3959492764134,11,0.9166666666666666,0.08333333333333337,0.2827466526318634,0.02356222105265528,168,-179.55895923550347,
31,sequential_greedy,0.4,12,,12,12,0,1.0,6,2.0,4,0.5,2.0,42440.82074288611,9048.4972737107,16862.549660623543,12604.380646991416,26477.111571979895,199.34765625,529.3959492764134,11,0.9166666666666666,0.08333333333333337,0.2827466526318634,0.02356222105265528,168,-179.55895923550347,
31,dybap_fusion,0.4,12,,12,12,0,1.0,10,2.0,5,0.5,1.2,43111.11680784132,8718.203023112923,17137.149215691883,13603.788007883632,25860.90340199922,144.7412109375,816.4928233200814,10,0.8333333333333334,0.16666666666666663,0.27835047868250457,0.046391746447084097,280,-252.5440180661536,
32,no_batch,0.4,12,,12,12,0,1.0,12,1.0,1,0.0,1.0,27103.18184162016,1470.4324383492974,2853.508388699537,7030.940105053807,6752.7462733918155,27.7412109375,501.5127761954067,3,0.25,0.75,0.4427524439795689,0.3320643329846767,336,-109.02508808294664,
32,fixed_4,0.4,12,,12,12,0,1.0,12,1.0,1,0.0,1.0,27103.18184162016,1470.4324383492974,2853.508388699537,7030.940105053807,6752.7462733918155,27.7412109375,501.5127761954067,3,0.25,0.75,0.4427524439795689,0.3320643329846767,336,-109.02508808294664,
32,sequential_greedy,0.4,12,,12,12,0,1.0,12,1.0,1,0.0,1.0,27103.18184162016,1470.4324383492974,2853.508388699537,7030.940105053807,6752.7462733918155,27.7412109375,501.5127761954067,3,0.25,0.75,0.4427524439795689,0.3320643329846767,336,-109.02508808294664,
32,dybap_fusion,0.4,12,,12,12,0,1.0,12,1.0,1,0.0,1.0,27103.18184162016,1470.4324383492974,2853.508388699537,7030.940105053807,6752.7462733918155,27.7412109375,501.5127761954067,3,0.25,0.75,0.4427524439795689,0.3320643329846767,336,-109.02508808294664,
33,no_batch,0.4,12,,12,12,0,1.0,12,1.4166666666666667,3,0.3333333333333333,1.0,29767.423100259908,2552.037860584212,4180.954704970052,6284.607637826158,10349.404258958599,25.1689453125,948.7041785086077,4,0.3333333333333333,0.6666666666666667,0.40312525405987276,0.26875016937324847,336,-123.78573299685031,
33,fixed_4,0.4,12,,12,12,0,1.0,10,1.2,2,0.2,1.2,29767.423100259908,2150.165373309745,3640.646383290704,5581.493640311038,9566.737928988203,27.404296875,781.6149842157494,4,0.3333333333333333,0.6666666666666667,0.40312525405987276,0.26875016937324847,280,-108.92334657030948,
33,sequential_greedy,0.4,12,,12,12,0,1.0,10,1.2,2,0.2,1.2,29767.423100259908,2150.165373309745,3640.646383290704,5581.493640311038,9566.737928988203,27.404296875,781.6149842157494,4,0.3333333333333333,0.6666666666666667,0.40312525405987276,0.26875016937324847,280,-108.92334657030948,
33,dybap_fusion,0.4,12,,12,12,0,1.0,11,1.1818181818181819,2,0.18181818181818182,1.0909090909090908,29767.423100259908,2172.1511882754994,3640.646383290704,5702.594298695824,9957.520584101108,26.109375,835.5907755087702,4,0.3333333333333333,0.6666666666666667,0.40312525405987276,0.26875016937324847,301,-112.64962482236054,
34,no_batch,0.4,12,,12,12,0,1.0,12,1.5,3,0.3333333333333333,1.0,39768.6449073474,4831.659710149607,11833.47152625167,8467.223501037593,19397.74038116431,77.9326171875,837.10422141518,8,0.6666666666666666,0.33333333333333337,0.3017452575504517,0.10058175251681722,336,-190.13538047867928,
34,fixed_4,0.4,12,,12,12,0,1.0,9,1.3333333333333333,3,0.2222222222222222,1.3333333333333333,34796.87191540654,4229.315950633906,8309.803065091213,8421.514644396808,14654.477438366903,100.6611328125,654.3030289125112,7,0.5833333333333334,0.41666666666666663,0.3448585846788982,0.1436910769495409,252,-149.5879735693573,
34,sequential_greedy,0.4,12,,12,12,0,1.0,11,1.3636363636363635,3,0.2727272727272727,1.0909090909090908,39631.77833219356,4822.63435676893,11696.604951097826,8416.379118420733,19387.158242539692,84.744140625,761.6641675028177,8,0.6666666666666666,0.33333333333333337,0.3027873213110954,0.10092910710369848,308,-184.41453258147249,
34,dybap_fusion,0.4,12,,12,12,0,1.0,10,1.5,3,0.3,1.2,34665.05612970131,4119.075770918512,8177.9872793859895,8225.64496533433,14660.340443051628,87.0380859375,712.4939175850409,7,0.5833333333333334,0.41666666666666663,0.34616992844613625,0.14423747018589012,280,-153.93439282868454,
35,no_batch,0.4,12,,12,12,0,1.0,12,3.0833333333333335,5,0.8333333333333334,1.0,25064.78171499244,6890.548194044112,8596.885103192386,12197.11784042353,11974.474809745821,67.40625,893.1890648230897,11,0.9166666666666666,0.08333333333333337,0.47875940578497944,0.03989661714874829,336,-200.14262532520652,
35,fixed_4,0.4,12,,12,12,0,1.0,8,1.5,3,0.375,1.5,19693.645089564132,3076.0298639184907,3752.2011112676323,10134.655299875625,8802.799354234307,58.986328125,591.3394518935671,9,0.75,0.25,0.6093336172874835,0.15233340432187087,224,-153.77117067037122,
35,sequential_greedy,0.4,12,,12,12,0,1.0,7,1.8571428571428572,3,0.5714285714285714,1.7142857142857142,20301.59593053867,4095.0278828975293,6543.433479201446,10458.227938875014,9332.089222480749,69.8203125,511.27876918291224,11,0.9166666666666666,0.08333333333333337,0.5910865353176005,0.049257211276466706,196,-158.71043134419682,
35,dybap_fusion,0.4,12,,12,12,0,1.0,8,2.125,3,0.75,1.5,20340.761611403213,4450.004793657018,6097.070333817794,10935.520326606938,8808.774481195416,73.65234375,596.4668036008624,11,0.9166666666666666,0.08333333333333337,0.5899484114337534,0.04916236761947945,224,-165.4385432795871,
36,no_batch,0.4,12,,12,12,0,1.0,12,1.1666666666666667,2,0.16666666666666666,1.0,28694.31130923735,4228.151309452392,6647.304877636739,11836.662709587185,16270.179923919242,79.5,587.4686757309216,11,0.9166666666666666,0.08333333333333337,0.418201359519541,0.034850113293295085,336,-209.0217819022076,
36,fixed_4,0.4,12,,12,12,0,1.0,10,1.2,2,0.2,1.2,24521.017000903856,3127.550806276255,5008.313330293479,9736.851833350045,14278.109858249829,54.0673828125,463.6484950947596,11,0.9166666666666666,0.08333333333333337,0.48937611354201477,0.040781342795167895,280,-178.74519942742813,
36,sequential_greedy,0.4,12,,12,12,0,1.0,10,1.2,2,0.2,1.2,24521.017000903856,3127.550806276256,5008.313330293479,9736.851833350045,14278.109858249829,54.0673828125,463.6484950947596,11,0.9166666666666666,0.08333333333333337,0.48937611354201477,0.040781342795167895,280,-178.74519942742813,
36,dybap_fusion,0.4,12,,12,12,0,1.0,11,1.1818181818181819,2,0.18181818181818182,1.0909090909090908,26084.676646334403,3897.563464286775,5891.649883095353,10508.308712477838,15046.746380133114,60.75,529.6215537234493,11,0.9166666666666666,0.08333333333333337,0.46004020531672263,0.03833668377639356,308,-191.97929792148142,
37,no_batch,0.4,12,,12,12,0,1.0,12,1.1666666666666667,2,0.16666666666666666,1.0,52617.57772228443,4401.13840995062,10499.885890411244,8853.373524457726,25803.86125632436,84.5419921875,987.3083115340031,5,0.4166666666666667,0.5833333333333333,0.22806066944654882,0.1330353905104868,336,-222.23315446281413,
37,fixed_4,0.4,12,,12,12,0,1.0,10,1.2,2,0.2,1.2,52617.57772228443,4318.828296237525,10484.215315307347,8548.75507879966,25729.937324469487,89.2353515625,796.5434008933379,5,0.4166666666666667,0.5833333333333333,0.22806066944654882,0.1330353905104868,280,-191.29551081664292,
37,sequential_greedy,0.4,12,,12,12,0,1.0,11,1.1818181818181819,2,0.18181818181818182,1.0909090909090908,52617.57772228443,4311.854109248143,10499.885890411244,8607.470680722763,25645.577242145708,85.4560546875,857.0113815248985,5,0.4166666666666667,0.5833333333333333,0.22806066944654882,0.1330353905104868,308,-216.0921573501911,
37,dybap_fusion,0.4,12,,12,12,0,1.0,11,1.1818181818181819,2,0.18181818181818182,1.0909090909090908,52617.57772228443,4311.854109248143,10499.885890411244,8607.470680722763,25645.577242145708,85.4560546875,857.0113815248985,5,0.4166666666666667,0.5833333333333333,0.22806066944654882,0.1330353905104868,308,-216.0921573501911,
38,no_batch,0.4,12,,12,12,0,1.0,12,2.4166666666666665,6,0.5833333333333334,1.0,33348.51731121044,9375.212056014849,19845.152486825762,8204.700505411365,24331.51339648236,23.7509765625,812.3034093167145,7,0.5833333333333334,0.41666666666666663,0.3598360877041475,0.14993170321006147,336,-218.7574204270072,
38,fixed_4,0.4,12,,12,12,0,1.0,7,1.8571428571428572,5,0.42857142857142855,1.7142857142857142,28071.8055395896,7214.492840463626,15248.58904655787,6105.0062406244115,21453.9215975106,29.23828125,512.8777014545877,7,0.5833333333333334,0.41666666666666663,0.42747517551289776,0.1781146564637074,196,-147.17074265895997,
38,sequential_greedy,0.4,12,,12,12,0,1.0,7,1.7142857142857142,5,0.2857142857142857,1.7142857142857142,25779.036590983385,6542.73163141164,11617.901642733712,6096.605264511565,19142.03703849772,29.4580078125,540.3942879740982,6,0.5,0.5,0.46549450975980944,0.23274725487990472,196,-139.26456935099594,
38,dybap_fusion,0.4,12,,12,12,0,1.0,8,1.875,5,0.375,1.5,26976.032597184254,6771.124761022737,12814.89764893458,6537.994759835521,19849.621866895035,27.2958984375,588.4159704537005,7,0.5833333333333334,0.41666666666666663,0.4448393201175385,0.18534971671564104,224,-163.01488897247486,
39,no_batch,0.4,12,,12,12,0,1.0,12,1.0833333333333333,2,0.08333333333333333,1.0,32419.726107390965,1837.8878029704658,2953.9541977777717,6186.818800918861,9849.498397502988,23.3466796875,764.9262135555639,3,0.25,0.75,0.37014501480517664,0.2776087611038825,336,-115.68112055509594,
39,fixed_4,0.4,12,,12,12,0,1.0,11,1.0909090909090908,2,0.09090909090909091,1.0909090909090908,32419.726107390965,1833.7422894144495,2854.113878290853,6043.501319821071,9779.710536832912,24.4365234375,696.938352907054,3,0.25,0.75,0.37014501480517664,0.2776087611038825,308,-108.55117100180759,
39,sequential_greedy,0.4,12,,12,12,0,1.0,12,1.0833333333333333,2,0.08333333333333333,1.0,32419.726107390965,1837.8878029704658,2953.9541977777717,6186.818800918861,9849.498397502988,23.3466796875,764.9262135555639,3,0.25,0.75,0.37014501480517664,0.2776087611038825,336,-115.68112055509594,
39,dybap_fusion,0.4,12,,12,12,0,1.0,12,1.0833333333333333,2,0.08333333333333333,1.0,32419.726107390965,1837.8878029704658,2953.9541977777717,6186.818800918861,9849.498397502988,23.3466796875,764.9262135555639,3,0.25,0.75,0.37014501480517664,0.2776087611038825,336,-115.68112055509594,
40,no_batch,0.4,12,,12,12,0,1.0,12,2.0833333333333335,4,0.5833333333333334,1.0,36198.42396888638,7853.481106684718,17140.54621701497,9576.176642771437,26024.002438632604,81.9931640625,598.2448874823403,12,1.0,0.0,0.33150614541435164,0.0,336,-229.9130253896917,
40,fixed_4,0.4,12,,12,12,0,1.0,7,1.7142857142857142,3,0.5714285714285714,1.7142857142857142,23132.016895757748,4220.466388233584,6281.361690964048,7608.869455541866,14063.522194629972,64.16015625,356.9680447768772,10,0.8333333333333334,0.16666666666666663,0.5187615093866164,0.08646025156443606,196,-143.57246286705143,
40,sequential_greedy,0.4,12,,12,12,0,1.0,8,1.875,4,0.625,1.5,24151.93935495167,4685.191101334002,7553.942927894635,7422.27577353192,15215.877501255807,62.7099609375,411.12887935491864,11,0.9166666666666666,0.08333333333333337,0.4968545102586033,0.04140454252155027,221,-146.9201840012878,
40,dybap_fusion,0.4,12,,12,12,0,1.0,10,2.0,4,0.5,1.2,30432.575869694127,5893.078403862998,10787.157209348821,9150.996531037457,20751.375220899754,90.6416015625,530.2041177569104,12,1.0,0.0,0.39431430488767927,0.0,280,-196.85185212797012,
41,no_batch,0.4,12,,12,12,0,1.0,12,1.1666666666666667,2,0.16666666666666666,1.0,23642.797904594176,1610.9659070448458,2727.7349290320662,7048.0899662707725,6401.47025367935,27.5859375,589.9188039248158,1,0.08333333333333333,0.9166666666666666,0.507554141790816,0.46525796330824803,336,-102.4929662477218,
41,fixed_4,0.4,12,,12,12,0,1.0,11,1.0909090909090908,2,0.09090909090909091,1.0909090909090908,23642.797904594176,1410.3358064033027,2036.407670898651,6867.435799981782,5625.929226854886,28.6611328125,540.8689011495474,1,0.08333333333333333,0.9166666666666666,0.507554141790816,0.46525796330824803,308,-96.25969924200895,
41,sequential_greedy,0.4,12,,12,12,0,1.0,11,1.1818181818181819,2,0.18181818181818182,1.0909090909090908,23642.797904594176,1494.9834107644463,2310.5804606741845,6854.485652407021,6112.532300962692,28.453125,547.6745812465598,1,0.08333333333333333,0.9166666666666666,0.507554141790816,0.46525796330824803,308,-97.41071519510858,
41,dybap_fusion,0.4,12,,12,12,0,1.0,11,1.0909090909090908,2,0.09090909090909091,1.0909090909090908,23642.797904594176,1410.3358064033027,2036.407670898651,6867.435799981782,5625.929226854886,28.6611328125,540.8689011495474,1,0.08333333333333333,0.9166666666666666,0.507554141790816,0.46525796330824803,308,-96.25969924200895,
42,no_batch,0.4,12,,12,12,0,1.0,12,1.0833333333333333,2,0.08333333333333333,1.0,19883.239410908445,1528.5163672976007,2336.2937842968186,8648.372005720681,4921.939272522508,31.892578125,722.8716557270209,4,0.3333333333333333,0.6666666666666667,0.603523387311652,0.40234892487443463,336,-116.41391277337705,
42,fixed_4,0.4,12,,12,12,0,1.0,11,1.0909090909090908,2,0.09090909090909091,1.0909090909090908,19501.370857165904,1502.773512064021,2246.8057757734723,8382.493101552467,4877.855400776212,33.1201171875,650.9658778989898,4,0.3333333333333333,0.6666666666666667,0.615341356661115,0.41022757110741004,308,-110.30136995570902,
42,sequential_greedy,0.4,12,,12,12,0,1.0,11,1.0909090909090908,2,0.09090909090909091,1.0909090909090908,19501.370857165904,1502.773512064021,2246.8057757734723,8382.493101552467,4877.855400776212,33.1201171875,650.9658778989898,4,0.3333333333333333,0.6666666666666667,0.615341356661115,0.41022757110741004,308,-110.30136995570902,
42,dybap_fusion,0.4,12,,12,12,0,1.0,12,1.0833333333333333,2,0.08333333333333333,1.0,19883.239410908445,1528.5163672976007,2336.2937842968186,8648.372005720681,4921.939272522508,31.892578125,722.8716557270209,4,0.3333333333333333,0.6666666666666667,0.603523387311652,0.40234892487443463,336,-116.41391277337705,
43,no_batch,0.4,12,,12,12,0,1.0,12,3.8333333333333335,6,0.8333333333333334,1.0,35737.62064724939,11387.546594980304,17291.866506921124,9797.616361617896,25163.46711386206,75.8583984375,776.5371717694258,11,0.9166666666666666,0.08333333333333337,0.33578060829641726,0.02798171735803477,336,-241.21998119229877,
43,fixed_4,0.4,12,,12,12,0,1.0,6,2.1666666666666665,5,0.5,2.0,30713.891753248397,8086.096480828716,18019.796565215296,8142.25786781881,22107.100758079116,113.2353515625,335.2430014601168,10,0.8333333333333334,0.16666666666666663,0.39070268582068707,0.06511711430344784,168,-186.49944281658966,
43,sequential_greedy,0.4,12,,12,12,0,1.0,7,1.7142857142857142,5,0.2857142857142857,1.7142857142857142,30713.891753248397,6915.834735540997,17483.40286121398,7594.364112977771,19874.652398562204,63.328125,381.83187829197175,7,0.5833333333333334,0.41666666666666663,0.39070268582068707,0.1627927857586196,196,-175.58905780030636,
43,dybap_fusion,0.4,12,,12,12,0,1.0,7,2.0,5,0.2857142857142857,1.7142857142857142,30713.891753248397,7059.3441856457,17240.15840847503,7431.553268243643,21259.856446382895,66.779296875,381.5066494820636,7,0.5833333333333334,0.41666666666666663,0.39070268582068707,0.1627927857586196,196,-176.97180738405092,
44,no_batch,0.4,12,,12,12,0,1.0,12,1.8333333333333333,3,0.5,1.0,23240.047975108024,2841.019029890034,4607.001820070813,7634.770175476072,8797.796943549325,22.6318359375,702.3613530036633,7,0.5833333333333334,0.41666666666666663,0.5163500528421014,0.2151458553508756,336,-134.28412531301322,
44,fixed_4,0.4,12,,12,12,0,1.0,9,1.3333333333333333,3,0.2222222222222222,1.3333333333333333,23240.047975108024,2050.397450798398,3787.510197403062,6194.291152379003,8586.592554764595,25.6552734375,484.32940486381347,7,0.5833333333333334,0.41666666666666663,0.5163500528421014,0.2151458553508756,252,-114.21508147380179,
44,sequential_greedy,0.4,12,,12,12,0,1.0,9,1.3333333333333333,3,0.2222222222222222,1.3333333333333333,23240.047975108024,2050.397450798398,3787.510197403062,6194.291152379003,8586.592554764595,25.6552734375,484.32940486381347,7,0.5833333333333334,0.41666666666666663,0.5163500528421014,0.2151458553508756,252,-114.21508147380179,
44,dybap_fusion,0.4,12,,12,12,0,1.0,10,1.6,3,0.5,1.2,23240.047975108024,2427.2928079099706,4282.509058099982,6671.1214715589595,8512.86873977106,23.44921875,578.0039745478908,7,0.5833333333333334,0.41666666666666663,0.5163500528421014,0.2151458553508756,280,-121.24069611583785,
45,no_batch,0.4,12,,12,12,0,1.0,12,1.0,1,0.0,1.0,38183.32678129861,2019.211797832613,3499.234475099369,8971.758880795294,9109.471005945155,26.33203125,717.9365465189945,3,0.25,0.75,0.3142732970527164,0.2357049727895373,336,-139.85122133318993,
45,fixed_4,0.4,12,,12,12,0,1.0,12,1.0,1,0.0,1.0,38183.32678129861,2019.211797832613,3499.234475099369,8971.758880795294,9109.471005945155,26.33203125,717.9365465189945,3,0.25,0.75,0.3142732970527164,0.2357049727895373,336,-139.85122133318993,
45,sequential_greedy,0.4,12,,12,12,0,1.0,12,1.0,1,0.0,1.0,38183.32678129861,2019.211797832613,3499.234475099369,8971.758880795294,9109.471005945155,26.33203125,717.9365465189945,3,0.25,0.75,0.3142732970527164,0.2357049727895373,336,-139.85122133318993,
45,dybap_fusion,0.4,12,,12,12,0,1.0,12,1.0,1,0.0,1.0,38183.32678129861,2019.211797832613,3499.234475099369,8971.758880795294,9109.471005945155,26.33203125,717.9365465189945,3,0.25,0.75,0.3142732970527164,0.2357049727895373,336,-139.85122133318993,
46,no_batch,0.4,12,,12,12,0,1.0,12,1.5833333333333333,3,0.4166666666666667,1.0,34495.12191103951,4447.273922990364,8389.816664689406,8313.307970151924,16821.196492948595,49.18359375,789.3404345528189,7,0.5833333333333334,0.41666666666666663,0.3478752743923374,0.14494803099680725,336,-175.03722286512848,
46,fixed_4,0.4,12,,12,12,0,1.0,10,1.2,2,0.2,1.2,34495.12191103951,3066.7983291183814,5329.268728705081,7506.190857115145,13889.071218115454,41.26171875,692.3266301391499,4,0.3333333333333333,0.6666666666666667,0.3478752743923374,0.2319168495948916,280,-141.92146869369492,
46,sequential_greedy,0.4,12,,12,12,0,1.0,10,1.2,2,0.2,1.2,34495.12191103951,3066.7983291183814,5329.268728705081,7506.190857115145,13889.071218115454,41.26171875,692.3266301391499,4,0.3333333333333333,0.6666666666666667,0.3478752743923374,0.2319168495948916,280,-141.92146869369492,
46,dybap_fusion,0.4,12,,12,12,0,1.0,11,1.3636363636363635,3,0.2727272727272727,1.0909090909090908,34495.12191103951,3322.1304797698335,5689.988515748833,7811.441485218886,14512.010384111665,42.287109375,733.8736175597172,6,0.5,0.5,0.3478752743923374,0.1739376371961687,308,-157.87503283469098,
47,no_batch,0.4,12,,12,12,0,1.0,12,1.0833333333333333,2,0.08333333333333333,1.0,30480.795012448725,3916.121953081036,10805.091590261909,9547.547284038204,16270.940079108124,31.658203125,758.7597571436611,6,0.5,0.5,0.39369051873807936,0.19684525936903968,336,-186.4859660538946,
47,fixed_4,0.4,12,,12,12,0,1.0,11,1.0909090909090908,2,0.09090909090909091,1.0909090909090908,29482.626514403433,3869.547921890628,11042.596979573302,8665.88483240729,16260.87776641984,31.986328125,652.3160234175707,6,0.5,0.5,0.40701936763122254,0.20350968381561127,308,-171.64427697280726,
47,sequential_greedy,0.4,12,,12,12,0,1.0,11,1.0909090909090908,2,0.09090909090909091,1.0909090909090908,29482.626514403433,3869.547921890628,11042.596979573302,8665.88483240729,16260.87776641984,31.986328125,652.3160234175707,6,0.5,0.5,0.40701936763122254,0.20350968381561127,308,-171.64427697280726,
47,dybap_fusion,0.4,12,,12,12,0,1.0,12,1.0833333333333333,2,0.08333333333333333,1.0,30480.795012448725,3916.121953081036,10805.091590261909,9547.547284038204,16270.940079108124,31.658203125,758.7597571436611,6,0.5,0.5,0.39369051873807936,0.19684525936903968,336,-186.4859660538946,
48,no_batch,0.4,12,,12,12,0,1.0,12,1.6666666666666667,3,0.5,1.0,36085.908098501,7117.800845159997,15786.4036441063,10939.881795034593,21808.996037413286,51.92578125,747.227515109496,8,0.6666666666666666,0.33333333333333337,0.3325397816578288,0.11084659388594294,336,-223.0589323133965,
48,fixed_4,0.4,12,,12,12,0,1.0,8,1.5,3,0.25,1.5,31838.576618104096,6190.041869642682,13876.807993225231,10035.126296675067,18659.59205864443,54.9990234375,554.0555118409761,8,0.6666666666666666,0.33333333333333337,0.3769012711823475,0.1256337570607825,224,-190.34078253868057,
48,sequential_greedy,0.4,12,,12,12,0,1.0,9,1.4444444444444444,3,0.2222222222222222,1.3333333333333333,32376.83194357947,6159.361141045628,14415.063318700604,9734.978415009693,19443.280483423598,53.2119140625,608.7702942025545,8,0.6666666666666666,0.33333333333333337,0.3706353982042297,0.12354513273474323,252,-192.68246946592254,
48,dybap_fusion,0.4,12,,12,12,0,1.0,10,1.4,3,0.2,1.2,33132.97348978844,6268.99909015816,15245.827912569264,10470.741033198812,19426.76474144092,51.8173828125,645.6649642050871,8,0.6666666666666666,0.33333333333333337,0.3621769716412079,0.12072565721373596,280,-202.8556215570722,
49,no_batch,0.4,12,,12,12,0,1.0,12,1.75,3,0.5833333333333334,1.0,18775.310469312593,3404.720107549662,6685.691746420766,8981.624687465865,9012.674312114683,107.0654296875,781.0114697320489,8,0.6666666666666666,0.33333333333333337,0.6391372339548507,0.21304574465161688,336,-138.03647274374063,
49,fixed_4,0.4,12,,12,12,0,1.0,8,1.5,3,0.375,1.5,17914.86003786318,3006.4981281972177,6176.098852705339,8823.534350813974,8396.21067819362,141.6328125,523.9623407597431,7,0.5833333333333334,0.41666666666666663,0.6698349847354608,0.279097910306442,224,-108.43174698012994,
49,sequential_greedy,0.4,12,,12,12,0,1.0,9,1.5555555555555556,3,0.4444444444444444,1.3333333333333333,17602.970730804896,2718.8558323353413,5762.644855594938,8541.940385992459,8319.790494303408,123.375,570.0871824131845,7,0.5833333333333334,0.41666666666666663,0.6817031161109759,0.28404296504624,252,-114.55927456277013,
49,dybap_fusion,0.4,12,,12,12,0,1.0,11,1.7272727272727273,3,0.5454545454545454,1.0909090909090908,16682.313045485993,2622.1851976022954,5119.370619390829,8161.3936593671515,7770.021780642366,90.6005859375,683.4173464836016,7,0.5833333333333334,0.41666666666666663,0.7193247103852326,0.29971862932718024,307,-122.77113082022713,
50,no_batch,0.4,12,,12,12,0,1.0,12,1.5,3,0.3333333333333333,1.0,26393.09738204445,2033.438739795397,3690.8425240295683,4784.084096534158,6945.083657453331,22.51171875,882.1498521813493,5,0.4166666666666667,0.5833333333333333,0.4546643323554646,0.26522086054068766,336,-95.15878866792542,
50,fixed_4,0.4,12,,12,12,0,1.0,9,1.3333333333333333,3,0.2222222222222222,1.3333333333333333,24508.356364324944,1702.8823435645893,3293.9880188769657,3776.5423588956064,6265.066195251531,23.4375,684.9680343021957,3,0.25,0.75,0.4896289176481675,0.36722168823612567,252,-74.01886032216612,
50,sequential_greedy,0.4,12,,12,12,0,1.0,9,1.3333333333333333,3,0.2222222222222222,1.3333333333333333,24508.356364324944,1702.8823435645893,3293.9880188769657,3776.5423588956064,6265.066195251531,23.4375,684.9680343021957,3,0.25,0.75,0.4896289176481675,0.36722168823612567,252,-74.01886032216612,
50,dybap_fusion,0.4,12,,12,12,0,1.0,10,1.3,3,0.2,1.2,25040.592510212802,1738.649159155675,3293.9880188769657,3984.2277789167233,6558.567818154345,23.126953125,716.0171372661252,3,0.25,0.75,0.4792218872259433,0.35941641541945746,280,-79.96303944164885,
51,no_batch,0.4,12,,12,12,0,1.0,12,1.6666666666666667,3,0.5,1.0,26585.870492072077,3658.7079231839566,6954.331558503397,10028.23162912834,13245.848419402448,27.2607421875,582.3450665366946,7,0.5833333333333334,0.41666666666666663,0.45136757901451474,0.18806982458938115,336,-179.21631363435546,
51,fixed_4,0.4,12,,12,12,0,1.0,9,1.3333333333333333,3,0.2222222222222222,1.3333333333333333,26585.870492072077,2862.2460470685764,5829.637754165614,8623.311735785664,12062.5562923636,29.009765625,458.68095924163697,6,0.5,0.5,0.45136757901451474,0.22568378950725737,252,-145.24513499083378,
51,sequential_greedy,0.4,12,,12,12,0,1.0,9,1.3333333333333333,3,0.2222222222222222,1.3333333333333333,26585.870492072077,2862.2460470685764,5829.637754165614,8623.311735785664,12062.5562923636,29.009765625,458.68095924163697,6,0.5,0.5,0.45136757901451474,0.22568378950725737,252,-145.24513499083378,
51,dybap_fusion,0.4,12,,12,12,0,1.0,10,1.4,3,0.3,1.2,26585.870492072077,2984.484480458448,6177.588577279418,9079.829263887672,12266.51883462294,28.4091796875,506.2998659102582,6,0.5,0.5,0.45136757901451474,0.22568378950725737,280,-161.27479874535234,
52,no_batch,0.4,12,,12,12,0,1.0,12,2.8333333333333335,5,0.75,1.0,22473.922792924135,5728.39396945119,7431.509384677028,8787.388583085214,12912.90246330787,30.3486328125,773.6317465310493,9,0.75,0.25,0.5339521769549807,0.13348804423874516,336,-170.87438379346173,
52,fixed_4,0.4,12,,12,12,0,1.0,6,2.1666666666666665,5,0.5,2.0,19222.92579835845,4407.802961965317,6755.499642847962,7450.989026670562,11070.920764533234,45.3515625,416.30501906370637,7,0.5833333333333334,0.41666666666666663,0.6242546075387101,0.26010608647446254,168,-126.87007983819953,
52,sequential_greedy,0.4,12,,12,12,0,1.0,8,2.0,5,0.5,1.5,20338.750564411122,4751.646291783588,6874.127902673436,8126.535851882456,11666.051367054008,41.2470703125,546.163345474659,8,0.6666666666666666,0.33333333333333337,0.59000674412113,0.1966689147070433,224,-149.05491206457862,
52,dybap_fusion,0.4,12,,12,12,0,1.0,9,2.4444444444444446,5,0.6666666666666666,1.3333333333333333,20056.547098613635,4621.853568171023,7017.999830521025,7682.703878007562,11771.184419752353,32.94140625,602.6588008537221,8,0.6666666666666666,0.33333333333333337,0.5983083698803506,0.1994361232934502,252,-148.3688884236375,
53,no_batch,0.4,12,,12,12,0,1.0,12,1.25,2,0.25,1.0,26695.347275953598,3577.377017984709,6019.324629068113,7312.466544323187,16178.513975864911,74.203125,549.2590070755972,9,0.75,0.25,0.44951653469626357,0.11237913367406589,336,-159.3419739715172,
53,fixed_4,0.4,12,,12,12,0,1.0,10,1.2,2,0.2,1.2,26023.56913056031,2813.5553021395026,4471.982617733489,6699.5264197586,14316.92052484637,64.83984375,435.54588367829433,7,0.5833333333333334,0.41666666666666663,0.46112045353179537,0.19213352230491473,280,-139.28746165585306,
53,sequential_greedy,0.4,12,,12,12,0,1.0,10,1.2,2,0.2,1.2,26023.56913056031,2813.5553021395026,4471.982617733489,6699.5264197586,14316.92052484637,64.83984375,435.54588367829433,7,0.5833333333333334,0.41666666666666663,0.46112045353179537,0.19213352230491473,280,-139.28746165585306,
53,dybap_fusion,0.4,12,,12,12,0,1.0,10,1.3,2,0.3,1.2,26023.56913056031,3181.3660195221782,5329.941118904548,6800.652172266585,14647.413198987346,78.41015625,433.6816365536715,8,0.6666666666666666,0.33333333333333337,0.46112045353179537,0.15370681784393178,280,-141.31754525803268,
54,no_batch,0.4,12,,12,12,0,1.0,12,1.5833333333333333,3,0.4166666666666667,1.0,35623.29159547833,6063.294181691873,8867.41324515322,10011.514354301098,21388.966273558504,85.78125,860.9757962792257,10,0.8333333333333334,0.16666666666666663,0.33685825937329056,0.05614304322888176,336,-214.17739214326073,
54,fixed_4,0.4,12,,12,12,0,1.0,8,1.5,3,0.375,1.5,32196.892906348152,4676.264390178155,6584.679970912205,8508.324784928775,17437.572382590137,66.1201171875,507.2009708320729,8,0.6666666666666666,0.33333333333333337,0.3727067712684164,0.12423559042280546,224,-163.9071015937141,
54,sequential_greedy,0.4,12,,12,12,0,1.0,8,1.625,3,0.375,1.5,34829.09162854349,5526.992668558028,9561.725278487296,8836.760596495105,19727.822393486313,85.8515625,520.7138705648989,9,0.75,0.25,0.3445395627305318,0.08613489068263296,224,-180.88361449489915,
54,dybap_fusion,0.4,12,,12,12,0,1.0,11,1.6363636363636365,3,0.45454545454545453,1.0909090909090908,35298.66643465342,6076.0257618601945,9129.040889699738,10244.186987721863,20937.536526113767,96.5302734375,755.1077494782987,10,0.8333333333333334,0.16666666666666663,0.3399561856597323,0.05665936427662204,308,-211.54091690567276,
55,no_batch,0.4,12,,12,12,0,1.0,12,2.1666666666666665,4,0.5,1.0,38243.485432270485,7292.3934566210955,14424.306742247456,11512.482161922198,16977.454587051907,118.201171875,722.1414147030183,10,0.8333333333333334,0.16666666666666663,0.3137789316105117,0.05229648860175195,336,-203.27689954158046,
55,fixed_4,0.4,12,,12,12,0,1.0,7,1.7142857142857142,4,0.2857142857142857,1.7142857142857142,27766.0994946145,3960.7194833815906,7233.30351690297,9847.75686935063,8445.311924382055,96.7294921875,441.62343228846095,9,0.75,0.25,0.43218169704850024,0.10804542426212506,196,-129.38926462134458,
55,sequential_greedy,0.4,12,,12,12,0,1.0,7,1.7142857142857142,4,0.2857142857142857,1.7142857142857142,27766.0994946145,3960.7194833815906,7233.30351690297,9847.75686935063,8445.311924382055,96.7294921875,441.62343228846095,9,0.75,0.25,0.43218169704850024,0.10804542426212506,196,-129.38926462134458,
55,dybap_fusion,0.4,12,,12,12,0,1.0,10,1.8,4,0.4,1.2,33830.749346566656,5532.008178823317,10416.833572140273,10643.288837063614,13521.551003567018,97.751953125,634.5022373426664,9,0.75,0.25,0.35470689333749067,0.08867672333437267,280,-175.51450648592288,
56,no_batch,0.4,12,,12,12,0,1.0,12,1.0833333333333333,2,0.08333333333333333,1.0,39262.291962532356,3433.9869492186585,9246.106111671059,6834.6936891431205,17185.373900625375,29.865234375,848.4168544248035,3,0.25,0.75,0.30563676749822677,0.22922757562367008,336,-161.46741225108502,
56,fixed_4,0.4,12,,12,12,0,1.0,11,1.0909090909090908,2,0.09090909090909091,1.0909090909090908,39262.291962532356,3379.429746669902,8812.657294096924,6442.804307236468,17220.211387874766,30.099609375,772.0199315079335,3,0.25,0.75,0.30563676749822677,0.22922757562367008,308,-133.92718809604222,
56,sequential_greedy,0.4,12,,12,12,0,1.0,11,1.0909090909090908,2,0.09090909090909091,1.0909090909090908,39262.291962532356,3379.429746669902,8812.657294096924,6442.804307236468,17220.211387874766,30.099609375,772.0199315079335,3,0.25,0.75,0.30563676749822677,0.22922757562367008,308,-133.92718809604222,
56,dybap_fusion,0.4,12,,12,12,0,1.0,12,1.0833333333333333,2,0.08333333333333333,1.0,39262.291962532356,3433.9869492186585,9246.106111671059,6834.6936891431205,17185.373900625375,29.865234375,848.4168544248035,3,0.25,0.75,0.30563676749822677,0.22922757562367008,336,-161.46741225108502,
57,no_batch,0.4,12,,12,12,0,1.0,12,3.6666666666666665,6,0.8333333333333334,1.0,29993.529724179527,10315.130418169965,13912.425544403794,11832.376694455334,17418.698173720364,45.8408203125,742.4548560038314,11,0.9166666666666666,0.08333333333333337,0.40008628895471754,0.03334052407955979,336,-221.32226510318972,
57,fixed_4,0.4,12,,12,12,0,1.0,6,2.0,3,0.6666666666666666,2.0,22765.504862446578,5560.106196842244,8681.022475339334,10295.088255312734,11659.865994455935,61.5791015625,359.9543327091173,10,0.8333333333333334,0.16666666666666663,0.5271132826838779,0.08785221378064632,168,-162.3608252211592,
57,sequential_greedy,0.4,12,,12,12,0,1.0,7,2.0,3,0.5714285714285714,1.7142857142857142,23067.340818283308,5506.835063439495,8681.022475339334,9943.517488148245,12695.414613595145,54.0029296875,428.4087165399183,10,0.8333333333333334,0.16666666666666663,0.520216009922077,0.08670266832034615,196,-162.19686831898855,
57,dybap_fusion,0.4,12,,12,12,0,1.0,9,2.7777777777777777,5,0.7777777777777778,1.3333333333333333,24744.513262478766,7423.708860625513,11305.231160769265,10017.807944627779,14148.95406888493,49.3212890625,577.7512489660545,10,0.8333333333333334,0.16666666666666663,0.4849559929795082,0.08082599882991803,252,-179.73092038848097,
58,no_batch,0.4,12,,12,12,0,1.0,12,1.0833333333333333,2,0.08333333333333333,1.0,36481.55478386616,4254.247336687131,7097.750980242306,11096.630075679821,20554.571763851476,95.056640625,865.5656916358496,5,0.4166666666666667,0.5833333333333333,0.3289333492252079,0.19187778704803793,336,-217.3739200906262,
58,fixed_4,0.4,12,,12,12,0,1.0,11,1.0909090909090908,2,0.09090909090909091,1.0909090909090908,35506.405746137025,4026.3925928766243,6898.485263184832,10674.202472801771,20086.517990553104,95.630859375,780.8980300831347,5,0.4166666666666667,0.5833333333333333,0.3379671850143705,0.1971475245917161,308,-205.03295580796166,
58,sequential_greedy,0.4,12,,12,12,0,1.0,11,1.0909090909090908,2,0.09090909090909091,1.0909090909090908,35506.405746137025,4026.3925928766243,6898.485263184832,10674.202472801771,20086.517990553104,95.630859375,780.8980300831347,5,0.4166666666666667,0.5833333333333333,0.3379671850143705,0.1971475245917161,308,-205.03295580796166,
58,dybap_fusion,0.4,12,,12,12,0,1.0,11,1.0909090909090908,2,0.09090909090909091,1.0909090909090908,35506.405746137025,4026.3925928766243,6898.485263184832,10674.202472801771,20086.517990553104,95.630859375,780.8980300831347,5,0.4166666666666667,0.5833333333333333,0.3379671850143705,0.1971475245917161,308,-205.03295580796166,
59,no_batch,0.4,12,,12,12,0,1.0,12,1.5833333333333333,4,0.3333333333333333,1.0,26078.623516587417,3721.6783403365735,10387.786353747211,10085.089827046586,10593.592296545348,34.248046875,976.9254964865573,5,0.4166666666666667,0.5833333333333333,0.46014698560939576,0.2684190749388142,336,-160.49338339763366,
59,fixed_4,0.4,12,,12,12,0,1.0,9,1.3333333333333333,4,0.1111111111111111,1.3333333333333333,26078.623516587417,3356.6931209380964,7548.319434115409,9427.438496738638,9210.709967861894,44.431640625,746.6787355072612,7,0.5833333333333334,0.41666666666666663,0.46014698560939576,0.19172791067058156,252,-130.30027400172494,
59,sequential_greedy,0.4,12,,12,12,0,1.0,10,1.4,4,0.2,1.2,26078.623516587417,2943.570754426084,7757.417912091762,8965.261581533327,9805.236440717126,35.958984375,823.4276558336932,5,0.4166666666666667,0.5833333333333333,0.46014698560939576,0.2684190749388142,280,-132.37756796598214,
59,dybap_fusion,0.4,12,,12,12,0,1.0,11,1.4545454545454546,4,0.2727272727272727,1.0909090909090908,26078.623516587417,3421.9860134522655,9385.601580718609,9997.22002397695,9772.592398108387,35.455078125,883.6104249645515,5,0.4166666666666667,0.5833333333333333,0.46014698560939576,0.2684190749388142,308,-154.4847209392184,
60,no_batch,0.4,12,,12,12,0,1.0,12,1.1666666666666667,2,0.16666666666666666,1.0,35614.8532061266,1297.315238645347,2441.381241243979,7908.3775207634035,3045.5404686610163,95.77734375,777.9694435223464,4,0.3333333333333333,0.6666666666666667,0.3369380727346565,0.22462538182310435,336,-100.13367539735704,
60,fixed_4,0.4,12,,12,12,0,1.0,10,1.2,2,0.2,1.2,35614.8532061266,1521.0957685430003,2975.0819598842145,8361.549273270783,3684.5368118770766,139.640625,575.0007268223916,5,0.4166666666666667,0.5833333333333333,0.3369380727346565,0.19654720909521628,280,-100.01389993441843,
60,sequential_greedy,0.4,12,,12,12,0,1.0,12,1.1666666666666667,2,0.16666666666666666,1.0,35614.8532061266,1297.315238645347,2441.381241243979,7908.3775207634035,3045.5404686610163,95.77734375,777.9694435223464,4,0.3333333333333333,0.6666666666666667,0.3369380727346565,0.22462538182310435,336,-100.13367539735704,
60,dybap_fusion,0.4,12,,12,12,0,1.0,12,1.1666666666666667,2,0.16666666666666666,1.0,35614.8532061266,1297.315238645347,2441.381241243979,7908.3775207634035,3045.5404686610163,95.77734375,777.9694435223464,4,0.3333333333333333,0.6666666666666667,0.3369380727346565,0.22462538182310435,336,-100.13367539735704,
61,no_batch,0.4,12,,12,12,0,1.0,12,1.6666666666666667,3,0.4166666666666667,1.0,41302.085943988735,4997.595934812762,9301.952868967657,6960.283843297142,18646.550592939668,42.6943359375,852.0373437081454,7,0.5833333333333334,0.41666666666666663,0.29054222627577786,0.12105926094824078,336,-175.50951059506076,
61,fixed_4,0.4,12,,12,12,0,1.0,9,1.3333333333333333,3,0.2222222222222222,1.3333333333333333,40164.43764483844,4335.784285263077,9122.854490781876,6640.2796941323695,16351.26224549162,48.1376953125,679.407466022101,7,0.5833333333333334,0.41666666666666663,0.2987717668578419,0.12448823619076746,252,-153.74578237088153,
61,sequential_greedy,0.4,12,,12,12,0,1.0,9,1.3333333333333333,3,0.2222222222222222,1.3333333333333333,40164.43764483844,4335.784285263077,9122.854490781876,6640.2796941323695,16351.26224549162,48.1376953125,679.407466022101,7,0.5833333333333334,0.41666666666666663,0.2987717668578419,0.12448823619076746,252,-153.74578237088153,
61,dybap_fusion,0.4,12,,12,12,0,1.0,9,1.5555555555555556,3,0.4444444444444444,1.3333333333333333,40164.43764483844,4573.555787694523,9122.854490781876,6769.91445170608,17094.390671739657,48.9814453125,674.5500837750562,7,0.5833333333333334,0.41666666666666663,0.2987717668578419,0.12448823619076746,249,-161.09460732218656,
62,no_batch,0.4,12,,12,12,0,1.0,12,1.5,3,0.4166666666666667,1.0,27362.302053959644,2841.73822750494,4933.17903556169,14479.858635622306,3607.507158749535,46.1044921875,585.959043116611,9,0.75,0.25,0.43855959108760223,0.10963989777190056,336,-173.83398743122467,
62,fixed_4,0.4,12,,12,12,0,1.0,9,1.3333333333333333,3,0.2222222222222222,1.3333333333333333,25805.613514466128,2721.256070823674,4521.593244067372,13138.382574853063,3510.597901011469,54.8525390625,467.6558221304039,9,0.75,0.25,0.46501510197667,0.1162537754941675,252,-156.60591751642204,
62,sequential_greedy,0.4,12,,12,12,0,1.0,10,1.3,3,0.2,1.2,26246.22231078882,2709.3975166031933,4342.125655850648,13505.197223922434,3518.870608861298,51.638671875,533.1772615338976,9,0.75,0.25,0.45720865494106777,0.11430216373526694,280,-161.95873170481218,
62,dybap_fusion,0.4,12,,12,12,0,1.0,11,1.4545454545454546,3,0.36363636363636365,1.0909090909090908,26789.208635373838,2734.968621437242,4836.541592476517,14156.441678780766,3399.0279100494895,49.7431640625,544.7618300723872,9,0.75,0.25,0.4479415634605416,0.1119853908651354,308,-168.4771456264183,
63,no_batch,0.4,12,,12,12,0,1.0,12,1.0,1,0.0,1.0,42176.45628350733,2252.563622844084,5676.403117931932,8748.829140100024,14328.44268539561,59.1005859375,623.5959579511755,3,0.25,0.75,0.2845189249503752,0.21338919371278137,336,-158.07915463864836,
63,fixed_4,0.4,12,,12,12,0,1.0,12,1.0,1,0.0,1.0,42176.45628350733,2252.563622844084,5676.403117931932,8748.829140100024,14328.44268539561,59.1005859375,623.5959579511755,3,0.25,0.75,0.2845189249503752,0.21338919371278137,336,-158.07915463864836,
63,sequential_greedy,0.4,12,,12,12,0,1.0,12,1.0,1,0.0,1.0,42176.45628350733,2252.563622844084,5676.403117931932,8748.829140100024,14328.44268539561,59.1005859375,623.5959579511755,3,0.25,0.75,0.2845189249503752,0.21338919371278137,336,-158.07915463864836,
63,dybap_fusion,0.4,12,,12,12,0,1.0,12,1.0,1,0.0,1.0,42176.45628350733,2252.563622844084,5676.403117931932,8748.829140100024,14328.44268539561,59.1005859375,623.5959579511755,3,0.25,0.75,0.2845189249503752,0.21338919371278137,336,-158.07915463864836,
64,no_batch,0.4,12,,12,12,0,1.0,12,1.8333333333333333,4,0.4166666666666667,1.0,22320.129348188708,2725.171041901703,4751.455328875795,4111.78160039443,11949.278790640425,19.88671875,570.0105415011062,3,0.25,0.75,0.5376312929375477,0.4032234697031608,336,-104.99945860605317,
64,fixed_4,0.4,12,,12,12,0,1.0,9,1.3333333333333333,4,0.1111111111111111,1.3333333333333333,21951.583999733677,2167.5969684628158,3093.64555464019,3744.974294133348,10563.052283727056,22.34765625,434.30755219825096,3,0.25,0.75,0.5466575897277202,0.4099931922957901,252,-89.80587418559007,
64,sequential_greedy,0.4,12,,12,12,0,1.0,9,1.3333333333333333,4,0.1111111111111111,1.3333333333333333,21951.583999733677,2167.5969684628158,3093.64555464019,3744.974294133348,10563.052283727056,22.34765625,434.30755219825096,3,0.25,0.75,0.5466575897277202,0.4099931922957901,252,-89.80587418559007,
64,dybap_fusion,0.4,12,,12,12,0,1.0,10,1.6,4,0.3,1.2,21951.583999733677,2297.7488367178635,3717.195584837268,3798.890886259416,10462.235245374326,20.958984375,497.02356787604896,3,0.25,0.75,0.5466575897277202,0.4099931922957901,280,-92.74463819273349,
65,no_batch,0.4,12,,12,12,0,1.0,12,1.1666666666666667,2,0.16666666666666666,1.0,27449.239255934757,3390.4656183699044,6535.652242112252,10437.848073132383,14137.599343145745,32.0390625,930.9739618627347,6,0.5,0.5,0.43717058560759564,0.21858529280379782,336,-184.8901248491942,
65,fixed_4,0.4,12,,12,12,0,1.0,10,1.2,2,0.2,1.2,26786.107729533218,3322.5806098679263,6592.072941020001,9734.2156240673,13794.801350668577,33.7060546875,761.0641043966281,6,0.5,0.5,0.44799341961763683,0.22399670980881842,280,-172.07099444803205,
65,sequential_greedy,0.4,12,,12,12,0,1.0,10,1.2,2,0.2,1.2,26786.107729533218,3322.5806098679263,6592.072941020001,9734.2156240673,13794.801350668577,33.7060546875,761.0641043966281,6,0.5,0.5,0.44799341961763683,0.22399670980881842,280,-172.07099444803205,
65,dybap_fusion,0.4,12,,12,12,0,1.0,12,1.1666666666666667,2,0.16666666666666666,1.0,27449.239255934757,3390.4656183699044,6535.652242112252,10437.848073132383,14137.599343145745,32.0390625,930.9739618627347,6,0.5,0.5,0.43717058560759564,0.21858529280379782,336,-184.8901248491942,
66,no_batch,0.4,12,,12,12,0,1.0,12,2.5833333333333335,5,0.5833333333333334,1.0,31656.992787143547,7302.238395325025,11652.523979717549,9918.555477200072,17077.34370934775,50.9853515625,761.1938823674743,8,0.6666666666666666,0.33333333333333337,0.37906316878188784,0.1263543895939626,336,-196.64165803746363,
66,fixed_4,0.4,12,,12,12,0,1.0,7,1.8571428571428572,5,0.42857142857142855,1.7142857142857142,25322.90887251252,5374.344322022123,8298.717437032501,8024.361366390506,12990.339745603498,59.1826171875,408.3080422902606,8,0.6666666666666666,0.33333333333333337,0.4738792079698927,0.15795973598996424,196,-141.5215105983434,
66,sequential_greedy,0.4,12,,12,12,0,1.0,8,1.75,5,0.375,1.5,26088.953403123447,5190.982671529568,7911.215172548969,7823.774950970358,13843.804042311094,54.0263671875,521.4746916137392,8,0.6666666666666666,0.33333333333333337,0.4599647910200692,0.15332159700668974,224,-146.31458500338937,
66,dybap_fusion,0.4,12,,12,12,0,1.0,8,1.875,5,0.375,1.5,26591.399483070225,5331.224845081364,9043.114627030174,8033.859253445333,14180.077427036482,55.9775390625,477.563084360154,8,0.6666666666666666,0.33333333333333337,0.45127372884755323,0.15042457628251774,224,-148.07179860036467,
67,no_batch,0.4,12,,12,12,0,1.0,12,1.5833333333333333,3,0.5,1.0,26865.412903462537,4013.6842914445224,5711.997179673897,7737.315805047785,15564.76757927961,67.8603515625,617.9755827714511,9,0.75,0.25,0.4466709684723805,0.11166774211809513,336,-165.25972183108433,
67,fixed_4,0.4,12,,12,12,0,1.0,9,1.3333333333333333,3,0.2222222222222222,1.3333333333333333,24659.75811185887,2972.087906972962,4460.474358221856,6542.778453867104,13844.989453439011,63.4423828125,461.6893263461113,7,0.5833333333333334,0.41666666666666663,0.48662277811351295,0.2027594908806304,252,-136.48536464684761,
67,sequential_greedy,0.4,12,,12,12,0,1.0,10,1.3,3,0.2,1.2,24719.02370842902,3138.5530904384013,4585.016660111009,6828.458812699926,14450.008236523623,65.9560546875,495.2027228417834,7,0.5833333333333334,0.41666666666666663,0.4854560658036054,0.20227336075150223,280,-143.4362779537986,
67,dybap_fusion,0.4,12,,12,12,0,1.0,11,1.3636363636363635,3,0.2727272727272727,1.0909090909090908,25464.359497794918,3489.8004067003935,5330.352449476907,7358.059768990681,14598.314911187597,67.9541015625,562.6308812529552,7,0.5833333333333334,0.41666666666666663,0.4712468813927615,0.19635286724698395,308,-150.04214305655358,
68,no_batch,0.4,12,,12,12,0,1.0,12,2.4166666666666665,5,0.5833333333333334,1.0,35054.78595826401,6139.006189596647,11179.864867283293,16487.82391700714,11532.402619209917,167.4375,553.7219730045528,10,0.8333333333333334,0.16666666666666663,0.34232130283970696,0.057053550473284496,336,-227.93482124886017,
68,fixed_4,0.4,12,,12,12,0,1.0,7,1.7142857142857142,4,0.42857142857142855,1.7142857142857142,27550.797532431963,4260.0756327207855,7113.061876342756,12696.85206954943,8108.6671268249665,116.0390625,264.44088701516233,9,0.75,0.25,0.4355590790384185,0.10888976975960463,196,-160.71639612268874,
68,sequential_greedy,0.4,12,,12,12,0,1.0,8,1.625,3,0.5,1.5,26876.042087149362,3562.8904975098753,6183.813742395187,12805.356191772407,7270.517001912936,136.86328125,319.3314444216181,7,0.5833333333333334,0.41666666666666663,0.44649431493998654,0.18603929789166104,224,-159.23000817287416,
68,dybap_fusion,0.4,12,,12,12,0,1.0,10,2.2,5,0.5,1.2,33284.13949783012,5636.023877782598,9556.724336713409,15383.297866120089,10992.492808819616,175.9921875,427.511373848017,10,0.8333333333333334,0.16666666666666663,0.3605320786731564,0.0600886797788594,280,-209.74007242287743,
69,no_batch,0.4,12,,12,12,0,1.0,12,1.0833333333333333,2,0.08333333333333333,1.0,24622.92354088815,2027.682095319374,4533.666475614136,8826.582221972649,8198.115594696032,40.0166015625,800.6129455109104,3,0.25,0.75,0.48735073965011216,0.3655130547375841,336,-134.29690549612585,
69,fixed_4,0.4,12,,12,12,0,1.0,11,1.0909090909090908,2,0.09090909090909091,1.0909090909090908,24622.92354088815,1983.3086262936747,4500.097111996583,8748.37028274698,7671.035768719827,43.2802734375,723.4749703203391,3,0.25,0.75,0.48735073965011216,0.3655130547375841,308,-128.24996616259511,
69,sequential_greedy,0.4,12,,12,12,0,1.0,11,1.0909090909090908,2,0.09090909090909091,1.0909090909090908,24622.92354088815,1983.3086262936747,4500.097111996583,8748.37028274698,7671.035768719827,43.2802734375,723.4749703203391,3,0.25,0.75,0.48735073965011216,0.3655130547375841,308,-128.24996616259511,
69,dybap_fusion,0.4,12,,12,12,0,1.0,12,1.0833333333333333,2,0.08333333333333333,1.0,24622.92354088815,2027.682095319374,4533.666475614136,8826.582221972649,8198.115594696032,40.0166015625,800.6129455109104,3,0.25,0.75,0.48735073965011216,0.3655130547375841,336,-134.29690549612585,
70,no_batch,0.4,12,,12,12,0,1.0,12,1.9166666666666667,4,0.5,1.0,32287.86020456187,6013.476664275488,9903.501200977033,8570.928760214361,20663.941484310784,75.5419921875,858.3129662656136,9,0.75,0.25,0.3716567132034519,0.09291417830086297,336,-190.3182026425341,
70,fixed_4,0.4,12,,12,12,0,1.0,8,1.5,4,0.25,1.5,26430.74205718946,4108.387238638493,7886.784619249784,7428.292396353199,14942.433045452366,59.7216796875,519.3071725897843,6,0.5,0.5,0.45401676479741,0.227008382398705,224,-143.5285868066393,
70,sequential_greedy,0.4,12,,12,12,0,1.0,8,1.75,4,0.5,1.5,27505.337594864824,4612.17301837741,7608.8474767906255,7249.677782979896,16139.497272151664,49.986328125,575.4530969391557,8,0.6666666666666666,0.33333333333333337,0.4362789570792387,0.1454263190264129,224,-154.10361292597935,
70,dybap_fusion,0.4,12,,12,12,0,1.0,10,1.7,4,0.4,1.2,27313.995885133052,4853.684921280627,9985.28124747409,7186.7065632002705,17193.61209046199,59.947265625,739.0002376996814,9,0.75,0.25,0.43933520567496215,0.10983380141874054,280,-161.87834255121675,
71,no_batch,0.4,12,,12,12,0,1.0,12,1.25,2,0.25,1.0,37667.42815537253,3449.9183294262857,8508.013773785393,9487.781477808165,15560.941931025009,41.1796875,646.4199894263827,7,0.5833333333333334,0.41666666666666663,0.3185776302672374,0.13274067927801558,336,-177.301577815938,
71,fixed_4,0.4,12,,12,12,0,1.0,10,1.2,2,0.2,1.2,32631.09425479143,2629.147957581556,4766.887897997438,8792.528958152416,11302.11799827726,37.8076171875,564.162541248788,7,0.5833333333333334,0.41666666666666663,0.3677473978132978,0.15322808242220742,280,-143.69936794945627,
71,sequential_greedy,0.4,12,,12,12,0,1.0,10,1.2,2,0.2,1.2,32631.09425479143,2629.147957581556,4766.887897997438,8792.528958152416,11302.11799827726,37.8076171875,564.162541248788,7,0.5833333333333334,0.41666666666666663,0.3677473978132978,0.15322808242220742,280,-143.69936794945627,
71,dybap_fusion,0.4,12,,12,12,0,1.0,11,1.1818181818181819,2,0.18181818181818182,1.0909090909090908,35515.823909224644,3058.0987456526527,7701.922165593975,9489.018506818165,13472.135419776881,48.85546875,582.3852255166298,7,0.5833333333333334,0.41666666666666663,0.3378775621444389,0.1407823175601829,308,-163.1565193245622,
72,no_batch,0.4,12,,12,12,0,1.0,12,1.25,2,0.25,1.0,20326.633699070073,1485.587448853448,2621.3420281229305,4159.593448884373,7644.245929807963,16.4560546875,649.7859980351247,1,0.08333333333333333,0.9166666666666666,0.5903584517562783,0.5411619141099218,336,-81.37654670223864,
72,fixed_4,0.4,12,,12,12,0,1.0,9,1.3333333333333333,2,0.3333333333333333,1.3333333333333333,20326.633699070073,1350.250499961842,2171.900141209511,3800.778121961704,6841.1715074359845,18.46875,490.56803674510473,2,0.16666666666666666,0.8333333333333334,0.5903584517562783,0.49196537646356525,252,-67.7924700031289,
72,sequential_greedy,0.4,12,,12,12,0,1.0,10,1.3,2,0.3,1.2,20326.633699070073,1386.9003863877506,2335.7302027994215,3866.380686743903,7473.924536007887,17.2001953125,537.2688575046765,2,0.16666666666666666,0.8333333333333334,0.5903584517562783,0.49196537646356525,280,-72.53986495200982,
72,dybap_fusion,0.4,12,,12,12,0,1.0,12,1.25,2,0.25,1.0,20326.633699070073,1482.987773611865,2612.7630998257064,4147.5843105850845,7644.245929807963,16.4560546875,646.1970848849145,1,0.08333333333333333,0.9166666666666666,0.5903584517562783,0.5411619141099218,333,-81.22056618774366,
73,no_batch,0.4,12,,12,12,0,1.0,12,1.5,3,0.3333333333333333,1.0,29238.930353637872,4098.113474052222,6510.896203553777,8746.16373777184,16109.303311630973,45.59765625,834.1067882252066,9,0.75,0.25,0.4104117303493277,0.10260293258733193,336,-181.182991895336,
73,fixed_4,0.4,12,,12,12,0,1.0,9,1.3333333333333333,3,0.2222222222222222,1.3333333333333333,27683.363590909248,3677.84803829733,5450.658283987041,8890.81409735595,14646.419075448259,52.53515625,591.8996070098577,9,0.75,0.25,0.4334733371757108,0.1083683342939277,252,-167.5136373492739,
73,sequential_greedy,0.4,12,,12,12,0,1.0,10,1.4,3,0.3,1.2,28513.297776463616,3620.929351933131,6259.3762980457905,8786.200019339238,15482.842807691823,51.6181640625,694.8984334227047,8,0.6666666666666666,0.33333333333333337,0.4208562648234058,0.14028542160780194,279,-165.67305343975943,
73,dybap_fusion,0.4,12,,12,12,0,1.0,12,1.5,3,0.3333333333333333,1.0,29238.930353637872,4098.113474052222,6510.896203553777,8746.16373777184,16109.303311630973,45.59765625,834.1067882252066,9,0.75,0.25,0.4104117303493277,0.10260293258733193,336,-181.182991895336,
74,no_batch,0.4,12,,12,12,0,1.0,12,3.75,6,0.75,1.0,32021.87612773901,10228.973712184064,14334.197951215234,7681.368877075205,17923.001282977024,31.55859375,854.2916965841559,10,0.8333333333333334,0.16666666666666663,0.37474381426405484,0.06245730237734247,336,-183.70836183286679,
74,fixed_4,0.4,12,,12,12,0,1.0,5,2.8,6,0.6,2.4,25039.816645824245,7770.274734205646,13602.98364305714,5497.917766640711,13622.821649676775,42.193359375,355.8629584041355,8,0.6666666666666666,0.33333333333333337,0.4792367360246296,0.15974557867487654,140,-125.22942042451628,
74,sequential_greedy,0.4,12,,12,12,0,1.0,5,2.4,6,0.4,2.4,26051.667358233753,7794.721332505548,14273.67308452161,5795.52229924949,14339.489796114909,49.095703125,353.4409917667305,7,0.5833333333333334,0.41666666666666663,0.46062310849394994,0.19192629520581247,140,-127.945356072069,
74,dybap_fusion,0.4,12,,12,12,0,1.0,6,2.5,6,0.6666666666666666,2.0,25585.003630939533,7357.738239810016,13858.308422977454,5653.356467459775,13953.945621389155,37.6259765625,414.48727098797343,8,0.6666666666666666,0.33333333333333337,0.4690247526675585,0.1563415842225195,168,-131.81618533223485,
75,no_batch,0.4,12,,12,12,0,1.0,12,1.4166666666666667,2,0.4166666666666667,1.0,32464.28876942057,4556.016068067565,7870.251763549399,8408.769452458804,17909.978730082166,24.837890625,663.3955422248256,5,0.4166666666666667,0.5833333333333333,0.36963692891073857,0.2156215418645975,336,-181.68109578977922,
75,fixed_4,0.4,12,,12,12,0,1.0,10,1.2,2,0.2,1.2,32464.28876942057,3724.334134933826,6875.992144530742,7510.654237599201,16033.374467165564,25.412109375,526.1080085729155,5,0.4166666666666667,0.5833333333333333,0.36963692891073857,0.2156215418645975,280,-159.70002166446457,
75,sequential_greedy,0.4,12,,12,12,0,1.0,10,1.2,2,0.2,1.2,32464.28876942057,3724.334134933826,6875.992144530742,7510.654237599201,16033.374467165564,25.412109375,526.1080085729155,5,0.4166666666666667,0.5833333333333333,0.36963692891073857,0.2156215418645975,280,-159.70002166446457,
75,dybap_fusion,0.4,12,,12,12,0,1.0,11,1.1818181818181819,2,0.18181818181818182,1.0909090909090908,32464.28876942057,3764.1957962401066,6817.791213481296,8008.0766109124415,16055.688175730638,25.388671875,590.5317370053288,5,0.4166666666666667,0.5833333333333333,0.36963692891073857,0.2156215418645975,308,-165.64049638742947,
76,no_batch,0.4,12,,12,12,0,1.0,12,1.75,4,0.3333333333333333,1.0,53889.42402333819,5412.196005570509,11106.67889742697,8432.97705019673,16319.601752261018,30.3720703125,639.0405544507589,6,0.5,0.5,0.22267820110311615,0.11133910055155807,336,-174.30930755714607,
76,fixed_4,0.4,12,,12,12,0,1.0,9,1.3333333333333333,4,0.1111111111111111,1.3333333333333333,52579.923343162474,5244.52125557917,11329.37473574276,7649.239358235516,15938.690357857216,39.33984375,494.188960640056,6,0.5,0.5,0.2282239919157373,0.11411199595786865,252,-160.86857785284897,
76,sequential_greedy,0.4,12,,12,12,0,1.0,9,1.3333333333333333,4,0.1111111111111111,1.3333333333333333,52579.923343162474,5244.52125557917,11329.37473574276,7649.239358235516,15938.690357857216,39.33984375,494.188960640056,6,0.5,0.5,0.2282239919157373,0.11411199595786865,252,-160.86857785284897,
76,dybap_fusion,0.4,12,,12,12,0,1.0,10,1.5,4,0.2,1.2,52582.77639234025,5109.664077268354,10581.741397896942,7464.305824616005,16058.36108613487,32.2587890625,562.3048151596882,6,0.5,0.5,0.22821160888241046,0.11410580444120523,280,-162.59524715054906,
77,no_batch,0.4,12,,12,12,0,1.0,12,1.1666666666666667,2,0.16666666666666666,1.0,46898.02827808057,2694.0103561270166,4984.449827159524,10995.396110082844,12211.529315876323,43.0107421875,705.9001192340859,8,0.6666666666666666,0.33333333333333337,0.2558742966515848,0.08529143221719493,336,-182.0806030937785,
77,fixed_4,0.4,12,,12,12,0,1.0,10,1.2,2,0.2,1.2,43271.69139508603,2243.4670001339364,3509.05225548629,9593.468728624473,9189.151540310933,38.4873046875,525.6768312363988,6,0.5,0.5,0.2773175628943113,0.13865878144715565,280,-143.94512529013207,
77,sequential_greedy,0.4,12,,12,12,0,1.0,10,1.2,2,0.2,1.2,43271.69139508603,2243.4670001339364,3509.05225548629,9593.468728624473,9189.151540310933,38.4873046875,525.6768312363988,6,0.5,0.5,0.2773175628943113,0.13865878144715565,280,-143.94512529013207,
77,dybap_fusion,0.4,12,,12,12,0,1.0,12,1.1666666666666667,2,0.16666666666666666,1.0,46898.02827808057,2694.0103561270166,4984.449827159524,10995.396110082844,12211.529315876323,43.0107421875,705.9001192340859,8,0.6666666666666666,0.33333333333333337,0.2558742966515848,0.08529143221719493,336,-182.0806030937785,
78,no_batch,0.4,12,,12,12,0,1.0,12,1.0,1,0.0,1.0,27776.067800088036,1552.0208718842741,2853.544049231291,8531.036495787506,6233.097488440208,59.982421875,766.8529123382858,2,0.16666666666666666,0.8333333333333334,0.43202659521021064,0.36002216267517556,336,-121.24467942286962,
78,fixed_4,0.4,12,,12,12,0,1.0,12,1.0,1,0.0,1.0,27776.067800088036,1552.0208718842741,2853.544049231291,8531.036495787506,6233.097488440208,59.982421875,766.8529123382858,2,0.16666666666666666,0.8333333333333334,0.43202659521021064,0.36002216267517556,336,-121.24467942286962,
78,sequential_greedy,0.4,12,,12,12,0,1.0,12,1.0,1,0.0,1.0,27776.067800088036,1552.0208718842741,2853.544049231291,8531.036495787506,6233.097488440208,59.982421875,766.8529123382858,2,0.16666666666666666,0.8333333333333334,0.43202659521021064,0.36002216267517556,336,-121.24467942286962,
78,dybap_fusion,0.4,12,,12,12,0,1.0,12,1.0,1,0.0,1.0,27776.067800088036,1552.0208718842741,2853.544049231291,8531.036495787506,6233.097488440208,59.982421875,766.8529123382858,2,0.16666666666666666,0.8333333333333334,0.43202659521021064,0.36002216267517556,336,-121.24467942286962,
79,no_batch,0.4,12,,12,12,0,1.0,12,1.0,1,0.0,1.0,33268.12031580658,2245.3869667036265,3933.102246735379,9453.438087922588,11993.199255004993,36.4130859375,849.7867787165192,5,0.4166666666666667,0.5833333333333333,0.3607056811772584,0.21041164735340073,336,-160.8525740914565,
79,fixed_4,0.4,12,,12,12,0,1.0,12,1.0,1,0.0,1.0,33268.12031580658,2245.3869667036265,3933.102246735379,9453.438087922588,11993.199255004993,36.4130859375,849.7867787165192,5,0.4166666666666667,0.5833333333333333,0.3607056811772584,0.21041164735340073,336,-160.8525740914565,
79,sequential_greedy,0.4,12,,12,12,0,1.0,12,1.0,1,0.0,1.0,33268.12031580658,2245.3869667036265,3933.102246735379,9453.438087922588,11993.199255004993,36.4130859375,849.7867787165192,5,0.4166666666666667,0.5833333333333333,0.3607056811772584,0.21041164735340073,336,-160.8525740914565,
79,dybap_fusion,0.4,12,,12,12,0,1.0,12,1.0,1,0.0,1.0,33268.12031580658,2245.3869667036265,3933.102246735379,9453.438087922588,11993.199255004993,36.4130859375,849.7867787165192,5,0.4166666666666667,0.5833333333333333,0.3607056811772584,0.21041164735340073,336,-160.8525740914565,
80,no_batch,0.4,12,,12,12,0,1.0,12,2.0833333333333335,5,0.5,1.0,27613.330078218816,4534.995278977091,7528.429218929221,8418.253421252393,12565.305790645549,39.263671875,948.6607342323124,7,0.5833333333333334,0.41666666666666663,0.43457272143592374,0.18107196726496824,336,-157.74711794418934,
80,fixed_4,0.4,12,,12,12,0,1.0,7,1.7142857142857142,4,0.2857142857142857,1.7142857142857142,27613.330078218816,3435.931260158302,5935.778234785245,5985.892356942783,11968.181126662957,45.6533203125,557.4164317652959,7,0.5833333333333334,0.41666666666666663,0.43457272143592374,0.18107196726496824,196,-109.24664052522598,
80,sequential_greedy,0.4,12,,12,12,0,1.0,8,1.625,4,0.25,1.5,27613.330078218816,3392.9929620549487,5760.638802416725,6162.647023569845,12163.007268719726,42.4892578125,623.2563684745309,7,0.5833333333333334,0.41666666666666663,0.43457272143592374,0.18107196726496824,224,-114.65233039476462,
80,dybap_fusion,0.4,12,,12,12,0,1.0,10,1.6,4,0.3,1.2,27613.330078218816,3699.6310649072807,6366.79042273315,7450.675515812373,12207.393510061702,41.220703125,804.6325576278375,7,0.5833333333333334,0.41666666666666663,0.43457272143592374,0.18107196726496824,280,-144.5847127441511,
81,no_batch,0.4,12,,12,12,0,1.0,12,1.0,1,0.0,1.0,42395.42763440799,1615.8627776678895,3067.3812830877796,7762.205584740489,7002.170112998283,37.3037109375,679.8627277061775,3,0.25,0.75,0.28304939163441384,0.2122870437258104,336,-119.3688687155568,
81,fixed_4,0.4,12,,12,12,0,1.0,12,1.0,1,0.0,1.0,42395.42763440799,1615.8627776678895,3067.3812830877796,7762.205584740489,7002.170112998283,37.3037109375,679.8627277061775,3,0.25,0.75,0.28304939163441384,0.2122870437258104,336,-119.3688687155568,
81,sequential_greedy,0.4,12,,12,12,0,1.0,12,1.0,1,0.0,1.0,42395.42763440799,1615.8627776678895,3067.3812830877796,7762.205584740489,7002.170112998283,37.3037109375,679.8627277061775,3,0.25,0.75,0.28304939163441384,0.2122870437258104,336,-119.3688687155568,
81,dybap_fusion,0.4,12,,12,12,0,1.0,12,1.0,1,0.0,1.0,42395.42763440799,1615.8627776678895,3067.3812830877796,7762.205584740489,7002.170112998283,37.3037109375,679.8627277061775,3,0.25,0.75,0.28304939163441384,0.2122870437258104,336,-119.3688687155568,
82,no_batch,0.4,12,,12,12,0,1.0,12,1.8333333333333333,3,0.5833333333333334,1.0,42190.3895474506,7818.523904015241,11357.257564522615,11032.937029944242,25085.781795368846,67.564453125,691.867814537554,9,0.75,0.25,0.28442496333208456,0.07110624083302114,336,-247.0713972394272,
82,fixed_4,0.4,12,,12,12,0,1.0,8,1.5,3,0.375,1.5,38876.24191312418,6202.874889691888,10063.606076294636,9976.312503373367,21181.608315865888,58.86328125,414.5284773514655,8,0.6666666666666666,0.33333333333333337,0.3086718110977938,0.1028906036992646,224,-194.1564246004481,
82,sequential_greedy,0.4,12,,12,12,0,1.0,9,1.4444444444444444,3,0.3333333333333333,1.3333333333333333,40031.84212969459,6425.9937556284085,10169.015687706156,10221.948477055612,22080.899468741478,61.5556640625,425.2015673640436,8,0.6666666666666666,0.33333333333333337,0.2997613739863025,0.09992045799543417,252,-214.7121060827329,
82,dybap_fusion,0.4,12,,12,12,0,1.0,11,1.5454545454545454,3,0.45454545454545453,1.0909090909090908,41127.64758179379,6826.0532575574,10268.822322780721,10831.481289450276,24101.347690446786,72.046875,567.3423593172979,8,0.6666666666666666,0.33333333333333337,0.29177452895001244,0.0972581763166708,308,-235.61951261225352,
83,no_batch,0.4,12,,12,12,0,1.0,12,1.1666666666666667,2,0.16666666666666666,1.0,46195.88064426429,3177.4877888493706,9329.50150689255,7409.249508869344,19657.811053426285,52.1103515625,817.8376329223149,3,0.25,0.75,0.25976342116750895,0.1948225658756317,336,-172.83543452505631,
83,fixed_4,0.4,12,,12,12,0,1.0,11,1.0909090909090908,2,0.09090909090909091,1.0909090909090908,46195.88064426429,3060.5151736442167,9329.50150689255,7107.025599982512,19423.99041461161,52.8837890625,767.8297831704551,3,0.25,0.75,0.25976342116750895,0.1948225658756317,308,-167.179318641811,
83,sequential_greedy,0.4,12,,12,12,0,1.0,11,1.0909090909090908,2,0.09090909090909091,1.0909090909090908,46195.88064426429,3060.5151736442167,9329.50150689255,7107.025599982512,19423.99041461161,52.8837890625,767.8297831704551,3,0.25,0.75,0.25976342116750895,0.1948225658756317,308,-167.179318641811,
83,dybap_fusion,0.4,12,,12,12,0,1.0,11,1.0909090909090908,2,0.09090909090909091,1.0909090909090908,46195.88064426429,3060.5151736442167,9329.50150689255,7107.025599982512,19423.99041461161,52.8837890625,767.8297831704551,3,0.25,0.75,0.25976342116750895,0.1948225658756317,308,-167.179318641811,
84,no_batch,0.4,12,,12,12,0,1.0,12,1.9166666666666667,4,0.5833333333333334,1.0,37635.29061024127,6885.574006120222,12085.727579797891,8631.950486628859,26734.32253671159,55.1337890625,828.9176323445297,11,0.9166666666666666,0.08333333333333337,0.31884967022772437,0.026570805852310364,336,-237.6357724951936,
84,fixed_4,0.4,12,,12,12,0,1.0,8,1.5,2,0.5,1.5,30449.331566100507,4171.813965180389,8363.647007361635,7261.214143297489,21219.329542518957,56.77734375,528.6879257277726,7,0.5833333333333334,0.41666666666666663,0.3940973211168845,0.1642072171320352,224,-173.3369777773605,
84,sequential_greedy,0.4,12,,12,12,0,1.0,9,1.4444444444444444,2,0.4444444444444444,1.3333333333333333,30092.96924682423,4118.31060489643,8167.647731759679,7436.093478295505,20627.659018104518,54.0703125,589.116795867918,7,0.5833333333333334,0.41666666666666663,0.3987642396326971,0.1661517665136238,252,-183.22001791040347,
84,dybap_fusion,0.4,12,,12,12,0,1.0,10,1.6,3,0.5,1.2,31124.715231081995,4701.979792830829,8735.108023101451,7928.770416884812,21094.924416666974,54.251953125,660.9204429739132,9,0.75,0.25,0.385545696110224,0.096386424027556,280,-195.88287144850122,
85,no_batch,0.4,12,,12,12,0,1.0,12,1.75,3,0.4166666666666667,1.0,26079.763827696042,2867.8050031717416,4869.981132541801,9951.265748719352,6363.481710958893,37.470703125,665.5741119634016,7,0.5833333333333334,0.41666666666666663,0.46012686615115383,0.19171952756298077,336,-139.12542052754563,
85,fixed_4,0.4,12,,12,12,0,1.0,9,1.3333333333333333,3,0.2222222222222222,1.3333333333333333,23643.67013034194,2156.441863618025,4012.3514875960022,8923.489140781447,5123.4579518545115,42.0673828125,474.1490849179813,6,0.5,0.5,0.5075354178876144,0.2537677089438072,252,-116.89951114471133,
85,sequential_greedy,0.4,12,,12,12,0,1.0,9,1.3333333333333333,3,0.2222222222222222,1.3333333333333333,23643.67013034194,2156.441863618025,4012.3514875960022,8923.489140781447,5123.4579518545115,42.0673828125,474.1490849179813,6,0.5,0.5,0.5075354178876144,0.2537677089438072,252,-116.89951114471133,
85,dybap_fusion,0.4,12,,12,12,0,1.0,10,1.4,3,0.3,1.2,24590.450392716943,2428.1182127252437,4285.085310891884,9451.427053604755,5512.812195029438,40.1689453125,526.7688880283529,7,0.5833333333333334,0.41666666666666663,0.4879943152059586,0.2033309646691494,280,-128.53700933845906,
86,no_batch,0.4,12,,12,12,0,1.0,12,3.0,6,0.75,1.0,22268.915179094638,6910.072052621297,11026.05940102181,9737.619643974382,11803.14571187503,31.46484375,728.1498232452251,10,0.8333333333333334,0.16666666666666663,0.5388677402330413,0.08981129003884022,336,-175.11468667783384,
86,fixed_4,0.4,12,,12,12,0,1.0,6,2.3333333333333335,6,0.5,2.0,19984.68343898374,5588.057349506881,8091.217816491809,9196.265544375898,8969.864258507241,51.111328125,368.950784535893,10,0.8333333333333334,0.16666666666666663,0.600459848995748,0.10007664149929132,168,-144.80848831910373,
86,sequential_greedy,0.4,12,,12,12,0,1.0,6,2.1666666666666665,6,0.3333333333333333,2.0,20117.667470690303,5176.6742878748855,8622.011310349651,8059.8943506066225,9199.792981360884,44.431640625,398.05937445051507,9,0.75,0.25,0.5964906228559032,0.1491226557139758,167,-133.10369645674842,
86,dybap_fusion,0.4,12,,12,12,0,1.0,10,2.3,6,0.5,1.2,20493.82187452581,5832.637491587097,9830.519741097229,8811.674024837219,11038.52140272786,34.6904296875,609.8122250164175,10,0.8333333333333334,0.16666666666666663,0.5855423197034915,0.09759038661724859,277,-160.08310790887145,
87,no_batch,0.4,12,,12,12,0,1.0,12,1.0833333333333333,2,0.08333333333333333,1.0,48324.45347308381,2497.484076208783,4824.863739181649,10940.268049371502,11678.412961894932,62.05078125,853.1616098694589,6,0.5,0.5,0.24832148400154938,0.12416074200077469,336,-176.35941071522052,
87,fixed_4,0.4,12,,12,12,0,1.0,11,1.0909090909090908,2,0.09090909090909091,1.0909090909090908,48324.45347308381,2439.891752130238,4753.4353355188405,10522.690189863457,11645.375853632953,58.0986328125,782.7628693680952,6,0.5,0.5,0.24832148400154938,0.12416074200077469,308,-171.24301093445877,
87,sequential_greedy,0.4,12,,12,12,0,1.0,12,1.0833333333333333,2,0.08333333333333333,1.0,48324.45347308381,2497.484076208783,4824.863739181649,10940.268049371502,11678.412961894932,62.05078125,853.1616098694589,6,0.5,0.5,0.24832148400154938,0.12416074200077469,336,-176.35941071522052,
87,dybap_fusion,0.4,12,,12,12,0,1.0,11,1.0909090909090908,2,0.09090909090909091,1.0909090909090908,48324.45347308381,2439.891752130238,4753.4353355188405,10522.690189863457,11645.375853632953,58.0986328125,782.7628693680952,6,0.5,0.5,0.24832148400154938,0.12416074200077469,308,-171.24301093445877,
88,no_batch,0.4,12,,12,12,0,1.0,12,1.8333333333333333,4,0.4166666666666667,1.0,31407.894616961046,2961.7868315596656,6029.8612862309565,9816.135269071126,5189.273822180721,29.3203125,713.6420560791857,7,0.5833333333333334,0.41666666666666663,0.38206954481819044,0.15919564367424602,336,-136.80868653974585,
88,fixed_4,0.4,12,,12,12,0,1.0,8,1.5,4,0.25,1.5,28968.95204619083,2572.6347068169453,5030.66899621351,9260.137747789826,3518.752927282066,43.9453125,501.21790148892296,7,0.5833333333333334,0.41666666666666663,0.41423659305542254,0.1725985804397594,224,-115.61925519504896,
88,sequential_greedy,0.4,12,,12,12,0,1.0,10,1.5,4,0.2,1.2,29218.889190774196,2314.4287154368944,4643.18950420237,9025.396433840246,3886.157821685286,30.6181640625,618.4914656186498,6,0.5,0.5,0.41069323072654573,0.20534661536327287,280,-118.2848796157927,
88,dybap_fusion,0.4,12,,12,12,0,1.0,10,1.5,4,0.2,1.2,29218.889190774196,2314.4287154368944,4643.18950420237,9025.396433840246,3886.157821685286,30.6181640625,618.4914656186498,6,0.5,0.5,0.41069323072654573,0.20534661536327287,280,-118.2848796157927,
89,no_batch,0.4,12,,12,12,0,1.0,12,2.5833333333333335,4,0.6666666666666666,1.0,43855.13962998722,10907.744112479984,18970.65979361546,10259.18218981307,27830.32994867397,72.2578125,581.7758383490017,10,0.8333333333333334,0.16666666666666663,0.2736281334695524,0.04560468891159206,336,-247.80465870935632,
89,fixed_4,0.4,12,,12,12,0,1.0,6,2.0,4,0.5,2.0,28285.542072968845,5550.815906254258,10175.552439750765,7356.468257259091,15447.54726968789,54.57421875,297.67489287068736,10,0.8333333333333334,0.16666666666666663,0.42424500718576763,0.07070750119762793,168,-138.4622383891872,
89,sequential_greedy,0.4,12,,12,12,0,1.0,6,2.0,4,0.5,2.0,28285.542072968845,5550.815906254258,10175.552439750765,7356.468257259091,15447.54726968789,54.57421875,297.67489287068736,10,0.8333333333333334,0.16666666666666663,0.42424500718576763,0.07070750119762793,168,-138.4622383891872,
89,dybap_fusion,0.4,12,,12,12,0,1.0,9,1.8888888888888888,3,0.5555555555555556,1.3333333333333333,36542.92173977117,6801.012040962766,14521.378276884921,9824.970203918729,21081.459326547647,70.1162109375,452.6405561536204,10,0.8333333333333334,0.16666666666666663,0.3283809676044569,0.05473016126740949,252,-206.58984860242398,
90,no_batch,0.4,12,,12,12,0,1.0,12,2.75,5,0.75,1.0,35957.07729690632,9776.60772959134,13646.326949294118,12011.88969815931,23245.425750909108,58.5,699.761847837906,10,0.8333333333333334,0.16666666666666663,0.3337312401926632,0.055621873365443865,336,-248.28619034596218,
90,fixed_4,0.4,12,,12,12,0,1.0,6,2.0,3,0.6666666666666666,2.0,26902.856885937683,5693.7611747381625,8914.398971512423,10504.941443021115,16084.810552615525,59.4990234375,313.10489030104424,9,0.75,0.25,0.4460492820847025,0.11151232052117563,168,-165.02319710208712,
90,sequential_greedy,0.4,12,,12,12,0,1.0,7,2.0,4,0.5714285714285714,1.7142857142857142,29995.960298158847,6222.233638560746,11531.77168928222,9325.739448321663,20245.84388599412,60.4658203125,424.3769638430634,10,0.8333333333333334,0.16666666666666663,0.40005386994516595,0.066675644990861,196,-174.36475165757764,
90,dybap_fusion,0.4,12,,12,12,0,1.0,9,2.4444444444444446,4,0.6666666666666666,1.3333333333333333,31000.715989925193,8031.642844422608,12935.731349014664,11349.185853412046,19084.704059050455,59.4287109375,566.8260774626879,10,0.8333333333333334,0.16666666666666663,0.38708783383905826,0.06451463897317637,251,-212.79318507460852,
91,no_batch,0.4,12,,12,12,0,1.0,12,1.0,1,0.0,1.0,18997.893255668074,1249.4733187971792,2179.238434141393,6243.258924741598,6461.602243575507,25.3154296875,925.5970815428493,1,0.08333333333333333,0.9166666666666666,0.6316489854168312,0.5790115699654286,336,-100.50875140889806,
91,fixed_4,0.4,12,,12,12,0,1.0,12,1.0,1,0.0,1.0,18997.893255668074,1249.4733187971792,2179.238434141393,6243.258924741598,6461.602243575507,25.3154296875,925.5970815428493,1,0.08333333333333333,0.9166666666666666,0.6316489854168312,0.5790115699654286,336,-100.50875140889806,
91,sequential_greedy,0.4,12,,12,12,0,1.0,12,1.0,1,0.0,1.0,18997.893255668074,1249.4733187971792,2179.238434141393,6243.258924741598,6461.602243575507,25.3154296875,925.5970815428493,1,0.08333333333333333,0.9166666666666666,0.6316489854168312,0.5790115699654286,336,-100.50875140889806,
91,dybap_fusion,0.4,12,,12,12,0,1.0,12,1.0,1,0.0,1.0,18997.893255668074,1249.4733187971792,2179.238434141393,6243.258924741598,6461.602243575507,25.3154296875,925.5970815428493,1,0.08333333333333333,0.9166666666666666,0.6316489854168312,0.5790115699654286,336,-100.50875140889806,
92,no_batch,0.4,12,,12,12,0,1.0,12,1.4166666666666667,3,0.3333333333333333,1.0,25406.377276852436,3434.0473161482428,5286.017883187971,11023.073193704548,12882.134636270135,53.0888671875,685.3606957739955,7,0.5833333333333334,0.41666666666666663,0.4723223570695029,0.19680098211229285,336,-184.14080692074978,
92,fixed_4,0.4,12,,12,12,0,1.0,10,1.2,2,0.2,1.2,24249.134743403953,2984.728217304717,4527.758278159515,10655.552229767538,11720.355417709505,54.76171875,517.5283359443164,4,0.3333333333333333,0.6666666666666667,0.494863017875891,0.3299086785839273,280,-165.97846457556363,
92,sequential_greedy,0.4,12,,12,12,0,1.0,11,1.2727272727272727,2,0.2727272727272727,1.0909090909090908,24249.134743403953,2943.427579276898,4735.683068180575,10864.233359551294,11900.95323547874,54.662109375,590.3044773270138,4,0.3333333333333333,0.6666666666666667,0.494863017875891,0.3299086785839273,308,-170.24371641617864,
92,dybap_fusion,0.4,12,,12,12,0,1.0,11,1.2727272727272727,2,0.2727272727272727,1.0909090909090908,24249.134743403953,2943.427579276898,4735.683068180575,10864.233359551294,11900.95323547874,54.662109375,590.3044773270138,4,0.3333333333333333,0.6666666666666667,0.494863017875891,0.3299086785839273,308,-170.24371641617864,
93,no_batch,0.4,12,,12,12,0,1.0,12,4.75,10,0.75,1.0,35620.49472877548,15512.367143115765,18554.602176472552,11287.007837272651,23901.182502616066,31.412109375,432.3043888867592,10,0.8333333333333334,0.16666666666666663,0.3368847089680083,0.05614745149466805,336,-247.57799022058208,
93,fixed_4,0.4,12,,12,12,0,1.0,5,4.0,10,0.6,2.4,28769.980469386814,12130.298005990779,15936.72956266789,7499.2344257275345,21079.440308165416,44.5078125,191.30573549386017,10,0.8333333333333334,0.16666666666666663,0.41710143017889095,0.06951690502981515,140,-177.96669605254777,
93,sequential_greedy,0.4,12,,12,12,0,1.0,4,3.5,10,0.5,3.0,25857.907284082532,10930.137642366955,16189.481322131565,6480.989459702003,19235.64433839762,47.232421875,141.27348598291084,10,0.8333333333333334,0.16666666666666663,0.4640746781309288,0.07734577968848813,112,-162.94960053407382,
93,dybap_fusion,0.4,12,,12,12,0,1.0,5,4.4,10,0.6,2.4,26597.518979593347,11353.317965075345,16121.58349786454,7110.457019823997,19286.58616148867,40.189453125,200.47579828068126,10,0.8333333333333334,0.16666666666666663,0.4511699008169472,0.0751949834694912,140,-174.68437681465153,
94,no_batch,0.4,12,,12,12,0,1.0,12,1.8333333333333333,4,0.5,1.0,41444.87459782633,6702.773799645783,18623.00771651815,8625.848872663082,27585.12864414294,29.3701171875,910.2073765461388,7,0.5833333333333334,0.41666666666666663,0.28954123076606836,0.12064217948586183,336,-241.2306922511964,
94,fixed_4,0.4,12,,12,12,0,1.0,8,1.5,3,0.375,1.5,41444.87459782633,6198.846806578389,19171.486277104974,7644.9782061423475,27321.75988685406,38.34375,647.9351353672516,7,0.5833333333333334,0.41666666666666663,0.28954123076606836,0.12064217948586183,224,-215.84956417101748,
94,sequential_greedy,0.4,12,,12,12,0,1.0,8,1.625,3,0.375,1.5,41444.87459782633,6224.287505698536,19171.486277104974,7443.436015826606,27310.035802934854,35.8095703125,634.1448715226917,7,0.5833333333333334,0.41666666666666663,0.28954123076606836,0.12064217948586183,224,-214.25452765438314,
94,dybap_fusion,0.4,12,,12,12,0,1.0,10,1.8,4,0.5,1.2,41444.87459782633,6589.906500725675,18623.00771651815,8080.669282726026,27262.73395031916,32.5634765625,776.269115282022,7,0.5833333333333334,0.41666666666666663,0.28954123076606836,0.12064217948586183,280,-232.39175879060988,
95,no_batch,0.4,12,,12,12,0,1.0,12,1.0,1,0.0,1.0,38584.959640729656,1672.3566682955018,3112.3065641715643,10239.706326138617,6191.451396178437,54.73828125,819.5338928976971,6,0.5,0.5,0.31100200989540483,0.15550100494770241,336,-140.9319788105691,
95,fixed_4,0.4,12,,12,12,0,1.0,12,1.0,1,0.0,1.0,38584.959640729656,1672.3566682955018,3112.3065641715643,10239.706326138617,6191.451396178437,54.73828125,819.5338928976971,6,0.5,0.5,0.31100200989540483,0.15550100494770241,336,-140.9319788105691,
95,sequential_greedy,0.4,12,,12,12,0,1.0,12,1.0,1,0.0,1.0,38584.959640729656,1672.3566682955018,3112.3065641715643,10239.706326138617,6191.451396178437,54.73828125,819.5338928976971,6,0.5,0.5,0.31100200989540483,0.15550100494770241,336,-140.9319788105691,
95,dybap_fusion,0.4,12,,12,12,0,1.0,12,1.0,1,0.0,1.0,38584.959640729656,1672.3566682955018,3112.3065641715643,10239.706326138617,6191.451396178437,54.73828125,819.5338928976971,6,0.5,0.5,0.31100200989540483,0.15550100494770241,336,-140.9319788105691,
96,no_batch,0.4,12,,12,12,0,1.0,12,1.25,3,0.16666666666666666,1.0,27526.79982630281,3350.4562544143446,7105.69060163257,8849.94466492627,13127.501188944283,26.455078125,651.0304043731231,5,0.4166666666666667,0.5833333333333333,0.43593879694411786,0.2542976315507354,336,-163.31977553112452,
96,fixed_4,0.4,12,,12,12,0,1.0,10,1.2,3,0.1,1.2,27513.53321949156,3249.5220052035916,7131.676650251137,8247.02082593021,12882.31813444242,27.884765625,564.769300819053,5,0.4166666666666667,0.5833333333333333,0.4361489999946199,0.25442024999686164,280,-152.58237858129505,
96,sequential_greedy,0.4,12,,12,12,0,1.0,10,1.2,3,0.1,1.2,27513.53321949156,3249.5220052035916,7131.676650251137,8247.02082593021,12882.31813444242,27.884765625,564.769300819053,5,0.4166666666666667,0.5833333333333333,0.4361489999946199,0.25442024999686164,280,-152.58237858129505,
96,dybap_fusion,0.4,12,,12,12,0,1.0,11,1.1818181818181819,3,0.09090909090909091,1.0909090909090908,27513.53321949156,3271.922343335927,7076.761595259191,8518.00430330587,13034.774632805515,26.9765625,606.4155452012589,5,0.4166666666666667,0.5833333333333333,0.4361489999946199,0.25442024999686164,308,-158.8713953559349,
97,no_batch,0.4,12,,12,12,0,1.0,12,1.0,1,0.0,1.0,32744.963128684183,1692.6356188240961,2662.170567139148,11202.331602889171,5581.835845358581,63.8203125,868.9202986830885,4,0.3333333333333333,0.6666666666666667,0.36646857572693825,0.24431238381795883,336,-148.36498444535093,
97,fixed_4,0.4,12,,12,12,0,1.0,12,1.0,1,0.0,1.0,32744.963128684183,1692.6356188240961,2662.170567139148,11202.331602889171,5581.835845358581,63.8203125,868.9202986830885,4,0.3333333333333333,0.6666666666666667,0.36646857572693825,0.24431238381795883,336,-148.36498444535093,
97,sequential_greedy,0.4,12,,12,12,0,1.0,12,1.0,1,0.0,1.0,32744.963128684183,1692.6356188240961,2662.170567139148,11202.331602889171,5581.835845358581,63.8203125,868.9202986830885,4,0.3333333333333333,0.6666666666666667,0.36646857572693825,0.24431238381795883,336,-148.36498444535093,
97,dybap_fusion,0.4,12,,12,12,0,1.0,12,1.0,1,0.0,1.0,32744.963128684183,1692.6356188240961,2662.170567139148,11202.331602889171,5581.835845358581,63.8203125,868.9202986830885,4,0.3333333333333333,0.6666666666666667,0.36646857572693825,0.24431238381795883,336,-148.36498444535093,
98,no_batch,0.4,12,,12,12,0,1.0,12,1.1666666666666667,2,0.16666666666666666,1.0,20166.21397085814,1816.0294169157862,2544.748454561751,6081.251576821636,6646.6735854519175,20.9736328125,889.7422227562815,4,0.3333333333333333,0.6666666666666667,0.5950546799384852,0.39670311995899016,336,-106.02424558305786,
98,fixed_4,0.4,12,,12,12,0,1.0,10,1.2,2,0.2,1.2,20166.21397085814,1756.9480198114597,2540.8360330432893,5742.826511586198,6521.072347547273,23.935546875,700.4267347963064,4,0.3333333333333333,0.6666666666666667,0.5950546799384852,0.39670311995899016,280,-96.36385722793814,
98,sequential_greedy,0.4,12,,12,12,0,1.0,11,1.1818181818181819,2,0.18181818181818182,1.0909090909090908,20166.21397085814,1824.0004443246255,2544.748454561751,5935.796596494387,6636.469167010626,22.5087890625,792.9103092938994,4,0.3333333333333333,0.6666666666666667,0.5950546799384852,0.39670311995899016,308,-102.80430775205659,
98,dybap_fusion,0.4,12,,12,12,0,1.0,12,1.1666666666666667,2,0.16666666666666666,1.0,20166.21397085814,1816.0294169157862,2544.748454561751,6081.251576821636,6646.6735854519175,20.9736328125,889.7422227562815,4,0.3333333333333333,0.6666666666666667,0.5950546799384852,0.39670311995899016,336,-106.02424558305786,
99,no_batch,0.4,12,,12,12,0,1.0,12,1.0,1,0.0,1.0,34931.74080237533,1918.3884766067151,3629.856574975593,9531.181428112744,9392.776769807755,36.8583984375,636.7887354582124,3,0.25,0.75,0.3435271109988315,0.2576453332491236,336,-148.17586798124162,
99,fixed_4,0.4,12,,12,12,0,1.0,12,1.0,1,0.0,1.0,34931.74080237533,1918.3884766067151,3629.856574975593,9531.181428112744,9392.776769807755,36.8583984375,636.7887354582124,3,0.25,0.75,0.3435271109988315,0.2576453332491236,336,-148.17586798124162,
99,sequential_greedy,0.4,12,,12,12,0,1.0,12,1.0,1,0.0,1.0,34931.74080237533,1918.3884766067151,3629.856574975593,9531.181428112744,9392.776769807755,36.8583984375,636.7887354582124,3,0.25,0.75,0.3435271109988315,0.2576453332491236,336,-148.17586798124162,
99,dybap_fusion,0.4,12,,12,12,0,1.0,12,1.0,1,0.0,1.0,34931.74080237533,1918.3884766067151,3629.856574975593,9531.181428112744,9392.776769807755,36.8583984375,636.7887354582124,3,0.25,0.75,0.3435271109988315,0.2576453332491236,336,-148.17586798124162,
