episode,batcher,arrival_rate_rps,max_requests,agent_checkpoint,total_requests,served_requests,dropped_requests,completion_ratio,batches,mean_pending_size,max_pending_size,batch_opportunity_rate,mean_batch_size,makespan_ms,avg_e2e_ms,p95_e2e_ms,prefill_ms,decode_service_ms,transfer_mb,handover_ms,slo_violations,slo_rate,slo_satisfaction,throughput_rps,goodput_rps,mapping_steps,reward,failure_reason
0,no_batch,0.1,12,,12,12,0,1.0,12,1.0,1,0.0,1.0,183912.21301834114,2032.0732519566166,3949.694840876812,9163.202355926871,12237.803066856808,53.7451171875,687.2101234272182,4,0.3333333333333333,0.6666666666666667,0.06524852158025671,0.04349901438683781,336,-151.1151561252687,
0,fixed_4,0.1,12,,12,12,0,1.0,12,1.0,1,0.0,1.0,183912.21301834114,2032.0732519566166,3949.694840876812,9163.202355926871,12237.803066856808,53.7451171875,687.2101234272182,4,0.3333333333333333,0.6666666666666667,0.06524852158025671,0.04349901438683781,336,-151.1151561252687,
0,sequential_greedy,0.1,12,,12,12,0,1.0,12,1.0,1,0.0,1.0,183912.21301834114,2032.0732519566166,3949.694840876812,9163.202355926871,12237.803066856808,53.7451171875,687.2101234272182,4,0.3333333333333333,0.6666666666666667,0.06524852158025671,0.04349901438683781,336,-151.1151561252687,
0,dybap_fusion,0.1,12,,12,12,0,1.0,12,1.0,1,0.0,1.0,183912.21301834114,2032.0732519566166,3949.694840876812,9163.202355926871,12237.803066856808,53.7451171875,687.2101234272182,4,0.3333333333333333,0.6666666666666667,0.06524852158025671,0.04349901438683781,336,-151.1151561252687,
1,no_batch,0.1,12,,12,12,0,1.0,12,1.0,1,0.0,1.0,66894.79552234773,1619.5917876507065,3952.8107387553728,6197.516416423942,11680.105721649428,19.2041015625,715.8901531209108,0,0.0,1.0,0.17938615263411822,0.17938615263411822,336,-120.57890288534145,
1,fixed_4,0.1,12,,12,12,0,1.0,12,1.0,1,0.0,1.0,66894.79552234773,1619.5917876507065,3952.8107387553728,6197.516416423942,11680.105721649428,19.2041015625,715.8901531209108,0,0.0,1.0,0.17938615263411822,0.17938615263411822,336,-120.57890288534145,
1,sequential_greedy,0.1,12,,12,12,0,1.0,12,1.0,1,0.0,1.0,66894.79552234773,1619.5917876507065,3952.8107387553728,6197.516416423942,11680.105721649428,19.2041015625,715.8901531209108,0,0.0,1.0,0.17938615263411822,0.17938615263411822,336,-120.57890288534145,
1,dybap_fusion,0.1,12,,12,12,0,1.0,12,1.0,1,0.0,1.0,66894.79552234773,1619.5917876507065,3952.8107387553728,6197.516416423942,11680.105721649428,19.2041015625,715.8901531209108,0,0.0,1.0,0.17938615263411822,0.17938615263411822,336,-120.57890288534145,
2,no_batch,0.1,12,,12,12,0,1.0,12,1.0,1,0.0,1.0,94082.36269238107,1965.9543204766676,3712.048393537819,10886.118422466348,10134.006995857584,59.3203125,1019.6238174511969,4,0.3333333333333333,0.6666666666666667,0.1275478172166671,0.08503187814444473,336,-163.67121428988725,
2,fixed_4,0.1,12,,12,12,0,1.0,12,1.0,1,0.0,1.0,94082.36269238107,1965.9543204766676,3712.048393537819,10886.118422466348,10134.006995857584,59.3203125,1019.6238174511969,4,0.3333333333333333,0.6666666666666667,0.1275478172166671,0.08503187814444473,336,-163.67121428988725,
2,sequential_greedy,0.1,12,,12,12,0,1.0,12,1.0,1,0.0,1.0,94082.36269238107,1965.9543204766676,3712.048393537819,10886.118422466348,10134.006995857584,59.3203125,1019.6238174511969,4,0.3333333333333333,0.6666666666666667,0.1275478172166671,0.08503187814444473,336,-163.67121428988725,
2,dybap_fusion,0.1,12,,12,12,0,1.0,12,1.0,1,0.0,1.0,94082.36269238107,1965.9543204766676,3712.048393537819,10886.118422466348,10134.006995857584,59.3203125,1019.6238174511969,4,0.3333333333333333,0.6666666666666667,0.1275478172166671,0.08503187814444473,336,-163.67121428988725,
3,no_batch,0.1,12,,12,12,0,1.0,12,1.0,1,0.0,1.0,91814.23978540808,1637.2956464975339,2718.2241726522393,7384.831077654742,11476.492614240324,29.3291015625,786.224066075339,0,0.0,1.0,0.13069868059733306,0.13069868059733306,336,-131.87448990053431,
3,fixed_4,0.1,12,,12,12,0,1.0,12,1.0,1,0.0,1.0,91814.23978540808,1637.2956464975339,2718.2241726522393,7384.831077654742,11476.492614240324,29.3291015625,786.224066075339,0,0.0,1.0,0.13069868059733306,0.13069868059733306,336,-131.87448990053431,
3,sequential_greedy,0.1,12,,12,12,0,1.0,12,1.0,1,0.0,1.0,91814.23978540808,1637.2956464975339,2718.2241726522393,7384.831077654742,11476.492614240324,29.3291015625,786.224066075339,0,0.0,1.0,0.13069868059733306,0.13069868059733306,336,-131.87448990053431,
3,dybap_fusion,0.1,12,,12,12,0,1.0,12,1.0,1,0.0,1.0,91814.23978540808,1637.2956464975339,2718.2241726522393,7384.831077654742,11476.492614240324,29.3291015625,786.224066075339,0,0.0,1.0,0.13069868059733306,0.13069868059733306,336,-131.87448990053431,
4,no_batch,0.1,12,,12,12,0,1.0,12,1.0,1,0.0,1.0,113827.35808453211,2377.5345215443654,7252.191377637606,7897.213102029796,19984.334547371127,60.474609375,648.8666091314897,1,0.08333333333333333,0.9166666666666666,0.10542281049067648,0.09663757628312011,336,-174.62367571238107,
4,fixed_4,0.1,12,,12,12,0,1.0,12,1.0,1,0.0,1.0,113827.35808453211,2377.5345215443654,7252.191377637606,7897.213102029796,19984.334547371127,60.474609375,648.8666091314897,1,0.08333333333333333,0.9166666666666666,0.10542281049067648,0.09663757628312011,336,-174.62367571238107,
4,sequential_greedy,0.1,12,,12,12,0,1.0,12,1.0,1,0.0,1.0,113827.35808453211,2377.5345215443654,7252.191377637606,7897.213102029796,19984.334547371127,60.474609375,648.8666091314897,1,0.08333333333333333,0.9166666666666666,0.10542281049067648,0.09663757628312011,336,-174.62367571238107,
4,dybap_fusion,0.1,12,,12,12,0,1.0,12,1.0,1,0.0,1.0,113827.35808453211,2377.5345215443654,7252.191377637606,7897.213102029796,19984.334547371127,60.474609375,648.8666091314897,1,0.08333333333333333,0.9166666666666666,0.10542281049067648,0.09663757628312011,336,-174.62367571238107,
5,no_batch,0.1,12,,12,12,0,1.0,12,1.0,1,0.0,1.0,94460.63808964743,2046.072073327475,5527.37670188582,7473.024186197088,15007.27855902748,30.7705078125,847.08074832865,3,0.25,0.75,0.12703704148823827,0.0952777811161787,336,-155.097337660483,
5,fixed_4,0.1,12,,12,12,0,1.0,12,1.0,1,0.0,1.0,94460.63808964743,2046.072073327475,5527.37670188582,7473.024186197088,15007.27855902748,30.7705078125,847.08074832865,3,0.25,0.75,0.12703704148823827,0.0952777811161787,336,-155.097337660483,
5,sequential_greedy,0.1,12,,12,12,0,1.0,12,1.0,1,0.0,1.0,94460.63808964743,2046.072073327475,5527.37670188582,7473.024186197088,15007.27855902748,30.7705078125,847.08074832865,3,0.25,0.75,0.12703704148823827,0.0952777811161787,336,-155.097337660483,
5,dybap_fusion,0.1,12,,12,12,0,1.0,12,1.0,1,0.0,1.0,94460.63808964743,2046.072073327475,5527.37670188582,7473.024186197088,15007.27855902748,30.7705078125,847.08074832865,3,0.25,0.75,0.12703704148823827,0.0952777811161787,336,-155.097337660483,
6,no_batch,0.1,12,,12,12,0,1.0,12,1.0,1,0.0,1.0,73622.51771826949,1613.9040033371136,2917.2815273137658,8997.71350903266,6866.1820983069865,43.7138671875,659.042083096111,3,0.25,0.75,0.1629936108123913,0.12224520810929347,336,-126.63860938860374,
6,fixed_4,0.1,12,,12,12,0,1.0,12,1.0,1,0.0,1.0,73622.51771826949,1613.9040033371136,2917.2815273137658,8997.71350903266,6866.1820983069865,43.7138671875,659.042083096111,3,0.25,0.75,0.1629936108123913,0.12224520810929347,336,-126.63860938860374,
6,sequential_greedy,0.1,12,,12,12,0,1.0,12,1.0,1,0.0,1.0,73622.51771826949,1613.9040033371136,2917.2815273137658,8997.71350903266,6866.1820983069865,43.7138671875,659.042083096111,3,0.25,0.75,0.1629936108123913,0.12224520810929347,336,-126.63860938860374,
6,dybap_fusion,0.1,12,,12,12,0,1.0,12,1.0,1,0.0,1.0,73622.51771826949,1613.9040033371136,2917.2815273137658,8997.71350903266,6866.1820983069865,43.7138671875,659.042083096111,3,0.25,0.75,0.1629936108123913,0.12224520810929347,336,-126.63860938860374,
7,no_batch,0.1,12,,12,12,0,1.0,12,1.0833333333333333,2,0.08333333333333333,1.0,76538.07255374214,2738.0015928943394,6459.573671594926,11155.989944382301,13710.569456577261,94.412109375,586.3629042107916,5,0.4166666666666667,0.5833333333333333,0.15678471641122205,0.09145775123987954,336,-178.0317256734543,
7,fixed_4,0.1,12,,12,12,0,1.0,11,1.0909090909090908,2,0.09090909090909091,1.0909090909090908,76538.07255374214,2767.9137800358403,6314.6452427057175,11107.171676194423,13573.04306216343,104.34375,509.201332468483,5,0.4166666666666667,0.5833333333333333,0.15678471641122205,0.09145775123987954,308,-174.1106587472431,
7,sequential_greedy,0.1,12,,12,12,0,1.0,11,1.0909090909090908,2,0.09090909090909091,1.0909090909090908,76538.07255374214,2767.9137800358403,6314.6452427057175,11107.171676194423,13573.04306216343,104.34375,509.201332468483,5,0.4166666666666667,0.5833333333333333,0.15678471641122205,0.09145775123987954,308,-174.1106587472431,
7,dybap_fusion,0.1,12,,12,12,0,1.0,12,1.0833333333333333,2,0.08333333333333333,1.0,76538.07255374214,2738.0015928943394,6459.573671594926,11155.989944382301,13710.569456577261,94.412109375,586.3629042107916,5,0.4166666666666667,0.5833333333333333,0.15678471641122205,0.09145775123987954,336,-178.0317256734543,
8,no_batch,0.1,12,,12,12,0,1.0,12,1.0,1,0.0,1.0,110115.34967502378,1595.5989470424881,2132.916261978258,10890.845283512403,6931.55381949503,30.615234375,805.0071644861118,3,0.25,0.75,0.10897663255318005,0.08173247441488503,336,-151.2291347983191,
8,fixed_4,0.1,12,,12,12,0,1.0,12,1.0,1,0.0,1.0,110115.34967502378,1595.5989470424881,2132.916261978258,10890.845283512403,6931.55381949503,30.615234375,805.0071644861118,3,0.25,0.75,0.10897663255318005,0.08173247441488503,336,-151.2291347983191,
8,sequential_greedy,0.1,12,,12,12,0,1.0,12,1.0,1,0.0,1.0,110115.34967502378,1595.5989470424881,2132.916261978258,10890.845283512403,6931.55381949503,30.615234375,805.0071644861118,3,0.25,0.75,0.10897663255318005,0.08173247441488503,336,-151.2291347983191,
8,dybap_fusion,0.1,12,,12,12,0,1.0,12,1.0,1,0.0,1.0,110115.34967502378,1595.5989470424881,2132.916261978258,10890.845283512403,6931.55381949503,30.615234375,805.0071644861118,3,0.25,0.75,0.10897663255318005,0.08173247441488503,336,-151.2291347983191,
9,no_batch,0.1,12,,12,12,0,1.0,12,1.0833333333333333,2,0.08333333333333333,1.0,123097.0787192258,4265.746979967115,11459.70374400479,7297.190138057127,28430.20066026927,62.54296875,658.8056391974259,4,0.3333333333333333,0.6666666666666667,0.09748403556652227,0.06498935704434818,336,-213.43543267420327,
9,fixed_4,0.1,12,,12,12,0,1.0,11,1.0909090909090908,2,0.09090909090909091,1.0909090909090908,123097.0787192258,4157.495929960226,11817.738384701759,7391.212927020798,26264.79919084411,69.4833984375,635.5391846940865,4,0.3333333333333333,0.6666666666666667,0.09748403556652227,0.06498935704434818,308,-201.9237631995684,
9,sequential_greedy,0.1,12,,12,12,0,1.0,12,1.0833333333333333,2,0.08333333333333333,1.0,123097.0787192258,4265.746979967115,11459.70374400479,7297.190138057127,28430.20066026927,62.54296875,658.8056391974259,4,0.3333333333333333,0.6666666666666667,0.09748403556652227,0.06498935704434818,336,-213.43543267420327,
9,dybap_fusion,0.1,12,,12,12,0,1.0,12,1.0833333333333333,2,0.08333333333333333,1.0,123097.0787192258,4260.6862260856315,11446.039708524786,7277.092582068619,28420.667613920537,62.54296875,658.0717182457538,4,0.3333333333333333,0.6666666666666667,0.09748403556652227,0.06498935704434818,333,-213.17945267305782,
10,no_batch,0.1,12,,12,12,0,1.0,12,1.0,1,0.0,1.0,135500.47597192175,1291.6769602046368,2759.92039991444,5956.095366543712,8798.082460933427,22.7900390625,745.9456949785016,0,0.0,1.0,0.08856057452142549,0.08856057452142549,336,-105.98652828127382,
10,fixed_4,0.1,12,,12,12,0,1.0,12,1.0,1,0.0,1.0,135500.47597192175,1291.6769602046368,2759.92039991444,5956.095366543712,8798.082460933427,22.7900390625,745.9456949785016,0,0.0,1.0,0.08856057452142549,0.08856057452142549,336,-105.98652828127382,
10,sequential_greedy,0.1,12,,12,12,0,1.0,12,1.0,1,0.0,1.0,135500.47597192175,1291.6769602046368,2759.92039991444,5956.095366543712,8798.082460933427,22.7900390625,745.9456949785016,0,0.0,1.0,0.08856057452142549,0.08856057452142549,336,-105.98652828127382,
10,dybap_fusion,0.1,12,,12,12,0,1.0,12,1.0,1,0.0,1.0,135500.47597192175,1291.6769602046368,2759.92039991444,5956.095366543712,8798.082460933427,22.7900390625,745.9456949785016,0,0.0,1.0,0.08856057452142549,0.08856057452142549,336,-105.98652828127382,
11,no_batch,0.1,12,,12,12,0,1.0,12,1.0,1,0.0,1.0,76086.67939966383,1810.716980047261,3036.591326795275,8939.4595440275,7834.02833554152,56.5576171875,821.2847628614481,4,0.3333333333333333,0.6666666666666667,0.15771486013953998,0.10514324009302665,336,-137.64929757422166,
11,fixed_4,0.1,12,,12,12,0,1.0,12,1.0,1,0.0,1.0,76086.67939966383,1810.716980047261,3036.591326795275,8939.4595440275,7834.02833554152,56.5576171875,821.2847628614481,4,0.3333333333333333,0.6666666666666667,0.15771486013953998,0.10514324009302665,336,-137.64929757422166,
11,sequential_greedy,0.1,12,,12,12,0,1.0,12,1.0,1,0.0,1.0,76086.67939966383,1810.716980047261,3036.591326795275,8939.4595440275,7834.02833554152,56.5576171875,821.2847628614481,4,0.3333333333333333,0.6666666666666667,0.15771486013953998,0.10514324009302665,336,-137.64929757422166,
11,dybap_fusion,0.1,12,,12,12,0,1.0,12,1.0,1,0.0,1.0,76086.67939966383,1810.716980047261,3036.591326795275,8939.4595440275,7834.02833554152,56.5576171875,821.2847628614481,4,0.3333333333333333,0.6666666666666667,0.15771486013953998,0.10514324009302665,336,-137.64929757422166,
12,no_batch,0.1,12,,12,12,0,1.0,12,1.0,1,0.0,1.0,112202.20945143346,1825.7293276808696,3131.611755787848,9711.446377747849,11125.343656345904,48.3486328125,536.1473845227893,3,0.25,0.75,0.10694976559435918,0.08021232419576937,336,-153.30624608026073,
12,fixed_4,0.1,12,,12,12,0,1.0,12,1.0,1,0.0,1.0,112202.20945143346,1825.7293276808696,3131.611755787848,9711.446377747849,11125.343656345904,48.3486328125,536.1473845227893,3,0.25,0.75,0.10694976559435918,0.08021232419576937,336,-153.30624608026073,
12,sequential_greedy,0.1,12,,12,12,0,1.0,12,1.0,1,0.0,1.0,112202.20945143346,1825.7293276808696,3131.611755787848,9711.446377747849,11125.343656345904,48.3486328125,536.1473845227893,3,0.25,0.75,0.10694976559435918,0.08021232419576937,336,-153.30624608026073,
12,dybap_fusion,0.1,12,,12,12,0,1.0,12,1.0,1,0.0,1.0,112202.20945143346,1825.7293276808696,3131.611755787848,9711.446377747849,11125.343656345904,48.3486328125,536.1473845227893,3,0.25,0.75,0.10694976559435918,0.08021232419576937,336,-153.30624608026073,
13,no_batch,0.1,12,,12,12,0,1.0,12,1.0,1,0.0,1.0,146757.33359926663,1688.4640935728387,4885.541904323627,10611.486840231497,9039.169876190977,84.3193359375,610.9124064515632,4,0.3333333333333333,0.6666666666666667,0.08176763440501734,0.054511756270011556,336,-152.565445301753,
13,fixed_4,0.1,12,,12,12,0,1.0,12,1.0,1,0.0,1.0,146757.33359926663,1688.4640935728387,4885.541904323627,10611.486840231497,9039.169876190977,84.3193359375,610.9124064515632,4,0.3333333333333333,0.6666666666666667,0.08176763440501734,0.054511756270011556,336,-152.565445301753,
13,sequential_greedy,0.1,12,,12,12,0,1.0,12,1.0,1,0.0,1.0,146757.33359926663,1688.4640935728387,4885.541904323627,10611.486840231497,9039.169876190977,84.3193359375,610.9124064515632,4,0.3333333333333333,0.6666666666666667,0.08176763440501734,0.054511756270011556,336,-152.565445301753,
13,dybap_fusion,0.1,12,,12,12,0,1.0,12,1.0,1,0.0,1.0,146757.33359926663,1688.4640935728387,4885.541904323627,10611.486840231497,9039.169876190977,84.3193359375,610.9124064515632,4,0.3333333333333333,0.6666666666666667,0.08176763440501734,0.054511756270011556,336,-152.565445301753,
14,no_batch,0.1,12,,12,12,0,1.0,12,1.0,1,0.0,1.0,123244.61922809893,1730.9144028846174,2786.9354150738013,9394.53874180687,8410.73373530188,60.08203125,792.0360511491838,4,0.3333333333333333,0.6666666666666667,0.09736733396685347,0.06491155597790231,336,-139.76259622629112,
14,fixed_4,0.1,12,,12,12,0,1.0,12,1.0,1,0.0,1.0,123244.61922809893,1730.9144028846174,2786.9354150738013,9394.53874180687,8410.73373530188,60.08203125,792.0360511491838,4,0.3333333333333333,0.6666666666666667,0.09736733396685347,0.06491155597790231,336,-139.76259622629112,
14,sequential_greedy,0.1,12,,12,12,0,1.0,12,1.0,1,0.0,1.0,123244.61922809893,1730.9144028846174,2786.9354150738013,9394.53874180687,8410.73373530188,60.08203125,792.0360511491838,4,0.3333333333333333,0.6666666666666667,0.09736733396685347,0.06491155597790231,336,-139.76259622629112,
14,dybap_fusion,0.1,12,,12,12,0,1.0,12,1.0,1,0.0,1.0,123244.61922809893,1730.9144028846174,2786.9354150738013,9394.53874180687,8410.73373530188,60.08203125,792.0360511491838,4,0.3333333333333333,0.6666666666666667,0.09736733396685347,0.06491155597790231,336,-139.76259622629112,
15,no_batch,0.1,12,,12,12,0,1.0,12,1.25,3,0.16666666666666666,1.0,123458.55821394357,4125.9322555818435,8400.378831785825,9506.246207584483,20754.02214408822,69.0966796875,956.9925635528267,5,0.4166666666666667,0.5833333333333333,0.097198607966934,0.056699187980711496,336,-205.87009542408717,
15,fixed_4,0.1,12,,12,12,0,1.0,10,1.2,3,0.1,1.2,123458.55821394357,4016.779853782762,8400.378831785825,9244.38585540019,20647.271510367933,74.6865234375,749.5366330819418,5,0.4166666666666667,0.5833333333333333,0.097198607966934,0.056699187980711496,280,-195.32786624821975,
15,sequential_greedy,0.1,12,,12,12,0,1.0,10,1.2,3,0.1,1.2,123458.55821394357,4016.779853782762,8400.378831785825,9244.38585540019,20647.271510367933,74.6865234375,749.5366330819418,5,0.4166666666666667,0.5833333333333333,0.097198607966934,0.056699187980711496,280,-195.32786624821975,
15,dybap_fusion,0.1,12,,12,12,0,1.0,11,1.2727272727272727,3,0.18181818181818182,1.0909090909090908,123458.55821394357,4008.103282578039,8400.378831785825,9462.385934038715,20640.871615785418,72.4716796875,867.3550160722211,5,0.4166666666666667,0.5833333333333333,0.097198607966934,0.056699187980711496,308,-200.2086150544126,
16,no_batch,0.1,12,,12,12,0,1.0,12,1.1666666666666667,2,0.16666666666666666,1.0,65533.76751060014,1865.2167814422464,4084.307265216882,8026.110193886204,6414.0476855176585,31.634765625,934.6084362595309,4,0.3333333333333333,0.6666666666666667,0.18311170646581534,0.12207447097721023,336,-120.92390835834185,
16,fixed_4,0.1,12,,12,12,0,1.0,11,1.0909090909090908,2,0.09090909090909091,1.0909090909090908,65533.76751060014,1894.379039808119,4080.4201997265645,8168.909444679417,6346.979430550136,36.5244140625,840.9417729868774,4,0.3333333333333333,0.6666666666666667,0.18311170646581534,0.12207447097721023,308,-120.09559197320549,
16,sequential_greedy,0.1,12,,12,12,0,1.0,11,1.0909090909090908,2,0.09090909090909091,1.0909090909090908,65533.76751060014,1894.379039808119,4080.4201997265645,8168.909444679417,6346.979430550136,36.5244140625,840.9417729868774,4,0.3333333333333333,0.6666666666666667,0.18311170646581534,0.12207447097721023,308,-120.09559197320549,
16,dybap_fusion,0.1,12,,12,12,0,1.0,12,1.1666666666666667,2,0.16666666666666666,1.0,65533.76751060014,1865.2167814422464,4084.307265216882,8026.110193886204,6414.0476855176585,31.634765625,934.6084362595309,4,0.3333333333333333,0.6666666666666667,0.18311170646581534,0.12207447097721023,336,-120.92390835834185,
17,no_batch,0.1,12,,12,12,0,1.0,12,1.25,3,0.16666666666666666,1.0,105773.96527896347,5657.800413061125,11706.54369587189,11446.637021466066,28721.40730756642,89.9619140625,835.3045364981829,5,0.4166666666666667,0.5833333333333333,0.11344946715717562,0.06617885584168577,336,-260.5321003691353,
17,fixed_4,0.1,12,,12,12,0,1.0,10,1.2,3,0.1,1.2,105773.96527896347,5417.465184182906,11669.14196354611,11548.115610536868,26388.383510797004,113.1474609375,737.639830267775,5,0.4166666666666667,0.5833333333333333,0.11344946715717562,0.06617885584168577,280,-240.14107576682505,
17,sequential_greedy,0.1,12,,12,12,0,1.0,10,1.2,3,0.1,1.2,105773.96527896347,5417.465184182906,11669.14196354611,11548.115610536868,26388.383510797004,113.1474609375,737.639830267775,5,0.4166666666666667,0.5833333333333333,0.11344946715717562,0.06617885584168577,280,-240.14107576682505,
17,dybap_fusion,0.1,12,,12,12,0,1.0,11,1.1818181818181819,3,0.09090909090909091,1.0909090909090908,105773.96527896347,5274.981569912789,11891.485108807345,11218.018453433522,26679.978059763245,91.7373046875,785.9675186775655,5,0.4166666666666667,0.5833333333333333,0.11344946715717562,0.06617885584168577,308,-246.22951995420317,
18,no_batch,0.1,12,,12,12,0,1.0,12,1.0,1,0.0,1.0,91920.36124138131,2152.478939048033,3712.087443425048,13514.851328096962,9618.335010996889,37.5849609375,789.9509777488963,5,0.4166666666666667,0.5833333333333333,0.13054778982524015,0.07615287739805676,336,-191.24887716620154,
18,fixed_4,0.1,12,,12,12,0,1.0,12,1.0,1,0.0,1.0,91920.36124138131,2152.478939048033,3712.087443425048,13514.851328096962,9618.335010996889,37.5849609375,789.9509777488963,5,0.4166666666666667,0.5833333333333333,0.13054778982524015,0.07615287739805676,336,-191.24887716620154,
18,sequential_greedy,0.1,12,,12,12,0,1.0,12,1.0,1,0.0,1.0,91920.36124138131,2152.478939048033,3712.087443425048,13514.851328096962,9618.335010996889,37.5849609375,789.9509777488963,5,0.4166666666666667,0.5833333333333333,0.13054778982524015,0.07615287739805676,336,-191.24887716620154,
18,dybap_fusion,0.1,12,,12,12,0,1.0,12,1.0,1,0.0,1.0,91920.36124138131,2152.478939048033,3712.087443425048,13514.851328096962,9618.335010996889,37.5849609375,789.9509777488963,5,0.4166666666666667,0.5833333333333333,0.13054778982524015,0.07615287739805676,336,-191.24887716620154,
19,no_batch,0.1,12,,12,12,0,1.0,12,1.0833333333333333,2,0.08333333333333333,1.0,134831.7095205819,3345.507799968754,9315.833552686032,10817.39623802623,23539.17569732179,72.28125,582.3523669579821,3,0.25,0.75,0.08899983574092571,0.06674987680569429,336,-221.8322826514369,
19,fixed_4,0.1,12,,12,12,0,1.0,11,1.0909090909090908,2,0.09090909090909091,1.0909090909090908,134831.7095205819,3275.1786175924935,9315.833552686032,10414.377488776901,23204.36474666905,72.3515625,554.068181200151,2,0.16666666666666666,0.8333333333333334,0.08899983574092571,0.07416652978410476,308,-213.54045967792467,
19,sequential_greedy,0.1,12,,12,12,0,1.0,11,1.0909090909090908,2,0.09090909090909091,1.0909090909090908,134831.7095205819,3275.1786175924935,9315.833552686032,10414.377488776901,23204.36474666905,72.3515625,554.068181200151,2,0.16666666666666666,0.8333333333333334,0.08899983574092571,0.07416652978410476,308,-213.54045967792467,
19,dybap_fusion,0.1,12,,12,12,0,1.0,11,1.0909090909090908,2,0.09090909090909091,1.0909090909090908,134831.7095205819,3275.1786175924935,9315.833552686032,10414.377488776901,23204.36474666905,72.3515625,554.068181200151,2,0.16666666666666666,0.8333333333333334,0.08899983574092571,0.07416652978410476,308,-213.54045967792467,
20,no_batch,0.1,12,,12,12,0,1.0,12,1.0,1,0.0,1.0,97700.87026661869,1176.2035194756902,1716.4737116045296,7260.317418979497,5559.183382575647,21.744140625,1001.2145590373178,1,0.08333333333333333,0.9166666666666666,0.12282388035288588,0.11258855699014539,336,-105.60592704455613,
20,fixed_4,0.1,12,,12,12,0,1.0,12,1.0,1,0.0,1.0,97700.87026661869,1176.2035194756902,1716.4737116045296,7260.317418979497,5559.183382575647,21.744140625,1001.2145590373178,1,0.08333333333333333,0.9166666666666666,0.12282388035288588,0.11258855699014539,336,-105.60592704455613,
20,sequential_greedy,0.1,12,,12,12,0,1.0,12,1.0,1,0.0,1.0,97700.87026661869,1176.2035194756902,1716.4737116045296,7260.317418979497,5559.183382575647,21.744140625,1001.2145590373178,1,0.08333333333333333,0.9166666666666666,0.12282388035288588,0.11258855699014539,336,-105.60592704455613,
20,dybap_fusion,0.1,12,,12,12,0,1.0,12,1.0,1,0.0,1.0,97700.87026661869,1176.2035194756902,1716.4737116045296,7260.317418979497,5559.183382575647,21.744140625,1001.2145590373178,1,0.08333333333333333,0.9166666666666666,0.12282388035288588,0.11258855699014539,336,-105.60592704455613,
21,no_batch,0.1,12,,12,12,0,1.0,12,1.0,1,0.0,1.0,148010.6817696301,2088.131531462437,6806.800616304246,9327.714383001154,14174.938827826332,31.880859375,809.3599906299694,4,0.3333333333333333,0.6666666666666667,0.08107522954780584,0.05405015303187056,336,-170.44693076476773,
21,fixed_4,0.1,12,,12,12,0,1.0,12,1.0,1,0.0,1.0,148010.6817696301,2088.131531462437,6806.800616304246,9327.714383001154,14174.938827826332,31.880859375,809.3599906299694,4,0.3333333333333333,0.6666666666666667,0.08107522954780584,0.05405015303187056,336,-170.44693076476773,
21,sequential_greedy,0.1,12,,12,12,0,1.0,12,1.0,1,0.0,1.0,148010.6817696301,2088.131531462437,6806.800616304246,9327.714383001154,14174.938827826332,31.880859375,809.3599906299694,4,0.3333333333333333,0.6666666666666667,0.08107522954780584,0.05405015303187056,336,-170.44693076476773,
21,dybap_fusion,0.1,12,,12,12,0,1.0,12,1.0,1,0.0,1.0,148010.6817696301,2088.131531462437,6806.800616304246,9327.714383001154,14174.938827826332,31.880859375,809.3599906299694,4,0.3333333333333333,0.6666666666666667,0.08107522954780584,0.05405015303187056,336,-170.44693076476773,
22,no_batch,0.1,12,,12,12,0,1.0,12,1.4166666666666667,3,0.3333333333333333,1.0,151845.95305358112,7663.689380641073,14636.483042861137,14207.843577742848,35431.02657430973,55.3828125,871.7962125501206,7,0.5833333333333334,0.41666666666666663,0.07902746012444349,0.032928108385184784,336,-331.46821402637966,
22,fixed_4,0.1,12,,12,12,0,1.0,9,1.3333333333333333,3,0.2222222222222222,1.3333333333333333,151845.95305358112,7027.207930479566,15329.497066573207,13069.228830502621,33337.178525896554,57.4013671875,658.561364084873,6,0.5,0.5,0.07902746012444349,0.039513730062221745,252,-300.13482546593525,
22,sequential_greedy,0.1,12,,12,12,0,1.0,10,1.3,3,0.2,1.2,151845.95305358112,7055.9952317485195,15329.497066573207,13508.15840904692,33600.24423143294,54.169921875,777.0290051077652,6,0.5,0.5,0.07902746012444349,0.039513730062221745,280,-309.78409130278476,
22,dybap_fusion,0.1,12,,12,12,0,1.0,12,1.4166666666666667,3,0.3333333333333333,1.0,151845.95305358112,7663.689380641073,14636.483042861137,14207.843577742848,35431.02657430973,55.3828125,871.7962125501206,7,0.5833333333333334,0.41666666666666663,0.07902746012444349,0.032928108385184784,336,-331.46821402637966,
23,no_batch,0.1,12,,12,12,0,1.0,12,1.0,1,0.0,1.0,132055.06878064567,1607.2847292585902,3026.889670094544,6946.97842335288,8201.77806732092,18.076171875,736.323574754427,2,0.16666666666666666,0.8333333333333334,0.09087118056735093,0.07572598380612577,336,-115.27687478847409,
23,fixed_4,0.1,12,,12,12,0,1.0,12,1.0,1,0.0,1.0,132055.06878064567,1607.2847292585902,3026.889670094544,6946.97842335288,8201.77806732092,18.076171875,736.323574754427,2,0.16666666666666666,0.8333333333333334,0.09087118056735093,0.07572598380612577,336,-115.27687478847409,
23,sequential_greedy,0.1,12,,12,12,0,1.0,12,1.0,1,0.0,1.0,132055.06878064567,1607.2847292585902,3026.889670094544,6946.97842335288,8201.77806732092,18.076171875,736.323574754427,2,0.16666666666666666,0.8333333333333334,0.09087118056735093,0.07572598380612577,336,-115.27687478847409,
23,dybap_fusion,0.1,12,,12,12,0,1.0,12,1.0,1,0.0,1.0,132055.06878064567,1607.2847292585902,3026.889670094544,6946.97842335288,8201.77806732092,18.076171875,736.323574754427,2,0.16666666666666666,0.8333333333333334,0.09087118056735093,0.07572598380612577,336,-115.27687478847409,
24,no_batch,0.1,12,,12,12,0,1.0,12,1.25,3,0.16666666666666666,1.0,84518.86192317214,2754.981163683195,7548.7995862592925,9234.992808410741,16310.559123678782,29.994140625,909.4574299848175,1,0.08333333333333333,0.9166666666666666,0.14198014179258625,0.13014846330987073,336,-179.23662756297128,
24,fixed_4,0.1,12,,12,12,0,1.0,10,1.2,3,0.1,1.2,84518.86192317214,2502.8773769073796,6476.9160663506445,8651.289020698856,14693.299865085828,31.3623046875,761.4154291657662,1,0.08333333333333333,0.9166666666666666,0.14198014179258625,0.13014846330987073,280,-160.96088230322826,
24,sequential_greedy,0.1,12,,12,12,0,1.0,10,1.2,3,0.1,1.2,84518.86192317214,2502.8773769073796,6476.9160663506445,8651.289020698856,14693.299865085828,31.3623046875,761.4154291657662,1,0.08333333333333333,0.9166666666666666,0.14198014179258625,0.13014846330987073,280,-160.96088230322826,
24,dybap_fusion,0.1,12,,12,12,0,1.0,11,1.1818181818181819,3,0.09090909090909091,1.0909090909090908,84518.86192317214,2593.00959484425,6965.168789327574,9024.751726242894,15536.139134388464,31.125,832.9715979307855,1,0.08333333333333333,0.9166666666666666,0.14198014179258625,0.13014846330987073,308,-172.18814738440787,
25,no_batch,0.1,12,,12,12,0,1.0,12,1.0,1,0.0,1.0,122138.58473623588,2016.2769391618488,4187.773631763214,10920.797831636948,12283.77453185542,31.4296875,745.8101451555912,2,0.16666666666666666,0.8333333333333334,0.09824905066580372,0.08187420888816978,336,-173.50452346932818,
25,fixed_4,0.1,12,,12,12,0,1.0,12,1.0,1,0.0,1.0,122138.58473623588,2016.2769391618488,4187.773631763214,10920.797831636948,12283.77453185542,31.4296875,745.8101451555912,2,0.16666666666666666,0.8333333333333334,0.09824905066580372,0.08187420888816978,336,-173.50452346932818,
25,sequential_greedy,0.1,12,,12,12,0,1.0,12,1.0,1,0.0,1.0,122138.58473623588,2016.2769391618488,4187.773631763214,10920.797831636948,12283.77453185542,31.4296875,745.8101451555912,2,0.16666666666666666,0.8333333333333334,0.09824905066580372,0.08187420888816978,336,-173.50452346932818,
25,dybap_fusion,0.1,12,,12,12,0,1.0,12,1.0,1,0.0,1.0,122138.58473623588,2016.2769391618488,4187.773631763214,10920.797831636948,12283.77453185542,31.4296875,745.8101451555912,2,0.16666666666666666,0.8333333333333334,0.09824905066580372,0.08187420888816978,336,-173.50452346932818,
26,no_batch,0.1,12,,12,12,0,1.0,12,1.0,1,0.0,1.0,157223.27328929506,1909.1206174786187,4415.374780570099,11132.6749326317,9646.05935833543,99.84375,971.4842306463737,5,0.4166666666666667,0.5833333333333333,0.0763245780916905,0.04452267055348613,336,-164.5901056181945,
26,fixed_4,0.1,12,,12,12,0,1.0,12,1.0,1,0.0,1.0,157223.27328929506,1909.1206174786187,4415.374780570099,11132.6749326317,9646.05935833543,99.84375,971.4842306463737,5,0.4166666666666667,0.5833333333333333,0.0763245780916905,0.04452267055348613,336,-164.5901056181945,
26,sequential_greedy,0.1,12,,12,12,0,1.0,12,1.0,1,0.0,1.0,157223.27328929506,1909.1206174786187,4415.374780570099,11132.6749326317,9646.05935833543,99.84375,971.4842306463737,5,0.4166666666666667,0.5833333333333333,0.0763245780916905,0.04452267055348613,336,-164.5901056181945,
26,dybap_fusion,0.1,12,,12,12,0,1.0,12,1.0,1,0.0,1.0,157223.27328929506,1909.1206174786187,4415.374780570099,11132.6749326317,9646.05935833543,99.84375,971.4842306463737,5,0.4166666666666667,0.5833333333333333,0.0763245780916905,0.04452267055348613,336,-164.5901056181945,
27,no_batch,0.1,12,,12,12,0,1.0,12,1.0833333333333333,2,0.08333333333333333,1.0,105774.02596965934,3132.0310209332456,6125.766813767151,10229.138585823046,18983.241661166572,33.1552734375,861.8866529109378,3,0.25,0.75,0.11344940206248866,0.0850870515468665,336,-204.07476859599834,
27,fixed_4,0.1,12,,12,12,0,1.0,11,1.0909090909090908,2,0.09090909090909091,1.0909090909090908,105774.02596965934,3141.01088748546,6125.766813767151,10034.708300921058,18908.54830334859,36.240234375,788.4912155233521,3,0.25,0.75,0.11344940206248866,0.0850870515468665,308,-199.8538927772431,
27,sequential_greedy,0.1,12,,12,12,0,1.0,11,1.0909090909090908,2,0.09090909090909091,1.0909090909090908,105774.02596965934,3141.01088748546,6125.766813767151,10034.708300921058,18908.54830334859,36.240234375,788.4912155233521,3,0.25,0.75,0.11344940206248866,0.0850870515468665,308,-199.8538927772431,
27,dybap_fusion,0.1,12,,12,12,0,1.0,12,1.0833333333333333,2,0.08333333333333333,1.0,105774.02596965934,3132.0310209332456,6125.766813767151,10229.138585823046,18983.241661166572,33.1552734375,861.8866529109378,3,0.25,0.75,0.11344940206248866,0.0850870515468665,336,-204.07476859599834,
28,no_batch,0.1,12,,12,12,0,1.0,12,1.0,1,0.0,1.0,93160.24604488452,2030.4245611202211,3509.347822706408,10267.019810488255,9560.708218929172,60.8203125,661.2636741756814,4,0.3333333333333333,0.6666666666666667,0.12881030814601338,0.08587353876400892,336,-153.68483960234317,
28,fixed_4,0.1,12,,12,12,0,1.0,12,1.0,1,0.0,1.0,93160.24604488452,2030.4245611202211,3509.347822706408,10267.019810488255,9560.708218929172,60.8203125,661.2636741756814,4,0.3333333333333333,0.6666666666666667,0.12881030814601338,0.08587353876400892,336,-153.68483960234317,
28,sequential_greedy,0.1,12,,12,12,0,1.0,12,1.0,1,0.0,1.0,93160.24604488452,2030.4245611202211,3509.347822706408,10267.019810488255,9560.708218929172,60.8203125,661.2636741756814,4,0.3333333333333333,0.6666666666666667,0.12881030814601338,0.08587353876400892,336,-153.68483960234317,
28,dybap_fusion,0.1,12,,12,12,0,1.0,12,1.0,1,0.0,1.0,93160.24604488452,2030.4245611202211,3509.347822706408,10267.019810488255,9560.708218929172,60.8203125,661.2636741756814,4,0.3333333333333333,0.6666666666666667,0.12881030814601338,0.08587353876400892,336,-153.68483960234317,
29,no_batch,0.1,12,,12,12,0,1.0,12,1.0,1,0.0,1.0,97154.88728969044,1985.9934076347124,3874.897157951536,10971.922730712004,9432.154143724872,164.326171875,624.2865085354823,4,0.3333333333333333,0.6666666666666667,0.12351411580787637,0.08234274387191758,336,-156.01460095306822,
29,fixed_4,0.1,12,,12,12,0,1.0,12,1.0,1,0.0,1.0,97154.88728969044,1985.9934076347124,3874.897157951536,10971.922730712004,9432.154143724872,164.326171875,624.2865085354823,4,0.3333333333333333,0.6666666666666667,0.12351411580787637,0.08234274387191758,336,-156.01460095306822,
29,sequential_greedy,0.1,12,,12,12,0,1.0,12,1.0,1,0.0,1.0,97154.88728969044,1985.9934076347124,3874.897157951536,10971.922730712004,9432.154143724872,164.326171875,624.2865085354823,4,0.3333333333333333,0.6666666666666667,0.12351411580787637,0.08234274387191758,336,-156.01460095306822,
29,dybap_fusion,0.1,12,,12,12,0,1.0,12,1.0,1,0.0,1.0,97154.88728969044,1985.9934076347124,3874.897157951536,10971.922730712004,9432.154143724872,164.326171875,624.2865085354823,4,0.3333333333333333,0.6666666666666667,0.12351411580787637,0.08234274387191758,336,-156.01460095306822,
30,no_batch,0.1,12,,12,12,0,1.0,12,1.0,1,0.0,1.0,76398.46842935964,3398.907084041422,11271.083612656706,8950.32121860452,19300.496970657034,32.2880859375,545.2518957464281,3,0.25,0.75,0.1570712115923576,0.1178034086942682,336,-189.7499884688714,
30,fixed_4,0.1,12,,12,12,0,1.0,12,1.0,1,0.0,1.0,76398.46842935964,3398.907084041422,11271.083612656706,8950.32121860452,19300.496970657034,32.2880859375,545.2518957464281,3,0.25,0.75,0.1570712115923576,0.1178034086942682,336,-189.7499884688714,
30,sequential_greedy,0.1,12,,12,12,0,1.0,12,1.0,1,0.0,1.0,76398.46842935964,3398.907084041422,11271.083612656706,8950.32121860452,19300.496970657034,32.2880859375,545.2518957464281,3,0.25,0.75,0.1570712115923576,0.1178034086942682,336,-189.7499884688714,
30,dybap_fusion,0.1,12,,12,12,0,1.0,12,1.0,1,0.0,1.0,76398.46842935964,3398.907084041422,11271.083612656706,8950.32121860452,19300.496970657034,32.2880859375,545.2518957464281,3,0.25,0.75,0.1570712115923576,0.1178034086942682,336,-189.7499884688714,
31,no_batch,0.1,12,,12,12,0,1.0,12,1.0,1,0.0,1.0,133524.54444177647,3332.634564603129,10752.031155262393,14126.18599244432,23734.429620173203,124.4501953125,976.6130019738812,5,0.4166666666666667,0.5833333333333333,0.0898711173302869,0.05242481844266735,336,-251.76820553884627,
31,fixed_4,0.1,12,,12,12,0,1.0,12,1.0,1,0.0,1.0,133524.54444177647,3332.634564603129,10752.031155262393,14126.18599244432,23734.429620173203,124.4501953125,976.6130019738812,5,0.4166666666666667,0.5833333333333333,0.0898711173302869,0.05242481844266735,336,-251.76820553884627,
31,sequential_greedy,0.1,12,,12,12,0,1.0,12,1.0,1,0.0,1.0,133524.54444177647,3332.634564603129,10752.031155262393,14126.18599244432,23734.429620173203,124.4501953125,976.6130019738812,5,0.4166666666666667,0.5833333333333333,0.0898711173302869,0.05242481844266735,336,-251.76820553884627,
31,dybap_fusion,0.1,12,,12,12,0,1.0,12,1.0,1,0.0,1.0,133524.54444177647,3332.634564603129,10752.031155262393,14126.18599244432,23734.429620173203,124.4501953125,976.6130019738812,5,0.4166666666666667,0.5833333333333333,0.0898711173302869,0.05242481844266735,336,-251.76820553884627,
32,no_batch,0.1,12,,12,12,0,1.0,12,1.0,1,0.0,1.0,105359.59048724103,1327.9426051869434,2796.7063571222125,7030.940105053807,6752.7462733918155,27.7412109375,501.5127761954067,2,0.16666666666666666,0.8333333333333334,0.11389565909003026,0.09491304924169189,336,-107.02508808294664,
32,fixed_4,0.1,12,,12,12,0,1.0,12,1.0,1,0.0,1.0,105359.59048724103,1327.9426051869434,2796.7063571222125,7030.940105053807,6752.7462733918155,27.7412109375,501.5127761954067,2,0.16666666666666666,0.8333333333333334,0.11389565909003026,0.09491304924169189,336,-107.02508808294664,
32,sequential_greedy,0.1,12,,12,12,0,1.0,12,1.0,1,0.0,1.0,105359.59048724103,1327.9426051869434,2796.7063571222125,7030.940105053807,6752.7462733918155,27.7412109375,501.5127761954067,2,0.16666666666666666,0.8333333333333334,0.11389565909003026,0.09491304924169189,336,-107.02508808294664,
32,dybap_fusion,0.1,12,,12,12,0,1.0,12,1.0,1,0.0,1.0,105359.59048724103,1327.9426051869434,2796.7063571222125,7030.940105053807,6752.7462733918155,27.7412109375,501.5127761954067,2,0.16666666666666666,0.8333333333333334,0.11389565909003026,0.09491304924169189,336,-107.02508808294664,
33,no_batch,0.1,12,,12,12,0,1.0,12,1.0,1,0.0,1.0,105619.79019331907,1730.484662376365,3682.408358243589,6284.607637826158,10349.404258958599,25.1689453125,948.7041785086077,1,0.08333333333333333,0.9166666666666666,0.11361507136149428,0.10414714874803642,336,-117.78573299685031,
33,fixed_4,0.1,12,,12,12,0,1.0,12,1.0,1,0.0,1.0,105619.79019331907,1730.484662376365,3682.408358243589,6284.607637826158,10349.404258958599,25.1689453125,948.7041785086077,1,0.08333333333333333,0.9166666666666666,0.11361507136149428,0.10414714874803642,336,-117.78573299685031,
33,sequential_greedy,0.1,12,,12,12,0,1.0,12,1.0,1,0.0,1.0,105619.79019331907,1730.484662376365,3682.408358243589,6284.607637826158,10349.404258958599,25.1689453125,948.7041785086077,1,0.08333333333333333,0.9166666666666666,0.11361507136149428,0.10414714874803642,336,-117.78573299685031,
33,dybap_fusion,0.1,12,,12,12,0,1.0,12,1.0,1,0.0,1.0,105619.79019331907,1730.484662376365,3682.408358243589,6284.607637826158,10349.404258958599,25.1689453125,948.7041785086077,1,0.08333333333333333,0.9166666666666666,0.11361507136149428,0.10414714874803642,336,-117.78573299685031,
34,no_batch,0.1,12,,12,12,0,1.0,12,1.0,1,0.0,1.0,113856.54387543384,2622.7769338358617,4769.953425841789,8467.223501037593,19397.74038116431,77.9326171875,837.10422141518,3,0.25,0.75,0.10539578658850517,0.07904683994137887,336,-180.13538047867928,
34,fixed_4,0.1,12,,12,12,0,1.0,12,1.0,1,0.0,1.0,113856.54387543384,2622.7769338358617,4769.953425841789,8467.223501037593,19397.74038116431,77.9326171875,837.10422141518,3,0.25,0.75,0.10539578658850517,0.07904683994137887,336,-180.13538047867928,
34,sequential_greedy,0.1,12,,12,12,0,1.0,12,1.0,1,0.0,1.0,113856.54387543384,2622.7769338358617,4769.953425841789,8467.223501037593,19397.74038116431,77.9326171875,837.10422141518,3,0.25,0.75,0.10539578658850517,0.07904683994137887,336,-180.13538047867928,
34,dybap_fusion,0.1,12,,12,12,0,1.0,12,1.0,1,0.0,1.0,113856.54387543384,2622.7769338358617,4769.953425841789,8467.223501037593,19397.74038116431,77.9326171875,837.10422141518,3,0.25,0.75,0.10539578658850517,0.07904683994137887,336,-180.13538047867928,
35,no_batch,0.1,12,,12,12,0,1.0,12,1.0,1,0.0,1.0,71410.3748273191,2361.940161688374,4484.634464214799,12197.11784042353,11974.474809745821,67.40625,893.1890648230897,4,0.3333333333333333,0.6666666666666667,0.16804280931192117,0.11202853954128078,336,-186.14262532520652,
35,fixed_4,0.1,12,,12,12,0,1.0,12,1.0,1,0.0,1.0,71410.3748273191,2361.940161688374,4484.634464214799,12197.11784042353,11974.474809745821,67.40625,893.1890648230897,4,0.3333333333333333,0.6666666666666667,0.16804280931192117,0.11202853954128078,336,-186.14262532520652,
35,sequential_greedy,0.1,12,,12,12,0,1.0,12,1.0,1,0.0,1.0,71410.3748273191,2361.940161688374,4484.634464214799,12197.11784042353,11974.474809745821,67.40625,893.1890648230897,4,0.3333333333333333,0.6666666666666667,0.16804280931192117,0.11202853954128078,336,-186.14262532520652,
35,dybap_fusion,0.1,12,,12,12,0,1.0,12,1.0,1,0.0,1.0,71410.3748273191,2361.940161688374,4484.634464214799,12197.11784042353,11974.474809745821,67.40625,893.1890648230897,4,0.3333333333333333,0.6666666666666667,0.16804280931192117,0.11202853954128078,336,-186.14262532520652,
36,no_batch,0.1,12,,12,12,0,1.0,12,1.0,1,0.0,1.0,91625.39457614445,2676.955029147666,4508.235545138764,11836.662709587185,16270.179923919242,79.5,587.4686757309216,8,0.6666666666666666,0.33333333333333337,0.1309680580969014,0.0436560193656338,336,-203.0217819022076,
36,fixed_4,0.1,12,,12,12,0,1.0,12,1.0,1,0.0,1.0,91625.39457614445,2676.955029147666,4508.235545138764,11836.662709587185,16270.179923919242,79.5,587.4686757309216,8,0.6666666666666666,0.33333333333333337,0.1309680580969014,0.0436560193656338,336,-203.0217819022076,
36,sequential_greedy,0.1,12,,12,12,0,1.0,12,1.0,1,0.0,1.0,91625.39457614445,2676.955029147666,4508.235545138764,11836.662709587185,16270.179923919242,79.5,587.4686757309216,8,0.6666666666666666,0.33333333333333337,0.1309680580969014,0.0436560193656338,336,-203.0217819022076,
36,dybap_fusion,0.1,12,,12,12,0,1.0,12,1.0,1,0.0,1.0,91625.39457614445,2676.955029147666,4508.235545138764,11836.662709587185,16270.179923919242,79.5,587.4686757309216,8,0.6666666666666666,0.33333333333333337,0.1309680580969014,0.0436560193656338,336,-203.0217819022076,
37,no_batch,0.1,12,,12,12,0,1.0,12,1.0,1,0.0,1.0,183813.98847685166,3221.519499976975,9350.946454069468,8853.373524457726,25803.86125632436,84.5419921875,987.3083115340031,3,0.25,0.75,0.0652833883832035,0.04896254128740262,336,-218.23315446281413,
37,fixed_4,0.1,12,,12,12,0,1.0,12,1.0,1,0.0,1.0,183813.98847685166,3221.519499976975,9350.946454069468,8853.373524457726,25803.86125632436,84.5419921875,987.3083115340031,3,0.25,0.75,0.0652833883832035,0.04896254128740262,336,-218.23315446281413,
37,sequential_greedy,0.1,12,,12,12,0,1.0,12,1.0,1,0.0,1.0,183813.98847685166,3221.519499976975,9350.946454069468,8853.373524457726,25803.86125632436,84.5419921875,987.3083115340031,3,0.25,0.75,0.0652833883832035,0.04896254128740262,336,-218.23315446281413,
37,dybap_fusion,0.1,12,,12,12,0,1.0,12,1.0,1,0.0,1.0,183813.98847685166,3221.519499976975,9350.946454069468,8853.373524457726,25803.86125632436,84.5419921875,987.3083115340031,3,0.25,0.75,0.0652833883832035,0.04896254128740262,336,-218.23315446281413,
38,no_batch,0.1,12,,12,12,0,1.0,12,1.1666666666666667,2,0.16666666666666666,1.0,65552.26013452641,4387.50204182898,9288.921160971897,8204.700505411365,24331.51339648236,23.7509765625,812.3034093167145,4,0.3333333333333333,0.6666666666666667,0.18306004972785972,0.12204003315190648,336,-212.7574204270072,
38,fixed_4,0.1,12,,12,12,0,1.0,11,1.0909090909090908,2,0.09090909090909091,1.0909090909090908,65552.26013452641,4153.641045025283,9288.921160971897,7804.575277621541,23560.663385716987,24.6005859375,732.8508165272528,3,0.25,0.75,0.18306004972785972,0.1372950372958948,308,-201.193493993088,
38,sequential_greedy,0.1,12,,12,12,0,1.0,11,1.0909090909090908,2,0.09090909090909091,1.0909090909090908,65552.26013452641,4153.641045025283,9288.921160971897,7804.575277621541,23560.663385716987,24.6005859375,732.8508165272528,3,0.25,0.75,0.18306004972785972,0.1372950372958948,308,-201.193493993088,
38,dybap_fusion,0.1,12,,12,12,0,1.0,11,1.0909090909090908,2,0.09090909090909091,1.0909090909090908,65552.26013452641,4153.641045025283,9288.921160971897,7804.575277621541,23560.663385716987,24.6005859375,732.8508165272528,3,0.25,0.75,0.18306004972785972,0.1372950372958948,308,-201.193493993088,
39,no_batch,0.1,12,,12,12,0,1.0,12,1.0,1,0.0,1.0,119156.8745379704,1457.3677584819864,2522.372524105683,6186.818800918861,9849.498397502988,23.3466796875,764.9262135555639,1,0.08333333333333333,0.9166666666666666,0.1007075760129651,0.09231527801188467,336,-111.68112055509594,
39,fixed_4,0.1,12,,12,12,0,1.0,12,1.0,1,0.0,1.0,119156.8745379704,1457.3677584819864,2522.372524105683,6186.818800918861,9849.498397502988,23.3466796875,764.9262135555639,1,0.08333333333333333,0.9166666666666666,0.1007075760129651,0.09231527801188467,336,-111.68112055509594,
39,sequential_greedy,0.1,12,,12,12,0,1.0,12,1.0,1,0.0,1.0,119156.8745379704,1457.3677584819864,2522.372524105683,6186.818800918861,9849.498397502988,23.3466796875,764.9262135555639,1,0.08333333333333333,0.9166666666666666,0.1007075760129651,0.09231527801188467,336,-111.68112055509594,
39,dybap_fusion,0.1,12,,12,12,0,1.0,12,1.0,1,0.0,1.0,119156.8745379704,1457.3677584819864,2522.372524105683,6186.818800918861,9849.498397502988,23.3466796875,764.9262135555639,1,0.08333333333333333,0.9166666666666666,0.1007075760129651,0.09231527801188467,336,-111.68112055509594,
40,no_batch,0.1,12,,12,12,0,1.0,12,1.1666666666666667,2,0.16666666666666666,1.0,79881.54974483504,4780.572282577735,10186.611273302042,9576.176642771437,26024.002438632604,81.9931640625,598.2448874823403,8,0.6666666666666666,0.33333333333333337,0.15022242355501988,0.05007414118500663,336,-221.9130253896917,
40,fixed_4,0.1,12,,12,12,0,1.0,10,1.2,2,0.2,1.2,77147.87563696397,4410.4461817568945,10452.428871326581,8814.391135302623,22339.538706703188,81.8701171875,508.9760815777363,8,0.6666666666666666,0.33333333333333337,0.15554543661666845,0.05184847887222282,280,-194.63172026380704,
40,sequential_greedy,0.1,12,,12,12,0,1.0,10,1.2,2,0.2,1.2,77147.87563696397,4410.4461817568945,10452.428871326581,8814.391135302623,22339.538706703188,81.8701171875,508.9760815777363,8,0.6666666666666666,0.33333333333333337,0.15554543661666845,0.05184847887222282,280,-194.63172026380704,
40,dybap_fusion,0.1,12,,12,12,0,1.0,11,1.1818181818181819,2,0.18181818181818182,1.0909090909090908,77147.87563696397,4588.613786784484,10452.428871326581,9424.551282785207,23449.646893344445,87.3193359375,590.5516848856641,8,0.6666666666666666,0.33333333333333337,0.15554543661666845,0.05184847887222282,308,-206.91348397375032,
41,no_batch,0.1,12,,12,12,0,1.0,12,1.0,1,0.0,1.0,90846.65986083043,1222.860109352968,1719.4134744711573,7048.0899662707725,6401.47025367935,27.5859375,589.9188039248158,0,0.0,1.0,0.13209071217789414,0.13209071217789414,336,-100.4929662477218,
41,fixed_4,0.1,12,,12,12,0,1.0,12,1.0,1,0.0,1.0,90846.65986083043,1222.860109352968,1719.4134744711573,7048.0899662707725,6401.47025367935,27.5859375,589.9188039248158,0,0.0,1.0,0.13209071217789414,0.13209071217789414,336,-100.4929662477218,
41,sequential_greedy,0.1,12,,12,12,0,1.0,12,1.0,1,0.0,1.0,90846.65986083043,1222.860109352968,1719.4134744711573,7048.0899662707725,6401.47025367935,27.5859375,589.9188039248158,0,0.0,1.0,0.13209071217789414,0.13209071217789414,336,-100.4929662477218,
41,dybap_fusion,0.1,12,,12,12,0,1.0,12,1.0,1,0.0,1.0,90846.65986083043,1222.860109352968,1719.4134744711573,7048.0899662707725,6401.47025367935,27.5859375,589.9188039248158,0,0.0,1.0,0.13209071217789414,0.13209071217789414,336,-100.4929662477218,
42,no_batch,0.1,12,,12,12,0,1.0,12,1.0,1,0.0,1.0,71354.64259981582,1202.918315566241,1697.3683249230726,8648.372005720681,4921.939272522508,31.892578125,722.8716557270209,3,0.25,0.75,0.16817406075874555,0.12613054556905917,336,-114.41391277337705,
42,fixed_4,0.1,12,,12,12,0,1.0,12,1.0,1,0.0,1.0,71354.64259981582,1202.918315566241,1697.3683249230726,8648.372005720681,4921.939272522508,31.892578125,722.8716557270209,3,0.25,0.75,0.16817406075874555,0.12613054556905917,336,-114.41391277337705,
42,sequential_greedy,0.1,12,,12,12,0,1.0,12,1.0,1,0.0,1.0,71354.64259981582,1202.918315566241,1697.3683249230726,8648.372005720681,4921.939272522508,31.892578125,722.8716557270209,3,0.25,0.75,0.16817406075874555,0.12613054556905917,336,-114.41391277337705,
42,dybap_fusion,0.1,12,,12,12,0,1.0,12,1.0,1,0.0,1.0,71354.64259981582,1202.918315566241,1697.3683249230726,8648.372005720681,4921.939272522508,31.892578125,722.8716557270209,3,0.25,0.75,0.16817406075874555,0.12613054556905917,336,-114.41391277337705,
43,no_batch,0.1,12,,12,12,0,1.0,12,1.0,1,0.0,1.0,113879.46749887255,3802.821051137287,13567.900249111177,9797.616361617896,25163.46711386206,75.8583984375,776.5371717694258,2,0.16666666666666666,0.8333333333333334,0.10537457070668868,0.08781214225557389,336,-223.21998119229877,
43,fixed_4,0.1,12,,12,12,0,1.0,12,1.0,1,0.0,1.0,113879.46749887255,3802.821051137287,13567.900249111177,9797.616361617896,25163.46711386206,75.8583984375,776.5371717694258,2,0.16666666666666666,0.8333333333333334,0.10537457070668868,0.08781214225557389,336,-223.21998119229877,
43,sequential_greedy,0.1,12,,12,12,0,1.0,12,1.0,1,0.0,1.0,113879.46749887255,3802.821051137287,13567.900249111177,9797.616361617896,25163.46711386206,75.8583984375,776.5371717694258,2,0.16666666666666666,0.8333333333333334,0.10537457070668868,0.08781214225557389,336,-223.21998119229877,
43,dybap_fusion,0.1,12,,12,12,0,1.0,12,1.0,1,0.0,1.0,113879.46749887255,3802.821051137287,13567.900249111177,9797.616361617896,25163.46711386206,75.8583984375,776.5371717694258,2,0.16666666666666666,0.8333333333333334,0.10537457070668868,0.08781214225557389,336,-223.21998119229877,
44,no_batch,0.1,12,,12,12,0,1.0,12,1.0833333333333333,2,0.08333333333333333,1.0,87572.55462275149,1587.581074373793,3575.500027166019,7634.770175476072,8797.796943549325,22.6318359375,702.3613530036633,2,0.16666666666666666,0.8333333333333334,0.13702923309356538,0.11419102757797116,336,-124.28412531301323,
44,fixed_4,0.1,12,,12,12,0,1.0,11,1.0909090909090908,2,0.09090909090909091,1.0909090909090908,87572.55462275149,1537.3447767766277,3250.9100743151585,6992.648937907586,8695.907797875812,22.6845703125,629.003111508728,1,0.08333333333333333,0.9166666666666666,0.13702923309356538,0.12561013033576826,308,-114.21059451511184,
44,sequential_greedy,0.1,12,,12,12,0,1.0,11,1.0909090909090908,2,0.09090909090909091,1.0909090909090908,87572.55462275149,1537.3447767766277,3250.9100743151585,6992.648937907586,8695.907797875812,22.6845703125,629.003111508728,1,0.08333333333333333,0.9166666666666666,0.13702923309356538,0.12561013033576826,308,-114.21059451511184,
44,dybap_fusion,0.1,12,,12,12,0,1.0,12,1.0833333333333333,2,0.08333333333333333,1.0,87572.55462275149,1587.581074373793,3575.500027166019,7634.770175476072,8797.796943549325,22.6318359375,702.3613530036633,2,0.16666666666666666,0.8333333333333334,0.13702923309356538,0.11419102757797116,336,-124.28412531301323,
45,no_batch,0.1,12,,12,12,0,1.0,12,1.0,1,0.0,1.0,142003.57285419866,1744.6243424917357,2996.9653271213706,8971.758880795294,9109.471005945155,26.33203125,717.9365465189945,2,0.16666666666666666,0.8333333333333334,0.08450491602997151,0.07042076335830959,336,-137.85122133318993,
45,fixed_4,0.1,12,,12,12,0,1.0,12,1.0,1,0.0,1.0,142003.57285419866,1744.6243424917357,2996.9653271213706,8971.758880795294,9109.471005945155,26.33203125,717.9365465189945,2,0.16666666666666666,0.8333333333333334,0.08450491602997151,0.07042076335830959,336,-137.85122133318993,
45,sequential_greedy,0.1,12,,12,12,0,1.0,12,1.0,1,0.0,1.0,142003.57285419866,1744.6243424917357,2996.9653271213706,8971.758880795294,9109.471005945155,26.33203125,717.9365465189945,2,0.16666666666666666,0.8333333333333334,0.08450491602997151,0.07042076335830959,336,-137.85122133318993,
45,dybap_fusion,0.1,12,,12,12,0,1.0,12,1.0,1,0.0,1.0,142003.57285419866,1744.6243424917357,2996.9653271213706,8971.758880795294,9109.471005945155,26.33203125,717.9365465189945,2,0.16666666666666666,0.8333333333333334,0.08450491602997151,0.07042076335830959,336,-137.85122133318993,
46,no_batch,0.1,12,,12,12,0,1.0,12,1.0,1,0.0,1.0,128567.13132830051,2430.496133083176,4919.680912692667,8313.307970151924,16821.196492948595,49.18359375,789.3404345528189,3,0.25,0.75,0.09333645291779587,0.0700023396883469,336,-167.03722286512848,
46,fixed_4,0.1,12,,12,12,0,1.0,12,1.0,1,0.0,1.0,128567.13132830051,2430.496133083176,4919.680912692667,8313.307970151924,16821.196492948595,49.18359375,789.3404345528189,3,0.25,0.75,0.09333645291779587,0.0700023396883469,336,-167.03722286512848,
46,sequential_greedy,0.1,12,,12,12,0,1.0,12,1.0,1,0.0,1.0,128567.13132830051,2430.496133083176,4919.680912692667,8313.307970151924,16821.196492948595,49.18359375,789.3404345528189,3,0.25,0.75,0.09333645291779587,0.0700023396883469,336,-167.03722286512848,
46,dybap_fusion,0.1,12,,12,12,0,1.0,12,1.0,1,0.0,1.0,128567.13132830051,2430.496133083176,4919.680912692667,8313.307970151924,16821.196492948595,49.18359375,789.3404345528189,3,0.25,0.75,0.09333645291779587,0.0700023396883469,336,-167.03722286512848,
47,no_batch,0.1,12,,12,12,0,1.0,12,1.0,1,0.0,1.0,84984.37717186469,2612.340812949128,7396.854605165319,9547.547284038204,16270.940079108124,31.658203125,758.7597571436611,3,0.25,0.75,0.14120242330813684,0.10590181748110264,336,-180.4859660538946,
47,fixed_4,0.1,12,,12,12,0,1.0,12,1.0,1,0.0,1.0,84984.37717186469,2612.340812949128,7396.854605165319,9547.547284038204,16270.940079108124,31.658203125,758.7597571436611,3,0.25,0.75,0.14120242330813684,0.10590181748110264,336,-180.4859660538946,
47,sequential_greedy,0.1,12,,12,12,0,1.0,12,1.0,1,0.0,1.0,84984.37717186469,2612.340812949128,7396.854605165319,9547.547284038204,16270.940079108124,31.658203125,758.7597571436611,3,0.25,0.75,0.14120242330813684,0.10590181748110264,336,-180.4859660538946,
47,dybap_fusion,0.1,12,,12,12,0,1.0,12,1.0,1,0.0,1.0,84984.37717186469,2612.340812949128,7396.854605165319,9547.547284038204,16270.940079108124,31.658203125,758.7597571436611,3,0.25,0.75,0.14120242330813684,0.10590181748110264,336,-180.4859660538946,
48,no_batch,0.1,12,,12,12,0,1.0,12,1.0833333333333333,2,0.08333333333333333,1.0,92221.65974091747,3662.8811195922112,8456.0435857411,10939.881795034593,21808.996037413286,51.92578125,747.227515109496,7,0.5833333333333334,0.41666666666666663,0.13012127556272735,0.05421719815113639,336,-221.0589323133965,
48,fixed_4,0.1,12,,12,12,0,1.0,11,1.0909090909090908,2,0.09090909090909091,1.0909090909090908,92221.65974091747,3494.106238100691,8646.191788397617,10167.006238259657,21835.511413642416,52.623046875,705.2600224267228,7,0.5833333333333334,0.41666666666666663,0.13012127556272735,0.05421719815113639,308,-208.23749188549314,
48,sequential_greedy,0.1,12,,12,12,0,1.0,11,1.0909090909090908,2,0.09090909090909091,1.0909090909090908,92221.65974091747,3494.106238100691,8646.191788397617,10167.006238259657,21835.511413642416,52.623046875,705.2600224267228,7,0.5833333333333334,0.41666666666666663,0.13012127556272735,0.05421719815113639,308,-208.23749188549314,
48,dybap_fusion,0.1,12,,12,12,0,1.0,12,1.0833333333333333,2,0.08333333333333333,1.0,92221.65974091747,3662.8811195922112,8456.0435857411,10939.881795034593,21808.996037413286,51.92578125,747.227515109496,7,0.5833333333333334,0.41666666666666663,0.13012127556272735,0.05421719815113639,336,-221.0589323133965,
49,no_batch,0.1,12,,12,12,0,1.0,12,1.0,1,0.0,1.0,60302.63686684568,1919.662371024935,4413.31960497813,8981.624687465865,9012.674312114683,107.0654296875,781.0114697320489,3,0.25,0.75,0.19899627318946622,0.14924720489209967,336,-128.03647274374063,
49,fixed_4,0.1,12,,12,12,0,1.0,12,1.0,1,0.0,1.0,60302.63686684568,1919.662371024935,4413.31960497813,8981.624687465865,9012.674312114683,107.0654296875,781.0114697320489,3,0.25,0.75,0.19899627318946622,0.14924720489209967,336,-128.03647274374063,
49,sequential_greedy,0.1,12,,12,12,0,1.0,12,1.0,1,0.0,1.0,60302.63686684568,1919.662371024935,4413.31960497813,8981.624687465865,9012.674312114683,107.0654296875,781.0114697320489,3,0.25,0.75,0.19899627318946622,0.14924720489209967,336,-128.03647274374063,
49,dybap_fusion,0.1,12,,12,12,0,1.0,12,1.0,1,0.0,1.0,60302.63686684568,1919.662371024935,4413.31960497813,8981.624687465865,9012.674312114683,107.0654296875,781.0114697320489,3,0.25,0.75,0.19899627318946622,0.14924720489209967,336,-128.03647274374063,
50,no_batch,0.1,12,,12,12,0,1.0,12,1.0,1,0.0,1.0,91283.20058795303,1052.3614258113482,2424.2515340693135,4784.084096534158,6945.083657453331,22.51171875,882.1498521813493,1,0.08333333333333333,0.9166666666666666,0.13145901899482348,0.12050410074525486,336,-87.1587886679254,
50,fixed_4,0.1,12,,12,12,0,1.0,12,1.0,1,0.0,1.0,91283.20058795303,1052.3614258113482,2424.2515340693135,4784.084096534158,6945.083657453331,22.51171875,882.1498521813493,1,0.08333333333333333,0.9166666666666666,0.13145901899482348,0.12050410074525486,336,-87.1587886679254,
50,sequential_greedy,0.1,12,,12,12,0,1.0,12,1.0,1,0.0,1.0,91283.20058795303,1052.3614258113482,2424.2515340693135,4784.084096534158,6945.083657453331,22.51171875,882.1498521813493,1,0.08333333333333333,0.9166666666666666,0.13145901899482348,0.12050410074525486,336,-87.1587886679254,
50,dybap_fusion,0.1,12,,12,12,0,1.0,12,1.0,1,0.0,1.0,91283.20058795303,1052.3614258113482,2424.2515340693135,4784.084096534158,6945.083657453331,22.51171875,882.1498521813493,1,0.08333333333333333,0.9166666666666666,0.13145901899482348,0.12050410074525486,336,-87.1587886679254,
51,no_batch,0.1,12,,12,12,0,1.0,12,1.0,1,0.0,1.0,100155.22682738738,2643.741227032624,5575.4371088895505,10028.23162912834,13245.848419402448,27.2607421875,582.3450665366946,4,0.3333333333333333,0.6666666666666667,0.11981401650341636,0.07987601100227756,336,-173.21631363435546,
51,fixed_4,0.1,12,,12,12,0,1.0,12,1.0,1,0.0,1.0,100155.22682738738,2643.741227032624,5575.4371088895505,10028.23162912834,13245.848419402448,27.2607421875,582.3450665366946,4,0.3333333333333333,0.6666666666666667,0.11981401650341636,0.07987601100227756,336,-173.21631363435546,
51,sequential_greedy,0.1,12,,12,12,0,1.0,12,1.0,1,0.0,1.0,100155.22682738738,2643.741227032624,5575.4371088895505,10028.23162912834,13245.848419402448,27.2607421875,582.3450665366946,4,0.3333333333333333,0.6666666666666667,0.11981401650341636,0.07987601100227756,336,-173.21631363435546,
51,dybap_fusion,0.1,12,,12,12,0,1.0,12,1.0,1,0.0,1.0,100155.22682738738,2643.741227032624,5575.4371088895505,10028.23162912834,13245.848419402448,27.2607421875,582.3450665366946,4,0.3333333333333333,0.6666666666666667,0.11981401650341636,0.07987601100227756,336,-173.21631363435546,
52,no_batch,0.1,12,,12,12,0,1.0,12,1.0,1,0.0,1.0,63699.895188933115,2076.735592909272,4366.071770920754,8787.388583085214,12912.90246330787,30.3486328125,773.6317465310493,1,0.08333333333333333,0.9166666666666666,0.1883833554891754,0.17268474253174412,336,-154.87438379346173,
52,fixed_4,0.1,12,,12,12,0,1.0,12,1.0,1,0.0,1.0,63699.895188933115,2076.735592909272,4366.071770920754,8787.388583085214,12912.90246330787,30.3486328125,773.6317465310493,1,0.08333333333333333,0.9166666666666666,0.1883833554891754,0.17268474253174412,336,-154.87438379346173,
52,sequential_greedy,0.1,12,,12,12,0,1.0,12,1.0,1,0.0,1.0,63699.895188933115,2076.735592909272,4366.071770920754,8787.388583085214,12912.90246330787,30.3486328125,773.6317465310493,1,0.08333333333333333,0.9166666666666666,0.1883833554891754,0.17268474253174412,336,-154.87438379346173,
52,dybap_fusion,0.1,12,,12,12,0,1.0,12,1.0,1,0.0,1.0,63699.895188933115,2076.735592909272,4366.071770920754,8787.388583085214,12912.90246330787,30.3486328125,773.6317465310493,1,0.08333333333333333,0.9166666666666666,0.1883833554891754,0.17268474253174412,336,-154.87438379346173,
53,no_batch,0.1,12,,12,12,0,1.0,12,1.0,1,0.0,1.0,97140.78292342756,2151.758366257593,3316.1583500100905,7312.466544323187,16178.513975864911,74.203125,549.2590070755972,4,0.3333333333333333,0.6666666666666667,0.1235320494530001,0.0823546996353334,336,-149.3419739715172,
53,fixed_4,0.1,12,,12,12,0,1.0,12,1.0,1,0.0,1.0,97140.78292342756,2151.758366257593,3316.1583500100905,7312.466544323187,16178.513975864911,74.203125,549.2590070755972,4,0.3333333333333333,0.6666666666666667,0.1235320494530001,0.0823546996353334,336,-149.3419739715172,
53,sequential_greedy,0.1,12,,12,12,0,1.0,12,1.0,1,0.0,1.0,97140.78292342756,2151.758366257593,3316.1583500100905,7312.466544323187,16178.513975864911,74.203125,549.2590070755972,4,0.3333333333333333,0.6666666666666667,0.1235320494530001,0.0823546996353334,336,-149.3419739715172,
53,dybap_fusion,0.1,12,,12,12,0,1.0,12,1.0,1,0.0,1.0,97140.78292342756,2151.758366257593,3316.1583500100905,7312.466544323187,16178.513975864911,74.203125,549.2590070755972,4,0.3333333333333333,0.6666666666666667,0.1235320494530001,0.0823546996353334,336,-149.3419739715172,
54,no_batch,0.1,12,,12,12,0,1.0,12,1.0833333333333333,2,0.08333333333333333,1.0,111931.22621719512,3172.2813552415573,5091.3858323634595,10011.514354301098,21388.966273558504,85.78125,860.9757962792257,5,0.4166666666666667,0.5833333333333333,0.10720868881320746,0.06253840180770436,336,-204.17739214326073,
54,fixed_4,0.1,12,,12,12,0,1.0,11,1.0909090909090908,2,0.09090909090909091,1.0909090909090908,111931.22621719512,3153.474104581355,5096.773781209853,9910.390572177175,21101.6397095536,76.9775390625,747.5723339893441,5,0.4166666666666667,0.5833333333333333,0.10720868881320746,0.06253840180770436,308,-201.8157347845229,
54,sequential_greedy,0.1,12,,12,12,0,1.0,11,1.0909090909090908,2,0.09090909090909091,1.0909090909090908,111931.22621719512,3153.474104581355,5096.773781209853,9910.390572177175,21101.6397095536,76.9775390625,747.5723339893441,5,0.4166666666666667,0.5833333333333333,0.10720868881320746,0.06253840180770436,308,-201.8157347845229,
54,dybap_fusion,0.1,12,,12,12,0,1.0,12,1.0833333333333333,2,0.08333333333333333,1.0,111931.22621719512,3172.2813552415573,5091.3858323634595,10011.514354301098,21388.966273558504,85.78125,860.9757962792257,5,0.4166666666666667,0.5833333333333333,0.10720868881320746,0.06253840180770436,336,-204.17739214326073,
55,no_batch,0.1,12,,12,12,0,1.0,12,1.0833333333333333,2,0.08333333333333333,1.0,97113.3929576199,3208.387326750668,7179.501848384378,11512.482161922198,16977.454587051907,118.201171875,722.1414147030183,7,0.5833333333333334,0.41666666666666663,0.12356689056510237,0.051486204402125986,336,-197.27689954158046,
55,fixed_4,0.1,12,,12,12,0,1.0,11,1.0909090909090908,2,0.09090909090909091,1.0909090909090908,97113.3929576199,3136.613400904908,6660.57466911475,11493.981455546043,15889.956241227119,124.8076171875,674.9689574158932,7,0.5833333333333334,0.41666666666666663,0.12356689056510237,0.051486204402125986,308,-177.85464341264822,
55,sequential_greedy,0.1,12,,12,12,0,1.0,11,1.0909090909090908,2,0.09090909090909091,1.0909090909090908,97113.3929576199,3136.613400904908,6660.57466911475,11493.981455546043,15889.956241227119,124.8076171875,674.9689574158932,7,0.5833333333333334,0.41666666666666663,0.12356689056510237,0.051486204402125986,308,-177.85464341264822,
55,dybap_fusion,0.1,12,,12,12,0,1.0,12,1.0833333333333333,2,0.08333333333333333,1.0,97113.3929576199,3208.387326750668,7179.501848384378,11512.482161922198,16977.454587051907,118.201171875,722.1414147030183,7,0.5833333333333334,0.41666666666666663,0.12356689056510237,0.051486204402125986,336,-197.27689954158046,
56,no_batch,0.1,12,,12,12,0,1.0,12,1.0,1,0.0,1.0,153294.08172725403,2292.990742182537,7294.493760024108,6834.6936891431205,17185.373900625375,29.865234375,848.4168544248035,1,0.08333333333333333,0.9166666666666666,0.078280908596007,0.07175749954633975,336,-157.46741225108502,
56,fixed_4,0.1,12,,12,12,0,1.0,12,1.0,1,0.0,1.0,153294.08172725403,2292.990742182537,7294.493760024108,6834.6936891431205,17185.373900625375,29.865234375,848.4168544248035,1,0.08333333333333333,0.9166666666666666,0.078280908596007,0.07175749954633975,336,-157.46741225108502,
56,sequential_greedy,0.1,12,,12,12,0,1.0,12,1.0,1,0.0,1.0,153294.08172725403,2292.990742182537,7294.493760024108,6834.6936891431205,17185.373900625375,29.865234375,848.4168544248035,1,0.08333333333333333,0.9166666666666666,0.078280908596007,0.07175749954633975,336,-157.46741225108502,
56,dybap_fusion,0.1,12,,12,12,0,1.0,12,1.0,1,0.0,1.0,153294.08172725403,2292.990742182537,7294.493760024108,6834.6936891431205,17185.373900625375,29.865234375,848.4168544248035,1,0.08333333333333333,0.9166666666666666,0.078280908596007,0.07175749954633975,336,-157.46741225108502,
57,no_batch,0.1,12,,12,12,0,1.0,12,1.0833333333333333,2,0.08333333333333333,1.0,84298.66556514753,3348.4755440875942,6302.143564555256,11832.376694455334,17418.698173720364,45.8408203125,742.4548560038314,6,0.5,0.5,0.14235100780718982,0.07117550390359491,336,-211.32226510318972,
57,fixed_4,0.1,12,,12,12,0,1.0,11,1.0909090909090908,2,0.09090909090909091,1.0909090909090908,84298.66556514753,3357.3425768963457,6302.143564555256,11839.711391817213,17374.615861938735,48.71484375,692.0489569184973,6,0.5,0.5,0.14235100780718982,0.07117550390359491,308,-210.07785191562883,
57,sequential_greedy,0.1,12,,12,12,0,1.0,11,1.0909090909090908,2,0.09090909090909091,1.0909090909090908,84298.66556514753,3357.3425768963457,6302.143564555256,11839.711391817213,17374.615861938735,48.71484375,692.0489569184973,6,0.5,0.5,0.14235100780718982,0.07117550390359491,308,-210.07785191562883,
57,dybap_fusion,0.1,12,,12,12,0,1.0,12,1.0833333333333333,2,0.08333333333333333,1.0,84298.66556514753,3348.4755440875942,6302.143564555256,11832.376694455334,17418.698173720364,45.8408203125,742.4548560038314,6,0.5,0.5,0.14235100780718982,0.07117550390359491,336,-211.32226510318972,
58,no_batch,0.1,12,,12,12,0,1.0,12,1.0,1,0.0,1.0,117950.97984387934,2983.0324104658225,5693.419459623208,11096.630075679821,20554.571763851476,95.056640625,865.5656916358496,3,0.25,0.75,0.10173717942727797,0.07630288457045849,336,-213.3739200906262,
58,fixed_4,0.1,12,,12,12,0,1.0,12,1.0,1,0.0,1.0,117950.97984387934,2983.0324104658225,5693.419459623208,11096.630075679821,20554.571763851476,95.056640625,865.5656916358496,3,0.25,0.75,0.10173717942727797,0.07630288457045849,336,-213.3739200906262,
58,sequential_greedy,0.1,12,,12,12,0,1.0,12,1.0,1,0.0,1.0,117950.97984387934,2983.0324104658225,5693.419459623208,11096.630075679821,20554.571763851476,95.056640625,865.5656916358496,3,0.25,0.75,0.10173717942727797,0.07630288457045849,336,-213.3739200906262,
58,dybap_fusion,0.1,12,,12,12,0,1.0,12,1.0,1,0.0,1.0,117950.97984387934,2983.0324104658225,5693.419459623208,11096.630075679821,20554.571763851476,95.056640625,865.5656916358496,3,0.25,0.75,0.10173717942727797,0.07630288457045849,336,-213.3739200906262,
59,no_batch,0.1,12,,12,12,0,1.0,12,1.1666666666666667,2,0.16666666666666666,1.0,99445.29327323871,2517.0783386127105,8300.961948232312,10085.089827046586,10593.592296545348,34.248046875,976.9254964865573,4,0.3333333333333333,0.6666666666666667,0.12066936106295607,0.08044624070863739,336,-158.49338339763364,
59,fixed_4,0.1,12,,12,12,0,1.0,11,1.0909090909090908,2,0.09090909090909091,1.0909090909090908,99445.29327323871,2548.6642009692996,7622.148895207347,10157.129206378875,9925.060148017616,37.98046875,894.6052126570379,4,0.3333333333333333,0.6666666666666667,0.12066936106295607,0.08044624070863739,308,-144.62388292563057,
59,sequential_greedy,0.1,12,,12,12,0,1.0,11,1.1818181818181819,2,0.18181818181818182,1.0909090909090908,99445.29327323871,2126.954510333674,5734.143460292009,9053.131384602964,10626.236339154088,34.751953125,916.7427273556992,4,0.3333333333333333,0.6666666666666667,0.12066936106295607,0.08044624070863739,308,-136.38623042439735,
59,dybap_fusion,0.1,12,,12,12,0,1.0,12,1.1666666666666667,2,0.16666666666666666,1.0,99445.29327323871,2517.0783386127105,8300.961948232312,10085.089827046586,10593.592296545348,34.248046875,976.9254964865573,4,0.3333333333333333,0.6666666666666667,0.12066936106295607,0.08044624070863739,336,-158.49338339763364,
60,no_batch,0.1,12,,12,12,0,1.0,12,1.0,1,0.0,1.0,140901.2583309173,1051.365760004072,1739.8443406648912,7908.3775207634035,3045.5404686610163,95.77734375,777.9694435223464,2,0.16666666666666666,0.8333333333333334,0.08516602436450275,0.07097168697041896,336,-96.13367539735704,
60,fixed_4,0.1,12,,12,12,0,1.0,12,1.0,1,0.0,1.0,140901.2583309173,1051.365760004072,1739.8443406648912,7908.3775207634035,3045.5404686610163,95.77734375,777.9694435223464,2,0.16666666666666666,0.8333333333333334,0.08516602436450275,0.07097168697041896,336,-96.13367539735704,
60,sequential_greedy,0.1,12,,12,12,0,1.0,12,1.0,1,0.0,1.0,140901.2583309173,1051.365760004072,1739.8443406648912,7908.3775207634035,3045.5404686610163,95.77734375,777.9694435223464,2,0.16666666666666666,0.8333333333333334,0.08516602436450275,0.07097168697041896,336,-96.13367539735704,
60,dybap_fusion,0.1,12,,12,12,0,1.0,12,1.0,1,0.0,1.0,140901.2583309173,1051.365760004072,1739.8443406648912,7908.3775207634035,3045.5404686610163,95.77734375,777.9694435223464,2,0.16666666666666666,0.8333333333333334,0.08516602436450275,0.07097168697041896,336,-96.13367539735704,
61,no_batch,0.1,12,,12,12,0,1.0,12,1.0833333333333333,2,0.08333333333333333,1.0,130608.4685126453,3231.981656737678,8455.912030223155,6960.283843297142,18646.550592939668,42.6943359375,852.0373437081454,3,0.25,0.75,0.09187765645409264,0.06890824234056948,336,-167.50951059506076,
61,fixed_4,0.1,12,,12,12,0,1.0,11,1.0909090909090908,2,0.09090909090909091,1.0909090909090908,130608.4685126453,3149.7083262347537,8455.912030223155,6886.861982290951,17650.063668715207,44.3232421875,790.8474943573506,3,0.25,0.75,0.09187765645409264,0.06890824234056948,308,-158.39635824555216,
61,sequential_greedy,0.1,12,,12,12,0,1.0,11,1.0909090909090908,2,0.09090909090909091,1.0909090909090908,130608.4685126453,3149.7083262347537,8455.912030223155,6886.861982290951,17650.063668715207,44.3232421875,790.8474943573506,3,0.25,0.75,0.09187765645409264,0.06890824234056948,308,-158.39635824555216,
61,dybap_fusion,0.1,12,,12,12,0,1.0,12,1.0833333333333333,2,0.08333333333333333,1.0,130608.4685126453,3231.981656737678,8455.912030223155,6960.283843297142,18646.550592939668,42.6943359375,852.0373437081454,3,0.25,0.75,0.09187765645409264,0.06890824234056948,336,-167.50951059506076,
62,no_batch,0.1,12,,12,12,0,1.0,12,1.0833333333333333,2,0.08333333333333333,1.0,92977.65132060165,1852.287266169022,2715.3229560686723,14479.858635622306,3607.507158749535,46.1044921875,585.959043116611,8,0.6666666666666666,0.33333333333333337,0.1290632730506614,0.043021091016887135,336,-171.83398743122467,
62,fixed_4,0.1,12,,12,12,0,1.0,11,1.0909090909090908,2,0.09090909090909091,1.0909090909090908,92977.65132060165,1986.91359988397,3501.303784936753,14580.074215328143,3551.8822152857556,50.478515625,557.4584332569797,8,0.6666666666666666,0.33333333333333337,0.1290632730506614,0.043021091016887135,308,-171.8771546173972,
62,sequential_greedy,0.1,12,,12,12,0,1.0,12,1.0833333333333333,2,0.08333333333333333,1.0,92977.65132060165,1852.287266169022,2715.3229560686723,14479.858635622306,3607.507158749535,46.1044921875,585.959043116611,8,0.6666666666666666,0.33333333333333337,0.1290632730506614,0.043021091016887135,336,-171.83398743122467,
62,dybap_fusion,0.1,12,,12,12,0,1.0,12,1.0833333333333333,2,0.08333333333333333,1.0,92977.65132060165,1852.287266169022,2715.3229560686723,14479.858635622306,3607.507158749535,46.1044921875,585.959043116611,8,0.6666666666666666,0.33333333333333337,0.1290632730506614,0.043021091016887135,336,-171.83398743122467,
63,no_batch,0.1,12,,12,12,0,1.0,12,1.0,1,0.0,1.0,162718.39336489522,2002.340818098702,5147.82015389988,8748.829140100024,14328.44268539561,59.1005859375,623.5959579511755,3,0.25,0.75,0.07374704083446827,0.0553102806258512,336,-158.07915463864836,
63,fixed_4,0.1,12,,12,12,0,1.0,12,1.0,1,0.0,1.0,162718.39336489522,2002.340818098702,5147.82015389988,8748.829140100024,14328.44268539561,59.1005859375,623.5959579511755,3,0.25,0.75,0.07374704083446827,0.0553102806258512,336,-158.07915463864836,
63,sequential_greedy,0.1,12,,12,12,0,1.0,12,1.0,1,0.0,1.0,162718.39336489522,2002.340818098702,5147.82015389988,8748.829140100024,14328.44268539561,59.1005859375,623.5959579511755,3,0.25,0.75,0.07374704083446827,0.0553102806258512,336,-158.07915463864836,
63,dybap_fusion,0.1,12,,12,12,0,1.0,12,1.0,1,0.0,1.0,162718.39336489522,2002.340818098702,5147.82015389988,8748.829140100024,14328.44268539561,59.1005859375,623.5959579511755,3,0.25,0.75,0.07374704083446827,0.0553102806258512,336,-158.07915463864836,
64,no_batch,0.1,12,,12,12,0,1.0,12,1.0,1,0.0,1.0,79329.20459380568,1410.9319072896476,2814.728435741955,4111.78160039443,11949.278790640425,19.88671875,570.0105415011062,0,0.0,1.0,0.15126837665200799,0.15126837665200799,336,-98.99945860605317,
64,fixed_4,0.1,12,,12,12,0,1.0,12,1.0,1,0.0,1.0,79329.20459380568,1410.9319072896476,2814.728435741955,4111.78160039443,11949.278790640425,19.88671875,570.0105415011062,0,0.0,1.0,0.15126837665200799,0.15126837665200799,336,-98.99945860605317,
64,sequential_greedy,0.1,12,,12,12,0,1.0,12,1.0,1,0.0,1.0,79329.20459380568,1410.9319072896476,2814.728435741955,4111.78160039443,11949.278790640425,19.88671875,570.0105415011062,0,0.0,1.0,0.15126837665200799,0.15126837665200799,336,-98.99945860605317,
64,dybap_fusion,0.1,12,,12,12,0,1.0,12,1.0,1,0.0,1.0,79329.20459380568,1410.9319072896476,2814.728435741955,4111.78160039443,11949.278790640425,19.88671875,570.0105415011062,0,0.0,1.0,0.15126837665200799,0.15126837665200799,336,-98.99945860605317,
65,no_batch,0.1,12,,12,12,0,1.0,12,1.0,1,0.0,1.0,98922.42490165544,2401.831785244366,6119.961242903365,10437.848073132383,14137.599343145745,32.0390625,930.9739618627347,1,0.08333333333333333,0.9166666666666666,0.12130717592022135,0.11119824459353624,336,-174.8901248491942,
65,fixed_4,0.1,12,,12,12,0,1.0,12,1.0,1,0.0,1.0,98922.42490165544,2401.831785244366,6119.961242903365,10437.848073132383,14137.599343145745,32.0390625,930.9739618627347,1,0.08333333333333333,0.9166666666666666,0.12130717592022135,0.11119824459353624,336,-174.8901248491942,
65,sequential_greedy,0.1,12,,12,12,0,1.0,12,1.0,1,0.0,1.0,98922.42490165544,2401.831785244366,6119.961242903365,10437.848073132383,14137.599343145745,32.0390625,930.9739618627347,1,0.08333333333333333,0.9166666666666666,0.12130717592022135,0.11119824459353624,336,-174.8901248491942,
65,dybap_fusion,0.1,12,,12,12,0,1.0,12,1.0,1,0.0,1.0,98922.42490165544,2401.831785244366,6119.961242903365,10437.848073132383,14137.599343145745,32.0390625,930.9739618627347,1,0.08333333333333333,0.9166666666666666,0.12130717592022135,0.11119824459353624,336,-174.8901248491942,
66,no_batch,0.1,12,,12,12,0,1.0,12,1.0,1,0.0,1.0,84169.40003157084,2772.9972492238667,4921.852286491982,9918.555477200072,17077.34370934775,50.9853515625,761.1938823674743,3,0.25,0.75,0.14256962738832588,0.10692722054124441,336,-186.64165803746363,
66,fixed_4,0.1,12,,12,12,0,1.0,12,1.0,1,0.0,1.0,84169.40003157084,2772.9972492238667,4921.852286491982,9918.555477200072,17077.34370934775,50.9853515625,761.1938823674743,3,0.25,0.75,0.14256962738832588,0.10692722054124441,336,-186.64165803746363,
66,sequential_greedy,0.1,12,,12,12,0,1.0,12,1.0,1,0.0,1.0,84169.40003157084,2772.9972492238667,4921.852286491982,9918.555477200072,17077.34370934775,50.9853515625,761.1938823674743,3,0.25,0.75,0.14256962738832588,0.10692722054124441,336,-186.64165803746363,
66,dybap_fusion,0.1,12,,12,12,0,1.0,12,1.0,1,0.0,1.0,84169.40003157084,2772.9972492238667,4921.852286491982,9918.555477200072,17077.34370934775,50.9853515625,761.1938823674743,3,0.25,0.75,0.14256962738832588,0.10692722054124441,336,-186.64165803746363,
67,no_batch,0.1,12,,12,12,0,1.0,12,1.0,1,0.0,1.0,86495.67641290769,2173.755612441233,3344.1455984910444,7737.315805047785,15564.76757927961,67.8603515625,617.9755827714511,4,0.3333333333333333,0.6666666666666667,0.1387352581962033,0.09249017213080221,336,-155.25972183108433,
67,fixed_4,0.1,12,,12,12,0,1.0,12,1.0,1,0.0,1.0,86495.67641290769,2173.755612441233,3344.1455984910444,7737.315805047785,15564.76757927961,67.8603515625,617.9755827714511,4,0.3333333333333333,0.6666666666666667,0.1387352581962033,0.09249017213080221,336,-155.25972183108433,
67,sequential_greedy,0.1,12,,12,12,0,1.0,12,1.0,1,0.0,1.0,86495.67641290769,2173.755612441233,3344.1455984910444,7737.315805047785,15564.76757927961,67.8603515625,617.9755827714511,4,0.3333333333333333,0.6666666666666667,0.1387352581962033,0.09249017213080221,336,-155.25972183108433,
67,dybap_fusion,0.1,12,,12,12,0,1.0,12,1.0,1,0.0,1.0,86495.67641290769,2173.755612441233,3344.1455984910444,7737.315805047785,15564.76757927961,67.8603515625,617.9755827714511,4,0.3333333333333333,0.6666666666666667,0.1387352581962033,0.09249017213080221,336,-155.25972183108433,
68,no_batch,0.1,12,,12,12,0,1.0,12,1.0,1,0.0,1.0,96104.61524585461,2658.3003300567107,4094.004032689055,16487.82391700714,11532.402619209917,167.4375,553.7219730045528,6,0.5,0.5,0.12486393051261509,0.062431965256307544,336,-219.93482124886017,
68,fixed_4,0.1,12,,12,12,0,1.0,12,1.0,1,0.0,1.0,96104.61524585461,2658.3003300567107,4094.004032689055,16487.82391700714,11532.402619209917,167.4375,553.7219730045528,6,0.5,0.5,0.12486393051261509,0.062431965256307544,336,-219.93482124886017,
68,sequential_greedy,0.1,12,,12,12,0,1.0,12,1.0,1,0.0,1.0,96104.61524585461,2658.3003300567107,4094.004032689055,16487.82391700714,11532.402619209917,167.4375,553.7219730045528,6,0.5,0.5,0.12486393051261509,0.062431965256307544,336,-219.93482124886017,
68,dybap_fusion,0.1,12,,12,12,0,1.0,12,1.0,1,0.0,1.0,96104.61524585461,2658.3003300567107,4094.004032689055,16487.82391700714,11532.402619209917,167.4375,553.7219730045528,6,0.5,0.5,0.12486393051261509,0.062431965256307544,336,-219.93482124886017,
69,no_batch,0.1,12,,12,12,0,1.0,12,1.0,1,0.0,1.0,94530.82658684095,1485.4425635149664,2837.956013837577,8826.582221972649,8198.115594696032,40.0166015625,800.6129455109104,0,0.0,1.0,0.12694271734708862,0.12694271734708862,336,-128.29690549612585,
69,fixed_4,0.1,12,,12,12,0,1.0,12,1.0,1,0.0,1.0,94530.82658684095,1485.4425635149664,2837.956013837577,8826.582221972649,8198.115594696032,40.0166015625,800.6129455109104,0,0.0,1.0,0.12694271734708862,0.12694271734708862,336,-128.29690549612585,
69,sequential_greedy,0.1,12,,12,12,0,1.0,12,1.0,1,0.0,1.0,94530.82658684095,1485.4425635149664,2837.956013837577,8826.582221972649,8198.115594696032,40.0166015625,800.6129455109104,0,0.0,1.0,0.12694271734708862,0.12694271734708862,336,-128.29690549612585,
69,dybap_fusion,0.1,12,,12,12,0,1.0,12,1.0,1,0.0,1.0,94530.82658684095,1485.4425635149664,2837.956013837577,8826.582221972649,8198.115594696032,40.0166015625,800.6129455109104,0,0.0,1.0,0.12694271734708862,0.12694271734708862,336,-128.29690549612585,
70,no_batch,0.1,12,,12,12,0,1.0,12,1.1666666666666667,2,0.16666666666666666,1.0,99932.03563349221,3118.4312414823,5855.863982085043,8570.928760214361,20663.941484310784,75.5419921875,858.3129662656136,5,0.4166666666666667,0.5833333333333333,0.1200816127073689,0.07004760741263186,336,-182.3182026425341,
70,fixed_4,0.1,12,,12,12,0,1.0,11,1.0909090909090908,2,0.09090909090909091,1.0909090909090908,99932.03563349221,3084.054920033394,5699.538548893025,8373.980971256387,20661.84852730578,78.1787109375,773.125651879468,5,0.4166666666666667,0.5833333333333333,0.1200816127073689,0.07004760741263186,308,-173.06292851024358,
70,sequential_greedy,0.1,12,,12,12,0,1.0,11,1.0909090909090908,2,0.09090909090909091,1.0909090909090908,99932.03563349221,3084.054920033394,5699.538548893025,8373.980971256387,20661.84852730578,78.1787109375,773.125651879468,5,0.4166666666666667,0.5833333333333333,0.1200816127073689,0.07004760741263186,308,-173.06292851024358,
70,dybap_fusion,0.1,12,,12,12,0,1.0,12,1.1666666666666667,2,0.16666666666666666,1.0,99932.03563349221,3118.4312414823,5855.863982085043,8570.928760214361,20663.941484310784,75.5419921875,858.3129662656136,5,0.4166666666666667,0.5833333333333333,0.1200816127073689,0.07004760741263186,336,-182.3182026425341,
71,no_batch,0.1,12,,12,12,0,1.0,12,1.0,1,0.0,1.0,116208.45910532962,2141.2619498549634,4086.2142115038278,9487.781477808165,15560.941931025009,41.1796875,646.4199894263827,6,0.5,0.5,0.10326270645343794,0.05163135322671897,336,-175.301577815938,
71,fixed_4,0.1,12,,12,12,0,1.0,12,1.0,1,0.0,1.0,116208.45910532962,2141.2619498549634,4086.2142115038278,9487.781477808165,15560.941931025009,41.1796875,646.4199894263827,6,0.5,0.5,0.10326270645343794,0.05163135322671897,336,-175.301577815938,
71,sequential_greedy,0.1,12,,12,12,0,1.0,12,1.0,1,0.0,1.0,116208.45910532962,2141.2619498549634,4086.2142115038278,9487.781477808165,15560.941931025009,41.1796875,646.4199894263827,6,0.5,0.5,0.10326270645343794,0.05163135322671897,336,-175.301577815938,
71,dybap_fusion,0.1,12,,12,12,0,1.0,12,1.0,1,0.0,1.0,116208.45910532962,2141.2619498549634,4086.2142115038278,9487.781477808165,15560.941931025009,41.1796875,646.4199894263827,6,0.5,0.5,0.10326270645343794,0.05163135322671897,336,-175.301577815938,
72,no_batch,0.1,12,,12,12,0,1.0,12,1.0,1,0.0,1.0,76851.22070472637,1086.3034051097636,1971.4904639954825,4159.593448884373,7644.245929807963,16.4560546875,649.7859980351247,0,0.0,1.0,0.1561458606637591,0.1561458606637591,336,-79.37654670223864,
72,fixed_4,0.1,12,,12,12,0,1.0,12,1.0,1,0.0,1.0,76851.22070472637,1086.3034051097636,1971.4904639954825,4159.593448884373,7644.245929807963,16.4560546875,649.7859980351247,0,0.0,1.0,0.1561458606637591,0.1561458606637591,336,-79.37654670223864,
72,sequential_greedy,0.1,12,,12,12,0,1.0,12,1.0,1,0.0,1.0,76851.22070472637,1086.3034051097636,1971.4904639954825,4159.593448884373,7644.245929807963,16.4560546875,649.7859980351247,0,0.0,1.0,0.1561458606637591,0.1561458606637591,336,-79.37654670223864,
72,dybap_fusion,0.1,12,,12,12,0,1.0,12,1.0,1,0.0,1.0,76851.22070472637,1086.3034051097636,1971.4904639954825,4159.593448884373,7644.245929807963,16.4560546875,649.7859980351247,0,0.0,1.0,0.1561458606637591,0.1561458606637591,336,-79.37654670223864,
73,no_batch,0.1,12,,12,12,0,1.0,12,1.0,1,0.0,1.0,91664.54504660131,2342.8433578975164,3326.3620119632546,8746.16373777184,16109.303311630973,45.59765625,834.1067882252066,3,0.25,0.75,0.13091212086308096,0.0981840906473107,336,-169.182991895336,
73,fixed_4,0.1,12,,12,12,0,1.0,12,1.0,1,0.0,1.0,91664.54504660131,2342.8433578975164,3326.3620119632546,8746.16373777184,16109.303311630973,45.59765625,834.1067882252066,3,0.25,0.75,0.13091212086308096,0.0981840906473107,336,-169.182991895336,
73,sequential_greedy,0.1,12,,12,12,0,1.0,12,1.0,1,0.0,1.0,91664.54504660131,2342.8433578975164,3326.3620119632546,8746.16373777184,16109.303311630973,45.59765625,834.1067882252066,3,0.25,0.75,0.13091212086308096,0.0981840906473107,336,-169.182991895336,
73,dybap_fusion,0.1,12,,12,12,0,1.0,12,1.0,1,0.0,1.0,91664.54504660131,2342.8433578975164,3326.3620119632546,8746.16373777184,16109.303311630973,45.59765625,834.1067882252066,3,0.25,0.75,0.13091212086308096,0.0981840906473107,336,-169.182991895336,
74,no_batch,0.1,12,,12,12,0,1.0,12,1.6666666666666667,4,0.3333333333333333,1.0,91182.60941433796,5487.549053706886,12149.249976690182,7681.368877075205,17923.001282977024,31.55859375,854.2916965841559,5,0.4166666666666667,0.5833333333333333,0.13160404244927285,0.07676902476207584,336,-173.70836183286679,
74,fixed_4,0.1,12,,12,12,0,1.0,9,1.3333333333333333,4,0.1111111111111111,1.3333333333333333,91182.60941433796,4990.181529306749,12622.711531189432,6680.835144349245,17180.397168570544,39.84375,601.1506625582604,5,0.4166666666666667,0.5833333333333333,0.13160404244927285,0.07676902476207584,252,-153.11983699410968,
74,sequential_greedy,0.1,12,,12,12,0,1.0,9,1.3333333333333333,4,0.1111111111111111,1.3333333333333333,91182.60941433796,4990.181529306749,12622.711531189432,6680.835144349245,17180.397168570544,39.84375,601.1506625582604,5,0.4166666666666667,0.5833333333333333,0.13160404244927285,0.07676902476207584,252,-153.11983699410968,
74,dybap_fusion,0.1,12,,12,12,0,1.0,10,1.5,4,0.2,1.2,91182.60941433796,4979.131405336776,12550.96187617958,6742.167799418732,17603.598424090076,33.580078125,685.5310072335589,5,0.4166666666666667,0.5833333333333333,0.13160404244927285,0.07676902476207584,280,-158.09288266653664,
75,no_batch,0.1,12,,12,12,0,1.0,12,1.0,1,0.0,1.0,123028.30221265306,2839.24663942153,6669.241211493236,8408.769452458804,17909.978730082166,24.837890625,663.3955422248256,2,0.16666666666666666,0.8333333333333334,0.09753853206279424,0.08128211005232854,336,-175.68109578977922,
75,fixed_4,0.1,12,,12,12,0,1.0,12,1.0,1,0.0,1.0,123028.30221265306,2839.24663942153,6669.241211493236,8408.769452458804,17909.978730082166,24.837890625,663.3955422248256,2,0.16666666666666666,0.8333333333333334,0.09753853206279424,0.08128211005232854,336,-175.68109578977922,
75,sequential_greedy,0.1,12,,12,12,0,1.0,12,1.0,1,0.0,1.0,123028.30221265306,2839.24663942153,6669.241211493236,8408.769452458804,17909.978730082166,24.837890625,663.3955422248256,2,0.16666666666666666,0.8333333333333334,0.09753853206279424,0.08128211005232854,336,-175.68109578977922,
75,dybap_fusion,0.1,12,,12,12,0,1.0,12,1.0,1,0.0,1.0,123028.30221265306,2839.24663942153,6669.241211493236,8408.769452458804,17909.978730082166,24.837890625,663.3955422248256,2,0.16666666666666666,0.8333333333333334,0.09753853206279424,0.08128211005232854,336,-175.68109578977922,
76,no_batch,0.1,12,,12,12,0,1.0,12,1.1666666666666667,2,0.16666666666666666,1.0,198065.4781245356,3057.236048977873,7874.804684215914,8432.97705019673,16319.601752261018,30.3720703125,639.0405544507589,3,0.25,0.75,0.06058602495309598,0.045439518714821985,336,-168.3093075571461,
76,fixed_4,0.1,12,,12,12,0,1.0,11,1.0909090909090908,2,0.09090909090909091,1.0909090909090908,198065.4781245356,2969.1102958395204,8056.004140671897,7791.601459890464,16239.615815912499,31.59375,609.6924982385679,3,0.25,0.75,0.06058602495309598,0.045439518714821985,308,-161.23709008616746,
76,sequential_greedy,0.1,12,,12,12,0,1.0,11,1.0909090909090908,2,0.09090909090909091,1.0909090909090908,198065.4781245356,2969.1102958395204,8056.004140671897,7791.601459890464,16239.615815912499,31.59375,609.6924982385679,3,0.25,0.75,0.06058602495309598,0.045439518714821985,308,-161.23709008616746,
76,dybap_fusion,0.1,12,,12,12,0,1.0,11,1.0909090909090908,2,0.09090909090909091,1.0909090909090908,198065.4781245356,2969.1102958395204,8056.004140671897,7791.601459890464,16239.615815912499,31.59375,609.6924982385679,3,0.25,0.75,0.06058602495309598,0.045439518714821985,308,-161.23709008616746,
77,no_batch,0.1,12,,12,12,0,1.0,12,1.0,1,0.0,1.0,167567.7967732358,2009.9493907423114,4305.059872756937,10995.396110082844,12211.529315876323,43.0107421875,705.9001192340859,4,0.3333333333333333,0.6666666666666667,0.07161280527092696,0.04774187018061798,336,-174.0806030937785,
77,fixed_4,0.1,12,,12,12,0,1.0,12,1.0,1,0.0,1.0,167567.7967732358,2009.9493907423114,4305.059872756937,10995.396110082844,12211.529315876323,43.0107421875,705.9001192340859,4,0.3333333333333333,0.6666666666666667,0.07161280527092696,0.04774187018061798,336,-174.0806030937785,
77,sequential_greedy,0.1,12,,12,12,0,1.0,12,1.0,1,0.0,1.0,167567.7967732358,2009.9493907423114,4305.059872756937,10995.396110082844,12211.529315876323,43.0107421875,705.9001192340859,4,0.3333333333333333,0.6666666666666667,0.07161280527092696,0.04774187018061798,336,-174.0806030937785,
77,dybap_fusion,0.1,12,,12,12,0,1.0,12,1.0,1,0.0,1.0,167567.7967732358,2009.9493907423114,4305.059872756937,10995.396110082844,12211.529315876323,43.0107421875,705.9001192340859,4,0.3333333333333333,0.6666666666666667,0.07161280527092696,0.04774187018061798,336,-174.0806030937785,
78,no_batch,0.1,12,,12,12,0,1.0,12,1.0,1,0.0,1.0,99337.19553356405,1294.2489080471662,2005.7558642277022,8531.036495787506,6233.097488440208,59.982421875,766.8529123382858,2,0.16666666666666666,0.8333333333333334,0.12080067225116536,0.10066722687597114,336,-121.24467942286962,
78,fixed_4,0.1,12,,12,12,0,1.0,12,1.0,1,0.0,1.0,99337.19553356405,1294.2489080471662,2005.7558642277022,8531.036495787506,6233.097488440208,59.982421875,766.8529123382858,2,0.16666666666666666,0.8333333333333334,0.12080067225116536,0.10066722687597114,336,-121.24467942286962,
78,sequential_greedy,0.1,12,,12,12,0,1.0,12,1.0,1,0.0,1.0,99337.19553356405,1294.2489080471662,2005.7558642277022,8531.036495787506,6233.097488440208,59.982421875,766.8529123382858,2,0.16666666666666666,0.8333333333333334,0.12080067225116536,0.10066722687597114,336,-121.24467942286962,
78,dybap_fusion,0.1,12,,12,12,0,1.0,12,1.0,1,0.0,1.0,99337.19553356405,1294.2489080471662,2005.7558642277022,8531.036495787506,6233.097488440208,59.982421875,766.8529123382858,2,0.16666666666666666,0.8333333333333334,0.12080067225116536,0.10066722687597114,336,-121.24467942286962,
79,no_batch,0.1,12,,12,12,0,1.0,12,1.0,1,0.0,1.0,126072.94257917133,1858.0353434703409,3933.1022467353796,9453.438087922588,11993.199255004993,36.4130859375,849.7867787165192,3,0.25,0.75,0.09518299291272778,0.07138724468454583,336,-156.8525740914565,
79,fixed_4,0.1,12,,12,12,0,1.0,12,1.0,1,0.0,1.0,126072.94257917133,1858.0353434703409,3933.1022467353796,9453.438087922588,11993.199255004993,36.4130859375,849.7867787165192,3,0.25,0.75,0.09518299291272778,0.07138724468454583,336,-156.8525740914565,
79,sequential_greedy,0.1,12,,12,12,0,1.0,12,1.0,1,0.0,1.0,126072.94257917133,1858.0353434703409,3933.1022467353796,9453.438087922588,11993.199255004993,36.4130859375,849.7867787165192,3,0.25,0.75,0.09518299291272778,0.07138724468454583,336,-156.8525740914565,
79,dybap_fusion,0.1,12,,12,12,0,1.0,12,1.0,1,0.0,1.0,126072.94257917133,1858.0353434703409,3933.1022467353796,9453.438087922588,11993.199255004993,36.4130859375,849.7867787165192,3,0.25,0.75,0.09518299291272778,0.07138724468454583,336,-156.8525740914565,
80,no_batch,0.1,12,,12,12,0,1.0,12,1.0,1,0.0,1.0,105869.21427360032,2521.0554215044835,5992.003759099845,8418.253421252393,12565.305790645549,39.263671875,948.6607342323124,3,0.25,0.75,0.11334739831910073,0.08501054873932555,336,-149.74711794418934,
80,fixed_4,0.1,12,,12,12,0,1.0,12,1.0,1,0.0,1.0,105869.21427360032,2521.0554215044835,5992.003759099845,8418.253421252393,12565.305790645549,39.263671875,948.6607342323124,3,0.25,0.75,0.11334739831910073,0.08501054873932555,336,-149.74711794418934,
80,sequential_greedy,0.1,12,,12,12,0,1.0,12,1.0,1,0.0,1.0,105869.21427360032,2521.0554215044835,5992.003759099845,8418.253421252393,12565.305790645549,39.263671875,948.6607342323124,3,0.25,0.75,0.11334739831910073,0.08501054873932555,336,-149.74711794418934,
80,dybap_fusion,0.1,12,,12,12,0,1.0,12,1.0,1,0.0,1.0,105869.21427360032,2521.0554215044835,5992.003759099845,8418.253421252393,12565.305790645549,39.263671875,948.6607342323124,3,0.25,0.75,0.11334739831910073,0.08501054873932555,336,-149.74711794418934,
81,no_batch,0.1,12,,12,12,0,1.0,12,1.0,1,0.0,1.0,167243.18053665024,1323.6490932492827,2558.543519567032,7762.205584740489,7002.170112998283,37.3037109375,679.8627277061775,2,0.16666666666666666,0.8333333333333334,0.07175180453692866,0.05979317044744055,336,-117.3688687155568,
81,fixed_4,0.1,12,,12,12,0,1.0,12,1.0,1,0.0,1.0,167243.18053665024,1323.6490932492827,2558.543519567032,7762.205584740489,7002.170112998283,37.3037109375,679.8627277061775,2,0.16666666666666666,0.8333333333333334,0.07175180453692866,0.05979317044744055,336,-117.3688687155568,
81,sequential_greedy,0.1,12,,12,12,0,1.0,12,1.0,1,0.0,1.0,167243.18053665024,1323.6490932492827,2558.543519567032,7762.205584740489,7002.170112998283,37.3037109375,679.8627277061775,2,0.16666666666666666,0.8333333333333334,0.07175180453692866,0.05979317044744055,336,-117.3688687155568,
81,dybap_fusion,0.1,12,,12,12,0,1.0,12,1.0,1,0.0,1.0,167243.18053665024,1323.6490932492827,2558.543519567032,7762.205584740489,7002.170112998283,37.3037109375,679.8627277061775,2,0.16666666666666666,0.8333333333333334,0.07175180453692866,0.05979317044744055,336,-117.3688687155568,
82,no_batch,0.1,12,,12,12,0,1.0,12,1.25,3,0.16666666666666666,1.0,139858.6156685947,4681.6989446154885,9225.306519490336,11032.937029944242,25085.781795368846,67.564453125,691.867814537554,5,0.4166666666666667,0.5833333333333333,0.08580093505597743,0.050050545449320166,336,-239.0713972394272,
82,fixed_4,0.1,12,,12,12,0,1.0,10,1.2,3,0.1,1.2,139858.6156685947,4279.58328796466,8201.928301015934,10580.389428910205,22781.42578568523,64.775390625,462.0397506648947,5,0.4166666666666667,0.5833333333333333,0.08580093505597743,0.050050545449320166,280,-216.64749642472816,
82,sequential_greedy,0.1,12,,12,12,0,1.0,11,1.1818181818181819,3,0.09090909090909091,1.0909090909090908,139858.6156685947,4149.535657352685,8503.096652794216,10607.850293387051,23491.809672269093,58.640625,541.3991115902159,5,0.4166666666666667,0.5833333333333333,0.08580093505597743,0.050050545449320166,305,-226.21090626442736,
82,dybap_fusion,0.1,12,,12,12,0,1.0,11,1.1818181818181819,3,0.09090909090909091,1.0909090909090908,139858.6156685947,4161.878178367567,8530.250199026956,10644.490736885255,23491.809672269093,58.640625,554.1287521515403,5,0.4166666666666667,0.5833333333333333,0.08580093505597743,0.050050545449320166,308,-226.70460710502263,
83,no_batch,0.1,12,,12,12,0,1.0,12,1.0,1,0.0,1.0,150446.1813202913,2388.598352126996,5723.755526364703,7409.249508869344,19657.811053426285,52.1103515625,817.8376329223149,2,0.16666666666666666,0.8333333333333334,0.07976274236201905,0.06646895196834922,336,-170.83543452505631,
83,fixed_4,0.1,12,,12,12,0,1.0,12,1.0,1,0.0,1.0,150446.1813202913,2388.598352126996,5723.755526364703,7409.249508869344,19657.811053426285,52.1103515625,817.8376329223149,2,0.16666666666666666,0.8333333333333334,0.07976274236201905,0.06646895196834922,336,-170.83543452505631,
83,sequential_greedy,0.1,12,,12,12,0,1.0,12,1.0,1,0.0,1.0,150446.1813202913,2388.598352126996,5723.755526364703,7409.249508869344,19657.811053426285,52.1103515625,817.8376329223149,2,0.16666666666666666,0.8333333333333334,0.07976274236201905,0.06646895196834922,336,-170.83543452505631,
83,dybap_fusion,0.1,12,,12,12,0,1.0,12,1.0,1,0.0,1.0,150446.1813202913,2388.598352126996,5723.755526364703,7409.249508869344,19657.811053426285,52.1103515625,817.8376329223149,2,0.16666666666666666,0.8333333333333334,0.07976274236201905,0.06646895196834922,336,-170.83543452505631,
84,no_batch,0.1,12,,12,12,0,1.0,12,1.0,1,0.0,1.0,101219.77573746031,3312.6726659149167,7517.912641395849,8631.950486628859,26734.32253671159,55.1337890625,828.9176323445297,7,0.5833333333333334,0.41666666666666663,0.11855390819206225,0.04939746174669261,336,-229.6357724951936,
84,fixed_4,0.1,12,,12,12,0,1.0,12,1.0,1,0.0,1.0,101219.77573746031,3312.6726659149167,7517.912641395849,8631.950486628859,26734.32253671159,55.1337890625,828.9176323445297,7,0.5833333333333334,0.41666666666666663,0.11855390819206225,0.04939746174669261,336,-229.6357724951936,
84,sequential_greedy,0.1,12,,12,12,0,1.0,12,1.0,1,0.0,1.0,101219.77573746031,3312.6726659149167,7517.912641395849,8631.950486628859,26734.32253671159,55.1337890625,828.9176323445297,7,0.5833333333333334,0.41666666666666663,0.11855390819206225,0.04939746174669261,336,-229.6357724951936,
84,dybap_fusion,0.1,12,,12,12,0,1.0,12,1.0,1,0.0,1.0,101219.77573746031,3312.6726659149167,7517.912641395849,8631.950486628859,26734.32253671159,55.1337890625,828.9176323445297,7,0.5833333333333334,0.41666666666666663,0.11855390819206225,0.04939746174669261,336,-229.6357724951936,
85,no_batch,0.1,12,,12,12,0,1.0,12,1.0,1,0.0,1.0,90049.62741064595,1429.6354278211013,2481.177193376592,9951.265748719352,6363.481710958893,37.470703125,665.5741119634016,2,0.16666666666666666,0.8333333333333334,0.13325985176237745,0.11104987646864789,336,-129.1254205275456,
85,fixed_4,0.1,12,,12,12,0,1.0,12,1.0,1,0.0,1.0,90049.62741064595,1429.6354278211013,2481.177193376592,9951.265748719352,6363.481710958893,37.470703125,665.5741119634016,2,0.16666666666666666,0.8333333333333334,0.13325985176237745,0.11104987646864789,336,-129.1254205275456,
85,sequential_greedy,0.1,12,,12,12,0,1.0,12,1.0,1,0.0,1.0,90049.62741064595,1429.6354278211013,2481.177193376592,9951.265748719352,6363.481710958893,37.470703125,665.5741119634016,2,0.16666666666666666,0.8333333333333334,0.13325985176237745,0.11104987646864789,336,-129.1254205275456,
85,dybap_fusion,0.1,12,,12,12,0,1.0,12,1.0,1,0.0,1.0,90049.62741064595,1429.6354278211013,2481.177193376592,9951.265748719352,6363.481710958893,37.470703125,665.5741119634016,2,0.16666666666666666,0.8333333333333334,0.13325985176237745,0.11104987646864789,336,-129.1254205275456,
86,no_batch,0.1,12,,12,12,0,1.0,12,1.0833333333333333,2,0.08333333333333333,1.0,66262.83682550922,2155.4726859510592,4808.366304973737,9737.619643974382,11803.14571187503,31.46484375,728.1498232452251,3,0.25,0.75,0.18109698550334863,0.13582273912751147,336,-161.11468667783384,
86,fixed_4,0.1,12,,12,12,0,1.0,11,1.0909090909090908,2,0.09090909090909091,1.0909090909090908,66262.83682550922,2105.28548121315,4474.427957884134,9360.852262040897,11345.601400316598,31.869140625,656.1808301359412,4,0.3333333333333333,0.6666666666666667,0.18109698550334863,0.12073132366889909,308,-154.02574773239178,
86,sequential_greedy,0.1,12,,12,12,0,1.0,11,1.0909090909090908,2,0.09090909090909091,1.0909090909090908,66262.83682550922,2105.28548121315,4474.427957884134,9360.852262040897,11345.601400316598,31.869140625,656.1808301359412,4,0.3333333333333333,0.6666666666666667,0.18109698550334863,0.12073132366889909,308,-154.02574773239178,
86,dybap_fusion,0.1,12,,12,12,0,1.0,12,1.0833333333333333,2,0.08333333333333333,1.0,66262.83682550922,2155.4726859510592,4808.366304973737,9737.619643974382,11803.14571187503,31.46484375,728.1498232452251,3,0.25,0.75,0.18109698550334863,0.13582273912751147,336,-161.11468667783384,
87,no_batch,0.1,12,,12,12,0,1.0,12,1.0,1,0.0,1.0,187107.19966921624,1966.7000477971358,3992.4757947264916,10940.268049371502,11678.412961894932,62.05078125,853.1616098694589,3,0.25,0.75,0.06413435731609796,0.04810076798707347,336,-170.35941071522052,
87,fixed_4,0.1,12,,12,12,0,1.0,12,1.0,1,0.0,1.0,187107.19966921624,1966.7000477971358,3992.4757947264916,10940.268049371502,11678.412961894932,62.05078125,853.1616098694589,3,0.25,0.75,0.06413435731609796,0.04810076798707347,336,-170.35941071522052,
87,sequential_greedy,0.1,12,,12,12,0,1.0,12,1.0,1,0.0,1.0,187107.19966921624,1966.7000477971358,3992.4757947264916,10940.268049371502,11678.412961894932,62.05078125,853.1616098694589,3,0.25,0.75,0.06413435731609796,0.04810076798707347,336,-170.35941071522052,
87,dybap_fusion,0.1,12,,12,12,0,1.0,12,1.0,1,0.0,1.0,187107.19966921624,1966.7000477971358,3992.4757947264916,10940.268049371502,11678.412961894932,62.05078125,853.1616098694589,3,0.25,0.75,0.06413435731609796,0.04810076798707347,336,-170.35941071522052,
88,no_batch,0.1,12,,12,12,0,1.0,12,1.0833333333333333,2,0.08333333333333333,1.0,108808.57909747385,1679.4756076067981,2939.2232911402934,9816.135269071126,5189.273822180721,29.3203125,713.6420560791857,3,0.25,0.75,0.11028542142113679,0.08271406606585259,336,-128.80868653974585,
88,fixed_4,0.1,12,,12,12,0,1.0,11,1.0909090909090908,2,0.09090909090909091,1.0909090909090908,108808.57909747385,1620.9334779580338,3001.3176719502735,9469.226409518235,4712.045930426539,29.9853515625,682.7216221656928,3,0.25,0.75,0.11028542142113679,0.08271406606585259,308,-121.71615052439972,
88,sequential_greedy,0.1,12,,12,12,0,1.0,11,1.0909090909090908,2,0.09090909090909091,1.0909090909090908,108808.57909747385,1620.9334779580338,3001.3176719502735,9469.226409518235,4712.045930426539,29.9853515625,682.7216221656928,3,0.25,0.75,0.11028542142113679,0.08271406606585259,308,-121.71615052439972,
88,dybap_fusion,0.1,12,,12,12,0,1.0,12,1.0833333333333333,2,0.08333333333333333,1.0,108808.57909747385,1679.4756076067981,2939.2232911402934,9816.135269071126,5189.273822180721,29.3203125,713.6420560791857,3,0.25,0.75,0.11028542142113679,0.08271406606585259,336,-128.80868653974585,
89,no_batch,0.1,12,,12,12,0,1.0,12,1.1666666666666667,2,0.16666666666666666,1.0,102504.40537455313,3793.985332991171,7841.162203645796,10259.18218981307,27830.32994867397,72.2578125,581.7758383490017,8,0.6666666666666666,0.33333333333333337,0.11706813922925324,0.03902271307641775,336,-243.80465870935632,
89,fixed_4,0.1,12,,12,12,0,1.0,11,1.0909090909090908,2,0.09090909090909091,1.0909090909090908,102504.40537455313,3573.9165620967237,7147.844578441707,9890.405034927295,26747.606779866823,67.3564453125,492.5703282550586,7,0.5833333333333334,0.41666666666666663,0.11706813922925324,0.048778391345522185,308,-231.03110808905075,
89,sequential_greedy,0.1,12,,12,12,0,1.0,11,1.1818181818181819,2,0.18181818181818182,1.0909090909090908,102504.40537455313,3649.543245794664,6987.131332145958,9146.13797858035,26821.79460016879,72.4833984375,556.8285338280177,8,0.6666666666666666,0.33333333333333337,0.11706813922925324,0.03902271307641775,308,-216.08517879166322,
89,dybap_fusion,0.1,12,,12,12,0,1.0,12,1.1666666666666667,2,0.16666666666666666,1.0,102504.40537455313,3793.985332991171,7841.162203645796,10259.18218981307,27830.32994867397,72.2578125,581.7758383490017,8,0.6666666666666666,0.33333333333333337,0.11706813922925324,0.03902271307641775,336,-243.80465870935632,
90,no_batch,0.1,12,,12,12,0,1.0,12,1.0,1,0.0,1.0,91010.52970155358,3549.106303803484,7552.9557382606545,12011.88969815931,23245.425750909108,58.5,699.761847837906,5,0.4166666666666667,0.5833333333333333,0.1318528750393061,0.07691417710626189,336,-238.28619034596218,
90,fixed_4,0.1,12,,12,12,0,1.0,12,1.0,1,0.0,1.0,91010.52970155358,3549.106303803484,7552.9557382606545,12011.88969815931,23245.425750909108,58.5,699.761847837906,5,0.4166666666666667,0.5833333333333333,0.1318528750393061,0.07691417710626189,336,-238.28619034596218,
90,sequential_greedy,0.1,12,,12,12,0,1.0,12,1.0,1,0.0,1.0,91010.52970155358,3549.106303803484,7552.9557382606545,12011.88969815931,23245.425750909108,58.5,699.761847837906,5,0.4166666666666667,0.5833333333333333,0.1318528750393061,0.07691417710626189,336,-238.28619034596218,
90,dybap_fusion,0.1,12,,12,12,0,1.0,12,1.0,1,0.0,1.0,91010.52970155358,3549.106303803484,7552.9557382606545,12011.88969815931,23245.425750909108,58.5,699.761847837906,5,0.4166666666666667,0.5833333333333333,0.1318528750393061,0.07691417710626189,336,-238.28619034596218,
91,no_batch,0.1,12,,12,12,0,1.0,12,1.0,1,0.0,1.0,70501.70402698175,1164.434075549283,2077.7796357337447,6243.258924741598,6461.602243575507,25.3154296875,925.5970815428493,1,0.08333333333333333,0.9166666666666666,0.1702086519129732,0.1560245975868921,336,-100.50875140889806,
91,fixed_4,0.1,12,,12,12,0,1.0,12,1.0,1,0.0,1.0,70501.70402698175,1164.434075549283,2077.7796357337447,6243.258924741598,6461.602243575507,25.3154296875,925.5970815428493,1,0.08333333333333333,0.9166666666666666,0.1702086519129732,0.1560245975868921,336,-100.50875140889806,
91,sequential_greedy,0.1,12,,12,12,0,1.0,12,1.0,1,0.0,1.0,70501.70402698175,1164.434075549283,2077.7796357337447,6243.258924741598,6461.602243575507,25.3154296875,925.5970815428493,1,0.08333333333333333,0.9166666666666666,0.1702086519129732,0.1560245975868921,336,-100.50875140889806,
91,dybap_fusion,0.1,12,,12,12,0,1.0,12,1.0,1,0.0,1.0,70501.70402698175,1164.434075549283,2077.7796357337447,6243.258924741598,6461.602243575507,25.3154296875,925.5970815428493,1,0.08333333333333333,0.9166666666666666,0.1702086519129732,0.1560245975868921,336,-100.50875140889806,
92,no_batch,0.1,12,,12,12,0,1.0,12,1.0,1,0.0,1.0,90846.64914424017,2120.543622562069,3756.551998644617,11023.073193704548,12882.134636270135,53.0888671875,685.3606957739955,1,0.08333333333333333,0.9166666666666666,0.13209072775977912,0.12108316711313086,336,-172.14080692074978,
92,fixed_4,0.1,12,,12,12,0,1.0,12,1.0,1,0.0,1.0,90846.64914424017,2120.543622562069,3756.551998644617,11023.073193704548,12882.134636270135,53.0888671875,685.3606957739955,1,0.08333333333333333,0.9166666666666666,0.13209072775977912,0.12108316711313086,336,-172.14080692074978,
92,sequential_greedy,0.1,12,,12,12,0,1.0,12,1.0,1,0.0,1.0,90846.64914424017,2120.543622562069,3756.551998644617,11023.073193704548,12882.134636270135,53.0888671875,685.3606957739955,1,0.08333333333333333,0.9166666666666666,0.13209072775977912,0.12108316711313086,336,-172.14080692074978,
92,dybap_fusion,0.1,12,,12,12,0,1.0,12,1.0,1,0.0,1.0,90846.64914424017,2120.543622562069,3756.551998644617,11023.073193704548,12882.134636270135,53.0888671875,685.3606957739955,1,0.08333333333333333,0.9166666666666666,0.13209072775977912,0.12108316711313086,336,-172.14080692074978,
93,no_batch,0.1,12,,12,12,0,1.0,12,1.0833333333333333,2,0.08333333333333333,1.0,72707.24694294258,3705.263736130704,9177.550216397543,11287.007837272651,23901.182502616066,31.412109375,432.3043888867592,4,0.3333333333333333,0.6666666666666667,0.16504544601196447,0.11003029734130965,336,-235.57799022058208,
93,fixed_4,0.1,12,,12,12,0,1.0,11,1.0909090909090908,2,0.09090909090909091,1.0909090909090908,72707.24694294258,3702.251786752644,8975.373180502942,10945.780748194496,23897.223309513756,34.4560546875,398.87940147047215,4,0.3333333333333333,0.6666666666666667,0.16504544601196447,0.11003029734130965,308,-229.78346920564155,
93,sequential_greedy,0.1,12,,12,12,0,1.0,11,1.0909090909090908,2,0.09090909090909091,1.0909090909090908,72707.24694294258,3702.251786752644,8975.373180502942,10945.780748194496,23897.223309513756,34.4560546875,398.87940147047215,4,0.3333333333333333,0.6666666666666667,0.16504544601196447,0.11003029734130965,308,-229.78346920564155,
93,dybap_fusion,0.1,12,,12,12,0,1.0,12,1.0833333333333333,2,0.08333333333333333,1.0,72707.24694294258,3705.263736130704,9177.550216397543,11287.007837272651,23901.182502616066,31.412109375,432.3043888867592,4,0.3333333333333333,0.6666666666666667,0.16504544601196447,0.11003029734130965,336,-235.57799022058208,
94,no_batch,0.1,12,,12,12,0,1.0,12,1.0,1,0.0,1.0,148769.50792603832,3860.1274252903763,15246.39561049323,8625.848872663082,27585.12864414294,29.3701171875,910.2073765461388,3,0.25,0.75,0.08066169047198754,0.06049626785399065,336,-233.2306922511964,
94,fixed_4,0.1,12,,12,12,0,1.0,12,1.0,1,0.0,1.0,148769.50792603832,3860.1274252903763,15246.39561049323,8625.848872663082,27585.12864414294,29.3701171875,910.2073765461388,3,0.25,0.75,0.08066169047198754,0.06049626785399065,336,-233.2306922511964,
94,sequential_greedy,0.1,12,,12,12,0,1.0,12,1.0,1,0.0,1.0,148769.50792603832,3860.1274252903763,15246.39561049323,8625.848872663082,27585.12864414294,29.3701171875,910.2073765461388,3,0.25,0.75,0.08066169047198754,0.06049626785399065,336,-233.2306922511964,
94,dybap_fusion,0.1,12,,12,12,0,1.0,12,1.0,1,0.0,1.0,148769.50792603832,3860.1274252903763,15246.39561049323,8625.848872663082,27585.12864414294,29.3701171875,910.2073765461388,3,0.25,0.75,0.08066169047198754,0.06049626785399065,336,-233.2306922511964,
95,no_batch,0.1,12,,12,12,0,1.0,12,1.0,1,0.0,1.0,152405.22670694836,1437.5576346012301,2408.8368080574246,10239.706326138617,6191.451396178437,54.73828125,819.5338928976971,5,0.4166666666666667,0.5833333333333333,0.07873745710226947,0.045930183309657195,336,-138.9319788105691,
95,fixed_4,0.1,12,,12,12,0,1.0,12,1.0,1,0.0,1.0,152405.22670694836,1437.5576346012301,2408.8368080574246,10239.706326138617,6191.451396178437,54.73828125,819.5338928976971,5,0.4166666666666667,0.5833333333333333,0.07873745710226947,0.045930183309657195,336,-138.9319788105691,
95,sequential_greedy,0.1,12,,12,12,0,1.0,12,1.0,1,0.0,1.0,152405.22670694836,1437.5576346012301,2408.8368080574246,10239.706326138617,6191.451396178437,54.73828125,819.5338928976971,5,0.4166666666666667,0.5833333333333333,0.07873745710226947,0.045930183309657195,336,-138.9319788105691,
95,dybap_fusion,0.1,12,,12,12,0,1.0,12,1.0,1,0.0,1.0,152405.22670694836,1437.5576346012301,2408.8368080574246,10239.706326138617,6191.451396178437,54.73828125,819.5338928976971,5,0.4166666666666667,0.5833333333333333,0.07873745710226947,0.045930183309657195,336,-138.9319788105691,
96,no_batch,0.1,12,,12,12,0,1.0,12,1.0,1,0.0,1.0,105383.56393328194,1983.9281590410253,4913.546783058985,8849.94466492627,13127.501188944283,26.455078125,651.0304043731231,2,0.16666666666666666,0.8333333333333334,0.11386974924853718,0.09489145770711431,336,-157.31977553112452,
96,fixed_4,0.1,12,,12,12,0,1.0,12,1.0,1,0.0,1.0,105383.56393328194,1983.9281590410253,4913.546783058985,8849.94466492627,13127.501188944283,26.455078125,651.0304043731231,2,0.16666666666666666,0.8333333333333334,0.11386974924853718,0.09489145770711431,336,-157.31977553112452,
96,sequential_greedy,0.1,12,,12,12,0,1.0,12,1.0,1,0.0,1.0,105383.56393328194,1983.9281590410253,4913.546783058985,8849.94466492627,13127.501188944283,26.455078125,651.0304043731231,2,0.16666666666666666,0.8333333333333334,0.11386974924853718,0.09489145770711431,336,-157.31977553112452,
96,dybap_fusion,0.1,12,,12,12,0,1.0,12,1.0,1,0.0,1.0,105383.56393328194,1983.9281590410253,4913.546783058985,8849.94466492627,13127.501188944283,26.455078125,651.0304043731231,2,0.16666666666666666,0.8333333333333334,0.11386974924853718,0.09489145770711431,336,-157.31977553112452,
97,no_batch,0.1,12,,12,12,0,1.0,12,1.0,1,0.0,1.0,123981.64256357592,1638.924288844006,2607.209988402627,11202.331602889171,5581.835845358581,63.8203125,868.9202986830885,4,0.3333333333333333,0.6666666666666667,0.09678852249313104,0.06452568166208736,336,-148.36498444535093,
97,fixed_4,0.1,12,,12,12,0,1.0,12,1.0,1,0.0,1.0,123981.64256357592,1638.924288844006,2607.209988402627,11202.331602889171,5581.835845358581,63.8203125,868.9202986830885,4,0.3333333333333333,0.6666666666666667,0.09678852249313104,0.06452568166208736,336,-148.36498444535093,
97,sequential_greedy,0.1,12,,12,12,0,1.0,12,1.0,1,0.0,1.0,123981.64256357592,1638.924288844006,2607.209988402627,11202.331602889171,5581.835845358581,63.8203125,868.9202986830885,4,0.3333333333333333,0.6666666666666667,0.09678852249313104,0.06452568166208736,336,-148.36498444535093,
97,dybap_fusion,0.1,12,,12,12,0,1.0,12,1.0,1,0.0,1.0,123981.64256357592,1638.924288844006,2607.209988402627,11202.331602889171,5581.835845358581,63.8203125,868.9202986830885,4,0.3333333333333333,0.6666666666666667,0.09678852249313104,0.06452568166208736,336,-148.36498444535093,
98,no_batch,0.1,12,,12,12,0,1.0,12,1.0,1,0.0,1.0,72637.11974070007,1425.8739001326485,2163.224113552537,6081.251576821636,6646.6735854519175,20.9736328125,889.7422227562815,3,0.25,0.75,0.165204788444773,0.12390359133357975,336,-104.02424558305786,
98,fixed_4,0.1,12,,12,12,0,1.0,12,1.0,1,0.0,1.0,72637.11974070007,1425.8739001326485,2163.224113552537,6081.251576821636,6646.6735854519175,20.9736328125,889.7422227562815,3,0.25,0.75,0.165204788444773,0.12390359133357975,336,-104.02424558305786,
98,sequential_greedy,0.1,12,,12,12,0,1.0,12,1.0,1,0.0,1.0,72637.11974070007,1425.8739001326485,2163.224113552537,6081.251576821636,6646.6735854519175,20.9736328125,889.7422227562815,3,0.25,0.75,0.165204788444773,0.12390359133357975,336,-104.02424558305786,
98,dybap_fusion,0.1,12,,12,12,0,1.0,12,1.0,1,0.0,1.0,72637.11974070007,1425.8739001326485,2163.224113552537,6081.251576821636,6646.6735854519175,20.9736328125,889.7422227562815,3,0.25,0.75,0.165204788444773,0.12390359133357975,336,-104.02424558305786,
99,no_batch,0.1,12,,12,12,0,1.0,12,1.0,1,0.0,1.0,129413.91877226066,1630.0622444482276,3206.2626246234545,9531.181428112744,9392.776769807755,36.8583984375,636.7887354582124,3,0.25,0.75,0.09272572930209536,0.06954429697657152,336,-148.17586798124162,
99,fixed_4,0.1,12,,12,12,0,1.0,12,1.0,1,0.0,1.0,129413.91877226066,1630.0622444482276,3206.2626246234545,9531.181428112744,9392.776769807755,36.8583984375,636.7887354582124,3,0.25,0.75,0.09272572930209536,0.06954429697657152,336,-148.17586798124162,
99,sequential_greedy,0.1,12,,12,12,0,1.0,12,1.0,1,0.0,1.0,129413.91877226066,1630.0622444482276,3206.2626246234545,9531.181428112744,9392.776769807755,36.8583984375,636.7887354582124,3,0.25,0.75,0.09272572930209536,0.06954429697657152,336,-148.17586798124162,
99,dybap_fusion,0.1,12,,12,12,0,1.0,12,1.0,1,0.0,1.0,129413.91877226066,1630.0622444482276,3206.2626246234545,9531.181428112744,9392.776769807755,36.8583984375,636.7887354582124,3,0.25,0.75,0.09272572930209536,0.06954429697657152,336,-148.17586798124162,
