episode,batcher,arrival_rate_rps,max_requests,agent_checkpoint,total_requests,served_requests,dropped_requests,completion_ratio,batches,mean_pending_size,max_pending_size,batch_opportunity_rate,mean_batch_size,makespan_ms,avg_e2e_ms,p95_e2e_ms,prefill_ms,decode_service_ms,transfer_mb,handover_ms,slo_violations,slo_rate,slo_satisfaction,throughput_rps,goodput_rps,mapping_steps,reward,failure_reason
0,no_batch,0.3,12,,12,12,0,1.0,12,1.0,1,0.0,1.0,64042.84940456853,2183.4447589541046,4296.633094728378,9163.202355926871,12237.803066856808,53.7451171875,687.2101234272182,6,0.5,0.5,0.18737454862750022,0.09368727431375011,336,-155.1151561252687,
0,fixed_4,0.3,12,,12,12,0,1.0,12,1.0,1,0.0,1.0,64042.84940456853,2183.4447589541046,4296.633094728378,9163.202355926871,12237.803066856808,53.7451171875,687.2101234272182,6,0.5,0.5,0.18737454862750022,0.09368727431375011,336,-155.1151561252687,
0,sequential_greedy,0.3,12,,12,12,0,1.0,12,1.0,1,0.0,1.0,64042.84940456853,2183.4447589541046,4296.633094728378,9163.202355926871,12237.803066856808,53.7451171875,687.2101234272182,6,0.5,0.5,0.18737454862750022,0.09368727431375011,336,-155.1151561252687,
0,dybap_fusion,0.3,12,,12,12,0,1.0,12,1.0,1,0.0,1.0,64042.84940456853,2183.4447589541046,4296.633094728378,9163.202355926871,12237.803066856808,53.7451171875,687.2101234272182,6,0.5,0.5,0.18737454862750022,0.09368727431375011,336,-155.1151561252687,
1,no_batch,0.3,12,,12,12,0,1.0,12,2.0,5,0.5,1.0,24573.96920835929,3715.5985207118338,6720.4951719157925,6197.516416423942,11680.105721649428,19.2041015625,715.8901531209108,6,0.5,0.5,0.4883216015391595,0.24416080076957974,336,-132.57890288534142,
1,fixed_4,0.3,12,,12,12,0,1.0,8,1.625,5,0.25,1.5,24203.228903415056,3221.9903358743773,5832.456076609962,5018.23319268809,10094.494319005824,23.7158203125,486.49593617430014,6,0.5,0.5,0.49580161588716,0.24790080794358,224,-107.73708508837834,
1,sequential_greedy,0.3,12,,12,12,0,1.0,7,1.7142857142857142,5,0.2857142857142857,1.7142857142857142,24203.228903415056,3129.1945159297743,5920.699373070736,4639.77341834677,9982.734213321339,24.6298828125,413.3730764247318,6,0.5,0.5,0.49580161588716,0.24790080794358,196,-102.14833746144029,
1,dybap_fusion,0.3,12,,12,12,0,1.0,11,1.9090909090909092,5,0.45454545454545453,1.0909090909090908,24573.96920835929,3449.48989308298,5926.213127517408,5833.3846260901655,10898.681585501206,20.0244140625,675.070054316352,6,0.5,0.5,0.4883216015391595,0.24416080076957974,308,-124.78940653624349,
2,no_batch,0.3,12,,12,12,0,1.0,12,1.25,2,0.25,1.0,32258.59546896846,3087.07957852167,6605.327900008216,10886.118422466348,10134.006995857584,59.3203125,1019.6238174511969,5,0.4166666666666667,0.5833333333333333,0.371993877152635,0.21699642833903707,336,-165.67121428988725,
2,fixed_4,0.3,12,,12,12,0,1.0,10,1.2,2,0.2,1.2,32258.59546896846,2464.9278874340257,4593.313392320823,9850.368326744523,8669.455595686672,60.064453125,873.4801350021472,4,0.3333333333333333,0.6666666666666667,0.371993877152635,0.24799591810175664,280,-138.04997302093113,
2,sequential_greedy,0.3,12,,12,12,0,1.0,10,1.2,2,0.2,1.2,32258.59546896846,2464.9278874340257,4593.313392320823,9850.368326744523,8669.455595686672,60.064453125,873.4801350021472,4,0.3333333333333333,0.6666666666666667,0.371993877152635,0.24799591810175664,280,-138.04997302093113,
2,dybap_fusion,0.3,12,,12,12,0,1.0,11,1.1818181818181819,2,0.18181818181818182,1.0909090909090908,32258.59546896846,2918.913818866223,5988.443829552912,9990.699314855057,9831.975237153743,59.841796875,965.7599426566297,5,0.4166666666666667,0.5833333333333333,0.371993877152635,0.21699642833903707,308,-154.45886453021933,
3,no_batch,0.3,12,,12,12,0,1.0,12,1.0,1,0.0,1.0,32681.90145555043,1778.3875352763534,3020.0859853011366,7384.831077654742,11476.492614240324,29.3291015625,786.224066075339,0,0.0,1.0,0.36717569864534355,0.36717569864534355,336,-131.87448990053431,
3,fixed_4,0.3,12,,12,12,0,1.0,12,1.0,1,0.0,1.0,32681.90145555043,1778.3875352763534,3020.0859853011366,7384.831077654742,11476.492614240324,29.3291015625,786.224066075339,0,0.0,1.0,0.36717569864534355,0.36717569864534355,336,-131.87448990053431,
3,sequential_greedy,0.3,12,,12,12,0,1.0,12,1.0,1,0.0,1.0,32681.90145555043,1778.3875352763534,3020.0859853011366,7384.831077654742,11476.492614240324,29.3291015625,786.224066075339,0,0.0,1.0,0.36717569864534355,0.36717569864534355,336,-131.87448990053431,
3,dybap_fusion,0.3,12,,12,12,0,1.0,12,1.0,1,0.0,1.0,32681.90145555043,1778.3875352763534,3020.0859853011366,7384.831077654742,11476.492614240324,29.3291015625,786.224066075339,0,0.0,1.0,0.36717569864534355,0.36717569864534355,336,-131.87448990053431,
4,no_batch,0.3,12,,12,12,0,1.0,12,1.0833333333333333,2,0.08333333333333333,1.0,40271.69080701675,2963.533010300052,7252.19137763761,7897.213102029796,19984.334547371127,60.474609375,648.8666091314897,4,0.3333333333333333,0.6666666666666667,0.29797606605355587,0.19865071070237056,336,-180.62367571238107,
4,fixed_4,0.3,12,,12,12,0,1.0,11,1.0909090909090908,2,0.09090909090909091,1.0909090909090908,40060.21772945396,2905.0142102084533,7252.19137763761,7878.57341128571,19809.965048315193,69.615234375,630.4027213687157,4,0.3333333333333333,0.6666666666666667,0.29954904591487264,0.19969936394324844,308,-177.0191789459583,
4,sequential_greedy,0.3,12,,12,12,0,1.0,11,1.0909090909090908,2,0.09090909090909091,1.0909090909090908,40060.21772945396,2905.0142102084533,7252.19137763761,7878.57341128571,19809.965048315193,69.615234375,630.4027213687157,4,0.3333333333333333,0.6666666666666667,0.29954904591487264,0.19969936394324844,308,-177.0191789459583,
4,dybap_fusion,0.3,12,,12,12,0,1.0,11,1.0909090909090908,2,0.09090909090909091,1.0909090909090908,40060.21772945396,2905.0142102084533,7252.19137763761,7878.57341128571,19809.965048315193,69.615234375,630.4027213687157,4,0.3333333333333333,0.6666666666666667,0.29954904591487264,0.19969936394324844,308,-177.0191789459583,
5,no_batch,0.3,12,,12,12,0,1.0,12,1.0833333333333333,2,0.08333333333333333,1.0,32093.790130345238,2750.247112250021,6564.583333956741,7473.024186197088,15007.27855902748,30.7705078125,847.08074832865,5,0.4166666666666667,0.5833333333333333,0.3739041089027933,0.2181107301932961,336,-159.097337660483,
5,fixed_4,0.3,12,,12,12,0,1.0,11,1.0909090909090908,2,0.09090909090909091,1.0909090909090908,32093.790130345238,2734.516864747939,6564.583333956741,7326.591791208688,14747.293843828544,32.9970703125,744.9999603005892,5,0.4166666666666667,0.5833333333333333,0.3739041089027933,0.2181107301932961,308,-154.596569821528,
5,sequential_greedy,0.3,12,,12,12,0,1.0,11,1.0909090909090908,2,0.09090909090909091,1.0909090909090908,32093.790130345238,2734.516864747939,6564.583333956741,7326.591791208688,14747.293843828544,32.9970703125,744.9999603005892,5,0.4166666666666667,0.5833333333333333,0.3739041089027933,0.2181107301932961,308,-154.596569821528,
5,dybap_fusion,0.3,12,,12,12,0,1.0,12,1.0833333333333333,2,0.08333333333333333,1.0,32093.790130345238,2750.247112250021,6564.583333956741,7473.024186197088,15007.27855902748,30.7705078125,847.08074832865,5,0.4166666666666667,0.5833333333333333,0.3739041089027933,0.2181107301932961,336,-159.097337660483,
6,no_batch,0.3,12,,12,12,0,1.0,12,1.25,2,0.25,1.0,27271.083263694705,2355.4288224440406,3736.427118170864,8997.71350903266,6866.1820983069865,43.7138671875,659.042083096111,8,0.6666666666666666,0.33333333333333337,0.4400265249446579,0.14667550831488596,336,-136.63860938860375,
6,fixed_4,0.3,12,,12,12,0,1.0,10,1.2,2,0.2,1.2,26599.328639417894,2151.690213248486,3519.8613417100514,8298.623412156245,6115.92250669256,45.5302734375,536.9088186034121,8,0.6666666666666666,0.33333333333333337,0.4511392059052589,0.15037973530175297,280,-121.448749024157,
6,sequential_greedy,0.3,12,,12,12,0,1.0,10,1.2,2,0.2,1.2,26599.328639417894,2151.690213248486,3519.8613417100514,8298.623412156245,6115.92250669256,45.5302734375,536.9088186034121,8,0.6666666666666666,0.33333333333333337,0.4511392059052589,0.15037973530175297,280,-121.448749024157,
6,dybap_fusion,0.3,12,,12,12,0,1.0,12,1.25,2,0.25,1.0,27271.083263694705,2355.4288224440406,3736.427118170864,8997.71350903266,6866.1820983069865,43.7138671875,659.042083096111,8,0.6666666666666666,0.33333333333333337,0.4400265249446579,0.14667550831488596,336,-136.63860938860375,
7,no_batch,0.3,12,,12,12,0,1.0,12,1.25,2,0.25,1.0,29215.5889869331,3838.6625570499855,6962.316683263343,11155.989944382301,13710.569456577261,94.412109375,586.3629042107916,8,0.6666666666666666,0.33333333333333337,0.4107396227872419,0.1369132075957473,336,-184.0317256734543,
7,fixed_4,0.3,12,,12,12,0,1.0,10,1.2,2,0.2,1.2,28744.202068544673,3689.339540890263,7094.832581070914,10828.073831664868,13416.932310160668,105.43359375,473.02301061237256,8,0.6666666666666666,0.33333333333333337,0.4174754954541538,0.13915849848471792,280,-172.69940722699513,
7,sequential_greedy,0.3,12,,12,12,0,1.0,10,1.2,2,0.2,1.2,28744.202068544673,3689.339540890263,7094.832581070914,10828.073831664868,13416.932310160668,105.43359375,473.02301061237256,8,0.6666666666666666,0.33333333333333337,0.4174754954541538,0.13915849848471792,280,-172.69940722699513,
7,dybap_fusion,0.3,12,,12,12,0,1.0,11,1.1818181818181819,2,0.18181818181818182,1.0909090909090908,28744.202068544673,3659.4273537487607,7094.832581070914,10876.892099852746,13554.4587045745,95.501953125,550.1845823546812,8,0.6666666666666666,0.33333333333333337,0.4174754954541538,0.13915849848471792,308,-176.62047415320635,
8,no_batch,0.3,12,,12,12,0,1.0,12,1.25,2,0.25,1.0,39174.88833747324,2150.6082590248093,3163.7426075594044,10890.845283512403,6931.55381949503,30.615234375,805.0071644861118,5,0.4166666666666667,0.5833333333333333,0.3063186778383551,0.17868589540570715,336,-155.2291347983191,
8,fixed_4,0.3,12,,12,12,0,1.0,11,1.0909090909090908,2,0.09090909090909091,1.0909090909090908,39174.88833747324,1963.6981088859927,2910.4548238330335,10416.3882427689,6802.041541582098,32.7919921875,774.3896941022526,4,0.3333333333333333,0.6666666666666667,0.3063186778383551,0.20421245189223672,308,-145.83507255899627,
8,sequential_greedy,0.3,12,,12,12,0,1.0,11,1.0909090909090908,2,0.09090909090909091,1.0909090909090908,39174.88833747324,1963.6981088859927,2910.4548238330335,10416.3882427689,6802.041541582098,32.7919921875,774.3896941022526,4,0.3333333333333333,0.6666666666666667,0.3063186778383551,0.20421245189223672,308,-145.83507255899627,
8,dybap_fusion,0.3,12,,12,12,0,1.0,11,1.2727272727272727,2,0.2727272727272727,1.0909090909090908,39174.88833747324,2054.154885767059,3010.0820341345857,10343.86902852197,6345.690803601657,30.8935546875,676.8036237570175,5,0.4166666666666667,0.5833333333333333,0.3063186778383551,0.17868589540570715,308,-145.04813648548205,
9,no_batch,0.3,12,,12,12,0,1.0,12,1.25,3,0.16666666666666666,1.0,52219.1860019912,6128.288831143885,12747.246514192817,7297.190138057127,28430.20066026927,62.54296875,658.8056391974259,6,0.5,0.5,0.22980059473815662,0.11490029736907831,336,-217.43543267420327,
9,fixed_4,0.3,12,,12,12,0,1.0,10,1.2,3,0.1,1.2,49504.8098007733,5680.57800751117,12256.818297970125,7161.910143538361,25892.055791368653,71.583984375,617.8543013989138,6,0.5,0.5,0.24240068890866745,0.12120034445433372,280,-198.67305197828446,
9,sequential_greedy,0.3,12,,12,12,0,1.0,10,1.2,3,0.1,1.2,49504.8098007733,5680.57800751117,12256.818297970125,7161.910143538361,25892.055791368653,71.583984375,617.8543013989138,6,0.5,0.5,0.24240068890866745,0.12120034445433372,280,-198.67305197828446,
9,dybap_fusion,0.3,12,,12,12,0,1.0,12,1.25,3,0.16666666666666666,1.0,52188.82147870229,6120.697700321657,12716.881990903907,7277.092582068619,28420.667613920537,62.54296875,658.0717182457538,6,0.5,0.5,0.22993429742223773,0.11496714871111886,333,-217.17945267305782,
10,no_batch,0.3,12,,12,12,0,1.0,12,1.0,1,0.0,1.0,47372.83432352827,1528.8833679078155,3236.9838869575988,5956.095366543712,8798.082460933427,22.7900390625,745.9456949785016,2,0.16666666666666666,0.8333333333333334,0.2533097327056081,0.21109144392134005,336,-109.98652828127382,
10,fixed_4,0.3,12,,12,12,0,1.0,12,1.0,1,0.0,1.0,47372.83432352827,1528.8833679078155,3236.9838869575988,5956.095366543712,8798.082460933427,22.7900390625,745.9456949785016,2,0.16666666666666666,0.8333333333333334,0.2533097327056081,0.21109144392134005,336,-109.98652828127382,
10,sequential_greedy,0.3,12,,12,12,0,1.0,12,1.0,1,0.0,1.0,47372.83432352827,1528.8833679078155,3236.9838869575988,5956.095366543712,8798.082460933427,22.7900390625,745.9456949785016,2,0.16666666666666666,0.8333333333333334,0.2533097327056081,0.21109144392134005,336,-109.98652828127382,
10,dybap_fusion,0.3,12,,12,12,0,1.0,12,1.0,1,0.0,1.0,47372.83432352827,1528.8833679078155,3236.9838869575988,5956.095366543712,8798.082460933427,22.7900390625,745.9456949785016,2,0.16666666666666666,0.8333333333333334,0.2533097327056081,0.21109144392134005,336,-109.98652828127382,
11,no_batch,0.3,12,,12,12,0,1.0,12,1.25,2,0.25,1.0,28736.64138552716,2169.9872070228344,3891.9724354311234,8939.4595440275,7834.02833554152,56.5576171875,821.2847628614481,5,0.4166666666666667,0.5833333333333333,0.4175853343127163,0.2435914450157512,336,-139.6492975742217,
11,fixed_4,0.3,12,,12,12,0,1.0,11,1.0909090909090908,2,0.09090909090909091,1.0909090909090908,28469.366325016235,2083.653074976816,3624.697374920202,8759.464517939938,7780.096080881664,50.3232421875,787.9369830979444,4,0.3333333333333333,0.6666666666666667,0.4215056936288573,0.2810037957525715,308,-134.50418602139004,
11,sequential_greedy,0.3,12,,12,12,0,1.0,11,1.1818181818181819,2,0.18181818181818182,1.0909090909090908,27702.611364890818,1853.6506365401513,3464.8860571977953,8547.30862486888,7255.835111434674,60.732421875,757.5988854905752,4,0.3333333333333333,0.6666666666666667,0.433172159907218,0.2887814399381453,308,-127.38146141571016,
11,dybap_fusion,0.3,12,,12,12,0,1.0,11,1.2727272727272727,2,0.2727272727272727,1.0909090909090908,27702.611364890818,2022.326063589873,3436.50631782599,8547.30862486888,7255.835111434674,60.732421875,757.5988854905752,5,0.4166666666666667,0.5833333333333333,0.433172159907218,0.25268375994587716,308,-129.38146141571016,
12,no_batch,0.3,12,,12,12,0,1.0,12,1.25,2,0.25,1.0,38631.21722097577,2745.1938838524998,4304.932140031311,9711.446377747849,11125.343656345904,48.3486328125,536.1473845227893,7,0.5833333333333334,0.41666666666666663,0.3106296115744524,0.1294290048226885,336,-161.30624608026073,
12,fixed_4,0.3,12,,12,12,0,1.0,10,1.2,2,0.2,1.2,38631.21722097577,2519.1871016049577,3667.7120165163096,8965.631232049098,10382.347759868775,48.796875,468.4519927033679,7,0.5833333333333334,0.41666666666666663,0.3106296115744524,0.1294290048226885,280,-147.8935032882752,
12,sequential_greedy,0.3,12,,12,12,0,1.0,10,1.2,2,0.2,1.2,38631.21722097577,2519.1871016049577,3667.7120165163096,8965.631232049098,10382.347759868775,48.796875,468.4519927033679,7,0.5833333333333334,0.41666666666666663,0.3106296115744524,0.1294290048226885,280,-147.8935032882752,
12,dybap_fusion,0.3,12,,12,12,0,1.0,10,1.3,2,0.3,1.2,38631.21722097577,2539.3281752134835,3962.45787975541,8883.275984824018,10093.788801598097,49.8427734375,456.1855402848956,7,0.5833333333333334,0.41666666666666663,0.3106296115744524,0.1294290048226885,280,-146.4239320447582,
13,no_batch,0.3,12,,12,12,0,1.0,12,1.0,1,0.0,1.0,52171.15438006465,1915.251922890872,5706.388097926389,10611.486840231497,9039.169876190977,84.3193359375,610.9124064515632,5,0.4166666666666667,0.5833333333333333,0.23001216175092673,0.13417376102137393,336,-154.565445301753,
13,fixed_4,0.3,12,,12,12,0,1.0,12,1.0,1,0.0,1.0,52171.15438006465,1915.251922890872,5706.388097926389,10611.486840231497,9039.169876190977,84.3193359375,610.9124064515632,5,0.4166666666666667,0.5833333333333333,0.23001216175092673,0.13417376102137393,336,-154.565445301753,
13,sequential_greedy,0.3,12,,12,12,0,1.0,12,1.0,1,0.0,1.0,52171.15438006465,1915.251922890872,5706.388097926389,10611.486840231497,9039.169876190977,84.3193359375,610.9124064515632,5,0.4166666666666667,0.5833333333333333,0.23001216175092673,0.13417376102137393,336,-154.565445301753,
13,dybap_fusion,0.3,12,,12,12,0,1.0,12,1.0,1,0.0,1.0,52171.15438006465,1915.251922890872,5706.388097926389,10611.486840231497,9039.169876190977,84.3193359375,610.9124064515632,5,0.4166666666666667,0.5833333333333333,0.23001216175092673,0.13417376102137393,336,-154.565445301753,
14,no_batch,0.3,12,,12,12,0,1.0,12,1.5,3,0.3333333333333333,1.0,44947.965980018824,2804.4761184942145,4805.658310057564,9394.53874180687,8410.73373530188,60.08203125,792.0360511491838,6,0.5,0.5,0.26697537337583827,0.13348768668791913,336,-143.76259622629112,
14,fixed_4,0.3,12,,12,12,0,1.0,10,1.2,2,0.2,1.2,42994.4524045022,2228.558235033722,3737.034676561416,8244.134615629415,7711.217336501313,53.5927734375,688.4430006105764,5,0.4166666666666667,0.5833333333333333,0.2791057759522345,0.16281170263880346,280,-122.79850093322302,
14,sequential_greedy,0.3,12,,12,12,0,1.0,10,1.4,3,0.3,1.2,43359.037098270936,2530.2744709134317,4622.60506413751,8084.848369130834,8228.95452546969,60.8525390625,694.5767519095231,6,0.5,0.5,0.2767589135524998,0.1383794567762499,280,-127.05679222423697,
14,dybap_fusion,0.3,12,,12,12,0,1.0,11,1.3636363636363635,3,0.2727272727272727,1.0909090909090908,43854.849918279884,2568.0514532752964,4242.492330461322,8397.082681874364,8330.742970735271,56.4755859375,776.3668139093661,6,0.5,0.5,0.2736299410979874,0.1368149705489937,308,-133.40458832379323,
15,no_batch,0.3,12,,12,12,0,1.0,12,2.0833333333333335,4,0.5833333333333334,1.0,42468.085330668044,7082.934564470983,12888.679257900458,9506.246207584483,20754.02214408822,69.0966796875,956.9925635528267,9,0.75,0.25,0.28256512876822065,0.07064128219205516,336,-213.87009542408717,
15,fixed_4,0.3,12,,12,12,0,1.0,8,1.5,4,0.25,1.5,42468.085330668044,4736.063955009586,11447.821399389022,8815.875098447592,19202.56292022917,79.9716796875,541.5640703575199,8,0.6666666666666666,0.33333333333333337,0.28256512876822065,0.09418837625607356,224,-170.22889993214613,
15,sequential_greedy,0.3,12,,12,12,0,1.0,8,1.5,4,0.25,1.5,42468.085330668044,4736.063955009586,11447.821399389022,8815.875098447592,19202.56292022917,79.9716796875,541.5640703575199,8,0.6666666666666666,0.33333333333333337,0.28256512876822065,0.09418837625607356,224,-170.22889993214613,
15,dybap_fusion,0.3,12,,12,12,0,1.0,11,1.6363636363636365,4,0.36363636363636365,1.0909090909090908,42468.085330668044,5799.795614402123,11255.50064290145,9049.290111532588,19368.0258615325,69.5361328125,847.3480649567099,8,0.6666666666666666,0.33333333333333337,0.28256512876822065,0.09418837625607356,308,-189.26094150252035,
16,no_batch,0.3,12,,12,12,0,1.0,12,1.6666666666666667,4,0.4166666666666667,1.0,22492.62070905539,3014.5581896691,5662.717881866475,8026.110193886204,6414.0476855176585,31.634765625,934.6084362595309,7,0.5833333333333334,0.41666666666666663,0.5335083072453569,0.2222951280188987,336,-126.92390835834185,
16,fixed_4,0.3,12,,12,12,0,1.0,9,1.3333333333333333,4,0.1111111111111111,1.3333333333333333,22492.62070905539,2870.217391954331,6155.967014919681,8143.89032593258,5291.210185203006,44.94140625,688.0856223684842,6,0.5,0.5,0.5335083072453569,0.26675415362267846,252,-112.78415077391575,
16,sequential_greedy,0.3,12,,12,12,0,1.0,10,1.5,4,0.3,1.2,22492.62070905539,3067.802968184444,5806.676778481687,8240.643388403818,6255.239983345105,41.314453125,764.9301032241373,7,0.5833333333333334,0.41666666666666663,0.5335083072453569,0.2222951280188987,277,-121.82728498712122,
16,dybap_fusion,0.3,12,,12,12,0,1.0,11,1.5454545454545454,4,0.2727272727272727,1.0909090909090908,22492.62070905539,2740.6284556944743,5810.520389645729,7858.731383947098,5446.906099783897,32.7978515625,863.9265569381533,6,0.5,0.5,0.5335083072453569,0.26675415362267846,308,-117.23468569135169,
17,no_batch,0.3,12,,12,12,0,1.0,12,2.5,5,0.6666666666666666,1.0,41003.34886553067,11067.249748105192,17315.36627521261,11446.637021466066,28721.40730756642,89.9619140625,835.3045364981829,10,0.8333333333333334,0.16666666666666663,0.2926590225435894,0.048776503757264895,336,-270.5321003691353,
17,fixed_4,0.3,12,,12,12,0,1.0,8,1.5,3,0.25,1.5,36623.462516637184,6405.472476373307,13461.18253038788,9511.16388149392,21577.20915240286,106.1015625,572.2769859786517,7,0.5833333333333334,0.41666666666666663,0.3276588060058134,0.13652450250242223,224,-175.02193215493438,
17,sequential_greedy,0.3,12,,12,12,0,1.0,8,1.625,4,0.25,1.5,36623.462516637184,7357.03799200159,15841.658670882016,9485.676123347117,22009.73408302454,118.5703125,575.2573964432868,7,0.5833333333333334,0.41666666666666663,0.3276588060058134,0.13652450250242223,224,-176.29311574913675,
17,dybap_fusion,0.3,12,,12,12,0,1.0,10,1.8,4,0.4,1.2,36623.462516637184,8239.203983401634,14787.16600395403,11421.704858612595,24082.63217810416,117.076171875,682.0678820606497,8,0.6666666666666666,0.33333333333333337,0.3276588060058134,0.10921960200193778,280,-224.81664538868415,
18,no_batch,0.3,12,,12,12,0,1.0,12,1.4166666666666667,3,0.3333333333333333,1.0,34916.45635800724,3398.328767496971,5795.092042095274,13514.851328096962,9618.335010996889,37.5849609375,789.9509777488963,9,0.75,0.25,0.34367748768549045,0.08591937192137261,336,-199.24887716620154,
18,fixed_4,0.3,12,,12,12,0,1.0,9,1.3333333333333333,2,0.3333333333333333,1.3333333333333333,33325.380172319965,3190.102744286087,5187.88157324609,12295.269153913088,8559.00956331325,43.8017578125,587.4587399456414,8,0.6666666666666666,0.33333333333333337,0.36008591463773276,0.12002863821257759,252,-169.68992601711156,
18,sequential_greedy,0.3,12,,12,12,0,1.0,9,1.3333333333333333,2,0.3333333333333333,1.3333333333333333,33325.380172319965,3190.102744286087,5187.88157324609,12295.269153913088,8559.00956331325,43.8017578125,587.4587399456414,8,0.6666666666666666,0.33333333333333337,0.36008591463773276,0.12002863821257759,252,-169.68992601711156,
18,dybap_fusion,0.3,12,,12,12,0,1.0,10,1.4,3,0.3,1.2,33205.512293029155,3111.7397153870684,5917.35347353703,12426.770572636746,9167.82716238633,37.9716796875,617.5955168415766,9,0.75,0.25,0.36138578119510495,0.09034644529877624,280,-182.9208386193664,
19,no_batch,0.3,12,,12,12,0,1.0,12,1.0833333333333333,2,0.08333333333333333,1.0,55973.87855445237,4560.40990033353,14245.139951616815,10817.39623802623,23539.17569732179,72.28125,582.3523669579821,5,0.4166666666666667,0.5833333333333333,0.21438571544271656,0.1250583340082513,336,-225.8322826514369,
19,fixed_4,0.3,12,,12,12,0,1.0,11,1.0909090909090908,2,0.09090909090909091,1.0909090909090908,55973.87855445237,4490.08071795727,14245.139951616815,10414.377488776901,23204.36474666905,72.3515625,554.068181200151,5,0.4166666666666667,0.5833333333333333,0.21438571544271656,0.1250583340082513,308,-219.54045967792467,
19,sequential_greedy,0.3,12,,12,12,0,1.0,11,1.0909090909090908,2,0.09090909090909091,1.0909090909090908,55973.87855445237,4490.08071795727,14245.139951616815,10414.377488776901,23204.36474666905,72.3515625,554.068181200151,5,0.4166666666666667,0.5833333333333333,0.21438571544271656,0.1250583340082513,308,-219.54045967792467,
19,dybap_fusion,0.3,12,,12,12,0,1.0,11,1.0909090909090908,2,0.09090909090909091,1.0909090909090908,55973.87855445237,4490.08071795727,14245.139951616815,10414.377488776901,23204.36474666905,72.3515625,554.068181200151,5,0.4166666666666667,0.5833333333333333,0.21438571544271656,0.1250583340082513,308,-219.54045967792467,
20,no_batch,0.3,12,,12,12,0,1.0,12,1.0,1,0.0,1.0,33971.7522272943,1389.323542751583,2348.9088183994577,7260.317418979497,5559.183382575647,21.744140625,1001.2145590373178,3,0.25,0.75,0.35323464976760033,0.2649259873257003,336,-109.60592704455613,
20,fixed_4,0.3,12,,12,12,0,1.0,12,1.0,1,0.0,1.0,33971.7522272943,1389.323542751583,2348.9088183994577,7260.317418979497,5559.183382575647,21.744140625,1001.2145590373178,3,0.25,0.75,0.35323464976760033,0.2649259873257003,336,-109.60592704455613,
20,sequential_greedy,0.3,12,,12,12,0,1.0,12,1.0,1,0.0,1.0,33971.7522272943,1389.323542751583,2348.9088183994577,7260.317418979497,5559.183382575647,21.744140625,1001.2145590373178,3,0.25,0.75,0.35323464976760033,0.2649259873257003,336,-109.60592704455613,
20,dybap_fusion,0.3,12,,12,12,0,1.0,12,1.0,1,0.0,1.0,33971.7522272943,1389.323542751583,2348.9088183994577,7260.317418979497,5559.183382575647,21.744140625,1001.2145590373178,3,0.25,0.75,0.35323464976760033,0.2649259873257003,336,-109.60592704455613,
21,no_batch,0.3,12,,12,12,0,1.0,12,1.0,1,0.0,1.0,49941.151274281365,2192.783103857151,7077.292431439568,9327.714383001154,14174.938827826332,31.880859375,809.3599906299694,4,0.3333333333333333,0.6666666666666667,0.24028280673977465,0.16018853782651643,336,-170.44693076476773,
21,fixed_4,0.3,12,,12,12,0,1.0,12,1.0,1,0.0,1.0,49941.151274281365,2192.783103857151,7077.292431439568,9327.714383001154,14174.938827826332,31.880859375,809.3599906299694,4,0.3333333333333333,0.6666666666666667,0.24028280673977465,0.16018853782651643,336,-170.44693076476773,
21,sequential_greedy,0.3,12,,12,12,0,1.0,12,1.0,1,0.0,1.0,49941.151274281365,2192.783103857151,7077.292431439568,9327.714383001154,14174.938827826332,31.880859375,809.3599906299694,4,0.3333333333333333,0.6666666666666667,0.24028280673977465,0.16018853782651643,336,-170.44693076476773,
21,dybap_fusion,0.3,12,,12,12,0,1.0,12,1.0,1,0.0,1.0,49941.151274281365,2192.783103857151,7077.292431439568,9327.714383001154,14174.938827826332,31.880859375,809.3599906299694,4,0.3333333333333333,0.6666666666666667,0.24028280673977465,0.16018853782651643,336,-170.44693076476773,
22,no_batch,0.3,12,,12,12,0,1.0,12,3.75,7,0.75,1.0,56282.5864457798,18692.99333161648,26999.597819705705,14207.843577742848,35431.02657430973,55.3828125,871.7962125501206,9,0.75,0.25,0.2132098177748153,0.05330245444370382,336,-335.46821402637966,
22,fixed_4,0.3,12,,12,12,0,1.0,6,2.3333333333333335,5,0.3333333333333333,2.0,56282.5864457798,13324.31429908299,24437.11619916441,10397.143972463818,31936.417462862406,60.5888671875,369.3354323945315,9,0.75,0.25,0.2132098177748153,0.05330245444370382,168,-217.220753603824,
22,sequential_greedy,0.3,12,,12,12,0,1.0,5,2.4,5,0.4,2.4,56282.5864457798,12076.336601150688,24003.793808594903,10555.213590876006,32209.10790327603,65.9033203125,340.373431762719,9,0.75,0.25,0.2132098177748153,0.05330245444370382,140,-213.99684956213127,
22,dybap_fusion,0.3,12,,12,12,0,1.0,9,3.0,6,0.5555555555555556,1.3333333333333333,56282.5864457798,14829.758312330494,24574.76707220255,12063.819849431875,31850.626271057114,50.6982421875,638.6139882330727,9,0.75,0.25,0.2132098177748153,0.05330245444370382,252,-293.3833948402647,
23,no_batch,0.3,12,,12,12,0,1.0,12,1.4166666666666667,3,0.3333333333333333,1.0,44863.274718153865,2323.1849769683436,4600.718221086085,6946.97842335288,8201.77806732092,18.076171875,736.323574754427,4,0.3333333333333333,0.6666666666666667,0.26747935979680537,0.17831957319787023,336,-119.27687478847409,
23,fixed_4,0.3,12,,12,12,0,1.0,10,1.2,2,0.2,1.2,44863.274718153865,1796.11759432054,3109.356182654159,6411.915723992711,6996.079423781728,22.2275390625,598.9406594031195,3,0.25,0.75,0.26747935979680537,0.20060951984760403,280,-102.30324610048996,
23,sequential_greedy,0.3,12,,12,12,0,1.0,10,1.2,2,0.2,1.2,44863.274718153865,1796.11759432054,3109.356182654159,6411.915723992711,6996.079423781728,22.2275390625,598.9406594031195,3,0.25,0.75,0.26747935979680537,0.20060951984760403,280,-102.30324610048996,
23,dybap_fusion,0.3,12,,12,12,0,1.0,11,1.1818181818181819,2,0.18181818181818182,1.0909090909090908,44863.274718153865,1776.506946289592,2925.304139873888,6506.50650526669,7037.825635728001,18.5244140625,665.3338432213391,3,0.25,0.75,0.26747935979680537,0.20060951984760403,308,-106.37637111632216,
24,no_batch,0.3,12,,12,12,0,1.0,12,1.6666666666666667,4,0.4166666666666667,1.0,32199.536101580787,4302.910450330289,9854.894569159329,9234.992808410741,16310.559123678782,29.994140625,909.4574299848175,7,0.5833333333333334,0.41666666666666663,0.37267617651829704,0.1552817402159571,336,-191.23662756297128,
24,fixed_4,0.3,12,,12,12,0,1.0,9,1.3333333333333333,3,0.2222222222222222,1.3333333333333333,29173.682012982637,3555.702907607894,10210.216855937266,8530.440889561596,14248.55432471344,33.533203125,650.1600592011505,4,0.3333333333333333,0.6666666666666667,0.4113296358910012,0.2742197572606675,252,-160.12747247220244,
24,sequential_greedy,0.3,12,,12,12,0,1.0,9,1.4444444444444444,4,0.2222222222222222,1.3333333333333333,29116.259908661435,3622.1498527697318,9854.894569159329,8402.049035288599,14248.956899951305,33.955078125,640.4433970153977,5,0.4166666666666667,0.5833333333333333,0.4121408463052725,0.2404154936780756,252,-161.86801703890188,
24,dybap_fusion,0.3,12,,12,12,0,1.0,11,1.5454545454545454,4,0.2727272727272727,1.0909090909090908,31138.38919806859,4052.5099728653317,9854.894569159329,9024.751726242894,15536.139134388464,31.125,832.9715979307855,6,0.5,0.5,0.38537638937162233,0.19268819468581116,308,-182.18814738440787,
25,no_batch,0.3,12,,12,12,0,1.0,12,1.0833333333333333,2,0.08333333333333333,1.0,46394.755149880744,2808.1840367474992,6016.305347804356,10920.797831636948,12283.77453185542,31.4296875,745.8101451555912,4,0.3333333333333333,0.6666666666666667,0.2586499262951891,0.17243328419679274,336,-177.50452346932818,
25,fixed_4,0.3,12,,12,12,0,1.0,11,1.0909090909090908,2,0.09090909090909091,1.0909090909090908,45443.118845439465,2658.5743936241934,5923.772890558803,10735.033875290475,11578.39639884824,33.0234375,685.3159300679654,4,0.3333333333333333,0.6666666666666667,0.26406638243326214,0.1760442549555081,308,-168.68742305785656,
25,sequential_greedy,0.3,12,,12,12,0,1.0,11,1.0909090909090908,2,0.09090909090909091,1.0909090909090908,45443.118845439465,2658.5743936241934,5923.772890558803,10735.033875290475,11578.39639884824,33.0234375,685.3159300679654,4,0.3333333333333333,0.6666666666666667,0.26406638243326214,0.1760442549555081,308,-168.68742305785656,
25,dybap_fusion,0.3,12,,12,12,0,1.0,11,1.0909090909090908,2,0.09090909090909091,1.0909090909090908,45443.118845439465,2658.5743936241934,5923.772890558803,10735.033875290475,11578.39639884824,33.0234375,685.3159300679654,4,0.3333333333333333,0.6666666666666667,0.26406638243326214,0.1760442549555081,308,-168.68742305785656,
26,no_batch,0.3,12,,12,12,0,1.0,12,1.0833333333333333,2,0.08333333333333333,1.0,53881.08116741425,2445.4954810207946,5672.417404562814,11132.6749326317,9646.05935833543,99.84375,971.4842306463737,5,0.4166666666666667,0.5833333333333333,0.2227126802209986,0.12991573012891586,336,-164.5901056181945,
26,fixed_4,0.3,12,,12,12,0,1.0,11,1.0909090909090908,2,0.09090909090909091,1.0909090909090908,53881.08116741425,2431.0340808875944,5643.695402122097,11044.274400764092,9610.274371184936,109.916015625,870.9890547462024,5,0.4166666666666667,0.5833333333333333,0.2227126802209986,0.12991573012891586,308,-160.58599661822865,
26,sequential_greedy,0.3,12,,12,12,0,1.0,11,1.0909090909090908,2,0.09090909090909091,1.0909090909090908,53881.08116741425,2431.0340808875944,5643.695402122097,11044.274400764092,9610.274371184936,109.916015625,870.9890547462024,5,0.4166666666666667,0.5833333333333333,0.2227126802209986,0.12991573012891586,308,-160.58599661822865,
26,dybap_fusion,0.3,12,,12,12,0,1.0,11,1.0909090909090908,2,0.09090909090909091,1.0909090909090908,53881.08116741425,2431.0340808875944,5643.695402122097,11044.274400764092,9610.274371184936,109.916015625,870.9890547462024,5,0.4166666666666667,0.5833333333333333,0.2227126802209986,0.12991573012891586,308,-160.58599661822865,
27,no_batch,0.3,12,,12,12,0,1.0,12,1.75,3,0.5,1.0,43867.69051914738,6145.4022162383335,9793.089021071853,10229.138585823046,18983.241661166572,33.1552734375,861.8866529109378,7,0.5833333333333334,0.41666666666666663,0.2735498463216849,0.11397910263403538,336,-212.07476859599834,
27,fixed_4,0.3,12,,12,12,0,1.0,8,1.5,2,0.5,1.5,42280.94148801725,5034.667643361693,9660.060161241776,9125.647681790377,18478.27334842046,42.4541015625,541.0777584520386,6,0.5,0.5,0.28381581813642665,0.14190790906821332,224,-166.63885099883277,
27,sequential_greedy,0.3,12,,12,12,0,1.0,8,1.5,2,0.5,1.5,42280.94148801725,5034.667643361693,9660.060161241776,9125.647681790377,18478.27334842046,42.4541015625,541.0777584520386,6,0.5,0.5,0.28381581813642665,0.14190790906821332,224,-166.63885099883277,
27,dybap_fusion,0.3,12,,12,12,0,1.0,12,1.75,3,0.5,1.0,43756.77984024835,6092.795146620676,9682.178342172829,10181.02441191522,18920.99968849349,33.1552734375,861.332120592821,7,0.5833333333333334,0.41666666666666663,0.2742432154242338,0.11426800642676407,336,-211.2768716703735,
28,no_batch,0.3,12,,12,12,0,1.0,12,1.1666666666666667,2,0.16666666666666666,1.0,33657.953818308626,2802.1443666397136,4746.103549560783,10267.019810488255,9560.708218929172,60.8203125,661.2636741756814,7,0.5833333333333334,0.41666666666666663,0.35652791208812173,0.14855329670338407,336,-159.68483960234317,
28,fixed_4,0.3,12,,12,12,0,1.0,11,1.0909090909090908,2,0.09090909090909091,1.0909090909090908,32333.986464677462,2445.4034534577618,4083.9644316640997,9935.21041696422,8655.376796571189,63.2900390625,574.4371364265337,6,0.5,0.5,0.3711265238856065,0.18556326194280326,308,-147.84250094239732,
28,sequential_greedy,0.3,12,,12,12,0,1.0,11,1.0909090909090908,2,0.09090909090909091,1.0909090909090908,32333.986464677462,2445.4034534577618,4083.9644316640997,9935.21041696422,8655.376796571189,63.2900390625,574.4371364265337,6,0.5,0.5,0.3711265238856065,0.18556326194280326,308,-147.84250094239732,
28,dybap_fusion,0.3,12,,12,12,0,1.0,11,1.0909090909090908,2,0.09090909090909091,1.0909090909090908,32333.986464677462,2445.4034534577618,4083.9644316640997,9935.21041696422,8655.376796571189,63.2900390625,574.4371364265337,6,0.5,0.5,0.3711265238856065,0.18556326194280326,308,-147.84250094239732,
29,no_batch,0.3,12,,12,12,0,1.0,12,1.25,2,0.25,1.0,33734.180270999495,2517.780794301819,5535.865474112022,10971.922730712004,9432.154143724872,164.326171875,624.2865085354823,5,0.4166666666666667,0.5833333333333333,0.35572229423093843,0.20750467163471406,336,-158.01460095306822,
29,fixed_4,0.3,12,,12,12,0,1.0,10,1.2,2,0.2,1.2,33734.180270999495,2299.5673653041113,4768.96383343198,10206.129054106785,8648.80284729025,168.4716796875,527.1438305537886,5,0.4166666666666667,0.5833333333333333,0.35572229423093843,0.20750467163471406,280,-143.92767019023373,
29,sequential_greedy,0.3,12,,12,12,0,1.0,10,1.2,2,0.2,1.2,33734.180270999495,2299.5673653041113,4768.96383343198,10206.129054106785,8648.80284729025,168.4716796875,527.1438305537886,5,0.4166666666666667,0.5833333333333333,0.35572229423093843,0.20750467163471406,280,-143.92767019023373,
29,dybap_fusion,0.3,12,,12,12,0,1.0,10,1.2,2,0.2,1.2,33734.180270999495,2299.5673653041113,4768.96383343198,10206.129054106785,8648.80284729025,168.4716796875,527.1438305537886,5,0.4166666666666667,0.5833333333333333,0.35572229423093843,0.20750467163471406,280,-143.92767019023373,
30,no_batch,0.3,12,,12,12,0,1.0,12,1.8333333333333333,3,0.6666666666666666,1.0,28932.969539351223,5706.5146093149915,11916.887975479305,8950.32121860452,19300.496970657034,32.2880859375,545.2518957464281,9,0.75,0.25,0.4147517586702952,0.1036879396675738,336,-201.7499884688714,
30,fixed_4,0.3,12,,12,12,0,1.0,8,1.5,3,0.375,1.5,28173.903310083366,5002.552453809251,11974.439187207045,8592.3043734041,17531.46808709184,45.966796875,445.790354548846,8,0.6666666666666666,0.33333333333333337,0.4259260730729218,0.14197535769097394,224,-178.540821395053,
30,sequential_greedy,0.3,12,,12,12,0,1.0,9,1.5555555555555556,3,0.4444444444444444,1.3333333333333333,28173.903310083366,5502.040605470308,11974.439187207045,8692.681362378948,18632.796992280335,42.2431640625,464.3924159652183,7,0.5833333333333334,0.41666666666666663,0.4259260730729218,0.17746919711371742,252,-185.04022883832943,
30,dybap_fusion,0.3,12,,12,12,0,1.0,10,1.5,2,0.5,1.2,28173.903310083366,5092.063079241627,11974.439187207045,8643.080815186813,17946.046667068404,37.0693359375,472.1054273464165,7,0.5833333333333334,0.41666666666666663,0.4259260730729218,0.17746919711371742,280,-183.05429155368375,
31,no_batch,0.3,12,,12,12,0,1.0,12,1.25,2,0.25,1.0,46969.79079449879,5254.312725464466,12532.202341998513,14126.18599244432,23734.429620173203,124.4501953125,976.6130019738812,9,0.75,0.25,0.25548336062432425,0.06387084015608106,336,-259.76820553884625,
31,fixed_4,0.3,12,,12,12,0,1.0,9,1.3333333333333333,2,0.3333333333333333,1.3333333333333333,46969.79079449879,5975.56371919607,13584.634416191053,12823.8208117155,27282.715489589846,142.3828125,755.1495866742008,9,0.75,0.25,0.25548336062432425,0.06387084015608106,252,-235.00866737356733,
31,sequential_greedy,0.3,12,,12,12,0,1.0,9,1.3333333333333333,2,0.3333333333333333,1.3333333333333333,46969.79079449879,5975.56371919607,13584.634416191053,12823.8208117155,27282.715489589846,142.3828125,755.1495866742008,9,0.75,0.25,0.25548336062432425,0.06387084015608106,252,-235.00866737356733,
31,dybap_fusion,0.3,12,,12,12,0,1.0,12,1.25,2,0.25,1.0,46969.79079449879,5254.312725464466,12532.202341998513,14126.18599244432,23734.429620173203,124.4501953125,976.6130019738812,9,0.75,0.25,0.25548336062432425,0.06387084015608106,336,-259.76820553884625,
32,no_batch,0.3,12,,12,12,0,1.0,12,1.0,1,0.0,1.0,35798.33835780026,1351.4003322719389,2847.1970518576118,7030.940105053807,6752.7462733918155,27.7412109375,501.5127761954067,2,0.16666666666666666,0.8333333333333334,0.33521108941039063,0.27934257450865885,336,-107.02508808294664,
32,fixed_4,0.3,12,,12,12,0,1.0,12,1.0,1,0.0,1.0,35798.33835780026,1351.4003322719389,2847.1970518576118,7030.940105053807,6752.7462733918155,27.7412109375,501.5127761954067,2,0.16666666666666666,0.8333333333333334,0.33521108941039063,0.27934257450865885,336,-107.02508808294664,
32,sequential_greedy,0.3,12,,12,12,0,1.0,12,1.0,1,0.0,1.0,35798.33835780026,1351.4003322719389,2847.1970518576118,7030.940105053807,6752.7462733918155,27.7412109375,501.5127761954067,2,0.16666666666666666,0.8333333333333334,0.33521108941039063,0.27934257450865885,336,-107.02508808294664,
32,dybap_fusion,0.3,12,,12,12,0,1.0,12,1.0,1,0.0,1.0,35798.33835780026,1351.4003322719389,2847.1970518576118,7030.940105053807,6752.7462733918155,27.7412109375,501.5127761954067,2,0.16666666666666666,0.8333333333333334,0.33521108941039063,0.27934257450865885,336,-107.02508808294664,
33,no_batch,0.3,12,,12,12,0,1.0,12,1.25,2,0.25,1.0,38195.4638883776,2284.8048479518866,4033.915768763227,6284.607637826158,10349.404258958599,25.1689453125,948.7041785086077,4,0.3333333333333333,0.6666666666666667,0.3141734326114953,0.20944895507433017,336,-123.78573299685031,
33,fixed_4,0.3,12,,12,12,0,1.0,10,1.2,2,0.2,1.2,38195.4638883776,1965.9339538145841,3498.5554785607274,5581.493640311038,9566.737928988203,27.404296875,781.6149842157494,3,0.25,0.75,0.3141734326114953,0.23563007445862147,280,-106.92334657030948,
33,sequential_greedy,0.3,12,,12,12,0,1.0,10,1.2,2,0.2,1.2,38195.4638883776,1965.9339538145841,3498.5554785607274,5581.493640311038,9566.737928988203,27.404296875,781.6149842157494,3,0.25,0.75,0.3141734326114953,0.23563007445862147,280,-106.92334657030948,
33,dybap_fusion,0.3,12,,12,12,0,1.0,11,1.1818181818181819,2,0.18181818181818182,1.0909090909090908,38195.4638883776,1987.9197687803387,3498.5554785607274,5702.594298695824,9957.520584101108,26.109375,835.5907755087702,4,0.3333333333333333,0.6666666666666667,0.3141734326114953,0.20944895507433017,301,-112.64962482236054,
34,no_batch,0.3,12,,12,12,0,1.0,12,1.3333333333333333,2,0.3333333333333333,1.0,46471.08258997492,4247.654101066776,9942.816224681308,8467.223501037593,19397.74038116431,77.9326171875,837.10422141518,8,0.6666666666666666,0.33333333333333337,0.258225101099511,0.086075033699837,336,-190.13538047867928,
34,fixed_4,0.3,12,,12,12,0,1.0,10,1.2,2,0.2,1.2,43475.77460413668,3891.4792123066513,7228.588939747634,8505.768866596247,16485.8776494166,93.849609375,715.1136017659844,6,0.5,0.5,0.27601578371551805,0.13800789185775902,280,-162.04243038493001,
34,sequential_greedy,0.3,12,,12,12,0,1.0,11,1.2727272727272727,2,0.2727272727272727,1.0909090909090908,46334.21601482108,4238.628747686101,9805.949649527473,8416.379118420733,19387.158242539692,84.744140625,761.6641675028177,8,0.6666666666666666,0.33333333333333337,0.25898787186043076,0.08632929062014358,308,-184.41453258147249,
34,dybap_fusion,0.3,12,,12,12,0,1.0,11,1.3636363636363635,2,0.36363636363636365,1.0909090909090908,43069.098846113746,3947.8706657801627,8117.019892937221,8485.062800870954,16043.072040867883,86.2119140625,771.9495180170767,7,0.5833333333333334,0.41666666666666663,0.2786220357866344,0.11609251491109768,308,-167.87643498423034,
35,no_batch,0.3,12,,12,12,0,1.0,12,1.75,3,0.5833333333333334,1.0,25439.94839375913,4390.107071247834,6156.872615862595,12197.11784042353,11974.474809745821,67.40625,893.1890648230897,11,0.9166666666666666,0.08333333333333337,0.47169907007137696,0.03930825583928141,336,-200.14262532520652,
35,fixed_4,0.3,12,,12,12,0,1.0,10,1.2,2,0.2,1.2,25439.94839375913,2996.3880688189142,4578.11416245163,11582.002436404156,10339.392106712477,69.3544921875,726.5144213248702,10,0.8333333333333334,0.16666666666666663,0.47169907007137696,0.07861651167856282,280,-179.3023683025725,
35,sequential_greedy,0.3,12,,12,12,0,1.0,10,1.2,2,0.2,1.2,25439.94839375913,2996.3880688189142,4578.11416245163,11582.002436404156,10339.392106712477,69.3544921875,726.5144213248702,10,0.8333333333333334,0.16666666666666663,0.47169907007137696,0.07861651167856282,280,-179.3023683025725,
35,dybap_fusion,0.3,12,,12,12,0,1.0,10,1.2,2,0.2,1.2,25439.94839375913,2996.3880688189142,4578.11416245163,11582.002436404156,10339.392106712477,69.3544921875,726.5144213248702,10,0.8333333333333334,0.16666666666666663,0.47169907007137696,0.07861651167856282,280,-179.3023683025725,
36,no_batch,0.3,12,,12,12,0,1.0,12,1.0,1,0.0,1.0,33803.891863973964,3071.257412700021,5428.018803401274,11836.662709587185,16270.179923919242,79.5,587.4686757309216,9,0.75,0.25,0.3549887110125576,0.0887471777531394,336,-205.0217819022076,
36,fixed_4,0.3,12,,12,12,0,1.0,12,1.0,1,0.0,1.0,33803.891863973964,3071.257412700021,5428.018803401274,11836.662709587185,16270.179923919242,79.5,587.4686757309216,9,0.75,0.25,0.3549887110125576,0.0887471777531394,336,-205.0217819022076,
36,sequential_greedy,0.3,12,,12,12,0,1.0,12,1.0,1,0.0,1.0,33803.891863973964,3071.257412700021,5428.018803401274,11836.662709587185,16270.179923919242,79.5,587.4686757309216,9,0.75,0.25,0.3549887110125576,0.0887471777531394,336,-205.0217819022076,
36,dybap_fusion,0.3,12,,12,12,0,1.0,12,1.0,1,0.0,1.0,33803.891863973964,3071.257412700021,5428.018803401274,11836.662709587185,16270.179923919242,79.5,587.4686757309216,9,0.75,0.25,0.3549887110125576,0.0887471777531394,336,-205.0217819022076,
37,no_batch,0.3,12,,12,12,0,1.0,12,1.1666666666666667,2,0.16666666666666666,1.0,67194.95669501415,3677.6655853877687,10372.225953039939,8853.373524457726,25803.86125632436,84.5419921875,987.3083115340031,4,0.3333333333333333,0.6666666666666667,0.17858483121681062,0.11905655414454042,336,-220.23315446281413,
37,fixed_4,0.3,12,,12,12,0,1.0,10,1.2,2,0.2,1.2,67194.95669501415,3595.355471674673,10356.555377936038,8548.75507879966,25729.937324469487,89.2353515625,796.5434008933379,5,0.4166666666666667,0.5833333333333333,0.17858483121681062,0.10417448487647286,280,-191.29551081664292,
37,sequential_greedy,0.3,12,,12,12,0,1.0,11,1.1818181818181819,2,0.18181818181818182,1.0909090909090908,67194.95669501415,3588.381284685291,10372.225953039939,8607.470680722763,25645.577242145708,85.4560546875,857.0113815248985,5,0.4166666666666667,0.5833333333333333,0.17858483121681062,0.10417448487647286,308,-216.0921573501911,
37,dybap_fusion,0.3,12,,12,12,0,1.0,11,1.1818181818181819,2,0.18181818181818182,1.0909090909090908,67194.95669501415,3588.381284685291,10372.225953039939,8607.470680722763,25645.577242145708,85.4560546875,857.0113815248985,5,0.4166666666666667,0.5833333333333333,0.17858483121681062,0.10417448487647286,308,-216.0921573501911,
38,no_batch,0.3,12,,12,12,0,1.0,12,2.0,5,0.4166666666666667,1.0,34664.88664711596,7814.579417015105,17522.942531002223,8204.700505411365,24331.51339648236,23.7509765625,812.3034093167145,5,0.4166666666666667,0.5833333333333333,0.34617162093037945,0.20193344554272136,336,-214.7574204270072,
38,fixed_4,0.3,12,,12,12,0,1.0,8,1.625,5,0.25,1.5,30533.85568249207,6410.946588753279,14072.059897731282,6635.686873199596,22003.26125542974,29.1884765625,578.538217957207,5,0.4166666666666667,0.5833333333333333,0.3930063770780422,0.22925371996219127,224,-152.25171383070415,
38,sequential_greedy,0.3,12,,12,12,0,1.0,9,1.4444444444444444,5,0.1111111111111111,1.3333333333333333,30549.026078128387,6007.417375323302,11803.550484240088,7016.422746005486,21571.73968088754,26.525390625,644.4943153298414,4,0.3333333333333333,0.6666666666666667,0.39281121333656577,0.26187414222437716,252,-179.54601130263012,
38,dybap_fusion,0.3,12,,12,12,0,1.0,9,1.5555555555555556,5,0.2222222222222222,1.3333333333333333,29438.082740086727,5967.578509312391,11192.99180038523,7068.675392410706,20398.961524814178,27.24609375,654.0764869563199,4,0.3333333333333333,0.6666666666666667,0.4076352426192225,0.271756828412815,252,-166.09586014421905,
39,no_batch,0.3,12,,12,12,0,1.0,12,1.0,1,0.0,1.0,42057.18704412202,1636.417386416504,2777.153929848719,6186.818800918861,9849.498397502988,23.3466796875,764.9262135555639,2,0.16666666666666666,0.8333333333333334,0.28532578718141205,0.23777148931784337,336,-113.68112055509594,
39,fixed_4,0.3,12,,12,12,0,1.0,12,1.0,1,0.0,1.0,42057.18704412202,1636.417386416504,2777.153929848719,6186.818800918861,9849.498397502988,23.3466796875,764.9262135555639,2,0.16666666666666666,0.8333333333333334,0.28532578718141205,0.23777148931784337,336,-113.68112055509594,
39,sequential_greedy,0.3,12,,12,12,0,1.0,12,1.0,1,0.0,1.0,42057.18704412202,1636.417386416504,2777.153929848719,6186.818800918861,9849.498397502988,23.3466796875,764.9262135555639,2,0.16666666666666666,0.8333333333333334,0.28532578718141205,0.23777148931784337,336,-113.68112055509594,
39,dybap_fusion,0.3,12,,12,12,0,1.0,12,1.0,1,0.0,1.0,42057.18704412202,1636.417386416504,2777.153929848719,6186.818800918861,9849.498397502988,23.3466796875,764.9262135555639,2,0.16666666666666666,0.8333333333333334,0.28532578718141205,0.23777148931784337,336,-113.68112055509594,
40,no_batch,0.3,12,,12,12,0,1.0,12,1.4166666666666667,3,0.3333333333333333,1.0,38625.40324092044,6189.951680764658,13813.210153482643,9576.176642771437,26024.002438632604,81.9931640625,598.2448874823403,10,0.8333333333333334,0.16666666666666663,0.3106763682220148,0.05177939470366913,336,-225.9130253896917,
40,fixed_4,0.3,12,,12,12,0,1.0,8,1.5,3,0.375,1.5,27870.988635436704,3816.7681113583253,6116.067959616858,7527.746285819079,14879.424023442383,56.724609375,415.3871150718044,10,0.8333333333333334,0.16666666666666663,0.430555232789358,0.07175920546489299,224,-149.37129661493904,
40,sequential_greedy,0.3,12,,12,12,0,1.0,9,1.4444444444444444,3,0.3333333333333333,1.3333333333333333,27870.988635436704,3902.126568808389,6389.282647682552,7805.270063015053,15376.674301485102,59.1826171875,460.2210614707201,10,0.8333333333333334,0.16666666666666663,0.430555232789358,0.07175920546489299,252,-154.38272737130404,
40,dybap_fusion,0.3,12,,12,12,0,1.0,10,1.4,3,0.3,1.2,27870.988635436704,4080.294173835977,7056.239549501832,8415.430210497636,16486.782488126362,64.6318359375,541.7966647786479,10,0.8333333333333334,0.16666666666666663,0.430555232789358,0.07175920546489299,280,-166.6644910812473,
41,no_batch,0.3,12,,12,12,0,1.0,12,1.0833333333333333,2,0.08333333333333333,1.0,31109.893677509313,1496.7632619335575,2417.8894025013833,7048.0899662707725,6401.47025367935,27.5859375,589.9188039248158,1,0.08333333333333333,0.9166666666666666,0.38572937999705603,0.35358526499730136,336,-102.4929662477218,
41,fixed_4,0.3,12,,12,12,0,1.0,11,1.0909090909090908,2,0.09090909090909091,1.0909090909090908,31109.893677509313,1424.5129730913802,2156.557672463255,6854.485652407021,6112.532300962692,28.453125,547.6745812465598,0,0.0,1.0,0.38572937999705603,0.38572937999705603,308,-95.41071519510858,
41,sequential_greedy,0.3,12,,12,12,0,1.0,11,1.0909090909090908,2,0.09090909090909091,1.0909090909090908,31109.893677509313,1424.5129730913802,2156.557672463255,6854.485652407021,6112.532300962692,28.453125,547.6745812465598,0,0.0,1.0,0.38572937999705603,0.38572937999705603,308,-95.41071519510858,
41,dybap_fusion,0.3,12,,12,12,0,1.0,12,1.0833333333333333,2,0.08333333333333333,1.0,31109.893677509313,1496.7632619335575,2417.8894025013833,7048.0899662707725,6401.47025367935,27.5859375,589.9188039248158,1,0.08333333333333333,0.9166666666666666,0.38572937999705603,0.35358526499730136,336,-102.4929662477218,
42,no_batch,0.3,12,,12,12,0,1.0,12,1.0,1,0.0,1.0,24771.525606617346,1354.1341106229147,1827.8905547312547,8648.372005720681,4921.939272522508,31.892578125,722.8716557270209,4,0.3333333333333333,0.6666666666666667,0.4844271681351099,0.3229514454234066,336,-116.41391277337705,
42,fixed_4,0.3,12,,12,12,0,1.0,12,1.0,1,0.0,1.0,24771.525606617346,1354.1341106229147,1827.8905547312547,8648.372005720681,4921.939272522508,31.892578125,722.8716557270209,4,0.3333333333333333,0.6666666666666667,0.4844271681351099,0.3229514454234066,336,-116.41391277337705,
42,sequential_greedy,0.3,12,,12,12,0,1.0,12,1.0,1,0.0,1.0,24771.525606617346,1354.1341106229147,1827.8905547312547,8648.372005720681,4921.939272522508,31.892578125,722.8716557270209,4,0.3333333333333333,0.6666666666666667,0.4844271681351099,0.3229514454234066,336,-116.41391277337705,
42,dybap_fusion,0.3,12,,12,12,0,1.0,12,1.0,1,0.0,1.0,24771.525606617346,1354.1341106229147,1827.8905547312547,8648.372005720681,4921.939272522508,31.892578125,722.8716557270209,4,0.3333333333333333,0.6666666666666667,0.4844271681351099,0.3229514454234066,336,-116.41391277337705,
43,no_batch,0.3,12,,12,12,0,1.0,12,1.75,3,0.5,1.0,39954.51128053997,6961.703599318981,16943.09024022726,9797.616361617896,25163.46711386206,75.8583984375,776.5371717694258,8,0.6666666666666666,0.33333333333333337,0.3003415538170944,0.1001138512723648,336,-235.21998119229877,
43,fixed_4,0.3,12,,12,12,0,1.0,9,1.3333333333333333,3,0.2222222222222222,1.3333333333333333,39954.51128053997,5874.802946654534,17375.685926542483,8865.969291641028,23379.96622585451,88.2861328125,544.6373639246865,5,0.4166666666666667,0.5833333333333333,0.3003415538170944,0.1751992397266384,252,-198.71656181783993,
43,sequential_greedy,0.3,12,,12,12,0,1.0,9,1.4444444444444444,3,0.3333333333333333,1.3333333333333333,39954.51128053997,6293.281556548842,17177.67805088824,8675.014679930482,24355.4487512592,82.916015625,542.375380965484,5,0.4166666666666667,0.5833333333333333,0.3003415538170944,0.1751992397266384,252,-204.66504998223132,
43,dybap_fusion,0.3,12,,12,12,0,1.0,11,1.1818181818181819,3,0.09090909090909091,1.0909090909090908,39954.51128053997,5871.226502371411,16712.263678708645,8904.852625934867,24150.04648921505,64.0751953125,698.6690079158947,6,0.5,0.5,0.3003415538170944,0.1501707769085472,308,-215.42145613229752,
44,no_batch,0.3,12,,12,12,0,1.0,12,1.5,3,0.4166666666666667,1.0,29932.170850347095,2335.6576663602596,4142.554814527721,7634.770175476072,8797.796943549325,22.6318359375,702.3613530036633,7,0.5833333333333334,0.41666666666666663,0.4009064380928738,0.1670443492053641,336,-134.28412531301322,
44,fixed_4,0.3,12,,12,12,0,1.0,10,1.2,2,0.2,1.2,29932.170850347095,1901.6341630033287,3730.780369104469,6704.360891645317,8633.88528948,24.896484375,541.6940256635124,5,0.4166666666666667,0.5833333333333333,0.4009064380928738,0.23386208888750973,280,-116.32626866033051,
44,sequential_greedy,0.3,12,,12,12,0,1.0,10,1.2,2,0.2,1.2,29932.170850347095,1901.6341630033287,3730.780369104469,6704.360891645317,8633.88528948,24.896484375,541.6940256635124,5,0.4166666666666667,0.5833333333333333,0.4009064380928738,0.23386208888750973,280,-116.32626866033051,
44,dybap_fusion,0.3,12,,12,12,0,1.0,11,1.2727272727272727,2,0.2727272727272727,1.0909090909090908,29932.170850347095,2088.7761388615577,4072.5363449463493,7141.5471288129465,8752.213305417205,23.337890625,628.0429136422314,5,0.4166666666666667,0.5833333333333333,0.4009064380928738,0.23386208888750973,308,-123.70163107567157,
45,no_batch,0.3,12,,12,12,0,1.0,12,1.0,1,0.0,1.0,48915.86545793122,1901.046207582258,3162.5150216483653,8971.758880795294,9109.471005945155,26.33203125,717.9365465189945,3,0.25,0.75,0.24531917993601235,0.18398938495200926,336,-139.85122133318993,
45,fixed_4,0.3,12,,12,12,0,1.0,12,1.0,1,0.0,1.0,48915.86545793122,1901.046207582258,3162.5150216483653,8971.758880795294,9109.471005945155,26.33203125,717.9365465189945,3,0.25,0.75,0.24531917993601235,0.18398938495200926,336,-139.85122133318993,
45,sequential_greedy,0.3,12,,12,12,0,1.0,12,1.0,1,0.0,1.0,48915.86545793122,1901.046207582258,3162.5150216483653,8971.758880795294,9109.471005945155,26.33203125,717.9365465189945,3,0.25,0.75,0.24531917993601235,0.18398938495200926,336,-139.85122133318993,
45,dybap_fusion,0.3,12,,12,12,0,1.0,12,1.0,1,0.0,1.0,48915.86545793122,1901.046207582258,3162.5150216483653,8971.758880795294,9109.471005945155,26.33203125,717.9365465189945,3,0.25,0.75,0.24531917993601235,0.18398938495200926,336,-139.85122133318993,
46,no_batch,0.3,12,,12,12,0,1.0,12,1.1666666666666667,2,0.16666666666666666,1.0,44947.567401846296,3464.988201240152,6135.730925446054,8313.307970151924,16821.196492948595,49.18359375,789.3404345528189,6,0.5,0.5,0.2669777408133345,0.13348887040666724,336,-173.03722286512848,
46,fixed_4,0.3,12,,12,12,0,1.0,11,1.0909090909090908,2,0.09090909090909091,1.0909090909090908,44947.567401846296,2957.606403011189,5152.557375021518,7893.212441446794,15246.952094790031,46.7783203125,759.2995400003173,5,0.4166666666666667,0.5833333333333333,0.2669777408133345,0.1557370154744451,308,-153.95377553681882,
46,sequential_greedy,0.3,12,,12,12,0,1.0,11,1.0909090909090908,2,0.09090909090909091,1.0909090909090908,44947.567401846296,2957.606403011189,5152.557375021518,7893.212441446794,15246.952094790031,46.7783203125,759.2995400003173,5,0.4166666666666667,0.5833333333333333,0.2669777408133345,0.1557370154744451,308,-153.95377553681882,
46,dybap_fusion,0.3,12,,12,12,0,1.0,12,1.1666666666666667,2,0.16666666666666666,1.0,44947.567401846296,3464.988201240152,6135.730925446054,8313.307970151924,16821.196492948595,49.18359375,789.3404345528189,6,0.5,0.5,0.2669777408133345,0.13348887040666724,336,-173.03722286512848,
47,no_batch,0.3,12,,12,12,0,1.0,12,1.0833333333333333,2,0.08333333333333333,1.0,34916.89770032148,3507.3833178851614,10041.56758937099,9547.547284038204,16270.940079108124,31.658203125,758.7597571436611,6,0.5,0.5,0.3436731436736292,0.1718365718368146,336,-186.4859660538946,
47,fixed_4,0.3,12,,12,12,0,1.0,11,1.0909090909090908,2,0.09090909090909091,1.0909090909090908,33918.7292022762,3460.809286694754,10283.171657439214,8665.88483240729,16260.87776641984,31.986328125,652.3160234175707,6,0.5,0.5,0.35378683937235217,0.17689341968617608,308,-171.64427697280726,
47,sequential_greedy,0.3,12,,12,12,0,1.0,11,1.0909090909090908,2,0.09090909090909091,1.0909090909090908,33918.7292022762,3460.809286694754,10283.171657439214,8665.88483240729,16260.87776641984,31.986328125,652.3160234175707,6,0.5,0.5,0.35378683937235217,0.17689341968617608,308,-171.64427697280726,
47,dybap_fusion,0.3,12,,12,12,0,1.0,12,1.0833333333333333,2,0.08333333333333333,1.0,34916.89770032148,3507.3833178851614,10041.56758937099,9547.547284038204,16270.940079108124,31.658203125,758.7597571436611,6,0.5,0.5,0.3436731436736292,0.1718365718368146,336,-186.4859660538946,
48,no_batch,0.3,12,,12,12,0,1.0,12,1.3333333333333333,3,0.25,1.0,38613.595005495474,5700.4772944894285,12679.52983373952,10939.881795034593,21808.996037413286,51.92578125,747.227515109496,8,0.6666666666666666,0.33333333333333337,0.3107713746490624,0.10359045821635414,336,-223.0589323133965,
48,fixed_4,0.3,12,,12,12,0,1.0,9,1.3333333333333333,3,0.2222222222222222,1.3333333333333333,35542.7873831294,5142.86911504194,12380.205818746716,10081.508667818247,19311.98515701058,54.10546875,603.0739783611448,8,0.6666666666666666,0.33333333333333337,0.3376212414250851,0.1125404138083617,252,-194.86969090953622,
48,sequential_greedy,0.3,12,,12,12,0,1.0,10,1.3,3,0.2,1.2,35857.56889470368,5202.4961177178,12694.987330320993,9990.948347405163,20092.363311835194,52.201171875,656.7675775252262,7,0.5833333333333334,0.41666666666666663,0.3346573783414651,0.13944057430894377,280,-196.90383353777233,
48,dybap_fusion,0.3,12,,12,12,0,1.0,10,1.3,3,0.2,1.2,36298.92892933838,5252.507064154471,12719.457867532758,10817.271286007366,19295.4694150279,52.7109375,639.9686483636775,8,0.6666666666666666,0.33333333333333337,0.33058826676015435,0.11019608892005145,280,-205.04284300068588,
49,no_batch,0.3,12,,12,12,0,1.0,12,1.3333333333333333,2,0.3333333333333333,1.0,21045.792020132256,2586.46779651308,5779.170991974006,8981.624687465865,9012.674312114683,107.0654296875,781.0114697320489,7,0.5833333333333334,0.41666666666666663,0.5701852412359147,0.2375771838482978,336,-136.03647274374063,
49,fixed_4,0.3,12,,12,12,0,1.0,10,1.2,2,0.2,1.2,21045.792020132256,2561.389176041246,5555.394365057303,8855.625170125342,8485.778890461328,123.48046875,673.4539472916537,7,0.5833333333333334,0.41666666666666663,0.5701852412359147,0.2375771838482978,280,-118.99774872120132,
49,sequential_greedy,0.3,12,,12,12,0,1.0,12,1.25,2,0.25,1.0,21045.792020132256,2532.9787262186205,5747.724710554616,8981.624687465865,9012.674312114683,107.0654296875,781.0114697320489,6,0.5,0.5,0.5701852412359147,0.28509262061795737,336,-134.03647274374063,
49,dybap_fusion,0.3,12,,12,12,0,1.0,12,1.25,2,0.25,1.0,21045.792020132256,2368.7816243747507,5062.778225072953,8966.876605281499,8162.886238102426,104.4755859375,774.8029373753558,7,0.5833333333333334,0.41666666666666663,0.5701852412359147,0.2375771838482978,336,-132.03388334861637,
50,no_batch,0.3,12,,12,12,0,1.0,12,1.1666666666666667,2,0.16666666666666666,1.0,32444.020692104605,1573.3678383291178,3075.2853916968274,4784.084096534158,6945.083657453331,22.51171875,882.1498521813493,2,0.16666666666666666,0.8333333333333334,0.36986784449068777,0.30822320374223977,336,-89.15878866792542,
50,fixed_4,0.3,12,,12,12,0,1.0,11,1.0909090909090908,2,0.09090909090909091,1.0909090909090908,31940.399793583114,1426.816187970784,3018.969546331884,4230.559749415646,6885.770214067299,23.1064453125,802.0038711723835,2,0.16666666666666666,0.8333333333333334,0.3756997431951626,0.31308311932930216,308,-82.6809163625128,
50,sequential_greedy,0.3,12,,12,12,0,1.0,11,1.0909090909090908,2,0.09090909090909091,1.0909090909090908,31940.399793583114,1426.816187970784,3018.969546331884,4230.559749415646,6885.770214067299,23.1064453125,802.0038711723835,2,0.16666666666666666,0.8333333333333334,0.3756997431951626,0.31308311932930216,308,-82.6809163625128,
50,dybap_fusion,0.3,12,,12,12,0,1.0,11,1.0909090909090908,2,0.09090909090909091,1.0909090909090908,31940.399793583114,1426.816187970784,3018.969546331884,4230.559749415646,6885.770214067299,23.1064453125,802.0038711723835,2,0.16666666666666666,0.8333333333333334,0.3756997431951626,0.31308311932930216,308,-82.6809163625128,
51,no_batch,0.3,12,,12,12,0,1.0,12,1.25,3,0.16666666666666666,1.0,34760.24341821822,3192.279745022983,6161.7372675427,10028.23162912834,13245.848419402448,27.2607421875,582.3450665366946,5,0.4166666666666667,0.5833333333333333,0.34522197832799617,0.20137948735799777,336,-175.21631363435546,
51,fixed_4,0.3,12,,12,12,0,1.0,10,1.2,3,0.1,1.2,34760.24341821822,2763.117871353772,5801.3932380238275,9057.31510940174,12796.157333582076,28.0869140625,484.9865934928419,4,0.3333333333333333,0.6666666666666667,0.34522197832799617,0.23014798555199745,280,-150.11274047683304,
51,sequential_greedy,0.3,12,,12,12,0,1.0,10,1.2,3,0.1,1.2,34760.24341821822,2763.117871353772,5801.3932380238275,9057.31510940174,12796.157333582076,28.0869140625,484.9865934928419,4,0.3333333333333333,0.6666666666666667,0.34522197832799617,0.23014798555199745,280,-150.11274047683304,
51,dybap_fusion,0.3,12,,12,12,0,1.0,11,1.1818181818181819,3,0.09090909090909091,1.0909090909090908,34760.24341821822,2806.6496290494124,5804.8873569920315,9513.832637503747,13000.119875841416,27.486328125,532.6055001614632,4,0.3333333333333333,0.6666666666666667,0.34522197832799617,0.23014798555199745,308,-166.1424042313516,
52,no_batch,0.3,12,,12,12,0,1.0,12,1.6666666666666667,3,0.5833333333333334,1.0,23985.128054293793,3686.0928889077477,5900.61253111021,8787.388583085214,12912.90246330787,30.3486328125,773.6317465310493,7,0.5833333333333334,0.41666666666666663,0.5003100243132441,0.20846251013051836,336,-166.87438379346173,
52,fixed_4,0.3,12,,12,12,0,1.0,9,1.3333333333333333,3,0.2222222222222222,1.3333333333333333,23985.128054293793,3272.777647109433,5756.962214367684,8196.74045951709,12254.15274093375,37.5966796875,551.6000915090273,6,0.5,0.5,0.5003100243132441,0.25015501215662206,252,-142.55923368204222,
52,sequential_greedy,0.3,12,,12,12,0,1.0,10,1.3,3,0.2,1.2,23985.128054293793,3219.957393214359,5977.563167574994,8265.105171543582,12342.584679074755,33.8759765625,615.4043945488414,6,0.5,0.5,0.5003100243132441,0.25015501215662206,280,-154.04934875654916,
52,dybap_fusion,0.3,12,,12,12,0,1.0,11,1.3636363636363635,3,0.2727272727272727,1.0909090909090908,23985.128054293793,3299.4800778077406,5950.7412605395375,8397.799520296177,12458.768784981385,30.3720703125,689.1665925944698,7,0.5833333333333334,0.41666666666666663,0.5003100243132441,0.20846251013051836,308,-159.80958308362904,
53,no_batch,0.3,12,,12,12,0,1.0,12,1.0833333333333333,2,0.08333333333333333,1.0,34442.84935785895,2566.411856763171,4072.0961207158293,7312.466544323187,16178.513975864911,74.203125,549.2590070755972,6,0.5,0.5,0.3484032309673566,0.1742016154836783,336,-153.3419739715172,
53,fixed_4,0.3,12,,12,12,0,1.0,11,1.0909090909090908,2,0.09090909090909091,1.0909090909090908,33771.071212465664,2527.1629522814223,4072.0961207158293,7133.297887965337,15768.664029473384,77.953125,466.4994644316864,6,0.5,0.5,0.3553337092715771,0.17766685463578855,308,-147.97855470637867,
53,sequential_greedy,0.3,12,,12,12,0,1.0,11,1.0909090909090908,2,0.09090909090909091,1.0909090909090908,33771.071212465664,2527.1629522814223,4072.0961207158293,7133.297887965337,15768.664029473384,77.953125,466.4994644316864,6,0.5,0.5,0.3553337092715771,0.17766685463578855,308,-147.97855470637867,
53,dybap_fusion,0.3,12,,12,12,0,1.0,11,1.0909090909090908,2,0.09090909090909091,1.0909090909090908,33771.071212465664,2527.1629522814223,4072.0961207158293,7133.297887965337,15768.664029473384,77.953125,466.4994644316864,6,0.5,0.5,0.3553337092715771,0.17766685463578855,308,-147.97855470637867,
54,no_batch,0.3,12,,12,12,0,1.0,12,1.25,2,0.25,1.0,40253.96531529241,4438.524278927635,6362.9051272471825,10011.514354301098,21388.966273558504,85.78125,860.9757962792257,8,0.6666666666666666,0.33333333333333337,0.29810727728334435,0.09936909242778146,336,-210.17739214326073,
54,fixed_4,0.3,12,,12,12,0,1.0,10,1.2,2,0.2,1.2,39929.3401544675,4390.627457734195,6362.9051272471825,10143.06320559794,20650.209962108864,87.7265625,641.7042871884171,8,0.6666666666666666,0.33333333333333337,0.30053088665071215,0.10017696221690404,280,-205.17925954693493,
54,sequential_greedy,0.3,12,,12,12,0,1.0,10,1.2,2,0.2,1.2,39929.3401544675,4390.627457734195,6362.9051272471825,10143.06320559794,20650.209962108864,87.7265625,641.7042871884171,8,0.6666666666666666,0.33333333333333337,0.30053088665071215,0.10017696221690404,280,-205.17925954693493,
54,dybap_fusion,0.3,12,,12,12,0,1.0,11,1.2727272727272727,2,0.2727272727272727,1.0909090909090908,39929.3401544675,4451.255859095956,6362.9051272471825,10244.186987721863,20937.536526113767,96.5302734375,755.1077494782987,8,0.6666666666666666,0.33333333333333337,0.30053088665071215,0.10017696221690404,308,-207.54091690567276,
55,no_batch,0.3,12,,12,12,0,1.0,12,1.9166666666666667,4,0.5,1.0,43360.81190108816,6512.700378629332,12362.925438125902,11512.482161922198,16977.454587051907,118.201171875,722.1414147030183,10,0.8333333333333334,0.16666666666666663,0.276747585524312,0.04612459758738533,336,-203.27689954158046,
55,fixed_4,0.3,12,,12,12,0,1.0,9,1.3333333333333333,3,0.2222222222222222,1.3333333333333333,35880.438657996834,3518.113087843855,6290.7250698564585,10618.256544426513,10548.83964747113,101.8505859375,564.6087286881584,9,0.75,0.25,0.3344440717233402,0.08361101793083504,252,-149.2838417695272,
55,sequential_greedy,0.3,12,,12,12,0,1.0,9,1.3333333333333333,3,0.2222222222222222,1.3333333333333333,35880.438657996834,3518.113087843855,6290.7250698564585,10618.256544426513,10548.83964747113,101.8505859375,564.6087286881584,9,0.75,0.25,0.3344440717233402,0.08361101793083504,252,-149.2838417695272,
55,dybap_fusion,0.3,12,,12,12,0,1.0,10,1.6,4,0.3,1.2,38948.07581538433,4752.3151008315535,8977.022223815282,10643.288837063614,13521.551003567018,97.751953125,634.5022373426664,9,0.75,0.25,0.3081025120953485,0.07702562802383713,280,-175.51450648592288,
56,no_batch,0.3,12,,12,12,0,1.0,12,1.0,1,0.0,1.0,51932.49082527922,3008.6496992769767,7552.952931895379,6834.6936891431205,17185.373900625375,29.865234375,848.4168544248035,3,0.25,0.75,0.2310692171568006,0.17330191286760047,336,-161.46741225108502,
56,fixed_4,0.3,12,,12,12,0,1.0,12,1.0,1,0.0,1.0,51932.49082527922,3008.6496992769767,7552.952931895379,6834.6936891431205,17185.373900625375,29.865234375,848.4168544248035,3,0.25,0.75,0.2310692171568006,0.17330191286760047,336,-161.46741225108502,
56,sequential_greedy,0.3,12,,12,12,0,1.0,12,1.0,1,0.0,1.0,51932.49082527922,3008.6496992769767,7552.952931895379,6834.6936891431205,17185.373900625375,29.865234375,848.4168544248035,3,0.25,0.75,0.2310692171568006,0.17330191286760047,336,-161.46741225108502,
56,dybap_fusion,0.3,12,,12,12,0,1.0,12,1.0,1,0.0,1.0,51932.49082527922,3008.6496992769767,7552.952931895379,6834.6936891431205,17185.373900625375,29.865234375,848.4168544248035,3,0.25,0.75,0.2310692171568006,0.17330191286760047,336,-161.46741225108502,
57,no_batch,0.3,12,,12,12,0,1.0,12,2.0,3,0.6666666666666666,1.0,29993.529724179527,6892.079116782439,12046.492081224023,11832.376694455334,17418.698173720364,45.8408203125,742.4548560038314,10,0.8333333333333334,0.16666666666666663,0.40008628895471754,0.06668104815911959,336,-219.32226510318972,
57,fixed_4,0.3,12,,12,12,0,1.0,8,1.5,3,0.375,1.5,29237.93889874279,4555.977740931539,7647.98155150581,10633.115357147892,12899.43954142693,55.078125,515.3351537866178,6,0.5,0.5,0.4104256473603888,0.2052128236801944,224,-166.10201764222452,
57,sequential_greedy,0.3,12,,12,12,0,1.0,8,1.5,3,0.375,1.5,29237.93889874279,4555.977740931539,7647.98155150581,10633.115357147892,12899.43954142693,55.078125,515.3351537866178,6,0.5,0.5,0.4104256473603888,0.2052128236801944,224,-166.10201764222452,
57,dybap_fusion,0.3,12,,12,12,0,1.0,10,1.6,3,0.5,1.2,29237.93889874279,5465.291448680723,10272.190236935741,10833.763529539317,14396.645836090132,48.0908203125,632.5774780430457,8,0.6666666666666666,0.33333333333333337,0.4104256473603888,0.13680854912012957,280,-185.63374571058299,
58,no_batch,0.3,12,,12,12,0,1.0,12,1.0833333333333333,2,0.08333333333333333,1.0,44618.503139314416,3919.151194053471,6246.425144663457,11096.630075679821,20554.571763851476,95.056640625,865.5656916358496,4,0.3333333333333333,0.6666666666666667,0.2689467184170622,0.17929781227804148,336,-215.3739200906262,
58,fixed_4,0.3,12,,12,12,0,1.0,11,1.0909090909090908,2,0.09090909090909091,1.0909090909090908,43643.35410158528,3691.2964502429645,6246.425144663457,10674.202472801771,20086.517990553104,95.630859375,780.8980300831347,5,0.4166666666666667,0.5833333333333333,0.274955952561953,0.16039097232780591,308,-205.03295580796166,
58,sequential_greedy,0.3,12,,12,12,0,1.0,11,1.0909090909090908,2,0.09090909090909091,1.0909090909090908,43643.35410158528,3691.2964502429645,6246.425144663457,10674.202472801771,20086.517990553104,95.630859375,780.8980300831347,5,0.4166666666666667,0.5833333333333333,0.274955952561953,0.16039097232780591,308,-205.03295580796166,
58,dybap_fusion,0.3,12,,12,12,0,1.0,11,1.0909090909090908,2,0.09090909090909091,1.0909090909090908,43643.35410158528,3691.2964502429645,6246.425144663457,10674.202472801771,20086.517990553104,95.630859375,780.8980300831347,5,0.4166666666666667,0.5833333333333333,0.274955952561953,0.16039097232780591,308,-205.03295580796166,
59,no_batch,0.3,12,,12,12,0,1.0,12,1.5833333333333333,4,0.3333333333333333,1.0,34230.475711770894,3443.9670141356887,10022.176480816172,10085.089827046586,10593.592296545348,34.248046875,976.9254964865573,5,0.4166666666666667,0.5833333333333333,0.3505648037451475,0.2044961355180027,336,-160.49338339763366,
59,fixed_4,0.3,12,,12,12,0,1.0,9,1.3333333333333333,4,0.1111111111111111,1.3333333333333333,34230.475711770894,3078.9817947372117,6937.4324439829425,9427.438496738638,9210.709967861894,44.431640625,746.6787355072612,7,0.5833333333333334,0.41666666666666663,0.3505648037451475,0.1460686682271448,252,-130.30027400172494,
59,sequential_greedy,0.3,12,,12,12,0,1.0,10,1.5,4,0.2,1.2,34230.475711770894,2989.105154022806,7334.1540810936385,9130.371684138527,9923.122549399957,38.98828125,835.1979029733701,6,0.5,0.5,0.3505648037451475,0.17528240187257374,280,-132.85578151431412,
59,dybap_fusion,0.3,12,,12,12,0,1.0,11,1.4545454545454546,4,0.2727272727272727,1.0909090909090908,34230.475711770894,3144.2746872513794,9019.991707787567,9997.22002397695,9772.592398108387,35.455078125,883.6104249645515,5,0.4166666666666667,0.5833333333333333,0.3505648037451475,0.2044961355180027,308,-154.4847209392184,
60,no_batch,0.3,12,,12,12,0,1.0,12,1.0833333333333333,2,0.08333333333333333,1.0,47313.342664436685,1219.0046515201386,2322.6175166480175,7908.3775207634035,3045.5404686610163,95.77734375,777.9694435223464,4,0.3333333333333333,0.6666666666666667,0.2536282436248129,0.16908549574987525,336,-100.13367539735704,
60,fixed_4,0.3,12,,12,12,0,1.0,11,1.0909090909090908,2,0.09090909090909091,1.0909090909090908,47313.342664436685,1306.9413620700223,2856.318235288253,8187.710640696917,3341.518586192675,116.0185546875,669.4739159471294,4,0.3333333333333333,0.6666666666666667,0.2536282436248129,0.16908549574987525,308,-99.65494304057059,
60,sequential_greedy,0.3,12,,12,12,0,1.0,12,1.0833333333333333,2,0.08333333333333333,1.0,47313.342664436685,1219.0046515201386,2322.6175166480175,7908.3775207634035,3045.5404686610163,95.77734375,777.9694435223464,4,0.3333333333333333,0.6666666666666667,0.2536282436248129,0.16908549574987525,336,-100.13367539735704,
60,dybap_fusion,0.3,12,,12,12,0,1.0,12,1.0833333333333333,2,0.08333333333333333,1.0,47313.342664436685,1219.0046515201386,2322.6175166480175,7908.3775207634035,3045.5404686610163,95.77734375,777.9694435223464,4,0.3333333333333333,0.6666666666666667,0.2536282436248129,0.16908549574987525,336,-100.13367539735704,
61,no_batch,0.3,12,,12,12,0,1.0,12,1.4166666666666667,3,0.3333333333333333,1.0,51225.01734050613,4596.765861442683,8824.961645617346,6960.283843297142,18646.550592939668,42.6943359375,852.0373437081454,7,0.5833333333333334,0.41666666666666663,0.23426053563306484,0.09760855651377702,336,-175.50951059506076,
61,fixed_4,0.3,12,,12,12,0,1.0,9,1.3333333333333333,3,0.2222222222222222,1.3333333333333333,50087.369041355836,3949.5113449495907,9079.39500567413,6640.2796941323695,16351.26224549162,48.1376953125,679.407466022101,4,0.3333333333333333,0.6666666666666667,0.2395813601247834,0.15972090674985562,252,-147.74578237088153,
61,sequential_greedy,0.3,12,,12,12,0,1.0,9,1.3333333333333333,3,0.2222222222222222,1.3333333333333333,50087.369041355836,3949.5113449495907,9079.39500567413,6640.2796941323695,16351.26224549162,48.1376953125,679.407466022101,4,0.3333333333333333,0.6666666666666667,0.2395813601247834,0.15972090674985562,252,-147.74578237088153,
61,dybap_fusion,0.3,12,,12,12,0,1.0,10,1.3,3,0.2,1.2,50087.369041355836,4180.789553442032,9079.39500567413,6704.924785325836,17322.07673269313,46.0986328125,724.9709465634588,5,0.4166666666666667,0.5833333333333333,0.2395813601247834,0.13975579340612365,280,-158.97393140284595,
62,no_batch,0.3,12,,12,12,0,1.0,12,1.3333333333333333,3,0.25,1.0,32917.87979712868,2436.6814124105613,4248.4551793423025,14479.858635622306,3607.507158749535,46.1044921875,585.959043116611,9,0.75,0.25,0.36454352692079284,0.09113588173019821,336,-173.83398743122467,
62,fixed_4,0.3,12,,12,12,0,1.0,10,1.2,3,0.1,1.2,32318.368352654477,2376.9736779419927,4224.714539778007,13505.197223922434,3518.870608861298,51.638671875,533.1772615338976,9,0.75,0.25,0.37130587376990454,0.09282646844247613,280,-161.95873170481218,
62,sequential_greedy,0.3,12,,12,12,0,1.0,10,1.2,3,0.1,1.2,32318.368352654477,2376.9736779419927,4224.714539778007,13505.197223922434,3518.870608861298,51.638671875,533.1772615338976,9,0.75,0.25,0.37130587376990454,0.09282646844247613,280,-161.95873170481218,
62,dybap_fusion,0.3,12,,12,12,0,1.0,11,1.3636363636363635,3,0.2727272727272727,1.0909090909090908,32344.786378542874,2329.9118063428627,4362.85643349635,14156.441678780766,3399.0279100494895,49.7431640625,544.7618300723872,9,0.75,0.25,0.37100260485753733,0.09275065121438433,308,-168.4771456264183,
63,no_batch,0.3,12,,12,12,0,1.0,12,1.0,1,0.0,1.0,55570.00484810599,2150.455540751534,5615.179433128781,8748.829140100024,14328.44268539561,59.1005859375,623.5959579511755,3,0.25,0.75,0.215943835758168,0.161957876818626,336,-158.07915463864836,
63,fixed_4,0.3,12,,12,12,0,1.0,12,1.0,1,0.0,1.0,55570.00484810599,2150.455540751534,5615.179433128781,8748.829140100024,14328.44268539561,59.1005859375,623.5959579511755,3,0.25,0.75,0.215943835758168,0.161957876818626,336,-158.07915463864836,
63,sequential_greedy,0.3,12,,12,12,0,1.0,12,1.0,1,0.0,1.0,55570.00484810599,2150.455540751534,5615.179433128781,8748.829140100024,14328.44268539561,59.1005859375,623.5959579511755,3,0.25,0.75,0.215943835758168,0.161957876818626,336,-158.07915463864836,
63,dybap_fusion,0.3,12,,12,12,0,1.0,12,1.0,1,0.0,1.0,55570.00484810599,2150.455540751534,5615.179433128781,8748.829140100024,14328.44268539561,59.1005859375,623.5959579511755,3,0.25,0.75,0.215943835758168,0.161957876818626,336,-158.07915463864836,
64,no_batch,0.3,12,,12,12,0,1.0,12,1.5,3,0.3333333333333333,1.0,28326.87517685279,2233.3664164288302,3816.671760803085,4111.78160039443,11949.278790640425,19.88671875,570.0105415011062,3,0.25,0.75,0.4236259709226861,0.31771947819201457,336,-104.99945860605317,
64,fixed_4,0.3,12,,12,12,0,1.0,10,1.2,3,0.1,1.2,28326.87517685279,1919.6356590919258,3035.8455857434014,3955.66237508826,11295.655747708051,22.013671875,469.4749017327615,2,0.16666666666666666,0.8333333333333334,0.4236259709226861,0.35302164243557177,280,-95.31554715554599,
64,sequential_greedy,0.3,12,,12,12,0,1.0,10,1.4,3,0.3,1.2,28326.87517685279,1847.5895042208874,3023.739544187338,3798.890886259416,10462.235245374326,20.958984375,497.02356787604896,2,0.16666666666666666,0.8333333333333334,0.4236259709226861,0.35302164243557177,280,-90.74463819273349,
64,dybap_fusion,0.3,12,,12,12,0,1.0,10,1.4,3,0.3,1.2,28326.87517685279,1847.5895042208874,3023.739544187338,3798.890886259416,10462.235245374326,20.958984375,497.02356787604896,2,0.16666666666666666,0.8333333333333334,0.4236259709226861,0.35302164243557177,280,-90.74463819273349,
65,no_batch,0.3,12,,12,12,0,1.0,12,1.0,1,0.0,1.0,33966.42144779673,2798.244072185618,6489.464353311264,10437.848073132383,14137.599343145745,32.0390625,930.9739618627347,3,0.25,0.75,0.3532900873423742,0.26496756550678063,336,-178.8901248491942,
65,fixed_4,0.3,12,,12,12,0,1.0,12,1.0,1,0.0,1.0,33966.42144779673,2798.244072185618,6489.464353311264,10437.848073132383,14137.599343145745,32.0390625,930.9739618627347,3,0.25,0.75,0.3532900873423742,0.26496756550678063,336,-178.8901248491942,
65,sequential_greedy,0.3,12,,12,12,0,1.0,12,1.0,1,0.0,1.0,33966.42144779673,2798.244072185618,6489.464353311264,10437.848073132383,14137.599343145745,32.0390625,930.9739618627347,3,0.25,0.75,0.3532900873423742,0.26496756550678063,336,-178.8901248491942,
65,dybap_fusion,0.3,12,,12,12,0,1.0,12,1.0,1,0.0,1.0,33966.42144779673,2798.244072185618,6489.464353311264,10437.848073132383,14137.599343145745,32.0390625,930.9739618627347,3,0.25,0.75,0.3532900873423742,0.26496756550678063,336,-178.8901248491942,
66,no_batch,0.3,12,,12,12,0,1.0,12,2.0833333333333335,4,0.5833333333333334,1.0,34168.14842269682,6076.868690881466,9569.08620438042,9918.555477200072,17077.34370934775,50.9853515625,761.1938823674743,8,0.6666666666666666,0.33333333333333337,0.3512042810030871,0.1170680936676957,336,-196.64165803746363,
66,fixed_4,0.3,12,,12,12,0,1.0,9,1.3333333333333333,4,0.1111111111111111,1.3333333333333333,31509.89508422485,4724.449599550943,7436.2894188815035,8440.799708737,14975.990258308651,53.6689453125,561.9387838643817,8,0.6666666666666666,0.33333333333333337,0.38083275009086576,0.12694425003028859,252,-164.95008888287344,
66,sequential_greedy,0.3,12,,12,12,0,1.0,9,1.3333333333333333,4,0.1111111111111111,1.3333333333333333,31509.89508422485,4724.449599550943,7436.2894188815035,8440.799708737,14975.990258308651,53.6689453125,561.9387838643817,8,0.6666666666666666,0.33333333333333337,0.38083275009086576,0.12694425003028859,252,-164.95008888287344,
66,dybap_fusion,0.3,12,,12,12,0,1.0,10,1.6,4,0.2,1.2,31509.89508422485,4751.866907952105,8283.806053754115,9680.77745430907,14562.150367698236,53.3408203125,572.47399365716,8,0.6666666666666666,0.33333333333333337,0.38083275009086576,0.12694425003028859,279,-176.93959568343848,
67,no_batch,0.3,12,,12,12,0,1.0,12,1.25,2,0.25,1.0,30998.412796331533,3078.0396090691634,4557.297531366009,7737.315805047785,15564.76757927961,67.8603515625,617.9755827714511,6,0.5,0.5,0.38711659460900283,0.19355829730450141,336,-159.25972183108433,
67,fixed_4,0.3,12,,12,12,0,1.0,11,1.0909090909090908,2,0.09090909090909091,1.0909090909090908,30998.412796331533,2851.014924368155,3927.3727377286436,7207.71484875703,15416.460904615637,65.8623046875,550.5474243602793,6,0.5,0.5,0.38711659460900283,0.19355829730450141,308,-152.65385672832934,
67,sequential_greedy,0.3,12,,12,12,0,1.0,11,1.0909090909090908,2,0.09090909090909091,1.0909090909090908,30998.412796331533,2851.014924368155,3927.3727377286436,7207.71484875703,15416.460904615637,65.8623046875,550.5474243602793,6,0.5,0.5,0.38711659460900283,0.19355829730450141,308,-152.65385672832934,
67,dybap_fusion,0.3,12,,12,12,0,1.0,12,1.25,2,0.25,1.0,30998.412796331533,2972.3423859028494,4557.297531366009,7580.742466672065,15085.360162840167,62.490234375,619.7729985887323,6,0.5,0.5,0.38711659460900283,0.19355829730450141,336,-156.3249894809748,
68,no_batch,0.3,12,,12,12,0,1.0,12,2.0833333333333335,4,0.5833333333333334,1.0,39518.62886397912,5173.773453327906,8585.821923395162,16487.82391700714,11532.402619209917,167.4375,553.7219730045528,10,0.8333333333333334,0.16666666666666663,0.30365425990115497,0.05060904331685916,336,-227.93482124886017,
68,fixed_4,0.3,12,,12,12,0,1.0,8,1.5,3,0.375,1.5,34672.025736365445,3690.8680913189232,5988.298768540445,14572.178926377825,8811.468695981586,133.23046875,343.6977592485179,8,0.6666666666666666,0.33333333333333337,0.3461003430040116,0.11536678100133721,224,-182.13865533046584,
68,sequential_greedy,0.3,12,,12,12,0,1.0,9,1.5555555555555556,3,0.3333333333333333,1.3333333333333333,36580.508692423486,4187.549725377518,6594.246200739418,14814.80765206155,10463.052732868859,147.1640625,357.9679527355636,10,0.8333333333333334,0.16666666666666663,0.32804355185157463,0.05467392530859577,252,-198.21221316637312,
68,dybap_fusion,0.3,12,,12,12,0,1.0,11,2.0,4,0.5454545454545454,1.0909090909090908,38325.487268074765,4935.540750229447,7836.9714302338525,15471.048006428053,11449.174445252858,170.3203125,460.58446163634403,10,0.8333333333333334,0.16666666666666663,0.313107565105794,0.05218459418429901,308,-216.34367402905258,
69,no_batch,0.3,12,,12,12,0,1.0,12,1.0833333333333333,2,0.08333333333333333,1.0,32390.468323771798,1890.4181451920742,4197.2599477338035,8826.582221972649,8198.115594696032,40.0166015625,800.6129455109104,1,0.08333333333333333,0.9166666666666666,0.3704793607813642,0.3396060807162505,336,-130.29690549612585,
69,fixed_4,0.3,12,,12,12,0,1.0,11,1.0909090909090908,2,0.09090909090909091,1.0909090909090908,32390.468323771798,1846.044676166375,4254.865257302599,8748.37028274698,7671.035768719827,43.2802734375,723.4749703203391,2,0.16666666666666666,0.8333333333333334,0.3704793607813642,0.3087328006511368,308,-126.24996616259513,
69,sequential_greedy,0.3,12,,12,12,0,1.0,11,1.0909090909090908,2,0.09090909090909091,1.0909090909090908,32390.468323771798,1846.044676166375,4254.865257302599,8748.37028274698,7671.035768719827,43.2802734375,723.4749703203391,2,0.16666666666666666,0.8333333333333334,0.3704793607813642,0.3087328006511368,308,-126.24996616259513,
69,dybap_fusion,0.3,12,,12,12,0,1.0,12,1.0833333333333333,2,0.08333333333333333,1.0,32390.468323771798,1823.8014774676724,3984.1762703056525,8687.8825632057,7940.005478649744,39.3779296875,797.7227139777361,1,0.08333333333333333,0.9166666666666666,0.3704793607813642,0.3396060807162505,336,-127.67315084475906,
70,no_batch,0.3,12,,12,12,0,1.0,12,1.3333333333333333,3,0.25,1.0,36532.232202938365,4858.67397480081,9098.99370015224,8570.928760214361,20663.941484310784,75.5419921875,858.3129662656136,8,0.6666666666666666,0.33333333333333337,0.32847705372448643,0.10949235124149548,336,-188.3182026425341,
70,fixed_4,0.3,12,,12,12,0,1.0,10,1.2,3,0.1,1.2,34555.54324057067,3947.0532093649067,7203.637804210588,8062.82317272464,18518.830690728526,68.2822265625,699.3043874706378,7,0.5833333333333334,0.41666666666666663,0.34726700478871786,0.14469458532863244,280,-168.906179280971,
70,sequential_greedy,0.3,12,,12,12,0,1.0,10,1.2,3,0.1,1.2,34555.54324057067,3947.0532093649067,7203.637804210588,8062.82317272464,18518.830690728526,68.2822265625,699.3043874706378,7,0.5833333333333334,0.41666666666666663,0.34726700478871786,0.14469458532863244,280,-168.906179280971,
70,dybap_fusion,0.3,12,,12,12,0,1.0,12,1.3333333333333333,3,0.25,1.0,36532.232202938365,4858.67397480081,9098.99370015224,8570.928760214361,20663.941484310784,75.5419921875,858.3129662656136,8,0.6666666666666666,0.33333333333333337,0.32847705372448643,0.10949235124149548,336,-188.3182026425341,
71,no_batch,0.3,12,,12,12,0,1.0,12,1.1666666666666667,2,0.16666666666666666,1.0,44910.22418816278,3044.2504258813883,7305.773516174027,9487.781477808165,15560.941931025009,41.1796875,646.4199894263827,6,0.5,0.5,0.2671997349584129,0.13359986747920646,336,-175.301577815938,
71,fixed_4,0.3,12,,12,12,0,1.0,11,1.0909090909090908,2,0.09090909090909091,1.0909090909090908,42800.928944047766,2509.1064238291788,4904.831092535442,9076.360250815826,13377.161169241495,37.8076171875,586.2507477451433,6,0.5,0.5,0.2803677465899677,0.14018387329498386,308,-159.51432432636065,
71,sequential_greedy,0.3,12,,12,12,0,1.0,11,1.0909090909090908,2,0.09090909090909091,1.0909090909090908,42800.928944047766,2509.1064238291788,4904.831092535442,9076.360250815826,13377.161169241495,37.8076171875,586.2507477451433,6,0.5,0.5,0.2803677465899677,0.14018387329498386,308,-159.51432432636065,
71,dybap_fusion,0.3,12,,12,12,0,1.0,12,1.1666666666666667,2,0.16666666666666666,1.0,44910.22418816278,3044.2504258813883,7305.773516174027,9487.781477808165,15560.941931025009,41.1796875,646.4199894263827,6,0.5,0.5,0.2671997349584129,0.13359986747920646,336,-175.301577815938,
72,no_batch,0.3,12,,12,12,0,1.0,12,1.0833333333333333,2,0.08333333333333333,1.0,26607.143366365213,1283.120626530687,2198.8341675794713,4159.593448884373,7644.245929807963,16.4560546875,649.7859980351247,0,0.0,1.0,0.4510067027777779,0.4510067027777779,336,-79.37654670223864,
72,fixed_4,0.3,12,,12,12,0,1.0,11,1.0909090909090908,2,0.09090909090909091,1.0909090909090908,26607.143366365213,1245.4992979718143,2058.3604227695478,4001.0878412254783,7530.981558634936,17.0830078125,609.3920995116627,0,0.0,1.0,0.4510067027777779,0.4510067027777779,308,-72.80660781924419,
72,sequential_greedy,0.3,12,,12,12,0,1.0,11,1.0909090909090908,2,0.09090909090909091,1.0909090909090908,26607.143366365213,1245.4992979718143,2058.3604227695478,4001.0878412254783,7530.981558634936,17.0830078125,609.3920995116627,0,0.0,1.0,0.4510067027777779,0.4510067027777779,308,-72.80660781924419,
72,dybap_fusion,0.3,12,,12,12,0,1.0,12,1.0833333333333333,2,0.08333333333333333,1.0,26607.143366365213,1283.120626530687,2198.8341675794713,4159.593448884373,7644.245929807963,16.4560546875,649.7859980351247,0,0.0,1.0,0.4510067027777779,0.4510067027777779,336,-79.37654670223864,
73,no_batch,0.3,12,,12,12,0,1.0,12,1.1666666666666667,2,0.16666666666666666,1.0,34601.03027458612,3111.8056155707804,4485.395371072302,8746.16373777184,16109.303311630973,45.59765625,834.1067882252066,8,0.6666666666666666,0.33333333333333337,0.3468104823691854,0.1156034941230618,336,-179.182991895336,
73,fixed_4,0.3,12,,12,12,0,1.0,11,1.0909090909090908,2,0.09090909090909091,1.0909090909090908,34461.55581645002,3040.322711843531,4400.206145881505,8696.835257429077,16097.892007556304,46.5205078125,755.372114506533,8,0.6666666666666666,0.33333333333333337,0.34821411035284344,0.11607137011761448,308,-175.13584243791144,
73,sequential_greedy,0.3,12,,12,12,0,1.0,12,1.1666666666666667,2,0.16666666666666666,1.0,34553.34856200103,2917.1822214093313,4491.998891432523,8703.451000235385,16109.303311630973,45.59765625,829.1378131765722,8,0.6666666666666666,0.33333333333333337,0.3472890616800198,0.11576302056000659,333,-178.70617476948513,
73,dybap_fusion,0.3,12,,12,12,0,1.0,12,1.1666666666666667,2,0.16666666666666666,1.0,34601.03027458612,3111.8056155707804,4485.395371072302,8746.16373777184,16109.303311630973,45.59765625,834.1067882252066,8,0.6666666666666666,0.33333333333333337,0.3468104823691854,0.1156034941230618,336,-179.182991895336,
74,no_batch,0.3,12,,12,12,0,1.0,12,2.3333333333333335,5,0.5833333333333334,1.0,34226.38988897216,8160.649252857757,13527.087410921922,7681.368877075205,17923.001282977024,31.55859375,854.2916965841559,7,0.5833333333333334,0.41666666666666663,0.35060665290517345,0.1460861053771556,336,-177.70836183286679,
74,fixed_4,0.3,12,,12,12,0,1.0,8,1.625,5,0.25,1.5,33496.071446117065,7153.920697828136,13494.064519516285,6327.803945435282,16406.11373468257,39.85546875,532.9064042486486,6,0.5,0.5,0.3582509674098234,0.1791254837049117,224,-147.13235834352747,
74,sequential_greedy,0.3,12,,12,12,0,1.0,8,1.5,5,0.125,1.5,33496.071446117065,7167.752229661986,13833.135307595798,6573.4310221811265,16404.643623530355,44.044921875,535.3706241739436,6,0.5,0.5,0.3582509674098234,0.1791254837049117,224,-149.13710355295422,
74,dybap_fusion,0.3,12,,12,12,0,1.0,9,1.6666666666666667,5,0.2222222222222222,1.3333333333333333,33496.071446117065,6923.989111763224,13444.362022647236,6445.75307707472,16831.413247992474,34.6494140625,609.4738133757206,6,0.5,0.5,0.3582509674098234,0.1791254837049117,252,-152.71179656933907,
75,no_batch,0.3,12,,12,12,0,1.0,12,1.1666666666666667,2,0.16666666666666666,1.0,42123.94342348463,3833.2202110707963,7255.3522706656295,8408.769452458804,17909.978730082166,24.837890625,663.3955422248256,5,0.4166666666666667,0.5833333333333333,0.2848736140242238,0.1661762748474639,336,-181.68109578977922,
75,fixed_4,0.3,12,,12,12,0,1.0,11,1.0909090909090908,2,0.09090909090909091,1.0909090909090908,42123.94342348463,3390.8873068280277,6803.352180450251,8008.0766109124415,16055.688175730638,25.388671875,590.5317370053288,5,0.4166666666666667,0.5833333333333333,0.2848736140242238,0.1661762748474639,308,-165.64049638742947,
75,sequential_greedy,0.3,12,,12,12,0,1.0,11,1.0909090909090908,2,0.09090909090909091,1.0909090909090908,42123.94342348463,3390.8873068280277,6803.352180450251,8008.0766109124415,16055.688175730638,25.388671875,590.5317370053288,5,0.4166666666666667,0.5833333333333333,0.2848736140242238,0.1661762748474639,308,-165.64049638742947,
75,dybap_fusion,0.3,12,,12,12,0,1.0,11,1.0909090909090908,2,0.09090909090909091,1.0909090909090908,42123.94342348463,3390.8873068280277,6803.352180450251,8008.0766109124415,16055.688175730638,25.388671875,590.5317370053288,5,0.4166666666666667,0.5833333333333333,0.2848736140242238,0.1661762748474639,308,-165.64049638742947,
76,no_batch,0.3,12,,12,12,0,1.0,12,1.4166666666666667,3,0.25,1.0,66736.7134327159,4640.203511624874,10356.647386570134,8432.97705019673,16319.601752261018,30.3720703125,639.0405544507589,5,0.4166666666666667,0.5833333333333333,0.17981107223834789,0.10488979213903626,336,-172.30930755714607,
76,fixed_4,0.3,12,,12,12,0,1.0,10,1.2,3,0.1,1.2,66518.81956460552,4482.617519365187,10406.723318968052,7557.397072851027,16166.54745567864,34.5615234375,581.5952498241758,4,0.3333333333333333,0.6666666666666667,0.18040007442322634,0.12026671628215088,280,-159.3515706489587,
76,sequential_greedy,0.3,12,,12,12,0,1.0,10,1.2,3,0.1,1.2,66518.81956460552,4482.617519365187,10406.723318968052,7557.397072851027,16166.54745567864,34.5615234375,581.5952498241758,4,0.3333333333333333,0.6666666666666667,0.18040007442322634,0.12026671628215088,280,-159.3515706489587,
76,dybap_fusion,0.3,12,,12,12,0,1.0,11,1.2727272727272727,3,0.18181818181818182,1.0909090909090908,66518.81956460552,4471.360804238407,10140.145806678074,7791.601459890464,16239.615815912499,31.59375,609.6924982385679,5,0.4166666666666667,0.5833333333333333,0.18040007442322634,0.10523337674688203,308,-165.23709008616743,
77,no_batch,0.3,12,,12,12,0,1.0,12,1.0,1,0.0,1.0,60103.51550441356,2424.4677802095116,4616.919651955803,10995.396110082844,12211.529315876323,43.0107421875,705.9001192340859,5,0.4166666666666667,0.5833333333333333,0.1996555425966524,0.11646573318138058,336,-176.0806030937785,
77,fixed_4,0.3,12,,12,12,0,1.0,12,1.0,1,0.0,1.0,60103.51550441356,2424.4677802095116,4616.919651955803,10995.396110082844,12211.529315876323,43.0107421875,705.9001192340859,5,0.4166666666666667,0.5833333333333333,0.1996555425966524,0.11646573318138058,336,-176.0806030937785,
77,sequential_greedy,0.3,12,,12,12,0,1.0,12,1.0,1,0.0,1.0,60103.51550441356,2424.4677802095116,4616.919651955803,10995.396110082844,12211.529315876323,43.0107421875,705.9001192340859,5,0.4166666666666667,0.5833333333333333,0.1996555425966524,0.11646573318138058,336,-176.0806030937785,
77,dybap_fusion,0.3,12,,12,12,0,1.0,12,1.0,1,0.0,1.0,60103.51550441356,2424.4677802095116,4616.919651955803,10995.396110082844,12211.529315876323,43.0107421875,705.9001192340859,5,0.4166666666666667,0.5833333333333333,0.1996555425966524,0.11646573318138058,336,-176.0806030937785,
78,no_batch,0.3,12,,12,12,0,1.0,12,1.0,1,0.0,1.0,35668.018219991,1489.2574998080675,2717.1341515361037,8531.036495787506,6233.097488440208,59.982421875,766.8529123382858,2,0.16666666666666666,0.8333333333333334,0.336435849224567,0.2803632076871392,336,-121.24467942286962,
78,fixed_4,0.3,12,,12,12,0,1.0,12,1.0,1,0.0,1.0,35668.018219991,1489.2574998080675,2717.1341515361037,8531.036495787506,6233.097488440208,59.982421875,766.8529123382858,2,0.16666666666666666,0.8333333333333334,0.336435849224567,0.2803632076871392,336,-121.24467942286962,
78,sequential_greedy,0.3,12,,12,12,0,1.0,12,1.0,1,0.0,1.0,35668.018219991,1489.2574998080675,2717.1341515361037,8531.036495787506,6233.097488440208,59.982421875,766.8529123382858,2,0.16666666666666666,0.8333333333333334,0.336435849224567,0.2803632076871392,336,-121.24467942286962,
78,dybap_fusion,0.3,12,,12,12,0,1.0,12,1.0,1,0.0,1.0,35668.018219991,1489.2574998080675,2717.1341515361037,8531.036495787506,6233.097488440208,59.982421875,766.8529123382858,2,0.16666666666666666,0.8333333333333334,0.336435849224567,0.2803632076871392,336,-121.24467942286962,
79,no_batch,0.3,12,,12,12,0,1.0,12,1.0,1,0.0,1.0,43335.450999471526,2030.3410626179611,3933.1022467353814,9453.438087922588,11993.199255004993,36.4130859375,849.7867787165192,3,0.25,0.75,0.2769095445700182,0.20768215842751364,336,-156.8525740914565,
79,fixed_4,0.3,12,,12,12,0,1.0,12,1.0,1,0.0,1.0,43335.450999471526,2030.3410626179611,3933.1022467353814,9453.438087922588,11993.199255004993,36.4130859375,849.7867787165192,3,0.25,0.75,0.2769095445700182,0.20768215842751364,336,-156.8525740914565,
79,sequential_greedy,0.3,12,,12,12,0,1.0,12,1.0,1,0.0,1.0,43335.450999471526,2030.3410626179611,3933.1022467353814,9453.438087922588,11993.199255004993,36.4130859375,849.7867787165192,3,0.25,0.75,0.2769095445700182,0.20768215842751364,336,-156.8525740914565,
79,dybap_fusion,0.3,12,,12,12,0,1.0,12,1.0,1,0.0,1.0,43335.450999471526,2030.3410626179611,3933.1022467353814,9453.438087922588,11993.199255004993,36.4130859375,849.7867787165192,3,0.25,0.75,0.2769095445700182,0.20768215842751364,336,-156.8525740914565,
80,no_batch,0.3,12,,12,12,0,1.0,12,1.75,3,0.5,1.0,36308.428322150095,3840.6853261953493,7211.27500597512,8418.253421252393,12565.305790645549,39.263671875,948.6607342323124,7,0.5833333333333334,0.41666666666666663,0.3305017747815692,0.13770907282565384,336,-157.74711794418934,
80,fixed_4,0.3,12,,12,12,0,1.0,9,1.3333333333333333,3,0.2222222222222222,1.3333333333333333,36308.428322150095,3143.363966517265,6826.79260953155,6776.56306887446,12124.456289089161,41.3642578125,713.67808796605,6,0.5,0.5,0.3305017747815692,0.1652508873907846,252,-123.72415112528438,
80,sequential_greedy,0.3,12,,12,12,0,1.0,9,1.3333333333333333,3,0.2222222222222222,1.3333333333333333,36308.428322150095,3143.363966517265,6826.79260953155,6776.56306887446,12124.456289089161,41.3642578125,713.67808796605,6,0.5,0.5,0.3305017747815692,0.1652508873907846,252,-123.72415112528438,
80,dybap_fusion,0.3,12,,12,12,0,1.0,10,1.5,3,0.4,1.2,36308.428322150095,3457.036113450839,7512.96352039055,7398.623744950193,12143.563306806987,41.220703125,758.6813050314929,7,0.5833333333333334,0.41666666666666663,0.3305017747815692,0.13770907282565384,280,-143.44802956759213,
81,no_batch,0.3,12,,12,12,0,1.0,12,1.0,1,0.0,1.0,56267.40017910158,1497.43805313361,3009.4831197874864,7762.205584740489,7002.170112998283,37.3037109375,679.8627277061775,2,0.16666666666666666,0.8333333333333334,0.21326736195032076,0.1777228016252673,336,-117.3688687155568,
81,fixed_4,0.3,12,,12,12,0,1.0,12,1.0,1,0.0,1.0,56267.40017910158,1497.43805313361,3009.4831197874864,7762.205584740489,7002.170112998283,37.3037109375,679.8627277061775,2,0.16666666666666666,0.8333333333333334,0.21326736195032076,0.1777228016252673,336,-117.3688687155568,
81,sequential_greedy,0.3,12,,12,12,0,1.0,12,1.0,1,0.0,1.0,56267.40017910158,1497.43805313361,3009.4831197874864,7762.205584740489,7002.170112998283,37.3037109375,679.8627277061775,2,0.16666666666666666,0.8333333333333334,0.21326736195032076,0.1777228016252673,336,-117.3688687155568,
81,dybap_fusion,0.3,12,,12,12,0,1.0,12,1.0,1,0.0,1.0,56267.40017910158,1497.43805313361,3009.4831197874864,7762.205584740489,7002.170112998283,37.3037109375,679.8627277061775,2,0.16666666666666666,0.8333333333333334,0.21326736195032076,0.1777228016252673,336,-117.3688687155568,
82,no_batch,0.3,12,,12,12,0,1.0,12,1.4166666666666667,3,0.25,1.0,47773.46269511448,6056.28336695976,9740.617338932283,11032.937029944242,25085.781795368846,67.564453125,691.867814537554,7,0.5833333333333334,0.41666666666666663,0.25118547668572433,0.10466061528571848,336,-243.0713972394272,
82,fixed_4,0.3,12,,12,12,0,1.0,10,1.2,3,0.1,1.2,47773.46269511448,5405.273404093071,8981.813780572491,10580.389428910205,22781.42578568523,64.775390625,462.0397506648947,7,0.5833333333333334,0.41666666666666663,0.25118547668572433,0.10466061528571848,280,-220.64749642472816,
82,sequential_greedy,0.3,12,,12,12,0,1.0,10,1.2,3,0.1,1.2,47773.46269511448,5405.273404093071,8981.813780572491,10580.389428910205,22781.42578568523,64.775390625,462.0397506648947,7,0.5833333333333334,0.41666666666666663,0.25118547668572433,0.10466061528571848,280,-220.64749642472816,
82,dybap_fusion,0.3,12,,12,12,0,1.0,11,1.2727272727272727,3,0.18181818181818182,1.0909090909090908,47773.46269511448,5615.823147911942,9271.505426177184,10831.481289450276,24101.347690446786,72.046875,567.3423593172979,7,0.5833333333333334,0.41666666666666663,0.25118547668572433,0.10466061528571848,308,-233.61951261225352,
83,no_batch,0.3,12,,12,12,0,1.0,12,1.0,1,0.0,1.0,57678.66203694249,2976.8093591692163,8849.061530123905,7409.249508869344,19657.811053426285,52.1103515625,817.8376329223149,3,0.25,0.75,0.2080492087752338,0.15603690658142536,336,-172.83543452505631,
83,fixed_4,0.3,12,,12,12,0,1.0,12,1.0,1,0.0,1.0,57678.66203694249,2976.8093591692163,8849.061530123905,7409.249508869344,19657.811053426285,52.1103515625,817.8376329223149,3,0.25,0.75,0.2080492087752338,0.15603690658142536,336,-172.83543452505631,
83,sequential_greedy,0.3,12,,12,12,0,1.0,12,1.0,1,0.0,1.0,57678.66203694249,2976.8093591692163,8849.061530123905,7409.249508869344,19657.811053426285,52.1103515625,817.8376329223149,3,0.25,0.75,0.2080492087752338,0.15603690658142536,336,-172.83543452505631,
83,dybap_fusion,0.3,12,,12,12,0,1.0,12,1.0,1,0.0,1.0,57678.66203694249,2976.8093591692163,8849.061530123905,7409.249508869344,19657.811053426285,52.1103515625,817.8376329223149,3,0.25,0.75,0.2080492087752338,0.15603690658142536,336,-172.83543452505631,
84,no_batch,0.3,12,,12,12,0,1.0,12,1.6666666666666667,3,0.5,1.0,42104.00004615389,5617.075987676452,10299.938123665961,8631.950486628859,26734.32253671159,55.1337890625,828.9176323445297,10,0.8333333333333334,0.16666666666666663,0.28500854994408487,0.04750142499068081,336,-235.6357724951936,
84,fixed_4,0.3,12,,12,12,0,1.0,9,1.3333333333333333,2,0.3333333333333333,1.3333333333333333,38845.669789737134,4112.436328657512,9117.179184868444,7714.389615015958,24596.311147528424,59.80078125,626.1596367238404,9,0.75,0.25,0.30891474043190137,0.07722868510797534,252,-191.96653097192342,
84,sequential_greedy,0.3,12,,12,12,0,1.0,10,1.3,2,0.3,1.2,38489.30747046086,4058.932968373554,9117.179184868444,7889.268950013974,24004.640623113984,57.09375,686.5885068639859,9,0.75,0.25,0.31177490032029187,0.07794372508007297,280,-201.8495711049664,
84,dybap_fusion,0.3,12,,12,12,0,1.0,11,1.2727272727272727,2,0.2727272727272727,1.0909090909090908,38772.29689622814,4247.7260400844925,8467.501391206797,8212.811173134005,23834.971256636032,55.3271484375,815.7050759891845,8,0.6666666666666666,0.33333333333333337,0.30949933227111415,0.10316644409037139,308,-211.14036126550127,
85,no_batch,0.3,12,,12,12,0,1.0,12,1.3333333333333333,2,0.3333333333333333,1.0,31280.49846784964,2322.566896853214,4315.283198978286,9951.265748719352,6363.481710958893,37.470703125,665.5741119634016,7,0.5833333333333334,0.41666666666666663,0.3836256002228897,0.15984400009287072,336,-139.12542052754563,
85,fixed_4,0.3,12,,12,12,0,1.0,10,1.2,2,0.2,1.2,31022.1098281535,1902.4862502747371,3487.388079322175,9214.59900503756,5533.562584394424,38.765625,547.0627557799395,4,0.3333333333333333,0.6666666666666667,0.3868208856997095,0.257880590466473,280,-119.05779795003724,
85,sequential_greedy,0.3,12,,12,12,0,1.0,10,1.2,2,0.2,1.2,31022.1098281535,1902.4862502747371,3487.388079322175,9214.59900503756,5533.562584394424,38.765625,547.0627557799395,4,0.3333333333333333,0.6666666666666667,0.3868208856997095,0.257880590466473,280,-119.05779795003724,
85,dybap_fusion,0.3,12,,12,12,0,1.0,11,1.1818181818181819,2,0.18181818181818182,1.0909090909090908,31022.1098281535,2056.804776627309,3665.281478549792,9544.768448793957,5962.82701659597,38.8974609375,594.0699402782769,6,0.5,0.5,0.3868208856997095,0.19341044284985476,308,-128.986818146759,
86,no_batch,0.3,12,,12,12,0,1.0,12,2.4166666666666665,6,0.5833333333333334,1.0,25390.35219654296,5515.491862223224,9367.545047985299,9737.619643974382,11803.14571187503,31.46484375,728.1498232452251,9,0.75,0.25,0.4726204625721524,0.1181551156430381,336,-173.11468667783384,
86,fixed_4,0.3,12,,12,12,0,1.0,7,2.0,6,0.42857142857142855,1.7142857142857142,24915.15042238551,4760.32929589859,6889.058597100933,9065.618102694922,9093.882292621898,46.0048828125,409.5168534868308,10,0.8333333333333334,0.16666666666666663,0.48163465989827464,0.0802724433163791,196,-146.0940595051091,
86,sequential_greedy,0.3,12,,12,12,0,1.0,7,2.0,6,0.42857142857142855,1.7142857142857142,25327.607685164283,4460.545971707125,7460.384999427161,8239.960144135344,9320.535964381495,43.7666015625,410.6604903580091,9,0.75,0.25,0.4737912932467378,0.11844782331168445,189,-136.7971957062859,
86,dybap_fusion,0.3,12,,12,12,0,1.0,10,2.2,6,0.5,1.2,25390.35219654296,5085.53079391981,7654.824957406731,9150.259867084957,10842.007921446437,35.30859375,563.9272999846735,9,0.75,0.25,0.4726204625721524,0.1181551156430381,277,-157.16727043537628,
87,no_batch,0.3,12,,12,12,0,1.0,12,1.0,1,0.0,1.0,63744.7586059874,2195.2720926176185,4300.3506606195515,10940.268049371502,11678.412961894932,62.05078125,853.1616098694589,4,0.3333333333333333,0.6666666666666667,0.18825077170929733,0.1255005144728649,336,-172.35941071522052,
87,fixed_4,0.3,12,,12,12,0,1.0,12,1.0,1,0.0,1.0,63744.7586059874,2195.2720926176185,4300.3506606195515,10940.268049371502,11678.412961894932,62.05078125,853.1616098694589,4,0.3333333333333333,0.6666666666666667,0.18825077170929733,0.1255005144728649,336,-172.35941071522052,
87,sequential_greedy,0.3,12,,12,12,0,1.0,12,1.0,1,0.0,1.0,63744.7586059874,2195.2720926176185,4300.3506606195515,10940.268049371502,11678.412961894932,62.05078125,853.1616098694589,4,0.3333333333333333,0.6666666666666667,0.18825077170929733,0.1255005144728649,336,-172.35941071522052,
87,dybap_fusion,0.3,12,,12,12,0,1.0,12,1.0,1,0.0,1.0,63744.7586059874,2195.2720926176185,4300.3506606195515,10940.268049371502,11678.412961894932,62.05078125,853.1616098694589,4,0.3333333333333333,0.6666666666666667,0.18825077170929733,0.1255005144728649,336,-172.35941071522052,
88,no_batch,0.3,12,,12,12,0,1.0,12,1.5,3,0.3333333333333333,1.0,38370.44062871034,2534.9721058836144,5592.427524096182,9816.135269071126,5189.273822180721,29.3203125,713.6420560791857,6,0.5,0.5,0.312740740095153,0.1563703700475765,336,-134.80868653974585,
88,fixed_4,0.3,12,,12,12,0,1.0,10,1.2,3,0.1,1.2,37377.82798918524,2254.475138128554,4861.031438371383,9559.805223502795,4524.284750130328,37.142578125,637.1603081255718,5,0.4166666666666667,0.5833333333333333,0.32104594208823567,0.1872767995514708,280,-122.38484895487613,
88,sequential_greedy,0.3,12,,12,12,0,1.0,10,1.4,3,0.2,1.2,37377.82798918524,2087.0127875378034,4286.392974535368,9025.396433840246,3886.157821685286,30.6181640625,618.4914656186498,4,0.3333333333333333,0.6666666666666667,0.32104594208823567,0.21403062805882378,280,-114.2848796157927,
88,dybap_fusion,0.3,12,,12,12,0,1.0,10,1.4,3,0.2,1.2,37377.82798918524,2087.0127875378034,4286.392974535368,9025.396433840246,3886.157821685286,30.6181640625,618.4914656186498,4,0.3333333333333333,0.6666666666666667,0.32104594208823567,0.21403062805882378,280,-114.2848796157927,
89,no_batch,0.3,12,,12,12,0,1.0,12,2.1666666666666665,4,0.5833333333333334,1.0,47294.42641610566,9212.537221311797,16210.417487757239,10259.18218981307,27830.32994867397,72.2578125,581.7758383490017,10,0.8333333333333334,0.16666666666666663,0.2537296867588929,0.04228828112648215,336,-247.80465870935632,
89,fixed_4,0.3,12,,12,12,0,1.0,8,1.5,4,0.25,1.5,37411.32767942215,5149.011072899802,8964.577421247537,8303.09433296737,20098.366522917015,60.0205078125,386.72838426814945,9,0.75,0.25,0.32075846392910884,0.08018961598227721,224,-169.478774428328,
89,sequential_greedy,0.3,12,,12,12,0,1.0,8,1.625,4,0.375,1.5,34983.86971871908,4903.667967440188,8964.577421247537,7756.668318541494,17970.975913927956,50.9384765625,365.95034108689555,8,0.6666666666666666,0.33333333333333337,0.34301522663112,0.11433840887704,221,-152.1214770125305,
89,dybap_fusion,0.3,12,,12,12,0,1.0,10,1.9,4,0.5,1.2,44628.260182897684,7387.348221392117,14738.90137650033,9735.329426747941,25793.63068778917,73.2333984375,476.1616290909521,10,0.8333333333333334,0.16666666666666663,0.26888791879452667,0.04481465313242111,280,-226.35704628439757,
90,no_batch,0.3,12,,12,12,0,1.0,12,1.8333333333333333,3,0.6666666666666666,1.0,36747.655666280225,6679.692103018245,9976.239083523582,12011.88969815931,23245.425750909108,58.5,699.761847837906,9,0.75,0.25,0.3265514434165998,0.08163786085414995,336,-246.28619034596218,
90,fixed_4,0.3,12,,12,12,0,1.0,9,1.3333333333333333,3,0.2222222222222222,1.3333333333333333,33544.37508017117,4706.404762838541,8755.54439209762,10653.139087447218,21050.221980163744,59.3583984375,540.9533315470301,8,0.6666666666666666,0.33333333333333337,0.3577350888582649,0.11924502961942163,252,-201.88288747563192,
90,sequential_greedy,0.3,12,,12,12,0,1.0,9,1.3333333333333333,3,0.2222222222222222,1.3333333333333333,33544.37508017117,4706.404762838541,8755.54439209762,10653.139087447218,21050.221980163744,59.3583984375,540.9533315470301,8,0.6666666666666666,0.33333333333333337,0.3577350888582649,0.11924502961942163,252,-201.88288747563192,
90,dybap_fusion,0.3,12,,12,12,0,1.0,11,1.6363636363636365,3,0.5454545454545454,1.0909090909090908,35451.35166135707,6006.320871999458,10080.980911813347,11720.284830791321,22275.860660531198,59.1943359375,664.6278006606369,9,0.75,0.25,0.3384920302793511,0.08462300756983777,308,-234.10696890218426,
91,no_batch,0.3,12,,12,12,0,1.0,12,1.0,1,0.0,1.0,24720.53889692515,1198.9113476280938,2077.779635733743,6243.258924741598,6461.602243575507,25.3154296875,925.5970815428493,1,0.08333333333333333,0.9166666666666666,0.48542631089213883,0.44497411831779393,336,-100.50875140889806,
91,fixed_4,0.3,12,,12,12,0,1.0,12,1.0,1,0.0,1.0,24720.53889692515,1198.9113476280938,2077.779635733743,6243.258924741598,6461.602243575507,25.3154296875,925.5970815428493,1,0.08333333333333333,0.9166666666666666,0.48542631089213883,0.44497411831779393,336,-100.50875140889806,
91,sequential_greedy,0.3,12,,12,12,0,1.0,12,1.0,1,0.0,1.0,24720.53889692515,1198.9113476280938,2077.779635733743,6243.258924741598,6461.602243575507,25.3154296875,925.5970815428493,1,0.08333333333333333,0.9166666666666666,0.48542631089213883,0.44497411831779393,336,-100.50875140889806,
91,dybap_fusion,0.3,12,,12,12,0,1.0,12,1.0,1,0.0,1.0,24720.53889692515,1198.9113476280938,2077.779635733743,6243.258924741598,6461.602243575507,25.3154296875,925.5970815428493,1,0.08333333333333333,0.9166666666666666,0.48542631089213883,0.44497411831779393,336,-100.50875140889806,
92,no_batch,0.3,12,,12,12,0,1.0,12,1.0,1,0.0,1.0,31648.858565719085,2581.7252306734786,4216.96335720889,11023.073193704548,12882.134636270135,53.0888671875,685.3606957739955,4,0.3333333333333333,0.6666666666666667,0.3791605935829222,0.25277372905528145,336,-178.14080692074978,
92,fixed_4,0.3,12,,12,12,0,1.0,12,1.0,1,0.0,1.0,31648.858565719085,2581.7252306734786,4216.96335720889,11023.073193704548,12882.134636270135,53.0888671875,685.3606957739955,4,0.3333333333333333,0.6666666666666667,0.3791605935829222,0.25277372905528145,336,-178.14080692074978,
92,sequential_greedy,0.3,12,,12,12,0,1.0,12,1.0,1,0.0,1.0,31648.858565719085,2581.7252306734786,4216.96335720889,11023.073193704548,12882.134636270135,53.0888671875,685.3606957739955,4,0.3333333333333333,0.6666666666666667,0.3791605935829222,0.25277372905528145,336,-178.14080692074978,
92,dybap_fusion,0.3,12,,12,12,0,1.0,12,1.0,1,0.0,1.0,31648.858565719085,2581.7252306734786,4216.96335720889,11023.073193704548,12882.134636270135,53.0888671875,685.3606957739955,4,0.3333333333333333,0.6666666666666667,0.3791605935829222,0.25277372905528145,336,-178.14080692074978,
93,no_batch,0.3,12,,12,12,0,1.0,12,4.083333333333333,7,0.75,1.0,35620.49472877548,12076.778128703345,15178.34303083164,11287.007837272651,23901.182502616066,31.412109375,432.3043888867592,10,0.8333333333333334,0.16666666666666663,0.3368847089680083,0.05614745149466805,336,-247.57799022058208,
93,fixed_4,0.3,12,,12,12,0,1.0,5,3.0,6,0.6,2.4,28769.980469386814,8694.70899157836,13912.163459720334,7499.2344257275345,21079.440308165416,44.5078125,191.30573549386017,10,0.8333333333333334,0.16666666666666663,0.41710143017889095,0.06951690502981515,140,-177.96669605254777,
93,sequential_greedy,0.3,12,,12,12,0,1.0,5,2.4,6,0.4,2.4,26738.283729871317,7842.184007972137,14290.234159275535,6993.0881441272495,19558.504127263113,43.5146484375,186.69145848095374,10,0.8333333333333334,0.16666666666666663,0.4487946990626744,0.07479911651044573,140,-171.5035959155644,
93,dybap_fusion,0.3,12,,12,12,0,1.0,7,2.7142857142857144,6,0.5714285714285714,1.7142857142857142,28135.73389524669,8135.512346517781,14080.128972238828,8198.320457114209,19639.216812268736,36.2431640625,298.19662586374795,10,0.8333333333333334,0.16666666666666663,0.4265038916232893,0.07108398193721488,196,-188.9747264315812,
94,no_batch,0.3,12,,12,12,0,1.0,12,1.0833333333333333,2,0.08333333333333333,1.0,53369.83385651657,5308.754970554289,18299.80310404334,8625.848872663082,27585.12864414294,29.3701171875,910.2073765461388,4,0.3333333333333333,0.6666666666666667,0.22484611873182314,0.1498974124878821,336,-235.2306922511964,
94,fixed_4,0.3,12,,12,12,0,1.0,11,1.0909090909090908,2,0.09090909090909091,1.0909090909090908,53369.83385651657,5114.938939862359,18848.281664630165,8233.41447392593,27666.8645923672,31.5205078125,838.796117587573,4,0.3333333333333333,0.6666666666666667,0.22484611873182314,0.1498974124878821,308,-222.97275476279393,
94,sequential_greedy,0.3,12,,12,12,0,1.0,11,1.0909090909090908,2,0.09090909090909091,1.0909090909090908,53369.83385651657,5114.938939862359,18848.281664630165,8233.41447392593,27666.8645923672,31.5205078125,838.796117587573,4,0.3333333333333333,0.6666666666666667,0.22484611873182314,0.1498974124878821,308,-222.97275476279393,
94,dybap_fusion,0.3,12,,12,12,0,1.0,12,1.0833333333333333,2,0.08333333333333333,1.0,53369.83385651657,5308.754970554289,18299.80310404334,8625.848872663082,27585.12864414294,29.3701171875,910.2073765461388,4,0.3333333333333333,0.6666666666666667,0.22484611873182314,0.1498974124878821,336,-235.2306922511964,
95,no_batch,0.3,12,,12,12,0,1.0,12,1.0,1,0.0,1.0,51231.65598142063,1528.1869205144246,2534.0316263173986,10239.706326138617,6191.451396178437,54.73828125,819.5338928976971,5,0.4166666666666667,0.5833333333333333,0.2342301799565458,0.1366342716413184,336,-138.9319788105691,
95,fixed_4,0.3,12,,12,12,0,1.0,12,1.0,1,0.0,1.0,51231.65598142063,1528.1869205144246,2534.0316263173986,10239.706326138617,6191.451396178437,54.73828125,819.5338928976971,5,0.4166666666666667,0.5833333333333333,0.2342301799565458,0.1366342716413184,336,-138.9319788105691,
95,sequential_greedy,0.3,12,,12,12,0,1.0,12,1.0,1,0.0,1.0,51231.65598142063,1528.1869205144246,2534.0316263173986,10239.706326138617,6191.451396178437,54.73828125,819.5338928976971,5,0.4166666666666667,0.5833333333333333,0.2342301799565458,0.1366342716413184,336,-138.9319788105691,
95,dybap_fusion,0.3,12,,12,12,0,1.0,12,1.0,1,0.0,1.0,51231.65598142063,1528.1869205144246,2534.0316263173986,10239.706326138617,6191.451396178437,54.73828125,819.5338928976971,5,0.4166666666666667,0.5833333333333333,0.2342301799565458,0.1366342716413184,336,-138.9319788105691,
96,no_batch,0.3,12,,12,12,0,1.0,12,1.25,3,0.16666666666666666,1.0,36165.75885435716,2985.5660741836077,6392.28979822044,8849.94466492627,13127.501188944283,26.455078125,651.0304043731231,5,0.4166666666666667,0.5833333333333333,0.3318055636085255,0.19355324543830654,336,-163.31977553112452,
96,fixed_4,0.3,12,,12,12,0,1.0,10,1.2,3,0.1,1.2,36165.75885435716,2885.737375540459,6511.605504067713,8247.02082593021,12882.31813444242,27.884765625,564.769300819053,5,0.4166666666666667,0.5833333333333333,0.3318055636085255,0.19355324543830654,280,-152.58237858129505,
96,sequential_greedy,0.3,12,,12,12,0,1.0,10,1.2,3,0.1,1.2,36165.75885435716,2885.737375540459,6511.605504067713,8247.02082593021,12882.31813444242,27.884765625,564.769300819053,5,0.4166666666666667,0.5833333333333333,0.3318055636085255,0.19355324543830654,280,-152.58237858129505,
96,dybap_fusion,0.3,12,,12,12,0,1.0,11,1.1818181818181819,3,0.09090909090909091,1.0909090909090908,36165.75885435716,2908.137713672794,6456.690449075768,8518.00430330587,13034.774632805515,26.9765625,606.4155452012589,5,0.4166666666666667,0.5833333333333333,0.3318055636085255,0.19355324543830654,308,-158.8713953559349,
97,no_batch,0.3,12,,12,12,0,1.0,12,1.0,1,0.0,1.0,42882.371954783266,1684.5159027295558,2656.063836168423,11202.331602889171,5581.835845358581,63.8203125,868.9202986830885,4,0.3333333333333333,0.6666666666666667,0.27983526687034094,0.1865568445802273,336,-148.36498444535093,
97,fixed_4,0.3,12,,12,12,0,1.0,12,1.0,1,0.0,1.0,42882.371954783266,1684.5159027295558,2656.063836168423,11202.331602889171,5581.835845358581,63.8203125,868.9202986830885,4,0.3333333333333333,0.6666666666666667,0.27983526687034094,0.1865568445802273,336,-148.36498444535093,
97,sequential_greedy,0.3,12,,12,12,0,1.0,12,1.0,1,0.0,1.0,42882.371954783266,1684.5159027295558,2656.063836168423,11202.331602889171,5581.835845358581,63.8203125,868.9202986830885,4,0.3333333333333333,0.6666666666666667,0.27983526687034094,0.1865568445802273,336,-148.36498444535093,
97,dybap_fusion,0.3,12,,12,12,0,1.0,12,1.0,1,0.0,1.0,42882.371954783266,1684.5159027295558,2656.063836168423,11202.331602889171,5581.835845358581,63.8203125,868.9202986830885,4,0.3333333333333333,0.6666666666666667,0.27983526687034094,0.1865568445802273,336,-148.36498444535093,
98,no_batch,0.3,12,,12,12,0,1.0,12,1.0,1,0.0,1.0,25996.314611951693,1568.863885805026,2286.136629184435,6081.251576821636,6646.6735854519175,20.9736328125,889.7422227562815,3,0.25,0.75,0.46160389190254886,0.34620291892691163,336,-104.02424558305786,
98,fixed_4,0.3,12,,12,12,0,1.0,12,1.0,1,0.0,1.0,25996.314611951693,1568.863885805026,2286.136629184435,6081.251576821636,6646.6735854519175,20.9736328125,889.7422227562815,3,0.25,0.75,0.46160389190254886,0.34620291892691163,336,-104.02424558305786,
98,sequential_greedy,0.3,12,,12,12,0,1.0,12,1.0,1,0.0,1.0,25996.314611951693,1568.863885805026,2286.136629184435,6081.251576821636,6646.6735854519175,20.9736328125,889.7422227562815,3,0.25,0.75,0.46160389190254886,0.34620291892691163,336,-104.02424558305786,
98,dybap_fusion,0.3,12,,12,12,0,1.0,12,1.0,1,0.0,1.0,25996.314611951693,1568.863885805026,2286.136629184435,6081.251576821636,6646.6735854519175,20.9736328125,889.7422227562815,3,0.25,0.75,0.46160389190254886,0.34620291892691163,336,-104.02424558305786,
99,no_batch,0.3,12,,12,12,0,1.0,12,1.0,1,0.0,1.0,44909.17252646954,1713.129756684919,3255.807889228207,9531.181428112744,9392.776769807755,36.8583984375,636.7887354582124,3,0.25,0.75,0.2672059921150224,0.2004044940862668,336,-148.17586798124162,
99,fixed_4,0.3,12,,12,12,0,1.0,12,1.0,1,0.0,1.0,44909.17252646954,1713.129756684919,3255.807889228207,9531.181428112744,9392.776769807755,36.8583984375,636.7887354582124,3,0.25,0.75,0.2672059921150224,0.2004044940862668,336,-148.17586798124162,
99,sequential_greedy,0.3,12,,12,12,0,1.0,12,1.0,1,0.0,1.0,44909.17252646954,1713.129756684919,3255.807889228207,9531.181428112744,9392.776769807755,36.8583984375,636.7887354582124,3,0.25,0.75,0.2672059921150224,0.2004044940862668,336,-148.17586798124162,
99,dybap_fusion,0.3,12,,12,12,0,1.0,12,1.0,1,0.0,1.0,44909.17252646954,1713.129756684919,3255.807889228207,9531.181428112744,9392.776769807755,36.8583984375,636.7887354582124,3,0.25,0.75,0.2672059921150224,0.2004044940862668,336,-148.17586798124162,
