episode,batcher,arrival_rate_rps,max_requests,agent_checkpoint,total_requests,served_requests,dropped_requests,completion_ratio,batches,mean_pending_size,max_pending_size,batch_opportunity_rate,mean_batch_size,makespan_ms,avg_e2e_ms,p95_e2e_ms,prefill_ms,decode_service_ms,transfer_mb,handover_ms,slo_violations,slo_rate,slo_satisfaction,throughput_rps,goodput_rps,mapping_steps,reward,failure_reason
0,no_batch,0.6,12,,12,12,0,1.0,12,1.0,1,0.0,1.0,34075.508501125376,2534.640408053229,4383.367658191268,9163.202355926871,12237.803066856808,53.7451171875,687.2101234272182,8,0.6666666666666666,0.33333333333333337,0.3521590880911928,0.11738636269706426,336,-159.1151561252687,
0,fixed_4,0.6,12,,12,12,0,1.0,12,1.0,1,0.0,1.0,34075.508501125376,2534.640408053229,4383.367658191268,9163.202355926871,12237.803066856808,53.7451171875,687.2101234272182,8,0.6666666666666666,0.33333333333333337,0.3521590880911928,0.11738636269706426,336,-159.1151561252687,
0,sequential_greedy,0.6,12,,12,12,0,1.0,12,1.0,1,0.0,1.0,34075.508501125376,2534.640408053229,4383.367658191268,9163.202355926871,12237.803066856808,53.7451171875,687.2101234272182,8,0.6666666666666666,0.33333333333333337,0.3521590880911928,0.11738636269706426,336,-159.1151561252687,
0,dybap_fusion,0.6,12,,12,12,0,1.0,12,1.0,1,0.0,1.0,34075.508501125376,2534.640408053229,4383.367658191268,9163.202355926871,12237.803066856808,53.7451171875,687.2101234272182,8,0.6666666666666666,0.33333333333333337,0.3521590880911928,0.11738636269706426,336,-159.1151561252687,
1,no_batch,0.6,12,,12,12,0,1.0,12,3.0833333333333335,6,0.6666666666666666,1.0,18862.305441120454,6131.86440327217,9281.807942729083,6197.516416423942,11680.105721649428,19.2041015625,715.8901531209108,9,0.75,0.25,0.6361894646154759,0.15904736615386897,336,-138.57890288534145,
1,fixed_4,0.6,12,,12,12,0,1.0,6,2.3333333333333335,5,0.3333333333333333,2.0,14669.58575538255,4322.278473457241,7097.763159457631,4257.062981328297,9766.723730592901,24.568359375,377.00589353517864,9,0.75,0.25,0.8180190088596723,0.20450475221491807,168,-100.35195636662459,
1,sequential_greedy,0.6,12,,12,12,0,1.0,5,2.4,5,0.4,2.4,13319.302066768574,4108.869428868278,7026.156857508647,3922.528542426085,8780.035310477906,25.681640625,347.9450639384099,8,0.6666666666666666,0.33333333333333337,0.9009481082300694,0.30031603607668983,140,-90.40602329455865,
1,dybap_fusion,0.6,12,,12,12,0,1.0,9,2.4444444444444446,5,0.5555555555555556,1.3333333333333333,15719.343471756187,4773.50663823044,8247.158804272793,5200.098587541011,9726.682183574816,21.0673828125,523.769550714188,8,0.6666666666666666,0.33333333333333337,0.7633906607843428,0.2544635535947809,252,-115.17114438715717,
2,no_batch,0.6,12,,12,12,0,1.0,12,2.75,4,0.75,1.0,22039.74923577513,6062.685912607972,9963.87244536101,10886.118422466348,10134.006995857584,59.3203125,1019.6238174511969,11,0.9166666666666666,0.08333333333333337,0.5444708046188423,0.045372567051570195,336,-177.67121428988725,
2,fixed_4,0.6,12,,12,12,0,1.0,8,1.5,3,0.25,1.5,17756.930741663924,3415.2495869374306,6499.673975364601,9555.625475492563,6764.8829504214555,60.5478515625,706.1591373921916,6,0.5,0.5,0.6757924651834021,0.33789623259170104,224,-125.39675031665907,
2,sequential_greedy,0.6,12,,12,12,0,1.0,8,1.5,3,0.25,1.5,17756.930741663924,3415.2495869374306,6499.673975364601,9555.625475492563,6764.8829504214555,60.5478515625,706.1591373921916,6,0.5,0.5,0.6757924651834021,0.33789623259170104,224,-125.39675031665907,
2,dybap_fusion,0.6,12,,12,12,0,1.0,9,1.8888888888888888,3,0.5555555555555556,1.3333333333333333,18551.67224844267,4184.947162823807,7725.175792616269,9688.798869049046,8093.319039234084,66.216796875,769.5543401595397,9,0.75,0.25,0.6468419579268574,0.16171048948171435,252,-147.74445242093924,
3,no_batch,0.6,12,,12,12,0,1.0,12,1.25,2,0.25,1.0,19647.547757970406,2662.484571391988,4426.363766212125,7384.831077654742,11476.492614240324,29.3291015625,786.224066075339,3,0.25,0.75,0.610763243730097,0.4580724327975728,336,-137.87448990053431,
3,fixed_4,0.6,12,,12,12,0,1.0,10,1.2,2,0.2,1.2,19356.04986491041,2427.5598867537924,4845.989689539687,6928.593386256021,11026.913777728532,32.8154296875,718.0231327954585,2,0.16666666666666666,0.8333333333333334,0.6199612050883474,0.5166343375736229,280,-121.94110812378209,
3,sequential_greedy,0.6,12,,12,12,0,1.0,10,1.3,2,0.3,1.2,18652.009043140053,2487.4056649819436,4233.929527748511,6248.953526787109,11026.325419349609,30.2021484375,694.210528872939,2,0.16666666666666666,0.8333333333333334,0.6433623301514231,0.5361352751261859,280,-115.76181590791717,
3,dybap_fusion,0.6,12,,12,12,0,1.0,12,1.25,2,0.25,1.0,19647.547757970406,2662.484571391988,4426.363766212125,7384.831077654742,11476.492614240324,29.3291015625,786.224066075339,3,0.25,0.75,0.610763243730097,0.4580724327975728,336,-137.87448990053431,
4,no_batch,0.6,12,,12,12,0,1.0,12,2.5833333333333335,5,0.6666666666666666,1.0,29977.00454533222,7171.930144026147,12205.469468426507,7897.213102029796,19984.334547371127,60.474609375,648.8666091314897,9,0.75,0.25,0.40030684126071375,0.10007671031517844,336,-190.62367571238107,
4,fixed_4,0.6,12,,12,12,0,1.0,7,1.8571428571428572,5,0.42857142857142855,1.7142857142857142,25573.81072615454,5182.153215872022,8124.562688623797,7178.196499952732,16625.013522363326,70.3623046875,324.01041703867,9,0.75,0.25,0.4692300310069748,0.1173075077517437,196,-156.20084809949947,
4,sequential_greedy,0.6,12,,12,12,0,1.0,7,1.7142857142857142,5,0.2857142857142857,1.7142857142857142,25688.474685688132,5281.9574188983215,8239.226648157388,6448.826578614602,17500.70077899902,70.3564453125,292.35704127469967,9,0.75,0.25,0.4671355596946199,0.11678388992365497,196,-154.26535209142975,
4,dybap_fusion,0.6,12,,12,12,0,1.0,8,2.0,5,0.5,1.5,26078.463709557633,5319.689002313728,8629.215672026889,6676.206665275748,17550.292132001196,79.4267578125,405.37462548088376,9,0.75,0.25,0.46014980535843675,0.11503745133960919,224,-159.19982676416595,
5,no_batch,0.6,12,,12,12,0,1.0,12,3.25,7,0.6666666666666666,1.0,23327.383493553218,7784.71631129286,10667.993731163115,7473.024186197088,15007.27855902748,30.7705078125,847.08074832865,8,0.6666666666666666,0.33333333333333337,0.5144168870596367,0.1714722956865456,336,-165.097337660483,
5,fixed_4,0.6,12,,12,12,0,1.0,6,2.3333333333333335,6,0.5,2.0,19673.69667135884,6062.445119957058,10038.70950606514,6356.820188793195,12911.102516741574,44.7509765625,405.77396582407107,7,0.5833333333333334,0.41666666666666663,0.6099514595784999,0.25414644149104165,168,-117.09439458210025,
5,sequential_greedy,0.6,12,,12,12,0,1.0,6,2.0,6,0.3333333333333333,2.0,19417.514321605835,5896.699150523556,10390.235544867297,6078.283714208837,12917.044807857414,45.9228515625,422.1857995395844,7,0.5833333333333334,0.41666666666666663,0.6179987716886924,0.25749948820362184,168,-114.21445368657851,
5,dybap_fusion,0.6,12,,12,12,0,1.0,9,2.4444444444444446,7,0.5555555555555556,1.3333333333333333,21055.108181156134,6366.02753781946,10030.656657734775,6401.095303461445,14018.055534668707,32.4052734375,635.9573430259818,8,0.6666666666666666,0.33333333333333337,0.5699329538824094,0.18997765129413646,252,-145.16102940326422,
6,no_batch,0.6,12,,12,12,0,1.0,12,1.9166666666666667,4,0.5833333333333334,1.0,17792.62037096445,3196.602918816289,5416.0966186005535,8997.71350903266,6866.1820983069865,43.7138671875,659.042083096111,9,0.75,0.25,0.674436915406943,0.16860922885173574,336,-138.63860938860373,
6,fixed_4,0.6,12,,12,12,0,1.0,7,1.7142857142857142,3,0.42857142857142855,1.7142857142857142,15473.801374048053,2316.3280139373874,3993.207700144135,6936.929759676379,5291.195238427246,43.5029296875,299.8033198750992,9,0.75,0.25,0.7755043321239632,0.1938760830309908,196,-98.7536432857625,
6,sequential_greedy,0.6,12,,12,12,0,1.0,7,1.7142857142857142,3,0.42857142857142855,1.7142857142857142,15473.801374048053,2316.3280139373874,3993.207700144135,6936.929759676379,5291.195238427246,43.5029296875,299.8033198750992,9,0.75,0.25,0.7755043321239632,0.1938760830309908,196,-98.7536432857625,
6,dybap_fusion,0.6,12,,12,12,0,1.0,11,1.8181818181818181,4,0.5454545454545454,1.0909090909090908,16716.04673857941,2899.3552081168095,4874.64991746722,8442.950116943732,6309.249056197876,40.248046875,597.4558882926516,9,0.75,0.25,0.7178730825336159,0.17946827063340398,307,-129.99263128862341,
7,no_batch,0.6,12,,12,12,0,1.0,12,2.8333333333333335,4,0.8333333333333334,1.0,25452.922305170356,7134.628942589467,12857.545904961324,11155.989944382301,13710.569456577261,94.412109375,586.3629042107916,11,0.9166666666666666,0.08333333333333337,0.4714586347345425,0.039288219561211875,336,-190.0317256734543,
7,fixed_4,0.6,12,,12,12,0,1.0,6,2.0,3,0.6666666666666666,2.0,20834.24959320038,5248.250014413359,10132.089983112763,8844.858631020554,11719.834052659275,121.658203125,269.5569095205495,10,0.8333333333333334,0.16666666666666663,0.5759746683612934,0.09599577806021556,168,-124.8438418564079,
7,sequential_greedy,0.6,12,,12,12,0,1.0,6,2.0,3,0.6666666666666666,2.0,20834.24959320038,5248.250014413359,10132.089983112763,8844.858631020554,11719.834052659275,121.658203125,269.5569095205495,10,0.8333333333333334,0.16666666666666663,0.5759746683612934,0.09599577806021556,168,-124.8438418564079,
7,dybap_fusion,0.6,12,,12,12,0,1.0,7,2.142857142857143,4,0.5714285714285714,1.7142857142857142,21972.883929428906,5328.790650959109,11344.34705996835,9927.187081288546,11721.879583691518,124.76953125,323.817264448841,10,0.8333333333333334,0.16666666666666663,0.546127674389071,0.09102127906484515,196,-135.59584857649347,
8,no_batch,0.6,12,,12,12,0,1.0,12,1.6666666666666667,3,0.4166666666666667,1.0,22090.105477553825,3174.227942166404,5515.049767592533,10890.845283512403,6931.55381949503,30.615234375,805.0071644861118,8,0.6666666666666666,0.33333333333333337,0.5432296379115722,0.18107654597052406,336,-161.2291347983191,
8,fixed_4,0.6,12,,12,12,0,1.0,8,1.5,3,0.375,1.5,20866.662976116728,2512.860525415285,4354.1135125700785,8610.84551377314,6028.444820849833,40.1923828125,499.49292001728486,7,0.5833333333333334,0.41666666666666663,0.5750799739150813,0.23961665579795052,224,-124.48606397283604,
8,sequential_greedy,0.6,12,,12,12,0,1.0,9,1.5555555555555556,3,0.3333333333333333,1.3333333333333333,20866.662976116728,2549.0526242448573,3710.9092077666214,8743.71417929218,6169.938737855884,33.392578125,594.6812482551924,7,0.5833333333333334,0.41666666666666663,0.5750799739150813,0.23961665579795052,252,-129.31293752927013,
8,dybap_fusion,0.6,12,,12,12,0,1.0,10,1.6,3,0.4,1.2,20866.662976116728,2714.880551524808,4463.4756108986985,9385.560360525296,6298.472822517694,33.744140625,668.356426319624,7,0.5833333333333334,0.41666666666666663,0.5750799739150813,0.23961665579795052,280,-138.6904178730764,
9,no_batch,0.6,12,,12,12,0,1.0,12,2.0833333333333335,4,0.75,1.0,37432.3769399179,9058.079425903385,17127.976162407344,7297.190138057127,28430.20066026927,62.54296875,658.8056391974259,11,0.9166666666666666,0.08333333333333337,0.32057809257640796,0.026714841048033997,336,-227.43543267420327,
9,fixed_4,0.6,12,,12,12,0,1.0,8,1.5,3,0.375,1.5,31912.30132181299,6262.266016178527,13228.625169209778,6959.410877312294,21870.900784270565,71.3876953125,522.5127103194342,7,0.5833333333333334,0.41666666666666663,0.37603054317482426,0.15667939298951009,224,-175.13756446304555,
9,sequential_greedy,0.6,12,,12,12,0,1.0,8,1.625,3,0.5,1.5,31912.30132181299,6489.922634140253,13228.625169209778,6831.679736311532,22334.671962495948,72.076171875,510.24083573031334,8,0.6666666666666666,0.33333333333333337,0.37603054317482426,0.12534351439160807,224,-176.80928397534575,
9,dybap_fusion,0.6,12,,12,12,0,1.0,11,1.6363636363636365,3,0.5454545454545454,1.0909090909090908,34788.72203976118,7548.470993794352,14484.321262250625,7218.314157875191,25913.132607113752,63.2138671875,611.094772378172,10,0.8333333333333334,0.16666666666666663,0.3449393739236757,0.057489895653945945,305,-211.9856155312757,
10,no_batch,0.6,12,,12,12,0,1.0,12,1.5,3,0.4166666666666667,1.0,25340.923911429894,2223.4895411116963,3384.8197944545295,5956.095366543712,8798.082460933427,22.7900390625,745.9456949785016,5,0.4166666666666667,0.5833333333333333,0.47354232394768614,0.27623302230281693,336,-115.98652828127382,
10,fixed_4,0.6,12,,12,12,0,1.0,10,1.2,2,0.2,1.2,25340.923911429894,1740.2151636279698,3490.128860183213,5458.635169297244,8472.267236558077,23.7216796875,655.6700163559996,3,0.25,0.75,0.47354232394768614,0.3551567429607646,280,-99.67981453345502,
10,sequential_greedy,0.6,12,,12,12,0,1.0,10,1.2,2,0.2,1.2,25340.923911429894,1740.2151636279698,3490.128860183213,5458.635169297244,8472.267236558077,23.7216796875,655.6700163559996,3,0.25,0.75,0.47354232394768614,0.3551567429607646,280,-99.67981453345502,
10,dybap_fusion,0.6,12,,12,12,0,1.0,11,1.2727272727272727,3,0.18181818181818182,1.0909090909090908,25340.923911429894,1987.450306771083,3394.3614949758653,5712.8905016998015,8463.392719046129,23.5078125,740.0772376363149,5,0.4166666666666667,0.5833333333333333,0.47354232394768614,0.27623302230281693,308,-111.77674434229044,
11,no_batch,0.6,12,,12,12,0,1.0,12,1.8333333333333333,4,0.4166666666666667,1.0,19501.96187128609,3144.812550511737,6708.64770188319,8939.4595440275,7834.02833554152,56.5576171875,821.2847628614481,7,0.5833333333333334,0.41666666666666663,0.6153227085152043,0.2563844618813351,336,-143.6492975742217,
11,fixed_4,0.6,12,,12,12,0,1.0,8,1.5,3,0.25,1.5,17305.566651517634,3030.4414614271427,5140.156823997145,8183.189491255936,6629.673900443894,65.689453125,585.5140309621818,7,0.5833333333333334,0.41666666666666663,0.6934184960044428,0.28892437333518456,224,-121.70460575188577,
11,sequential_greedy,0.6,12,,12,12,0,1.0,9,1.5555555555555556,3,0.3333333333333333,1.3333333333333333,17295.23292672889,2630.9115669517623,5129.8230992084,8029.340304971885,6730.461675967879,69.3984375,628.2417169335037,7,0.5833333333333334,0.41666666666666663,0.6938328064639486,0.28909700269331196,252,-122.58875032817326,
11,dybap_fusion,0.6,12,,12,12,0,1.0,10,1.5,3,0.3,1.2,18199.491309316127,2554.0772825503645,5035.725531274555,8292.876141707009,7279.231931964754,61.048828125,720.1940067887425,7,0.5833333333333334,0.41666666666666663,0.6593590884519573,0.2747329535216489,280,-132.98762924117398,
12,no_batch,0.6,12,,12,12,0,1.0,12,1.8333333333333333,3,0.5833333333333334,1.0,23902.08388861701,4108.093466298066,6059.070356072324,9711.446377747849,11125.343656345904,48.3486328125,536.1473845227893,10,0.8333333333333334,0.16666666666666663,0.5020482756198011,0.08367471260330019,336,-167.30624608026073,
12,fixed_4,0.6,12,,12,12,0,1.0,7,1.7142857142857142,3,0.42857142857142855,1.7142857142857142,22227.80932972337,3683.8092422455015,5479.142712401248,8553.660409726985,8526.510488206082,50.0654296875,291.71435690885744,9,0.75,0.25,0.539864267413587,0.13496606685339674,196,-133.14834642377423,
12,sequential_greedy,0.6,12,,12,12,0,1.0,8,1.75,3,0.5,1.5,22258.71522488644,3376.191791954973,5224.395940975812,8369.43763895272,8681.283227590937,48.1083984375,352.07028346133734,9,0.75,0.25,0.5391146739045997,0.13477866847614992,224,-134.13041909404132,
12,dybap_fusion,0.6,12,,12,12,0,1.0,10,1.7,3,0.5,1.2,22961.98646907558,3605.848982441878,5170.347637984939,8785.437716298691,9852.154267147167,47.3115234375,456.3155717330324,10,0.8333333333333334,0.16666666666666663,0.5226028687091682,0.08710047811819469,280,-150.44629547497567,
13,no_batch,0.6,12,,12,12,0,1.0,12,1.0,1,0.0,1.0,30674.46612353616,2221.517756834743,7263.009117850751,10611.486840231497,9039.169876190977,84.3193359375,610.9124064515632,6,0.5,0.5,0.3912048526508026,0.1956024263254013,336,-156.565445301753,
13,fixed_4,0.6,12,,12,12,0,1.0,12,1.0,1,0.0,1.0,30674.46612353616,2221.517756834743,7263.009117850751,10611.486840231497,9039.169876190977,84.3193359375,610.9124064515632,6,0.5,0.5,0.3912048526508026,0.1956024263254013,336,-156.565445301753,
13,sequential_greedy,0.6,12,,12,12,0,1.0,12,1.0,1,0.0,1.0,30674.46612353616,2221.517756834743,7263.009117850751,10611.486840231497,9039.169876190977,84.3193359375,610.9124064515632,6,0.5,0.5,0.3912048526508026,0.1956024263254013,336,-156.565445301753,
13,dybap_fusion,0.6,12,,12,12,0,1.0,12,1.0,1,0.0,1.0,30674.46612353616,2221.517756834743,7263.009117850751,10611.486840231497,9039.169876190977,84.3193359375,610.9124064515632,6,0.5,0.5,0.3912048526508026,0.1956024263254013,336,-156.565445301753,
14,no_batch,0.6,12,,12,12,0,1.0,12,2.25,5,0.5,1.0,29796.094820592436,4650.615833216588,9333.775772717752,9394.53874180687,8410.73373530188,60.08203125,792.0360511491838,7,0.5833333333333334,0.41666666666666663,0.40273734099230535,0.16780722541346058,336,-145.76259622629107,
14,fixed_4,0.6,12,,12,12,0,1.0,8,1.625,5,0.25,1.5,26073.89773236979,3476.5482757696022,6615.162038126123,8120.584599589301,6206.1593107267545,59.5693359375,548.3675297192348,7,0.5833333333333334,0.41666666666666663,0.4602303853137553,0.19176266054739805,224,-110.1860690227251,
14,sequential_greedy,0.6,12,,12,12,0,1.0,8,1.625,4,0.375,1.5,25376.439934301485,3466.032375808607,5962.605481723319,7310.709965455257,6276.568203896085,56.0185546875,590.3754726156383,7,0.5833333333333334,0.41666666666666663,0.47287956983199714,0.1970331540966655,224,-108.75701859526684,
14,dybap_fusion,0.6,12,,12,12,0,1.0,9,1.7777777777777777,5,0.3333333333333333,1.3333333333333333,26352.13309807677,3519.6248938478234,6893.397403833101,6994.360885637303,7557.807619667092,54.263671875,601.1783004378767,7,0.5833333333333334,0.41666666666666663,0.4553711062151467,0.1897379609229778,252,-113.45433036978369,
15,no_batch,0.6,12,,12,12,0,1.0,12,3.0833333333333335,6,0.6666666666666666,1.0,33091.08198447728,10393.395993872466,17122.086696386952,9506.246207584483,20754.02214408822,69.0966796875,956.9925635528267,9,0.75,0.25,0.3626354679375274,0.09065886698438184,336,-213.87009542408717,
15,fixed_4,0.6,12,,12,12,0,1.0,6,2.0,4,0.5,2.0,30871.71682933428,7174.525084594781,16915.63310891666,9196.761864971517,19363.631428568413,151.7021484375,437.50246654258746,9,0.75,0.25,0.3887053015657882,0.09717632539144705,168,-141.28153821020953,
15,sequential_greedy,0.6,12,,12,12,0,1.0,6,2.0,4,0.5,2.0,30871.71682933428,7174.525084594781,16915.63310891666,9196.761864971517,19363.631428568413,151.7021484375,437.50246654258746,9,0.75,0.25,0.3887053015657882,0.09717632539144705,168,-141.28153821020953,
15,dybap_fusion,0.6,12,,12,12,0,1.0,10,2.8,5,0.6,1.2,28815.02570459085,8360.107638523781,14429.080610386603,8568.749337809997,17618.952641139695,61.9541015625,753.502656389404,9,0.75,0.25,0.41644939425086624,0.10411234856271656,279,-176.07769197122482,
16,no_batch,0.6,12,,12,12,0,1.0,12,2.6666666666666665,5,0.5833333333333334,1.0,15763.112281010375,4691.4152358940255,7162.0540504503315,8026.110193886204,6414.0476855176585,31.634765625,934.6084362595309,9,0.75,0.25,0.7612709841860512,0.1903177460465128,336,-130.92390835834186,
16,fixed_4,0.6,12,,12,12,0,1.0,6,2.1666666666666665,5,0.3333333333333333,2.0,13685.600712790276,4413.931385570619,6964.646014388448,8138.699688815922,4715.147045794594,57.2197265625,443.4080128327783,9,0.75,0.25,0.8768339988748212,0.2192084997187053,168,-110.58843249588946,
16,sequential_greedy,0.6,12,,12,12,0,1.0,6,2.0,5,0.3333333333333333,2.0,12365.091632102145,3919.2204825676126,7046.225778503039,6804.51408914844,4727.322311403432,46.9541015625,444.9092662032913,9,0.75,0.25,0.9704740051295457,0.24261850128238643,168,-99.16641230036952,
16,dybap_fusion,0.6,12,,12,12,0,1.0,9,2.2222222222222223,5,0.4444444444444444,1.3333333333333333,13079.281028130756,3748.8104061105137,6861.337636245587,6828.360162759299,5161.29674836839,33.7265625,701.2781516560847,9,0.75,0.25,0.9174816241191353,0.2293704060297838,252,-109.84048866344367,
17,no_batch,0.6,12,,12,12,0,1.0,12,4.083333333333333,8,0.8333333333333334,1.0,41003.34886553067,17519.251753829114,25919.388046062526,11446.637021466066,28721.40730756642,89.9619140625,835.3045364981829,10,0.8333333333333334,0.16666666666666663,0.2926590225435894,0.048776503757264895,336,-270.5321003691353,
17,fixed_4,0.6,12,,12,12,0,1.0,5,2.6,5,0.6,2.4,27255.469075561792,8644.437773883117,15262.84318336922,7963.87062584977,18964.00683580828,118.365234375,327.5916139037399,10,0.8333333333333334,0.16666666666666663,0.4402786085512511,0.07337976809187519,140,-137.4771018973634,
17,sequential_greedy,0.6,12,,12,12,0,1.0,5,2.6,5,0.6,2.4,26501.65576766061,9068.282372409676,16260.406428741628,7663.19196924311,18509.197940623962,103.16015625,329.2658577935346,10,0.8333333333333334,0.16666666666666663,0.4528018968023627,0.0754669828003938,140,-135.71140160777367,
17,dybap_fusion,0.6,12,,12,12,0,1.0,6,3.3333333333333335,7,0.8333333333333334,2.0,29676.004730295248,11461.65150556238,20348.723785050137,9005.161738907613,20253.56836598648,119.3173828125,417.27462540115226,10,0.8333333333333334,0.16666666666666663,0.40436710093086076,0.06739451682181014,168,-180.78177193192766,
18,no_batch,0.6,12,,12,12,0,1.0,12,2.0,4,0.5,1.0,24009.420264097254,4906.295321863996,8613.210133563958,13514.851328096962,9618.335010996889,37.5849609375,789.9509777488963,10,0.8333333333333334,0.16666666666666663,0.4998038215001938,0.08330063691669896,336,-201.24887716620154,
18,fixed_4,0.6,12,,12,12,0,1.0,7,1.7142857142857142,3,0.42857142857142855,1.7142857142857142,20962.450395387605,4262.414543144223,6856.799642278781,11704.181333064009,7841.996226449383,49.2451171875,439.66621463621107,10,0.8333333333333334,0.16666666666666663,0.5724521596311266,0.09540869327185444,196,-155.0340635932724,
18,sequential_greedy,0.6,12,,12,12,0,1.0,7,1.8571428571428572,4,0.42857142857142855,1.7142857142857142,21293.262533826986,4288.659272222744,7626.968562091369,12076.938040602814,7806.257360826695,53.7041015625,433.46051115947563,9,0.75,0.25,0.5635585425641803,0.14088963564104506,196,-157.63260154621634,
18,dybap_fusion,0.6,12,,12,12,0,1.0,10,2.0,4,0.5,1.2,22738.970193922472,4653.7548097148865,8270.320697916495,12868.907875152812,9166.443732982627,42.2607421875,617.335638532524,10,0.8333333333333334,0.16666666666666663,0.5277283842523037,0.08795473070871729,280,-188.38802663229424,
19,no_batch,0.6,12,,12,12,0,1.0,12,1.6666666666666667,4,0.3333333333333333,1.0,37605.53253224089,6098.109744274257,16492.924336293232,10817.39623802623,23539.17569732179,72.28125,582.3523669579821,7,0.5833333333333334,0.41666666666666663,0.3191019829253014,0.1329591595522089,336,-229.8322826514369,
19,fixed_4,0.6,12,,12,12,0,1.0,9,1.3333333333333333,4,0.1111111111111111,1.3333333333333333,37605.53253224089,5301.096246400677,16492.924336293232,9446.880507005866,22430.835776605087,68.56640625,476.40395129471057,6,0.5,0.5,0.3191019829253014,0.1595509914626507,252,-202.63685479552998,
19,sequential_greedy,0.6,12,,12,12,0,1.0,9,1.5555555555555556,4,0.2222222222222222,1.3333333333333333,37605.53253224089,5455.130108464124,16492.924336293232,9074.313503737365,22426.47935649105,65.255859375,444.863820247249,6,0.5,0.5,0.3191019829253014,0.1595509914626507,252,-198.33966443832566,
19,dybap_fusion,0.6,12,,12,12,0,1.0,11,1.5454545454545454,4,0.2727272727272727,1.0909090909090908,37605.53253224089,5648.813986248264,16492.924336293232,10363.360074512359,22769.91234531924,69.01171875,542.9270113410818,7,0.5833333333333334,0.41666666666666663,0.3191019829253014,0.1329591595522089,308,-218.6563243185861,
20,no_batch,0.6,12,,12,12,0,1.0,12,1.4166666666666667,3,0.3333333333333333,1.0,18780.285625784483,2251.776007407007,4414.718905790684,7260.317418979497,5559.183382575647,21.744140625,1001.2145590373178,5,0.4166666666666667,0.5833333333333333,0.6389679176936768,0.37273128532131145,336,-113.60592704455613,
20,fixed_4,0.6,12,,12,12,0,1.0,10,1.2,2,0.2,1.2,18780.285625784483,1997.069580467264,3657.737995842134,6791.485742176122,5063.850830726833,27.2607421875,840.0724291492771,6,0.5,0.5,0.6389679176936768,0.3194839588468384,280,-104.48925710764169,
20,sequential_greedy,0.6,12,,12,12,0,1.0,10,1.3,2,0.3,1.2,18780.285625784483,1924.918702805652,3402.895914212293,6521.579467409589,4491.265404619448,23.7626953125,830.7759431527293,5,0.4166666666666667,0.5833333333333333,0.6389679176936768,0.37273128532131145,280,-98.75190921161891,
20,dybap_fusion,0.6,12,,12,12,0,1.0,10,1.3,2,0.3,1.2,18780.285625784483,1924.918702805652,3402.895914212293,6521.579467409589,4491.265404619448,23.7626953125,830.7759431527293,5,0.4166666666666667,0.5833333333333333,0.6389679176936768,0.37273128532131145,280,-98.75190921161891,
21,no_batch,0.6,12,,12,12,0,1.0,12,1.0,1,0.0,1.0,25984.400107754904,2941.9037302922807,10006.770887407669,9327.714383001154,14174.938827826332,31.880859375,809.3599906299694,6,0.5,0.5,0.46181554895387655,0.23090777447693828,336,-174.4469307647677,
21,fixed_4,0.6,12,,12,12,0,1.0,12,1.0,1,0.0,1.0,25984.400107754904,2941.9037302922807,10006.770887407669,9327.714383001154,14174.938827826332,31.880859375,809.3599906299694,6,0.5,0.5,0.46181554895387655,0.23090777447693828,336,-174.4469307647677,
21,sequential_greedy,0.6,12,,12,12,0,1.0,12,1.0,1,0.0,1.0,25984.400107754904,2941.9037302922807,10006.770887407669,9327.714383001154,14174.938827826332,31.880859375,809.3599906299694,6,0.5,0.5,0.46181554895387655,0.23090777447693828,336,-174.4469307647677,
21,dybap_fusion,0.6,12,,12,12,0,1.0,12,1.0,1,0.0,1.0,25984.400107754904,2941.9037302922807,10006.770887407669,9327.714383001154,14174.938827826332,31.880859375,809.3599906299694,6,0.5,0.5,0.46181554895387655,0.23090777447693828,336,-174.4469307647677,
22,no_batch,0.6,12,,12,12,0,1.0,12,5.083333333333333,9,0.8333333333333334,1.0,50510.666364602694,25394.56171834652,32023.684570671445,14207.843577742848,35431.02657430973,55.3828125,871.7962125501206,10,0.8333333333333334,0.16666666666666663,0.23757358323843983,0.03959559720640664,336,-337.46821402637966,
22,fixed_4,0.6,12,,12,12,0,1.0,4,4.75,8,0.75,3.0,42156.20898393555,19239.008408960395,27871.689180894853,9552.827961753446,32287.42398820161,64.3330078125,315.9570339804868,9,0.75,0.25,0.28465557717898293,0.07116389429474573,112,-184.20644791443112,
22,sequential_greedy,0.6,12,,12,12,0,1.0,5,3.0,8,0.6,2.4,42264.76756015986,12771.906393658797,24235.895982415346,9566.860344150104,32289.096996435765,64.5615234375,408.8102195739889,10,0.8333333333333334,0.16666666666666663,0.28392442908668897,0.047320738181114826,140,-244.70087694678978,
22,dybap_fusion,0.6,12,,12,12,0,1.0,8,4.75,8,0.75,1.5,43634.991213493464,20822.991530541494,28863.72555058856,11278.842708748425,31797.20600178772,52.5791015625,558.9425029573175,9,0.75,0.25,0.2750086493953316,0.0687521623488329,224,-283.7258941370962,
23,no_batch,0.6,12,,12,12,0,1.0,12,1.9166666666666667,4,0.5833333333333334,1.0,24515.92418891535,3261.7409389801346,6243.168613554941,6946.97842335288,8201.77806732092,18.076171875,736.323574754427,5,0.4166666666666667,0.5833333333333333,0.4894777740186393,0.2855287015108729,336,-121.27687478847409,
23,fixed_4,0.6,12,,12,12,0,1.0,8,1.5,3,0.375,1.5,23065.326202530916,1991.3592352076857,3466.411169233906,5703.260414509823,6155.67891868617,23.0625,439.9787705935191,3,0.25,0.75,0.5202614476218967,0.39019608571642256,224,-86.88706266238668,
23,sequential_greedy,0.6,12,,12,12,0,1.0,9,1.4444444444444444,3,0.3333333333333333,1.3333333333333333,23065.326202530916,1996.1978333200375,3466.411169233906,5842.064275328514,6346.613648144647,22.3798828125,520.4937803995567,2,0.16666666666666666,0.8333333333333334,0.5202614476218967,0.4335512063515806,245,-90.1830417172911,
23,dybap_fusion,0.6,12,,12,12,0,1.0,10,1.4,3,0.3,1.2,23065.326202530916,2101.7368131705143,3487.5873045765416,6149.514561769037,6393.551374975456,19.4912109375,586.4328197053333,3,0.25,0.75,0.5202614476218967,0.39019608571642256,280,-97.79182590690255,
24,no_batch,0.6,12,,12,12,0,1.0,12,2.5,6,0.6666666666666666,1.0,26455.009362074336,7589.643942453916,12971.515393562297,9234.992808410741,16310.559123678782,29.994140625,909.4574299848175,9,0.75,0.25,0.45360029307731387,0.11340007326932847,336,-195.23662756297128,
24,fixed_4,0.6,12,,12,12,0,1.0,6,2.3333333333333335,6,0.6666666666666666,2.0,22899.13941530812,6167.642859916043,11480.722952453187,7879.330656265065,14124.403836979534,40.552734375,461.9900794287167,9,0.75,0.25,0.5240371606270049,0.13100929015675122,168,-156.45812571901803,
24,sequential_greedy,0.6,12,,12,12,0,1.0,5,2.4,6,0.6,2.4,21643.172551586085,6541.5120312518775,11929.41230856063,7938.966257889267,12866.664519303753,49.658203125,404.12693175826166,9,0.75,0.25,0.5544473653942475,0.1386118413485619,140,-151.01392641753458,
24,dybap_fusion,0.6,12,,12,12,0,1.0,9,2.2222222222222223,6,0.5555555555555556,1.3333333333333333,24014.358580940705,6649.162303857528,10919.532018740852,8308.3341544402,14949.870835640599,31.7841796875,660.4573515366262,9,0.75,0.25,0.4997010417560746,0.12492526043901865,252,-172.65409912123673,
25,no_batch,0.6,12,,12,12,0,1.0,12,1.5833333333333333,3,0.5,1.0,29492.57337259248,4147.809756205334,8929.757325582505,10920.797831636948,12283.77453185542,31.4296875,745.8101451555912,6,0.5,0.5,0.4068820936172233,0.20344104680861164,336,-181.50452346932818,
25,fixed_4,0.6,12,,12,12,0,1.0,9,1.3333333333333333,2,0.3333333333333333,1.3333333333333333,28145.195176722256,3851.8065222377736,7639.886449226914,10577.679176573289,11493.46858172612,39.7734375,531.8565544783262,6,0.5,0.5,0.42636051818623416,0.21318025909311708,252,-162.0604189976323,
25,sequential_greedy,0.6,12,,12,12,0,1.0,10,1.3,2,0.3,1.2,28183.39015078917,3830.505841661324,7678.081423293824,10584.781468158728,11443.804400687392,35.0185546875,612.6134179985258,6,0.5,0.5,0.42578270164790605,0.21289135082395302,280,-169.0332923507312,
25,dybap_fusion,0.6,12,,12,12,0,1.0,11,1.5454545454545454,3,0.45454545454545453,1.0909090909090908,27404.320518083066,3532.1234407308816,7521.027963278015,10359.316856740887,10799.27683197279,31.693359375,703.5359654248681,5,0.4166666666666667,0.5833333333333333,0.43788715695693525,0.2554341748915456,308,-157.15906829270062,
26,no_batch,0.6,12,,12,12,0,1.0,12,1.75,3,0.4166666666666667,1.0,28984.792096132394,3975.290468878297,6575.9018995528195,11132.6749326317,9646.05935833543,99.84375,971.4842306463737,7,0.5833333333333334,0.41666666666666663,0.4140102147429661,0.17250425614290255,336,-168.5901056181945,
26,fixed_4,0.6,12,,12,12,0,1.0,9,1.3333333333333333,3,0.2222222222222222,1.3333333333333333,28045.533136944054,3879.8850077101465,7804.562182834782,10663.383790696782,9288.381473710106,90.5302734375,718.5442422625969,7,0.5833333333333334,0.41666666666666663,0.42787562430726406,0.1782815101280267,252,-158.3409184051093,
26,sequential_greedy,0.6,12,,12,12,0,1.0,9,1.3333333333333333,3,0.2222222222222222,1.3333333333333333,28045.533136944054,3879.8850077101465,7804.562182834782,10663.383790696782,9288.381473710106,90.5302734375,718.5442422625969,7,0.5833333333333334,0.41666666666666663,0.42787562430726406,0.1782815101280267,252,-158.3409184051093,
26,dybap_fusion,0.6,12,,12,12,0,1.0,9,1.4444444444444444,3,0.2222222222222222,1.3333333333333333,28045.533136944054,3648.756571891252,6774.228075550204,9904.429463571389,9329.621460378461,113.7568359375,739.7170008712307,6,0.5,0.5,0.42787562430726406,0.21393781215363203,252,-147.63449589023315,
27,no_batch,0.6,12,,12,12,0,1.0,12,2.0833333333333335,5,0.5,1.0,32400.665478511408,7901.265600921785,14529.210441792773,10229.138585823046,18983.241661166572,33.1552734375,861.8866529109378,7,0.5833333333333334,0.41666666666666663,0.37036276331912305,0.1543178180496346,336,-212.07476859599834,
27,fixed_4,0.6,12,,12,12,0,1.0,7,1.7142857142857142,3,0.42857142857142855,1.7142857142857142,27001.670666712995,6175.4826218302915,10898.458144094135,9248.515840130098,14625.445717663515,49.435546875,458.79145020097286,6,0.5,0.5,0.444416945459353,0.2222084727296765,196,-157.09043668959134,
27,sequential_greedy,0.6,12,,12,12,0,1.0,7,1.8571428571428572,4,0.42857142857142855,1.7142857142857142,28817.91268745005,6109.701433094741,11728.623359047939,8200.689545451165,17515.007201419518,44.3583984375,433.2982818609592,7,0.5833333333333334,0.41666666666666663,0.4164076742874544,0.17350319761977268,196,-151.94473770411494,
27,dybap_fusion,0.6,12,,12,12,0,1.0,12,2.0833333333333335,5,0.5,1.0,32289.75479961239,7848.658531304131,14418.299762893756,10181.02441191522,18920.99968849349,33.1552734375,861.332120592821,7,0.5833333333333334,0.41666666666666663,0.3716349063184602,0.15484787763269173,336,-211.2768716703735,
28,no_batch,0.6,12,,12,12,0,1.0,12,1.5833333333333333,3,0.4166666666666667,1.0,22122.76649625125,3829.3448819325827,6908.327367651932,10267.019810488255,9560.708218929172,60.8203125,661.2636741756814,9,0.75,0.25,0.542427639058317,0.13560690976457926,336,-163.68483960234317,
28,fixed_4,0.6,12,,12,12,0,1.0,9,1.3333333333333333,3,0.2222222222222222,1.3333333333333333,20344.524298776407,3422.1280360339956,6613.701032332966,9986.171043873663,7430.083341083018,81.9755859375,490.2770983795388,7,0.5833333333333334,0.41666666666666663,0.5898393014144707,0.2457663755893628,252,-140.04971469764064,
28,sequential_greedy,0.6,12,,12,12,0,1.0,9,1.4444444444444444,3,0.3333333333333333,1.3333333333333333,20057.105214954892,3170.02931994501,5599.099830724289,9429.219548755347,7713.333393580928,72.703125,476.55945717843053,7,0.5833333333333334,0.41666666666666663,0.5982917211329486,0.24928821713872856,252,-137.6306972383669,
28,dybap_fusion,0.6,12,,12,12,0,1.0,9,1.4444444444444444,3,0.3333333333333333,1.3333333333333333,20057.105214954892,3170.02931994501,5599.099830724289,9429.219548755347,7713.333393580928,72.703125,476.55945717843053,7,0.5833333333333334,0.41666666666666663,0.5982917211329486,0.24928821713872856,252,-137.6306972383669,
29,no_batch,0.6,12,,12,12,0,1.0,12,1.5833333333333333,3,0.4166666666666667,1.0,22798.307617546965,4045.4312179163085,8056.138253011053,10971.922730712004,9432.154143724872,164.326171875,624.2865085354823,7,0.5833333333333334,0.41666666666666663,0.5263548593740384,0.21931452473918264,336,-162.01460095306822,
29,fixed_4,0.6,12,,12,12,0,1.0,8,1.5,3,0.375,1.5,20372.6267096345,3348.8532123253594,5994.49024726919,9680.235661550809,8034.616746374573,187.763671875,420.2570023269338,7,0.5833333333333334,0.41666666666666663,0.5890256652238679,0.24542736050994496,224,-124.50762812563138,
29,sequential_greedy,0.6,12,,12,12,0,1.0,8,1.5,3,0.375,1.5,20372.6267096345,3348.8532123253594,5994.49024726919,9680.235661550809,8034.616746374573,187.763671875,420.2570023269338,7,0.5833333333333334,0.41666666666666663,0.5890256652238679,0.24542736050994496,224,-124.50762812563138,
29,dybap_fusion,0.6,12,,12,12,0,1.0,9,1.6666666666666667,3,0.4444444444444444,1.3333333333333333,20149.76413004395,3452.842239154168,7142.403831958657,8882.117944352472,8557.940548822146,141.10546875,472.18833748714667,6,0.5,0.5,0.5955404699803712,0.2977702349901856,251,-132.54914965052208,
30,no_batch,0.6,12,,12,12,0,1.0,12,3.5,6,0.8333333333333334,1.0,28796.07008500798,10025.848287487685,18689.7751287153,8950.32121860452,19300.496970657034,32.2880859375,545.2518957464281,9,0.75,0.25,0.41672353083511654,0.10418088270877914,336,-201.7499884688714,
30,fixed_4,0.6,12,,12,12,0,1.0,5,2.4,4,0.8,2.4,23268.21379907292,6714.758855704196,13198.219096459914,7462.9194823014295,15565.78243477912,52.705078125,239.51188199237353,10,0.8333333333333334,0.16666666666666663,0.5157250188442964,0.08595416980738274,140,-133.2163849627604,
30,sequential_greedy,0.6,12,,12,12,0,1.0,6,2.5,4,0.8333333333333334,2.0,24137.413799587186,6616.650955322729,14067.41909697418,7142.041505787461,16704.551012221906,43.8603515625,290.82128157781864,8,0.6666666666666666,0.33333333333333337,0.49715351029882215,0.16571783676627405,168,-131.16845064396728,
30,dybap_fusion,0.6,12,,12,12,0,1.0,9,2.5555555555555554,4,0.7777777777777778,1.3333333333333333,24980.73877950506,7007.200561793769,14197.24127053839,7580.168202249121,17009.771659247996,34.5146484375,390.79891800794115,8,0.6666666666666666,0.33333333333333337,0.48037010057705565,0.16012336685901854,252,-173.00762735615626,
31,no_batch,0.6,12,,12,12,0,1.0,12,2.8333333333333335,7,0.5833333333333334,1.0,40089.17365698855,12126.322640693426,18950.56783636553,14126.18599244432,23734.429620173203,124.4501953125,976.6130019738812,10,0.8333333333333334,0.16666666666666663,0.2993326852450125,0.04988878087416875,336,-261.76820553884625,
31,fixed_4,0.6,12,,12,12,0,1.0,6,2.5,7,0.5,2.0,40862.833210644865,12737.586762304452,21108.04197579481,12604.380646991416,26477.111571979895,199.34765625,529.3959492764134,11,0.9166666666666666,0.08333333333333337,0.293665393638784,0.024472116136565334,168,-179.55895923550347,
31,sequential_greedy,0.6,12,,12,12,0,1.0,5,2.4,7,0.4,2.4,35568.43967946166,11229.469172134171,19769.787461081287,11434.965290577038,22426.377931152994,201.52734375,455.1514153344899,11,0.9166666666666666,0.08333333333333337,0.33737774578088053,0.02811481214840671,140,-155.0490408657427,
31,dybap_fusion,0.6,12,,12,12,0,1.0,8,2.625,7,0.5,1.5,37809.41246593146,10986.531784720855,20752.304045626996,11999.408462362691,23868.49176018624,145.623046875,689.5672009853938,10,0.8333333333333334,0.16666666666666663,0.31738128728693465,0.05289688121448911,224,-220.24757579071914,
32,no_batch,0.6,12,,12,12,0,1.0,12,1.0833333333333333,2,0.08333333333333333,1.0,19538.35353428444,1723.2573213122225,2859.8197255414625,7030.940105053807,6752.7462733918155,27.7412109375,501.5127761954067,4,0.3333333333333333,0.6666666666666667,0.6141766233753165,0.40945108225021104,336,-111.02508808294664,
32,fixed_4,0.6,12,,12,12,0,1.0,11,1.0909090909090908,2,0.09090909090909091,1.0909090909090908,19317.780546755894,1715.724187503173,2893.326306882713,6911.359840183641,6670.601068343024,30.3076171875,482.6652585858193,4,0.3333333333333333,0.6666666666666667,0.6211893737458988,0.4141262491639325,308,-107.3338955994251,
32,sequential_greedy,0.6,12,,12,12,0,1.0,12,1.0833333333333333,2,0.08333333333333333,1.0,19538.35353428444,1723.2573213122225,2859.8197255414625,7030.940105053807,6752.7462733918155,27.7412109375,501.5127761954067,4,0.3333333333333333,0.6666666666666667,0.6141766233753165,0.40945108225021104,336,-111.02508808294664,
32,dybap_fusion,0.6,12,,12,12,0,1.0,12,1.0833333333333333,2,0.08333333333333333,1.0,19538.35353428444,1723.2573213122225,2859.8197255414625,7030.940105053807,6752.7462733918155,27.7412109375,501.5127761954067,4,0.3333333333333333,0.6666666666666667,0.6141766233753165,0.40945108225021104,336,-111.02508808294664,
33,no_batch,0.6,12,,12,12,0,1.0,12,1.6666666666666667,3,0.5,1.0,22318.47088743064,3118.4506825306835,5006.550299592826,6284.607637826158,10349.404258958599,25.1689453125,948.7041785086077,5,0.4166666666666667,0.5833333333333333,0.5376712437211898,0.3136415588373607,336,-125.78573299685031,
33,fixed_4,0.6,12,,12,12,0,1.0,8,1.5,3,0.375,1.5,21178.277263250617,2496.254036519259,3789.161894015572,5157.636896148842,8230.491869355777,30.1611328125,616.9671799380421,4,0.3333333333333333,0.6666666666666667,0.5666183255057706,0.37774555033718044,224,-91.48523303255541,
33,sequential_greedy,0.6,12,,12,12,0,1.0,9,1.4444444444444444,3,0.3333333333333333,1.3333333333333333,22318.47088743064,2541.7188892192335,4302.249024896584,5263.428584213511,9194.215555426632,27.603515625,687.6454299825464,4,0.3333333333333333,0.6666666666666667,0.5376712437211898,0.35844749581412655,252,-101.59000043338055,
33,dybap_fusion,0.6,12,,12,12,0,1.0,11,1.4545454545454546,3,0.36363636363636365,1.0909090909090908,22318.47088743064,2661.574131068091,4408.694570249611,5702.594298695824,9957.520584101108,26.109375,835.5907755087702,5,0.4166666666666667,0.5833333333333333,0.5376712437211898,0.3136415588373607,301,-114.64962482236054,
34,no_batch,0.6,12,,12,12,0,1.0,12,1.9166666666666667,4,0.5833333333333334,1.0,33426.63786071603,5595.880637230512,14065.99005851822,8467.223501037593,19397.74038116431,77.9326171875,837.10422141518,10,0.8333333333333334,0.16666666666666663,0.3589951238889854,0.05983252064816423,336,-194.13538047867928,
34,fixed_4,0.6,12,,12,12,0,1.0,8,1.5,3,0.375,1.5,28317.605813229733,4427.36183690905,8956.958011031924,7529.002491942194,14280.080732132548,97.7958984375,562.5064829905572,8,0.6666666666666666,0.33333333333333337,0.42376463883093207,0.1412548796103107,224,-135.91643895160468,
34,sequential_greedy,0.6,12,,12,12,0,1.0,8,1.625,3,0.5,1.5,27533.83691620377,4273.337934671746,9726.462616311448,7219.849323103597,13805.793503438246,89.5166015625,562.1779834974943,8,0.6666666666666666,0.33333333333333337,0.43582737983524383,0.1452757932784146,224,-132.77311466384157,
34,dybap_fusion,0.6,12,,12,12,0,1.0,10,2.0,4,0.6,1.2,29257.281317897054,4533.754623261456,10204.305333151002,8003.43397583391,14404.896821014676,73.951171875,688.7968811834882,9,0.75,0.25,0.4101543089261491,0.10253857723153728,280,-158.38558624095938,
35,no_batch,0.6,12,,12,12,0,1.0,12,4.25,7,0.8333333333333334,1.0,25064.78171499244,9575.264108055077,13265.827850186148,12197.11784042353,11974.474809745821,67.40625,893.1890648230897,11,0.9166666666666666,0.08333333333333337,0.47875940578497944,0.03989661714874829,336,-200.14262532520652,
35,fixed_4,0.6,12,,12,12,0,1.0,5,2.4,4,0.6,2.4,16615.694838703548,5006.034943924146,6400.388880381584,9207.533954180344,7054.6039248849465,62.3232421875,353.55695963825724,11,0.9166666666666666,0.08333333333333337,0.7222087379727244,0.06018406149772704,140,-137.2541090117518,
35,sequential_greedy,0.6,12,,12,12,0,1.0,6,2.3333333333333335,4,0.6666666666666666,2.0,17095.549381111563,4857.714401329732,5900.817877313438,8671.573598910347,8014.140072419726,61.4501953125,409.83570978149066,11,0.9166666666666666,0.08333333333333337,0.7019370792060355,0.05849475660050296,161,-137.07336064770084,
35,dybap_fusion,0.6,12,,12,12,0,1.0,9,3.0,5,0.7777777777777778,1.3333333333333333,18279.045588946014,5170.843190259721,6864.26088627354,9365.985699311093,8269.622102289019,42.609375,643.4377873459025,11,0.9166666666666666,0.08333333333333337,0.6564894179845377,0.05470745149871148,252,-152.45168225991227,
36,no_batch,0.6,12,,12,12,0,1.0,12,3.0,5,0.75,1.0,28694.31130923735,8139.595008278222,13231.399432471244,11836.662709587185,16270.179923919242,79.5,587.4686757309216,11,0.9166666666666666,0.08333333333333337,0.418201359519541,0.034850113293295085,336,-209.0217819022076,
36,fixed_4,0.6,12,,12,12,0,1.0,6,2.0,3,0.6666666666666666,2.0,19362.014084257775,4758.08113569476,6529.379105625181,8003.612708625894,11033.078404808655,57.3544921875,325.3229708232249,11,0.9166666666666666,0.08333333333333337,0.6197702340148881,0.05164751950124067,168,-141.5332100727511,
36,sequential_greedy,0.6,12,,12,12,0,1.0,6,2.3333333333333335,3,0.6666666666666666,2.0,18828.22083556923,4812.7608826123405,6675.41799507141,7769.357123416971,10752.012740571283,56.126953125,306.85097158097693,11,0.9166666666666666,0.08333333333333337,0.6373411542597942,0.05311176285498285,168,-136.50086826400508,
36,dybap_fusion,0.6,12,,12,12,0,1.0,8,2.375,4,0.75,1.5,21681.78154004242,5473.248118483411,7245.074005864454,8412.60229324953,12843.955908994387,56.841796875,425.2233377984986,11,0.9166666666666666,0.08333333333333337,0.5534600548316623,0.046121671235971856,224,-158.4749067662733,
37,no_batch,0.6,12,,12,12,0,1.0,12,1.8333333333333333,3,0.5833333333333334,1.0,39803.146047069225,5971.026796271887,12111.708662404379,8853.373524457726,25803.86125632436,84.5419921875,987.3083115340031,7,0.5833333333333334,0.41666666666666663,0.3014837064841406,0.12561821103505857,336,-226.23315446281413,
37,fixed_4,0.6,12,,12,12,0,1.0,8,1.5,3,0.375,1.5,38040.19874955475,5145.223501357302,10456.78133545262,8575.487199349223,24348.9991260424,117.1611328125,662.6700605155353,8,0.6666666666666666,0.33333333333333337,0.3154557650711658,0.1051519216903886,224,-177.50935970164602,
37,sequential_greedy,0.6,12,,12,12,0,1.0,9,1.5555555555555556,3,0.3333333333333333,1.3333333333333333,38926.48128757658,5521.042410340983,11475.561607476951,8302.846885286071,25766.82262444847,103.423828125,698.2088230888933,8,0.6666666666666666,0.33333333333333337,0.30827343245714356,0.10275781081904785,252,-209.96353839266138,
37,dybap_fusion,0.6,12,,12,12,0,1.0,10,1.8,3,0.5,1.2,38299.22343934461,5591.500667192559,11811.700442522864,8171.77685653723,25201.843650411516,86.4140625,766.9999776427302,7,0.5833333333333334,0.41666666666666663,0.3133222797325038,0.13055094988854324,280,-212.88854297555966,
38,no_batch,0.6,12,,12,12,0,1.0,12,3.5,6,0.8333333333333334,1.0,33348.51731121044,11747.074504818595,23700.916078957613,8204.700505411365,24331.51339648236,23.7509765625,812.3034093167145,8,0.6666666666666666,0.33333333333333337,0.3598360877041475,0.11994536256804916,336,-220.7574204270072,
38,fixed_4,0.6,12,,12,12,0,1.0,5,2.8,6,0.8,2.4,26638.722424663036,8829.379506217796,17454.085223360365,5680.253149780651,20619.93625927121,39.123046875,338.53301561117695,8,0.6666666666666666,0.33333333333333337,0.4504720537532232,0.1501573512510744,140,-116.85120849329151,
38,sequential_greedy,0.6,12,,12,12,0,1.0,6,2.6666666666666665,4,0.8333333333333334,2.0,21714.243676339232,5124.691401789082,14840.986045199195,5766.38359666839,15537.19967228,34.0986328125,410.66040739084093,4,0.3333333333333333,0.6666666666666667,0.552632648821,0.36842176588066666,168,-117.29802166247454,
38,dybap_fusion,0.6,12,,12,12,0,1.0,8,2.375,4,0.75,1.5,23372.568468201403,7020.83674380639,13953.578753826992,6545.030408484334,16290.210859398814,30.50390625,537.3272003182565,6,0.5,0.5,0.5134223915666826,0.2567111957833413,224,-150.3350292219609,
39,no_batch,0.6,12,,12,12,0,1.0,12,1.3333333333333333,3,0.25,1.0,22910.739837115132,2338.329783298411,3595.6155112618953,6186.818800918861,9849.498397502988,23.3466796875,764.9262135555639,3,0.25,0.75,0.5237718242760603,0.3928288682070452,336,-115.68112055509594,
39,fixed_4,0.6,12,,12,12,0,1.0,10,1.2,3,0.1,1.2,22910.739837115132,1998.2487844425805,3059.54849318821,5840.169415632271,9034.386693377128,25.0927734375,639.056554412098,4,0.3333333333333333,0.6666666666666667,0.5237718242760603,0.3491812161840402,280,-103.7689350091063,
39,sequential_greedy,0.6,12,,12,12,0,1.0,11,1.1818181818181819,3,0.09090909090909091,1.0909090909090908,22910.739837115132,2143.159318612648,3440.596046420922,6002.158847644458,9750.803144089843,23.7802734375,703.7937205965063,3,0.25,0.75,0.5237718242760603,0.3928288682070452,308,-111.11591560118434,
39,dybap_fusion,0.6,12,,12,12,0,1.0,12,1.3333333333333333,3,0.25,1.0,22910.739837115132,2338.329783298411,3595.6155112618953,6186.818800918861,9849.498397502988,23.3466796875,764.9262135555639,3,0.25,0.75,0.5237718242760603,0.3928288682070452,336,-115.68112055509594,
40,no_batch,0.6,12,,12,12,0,1.0,12,3.4166666666666665,6,0.8333333333333334,1.0,36198.42396888638,11031.077888982407,22894.861552581344,9576.176642771437,26024.002438632604,81.9931640625,598.2448874823403,12,1.0,0.0,0.33150614541435164,0.0,336,-229.9130253896917,
40,fixed_4,0.6,12,,12,12,0,1.0,6,2.1666666666666665,5,0.5,2.0,20112.792433500283,5072.750483097283,7273.868262395618,7046.0114019797065,12776.694120944254,55.0751953125,290.0869105763215,12,1.0,0.0,0.5966352031760916,0.0,168,-136.1258367533407,
40,sequential_greedy,0.6,12,,12,12,0,1.0,6,2.3333333333333335,4,0.8333333333333334,2.0,19014.990444121173,4844.0425068250825,7013.45261026621,6838.7885851632045,11851.409711035372,62.26171875,324.79214792259336,12,1.0,0.0,0.631081042888981,0.0,167,-122.18272270358588,
40,dybap_fusion,0.6,12,,12,12,0,1.0,8,2.625,5,0.875,1.5,19945.378896991115,5918.643273522147,9414.753378602065,7503.142187629376,12020.284049714908,64.060546875,421.9526596468307,12,1.0,0.0,0.6016431205430885,0.0,224,-136.87970742908993,
41,no_batch,0.6,12,,12,12,0,1.0,12,1.4166666666666667,3,0.3333333333333333,1.0,17397.166291167756,1944.1456053151894,3114.2033510476203,7048.0899662707725,6401.47025367935,27.5859375,589.9188039248158,3,0.25,0.75,0.6897675057628319,0.5173256293221239,336,-106.4929662477218,
41,fixed_4,0.6,12,,12,12,0,1.0,10,1.2,3,0.1,1.2,16175.702131679034,1464.2252926419444,2281.899296366624,6550.119562775498,5332.886381330193,28.869140625,514.0587008169156,0,0.0,1.0,0.741853423258753,0.741853423258753,280,-88.6725830887398,
41,sequential_greedy,0.6,12,,12,12,0,1.0,10,1.2,3,0.1,1.2,16175.702131679034,1464.2252926419444,2281.899296366624,6550.119562775498,5332.886381330193,28.869140625,514.0587008169156,0,0.0,1.0,0.741853423258753,0.741853423258753,280,-88.6725830887398,
41,dybap_fusion,0.6,12,,12,12,0,1.0,10,1.2,3,0.1,1.2,16175.702131679034,1464.2252926419444,2281.899296366624,6550.119562775498,5332.886381330193,28.869140625,514.0587008169156,0,0.0,1.0,0.741853423258753,0.741853423258753,280,-88.6725830887398,
42,no_batch,0.6,12,,12,12,0,1.0,12,1.5,3,0.4166666666666667,1.0,16178.890753415644,2202.48355944233,4165.887531172357,8648.372005720681,4921.939272522508,31.892578125,722.8716557270209,8,0.6666666666666666,0.33333333333333337,0.7417072148451582,0.2472357382817194,336,-124.41391277337705,
42,fixed_4,0.6,12,,12,12,0,1.0,9,1.3333333333333333,2,0.3333333333333333,1.3333333333333333,14318.8597108529,1780.9196449670917,2800.460869522324,7274.176983587464,4642.005019353306,35.138671875,516.9698884667007,6,0.5,0.5,0.8380555604511347,0.41902778022556736,252,-98.80504626975535,
42,sequential_greedy,0.6,12,,12,12,0,1.0,9,1.3333333333333333,2,0.3333333333333333,1.3333333333333333,14318.8597108529,1780.9196449670917,2800.460869522324,7274.176983587464,4642.005019353306,35.138671875,516.9698884667007,6,0.5,0.5,0.8380555604511347,0.41902778022556736,252,-98.80504626975535,
42,dybap_fusion,0.6,12,,12,12,0,1.0,11,1.3636363636363635,2,0.36363636363636365,1.0909090909090908,15039.995283053904,1937.6817764002633,3339.8754942691617,7769.028101511725,4740.558334345,32.2001953125,644.7010277517487,7,0.5833333333333334,0.41666666666666663,0.7978725906597075,0.33244691277487814,308,-111.66957649255669,
43,no_batch,0.6,12,,12,12,0,1.0,12,5.416666666666667,10,0.8333333333333334,1.0,35737.62064724939,16777.632776024224,18170.656643748862,9797.616361617896,25163.46711386206,75.8583984375,776.5371717694258,11,0.9166666666666666,0.08333333333333337,0.33578060829641726,0.02798171735803477,336,-241.21998119229877,
43,fixed_4,0.6,12,,12,12,0,1.0,4,5.0,9,0.75,3.0,29508.808922464326,13067.637803309595,18364.98645067035,7663.267346301937,21636.503374824377,122.982421875,209.0382013380096,11,0.9166666666666666,0.08333333333333337,0.40665822980285377,0.03388818581690448,112,-174.84493225734735,
43,sequential_greedy,0.6,12,,12,12,0,1.0,3,4.333333333333333,9,0.6666666666666666,4.0,25248.789919746443,10672.260414266268,18160.67397527905,6691.954204451472,18417.558126177733,72.134765625,139.27758911723816,11,0.9166666666666666,0.08333333333333337,0.4752703015923588,0.039605858466029896,84,-159.0658542270196,
43,dybap_fusion,0.6,12,,12,12,0,1.0,6,4.5,9,0.6666666666666666,2.0,28619.48118700828,11736.962323457994,17714.360766578557,7240.386436213192,21054.068641522557,58.3681640625,325.02610927252596,11,0.9166666666666666,0.08333333333333337,0.41929481256450446,0.03494123438037537,168,-186.0178827923158,
44,no_batch,0.6,12,,12,12,0,1.0,12,2.3333333333333335,4,0.6666666666666666,1.0,17134.92847202906,3522.1996982654073,5235.524243748012,7634.770175476072,8797.796943549325,22.6318359375,702.3613530036633,9,0.75,0.25,0.7003239038662297,0.17508097596655742,336,-138.28412531301322,
44,fixed_4,0.6,12,,12,12,0,1.0,7,1.7142857142857142,3,0.5714285714285714,1.7142857142857142,16425.6236844095,2511.0937825987107,4182.339927831436,5518.732515819205,8219.472310131103,27.990234375,383.57759390024364,8,0.6666666666666666,0.33333333333333337,0.73056586651196,0.24352195550398667,196,-103.77060219070677,
44,sequential_greedy,0.6,12,,12,12,0,1.0,8,1.625,3,0.5,1.5,16786.106930362173,2528.1427011000214,4182.339927831436,5719.79513671427,8354.090890095333,25.7138671875,408.379638993625,8,0.6666666666666666,0.33333333333333337,0.7148768949097294,0.23829229830324314,224,-108.85142479242091,
44,dybap_fusion,0.6,12,,12,12,0,1.0,8,1.875,3,0.5,1.5,16786.106930362173,2587.1474685680373,4870.328416766933,6105.548121572668,7855.577855660924,28.787109375,399.957654317169,8,0.6666666666666666,0.33333333333333337,0.7148768949097294,0.23829229830324314,224,-111.2017134913173,
45,no_batch,0.6,12,,12,12,0,1.0,12,1.3333333333333333,2,0.3333333333333333,1.0,27450.78810466597,2416.684702049502,4020.6020788571545,8971.758880795294,9109.471005945155,26.33203125,717.9365465189945,6,0.5,0.5,0.43714591924449303,0.21857295962224652,336,-145.85122133318993,
45,fixed_4,0.6,12,,12,12,0,1.0,10,1.2,2,0.2,1.2,26140.7683868329,2203.9817680794854,3385.3308171211092,8140.424561362937,8386.99579417425,27.5537109375,585.6659212010379,5,0.4166666666666667,0.5833333333333333,0.4590530707599398,0.2677809579432982,280,-127.36633478207163,
45,sequential_greedy,0.6,12,,12,12,0,1.0,10,1.2,2,0.2,1.2,26140.7683868329,2203.9817680794854,3385.3308171211092,8140.424561362937,8386.99579417425,27.5537109375,585.6659212010379,5,0.4166666666666667,0.5833333333333333,0.4590530707599398,0.2677809579432982,280,-127.36633478207163,
45,dybap_fusion,0.6,12,,12,12,0,1.0,11,1.3636363636363635,2,0.36363636363636365,1.0909090909090908,26140.7683868329,2320.3731056600554,3421.6104108191657,8479.462029844786,8375.643832846627,26.3466796875,634.0408527349605,5,0.4166666666666667,0.5833333333333333,0.4590530707599398,0.2677809579432982,308,-133.4079964551168,
46,no_batch,0.6,12,,12,12,0,1.0,12,2.5,5,0.6666666666666666,1.0,25923.844897653333,6945.295916500784,12386.563110868632,8313.307970151924,16821.196492948595,49.18359375,789.3404345528189,12,1.0,0.0,0.46289429856472636,0.0,336,-185.03722286512848,
46,fixed_4,0.6,12,,12,12,0,1.0,8,1.5,4,0.25,1.5,24042.676420232732,4308.391867859402,7876.912591938498,6680.121885599814,13350.996357708329,46.78125,521.6343230469395,11,0.9166666666666666,0.08333333333333337,0.4991124860750358,0.04159270717291965,224,-128.04324581153492,
46,sequential_greedy,0.6,12,,12,12,0,1.0,8,1.5,4,0.25,1.5,24042.676420232732,4308.391867859401,7876.912591938498,6680.121885599814,13350.996357708329,46.78125,521.6343230469395,11,0.9166666666666666,0.08333333333333337,0.4991124860750358,0.04159270717291965,224,-128.04324581153492,
46,dybap_fusion,0.6,12,,12,12,0,1.0,10,2.1,5,0.5,1.2,24042.676420232732,5432.039078413903,9732.87499188026,7117.678538024355,14278.450221764202,42.3134765625,630.7719202846766,11,0.9166666666666666,0.08333333333333337,0.4991124860750358,0.04159270717291965,279,-158.83980938609835,
47,no_batch,0.6,12,,12,12,0,1.0,12,1.5833333333333333,2,0.5833333333333334,1.0,26577.24712028999,4875.37267090615,12550.109833266732,9547.547284038204,16270.940079108124,31.658203125,758.7597571436611,9,0.75,0.25,0.4515140317463047,0.11287850793657618,336,-192.4859660538946,
47,fixed_4,0.6,12,,12,12,0,1.0,9,1.3333333333333333,2,0.3333333333333333,1.3333333333333333,24742.732200007355,4299.29796979364,11442.222240663492,7681.691208796369,16354.736157332763,32.6162109375,599.9750377055475,8,0.6666666666666666,0.33333333333333337,0.4849909016917879,0.16166363389726263,252,-138.2493350839871,
47,sequential_greedy,0.6,12,,12,12,0,1.0,9,1.3333333333333333,2,0.3333333333333333,1.3333333333333333,24742.732200007355,4299.29796979364,11442.222240663492,7681.691208796369,16354.736157332763,32.6162109375,599.9750377055475,8,0.6666666666666666,0.33333333333333337,0.4849909016917879,0.16166363389726263,252,-138.2493350839871,
47,dybap_fusion,0.6,12,,12,12,0,1.0,12,1.5833333333333333,2,0.5833333333333334,1.0,26577.24712028999,4875.37267090615,12550.109833266732,9547.547284038204,16270.940079108124,31.658203125,758.7597571436611,9,0.75,0.25,0.4515140317463047,0.11287850793657618,336,-192.4859660538946,
48,no_batch,0.6,12,,12,12,0,1.0,12,2.5,5,0.6666666666666666,1.0,34255.69291062905,9057.498690005776,19767.739602209334,10939.881795034593,21808.996037413286,51.92578125,747.227515109496,9,0.75,0.25,0.35030673678991825,0.08757668419747956,336,-225.0589323133965,
48,fixed_4,0.6,12,,12,12,0,1.0,6,2.0,4,0.5,2.0,29318.27483306417,7906.1833312557455,16834.115747818716,9157.287675328826,18926.374741001462,57.275390625,475.0248536622081,9,0.75,0.25,0.4093010270326957,0.10232525675817393,168,-131.37262433428555,
48,sequential_greedy,0.6,12,,12,12,0,1.0,6,2.0,4,0.5,2.0,29318.27483306417,7906.1833312557455,16834.115747818716,9157.287675328826,18926.374741001462,57.275390625,475.0248536622081,9,0.75,0.25,0.4093010270326957,0.10232525675817393,168,-131.37262433428555,
48,dybap_fusion,0.6,12,,12,12,0,1.0,9,2.111111111111111,4,0.6666666666666666,1.3333333333333333,30346.878221907074,6982.325263221382,17980.213809576955,9578.692162753267,19409.904965276615,52.5791015625,598.6935308055163,9,0.75,0.25,0.39542782332508036,0.09885695583127009,252,-194.51657299907689,
49,no_batch,0.6,12,,12,12,0,1.0,12,3.1666666666666665,6,0.75,1.0,18775.310469312593,5563.378201402741,10137.752777128344,8981.624687465865,9012.674312114683,107.0654296875,781.0114697320489,10,0.8333333333333334,0.16666666666666663,0.6391372339548507,0.10652287232580844,336,-142.03647274374063,
49,fixed_4,0.6,12,,12,12,0,1.0,5,2.4,4,0.8,2.4,12742.429234380728,3496.004621530629,4869.11389918137,6424.232915663548,5997.521859401189,87.615234375,320.6744593159909,8,0.6666666666666666,0.33333333333333337,0.941735659604249,0.31391188653474966,140,-83.33787091161349,
49,sequential_greedy,0.6,12,,12,12,0,1.0,6,2.1666666666666665,4,0.6666666666666666,2.0,14693.549640925668,3671.678774037699,6188.466936549711,6615.913798043353,7710.787054057557,87.8671875,366.84878882475755,9,0.75,0.25,0.8166848918913796,0.2041712229728449,168,-94.68765775795433,
49,dybap_fusion,0.6,12,,12,12,0,1.0,9,2.5555555555555554,5,0.6666666666666666,1.3333333333333333,14880.23090177026,4170.562247661071,7660.042806361547,7625.063099978019,6685.155677521663,88.3154296875,570.0121242705738,9,0.75,0.25,0.8064390989102457,0.20160977472756142,252,-114.81962507812156,
50,no_batch,0.6,12,,12,12,0,1.0,12,1.8333333333333333,5,0.3333333333333333,1.0,20342.174071984296,2493.509641261675,4715.81346512587,4784.084096534158,6945.083657453331,22.51171875,882.1498521813493,5,0.4166666666666667,0.5833333333333333,0.5899074483157959,0.3441126781842143,336,-95.15878866792542,
50,fixed_4,0.6,12,,12,12,0,1.0,9,1.4444444444444444,5,0.1111111111111111,1.3333333333333333,18991.96596211035,2290.0183013050887,4159.98191698091,4117.290556794106,6510.8681596922725,29.595703125,632.9507798085133,5,0.4166666666666667,0.5833333333333333,0.6318461197719304,0.3685769032002927,252,-82.762900160393,
50,sequential_greedy,0.6,12,,12,12,0,1.0,9,1.5555555555555556,5,0.2222222222222222,1.3333333333333333,18924.613860471753,2261.3173682489632,3981.8445714193103,3984.5468255635747,6533.238884208161,26.671875,675.9716848845605,5,0.4166666666666667,0.5833333333333333,0.6340948401100357,0.36988865673085414,252,-80.51036244321725,
50,dybap_fusion,0.6,12,,12,12,0,1.0,10,1.6,5,0.2,1.2,18989.66920015265,2198.7200606219526,3872.2452715550085,3984.2277789167233,6558.567818154345,23.126953125,716.0171372661252,5,0.4166666666666667,0.5833333333333333,0.6319225402780337,0.368621481828853,280,-83.96303944164885,
51,no_batch,0.6,12,,12,12,0,1.0,12,1.8333333333333333,3,0.5833333333333334,1.0,23856.425115067486,5232.895229391527,9425.544413333479,10028.23162912834,13245.848419402448,27.2607421875,582.3450665366946,9,0.75,0.25,0.5030091450047525,0.12575228625118812,336,-183.21631363435543,
51,fixed_4,0.6,12,,12,12,0,1.0,7,1.7142857142857142,3,0.5714285714285714,1.7142857142857142,19798.650088825456,3388.3193056916316,6465.777931022561,8088.947184280131,10437.933163471109,34.9248046875,375.04493402447093,7,0.5833333333333334,0.41666666666666663,0.6061019284730382,0.2525424701970993,196,-123.40371296512417,
51,sequential_greedy,0.6,12,,12,12,0,1.0,8,1.625,3,0.5,1.5,20756.370249193384,3517.061949100797,7423.4980913904865,8199.83317577946,11245.094662047099,30.80859375,414.71760431707503,7,0.5833333333333334,0.41666666666666663,0.5781357653545582,0.24088990223106593,224,-137.05255747315158,
51,dybap_fusion,0.6,12,,12,12,0,1.0,10,1.7,3,0.5,1.2,22734.70285262617,4196.500073456246,8311.890606256611,9065.890352296952,12266.51883462294,28.4091796875,505.5688586565262,8,0.6666666666666666,0.33333333333333337,0.5278274397421401,0.17594247991404668,279,-165.1280995569078,
52,no_batch,0.6,12,,12,12,0,1.0,12,4.0,7,0.8333333333333334,1.0,22473.922792924135,8022.562593556239,11212.640680324228,8787.388583085214,12912.90246330787,30.3486328125,773.6317465310493,10,0.8333333333333334,0.16666666666666663,0.5339521769549807,0.08899202949249677,336,-172.87438379346173,
52,fixed_4,0.6,12,,12,12,0,1.0,5,3.2,7,0.6,2.4,18584.193710897584,6682.264369101676,8610.178160555031,7449.491001743894,10750.438751148631,49.6640625,384.2639580050575,9,0.75,0.25,0.6457100150093313,0.16142750375233283,140,-125.5846012240784,
52,sequential_greedy,0.6,12,,12,12,0,1.0,6,2.5,6,0.6666666666666666,2.0,18711.663997867876,6520.915136947254,9567.30231582364,7367.373835851577,10945.426860008001,49.0810546875,398.8633020082981,9,0.75,0.25,0.6413112164352328,0.1603278041088082,165,-128.1519689827284,
52,dybap_fusion,0.6,12,,12,12,0,1.0,8,3.625,7,0.75,1.5,18591.20768488239,6403.547477341574,8967.40481937961,7334.475793488209,10707.841664406664,33.076171875,548.8902269875144,8,0.6666666666666666,0.33333333333333337,0.645466405593323,0.21515546853110767,224,-140.73326125625957,
53,no_batch,0.6,12,,12,12,0,1.0,12,2.6666666666666665,4,0.75,1.0,24040.239527263697,6631.570723937296,9447.119001839397,7312.466544323187,16178.513975864911,74.203125,549.2590070755972,9,0.75,0.25,0.4991630797351652,0.1247907699337913,336,-159.3419739715172,
53,fixed_4,0.6,12,,12,12,0,1.0,8,1.5,2,0.5,1.5,18276.06704865497,3143.460958576586,5783.575596020356,6427.806280979108,10686.966012187957,72.8203125,391.6336665186593,7,0.5833333333333334,0.41666666666666663,0.6565964092850677,0.27358183720211154,224,-113.69996582712466,
53,sequential_greedy,0.6,12,,12,12,0,1.0,8,1.875,4,0.5,1.5,18276.06704865497,3852.498009724166,6113.481744219732,6164.794324049654,11338.10061978428,68.09765625,380.48150415945315,8,0.6666666666666666,0.33333333333333337,0.6565964092850677,0.21886546976168925,224,-119.13825584701888,
53,dybap_fusion,0.6,12,,12,12,0,1.0,8,2.0,4,0.625,1.5,18276.06704865497,4064.5432741920936,7143.195717395117,6281.133063092358,11012.521495793939,82.5234375,382.91939748155755,9,0.75,0.25,0.6565964092850677,0.16414910232126692,224,-118.84027603070348,
54,no_batch,0.6,12,,12,12,0,1.0,12,2.5,5,0.75,1.0,32261.456424138825,8549.147234984619,13861.084961414923,10011.514354301098,21388.966273558504,85.78125,860.9757962792257,10,0.8333333333333334,0.16666666666666663,0.37196088862935833,0.06199348143822639,336,-214.17739214326073,
54,fixed_4,0.6,12,,12,12,0,1.0,6,2.0,3,0.5,2.0,24329.1784285413,5019.629938062787,7823.989589168577,8525.123177402282,14389.01259147629,76.74609375,301.9216114796442,9,0.75,0.25,0.4932349045507609,0.12330872613769023,168,-145.34425445634298,
54,sequential_greedy,0.6,12,,12,12,0,1.0,7,1.8571428571428572,3,0.42857142857142855,1.7142857142857142,25677.462431651522,5477.06795834683,9028.64537767802,8348.817679230044,15792.696841959292,72.2900390625,422.82686227910193,10,0.8333333333333334,0.16666666666666663,0.4673358994075718,0.07788931656792863,196,-154.51124947301125,
54,dybap_fusion,0.6,12,,12,12,0,1.0,9,2.2222222222222223,4,0.7777777777777778,1.3333333333333333,26251.873037509453,6190.496274836975,9400.10358144852,9820.717060021228,15811.02619004737,100.3271484375,620.1297874408566,10,0.8333333333333334,0.16666666666666663,0.4571102405856544,0.07618504009760907,252,-170.62010283993834,
55,no_batch,0.6,12,,12,12,0,1.0,12,2.3333333333333335,5,0.5,1.0,33126.1589634528,8085.468949211488,17010.105375962026,11512.482161922198,16977.454587051907,118.201171875,722.1414147030183,10,0.8333333333333334,0.16666666666666663,0.36225147664235013,0.060375246107058356,336,-203.27689954158046,
55,fixed_4,0.6,12,,12,12,0,1.0,7,1.7142857142857142,4,0.2857142857142857,1.7142857142857142,22648.773025796818,4753.794975971981,8577.487248196941,9847.75686935063,8445.311924382055,96.7294921875,441.62343228846095,9,0.75,0.25,0.5298300259502832,0.1324575064875708,196,-129.38926462134458,
55,sequential_greedy,0.6,12,,12,12,0,1.0,7,1.7142857142857142,4,0.2857142857142857,1.7142857142857142,22648.773025796818,4753.794975971981,8577.487248196941,9847.75686935063,8445.311924382055,96.7294921875,441.62343228846095,9,0.75,0.25,0.5298300259502832,0.1324575064875708,196,-129.38926462134458,
55,dybap_fusion,0.6,12,,12,12,0,1.0,10,1.9,4,0.4,1.2,28713.42287774897,6325.083671413707,12597.3692902582,10643.288837063614,13521.551003567018,97.751953125,634.5022373426664,9,0.75,0.25,0.4179230059436494,0.10448075148591235,280,-175.51450648592288,
56,no_batch,0.6,12,,12,12,0,1.0,12,1.25,2,0.25,1.0,26592.093099785507,4078.0437590506003,11590.559599721693,6834.6936891431205,17185.373900625375,29.865234375,848.4168544248035,4,0.3333333333333333,0.6666666666666667,0.4512619580177685,0.300841305345179,336,-163.46741225108502,
56,fixed_4,0.6,12,,12,12,0,1.0,10,1.2,2,0.2,1.2,26592.093099785507,3888.190211986992,11157.110782147562,6509.844848548429,17141.51724850465,34.7607421875,720.1021367100038,3,0.25,0.75,0.4512619580177685,0.3384464685133264,280,-129.51557897426102,
56,sequential_greedy,0.6,12,,12,12,0,1.0,11,1.1818181818181819,2,0.18181818181818182,1.0909090909090908,26592.093099785507,3803.122150838731,11157.110782147562,6442.804307236468,17220.21138787477,30.099609375,772.0199315079335,2,0.16666666666666666,0.8333333333333334,0.4512619580177685,0.37605163168147376,308,-131.92718809604222,
56,dybap_fusion,0.6,12,,12,12,0,1.0,12,1.25,2,0.25,1.0,26592.093099785507,4078.0437590506003,11590.559599721693,6834.6936891431205,17185.373900625375,29.865234375,848.4168544248035,4,0.3333333333333333,0.6666666666666667,0.4512619580177685,0.300841305345179,336,-163.46741225108502,
57,no_batch,0.6,12,,12,12,0,1.0,12,4.5,8,0.8333333333333334,1.0,29993.529724179527,13738.181719557493,16334.575344543071,11832.376694455334,17418.698173720364,45.8408203125,742.4548560038314,11,0.9166666666666666,0.08333333333333337,0.40008628895471754,0.03334052407955979,336,-221.32226510318972,
57,fixed_4,0.6,12,,12,12,0,1.0,4,3.5,5,0.75,3.0,19739.592413529936,7762.2774186618335,10975.638611996237,8789.577301268811,10730.864229364486,65.373046875,219.1508828966369,11,0.9166666666666666,0.08333333333333337,0.6079152876416509,0.05065960730347091,112,-137.8468057292797,
57,sequential_greedy,0.6,12,,12,12,0,1.0,4,3.0,5,0.75,3.0,19872.691752587445,7245.636997930848,10566.600101246268,8856.517999434936,10796.131483599263,66.6796875,220.04226955324788,11,0.9166666666666666,0.08333333333333337,0.6038437142486038,0.050320309520716984,112,-136.922074437179,
57,dybap_fusion,0.6,12,,12,12,0,1.0,8,4.0,6,0.75,1.5,22521.922568338734,8810.26380649012,11442.421877710856,9454.16883497714,12533.258723100802,49.7314453125,534.4950102607927,11,0.9166666666666666,0.08333333333333337,0.532814193086232,0.044401182757186,224,-168.74832163600522,
58,no_batch,0.6,12,,12,12,0,1.0,12,2.1666666666666665,4,0.75,1.0,32516.767531167152,7201.491459378802,12690.013854220497,11096.630075679821,20554.571763851476,95.056640625,865.5656916358496,11,0.9166666666666666,0.08333333333333337,0.3690403724324093,0.030753364369367438,336,-229.3739200906262,
58,fixed_4,0.6,12,,12,12,0,1.0,7,1.7142857142857142,2,0.7142857142857143,1.7142857142857142,26805.269010740107,5039.9353148281925,7901.176512797321,9554.98051641199,16780.78797391574,101.19140625,469.50052041238206,9,0.75,0.25,0.44767317929888867,0.11191829482472217,196,-168.16710130102322,
58,sequential_greedy,0.6,12,,12,12,0,1.0,7,1.8571428571428572,3,0.7142857142857143,1.7142857142857142,26030.776438528097,4932.928128334371,8132.049145370091,9433.635433361445,16112.078439890021,101.935546875,485.062565276627,10,0.8333333333333334,0.16666666666666663,0.4609927801553712,0.0768321300258952,196,-168.22180798261365,
58,dybap_fusion,0.6,12,,12,12,0,1.0,8,2.125,3,0.75,1.5,27453.12340619956,5539.277538374074,8772.105280822248,9898.560880803556,16992.285738621114,105.814453125,562.2767867748842,10,0.8333333333333334,0.16666666666666663,0.4371087334015378,0.07285145556692296,224,-186.21398757540734,
59,no_batch,0.6,12,,12,12,0,1.0,12,2.25,4,0.5833333333333334,1.0,22388.927536387113,5124.028986123961,10881.648844292367,10085.089827046586,10593.592296545348,34.248046875,976.9254964865573,8,0.6666666666666666,0.33333333333333337,0.5359792236808693,0.1786597412269564,336,-166.49338339763366,
59,fixed_4,0.6,12,,12,12,0,1.0,7,1.7142857142857142,4,0.42857142857142855,1.7142857142857142,19237.324300773103,4107.3006393110745,8978.043829443046,9387.766277274306,8533.834568103644,49.529296875,582.4035390865255,9,0.75,0.25,0.6237873735651349,0.15594684339128373,196,-126.50781057921176,
59,sequential_greedy,0.6,12,,12,12,0,1.0,9,1.6666666666666667,4,0.3333333333333333,1.3333333333333333,19379.862346647224,4462.462186896034,10146.67014960248,8623.363913723475,9301.03858916861,36.09375,722.1399274465151,8,0.6666666666666666,0.33333333333333337,0.6191994445242299,0.20639981484140998,252,-131.1076193256843,
59,dybap_fusion,0.6,12,,12,12,0,1.0,10,1.9,4,0.5,1.2,20600.403413077598,4416.705136832556,10173.176272738714,9750.58059809765,9319.87679515676,36.5390625,796.626103514564,7,0.5833333333333334,0.41666666666666663,0.5825128644025549,0.24271369350106456,280,-152.7402968131093,
60,no_batch,0.6,12,,12,12,0,1.0,12,1.1666666666666667,2,0.16666666666666666,1.0,23916.36374781653,1508.0744971342338,2706.8283507730357,7908.3775207634035,3045.5404686610163,95.77734375,777.9694435223464,4,0.3333333333333333,0.6666666666666667,0.5017485152229947,0.3344990101486631,336,-100.13367539735704,
60,fixed_4,0.6,12,,12,12,0,1.0,10,1.2,2,0.2,1.2,23916.36374781653,1775.0627629174578,3217.0115510483065,8361.549273270783,3684.5368118770766,139.640625,575.0007268223916,5,0.4166666666666667,0.5833333333333333,0.5017485152229947,0.29268663388008026,280,-100.01389993441843,
60,sequential_greedy,0.6,12,,12,12,0,1.0,11,1.1818181818181819,2,0.18181818181818182,1.0909090909090908,23916.36374781653,1687.1260523675744,2970.9712929220536,8082.216153337269,3388.558694345418,119.3994140625,683.4962543976086,5,0.4166666666666667,0.5833333333333333,0.5017485152229947,0.29268663388008026,308,-100.49263229120488,
60,dybap_fusion,0.6,12,,12,12,0,1.0,12,1.1666666666666667,2,0.16666666666666666,1.0,23916.36374781653,1508.0744971342338,2706.8283507730357,7908.3775207634035,3045.5404686610163,95.77734375,777.9694435223464,4,0.3333333333333333,0.6666666666666667,0.5017485152229947,0.3344990101486631,336,-100.13367539735704,
61,no_batch,0.6,12,,12,12,0,1.0,12,1.9166666666666667,4,0.5,1.0,31379.154547471342,5587.6966732516275,9739.41773365934,6960.283843297142,18646.550592939668,42.6943359375,852.0373437081454,7,0.5833333333333334,0.41666666666666663,0.3824194811190988,0.15934145046629117,336,-175.50951059506076,
61,fixed_4,0.6,12,,12,12,0,1.0,8,1.5,4,0.25,1.5,30241.506248321046,4887.827427348412,9429.044622374347,6969.611118924372,15559.965539854471,53.8505859375,651.4876510900611,7,0.5833333333333334,0.41666666666666663,0.3968056320166334,0.16533568000693058,224,-152.19558372780165,
61,sequential_greedy,0.6,12,,12,12,0,1.0,8,1.625,4,0.375,1.5,30241.506248321046,4765.195093865667,9429.044622374347,6709.019969748909,16123.576184538144,51.0205078125,633.2055549688877,7,0.5833333333333334,0.41666666666666663,0.3968056320166334,0.16533568000693058,224,-151.94615389993697,
61,dybap_fusion,0.6,12,,12,12,0,1.0,9,1.6666666666666667,4,0.3333333333333333,1.3333333333333333,30241.506248321046,4681.004294105996,9429.044622374347,6485.88508171312,16997.10832242342,43.8486328125,671.1874160604773,6,0.5,0.5,0.3968056320166334,0.1984028160083167,252,-152.70026625762972,
62,no_batch,0.6,12,,12,12,0,1.0,12,2.3333333333333335,5,0.5,1.0,23010.84993150638,4062.0506790058557,7257.48345682549,14479.858635622306,3607.507158749535,46.1044921875,585.959043116611,9,0.75,0.25,0.521493123275279,0.13037328081881974,336,-173.83398743122467,
62,fixed_4,0.6,12,,12,12,0,1.0,7,1.7142857142857142,4,0.2857142857142857,1.7142857142857142,19275.22810858624,3497.8786370562943,5755.40180516321,11393.013932586866,3174.044985263371,58.53515625,370.6440967180785,10,0.8333333333333334,0.16666666666666663,0.6225607257355644,0.1037601209559274,196,-135.70095325498846,
62,sequential_greedy,0.6,12,,12,12,0,1.0,7,1.7142857142857142,4,0.2857142857142857,1.7142857142857142,19275.22810858624,3497.8786370562943,5755.40180516321,11393.013932586866,3174.044985263371,58.53515625,370.6440967180785,10,0.8333333333333334,0.16666666666666663,0.6225607257355644,0.1037601209559274,196,-135.70095325498846,
62,dybap_fusion,0.6,12,,12,12,0,1.0,9,2.3333333333333335,5,0.4444444444444444,1.3333333333333333,19761.914211191666,3618.6467957821205,7470.192075079876,11746.916439298488,3234.3799399965005,50.185546875,443.0927378787543,9,0.75,0.25,0.6072286253122231,0.15180715632805578,252,-142.64603327514695,
63,no_batch,0.6,12,,12,12,0,1.0,12,1.75,3,0.5,1.0,28782.90771890868,3684.877582100635,7035.000418218417,8748.829140100024,14328.44268539561,59.1005859375,623.5959579511755,10,0.8333333333333334,0.16666666666666663,0.4169140976718174,0.0694856829453029,336,-172.07915463864833,
63,fixed_4,0.6,12,,12,12,0,1.0,9,1.3333333333333333,3,0.2222222222222222,1.3333333333333333,28782.90771890868,2606.6746819629625,6541.110642835272,7277.114323170492,13492.89504528225,48.5888671875,513.2118028343347,4,0.3333333333333333,0.6666666666666667,0.4169140976718174,0.2779427317812116,252,-136.87439481881879,
63,sequential_greedy,0.6,12,,12,12,0,1.0,9,1.3333333333333333,3,0.2222222222222222,1.3333333333333333,28782.90771890868,2606.6746819629625,6541.110642835272,7277.114323170492,13492.89504528225,48.5888671875,513.2118028343347,4,0.3333333333333333,0.6666666666666667,0.4169140976718174,0.2779427317812116,252,-136.87439481881879,
63,dybap_fusion,0.6,12,,12,12,0,1.0,11,1.7272727272727273,3,0.45454545454545453,1.0909090909090908,28782.90771890868,3615.2846066430084,7029.789688895138,8620.114651208387,14271.98516396284,62.2705078125,577.7317255776506,9,0.75,0.25,0.4169140976718174,0.10422852441795435,307,-167.2437824034322,
64,no_batch,0.6,12,,12,12,0,1.0,12,2.3333333333333335,5,0.5,1.0,18957.03575759509,3443.9547747958823,6301.09220140274,4111.78160039443,11949.278790640425,19.88671875,570.0105415011062,4,0.3333333333333333,0.6666666666666667,0.6330103584465852,0.42200690563105675,336,-106.99945860605317,
64,fixed_4,0.6,12,,12,12,0,1.0,8,1.625,5,0.25,1.5,16434.484266141102,2568.0309504434713,4127.097086189513,3510.537829599002,10211.406536799745,22.4150390625,386.57507468322507,3,0.25,0.75,0.7301719850572262,0.5476289887929197,224,-82.42556558537319,
64,sequential_greedy,0.6,12,,12,12,0,1.0,8,1.5,5,0.125,1.5,15623.929399673641,2452.457289698517,3270.579888278432,3535.1975039511735,9387.47694931109,22.921875,375.29012135224605,3,0.25,0.75,0.7680526257530746,0.576039469314806,224,-80.42988292077288,
64,dybap_fusion,0.6,12,,12,12,0,1.0,10,2.0,5,0.4,1.2,17084.114524568922,2891.167912564448,4683.273644132509,3798.890886259416,10462.235245374326,20.958984375,497.02356787604896,4,0.3333333333333333,0.6666666666666667,0.7024069045394551,0.46827126969297006,280,-94.74463819273349,
65,no_batch,0.6,12,,12,12,0,1.0,12,2.3333333333333335,4,0.5833333333333334,1.0,25877.265930639394,6312.595516895351,9683.559667779868,10437.848073132383,14137.599343145745,32.0390625,930.9739618627347,8,0.6666666666666666,0.33333333333333337,0.4637275063047395,0.15457583543491318,336,-188.8901248491942,
65,fixed_4,0.6,12,,12,12,0,1.0,6,2.0,4,0.5,2.0,21556.70529205379,5095.980794144739,8361.307156260695,8024.954276637167,12745.122646720121,39.146484375,415.7838161979689,8,0.6666666666666666,0.33333333333333337,0.5566713390298762,0.18555711300995872,168,-120.50189729603777,
65,sequential_greedy,0.6,12,,12,12,0,1.0,7,1.8571428571428572,4,0.42857142857142855,1.7142857142857142,21817.709901738686,5150.93633470801,8622.311765945593,8434.297367699244,12543.006925115376,36.4541015625,469.5610564255344,8,0.6666666666666666,0.33333333333333337,0.5500118964843189,0.18333729882810632,196,-140.29873892809061,
65,dybap_fusion,0.6,12,,12,12,0,1.0,10,2.2,4,0.5,1.2,23477.535438519448,5510.854121717252,9537.268867775512,9473.452593001957,12916.224911156452,32.70703125,717.013381862507,7,0.5833333333333334,0.41666666666666663,0.5111269039045587,0.21296954329356613,280,-162.20779981601032,
66,no_batch,0.6,12,,12,12,0,1.0,12,2.8333333333333335,6,0.5833333333333334,1.0,29145.83715159028,8527.608099768584,15528.887126958281,9918.555477200072,17077.34370934775,50.9853515625,761.1938823674743,9,0.75,0.25,0.41172260510435355,0.10293065127608839,336,-198.64165803746363,
66,fixed_4,0.6,12,,12,12,0,1.0,6,2.1666666666666665,5,0.3333333333333333,2.0,19625.332236828315,5652.070158265033,9149.314388247178,6951.2816132613,10958.765973428788,47.6865234375,326.540567463246,7,0.5833333333333334,0.41666666666666663,0.6114546166755414,0.2547727569481422,168,-117.1902439445551,
66,sequential_greedy,0.6,12,,12,12,0,1.0,6,2.0,5,0.3333333333333333,2.0,19802.54807443905,5639.386493821506,8930.570602969587,7179.284075541577,10912.73449565817,50.4111328125,321.785420564325,8,0.6666666666666666,0.33333333333333337,0.6059826217763102,0.20199420725877007,168,-121.75337126539037,
66,dybap_fusion,0.6,12,,12,12,0,1.0,9,2.3333333333333335,5,0.4444444444444444,1.3333333333333333,23276.68123381877,6415.565836961072,10150.034442021433,8780.339790109418,12576.94944234283,47.5927734375,530.6479186915392,8,0.6666666666666666,0.33333333333333337,0.5155374118611531,0.17184580395371768,251,-152.7585976324964,
67,no_batch,0.6,12,,12,12,0,1.0,12,2.25,4,0.5,1.0,23920.05896709884,5392.727005159789,9015.716267017366,7737.315805047785,15564.76757927961,67.8603515625,617.9755827714511,10,0.8333333333333334,0.16666666666666663,0.5016710040934914,0.0836118340155819,336,-167.25972183108433,
67,fixed_4,0.6,12,,12,12,0,1.0,8,1.5,4,0.25,1.5,19340.863579671837,3868.234890573631,5454.158865070865,6440.77177572254,12517.585219752225,64.9306640625,382.506584197076,9,0.75,0.25,0.6204479934708069,0.15511199836770173,224,-130.26290021225773,
67,sequential_greedy,0.6,12,,12,12,0,1.0,8,1.625,4,0.375,1.5,17921.447138446096,3840.0949254199854,5416.999645562682,6400.90953543502,11149.874965810179,65.4404296875,370.662637200899,9,0.75,0.25,0.6695887841700532,0.1673971960425133,224,-125.80750731243276,
67,dybap_fusion,0.6,12,,12,12,0,1.0,9,1.8888888888888888,4,0.3333333333333333,1.3333333333333333,19697.289365870143,4184.3273545633465,6743.733588652223,6655.682044322888,12584.716555850411,71.7509765625,456.89076569683914,10,0.8333333333333334,0.16666666666666663,0.6092208819753961,0.10153681366256602,252,-137.32998716977315,
68,no_batch,0.6,12,,12,12,0,1.0,12,2.75,6,0.5833333333333334,1.0,30590.9430525489,7119.245023793871,13992.008839492359,16487.82391700714,11532.402619209917,167.4375,553.7219730045528,10,0.8333333333333334,0.16666666666666663,0.3922729671781117,0.06537882786301862,336,-227.93482124886017,
68,fixed_4,0.6,12,,12,12,0,1.0,7,1.8571428571428572,5,0.42857142857142855,1.7142857142857142,23086.954626716848,5240.314466918008,8430.833949068405,12696.85206954943,8108.6671268249665,116.0390625,264.44088701516233,10,0.8333333333333334,0.16666666666666663,0.5197740539635,0.08662900899391666,196,-162.71639612268874,
68,sequential_greedy,0.6,12,,12,12,0,1.0,7,1.7142857142857142,5,0.2857142857142857,1.7142857142857142,24115.46066320505,5346.95767617647,9081.402166584085,13340.396099350515,8471.178289611616,135.375,286.8917309156286,10,0.8333333333333334,0.16666666666666663,0.49760608630252673,0.08293434771708778,196,-170.72440263382833,
68,dybap_fusion,0.6,12,,12,12,0,1.0,10,2.5,6,0.5,1.2,28232.096136508982,6514.531827406222,11633.161923452442,15324.316182197137,10488.20372076616,172.4853515625,402.5816902183976,10,0.8333333333333334,0.16666666666666663,0.4250481417312094,0.07084135695520156,278,-207.56019213621775,
69,no_batch,0.6,12,,12,12,0,1.0,12,1.5833333333333333,3,0.5,1.0,17825.310762179593,3378.207995390123,5914.78576608417,8826.582221972649,8198.115594696032,40.0166015625,800.6129455109104,8,0.6666666666666666,0.33333333333333337,0.6732000445939321,0.22440001486464403,336,-144.29690549612585,
69,fixed_4,0.6,12,,12,12,0,1.0,10,1.2,2,0.2,1.2,16855.378758004506,2693.651964813477,5649.641767582088,8387.962417642775,7446.286165297929,43.142578125,647.0072663526184,6,0.5,0.5,0.7119389111503224,0.3559694555751612,280,-126.36190109837916,
69,sequential_greedy,0.6,12,,12,12,0,1.0,10,1.2,2,0.2,1.2,16855.378758004506,2693.651964813477,5649.641767582088,8387.962417642775,7446.286165297929,43.142578125,647.0072663526184,6,0.5,0.5,0.7119389111503224,0.3559694555751612,280,-126.36190109837916,
69,dybap_fusion,0.6,12,,12,12,0,1.0,11,1.3636363636363635,2,0.36363636363636365,1.0909090909090908,16855.378758004506,2773.709317040824,5515.085759737759,8327.474698101494,7715.255875227846,39.240234375,721.2550100100153,6,0.5,0.5,0.7119389111503224,0.3559694555751612,308,-129.78508578054308,
70,no_batch,0.6,12,,12,12,0,1.0,12,2.8333333333333335,6,0.8333333333333334,1.0,30093.18321079076,8629.705354475382,13642.993127962904,8570.928760214361,20663.941484310784,75.5419921875,858.3129662656136,11,0.9166666666666666,0.08333333333333337,0.3987614043999526,0.033230117033329384,336,-194.3182026425341,
70,fixed_4,0.6,12,,12,12,0,1.0,7,1.8571428571428572,5,0.42857142857142855,1.7142857142857142,20919.73496456526,5650.440592550459,8995.656847412214,7016.352173282962,13412.155082398385,50.47265625,491.2277088839133,10,0.8333333333333334,0.16666666666666663,0.5736210339340394,0.09560350565567323,196,-141.9281316800898,
70,sequential_greedy,0.6,12,,12,12,0,1.0,7,1.7142857142857142,5,0.2857142857142857,1.7142857142857142,21080.4744984918,5552.27810723165,9247.036311888667,6369.070399647793,14224.167603584834,51.375,487.2364952591734,10,0.8333333333333334,0.16666666666666663,0.5692471486283925,0.09487452477139875,196,-139.04890840849492,
70,dybap_fusion,0.6,12,,12,12,0,1.0,9,2.2222222222222223,5,0.5555555555555556,1.3333333333333333,23580.494944944498,6334.672773065765,10999.47738097174,6798.985190555038,16129.834401336546,60.123046875,651.6753530529168,10,0.8333333333333334,0.16666666666666663,0.5088951706916025,0.08481586178193375,252,-153.14428616890433,
71,no_batch,0.6,12,,12,12,0,1.0,12,1.4166666666666667,3,0.25,1.0,30424.632122582283,3902.3411478967223,9733.920345136117,9487.781477808165,15560.941931025009,41.1796875,646.4199894263827,7,0.5833333333333334,0.41666666666666663,0.39441725874125383,0.16434052447552244,336,-177.301577815938,
71,fixed_4,0.6,12,,12,12,0,1.0,10,1.2,3,0.1,1.2,25668.206048737564,2969.607062203098,6326.89967410603,9141.638951707228,11257.60602964758,42.111328125,539.4723430600355,7,0.5833333333333334,0.41666666666666663,0.4675044285220001,0.1947935118841667,280,-150.79660325234022,
71,sequential_greedy,0.6,12,,12,12,0,1.0,10,1.3,3,0.2,1.2,25388.298222001184,3081.570776051992,6032.194926037084,8792.528958152416,11302.11799827726,37.8076171875,564.162541248788,7,0.5833333333333334,0.41666666666666663,0.47265869870714494,0.19694112446131037,280,-143.69936794945627,
71,dybap_fusion,0.6,12,,12,12,0,1.0,11,1.3636363636363635,3,0.18181818181818182,1.0909090909090908,28273.027876434397,3510.5215641230884,8931.72150180286,9489.018506818165,13472.135419776881,48.85546875,582.3852255166298,7,0.5833333333333334,0.41666666666666663,0.42443278634482634,0.1768469943103443,308,-163.1565193245622,
72,no_batch,0.6,12,,12,12,0,1.0,12,1.5833333333333333,3,0.4166666666666667,1.0,14046.124031774925,2080.9556045027416,4184.179226024974,4159.593448884373,7644.245929807963,16.4560546875,649.7859980351247,3,0.25,0.75,0.854328209892906,0.6407461574196796,336,-85.37654670223867,
72,fixed_4,0.6,12,,12,12,0,1.0,9,1.3333333333333333,2,0.3333333333333333,1.3333333333333333,14046.124031774925,1607.2001067594058,2863.071515440307,3800.778121961704,6841.1715074359845,18.46875,490.56803674510473,2,0.16666666666666666,0.8333333333333334,0.854328209892906,0.711940174910755,252,-67.7924700031289,
72,sequential_greedy,0.6,12,,12,12,0,1.0,9,1.5555555555555556,3,0.4444444444444444,1.3333333333333333,14046.124031774925,1724.6969797950758,3313.1670900136523,3751.148907204995,7204.075197449073,19.453125,457.3200397753819,3,0.25,0.75,0.854328209892906,0.6407461574196796,245,-70.85458293960869,
72,dybap_fusion,0.6,12,,12,12,0,1.0,11,1.4545454545454546,3,0.36363636363636365,1.0909090909090908,14046.124031774925,2031.1655913006489,3963.7477623545174,4138.912183669716,7485.66028292857,18.978515625,608.621446458719,3,0.25,0.75,0.854328209892906,0.6407461574196796,305,-83.22616136368535,
73,no_batch,0.6,12,,12,12,0,1.0,12,2.3333333333333335,5,0.5833333333333334,1.0,26092.48039133678,6069.8680506513665,10736.750083887386,8746.16373777184,16109.303311630973,45.59765625,834.1067882252066,10,0.8333333333333334,0.16666666666666663,0.4599026163869127,0.07665043606448545,336,-183.182991895336,
73,fixed_4,0.6,12,,12,12,0,1.0,7,1.7142857142857142,4,0.2857142857142857,1.7142857142857142,19883.55781704315,3756.3273706264667,6030.135112010228,8835.941972924915,10122.589816920088,56.2119140625,522.1194734893957,9,0.75,0.25,0.6035137227661653,0.15087843069154133,196,-142.8903699028649,
73,sequential_greedy,0.6,12,,12,12,0,1.0,8,1.75,4,0.375,1.5,22010.438173859013,3723.878568161003,6840.814091678343,8054.453504226026,12959.989192850126,51.6123046875,593.0889230741049,9,0.75,0.25,0.54519587048712,0.13629896762178,224,-144.4874498069628,
73,dybap_fusion,0.6,12,,12,12,0,1.0,10,1.9,4,0.5,1.2,22974.297332958162,4554.449072347325,7618.567025508768,8302.491949758258,13573.23189597174,46.5146484375,695.6669335194006,9,0.75,0.25,0.5223228299907654,0.13058070749769135,280,-159.46066831065093,
74,no_batch,0.6,12,,12,12,0,1.0,12,4.75,10,0.75,1.0,29817.362366505873,12297.298171510374,15207.867251432062,7681.368877075205,17923.001282977024,31.55859375,854.2916965841559,10,0.8333333333333334,0.16666666666666663,0.402450084366943,0.06707501406115716,336,-183.70836183286679,
74,fixed_4,0.6,12,,12,12,0,1.0,5,4.0,10,0.6,2.4,22788.240475197792,9722.901908977727,14023.345594765306,5471.414360326337,13611.17250166434,41.7978515625,346.9531033376334,10,0.8333333333333334,0.16666666666666663,0.5265873867295955,0.08776456445493258,140,-130.45149549200343,
74,sequential_greedy,0.6,12,,12,12,0,1.0,4,3.5,10,0.5,3.0,22433.933997434622,9882.100956994109,15020.33560268132,6060.387672316647,12745.198774801025,58.5556640625,269.6470404474675,10,0.8333333333333334,0.16666666666666663,0.5349039540444503,0.08915065900740839,112,-128.94388021546757,
74,dybap_fusion,0.6,12,,12,12,0,1.0,5,3.8,10,0.6,2.4,22520.2293233239,9048.998419970718,14759.741010964966,5626.320654940226,13187.246579673902,42.896484375,347.9615788402885,10,0.8333333333333334,0.16666666666666663,0.5328542541781207,0.08880904236302012,140,-131.21122292283968,
75,no_batch,0.6,12,,12,12,0,1.0,12,2.6666666666666665,5,0.6666666666666666,1.0,28808.37646530717,7170.951138714362,11050.960127149921,8408.769452458804,17909.978730082166,24.837890625,663.3955422248256,7,0.5833333333333334,0.41666666666666663,0.4165455146162486,0.17356063109010358,336,-185.68109578977922,
75,fixed_4,0.6,12,,12,12,0,1.0,7,1.7142857142857142,3,0.42857142857142855,1.7142857142857142,24414.22112185128,4288.514864502714,7739.591702412859,6744.480443939039,15443.291064897187,32.361328125,400.2168724736828,7,0.5833333333333334,0.41666666666666663,0.49151680654107494,0.20479866939211455,196,-132.56888662609438,
75,sequential_greedy,0.6,12,,12,12,0,1.0,7,1.8571428571428572,3,0.5714285714285714,1.7142857142857142,23853.389020082086,4037.243154993772,7739.591702412859,6221.387414064015,15453.181570801671,28.5,352.58729467503537,7,0.5833333333333334,0.41666666666666663,0.503073168760097,0.20961382031670708,193,-126.69487972009541,
75,dybap_fusion,0.6,12,,12,12,0,1.0,11,2.3636363636363638,5,0.6363636363636364,1.0909090909090908,26480.52926418978,5564.694633912899,8723.112926032532,8008.0766109124415,16055.688175730638,25.388671875,590.5317370053288,7,0.5833333333333334,0.41666666666666663,0.45316314792196666,0.18881797830081945,308,-169.64049638742947,
76,no_batch,0.6,12,,12,12,0,1.0,12,1.8333333333333333,5,0.3333333333333333,1.0,41042.13461396049,6184.188499516143,11832.829665841278,8432.97705019673,16319.601752261018,30.3720703125,639.0405544507589,6,0.5,0.5,0.2923824531270408,0.1461912265635204,336,-174.30930755714607,
76,fixed_4,0.6,12,,12,12,0,1.0,9,1.4444444444444444,5,0.1111111111111111,1.3333333333333333,39732.63393378477,6016.5137495248055,11855.115697283616,7649.239358235516,15938.690357857216,39.33984375,494.188960640056,6,0.5,0.5,0.30201873905460785,0.15100936952730393,252,-160.86857785284897,
76,sequential_greedy,0.6,12,,12,12,0,1.0,8,1.5,5,0.125,1.5,39356.34795061448,6083.832516895262,12218.385920306775,7517.02479385838,15758.118529298594,42.97265625,430.68937040552913,6,0.5,0.5,0.3049063397614524,0.1524531698807262,224,-157.4857517470578,
76,dybap_fusion,0.6,12,,12,12,0,1.0,10,1.6,5,0.2,1.2,39735.486982962546,5881.656571213988,11266.433543909056,7464.305824616005,16058.36108613487,32.2587890625,562.3048151596882,6,0.5,0.5,0.30199705379589936,0.15099852689794968,280,-162.59524715054906,
77,no_batch,0.6,12,,12,12,0,1.0,12,1.3333333333333333,2,0.3333333333333333,1.0,34169.49428382884,3199.4664853762965,5969.482293346898,10995.396110082844,12211.529315876323,43.0107421875,705.9001192340859,9,0.75,0.25,0.35119044783987796,0.08779761195996949,336,-184.0806030937785,
77,fixed_4,0.6,12,,12,12,0,1.0,10,1.2,2,0.2,1.2,30543.157400834305,2714.338079406309,3886.4427906946175,9593.468728624473,9189.151540310933,38.4873046875,525.6768312363988,8,0.6666666666666666,0.33333333333333337,0.39288668956249473,0.13096222985416492,280,-147.94512529013207,
77,sequential_greedy,0.6,12,,12,12,0,1.0,10,1.2,2,0.2,1.2,30543.157400834305,2714.338079406309,3886.4427906946175,9593.468728624473,9189.151540310933,38.4873046875,525.6768312363988,8,0.6666666666666666,0.33333333333333337,0.39288668956249473,0.13096222985416492,280,-147.94512529013207,
77,dybap_fusion,0.6,12,,12,12,0,1.0,12,1.3333333333333333,2,0.3333333333333333,1.0,34169.49428382884,3199.4664853762965,5969.482293346898,10995.396110082844,12211.529315876323,43.0107421875,705.9001192340859,9,0.75,0.25,0.35119044783987796,0.08779761195996949,336,-184.0806030937785,
78,no_batch,0.6,12,,12,12,0,1.0,12,1.0,1,0.0,1.0,19884.117380185082,1698.374676344387,2989.9539469264796,8531.036495787506,6233.097488440208,59.982421875,766.8529123382858,2,0.16666666666666666,0.8333333333333334,0.6034967391591763,0.5029139492993135,336,-121.24467942286962,
78,fixed_4,0.6,12,,12,12,0,1.0,12,1.0,1,0.0,1.0,19884.117380185082,1698.374676344387,2989.9539469264796,8531.036495787506,6233.097488440208,59.982421875,766.8529123382858,2,0.16666666666666666,0.8333333333333334,0.6034967391591763,0.5029139492993135,336,-121.24467942286962,
78,sequential_greedy,0.6,12,,12,12,0,1.0,12,1.0,1,0.0,1.0,19884.117380185082,1698.374676344387,2989.9539469264796,8531.036495787506,6233.097488440208,59.982421875,766.8529123382858,2,0.16666666666666666,0.8333333333333334,0.6034967391591763,0.5029139492993135,336,-121.24467942286962,
78,dybap_fusion,0.6,12,,12,12,0,1.0,12,1.0,1,0.0,1.0,19884.117380185082,1698.374676344387,2989.9539469264796,8531.036495787506,6233.097488440208,59.982421875,766.8529123382858,2,0.16666666666666666,0.8333333333333334,0.6034967391591763,0.5029139492993135,336,-121.24467942286962,
79,no_batch,0.6,12,,12,12,0,1.0,12,1.25,2,0.25,1.0,23422.288873063746,2652.742179173388,4381.941449812131,9453.438087922588,11993.199255004993,36.4130859375,849.7867787165192,6,0.5,0.5,0.5123325079386378,0.2561662539693189,336,-162.85257409145652,
79,fixed_4,0.6,12,,12,12,0,1.0,11,1.0909090909090908,2,0.09090909090909091,1.0909090909090908,23409.65091811046,2453.184803020138,3934.09319541338,8985.258611302574,11706.225246732653,38.296875,790.6707101565985,6,0.5,0.5,0.5126090962217815,0.25630454811089076,308,-155.8838730605644,
79,sequential_greedy,0.6,12,,12,12,0,1.0,11,1.0909090909090908,2,0.09090909090909091,1.0909090909090908,23409.65091811046,2453.184803020138,3934.09319541338,8985.258611302574,11706.225246732653,38.296875,790.6707101565985,6,0.5,0.5,0.5126090962217815,0.25630454811089076,308,-155.8838730605644,
79,dybap_fusion,0.6,12,,12,12,0,1.0,11,1.0909090909090908,2,0.09090909090909091,1.0909090909090908,23409.65091811046,2453.184803020138,3934.09319541338,8985.258611302574,11706.225246732653,38.296875,790.6707101565985,6,0.5,0.5,0.5126090962217815,0.25630454811089076,308,-155.8838730605644,
80,no_batch,0.6,12,,12,12,0,1.0,12,2.3333333333333335,5,0.6666666666666666,1.0,21932.21994613026,5619.1470863108625,8857.508126652698,8418.253421252393,12565.305790645549,39.263671875,948.6607342323124,9,0.75,0.25,0.5471402361217561,0.13678505903043903,336,-161.74711794418934,
80,fixed_4,0.6,12,,12,12,0,1.0,6,2.0,4,0.5,2.0,18918.231834287537,4163.044401401966,6890.941042169597,5782.43797567145,11132.26051873668,46.4765625,441.0783216268794,7,0.5833333333333334,0.41666666666666663,0.6343087506862621,0.26429531278594254,168,-101.77813496703425,
80,sequential_greedy,0.6,12,,12,12,0,1.0,6,2.0,4,0.5,2.0,18918.231834287537,4163.044401401966,6890.941042169597,5782.43797567145,11132.26051873668,46.4765625,441.0783216268794,7,0.5833333333333334,0.41666666666666663,0.6343087506862621,0.26429531278594254,168,-101.77813496703425,
80,dybap_fusion,0.6,12,,12,12,0,1.0,9,1.8888888888888888,4,0.5555555555555556,1.3333333333333333,20418.668504350146,4551.780595322831,7706.939276611829,7247.22113454104,11371.472902135425,42.0439453125,688.294447489421,7,0.5833333333333334,0.41666666666666663,0.5876974787774938,0.2448739494906224,252,-137.11620718595938,
81,no_batch,0.6,12,,12,12,0,1.0,12,1.0833333333333333,2,0.08333333333333333,1.0,28523.45508971441,1798.3840621205636,3417.9147532891857,7762.205584740489,7002.170112998283,37.3037109375,679.8627277061775,3,0.25,0.75,0.4207063962712993,0.31552979720347446,336,-119.3688687155568,
81,fixed_4,0.6,12,,12,12,0,1.0,11,1.0909090909090908,2,0.09090909090909091,1.0909090909090908,28523.45508971441,1859.176239787017,3543.6879661948738,7865.369969690169,7178.371178465295,36.9287109375,643.9129642088991,3,0.25,0.75,0.4207063962712993,0.31552979720347446,308,-118.70525006897131,
81,sequential_greedy,0.6,12,,12,12,0,1.0,12,1.0833333333333333,2,0.08333333333333333,1.0,28523.45508971441,1798.3840621205636,3417.9147532891857,7762.205584740489,7002.170112998283,37.3037109375,679.8627277061775,3,0.25,0.75,0.4207063962712993,0.31552979720347446,336,-119.3688687155568,
81,dybap_fusion,0.6,12,,12,12,0,1.0,12,1.0833333333333333,2,0.08333333333333333,1.0,28523.45508971441,1798.3840621205636,3417.9147532891857,7762.205584740489,7002.170112998283,37.3037109375,679.8627277061775,3,0.25,0.75,0.4207063962712993,0.31552979720347446,336,-119.3688687155568,
82,no_batch,0.6,12,,12,12,0,1.0,12,2.75,4,0.75,1.0,39817.46396663293,10950.948757522574,18116.526836096516,11032.937029944242,25085.781795368846,67.564453125,691.867814537554,9,0.75,0.25,0.3013752962784373,0.07534382406960932,336,-247.0713972394272,
82,fixed_4,0.6,12,,12,12,0,1.0,6,2.0,4,0.5,2.0,33367.354936921336,6373.566255015262,13166.301535370612,9086.430162546209,20957.471413535466,64.974609375,316.57603405737393,9,0.75,0.25,0.3596329413189977,0.08990823532974943,168,-159.39621229236397,
82,sequential_greedy,0.6,12,,12,12,0,1.0,8,1.75,4,0.375,1.5,35148.77575945266,6578.9701380204615,14618.194185455251,9707.561985308763,22072.400304082603,63.474609375,361.9361432790136,8,0.6666666666666666,0.33333333333333337,0.34140591644284524,0.11380197214761509,224,-207.13474042791648,
82,dybap_fusion,0.6,12,,12,12,0,1.0,9,2.3333333333333335,4,0.6666666666666666,1.3333333333333333,34852.25460153047,7970.911009101525,14866.248053075926,9947.17510592044,21434.821178237937,56.630859375,463.38099058980924,7,0.5833333333333334,0.41666666666666663,0.34431058011016147,0.1434627417125673,252,-209.41802262060398,
83,no_batch,0.6,12,,12,12,0,1.0,12,1.25,3,0.16666666666666666,1.0,34713.09925158609,3507.102991841177,9767.59914552972,7409.249508869344,19657.811053426285,52.1103515625,817.8376329223149,5,0.4166666666666667,0.5833333333333333,0.34569082734529105,0.20165298261808645,336,-176.83543452505631,
83,fixed_4,0.6,12,,12,12,0,1.0,10,1.2,3,0.1,1.2,34713.09925158609,3334.015903926908,9767.59914552972,6962.55748001594,18549.14559400308,54.9990234375,737.9732951542603,4,0.3333333333333333,0.6666666666666667,0.34569082734529105,0.23046055156352735,280,-158.74272486786649,
83,sequential_greedy,0.6,12,,12,12,0,1.0,10,1.2,3,0.1,1.2,34713.09925158609,3334.015903926908,9767.59914552972,6962.55748001594,18549.14559400308,54.9990234375,737.9732951542603,4,0.3333333333333333,0.6666666666666667,0.34569082734529105,0.23046055156352735,280,-158.74272486786649,
83,dybap_fusion,0.6,12,,12,12,0,1.0,11,1.1818181818181819,3,0.09090909090909091,1.0909090909090908,34713.09925158609,3390.130376636022,9767.59914552972,7107.025599982512,19423.99041461161,52.8837890625,767.8297831704551,5,0.4166666666666667,0.5833333333333333,0.34569082734529105,0.20165298261808645,308,-171.179318641811,
84,no_batch,0.6,12,,12,12,0,1.0,12,3.75,6,0.75,1.0,36195.19065568497,10641.144057329055,18231.404042171314,8631.950486628859,26734.32253671159,55.1337890625,828.9176323445297,11,0.9166666666666666,0.08333333333333337,0.3315357588291976,0.027627979902433132,336,-237.6357724951936,
84,fixed_4,0.6,12,,12,12,0,1.0,5,2.6,5,0.6,2.4,25179.350714412016,6082.553982100934,9938.934086657999,5679.511324572386,19197.304149641903,66.94921875,302.53524019772317,11,0.9166666666666666,0.08333333333333337,0.4765809943276856,0.03971508286064047,140,-148.50711427632547,
84,sequential_greedy,0.6,12,,12,12,0,1.0,5,2.4,5,0.6,2.4,24591.66409209187,5383.688818949507,9615.706444381918,5768.206808616294,18518.99513569579,50.1826171875,304.4621477797835,9,0.75,0.25,0.4879702306871918,0.12199255767179795,140,-143.22513416546937,
84,dybap_fusion,0.6,12,,12,12,0,1.0,7,2.7142857142857144,5,0.5714285714285714,1.7142857142857142,26999.63275328564,6326.163741620495,11445.273354354209,6645.350298364326,19942.289730038057,54.6328125,411.99272488325164,10,0.8333333333333334,0.16666666666666663,0.444450489740076,0.074075081623346,196,-169.6415143403773,
85,no_batch,0.6,12,,12,12,0,1.0,12,2.0,4,0.4166666666666667,1.0,20879.029187542452,3453.2940298980707,5933.6964440516895,9951.265748719352,6363.481710958893,37.470703125,665.5741119634016,7,0.5833333333333334,0.41666666666666663,0.5747393660984891,0.23947473587437046,336,-139.12542052754563,
85,fixed_4,0.6,12,,12,12,0,1.0,8,1.5,4,0.25,1.5,18185.69988952252,2772.9870962907175,4702.0032092132105,8893.274960515388,4967.728073259186,49.1572265625,425.9892398471426,7,0.5833333333333334,0.41666666666666663,0.6598591240864842,0.27494130170270176,224,-115.35904649967877,
85,sequential_greedy,0.6,12,,12,12,0,1.0,8,1.625,4,0.25,1.5,18215.093368803795,2933.101076128533,4870.020468028767,8938.430060295534,4952.820506010095,49.5498046875,425.13518659736417,7,0.5833333333333334,0.41666666666666663,0.658794317274919,0.27449763219788287,224,-116.13968926719937,
85,dybap_fusion,0.6,12,,12,12,0,1.0,10,1.7,4,0.3,1.2,19513.79441574939,2935.7792350612362,5390.417842531129,9286.378766422416,5793.780386336968,42.24609375,534.9276470892025,7,0.5833333333333334,0.41666666666666663,0.6149495963898707,0.25622899849577946,280,-125.83070233564972,
86,no_batch,0.6,12,,12,12,0,1.0,12,4.083333333333333,8,0.75,1.0,22268.915179094638,9345.13124883548,12721.763358763632,9737.619643974382,11803.14571187503,31.46484375,728.1498232452251,10,0.8333333333333334,0.16666666666666663,0.5388677402330413,0.08981129003884022,336,-175.11468667783384,
86,fixed_4,0.6,12,,12,12,0,1.0,5,3.2,6,0.6,2.4,17210.624820415356,7094.098974251326,10667.968434347964,8331.85033375397,8588.836781230766,51.65625,289.93770543062146,10,0.8333333333333334,0.16666666666666663,0.6972437157403794,0.11620728595672988,140,-132.80863852508213,
86,sequential_greedy,0.6,12,,12,12,0,1.0,4,3.0,6,0.5,3.0,15860.56736599578,6804.973569685113,9783.63762127214,7510.777352853109,8129.778097470953,53.912109375,220.01191567171787,10,0.8333333333333334,0.16666666666666663,0.7565933628406868,0.12609889380678113,112,-121.15336192230258,
86,dybap_fusion,0.6,12,,12,12,0,1.0,7,3.5714285714285716,6,0.7142857142857143,1.7142857142857142,17730.874988714793,7312.198560436035,11497.795527098457,7445.889874680886,9904.250229039122,37.46484375,380.73488499478617,10,0.8333333333333334,0.16666666666666663,0.6767855510592492,0.1127975918432082,193,-135.78894224202006,
87,no_batch,0.6,12,,12,12,0,1.0,12,1.0833333333333333,2,0.08333333333333333,1.0,34000.09710209022,3009.455379497575,5349.376817743745,10940.268049371502,11678.412961894932,62.05078125,853.1616098694589,7,0.5833333333333334,0.41666666666666663,0.35294016849329163,0.1470584035388715,336,-178.35941071522052,
87,fixed_4,0.6,12,,12,12,0,1.0,11,1.0909090909090908,2,0.09090909090909091,1.0909090909090908,34000.09710209022,2951.86305541903,5277.948414080937,10522.690189863457,11645.375853632953,58.0986328125,782.7628693680952,7,0.5833333333333334,0.41666666666666663,0.35294016849329163,0.1470584035388715,308,-173.24301093445877,
87,sequential_greedy,0.6,12,,12,12,0,1.0,11,1.0909090909090908,2,0.09090909090909091,1.0909090909090908,34000.09710209022,2951.86305541903,5277.948414080937,10522.690189863457,11645.375853632953,58.0986328125,782.7628693680952,7,0.5833333333333334,0.41666666666666663,0.35294016849329163,0.1470584035388715,308,-173.24301093445877,
87,dybap_fusion,0.6,12,,12,12,0,1.0,11,1.0909090909090908,2,0.09090909090909091,1.0909090909090908,34000.09710209022,2951.86305541903,5277.948414080937,10522.690189863457,11645.375853632953,58.0986328125,782.7628693680952,7,0.5833333333333334,0.41666666666666663,0.35294016849329163,0.1470584035388715,308,-173.24301093445877,
88,no_batch,0.6,12,,12,12,0,1.0,12,2.0,4,0.4166666666666667,1.0,24445.348605211744,3388.6015572357137,6797.7419960115385,9816.135269071126,5189.273822180721,29.3203125,713.6420560791857,7,0.5833333333333334,0.41666666666666663,0.49089093364132275,0.2045378890172178,336,-136.80868653974585,
88,fixed_4,0.6,12,,12,12,0,1.0,8,1.5,4,0.25,1.5,22006.406034441527,2999.4494324929947,5325.096038531826,9260.137747789826,3518.752927282066,43.9453125,501.21790148892296,7,0.5833333333333334,0.41666666666666663,0.5452957643887504,0.22720656849531265,224,-115.61925519504896,
88,sequential_greedy,0.6,12,,12,12,0,1.0,9,1.6666666666666667,4,0.2222222222222222,1.3333333333333333,22090.47660413566,2778.763284198636,5860.485729058471,8958.206070676435,3835.9251482358663,34.72265625,570.0479273426489,7,0.5833333333333334,0.41666666666666663,0.5432205114919714,0.2263418797883214,251,-117.07352626480329,
88,dybap_fusion,0.6,12,,12,12,0,1.0,9,1.6666666666666667,4,0.2222222222222222,1.3333333333333333,21411.930960851587,2575.4788799311305,5179.140530502723,8555.837406015442,3561.720787980598,30.9697265625,568.0753089748359,6,0.5,0.5,0.5604352088534261,0.28021760442671306,252,-110.89318237585036,
89,no_batch,0.6,12,,12,12,0,1.0,12,3.3333333333333335,6,0.6666666666666666,1.0,40415.85284386877,12602.951003648172,23642.659336000623,10259.18218981307,27830.32994867397,72.2578125,581.7758383490017,11,0.9166666666666666,0.08333333333333337,0.29691319508603276,0.024742766257169396,336,-249.80465870935632,
89,fixed_4,0.6,12,,12,12,0,1.0,6,2.1666666666666665,5,0.5,2.0,23969.074581008044,5675.9636709542765,10377.789818113386,8647.864698856089,13305.927749661183,53.8359375,270.7172654580406,10,0.8333333333333334,0.16666666666666663,0.5006451108257733,0.08344085180429556,168,-144.73919421989692,
89,sequential_greedy,0.6,12,,12,12,0,1.0,6,2.3333333333333335,5,0.5,2.0,22304.6477346177,5223.891956281649,9608.456904581728,7120.0640349416535,13153.155858090688,41.9091796875,286.8629745526325,9,0.75,0.25,0.5380044617954455,0.13450111544886137,168,-130.54705392191988,
89,dybap_fusion,0.6,12,,12,12,0,1.0,9,2.4444444444444446,5,0.5555555555555556,1.3333333333333333,33107.55743007083,8119.938397259345,16991.554367902252,9400.04299298227,21553.368636164043,73.5673828125,409.5809338917895,10,0.8333333333333334,0.16666666666666663,0.3624550082060924,0.06040916803434874,252,-204.35760606628614,
90,no_batch,0.6,12,,12,12,0,1.0,12,3.8333333333333335,7,0.8333333333333334,1.0,35957.07729690632,13538.797610877615,19889.96899367975,12011.88969815931,23245.425750909108,58.5,699.761847837906,10,0.8333333333333334,0.16666666666666663,0.3337312401926632,0.055621873365443865,336,-248.28619034596218,
90,fixed_4,0.6,12,,12,12,0,1.0,4,3.25,5,0.75,3.0,24049.46067191188,7956.773157780539,12684.943738489117,8446.231537088706,15378.781118829822,60.9580078125,224.44801599335034,10,0.8333333333333334,0.16666666666666663,0.49897168854248686,0.08316194809041448,112,-135.60283154785708,
90,sequential_greedy,0.6,12,,12,12,0,1.0,4,3.25,5,0.75,3.0,24049.46067191188,7956.773157780538,12684.943738489117,8446.231537088706,15378.781118829822,60.9580078125,224.44801599335037,10,0.8333333333333334,0.16666666666666663,0.49897168854248686,0.08316194809041448,112,-135.60283154785708,
90,dybap_fusion,0.6,12,,12,12,0,1.0,8,3.375,6,0.75,1.5,28202.80486207544,9635.356194468006,17375.245674972357,10303.729987387798,17430.940205411534,60.64453125,468.1346692761076,10,0.8333333333333334,0.16666666666666663,0.4254895943394802,0.07091493238991337,224,-193.0969797537272,
91,no_batch,0.6,12,,12,12,0,1.0,12,1.5,3,0.3333333333333333,1.0,15379.434029562406,2044.4854601038517,4112.41216692734,6243.258924741598,6461.602243575507,25.3154296875,925.5970815428493,5,0.4166666666666667,0.5833333333333333,0.7802627832034361,0.45515329020200446,336,-108.50875140889806,
91,fixed_4,0.6,12,,12,12,0,1.0,9,1.3333333333333333,3,0.2222222222222222,1.3333333333333333,13738.933289414179,1599.2210188232511,2471.911426779112,5599.2574909294935,5734.340083812106,25.962890625,656.3599349701276,3,0.25,0.75,0.8734302545340966,0.6550726909005725,252,-84.46508873220418,
91,sequential_greedy,0.6,12,,12,12,0,1.0,9,1.3333333333333333,3,0.2222222222222222,1.3333333333333333,13738.933289414179,1599.2210188232511,2471.911426779112,5599.2574909294935,5734.340083812106,25.962890625,656.3599349701276,3,0.25,0.75,0.8734302545340966,0.6550726909005725,252,-84.46508873220418,
91,dybap_fusion,0.6,12,,12,12,0,1.0,10,1.3,3,0.2,1.2,14094.882854737998,1609.0043820164665,2827.860992102931,5877.889647056951,5728.2922103792835,25.8984375,739.7252175993144,3,0.25,0.75,0.8513728083923874,0.6385296062942906,280,-94.12238839437882,
92,no_batch,0.6,12,,12,12,0,1.0,12,2.5833333333333335,5,0.75,1.0,24590.568525748684,6293.396650569813,10524.837418815587,11023.073193704548,12882.134636270135,53.0888671875,685.3606957739955,9,0.75,0.25,0.4879919708824483,0.12199799272061207,336,-188.14080692074978,
92,fixed_4,0.6,12,,12,12,0,1.0,7,1.7142857142857142,4,0.42857142857142855,1.7142857142857142,19812.256344389192,4449.0754068851575,7120.173019327479,9397.399759397098,10056.063642124327,55.8251953125,358.7929428677635,7,0.5833333333333334,0.41666666666666663,0.605685682206428,0.25236903425267837,196,-138.0416853907644,
92,sequential_greedy,0.6,12,,12,12,0,1.0,8,1.75,4,0.5,1.5,21260.478365280196,4599.971698585971,7675.314798206463,9475.356975365405,11387.412610125304,53.7919921875,397.7087797894862,7,0.5833333333333334,0.41666666666666663,0.5644275633796093,0.23517815140817053,221,-149.43665088660993,
92,dybap_fusion,0.6,12,,12,12,0,1.0,10,2.3,4,0.7,1.2,21639.656306567143,5143.138731433874,8972.73602189765,9043.589585256148,12059.940530760827,54.1376953125,536.1261905501651,9,0.75,0.25,0.5545374579890289,0.13863436449725722,277,-157.53320161446555,
93,no_batch,0.6,12,,12,12,0,1.0,12,4.75,10,0.75,1.0,35620.49472877548,18947.956157528184,23485.31081297008,11287.007837272651,23901.182502616066,31.412109375,432.3043888867592,10,0.8333333333333334,0.16666666666666663,0.3368847089680083,0.05614745149466805,336,-247.57799022058208,
93,fixed_4,0.6,12,,12,12,0,1.0,5,4.0,10,0.6,2.4,28769.980469386814,15565.887020403197,19057.599887169552,7499.2344257275345,21079.440308165416,44.5078125,191.30573549386017,10,0.8333333333333334,0.16666666666666663,0.41710143017889095,0.06951690502981515,140,-177.96669605254777,
93,sequential_greedy,0.6,12,,12,12,0,1.0,4,3.5,10,0.5,3.0,25994.284721682678,14401.341565400808,18348.39832822987,6677.377417141598,19157.99612076071,48.4453125,158.91118378036816,10,0.8333333333333334,0.16666666666666663,0.46163993848964846,0.07693998974827473,112,-164.1447472325456,
93,dybap_fusion,0.6,12,,12,12,0,1.0,5,4.4,10,0.6,2.4,26597.518979593347,14788.90697948776,19178.614927394836,7110.457019823997,19286.58616148867,40.189453125,200.47579828068126,10,0.8333333333333334,0.16666666666666663,0.4511699008169472,0.0751949834694912,140,-174.68437681465153,
94,no_batch,0.6,12,,12,12,0,1.0,12,4.416666666666667,8,0.75,1.0,38331.62038151601,12518.009981844143,18946.21232899296,8625.848872663082,27585.12864414294,29.3701171875,910.2073765461388,9,0.75,0.25,0.31305746745281215,0.07826436686320304,336,-245.2306922511964,
94,fixed_4,0.6,12,,12,12,0,1.0,5,3.4,7,0.6,2.4,33204.89894415674,9947.132701700802,19883.400547390745,6082.160219387311,25510.875052260497,38.91796875,401.4281843450764,9,0.75,0.25,0.3613924565824258,0.09034811414560645,140,-180.78401485132875,
94,sequential_greedy,0.6,12,,12,12,0,1.0,4,3.0,7,0.5,3.0,32995.950326489336,9431.028935838876,20396.485944762484,6100.863802201026,25340.633195048747,46.7607421875,344.0178410757146,9,0.75,0.25,0.36368099361473255,0.09092024840368314,112,-172.14857444634362,
94,dybap_fusion,0.6,12,,12,12,0,1.0,8,3.75,8,0.625,1.5,34853.7807073164,10904.579273609956,19063.215294889065,7045.159378244996,25963.386711419378,32.4140625,634.7991294881791,9,0.75,0.25,0.3442955041454368,0.0860738760363592,224,-217.3765519086138,
95,no_batch,0.6,12,,12,12,0,1.0,12,1.1666666666666667,2,0.16666666666666666,1.0,25938.263300038696,1998.4527250356089,3979.174235605647,10239.706326138617,6191.451396178437,54.73828125,819.5338928976971,6,0.5,0.5,0.46263698772701173,0.23131849386350586,336,-140.9319788105691,
95,fixed_4,0.6,12,,12,12,0,1.0,11,1.0909090909090908,2,0.09090909090909091,1.0909090909090908,25938.263300038696,1883.882228592002,3437.986355084065,10025.643921772891,5839.082930960645,55.5087890625,803.6180833185151,6,0.5,0.5,0.46263698772701173,0.23131849386350586,308,-136.2791564435882,
95,sequential_greedy,0.6,12,,12,12,0,1.0,11,1.1818181818181819,2,0.18181818181818182,1.0909090909090908,25938.263300038696,1834.5758730318794,3612.5388474280726,9859.036649368129,5521.785094465269,54.87890625,769.9439713089864,6,0.5,0.5,0.46263698772701173,0.23131849386350586,308,-129.596366883219,
95,dybap_fusion,0.6,12,,12,12,0,1.0,12,1.1666666666666667,2,0.16666666666666666,1.0,25938.263300038696,1998.4527250356089,3979.174235605647,10239.706326138617,6191.451396178437,54.73828125,819.5338928976971,6,0.5,0.5,0.46263698772701173,0.23131849386350586,336,-140.9319788105691,
96,no_batch,0.6,12,,12,12,0,1.0,12,1.5,4,0.25,1.0,22628.476258243674,4312.66716458387,8093.881748105265,8849.94466492627,13127.501188944283,26.455078125,651.0304043731231,7,0.5833333333333334,0.41666666666666663,0.530305260639383,0.22096052526640955,336,-167.31977553112452,
96,fixed_4,0.6,12,,12,12,0,1.0,9,1.3333333333333333,4,0.1111111111111111,1.3333333333333333,21599.725177026485,4431.303571605337,8719.07081480419,8442.466088293364,12652.134954201103,35.5048828125,505.1241345320159,7,0.5833333333333334,0.41666666666666663,0.5555626241376083,0.23148442672400346,252,-155.11818467046075,
96,sequential_greedy,0.6,12,,12,12,0,1.0,10,1.3,4,0.1,1.2,21683.56613774439,4131.46042503729,7799.086012340584,8238.019079332098,12882.31813444242,27.884765625,563.2289239698732,7,0.5833333333333334,0.41666666666666663,0.5534145040428432,0.230589376684518,279,-156.47695734682213,
96,dybap_fusion,0.6,12,,12,12,0,1.0,11,1.3636363636363635,4,0.18181818181818182,1.0909090909090908,22159.194481312643,4196.131989328803,7835.776770793197,8518.00430330587,13034.774632805515,26.9765625,606.4155452012589,7,0.5833333333333334,0.41666666666666663,0.5415359303841065,0.2256399709933777,308,-162.8713953559349,
97,no_batch,0.6,12,,12,12,0,1.0,12,1.0833333333333333,2,0.08333333333333333,1.0,23534.29509705171,1821.2477908268977,2963.861964565604,11202.331602889171,5581.835845358581,63.8203125,868.9202986830885,4,0.3333333333333333,0.6666666666666667,0.5098941757343443,0.33992945048956286,336,-148.36498444535093,
97,fixed_4,0.6,12,,12,12,0,1.0,11,1.0909090909090908,2,0.09090909090909091,1.0909090909090908,23534.29509705171,1887.4283017116168,2933.8401443532734,10898.594995952539,5557.333718676846,67.869140625,815.9858725879365,5,0.4166666666666667,0.5833333333333333,0.5098941757343443,0.29743826917836746,308,-145.44218870802047,
97,sequential_greedy,0.6,12,,12,12,0,1.0,12,1.0833333333333333,2,0.08333333333333333,1.0,23534.29509705171,1847.1591275839944,3049.369375864023,11093.767487046338,5853.4190915471245,62.0009765625,861.3691888799581,4,0.3333333333333333,0.6666666666666667,0.5098941757343443,0.33992945048956286,336,-148.26018591632248,
97,dybap_fusion,0.6,12,,12,12,0,1.0,11,1.0909090909090908,2,0.09090909090909091,1.0909090909090908,23534.29509705171,1887.4283017116168,2933.8401443532734,10898.594995952539,5557.333718676846,67.869140625,815.9858725879365,5,0.4166666666666667,0.5833333333333333,0.5098941757343443,0.29743826917836746,308,-145.44218870802047,
98,no_batch,0.6,12,,12,12,0,1.0,12,1.3333333333333333,2,0.3333333333333333,1.0,14336.113329764594,2280.6771216934626,3191.2399015828455,6081.251576821636,6646.6735854519175,20.9736328125,889.7422227562815,5,0.4166666666666667,0.5833333333333333,0.8370469543572621,0.4882773900417362,336,-108.02424558305785,
98,fixed_4,0.6,12,,12,12,0,1.0,9,1.3333333333333333,2,0.3333333333333333,1.3333333333333333,14336.113329764594,2136.9062031812987,2854.6154524016783,5472.945812333328,6187.2466060539355,24.4921875,676.9082952843321,4,0.3333333333333333,0.6666666666666667,0.8370469543572621,0.5580313029048414,252,-90.36435711659873,
98,sequential_greedy,0.6,12,,12,12,0,1.0,9,1.3333333333333333,2,0.3333333333333333,1.3333333333333333,14336.113329764594,2136.906203181299,2854.6154524016783,5472.945812333328,6187.2466060539355,24.4921875,676.9082952843321,4,0.3333333333333333,0.6666666666666667,0.8370469543572621,0.5580313029048414,252,-90.36435711659873,
98,dybap_fusion,0.6,12,,12,12,0,1.0,11,1.3636363636363635,2,0.36363636363636365,1.0909090909090908,14336.113329764594,2195.9876002856254,3191.2399015828455,5811.370877568766,6312.84784395858,21.5302734375,866.2237832443072,4,0.3333333333333333,0.6666666666666667,0.8370469543572621,0.5580313029048414,308,-100.02474547171843,
99,no_batch,0.6,12,,12,12,0,1.0,12,1.1666666666666667,2,0.16666666666666666,1.0,25738.942773185205,2418.694380301083,4307.356387017742,9531.181428112744,9392.776769807755,36.8583984375,636.7887354582124,4,0.3333333333333333,0.6666666666666667,0.4662196153799131,0.3108130769199421,336,-150.17586798124162,
99,fixed_4,0.6,12,,12,12,0,1.0,10,1.2,2,0.2,1.2,25433.865171931142,2456.8673403623,4374.400488430901,9345.469195566573,9366.059677107276,43.44140625,501.47882127148887,4,0.3333333333333333,0.6666666666666667,0.4718118901268385,0.314541260084559,280,-141.18533319978684,
99,sequential_greedy,0.6,12,,12,12,0,1.0,11,1.1818181818181819,2,0.18181818181818182,1.0909090909090908,25738.942773185205,2441.992709869608,4531.51706516587,9586.151433300549,9349.621947856524,40.67578125,582.3119140423291,4,0.3333333333333333,0.6666666666666667,0.4662196153799131,0.3108130769199421,308,-148.89839769742227,
99,dybap_fusion,0.6,12,,12,12,0,1.0,12,1.1666666666666667,2,0.16666666666666666,1.0,25738.942773185205,2418.694380301083,4307.356387017742,9531.181428112744,9392.776769807755,36.8583984375,636.7887354582124,4,0.3333333333333333,0.6666666666666667,0.4662196153799131,0.3108130769199421,336,-150.17586798124162,
