episode_seed,request_id,handover_index,lead_ms,predicted_lead_ms,eta_relative_error,eta_error_bound,prediction_correct,had_prefetch_plan,accepted_prefetch,base_migration_ms,hidden_migration_ms,prefetched_mb,useful_prefetch_mb,wasted_prefetch_mb,wrong_anchor_waste_mb,residual_base_ms,delta_sync_ms,delta_tokens,changed_blocks
20007,r0004,0,2444.00987758916,2444.00987758916,0.0,0.0,1,1,1,0.0,0.0,0.0,0.0,0.0,0.0,0.0,0.0,131,0
20007,r0000,0,1258.6520711300527,1258.6520711300527,0.0,0.0,1,1,0,0.0,0.0,0.0,0.0,0.0,0.0,0.0,0.0,71,0
20007,r0019,0,7250.897251367098,7250.897251367098,0.0,0.0,1,1,1,0.0,0.0,0.0,0.0,0.0,0.0,0.0,0.0,390,0
20007,r0002,0,576.8931261029793,576.8931261029793,0.0,0.0,1,1,1,0.0,0.0,0.0,0.0,0.0,0.0,0.0,0.0,33,0
20007,r0021,0,382.5064692987289,382.5064692987289,0.0,0.0,1,1,0,0.0,0.0,0.0,0.0,0.0,0.0,0.0,0.0,19,0
20007,r0021,1,6064.578623899957,6064.578623899957,0.0,0.0,1,1,0,0.0,0.0,0.0,0.0,0.0,0.0,0.0,0.0,289,0
20007,r0012,0,3918.3392733011497,3918.3392733011497,0.0,0.0,1,1,1,0.0,0.0,0.0,0.0,0.0,0.0,0.0,0.0,203,0
20008,r0007,0,2184.5906656332754,2184.5906656332754,0.0,0.0,1,1,1,0.0,0.0,0.0,0.0,0.0,0.0,0.0,0.0,37,0
20008,r0000,0,4939.385881314538,4939.385881314538,0.0,0.0,1,1,1,125.28943333779156,125.28943333779156,4.74609375,4.74609375,0.0,0.0,0.0,52.902668706248505,84,2
20008,r0005,0,0.0,0.0,0.0,0.0,1,0,0,0.0,0.0,0.0,0.0,0.0,0.0,0.0,0.0,0,0
20008,r0005,1,2212.928115669307,2212.928115669307,0.0,0.0,1,1,0,0.0,0.0,0.0,0.0,0.0,0.0,0.0,0.0,49,0
20008,r0023,0,530.1754477132745,530.1754477132745,0.0,0.0,1,1,0,0.0,0.0,0.0,0.0,0.0,0.0,0.0,0.0,9,0
20008,r0014,0,2945.9041007239175,2945.9041007239175,0.0,0.0,1,1,1,468.1390216820002,468.139021682,24.392578124999993,24.392578124999993,0.0,0.0,1.7053025658242404e-13,144.41404800124224,51,23
20008,r0013,0,0.0,0.0,0.0,0.0,1,0,0,0.0,0.0,0.0,0.0,0.0,0.0,0.0,0.0,0,0
20008,r0003,0,0.0,0.0,0.0,0.0,1,0,0,0.0,0.0,0.0,0.0,0.0,0.0,0.0,0.0,0,0
20008,r0021,0,0.0,0.0,0.0,0.0,1,0,0,0.0,0.0,0.0,0.0,0.0,0.0,0.0,0.0,0,0
20008,r0017,0,0.0,0.0,0.0,0.0,1,0,0,0.0,0.0,0.0,0.0,0.0,0.0,0.0,0.0,0,0
20008,r0004,0,0.0,0.0,0.0,0.0,1,0,0,0.0,0.0,0.0,0.0,0.0,0.0,0.0,0.0,0,0
20009,r0005,0,4790.8847234872665,4790.8847234872665,0.0,0.0,1,1,0,0.0,0.0,0.0,0.0,0.0,0.0,0.0,0.0,228,0
20009,r0007,0,835.2737140443678,835.2737140443678,0.0,0.0,1,1,1,0.0,0.0,0.0,0.0,0.0,0.0,0.0,0.0,39,0
20009,r0017,0,734.2221876503645,734.2221876503645,0.0,0.0,1,1,1,0.0,0.0,0.0,0.0,0.0,0.0,0.0,0.0,33,0
20009,r0017,1,7347.794159179048,7347.794159179048,0.0,0.0,1,1,0,0.0,0.0,0.0,0.0,0.0,0.0,0.0,0.0,321,0
20009,r0020,0,675.2507993047439,675.2507993047439,0.0,0.0,1,1,1,0.0,0.0,0.0,0.0,0.0,0.0,0.0,0.0,29,0
20009,r0019,0,0.0,0.0,0.0,0.0,1,0,0,0.0,0.0,0.0,0.0,0.0,0.0,0.0,0.0,0,0
20009,r0015,0,1433.767280920034,1433.767280920034,0.0,0.0,1,1,1,0.0,0.0,0.0,0.0,0.0,0.0,0.0,0.0,69,0
20009,r0008,0,5449.5212428384,5449.5212428384,0.0,0.0,1,1,0,0.0,0.0,0.0,0.0,0.0,0.0,0.0,0.0,239,0
20010,r0005,0,2623.100525276028,2623.100525276028,0.0,0.0,1,1,1,0.0,0.0,0.0,0.0,0.0,0.0,0.0,0.0,109,0
20010,r0005,1,8647.407603410313,8647.407603410313,0.0,0.0,1,1,0,0.0,0.0,0.0,0.0,0.0,0.0,0.0,0.0,401,0
20010,r0021,0,7151.316301857785,7151.316301857785,0.0,0.0,1,1,1,0.0,0.0,0.0,0.0,0.0,0.0,0.0,0.0,300,0
20010,r0002,0,2326.4402438824673,2326.4402438824673,0.0,0.0,1,1,0,0.0,0.0,0.0,0.0,0.0,0.0,0.0,0.0,97,0
20010,r0002,1,3136.6535706027444,3136.6535706027444,0.0,0.0,1,1,0,0.0,0.0,0.0,0.0,0.0,0.0,0.0,0.0,131,0
20010,r0001,0,0.0,0.0,0.0,0.0,1,0,0,0.0,0.0,0.0,0.0,0.0,0.0,0.0,0.0,0,0
20010,r0001,1,4244.021357064514,4244.021357064514,0.0,0.0,1,1,0,0.0,0.0,0.0,0.0,0.0,0.0,0.0,0.0,167,0
20010,r0006,0,4117.743282935691,4117.743282935691,0.0,0.0,1,1,0,0.0,0.0,0.0,0.0,0.0,0.0,0.0,0.0,169,0
20010,r0006,1,4885.748689387492,4885.748689387492,0.0,0.0,1,1,0,0.0,0.0,0.0,0.0,0.0,0.0,0.0,0.0,192,0
20010,r0009,0,5034.245266262493,5034.245266262493,0.0,0.0,1,1,1,0.0,0.0,0.0,0.0,0.0,0.0,0.0,0.0,206,0
20010,r0012,0,434.634710306178,434.634710306178,0.0,0.0,1,1,1,0.0,0.0,0.0,0.0,0.0,0.0,0.0,0.0,17,0
20010,r0012,1,9759.784618285179,9759.784618285179,0.0,0.0,1,1,0,0.0,0.0,0.0,0.0,0.0,0.0,0.0,0.0,366,0
20010,r0013,0,0.0,0.0,0.0,0.0,1,0,0,0.0,0.0,0.0,0.0,0.0,0.0,0.0,0.0,0,0
20010,r0013,1,7437.94512509081,7437.94512509081,0.0,0.0,1,1,0,0.0,0.0,0.0,0.0,0.0,0.0,0.0,0.0,311,0
20011,r0004,0,2094.9912845948197,2094.9912845948197,0.0,0.0,1,1,1,0.0,0.0,0.0,0.0,0.0,0.0,0.0,0.0,96,0
20011,r0004,1,3843.586409692358,3843.586409692358,0.0,0.0,1,1,0,0.0,0.0,0.0,0.0,0.0,0.0,0.0,0.0,168,0
20011,r0021,0,0.0,0.0,0.0,0.0,1,0,0,0.0,0.0,0.0,0.0,0.0,0.0,0.0,0.0,0,0
20011,r0021,1,8453.19415425063,8453.19415425063,0.0,0.0,1,1,0,0.0,0.0,0.0,0.0,0.0,0.0,0.0,0.0,393,0
20011,r0000,0,2258.061858778774,2258.061858778774,0.0,0.0,1,1,1,0.0,0.0,0.0,0.0,0.0,0.0,0.0,0.0,96,0
20011,r0013,0,327.76853790532186,327.76853790532186,0.0,0.0,1,1,0,0.0,0.0,0.0,0.0,0.0,0.0,0.0,0.0,14,0
20011,r0013,1,9276.053522468059,9276.053522468059,0.0,0.0,1,1,0,0.0,0.0,0.0,0.0,0.0,0.0,0.0,0.0,377,0
20011,r0008,0,7781.245532213865,7781.245532213865,0.0,0.0,1,1,1,0.0,0.0,0.0,0.0,0.0,0.0,0.0,0.0,333,0
20011,r0015,0,0.0,0.0,0.0,0.0,1,0,0,0.0,0.0,0.0,0.0,0.0,0.0,0.0,0.0,0,0
20011,r0023,0,0.0,0.0,0.0,0.0,1,0,0,0.0,0.0,0.0,0.0,0.0,0.0,0.0,0.0,0,0
20011,r0005,0,4829.521158574313,4829.521158574313,0.0,0.0,1,1,0,0.0,0.0,0.0,0.0,0.0,0.0,0.0,0.0,215,0
20012,r0015,0,0.0,0.0,0.0,0.0,1,0,0,0.0,0.0,0.0,0.0,0.0,0.0,0.0,0.0,0,0
20012,r0007,0,0.0,0.0,0.0,0.0,1,0,0,0.0,0.0,0.0,0.0,0.0,0.0,0.0,0.0,0,0
20012,r0007,1,3461.0028403302094,3461.0028403302094,0.0,0.0,1,1,0,0.0,0.0,0.0,0.0,0.0,0.0,0.0,0.0,287,0
20012,r0009,0,0.0,0.0,0.0,0.0,1,0,0,0.0,0.0,0.0,0.0,0.0,0.0,0.0,0.0,0,0
20012,r0005,0,6998.8198454006015,6998.8198454006015,0.0,0.0,1,1,0,0.0,0.0,0.0,0.0,0.0,0.0,0.0,0.0,99,0
20012,r0002,0,536.6961034960186,536.6961034960186,0.0,0.0,1,1,1,45.15342442670882,45.15342442670882,3.6796875,3.6796875,0.0,0.0,0.0,5.732604416481723,8,2
20012,r0013,0,0.0,0.0,0.0,0.0,1,0,0,0.0,0.0,0.0,0.0,0.0,0.0,0.0,0.0,0,0
20012,r0013,1,1359.0700731874022,1359.0700731874022,0.0,0.0,1,1,0,0.0,0.0,0.0,0.0,0.0,0.0,0.0,0.0,56,0
20012,r0014,0,2117.5089228594225,2117.5089228594225,0.0,0.0,1,1,1,2794.8247839781734,2117.5089228594225,152.02200123589904,152.02200123589904,0.0,0.0,677.315861118751,126.89527707501517,30,28
20012,r0014,1,3986.2639370560064,3986.2639370560064,0.0,0.0,1,1,0,0.0,0.0,0.0,0.0,0.0,0.0,0.0,0.0,334,0
20012,r0010,0,0.0,0.0,0.0,0.0,1,0,0,0.0,0.0,0.0,0.0,0.0,0.0,0.0,0.0,0,0
20013,r0006,0,3807.039471075053,3807.039471075053,0.0,0.0,1,1,1,0.0,0.0,0.0,0.0,0.0,0.0,0.0,0.0,140,0
20013,r0002,0,855.0714827460597,855.0714827460597,0.0,0.0,1,1,0,0.0,0.0,0.0,0.0,0.0,0.0,0.0,0.0,32,0
20013,r0017,0,2833.764312835081,2833.764312835081,0.0,0.0,1,1,1,0.0,0.0,0.0,0.0,0.0,0.0,0.0,0.0,105,0
20013,r0023,0,900.572266397623,900.572266397623,0.0,0.0,1,1,0,0.0,0.0,0.0,0.0,0.0,0.0,0.0,0.0,33,0
20013,r0016,0,1222.7791100842514,1222.7791100842514,0.0,0.0,1,1,0,0.0,0.0,0.0,0.0,0.0,0.0,0.0,0.0,40,0
20013,r0014,0,304.51575173239326,304.51575173239326,0.0,0.0,1,1,1,0.0,0.0,0.0,0.0,0.0,0.0,0.0,0.0,11,0
20013,r0014,1,9424.254929499883,9424.254929499883,0.0,0.0,1,1,0,0.0,0.0,0.0,0.0,0.0,0.0,0.0,0.0,336,0
20013,r0007,0,0.0,0.0,0.0,0.0,1,0,0,0.0,0.0,0.0,0.0,0.0,0.0,0.0,0.0,0,0
20014,r0023,0,8033.333498555587,8033.333498555587,0.0,0.0,1,1,1,1233.1611351581885,1233.1611351581885,86.05078125,86.05078125,0.0,0.0,0.0,203.94604373135996,157,14
20014,r0011,0,1192.5081099565377,1192.5081099565377,0.0,0.0,1,1,1,497.01850250088285,497.01850250088285,33.71484375,33.71484375,0.0,0.0,0.0,49.33301430176915,23,14
20014,r0008,0,403.9129086801677,403.9129086801677,0.0,0.0,1,1,1,480.864902411224,403.9129086801677,27.354859561882762,27.354859561882762,0.0,0.0,76.95199373105635,30.398866212596857,7,14
20014,r0001,0,3369.025829460674,3369.025829460674,0.0,0.0,1,1,1,480.864902411224,480.86490241122374,32.56640624999998,32.56640624999998,0.0,0.0,2.8421709430404007e-13,94.33232883724706,62,14
20014,r0019,0,4177.453947950184,4177.453947950184,0.0,0.0,1,1,1,807.3983899378972,807.3983899378972,55.78125,55.78125,0.0,0.0,0.0,117.40890039390241,82,14
20014,r0012,0,4760.991504192494,4760.991504192494,0.0,0.0,1,1,1,1190.4694777783761,1190.4694777783761,83.015625,83.015625,0.0,0.0,0.0,127.79335759439732,91,14
20014,r0000,0,0.0,0.0,0.0,0.0,1,0,0,0.0,0.0,0.0,0.0,0.0,0.0,0.0,0.0,0,0
20014,r0022,0,0.0,0.0,0.0,0.0,1,0,0,0.0,0.0,0.0,0.0,0.0,0.0,0.0,0.0,0,0
20014,r0015,0,1028.6432234686072,1028.6432234686072,0.0,0.0,1,1,1,1388.9279931656122,1028.6432234686072,71.93099539428451,71.93099539428451,0.0,0.0,360.284769697005,45.87152856827084,20,14
20014,r0015,1,3939.580890741534,3939.580890741534,0.0,0.0,1,1,0,0.0,0.0,0.0,0.0,0.0,0.0,0.0,0.0,207,0
20014,r0006,0,0.0,0.0,0.0,0.0,1,0,0,0.0,0.0,0.0,0.0,0.0,0.0,0.0,0.0,0,0
20015,r0001,0,1818.1968261065635,1818.1968261065635,0.0,0.0,1,1,1,0.0,0.0,0.0,0.0,0.0,0.0,0.0,0.0,98,0
20015,r0001,1,4687.515015508019,4687.515015508019,0.0,0.0,1,1,0,0.0,0.0,0.0,0.0,0.0,0.0,0.0,0.0,221,0
20015,r0013,0,272.1733977671702,272.1733977671702,0.0,0.0,1,1,1,0.0,0.0,0.0,0.0,0.0,0.0,0.0,0.0,12,0
20015,r0010,0,6647.610621599477,6647.610621599477,0.0,0.0,1,1,0,0.0,0.0,0.0,0.0,0.0,0.0,0.0,0.0,373,0
20015,r0008,0,3965.262641813024,3965.262641813024,0.0,0.0,1,1,1,0.0,0.0,0.0,0.0,0.0,0.0,0.0,0.0,187,0
20015,r0008,1,4682.965557835727,4682.965557835727,0.0,0.0,1,1,0,0.0,0.0,0.0,0.0,0.0,0.0,0.0,0.0,216,0
20015,r0016,0,668.6981966894527,668.6981966894527,0.0,0.0,1,1,0,0.0,0.0,0.0,0.0,0.0,0.0,0.0,0.0,36,0
20016,r0007,0,815.7664072119132,815.7664072119132,0.0,0.0,1,1,0,0.0,0.0,0.0,0.0,0.0,0.0,0.0,0.0,49,0
20016,r0002,0,0.0,0.0,0.0,0.0,1,0,0,0.0,0.0,0.0,0.0,0.0,0.0,0.0,0.0,0,0
20016,r0002,1,7957.920413877615,7957.920413877615,0.0,0.0,1,1,0,0.0,0.0,0.0,0.0,0.0,0.0,0.0,0.0,373,0
20016,r0019,0,1911.2185840690254,1911.2185840690254,0.0,0.0,1,1,0,0.0,0.0,0.0,0.0,0.0,0.0,0.0,0.0,100,0
20016,r0019,1,4634.78888843258,4634.78888843258,0.0,0.0,1,1,1,0.0,0.0,0.0,0.0,0.0,0.0,0.0,0.0,259,0
20016,r0004,0,5898.270123165592,5898.270123165592,0.0,0.0,1,1,1,0.0,0.0,0.0,0.0,0.0,0.0,0.0,0.0,310,0
20016,r0023,0,0.0,0.0,0.0,0.0,1,0,0,0.0,0.0,0.0,0.0,0.0,0.0,0.0,0.0,0,0
20017,r0020,0,4018.6741981259947,4018.6741981259947,0.0,0.0,1,1,1,0.0,0.0,0.0,0.0,0.0,0.0,0.0,0.0,224,0
20017,r0010,0,460.56578680812527,460.56578680812527,0.0,0.0,1,1,1,0.0,0.0,0.0,0.0,0.0,0.0,0.0,0.0,26,0
20017,r0010,1,3019.34405333989,3019.34405333989,0.0,0.0,1,1,0,0.0,0.0,0.0,0.0,0.0,0.0,0.0,0.0,153,0
20017,r0012,0,542.781564780762,542.781564780762,0.0,0.0,1,1,0,0.0,0.0,0.0,0.0,0.0,0.0,0.0,0.0,26,0
20017,r0012,1,7265.01107459842,7265.01107459842,0.0,0.0,1,1,0,0.0,0.0,0.0,0.0,0.0,0.0,0.0,0.0,318,0
20017,r0001,0,4032.874771248931,4032.874771248931,0.0,0.0,1,1,0,0.0,0.0,0.0,0.0,0.0,0.0,0.0,0.0,172,0
20017,r0023,0,1812.633420149181,1812.633420149181,0.0,0.0,1,1,0,0.0,0.0,0.0,0.0,0.0,0.0,0.0,0.0,77,0
20017,r0023,1,5424.587909869122,5424.587909869122,0.0,0.0,1,1,0,0.0,0.0,0.0,0.0,0.0,0.0,0.0,0.0,232,0
20017,r0003,0,5519.964879315787,5519.964879315787,0.0,0.0,1,1,0,0.0,0.0,0.0,0.0,0.0,0.0,0.0,0.0,290,0
20017,r0004,0,14.905257969818194,14.905257969818194,0.0,0.0,1,1,1,0.0,0.0,0.0,0.0,0.0,0.0,0.0,0.0,0,0
20018,r0017,0,5358.803136574814,5358.803136574814,0.0,0.0,1,1,0,0.0,0.0,0.0,0.0,0.0,0.0,0.0,0.0,269,0
20018,r0021,0,0.0,0.0,0.0,0.0,1,0,0,0.0,0.0,0.0,0.0,0.0,0.0,0.0,0.0,0,0
20018,r0002,0,3383.575586359839,3383.575586359839,0.0,0.0,1,1,0,0.0,0.0,0.0,0.0,0.0,0.0,0.0,0.0,163,0
20018,r0002,1,3545.745451406852,3545.745451406852,0.0,0.0,1,1,0,0.0,0.0,0.0,0.0,0.0,0.0,0.0,0.0,158,0
20018,r0014,0,0.0,0.0,0.0,0.0,1,0,0,0.0,0.0,0.0,0.0,0.0,0.0,0.0,0.0,0,0
20018,r0010,0,370.2979050012691,370.2979050012691,0.0,0.0,1,1,0,0.0,0.0,0.0,0.0,0.0,0.0,0.0,0.0,16,0
20018,r0010,1,5633.778606587737,5633.778606587737,0.0,0.0,1,1,0,0.0,0.0,0.0,0.0,0.0,0.0,0.0,0.0,273,0
20018,r0006,0,0.0,0.0,0.0,0.0,1,0,0,0.0,0.0,0.0,0.0,0.0,0.0,0.0,0.0,0,0
20018,r0006,1,2383.082291825096,2383.082291825096,0.0,0.0,1,1,0,0.0,0.0,0.0,0.0,0.0,0.0,0.0,0.0,120,0
20019,r0023,0,1739.7133880063993,1739.7133880063993,0.0,0.0,1,1,1,0.0,0.0,0.0,0.0,0.0,0.0,0.0,0.0,61,0
20019,r0023,1,3992.4882237872043,3992.4882237872043,0.0,0.0,1,1,0,0.0,0.0,0.0,0.0,0.0,0.0,0.0,0.0,131,0
20019,r0005,0,0.0,0.0,0.0,0.0,1,0,0,0.0,0.0,0.0,0.0,0.0,0.0,0.0,0.0,0,0
20019,r0022,0,6048.295228409632,6048.295228409632,0.0,0.0,1,1,1,0.0,0.0,0.0,0.0,0.0,0.0,0.0,0.0,203,0
20019,r0022,1,3660.0939083277917,3660.0939083277917,0.0,0.0,1,1,0,0.0,0.0,0.0,0.0,0.0,0.0,0.0,0.0,115,0
20019,r0009,0,97.65218666675719,97.65218666675719,0.0,0.0,1,1,0,0.0,0.0,0.0,0.0,0.0,0.0,0.0,0.0,3,0
20019,r0009,1,6065.388589952472,6065.388589952472,0.0,0.0,1,1,0,0.0,0.0,0.0,0.0,0.0,0.0,0.0,0.0,194,0
20019,r0009,2,6635.9955331276215,6635.9955331276215,0.0,0.0,1,1,0,0.0,0.0,0.0,0.0,0.0,0.0,0.0,0.0,208,0
20019,r0003,0,0.0,0.0,0.0,0.0,1,0,0,0.0,0.0,0.0,0.0,0.0,0.0,0.0,0.0,0,0
20020,r0008,0,1414.9534947296079,1414.9534947296079,0.0,0.0,1,1,0,0.0,0.0,0.0,0.0,0.0,0.0,0.0,0.0,73,0
20020,r0008,1,6043.524363837851,6043.524363837851,0.0,0.0,1,1,0,0.0,0.0,0.0,0.0,0.0,0.0,0.0,0.0,270,0
20020,r0007,0,320.2043142715265,320.2043142715265,0.0,0.0,1,1,1,0.0,0.0,0.0,0.0,0.0,0.0,0.0,0.0,15,0
20020,r0007,1,6462.179623124706,6462.179623124706,0.0,0.0,1,1,0,0.0,0.0,0.0,0.0,0.0,0.0,0.0,0.0,329,0
20020,r0017,0,2845.4237563763018,2845.4237563763018,0.0,0.0,1,1,0,0.0,0.0,0.0,0.0,0.0,0.0,0.0,0.0,137,0
20020,r0017,1,3215.862023995396,3215.862023995396,0.0,0.0,1,1,0,0.0,0.0,0.0,0.0,0.0,0.0,0.0,0.0,135,0
20020,r0013,0,2089.228975940947,2089.228975940947,0.0,0.0,1,1,0,0.0,0.0,0.0,0.0,0.0,0.0,0.0,0.0,100,0
20020,r0011,0,7380.298885797871,7380.298885797871,0.0,0.0,1,1,1,0.0,0.0,0.0,0.0,0.0,0.0,0.0,0.0,320,0
20020,r0004,0,157.2229262688743,157.2229262688743,0.0,0.0,1,1,0,0.0,0.0,0.0,0.0,0.0,0.0,0.0,0.0,7,0
20021,r0007,0,8131.69214896451,8131.69214896451,0.0,0.0,1,1,0,0.0,0.0,0.0,0.0,0.0,0.0,0.0,0.0,374,0
20021,r0021,0,3998.7683820425664,3998.7683820425664,0.0,0.0,1,1,1,0.0,0.0,0.0,0.0,0.0,0.0,0.0,0.0,173,0
20021,r0002,0,2567.5339402354475,2567.5339402354475,0.0,0.0,1,1,0,0.0,0.0,0.0,0.0,0.0,0.0,0.0,0.0,118,0
20021,r0002,1,6038.2929540987825,6038.2929540987825,0.0,0.0,1,1,0,0.0,0.0,0.0,0.0,0.0,0.0,0.0,0.0,243,0
20021,r0017,0,4089.1003994069324,4089.1003994069324,0.0,0.0,1,1,0,0.0,0.0,0.0,0.0,0.0,0.0,0.0,0.0,164,0
20021,r0022,0,0.0,0.0,0.0,0.0,1,0,0,0.0,0.0,0.0,0.0,0.0,0.0,0.0,0.0,0,0
20021,r0022,1,1580.0032479926886,1580.0032479926886,0.0,0.0,1,1,1,283.21244869789086,283.21244869789086,18.0,18.0,0.0,0.0,0.0,36.70341809364215,119,3
20021,r0004,0,2116.5917717734264,2116.5917717734264,0.0,0.0,1,1,0,0.0,0.0,0.0,0.0,0.0,0.0,0.0,0.0,83,0
20021,r0000,0,4664.648877699801,4664.648877699801,0.0,0.0,1,1,0,0.0,0.0,0.0,0.0,0.0,0.0,0.0,0.0,199,0
20022,r0023,0,5106.43918213188,5106.43918213188,0.0,0.0,1,1,0,0.0,0.0,0.0,0.0,0.0,0.0,0.0,0.0,74,0
20022,r0001,0,4435.620716202312,4435.620716202312,0.0,0.0,1,1,1,101.26166600674163,101.2616660067415,4.535156249999995,4.535156249999995,0.0,0.0,1.2789769243681803e-13,38.951145546976164,64,2
20022,r0019,0,389.36057517948575,389.36057517948575,0.0,0.0,1,1,1,0.0,0.0,0.0,0.0,0.0,0.0,0.0,0.0,5,0
20022,r0022,0,0.0,0.0,0.0,0.0,1,0,0,0.0,0.0,0.0,0.0,0.0,0.0,0.0,0.0,0,0
20022,r0007,0,5410.799039700734,5410.799039700734,0.0,0.0,1,1,1,343.44835586964183,343.4483558696411,22.271484374999954,22.271484374999954,0.0,0.0,7.389644451905042e-13,160.92911242246302,75,21
20022,r0002,0,0.0,0.0,0.0,0.0,1,0,0,0.0,0.0,0.0,0.0,0.0,0.0,0.0,0.0,0,0
20022,r0009,0,4142.068473211279,4142.068473211279,0.0,0.0,1,1,1,101.06875417869283,101.06875417869283,4.5234375,4.5234375,0.0,0.0,0.0,38.951145546976164,64,2
20022,r0013,0,0.0,0.0,0.0,0.0,1,0,0,0.0,0.0,0.0,0.0,0.0,0.0,0.0,0.0,0,0
20022,r0013,1,3039.746990859152,3039.746990859152,0.0,0.0,1,1,0,0.0,0.0,0.0,0.0,0.0,0.0,0.0,0.0,92,0
20022,r0006,0,0.0,0.0,0.0,0.0,1,0,0,0.0,0.0,0.0,0.0,0.0,0.0,0.0,0.0,0,0
20023,r0017,0,7739.176092322012,7739.176092322012,0.0,0.0,1,1,1,2014.1795311130772,2014.1795311130772,95.625,95.625,0.0,0.0,0.0,244.07389755064364,123,15
20023,r0001,0,0.0,0.0,0.0,0.0,1,0,0,0.0,0.0,0.0,0.0,0.0,0.0,0.0,0.0,0,0
20023,r0003,0,5586.579859716045,5586.579859716045,0.0,0.0,1,1,1,376.80507350432106,376.80507350432106,20.15625,20.15625,0.0,0.0,0.0,91.18775435314946,83,8
20023,r0002,0,0.0,0.0,0.0,0.0,1,0,0,0.0,0.0,0.0,0.0,0.0,0.0,0.0,0.0,0,0
20023,r0023,0,3035.2802785505955,3035.2802785505955,0.0,0.0,1,1,1,1957.3160340763568,1957.3160340763568,92.900390625,92.900390625,0.0,0.0,0.0,100.99800178083036,45,15
20023,r0023,1,5795.773384004293,5795.773384004293,0.0,0.0,1,1,0,0.0,0.0,0.0,0.0,0.0,0.0,0.0,0.0,254,0
20023,r0000,0,0.0,0.0,0.0,0.0,1,0,0,0.0,0.0,0.0,0.0,0.0,0.0,0.0,0.0,0,0
20023,r0000,1,1133.860064658842,1133.860064658842,0.0,0.0,1,1,0,0.0,0.0,0.0,0.0,0.0,0.0,0.0,0.0,30,0
20023,r0007,0,0.0,0.0,0.0,0.0,1,0,0,0.0,0.0,0.0,0.0,0.0,0.0,0.0,0.0,0,0
20023,r0007,1,4045.202489407162,4045.202489407162,0.0,0.0,1,1,0,0.0,0.0,0.0,0.0,0.0,0.0,0.0,0.0,118,0
20023,r0015,0,1485.983671382779,1485.983671382779,0.0,0.0,1,1,1,1803.234300170404,1485.983671382779,70.472109308226,70.472109308226,0.0,0.0,317.2506287876249,58.80895559229567,22,15
20023,r0015,1,4424.177131981152,4424.177131981152,0.0,0.0,1,1,0,0.0,0.0,0.0,0.0,0.0,0.0,0.0,0.0,194,0
20023,r0015,2,4466.771425019368,4466.771425019368,0.0,0.0,1,1,0,0.0,0.0,0.0,0.0,0.0,0.0,0.0,0.0,179,0
20023,r0005,0,450.17845507944367,450.17845507944367,0.0,0.0,1,1,1,1896.7839243275894,450.17845507944367,21.36039874521442,21.36039874521442,0.0,0.0,1446.6054692481457,31.294360251946962,7,15
20023,r0005,1,6331.725601989416,6331.725601989416,0.0,0.0,1,1,0,0.0,0.0,0.0,0.0,0.0,0.0,0.0,0.0,253,0
20024,r0014,0,4211.097448547718,4211.097448547718,0.0,0.0,1,1,1,0.0,0.0,0.0,0.0,0.0,0.0,0.0,0.0,132,0
20024,r0014,1,5586.519937871796,5586.519937871796,0.0,0.0,1,1,1,0.0,0.0,0.0,0.0,0.0,0.0,0.0,0.0,164,0
20024,r0014,2,3083.6414792132273,3083.6414792132273,0.0,0.0,1,1,0,0.0,0.0,0.0,0.0,0.0,0.0,0.0,0.0,89,0
20024,r0019,0,1934.6825488699615,1934.6825488699615,0.0,0.0,1,1,0,0.0,0.0,0.0,0.0,0.0,0.0,0.0,0.0,54,0
20024,r0005,0,1311.8388183888128,1311.8388183888128,0.0,0.0,1,1,0,0.0,0.0,0.0,0.0,0.0,0.0,0.0,0.0,39,0
20024,r0003,0,2806.206304334537,2806.206304334537,0.0,0.0,1,1,1,0.0,0.0,0.0,0.0,0.0,0.0,0.0,0.0,78,0
20024,r0020,0,1595.8875058559388,1595.8875058559388,0.0,0.0,1,1,1,0.0,0.0,0.0,0.0,0.0,0.0,0.0,0.0,44,0
20024,r0022,0,2877.0068135117726,2877.0068135117726,0.0,0.0,1,1,0,0.0,0.0,0.0,0.0,0.0,0.0,0.0,0.0,87,0
20024,r0012,0,3448.0931775567224,3448.0931775567224,0.0,0.0,1,1,0,0.0,0.0,0.0,0.0,0.0,0.0,0.0,0.0,101,0
20024,r0012,1,9174.468245358581,9174.468245358581,0.0,0.0,1,1,0,0.0,0.0,0.0,0.0,0.0,0.0,0.0,0.0,251,0
20024,r0015,0,0.0,0.0,0.0,0.0,1,0,0,0.0,0.0,0.0,0.0,0.0,0.0,0.0,0.0,0,0
20024,r0009,0,5716.545911232304,5716.545911232304,0.0,0.0,1,1,1,0.0,0.0,0.0,0.0,0.0,0.0,0.0,0.0,159,0
20024,r0009,1,6228.191618506709,6228.191618506709,0.0,0.0,1,1,0,0.0,0.0,0.0,0.0,0.0,0.0,0.0,0.0,170,0
20025,r0005,0,4523.854884685781,4523.854884685781,0.0,0.0,1,1,1,893.9800737865082,893.980073786508,52.423828124999986,52.423828124999986,0.0,0.0,2.2737367544323206e-13,185.41360331434402,55,23
20025,r0021,0,8421.39080870352,8421.39080870352,0.0,0.0,1,1,1,499.3891650804527,499.3891650804527,27.357421875,27.357421875,0.0,0.0,0.0,291.4864282353267,105,23
20025,r0012,0,3817.1391318110764,3817.1391318110764,0.0,0.0,1,1,1,174.57829044843353,174.57829044843353,10.39453125,10.39453125,0.0,0.0,0.0,31.497251909513594,45,2
20025,r0020,0,322.3500028339404,322.3500028339404,0.0,0.0,1,1,1,2048.0524089267997,322.3500028339404,19.790072534648527,19.790072534648527,0.0,0.0,1725.7024060928593,64.6999348897413,3,23
20025,r0020,1,6172.519376041411,6172.519376041411,0.0,0.0,1,1,0,0.0,0.0,0.0,0.0,0.0,0.0,0.0,0.0,214,0
20025,r0000,0,0.0,0.0,0.0,0.0,1,0,0,0.0,0.0,0.0,0.0,0.0,0.0,0.0,0.0,0,0
20025,r0013,0,0.0,0.0,0.0,0.0,1,0,0,0.0,0.0,0.0,0.0,0.0,0.0,0.0,0.0,0,0
20025,r0013,1,0.0,0.0,0.0,0.0,1,0,0,0.0,0.0,0.0,0.0,0.0,0.0,0.0,0.0,0,0
20025,r0003,0,0.0,0.0,0.0,0.0,1,0,0,0.0,0.0,0.0,0.0,0.0,0.0,0.0,0.0,0,0
20025,r0008,0,0.0,0.0,0.0,0.0,1,0,0,0.0,0.0,0.0,0.0,0.0,0.0,0.0,0.0,0,0
20025,r0008,1,690.6549531881174,690.6549531881174,0.0,0.0,1,1,0,0.0,0.0,0.0,0.0,0.0,0.0,0.0,0.0,7,0
20026,r0000,0,0.0,0.0,0.0,0.0,1,0,0,0.0,0.0,0.0,0.0,0.0,0.0,0.0,0.0,0,0
20026,r0021,0,3152.6110733033966,3152.6110733033966,0.0,0.0,1,1,0,0.0,0.0,0.0,0.0,0.0,0.0,0.0,0.0,151,0
20026,r0004,0,5493.548493459339,5493.548493459339,0.0,0.0,1,1,0,0.0,0.0,0.0,0.0,0.0,0.0,0.0,0.0,263,0
20026,r0005,0,5961.047343594844,5961.047343594844,0.0,0.0,1,1,0,0.0,0.0,0.0,0.0,0.0,0.0,0.0,0.0,303,0
20026,r0019,0,3351.8648678594654,3351.8648678594654,0.0,0.0,1,1,1,0.0,0.0,0.0,0.0,0.0,0.0,0.0,0.0,164,0
20026,r0019,1,6108.235740721564,6108.235740721564,0.0,0.0,1,1,0,0.0,0.0,0.0,0.0,0.0,0.0,0.0,0.0,260,0
20026,r0003,0,6092.657774895619,6092.657774895619,0.0,0.0,1,1,1,0.0,0.0,0.0,0.0,0.0,0.0,0.0,0.0,357,0
20027,r0003,0,2187.924196110328,2187.924196110328,0.0,0.0,1,1,1,0.0,0.0,0.0,0.0,0.0,0.0,0.0,0.0,73,0
20027,r0005,0,1652.5777709675876,1652.5777709675876,0.0,0.0,1,1,0,0.0,0.0,0.0,0.0,0.0,0.0,0.0,0.0,51,0
20027,r0005,1,5495.712781334332,5495.712781334332,0.0,0.0,1,1,0,0.0,0.0,0.0,0.0,0.0,0.0,0.0,0.0,162,0
20027,r0017,0,2329.169309036257,2329.169309036257,0.0,0.0,1,1,0,0.0,0.0,0.0,0.0,0.0,0.0,0.0,0.0,72,0
20027,r0017,1,9374.463594226158,9374.463594226158,0.0,0.0,1,1,0,0.0,0.0,0.0,0.0,0.0,0.0,0.0,0.0,276,0
20027,r0021,0,0.0,0.0,0.0,0.0,1,0,0,0.0,0.0,0.0,0.0,0.0,0.0,0.0,0.0,0,0
20027,r0021,1,2425.769250442845,2425.769250442845,0.0,0.0,1,1,0,0.0,0.0,0.0,0.0,0.0,0.0,0.0,0.0,73,0
20027,r0011,0,2101.740511393611,2101.740511393611,0.0,0.0,1,1,1,0.0,0.0,0.0,0.0,0.0,0.0,0.0,0.0,68,0
20027,r0011,1,6545.91749404429,6545.91749404429,0.0,0.0,1,1,0,0.0,0.0,0.0,0.0,0.0,0.0,0.0,0.0,203,0
20027,r0001,0,0.0,0.0,0.0,0.0,1,0,0,0.0,0.0,0.0,0.0,0.0,0.0,0.0,0.0,0,0
20027,r0001,1,8166.366805531063,8166.366805531063,0.0,0.0,1,1,1,0.0,0.0,0.0,0.0,0.0,0.0,0.0,0.0,222,0
20027,r0010,0,0.0,0.0,0.0,0.0,1,0,0,0.0,0.0,0.0,0.0,0.0,0.0,0.0,0.0,0,0
20027,r0014,0,640.5509370646905,640.5509370646905,0.0,0.0,1,1,0,0.0,0.0,0.0,0.0,0.0,0.0,0.0,0.0,19,0
20027,r0014,1,3837.4139861681324,3837.4139861681324,0.0,0.0,1,1,0,0.0,0.0,0.0,0.0,0.0,0.0,0.0,0.0,104,0
20027,r0014,2,7212.5007819122475,7212.5007819122475,0.0,0.0,1,1,0,0.0,0.0,0.0,0.0,0.0,0.0,0.0,0.0,215,0
20028,r0000,0,2106.1906289653743,2106.1906289653743,0.0,0.0,1,1,1,0.0,0.0,0.0,0.0,0.0,0.0,0.0,0.0,94,0
20028,r0019,0,4142.728200291263,4142.728200291263,0.0,0.0,1,1,0,0.0,0.0,0.0,0.0,0.0,0.0,0.0,0.0,191,0
20028,r0014,0,139.57653326798754,139.57653326798754,0.0,0.0,1,1,0,0.0,0.0,0.0,0.0,0.0,0.0,0.0,0.0,6,0
20028,r0010,0,2740.588242659367,2740.588242659367,0.0,0.0,1,1,0,0.0,0.0,0.0,0.0,0.0,0.0,0.0,0.0,121,0
20029,r0015,0,1584.363260017059,1584.363260017059,0.0,0.0,1,1,1,0.0,0.0,0.0,0.0,0.0,0.0,0.0,0.0,40,0
20029,r0017,0,0.0,0.0,0.0,0.0,1,0,0,0.0,0.0,0.0,0.0,0.0,0.0,0.0,0.0,0,0
20029,r0000,0,375.7250130389166,375.7250130389166,0.0,0.0,1,1,1,2356.4323367421125,375.7250130389166,23.448920092628548,23.448920092628548,0.0,0.0,1980.707323703196,42.42878042260103,9,19
20029,r0000,1,1655.173259616642,1655.173259616642,0.0,0.0,1,1,0,0.0,0.0,0.0,0.0,0.0,0.0,0.0,0.0,66,0
20029,r0023,0,0.0,0.0,0.0,0.0,1,0,0,0.0,0.0,0.0,0.0,0.0,0.0,0.0,0.0,0,0
20029,r0023,1,3371.398906671777,3371.398906671777,0.0,0.0,1,1,0,0.0,0.0,0.0,0.0,0.0,0.0,0.0,0.0,138,0
20029,r0008,0,0.0,0.0,0.0,0.0,1,0,0,0.0,0.0,0.0,0.0,0.0,0.0,0.0,0.0,0,0
20029,r0008,1,1101.427900408351,1101.427900408351,0.0,0.0,1,1,0,0.0,0.0,0.0,0.0,0.0,0.0,0.0,0.0,44,0
20029,r0020,0,0.0,0.0,0.0,0.0,1,0,0,0.0,0.0,0.0,0.0,0.0,0.0,0.0,0.0,0,0
20029,r0005,0,0.0,0.0,0.0,0.0,1,0,0,0.0,0.0,0.0,0.0,0.0,0.0,0.0,0.0,0,0
20029,r0005,1,2814.5172054502546,2814.5172054502546,0.0,0.0,1,1,0,0.0,0.0,0.0,0.0,0.0,0.0,0.0,0.0,111,0
20029,r0005,2,6735.90730729857,6735.90730729857,0.0,0.0,1,1,0,0.0,0.0,0.0,0.0,0.0,0.0,0.0,0.0,259,0
20029,r0016,0,0.0,0.0,0.0,0.0,1,0,0,0.0,0.0,0.0,0.0,0.0,0.0,0.0,0.0,0,0
20029,r0016,1,1371.5312428190991,1371.5312428190991,0.0,0.0,1,1,0,0.0,0.0,0.0,0.0,0.0,0.0,0.0,0.0,55,0
20029,r0016,2,4420.507663393728,4420.507663393728,0.0,0.0,1,1,0,0.0,0.0,0.0,0.0,0.0,0.0,0.0,0.0,173,0
20029,r0016,3,8107.017877925791,8107.017877925791,0.0,0.0,1,1,0,0.0,0.0,0.0,0.0,0.0,0.0,0.0,0.0,323,0
20029,r0014,0,4713.829943259632,4713.829943259632,0.0,0.0,1,1,1,1899.6282810357454,1899.6282810357443,118.23046874999993,118.23046874999993,0.0,0.0,1.1368683772161603e-12,217.0372804802471,108,19
20029,r0014,1,4192.029516893934,4192.029516893934,0.0,0.0,1,1,0,0.0,0.0,0.0,0.0,0.0,0.0,0.0,0.0,184,0
20029,r0012,0,0.0,0.0,0.0,0.0,1,0,0,0.0,0.0,0.0,0.0,0.0,0.0,0.0,0.0,0,0
20030,r0017,0,3241.8244806377193,3241.8244806377193,0.0,0.0,1,1,1,0.0,0.0,0.0,0.0,0.0,0.0,0.0,0.0,154,0
20030,r0005,0,0.0,0.0,0.0,0.0,1,0,0,0.0,0.0,0.0,0.0,0.0,0.0,0.0,0.0,0,0
20030,r0005,1,5469.220984900607,5469.220984900607,0.0,0.0,1,1,0,0.0,0.0,0.0,0.0,0.0,0.0,0.0,0.0,235,0
20030,r0006,0,1112.4702769154064,1112.4702769154064,0.0,0.0,1,1,1,0.0,0.0,0.0,0.0,0.0,0.0,0.0,0.0,50,0
20030,r0009,0,5848.549602189054,5848.549602189054,0.0,0.0,1,1,0,0.0,0.0,0.0,0.0,0.0,0.0,0.0,0.0,262,0
20030,r0009,1,5023.791742452937,5023.791742452937,0.0,0.0,1,1,0,0.0,0.0,0.0,0.0,0.0,0.0,0.0,0.0,204,0
20030,r0013,0,988.4445905430621,988.4445905430621,0.0,0.0,1,1,0,0.0,0.0,0.0,0.0,0.0,0.0,0.0,0.0,42,0
20031,r0011,0,0.0,0.0,0.0,0.0,1,0,0,0.0,0.0,0.0,0.0,0.0,0.0,0.0,0.0,0,0
20031,r0000,0,4832.010232607692,4832.010232607692,0.0,0.0,1,1,0,0.0,0.0,0.0,0.0,0.0,0.0,0.0,0.0,346,0
20031,r0012,0,0.0,0.0,0.0,0.0,1,0,0,0.0,0.0,0.0,0.0,0.0,0.0,0.0,0.0,0,0
20031,r0017,0,675.667335201113,675.667335201113,0.0,0.0,1,1,1,0.0,0.0,0.0,0.0,0.0,0.0,0.0,0.0,44,0
20031,r0017,1,3646.0531714034296,3646.0531714034296,0.0,0.0,1,1,0,0.0,0.0,0.0,0.0,0.0,0.0,0.0,0.0,262,0
20031,r0013,0,0.0,0.0,0.0,0.0,1,0,0,0.0,0.0,0.0,0.0,0.0,0.0,0.0,0.0,0,0
20032,r0015,0,4138.388897794848,4138.388897794848,0.0,0.0,1,1,0,0.0,0.0,0.0,0.0,0.0,0.0,0.0,0.0,188,0
20032,r0006,0,0.0,0.0,0.0,0.0,1,0,0,0.0,0.0,0.0,0.0,0.0,0.0,0.0,0.0,0,0
20032,r0020,0,465.90893666477496,465.90893666477496,0.0,0.0,1,1,0,0.0,0.0,0.0,0.0,0.0,0.0,0.0,0.0,21,0
20032,r0010,0,372.04133541947886,372.04133541947886,0.0,0.0,1,1,1,499.22562523042274,372.04133541947886,22.619103014505356,22.619103014505356,0.0,0.0,127.18428981094388,84.64713834813973,16,28
20032,r0009,0,0.0,0.0,0.0,0.0,1,0,0,0.0,0.0,0.0,0.0,0.0,0.0,0.0,0.0,0,0
20032,r0009,1,1929.8418873344272,1929.8418873344272,0.0,0.0,1,1,0,0.0,0.0,0.0,0.0,0.0,0.0,0.0,0.0,115,0
20033,r0023,0,4296.476487837436,4296.476487837436,0.0,0.0,1,1,1,159.43397740585576,159.43397740585533,9.210937499999975,9.210937499999975,0.0,0.0,4.263256414560601e-13,39.99130786198114,72,4
20033,r0006,0,4338.797416258908,4338.797416258908,0.0,0.0,1,1,1,2616.1749234058857,2616.1749234058857,176.6953125,176.6953125,0.0,0.0,0.0,253.04388958358638,72,28
20033,r0020,0,0.0,0.0,0.0,0.0,1,0,0,0.0,0.0,0.0,0.0,0.0,0.0,0.0,0.0,0,0
20033,r0000,0,657.7407646957945,657.7407646957945,0.0,0.0,1,1,1,2578.6510965426232,657.7407646957945,44.40040011930843,44.40040011930843,0.0,0.0,1920.9103318468287,98.47568726176878,10,28
20033,r0000,1,3739.3402774253664,3739.3402774253664,0.0,0.0,1,1,0,0.0,0.0,0.0,0.0,0.0,0.0,0.0,0.0,269,0
20033,r0021,0,0.0,0.0,0.0,0.0,1,0,0,0.0,0.0,0.0,0.0,0.0,0.0,0.0,0.0,0,0
20033,r0013,0,0.0,0.0,0.0,0.0,1,0,0,0.0,0.0,0.0,0.0,0.0,0.0,0.0,0.0,0,0
20033,r0013,1,0.0,0.0,0.0,0.0,1,0,0,0.0,0.0,0.0,0.0,0.0,0.0,0.0,0.0,0,0
20033,r0022,0,4418.474599307156,4418.474599307156,0.0,0.0,1,1,1,707.0056830000615,707.0056830000613,33.820312499999986,33.820312499999986,0.0,0.0,2.2737367544323206e-13,141.60266638868725,73,13
20033,r0017,0,2882.1691680630247,2882.1691680630247,0.0,0.0,1,1,1,676.5257360129254,676.5257360129253,32.29687499999999,32.29687499999999,0.0,0.0,1.1368683772161603e-13,101.97873530541035,47,13
20033,r0014,0,1614.7985049719427,1614.7985049719427,0.0,0.0,1,1,1,2770.960709216841,1614.7985049719427,109.28071463264583,109.28071463264583,0.0,0.0,1156.1622042448985,146.85565145659484,28,28
20033,r0014,1,4622.475884103456,4622.475884103456,0.0,0.0,1,1,0,0.0,0.0,0.0,0.0,0.0,0.0,0.0,0.0,319,0
20033,r0004,0,0.0,0.0,0.0,0.0,1,0,0,0.0,0.0,0.0,0.0,0.0,0.0,0.0,0.0,0,0
20034,r0015,0,0.0,0.0,0.0,0.0,1,0,0,0.0,0.0,0.0,0.0,0.0,0.0,0.0,0.0,0,0
20034,r0015,1,401.44458712810774,401.44458712810774,0.0,0.0,1,1,0,0.0,0.0,0.0,0.0,0.0,0.0,0.0,0.0,39,0
20034,r0010,0,0.0,0.0,0.0,0.0,1,0,0,0.0,0.0,0.0,0.0,0.0,0.0,0.0,0.0,0,0
20034,r0004,0,6302.454782178171,6302.454782178171,0.0,0.0,1,1,1,65.5084980715133,65.5084980715133,1.845703125,1.845703125,0.0,0.0,0.0,35.82077939951523,88,1
20034,r0022,0,40.173695498742745,40.173695498742745,0.0,0.0,1,1,0,0.0,0.0,0.0,0.0,0.0,0.0,0.0,0.0,1,0
20034,r0007,0,0.0,0.0,0.0,0.0,1,0,0,0.0,0.0,0.0,0.0,0.0,0.0,0.0,0.0,0,0
20034,r0007,1,3607.4892476245623,3607.4892476245623,0.0,0.0,1,1,0,0.0,0.0,0.0,0.0,0.0,0.0,0.0,0.0,325,0
20034,r0008,0,0.0,0.0,0.0,0.0,1,0,0,0.0,0.0,0.0,0.0,0.0,0.0,0.0,0.0,0,0
20034,r0008,1,473.0229864765861,473.0229864765861,0.0,0.0,1,1,0,0.0,0.0,0.0,0.0,0.0,0.0,0.0,0.0,35,0
20034,r0020,0,808.1539769791852,808.1539769791852,0.0,0.0,1,1,0,0.0,0.0,0.0,0.0,0.0,0.0,0.0,0.0,23,0
20034,r0013,0,3659.0907631512455,3659.0907631512455,0.0,0.0,1,1,1,64.35876429772523,64.35876429772179,1.8749999999998999,1.8749999999998999,0.0,0.0,3.439026841078885e-12,97.035707215463,107,5
20034,r0005,0,0.0,0.0,0.0,0.0,1,0,0,0.0,0.0,0.0,0.0,0.0,0.0,0.0,0.0,0,0
20034,r0023,0,0.0,0.0,0.0,0.0,1,0,0,0.0,0.0,0.0,0.0,0.0,0.0,0.0,0.0,0,0
20034,r0023,1,0.0,0.0,0.0,0.0,1,0,0,0.0,0.0,0.0,0.0,0.0,0.0,0.0,0.0,0,0
20035,r0021,0,3388.589252305891,3388.589252305891,0.0,0.0,1,1,1,458.3530740475365,458.3530740475365,25.39453125,25.39453125,0.0,0.0,0.0,85.90078748413956,38,11
20035,r0008,0,2473.2647406655487,2473.2647406655487,0.0,0.0,1,1,1,2070.796114247397,2070.796114247397,176.53125,176.53125,0.0,0.0,0.0,106.02823542341434,27,28
20035,r0002,0,0.0,0.0,0.0,0.0,1,0,0,0.0,0.0,0.0,0.0,0.0,0.0,0.0,0.0,0,0
20035,r0013,0,0.0,0.0,0.0,0.0,1,0,0,0.0,0.0,0.0,0.0,0.0,0.0,0.0,0.0,0,0
20035,r0010,0,6483.913666386739,6483.913666386739,0.0,0.0,1,1,1,1380.6375547571158,1380.6375547571151,118.33593749999994,118.33593749999994,0.0,0.0,6.821210263296962e-13,162.18491968202787,106,18
20035,r0010,1,3237.888798673095,3237.888798673095,0.0,0.0,1,1,0,0.0,0.0,0.0,0.0,0.0,0.0,0.0,0.0,238,0
20035,r0018,0,0.0,0.0,0.0,0.0,1,0,0,0.0,0.0,0.0,0.0,0.0,0.0,0.0,0.0,0,0
20035,r0009,0,865.4868296948953,865.4868296948953,0.0,0.0,1,1,1,522.7877400328459,522.7877400328459,25.13671875,25.13671875,0.0,0.0,0.0,36.761605236034086,13,5
20035,r0012,0,1216.8662395872161,1216.8662395872161,0.0,0.0,1,1,1,402.2714321711844,402.2714321711828,29.695312499999883,29.695312499999883,0.0,0.0,1.5916157281026244e-12,78.70919455930672,13,28
20035,r0007,0,882.2024889349123,882.2024889349123,0.0,0.0,1,1,1,1999.9537255112002,882.2024889349123,75.11990155894048,75.11990155894048,0.0,0.0,1117.751236576288,70.90375431241881,9,28
20036,r0018,0,3467.536088511255,3467.536088511255,0.0,0.0,1,1,1,0.0,0.0,0.0,0.0,0.0,0.0,0.0,0.0,143,0
20036,r0018,1,4854.61916484687,4854.61916484687,0.0,0.0,1,1,0,0.0,0.0,0.0,0.0,0.0,0.0,0.0,0.0,214,0
20036,r0002,0,804.5613644066398,804.5613644066398,0.0,0.0,1,1,1,0.0,0.0,0.0,0.0,0.0,0.0,0.0,0.0,41,0
20036,r0002,1,9147.975475237112,9147.975475237112,0.0,0.0,1,1,0,0.0,0.0,0.0,0.0,0.0,0.0,0.0,0.0,369,0
20036,r0015,0,1114.323566387051,1114.323566387051,0.0,0.0,1,1,1,0.0,0.0,0.0,0.0,0.0,0.0,0.0,0.0,49,0
20036,r0015,1,4905.468140271812,4905.468140271812,0.0,0.0,1,1,0,0.0,0.0,0.0,0.0,0.0,0.0,0.0,0.0,225,0
20036,r0005,0,367.7485757880713,367.7485757880713,0.0,0.0,1,1,1,0.0,0.0,0.0,0.0,0.0,0.0,0.0,0.0,16,0
20036,r0005,1,3938.660382252747,3938.660382252747,0.0,0.0,1,1,0,0.0,0.0,0.0,0.0,0.0,0.0,0.0,0.0,179,0
20036,r0010,0,0.0,0.0,0.0,0.0,1,0,0,0.0,0.0,0.0,0.0,0.0,0.0,0.0,0.0,0,0
20037,r0007,0,2957.6592102367454,2957.6592102367454,0.0,0.0,1,1,1,0.0,0.0,0.0,0.0,0.0,0.0,0.0,0.0,126,0
20037,r0002,0,0.0,0.0,0.0,0.0,1,0,0,0.0,0.0,0.0,0.0,0.0,0.0,0.0,0.0,0,0
20037,r0023,0,1158.5836783704372,1158.5836783704372,0.0,0.0,1,1,0,0.0,0.0,0.0,0.0,0.0,0.0,0.0,0.0,42,0
20037,r0011,0,1293.352582269492,1293.352582269492,0.0,0.0,1,1,1,0.0,0.0,0.0,0.0,0.0,0.0,0.0,0.0,55,0
20037,r0013,0,2679.9016080690544,2679.9016080690544,0.0,0.0,1,1,1,0.0,0.0,0.0,0.0,0.0,0.0,0.0,0.0,111,0
20038,r0015,0,7441.971044856329,7441.971044856329,0.0,0.0,1,1,1,2152.5793782797723,2152.579378279772,92.24414062499999,92.24414062499999,0.0,0.0,4.547473508864641e-13,237.09746484300132,117,13
20038,r0015,1,6848.466347536269,6848.466347536269,0.0,0.0,1,1,1,0.0,0.0,0.0,0.0,0.0,0.0,0.0,0.0,264,0
20038,r0017,0,312.65378076661,312.65378076661,0.0,0.0,1,1,1,729.099674784256,312.65378076661,13.00033364590888,13.00033364590888,0.0,0.0,416.44589401764597,27.553704736053575,4,13
20038,r0004,0,3161.6457484296734,3161.6457484296734,0.0,0.0,1,1,1,371.91657575217073,371.9165757521696,14.777343749999954,14.777343749999954,0.0,0.0,1.1368683772161603e-12,114.53463674375637,47,13
20038,r0002,0,0.0,0.0,0.0,0.0,1,0,0,0.0,0.0,0.0,0.0,0.0,0.0,0.0,0.0,0,0
20038,r0002,1,1872.59375202292,1872.59375202292,0.0,0.0,1,1,0,0.0,0.0,0.0,0.0,0.0,0.0,0.0,0.0,63,0
20038,r0002,2,5511.867876446522,5511.867876446522,0.0,0.0,1,1,0,0.0,0.0,0.0,0.0,0.0,0.0,0.0,0.0,195,0
20038,r0002,3,3307.4791012395362,3307.4791012395362,0.0,0.0,1,1,0,0.0,0.0,0.0,0.0,0.0,0.0,0.0,0.0,111,0
20038,r0019,0,0.0,0.0,0.0,0.0,1,0,0,0.0,0.0,0.0,0.0,0.0,0.0,0.0,0.0,0,0
20038,r0019,1,2617.4869375613453,2617.4869375613453,0.0,0.0,1,1,0,0.0,0.0,0.0,0.0,0.0,0.0,0.0,0.0,37,0
20038,r0018,0,0.0,0.0,0.0,0.0,1,0,0,0.0,0.0,0.0,0.0,0.0,0.0,0.0,0.0,0,0
20038,r0018,1,0.0,0.0,0.0,0.0,1,0,0,0.0,0.0,0.0,0.0,0.0,0.0,0.0,0.0,0,0
20038,r0018,2,3480.4018035597073,3480.4018035597073,0.0,0.0,1,1,0,0.0,0.0,0.0,0.0,0.0,0.0,0.0,0.0,119,0
20038,r0018,3,5739.569976146675,5739.569976146675,0.0,0.0,1,1,0,0.0,0.0,0.0,0.0,0.0,0.0,0.0,0.0,222,0
20038,r0016,0,0.0,0.0,0.0,0.0,1,0,0,0.0,0.0,0.0,0.0,0.0,0.0,0.0,0.0,0,0
20038,r0010,0,0.0,0.0,0.0,0.0,1,0,0,0.0,0.0,0.0,0.0,0.0,0.0,0.0,0.0,0,0
20038,r0010,1,0.0,0.0,0.0,0.0,1,0,0,0.0,0.0,0.0,0.0,0.0,0.0,0.0,0.0,0,0
20038,r0007,0,2108.0803193855645,2108.0803193855645,0.0,0.0,1,1,1,2250.629640759168,2108.0803193855645,90.3970754930382,90.3970754930382,0.0,0.0,142.54932137360356,86.52027603535751,31,13
20038,r0007,1,7885.620270396255,7885.620270396255,0.0,0.0,1,1,0,0.0,0.0,0.0,0.0,0.0,0.0,0.0,0.0,265,0
20038,r0023,0,1022.4624715372265,1022.4624715372265,0.0,0.0,1,1,1,2332.9218253400895,1022.4624715372265,43.86692597446172,43.86692597446172,0.0,0.0,1310.459353802863,55.519046227387065,15,13
20038,r0023,1,2144.8868111156335,2144.8868111156335,0.0,0.0,1,1,0,0.0,0.0,0.0,0.0,0.0,0.0,0.0,0.0,78,0
20038,r0005,0,0.0,0.0,0.0,0.0,1,0,0,0.0,0.0,0.0,0.0,0.0,0.0,0.0,0.0,0,0
20038,r0005,1,3240.3793522969427,3240.3793522969427,0.0,0.0,1,1,0,0.0,0.0,0.0,0.0,0.0,0.0,0.0,0.0,141,0
20039,r0014,0,5084.899346475655,5084.899346475655,0.0,0.0,1,1,0,0.0,0.0,0.0,0.0,0.0,0.0,0.0,0.0,253,0
20039,r0004,0,0.0,0.0,0.0,0.0,1,0,0,0.0,0.0,0.0,0.0,0.0,0.0,0.0,0.0,0,0
20039,r0009,0,0.0,0.0,0.0,0.0,1,0,0,0.0,0.0,0.0,0.0,0.0,0.0,0.0,0.0,0,0
20039,r0011,0,2618.2105950639907,2618.2105950639907,0.0,0.0,1,1,1,0.0,0.0,0.0,0.0,0.0,0.0,0.0,0.0,132,0
20039,r0010,0,7629.890558484052,7629.890558484052,0.0,0.0,1,1,0,0.0,0.0,0.0,0.0,0.0,0.0,0.0,0.0,368,0
20039,r0022,0,735.0613916407492,735.0613916407492,0.0,0.0,1,1,1,0.0,0.0,0.0,0.0,0.0,0.0,0.0,0.0,34,0
20039,r0022,1,4665.922428974442,4665.922428974442,0.0,0.0,1,1,0,0.0,0.0,0.0,0.0,0.0,0.0,0.0,0.0,203,0
20039,r0006,0,0.0,0.0,0.0,0.0,1,0,0,0.0,0.0,0.0,0.0,0.0,0.0,0.0,0.0,0,0
20039,r0019,0,3906.2461200663456,3906.2461200663456,0.0,0.0,1,1,1,0.0,0.0,0.0,0.0,0.0,0.0,0.0,0.0,180,0
20039,r0012,0,0.0,0.0,0.0,0.0,1,0,0,0.0,0.0,0.0,0.0,0.0,0.0,0.0,0.0,0,0
20039,r0021,0,627.4987681785788,627.4987681785788,0.0,0.0,1,1,1,0.0,0.0,0.0,0.0,0.0,0.0,0.0,0.0,28,0
20039,r0021,1,3221.677893904249,3221.677893904249,0.0,0.0,1,1,0,0.0,0.0,0.0,0.0,0.0,0.0,0.0,0.0,139,0
20040,r0012,0,233.67381863197807,233.67381863197807,0.0,0.0,1,1,1,306.65002484361867,233.67381863197807,8.001222556192557,8.001222556192557,0.0,0.0,72.9762062116406,86.32538251511889,10,28
20040,r0013,0,7191.265180414817,7191.265180414817,0.0,0.0,1,1,0,0.0,0.0,0.0,0.0,0.0,0.0,0.0,0.0,312,0
20040,r0001,0,77.65775264944205,77.65775264944205,0.0,0.0,1,1,0,0.0,0.0,0.0,0.0,0.0,0.0,0.0,0.0,4,0
20040,r0023,0,1701.8183153754508,1701.8183153754508,0.0,0.0,1,1,0,0.0,0.0,0.0,0.0,0.0,0.0,0.0,0.0,77,0
20040,r0006,0,4806.371547846298,4806.371547846298,0.0,0.0,1,1,1,0.0,0.0,0.0,0.0,0.0,0.0,0.0,0.0,218,0
20040,r0016,0,5794.778436796045,5794.778436796045,0.0,0.0,1,1,1,0.0,0.0,0.0,0.0,0.0,0.0,0.0,0.0,267,0
20040,r0011,0,696.1231872302742,696.1231872302742,0.0,0.0,1,1,1,0.0,0.0,0.0,0.0,0.0,0.0,0.0,0.0,30,0
20040,r0011,1,3293.0009687648926,3293.0009687648926,0.0,0.0,1,1,1,0.0,0.0,0.0,0.0,0.0,0.0,0.0,0.0,157,0
20041,r0005,0,2153.541400838558,2153.541400838558,0.0,0.0,1,1,1,0.0,0.0,0.0,0.0,0.0,0.0,0.0,0.0,82,0
20041,r0003,0,0.0,0.0,0.0,0.0,1,0,0,0.0,0.0,0.0,0.0,0.0,0.0,0.0,0.0,0,0
20041,r0003,1,7173.46224959371,7173.46224959371,0.0,0.0,1,1,0,0.0,0.0,0.0,0.0,0.0,0.0,0.0,0.0,261,0
20041,r0012,0,119.33462254978804,119.33462254978804,0.0,0.0,1,1,1,0.0,0.0,0.0,0.0,0.0,0.0,0.0,0.0,4,0
20041,r0008,0,783.6559705285399,783.6559705285399,0.0,0.0,1,1,1,0.0,0.0,0.0,0.0,0.0,0.0,0.0,0.0,30,0
20041,r0008,1,4246.246915082054,4246.246915082054,0.0,0.0,1,1,0,0.0,0.0,0.0,0.0,0.0,0.0,0.0,0.0,158,0
20041,r0008,2,9014.150264335687,9014.150264335687,0.0,0.0,1,1,0,0.0,0.0,0.0,0.0,0.0,0.0,0.0,0.0,336,0
20042,r0002,0,6078.262850157979,6078.262850157979,0.0,0.0,1,1,0,0.0,0.0,0.0,0.0,0.0,0.0,0.0,0.0,221,0
20042,r0016,0,1036.959295265502,1036.959295265502,0.0,0.0,1,1,0,0.0,0.0,0.0,0.0,0.0,0.0,0.0,0.0,36,0
20042,r0017,0,0.0,0.0,0.0,0.0,1,0,0,0.0,0.0,0.0,0.0,0.0,0.0,0.0,0.0,0,0
20042,r0018,0,29.81654810519467,29.81654810519467,0.0,0.0,1,1,0,0.0,0.0,0.0,0.0,0.0,0.0,0.0,0.0,0,0
20042,r0018,1,3265.0601732215328,3265.0601732215328,0.0,0.0,1,1,0,0.0,0.0,0.0,0.0,0.0,0.0,0.0,0.0,112,0
20042,r0023,0,0.0,0.0,0.0,0.0,1,0,0,0.0,0.0,0.0,0.0,0.0,0.0,0.0,0.0,0,0
20042,r0014,0,0.0,0.0,0.0,0.0,1,0,0,0.0,0.0,0.0,0.0,0.0,0.0,0.0,0.0,0,0
20042,r0010,0,0.0,0.0,0.0,0.0,1,0,0,0.0,0.0,0.0,0.0,0.0,0.0,0.0,0.0,0,0
20042,r0001,0,3792.3611705607836,3792.3611705607836,0.0,0.0,1,1,1,0.0,0.0,0.0,0.0,0.0,0.0,0.0,0.0,124,0
20042,r0001,1,4067.790202610642,4067.790202610642,0.0,0.0,1,1,0,0.0,0.0,0.0,0.0,0.0,0.0,0.0,0.0,138,0
20042,r0007,0,2096.4042818742782,2096.4042818742782,0.0,0.0,1,1,0,0.0,0.0,0.0,0.0,0.0,0.0,0.0,0.0,86,0
20043,r0014,0,2487.4037004959882,2487.4037004959882,0.0,0.0,1,1,1,272.3632269673174,272.3632269673174,18.052734375,18.052734375,0.0,0.0,0.0,65.6216838417981,42,13
20043,r0002,0,6815.641036098283,6815.641036098283,0.0,0.0,1,1,1,236.3159835505602,236.3159835505594,15.462890624999948,15.462890624999948,0.0,0.0,7.958078640513122e-13,143.0172358836592,115,13
20043,r0023,0,4374.239493635523,4374.239493635523,0.0,0.0,1,1,1,1649.0356923557306,1649.0356923557301,107.90624999999997,107.90624999999997,0.0,0.0,4.547473508864641e-13,132.1430993516855,63,16
20043,r0023,1,2939.8465230172515,2939.8465230172515,0.0,0.0,1,1,0,0.0,0.0,0.0,0.0,0.0,0.0,0.0,0.0,126,0
20043,r0003,0,0.0,0.0,0.0,0.0,1,0,0,0.0,0.0,0.0,0.0,0.0,0.0,0.0,0.0,0,0
20043,r0003,1,7082.307210099523,7082.307210099523,0.0,0.0,1,1,0,0.0,0.0,0.0,0.0,0.0,0.0,0.0,0.0,289,0
20043,r0017,0,0.0,0.0,0.0,0.0,1,0,0,0.0,0.0,0.0,0.0,0.0,0.0,0.0,0.0,0,0
20043,r0010,0,2170.993695812045,2170.993695812045,0.0,0.0,1,1,0,0.0,0.0,0.0,0.0,0.0,0.0,0.0,0.0,37,0
20043,r0005,0,0.0,0.0,0.0,0.0,1,0,0,0.0,0.0,0.0,0.0,0.0,0.0,0.0,0.0,0,0
20043,r0005,1,3415.9685100041825,3415.9685100041825,0.0,0.0,1,1,0,0.0,0.0,0.0,0.0,0.0,0.0,0.0,0.0,136,0
20043,r0005,2,5801.291207700633,5801.291207700633,0.0,0.0,1,1,0,0.0,0.0,0.0,0.0,0.0,0.0,0.0,0.0,246,0
20043,r0004,0,2513.601661432149,2513.601661432149,0.0,0.0,1,1,1,1568.1901538035188,1568.1901538035163,102.46874999999984,102.46874999999984,0.0,0.0,2.5011104298755527e-12,99.65630851887087,40,16
20043,r0004,1,8757.7251982495,8757.7251982495,0.0,0.0,1,1,0,0.0,0.0,0.0,0.0,0.0,0.0,0.0,0.0,331,0
20043,r0016,0,0.0,0.0,0.0,0.0,1,0,0,0.0,0.0,0.0,0.0,0.0,0.0,0.0,0.0,0,0
20044,r0015,0,3293.3734784337694,3293.3734784337694,0.0,0.0,1,1,1,1595.5580274052063,1595.5580274052063,103.447265625,103.447265625,0.0,0.0,0.0,119.73933810308075,29,15
20044,r0015,1,3093.691613502402,3093.691613502402,0.0,0.0,1,1,0,0.0,0.0,0.0,0.0,0.0,0.0,0.0,0.0,100,0
20044,r0000,0,0.0,0.0,0.0,0.0,1,0,0,0.0,0.0,0.0,0.0,0.0,0.0,0.0,0.0,0,0
20044,r0013,0,4563.130997588858,4563.130997588858,0.0,0.0,1,1,1,208.1245620057533,208.12456200575252,11.718749999999957,11.718749999999957,0.0,0.0,7.673861546209082e-13,81.937748177668,60,10
20044,r0021,0,5224.771688547353,5224.771688547353,0.0,0.0,1,1,1,393.7994452099359,393.7994452099359,23.7890625,23.7890625,0.0,0.0,0.0,89.14842325355858,68,10
20044,r0009,0,0.0,0.0,0.0,0.0,1,0,0,0.0,0.0,0.0,0.0,0.0,0.0,0.0,0.0,0,0
20044,r0009,1,2335.1034745612924,2335.1034745612924,0.0,0.0,1,1,1,0.0,0.0,0.0,0.0,0.0,0.0,0.0,0.0,82,0
20044,r0009,2,7424.634674077137,7424.634674077137,0.0,0.0,1,1,0,0.0,0.0,0.0,0.0,0.0,0.0,0.0,0.0,227,0
20044,r0009,3,3239.9701578969543,3239.9701578969543,0.0,0.0,1,1,0,0.0,0.0,0.0,0.0,0.0,0.0,0.0,0.0,98,0
20044,r0008,0,0.0,0.0,0.0,0.0,1,0,0,0.0,0.0,0.0,0.0,0.0,0.0,0.0,0.0,0,0
20044,r0008,1,5271.530710414827,5271.530710414827,0.0,0.0,1,1,0,0.0,0.0,0.0,0.0,0.0,0.0,0.0,0.0,186,0
20044,r0004,0,2408.2549409638523,2408.2549409638523,0.0,0.0,1,1,1,1410.0736525098496,1410.0736525098496,90.615234375,90.615234375,0.0,0.0,0.0,107.32556272166579,20,15
20044,r0004,1,5643.147869377208,5643.147869377208,0.0,0.0,1,1,0,0.0,0.0,0.0,0.0,0.0,0.0,0.0,0.0,175,0
20044,r0004,2,5982.352275177589,5982.352275177589,0.0,0.0,1,1,0,0.0,0.0,0.0,0.0,0.0,0.0,0.0,0.0,199,0
20044,r0001,0,451.6072401406491,451.6072401406491,0.0,0.0,1,1,1,598.261902111679,451.6072401406491,26.007473717700165,26.007473717700165,0.0,0.0,146.6546619710299,78.87528924859602,3,15
20044,r0002,0,2840.4004060243096,2840.4004060243096,0.0,0.0,1,1,1,363.1540761374008,363.1540761373981,21.796874999999837,21.796874999999837,0.0,0.0,2.7284841053187847e-12,62.10839171896888,38,10
20044,r0017,0,3263.942505907282,3263.942505907282,0.0,0.0,1,1,1,686.423705892417,686.423705892417,39.84375,39.84375,0.0,0.0,0.0,150.43259898263696,42,17
20044,r0020,0,0.0,0.0,0.0,0.0,1,0,0,0.0,0.0,0.0,0.0,0.0,0.0,0.0,0.0,0,0
20044,r0020,1,3228.297843924556,3228.297843924556,0.0,0.0,1,1,0,0.0,0.0,0.0,0.0,0.0,0.0,0.0,0.0,104,0
20044,r0020,2,9929.331024581355,9929.331024581355,0.0,0.0,1,1,0,0.0,0.0,0.0,0.0,0.0,0.0,0.0,0.0,366,0
20045,r0015,0,5168.078632444183,5168.078632444183,0.0,0.0,1,1,0,0.0,0.0,0.0,0.0,0.0,0.0,0.0,0.0,269,0
20045,r0010,0,1129.722745204108,1129.722745204108,0.0,0.0,1,1,1,0.0,0.0,0.0,0.0,0.0,0.0,0.0,0.0,60,0
20045,r0003,0,0.0,0.0,0.0,0.0,1,0,0,0.0,0.0,0.0,0.0,0.0,0.0,0.0,0.0,0,0
20045,r0016,0,0.0,0.0,0.0,0.0,1,0,0,0.0,0.0,0.0,0.0,0.0,0.0,0.0,0.0,0,0
20045,r0016,1,5242.287789681282,5242.287789681282,0.0,0.0,1,1,0,0.0,0.0,0.0,0.0,0.0,0.0,0.0,0.0,277,0
20046,r0005,0,2131.4076637237968,2131.4076637237968,0.0,0.0,1,1,1,2734.238369793884,2131.4076637237968,75.77532875808012,75.77532875808012,0.0,0.0,602.8307060700872,87.36561541269177,18,15
20046,r0005,1,2850.019412006938,2850.019412006938,0.0,0.0,1,1,0,0.0,0.0,0.0,0.0,0.0,0.0,0.0,0.0,110,0
20046,r0005,2,3518.8357264521574,3518.8357264521574,0.0,0.0,1,1,0,0.0,0.0,0.0,0.0,0.0,0.0,0.0,0.0,140,0
20046,r0017,0,0.0,0.0,0.0,0.0,1,0,0,0.0,0.0,0.0,0.0,0.0,0.0,0.0,0.0,0,0
20046,r0000,0,689.2740565281347,689.2740565281347,0.0,0.0,1,1,1,1005.5928560543502,689.2740565281347,23.796298141562357,23.796298141562357,0.0,0.0,316.31879952621557,54.19695470938446,5,15
20046,r0001,0,0.0,0.0,0.0,0.0,1,0,0,0.0,0.0,0.0,0.0,0.0,0.0,0.0,0.0,0,0
20046,r0001,1,1125.1847112446121,1125.1847112446121,0.0,0.0,1,1,0,0.0,0.0,0.0,0.0,0.0,0.0,0.0,0.0,13,0
20046,r0013,0,0.0,0.0,0.0,0.0,1,0,0,0.0,0.0,0.0,0.0,0.0,0.0,0.0,0.0,0,0
20046,r0013,1,0.0,0.0,0.0,0.0,1,0,0,0.0,0.0,0.0,0.0,0.0,0.0,0.0,0.0,0,0
20046,r0013,2,7676.8278697202295,7676.8278697202295,0.0,0.0,1,1,0,0.0,0.0,0.0,0.0,0.0,0.0,0.0,0.0,281,0
20046,r0013,3,3084.5480741367683,3084.5480741367683,0.0,0.0,1,1,0,0.0,0.0,0.0,0.0,0.0,0.0,0.0,0.0,107,0
20046,r0004,0,0.0,0.0,0.0,0.0,1,0,0,0.0,0.0,0.0,0.0,0.0,0.0,0.0,0.0,0,0
20046,r0004,1,1100.286341618259,1100.286341618259,0.0,0.0,1,1,0,0.0,0.0,0.0,0.0,0.0,0.0,0.0,0.0,14,0
20046,r0016,0,0.0,0.0,0.0,0.0,1,0,0,0.0,0.0,0.0,0.0,0.0,0.0,0.0,0.0,0,0
20046,r0015,0,2550.348063426958,2550.348063426958,0.0,0.0,1,1,1,575.2549433512597,575.2549433512597,19.16015625,19.16015625,0.0,0.0,0.0,94.79923455639621,21,15
20046,r0012,0,0.0,0.0,0.0,0.0,1,0,0,0.0,0.0,0.0,0.0,0.0,0.0,0.0,0.0,0,0
20046,r0012,1,0.0,0.0,0.0,0.0,1,0,0,0.0,0.0,0.0,0.0,0.0,0.0,0.0,0.0,0,0
20046,r0022,0,0.0,0.0,0.0,0.0,1,0,0,0.0,0.0,0.0,0.0,0.0,0.0,0.0,0.0,0,0
20046,r0022,1,0.0,0.0,0.0,0.0,1,0,0,0.0,0.0,0.0,0.0,0.0,0.0,0.0,0.0,0,0
20046,r0022,2,2584.3846585423817,2584.3846585423817,0.0,0.0,1,1,0,0.0,0.0,0.0,0.0,0.0,0.0,0.0,0.0,94,0
20046,r0022,3,3965.466118133161,3965.466118133161,0.0,0.0,1,1,0,0.0,0.0,0.0,0.0,0.0,0.0,0.0,0.0,159,0
20046,r0014,0,0.0,0.0,0.0,0.0,1,0,0,0.0,0.0,0.0,0.0,0.0,0.0,0.0,0.0,0,0
20046,r0019,0,0.0,0.0,0.0,0.0,1,0,0,0.0,0.0,0.0,0.0,0.0,0.0,0.0,0.0,0,0
20047,r0004,0,1182.2759459944473,1182.2759459944473,0.0,0.0,1,1,1,0.0,0.0,0.0,0.0,0.0,0.0,0.0,0.0,57,0
20047,r0015,0,0.0,0.0,0.0,0.0,1,0,0,0.0,0.0,0.0,0.0,0.0,0.0,0.0,0.0,0,0
20047,r0010,0,3533.084037252611,3533.084037252611,0.0,0.0,1,1,0,0.0,0.0,0.0,0.0,0.0,0.0,0.0,0.0,156,0
20047,r0010,1,3339.601739499314,3339.601739499314,0.0,0.0,1,1,0,0.0,0.0,0.0,0.0,0.0,0.0,0.0,0.0,145,0
20047,r0001,0,0.0,0.0,0.0,0.0,1,0,0,0.0,0.0,0.0,0.0,0.0,0.0,0.0,0.0,0,0
20047,r0003,0,1034.3990270856484,1034.3990270856484,0.0,0.0,1,1,0,0.0,0.0,0.0,0.0,0.0,0.0,0.0,0.0,48,0
20047,r0008,0,7474.0149430712445,7474.0149430712445,0.0,0.0,1,1,0,0.0,0.0,0.0,0.0,0.0,0.0,0.0,0.0,348,0
20047,r0023,0,4413.314646390154,4413.314646390154,0.0,0.0,1,1,0,0.0,0.0,0.0,0.0,0.0,0.0,0.0,0.0,206,0
20047,r0023,1,3918.7875904129105,3918.7875904129105,0.0,0.0,1,1,0,0.0,0.0,0.0,0.0,0.0,0.0,0.0,0.0,179,0
20048,r0001,0,6531.275982714535,6531.275982714535,0.0,0.0,1,1,1,0.0,0.0,0.0,0.0,0.0,0.0,0.0,0.0,302,0
20048,r0003,0,3029.708723554413,3029.708723554413,0.0,0.0,1,1,0,0.0,0.0,0.0,0.0,0.0,0.0,0.0,0.0,139,0
20048,r0017,0,0.0,0.0,0.0,0.0,1,0,0,0.0,0.0,0.0,0.0,0.0,0.0,0.0,0.0,0,0
20048,r0004,0,577.7356031131312,577.7356031131312,0.0,0.0,1,1,0,0.0,0.0,0.0,0.0,0.0,0.0,0.0,0.0,27,0
20049,r0000,0,2416.936093215175,2416.936093215175,0.0,0.0,1,1,0,0.0,0.0,0.0,0.0,0.0,0.0,0.0,0.0,98,0
20049,r0000,1,9579.926285056163,9579.926285056163,0.0,0.0,1,1,0,0.0,0.0,0.0,0.0,0.0,0.0,0.0,0.0,397,0
20049,r0009,0,2604.1098268584255,2604.1098268584255,0.0,0.0,1,1,0,0.0,0.0,0.0,0.0,0.0,0.0,0.0,0.0,105,0
20049,r0009,1,5395.426656601463,5395.426656601463,0.0,0.0,1,1,0,0.0,0.0,0.0,0.0,0.0,0.0,0.0,0.0,221,0
20049,r0020,0,0.0,0.0,0.0,0.0,1,0,0,0.0,0.0,0.0,0.0,0.0,0.0,0.0,0.0,0,0
20049,r0014,0,2476.83096316129,2476.83096316129,0.0,0.0,1,1,0,0.0,0.0,0.0,0.0,0.0,0.0,0.0,0.0,102,0
20049,r0014,1,7154.218397673121,7154.218397673121,0.0,0.0,1,1,0,0.0,0.0,0.0,0.0,0.0,0.0,0.0,0.0,269,0
20049,r0007,0,0.0,0.0,0.0,0.0,1,0,0,0.0,0.0,0.0,0.0,0.0,0.0,0.0,0.0,0,0
20049,r0007,1,4225.295318207478,4225.295318207478,0.0,0.0,1,1,0,0.0,0.0,0.0,0.0,0.0,0.0,0.0,0.0,166,0
20049,r0007,2,5762.01635320636,5762.01635320636,0.0,0.0,1,1,0,0.0,0.0,0.0,0.0,0.0,0.0,0.0,0.0,216,0
20049,r0006,0,171.56268155404177,171.56268155404177,0.0,0.0,1,1,0,0.0,0.0,0.0,0.0,0.0,0.0,0.0,0.0,6,0
20049,r0006,1,9511.079680468658,9511.079680468658,0.0,0.0,1,1,0,0.0,0.0,0.0,0.0,0.0,0.0,0.0,0.0,360,0
20049,r0013,0,167.57256580505782,167.57256580505782,0.0,0.0,1,1,1,0.0,0.0,0.0,0.0,0.0,0.0,0.0,0.0,6,0
20050,r0019,0,3513.5517697191463,3513.5517697191463,0.0,0.0,1,1,1,136.27545481194164,136.27545481194164,6.005859375,6.005859375,0.0,0.0,0.0,21.674640913126307,70,1
20050,r0019,1,5902.259155239779,5902.259155239779,0.0,0.0,1,1,0,0.0,0.0,0.0,0.0,0.0,0.0,0.0,0.0,313,0
20050,r0000,0,2214.572756942189,2214.572756942189,0.0,0.0,1,1,1,137.1154607776921,137.11546077769162,6.046874999999979,6.046874999999979,0.0,0.0,4.831690603168681e-13,18.554618754624528,44,1
20050,r0000,1,6487.7150772714995,6487.7150772714995,0.0,0.0,1,1,0,0.0,0.0,0.0,0.0,0.0,0.0,0.0,0.0,309,0
20050,r0009,0,2570.807373987034,2570.807373987034,0.0,0.0,1,1,1,58.754904258397445,58.75490425839598,2.220703124999945,2.220703124999945,0.0,0.0,1.4637180356658064e-12,19.394624720375003,51,1
20050,r0012,0,0.0,0.0,0.0,0.0,1,0,0,0.0,0.0,0.0,0.0,0.0,0.0,0.0,0.0,0,0
20050,r0012,1,6301.381378948121,6301.381378948121,0.0,0.0,1,1,0,0.0,0.0,0.0,0.0,0.0,0.0,0.0,0.0,251,0
20050,r0012,2,3434.4452577427,3434.4452577427,0.0,0.0,1,1,0,0.0,0.0,0.0,0.0,0.0,0.0,0.0,0.0,141,0
20050,r0003,0,0.0,0.0,0.0,0.0,1,0,0,0.0,0.0,0.0,0.0,0.0,0.0,0.0,0.0,0,0
20050,r0003,1,6710.39968393169,6710.39968393169,0.0,0.0,1,1,0,0.0,0.0,0.0,0.0,0.0,0.0,0.0,0.0,266,0
20050,r0020,0,0.0,0.0,0.0,0.0,1,0,0,0.0,0.0,0.0,0.0,0.0,0.0,0.0,0.0,0,0
20050,r0018,0,834.0060143882656,834.0060143882656,0.0,0.0,1,1,0,0.0,0.0,0.0,0.0,0.0,0.0,0.0,0.0,36,0
20050,r0021,0,0.0,0.0,0.0,0.0,1,0,0,0.0,0.0,0.0,0.0,0.0,0.0,0.0,0.0,0,0
20050,r0006,0,1606.7771320293832,1606.7771320293832,0.0,0.0,1,1,0,0.0,0.0,0.0,0.0,0.0,0.0,0.0,0.0,68,0
20051,r0010,0,6393.418643407189,6393.418643407189,0.0,0.0,1,1,1,0.0,0.0,0.0,0.0,0.0,0.0,0.0,0.0,227,0
20051,r0004,0,0.0,0.0,0.0,0.0,1,0,0,0.0,0.0,0.0,0.0,0.0,0.0,0.0,0.0,0,0
20051,r0009,0,418.8186383666816,418.8186383666816,0.0,0.0,1,1,0,0.0,0.0,0.0,0.0,0.0,0.0,0.0,0.0,13,0
20051,r0001,0,0.0,0.0,0.0,0.0,1,0,0,0.0,0.0,0.0,0.0,0.0,0.0,0.0,0.0,0,0
20051,r0006,0,0.0,0.0,0.0,0.0,1,0,0,0.0,0.0,0.0,0.0,0.0,0.0,0.0,0.0,0,0
20051,r0005,0,0.0,0.0,0.0,0.0,1,0,0,0.0,0.0,0.0,0.0,0.0,0.0,0.0,0.0,0,0
20051,r0014,0,830.0255885583247,830.0255885583247,0.0,0.0,1,1,0,0.0,0.0,0.0,0.0,0.0,0.0,0.0,0.0,31,0
20051,r0012,0,592.8663244255804,592.8663244255804,0.0,0.0,1,1,0,0.0,0.0,0.0,0.0,0.0,0.0,0.0,0.0,20,0
20051,r0012,1,9722.37226297898,9722.37226297898,0.0,0.0,1,1,0,0.0,0.0,0.0,0.0,0.0,0.0,0.0,0.0,326,0
20051,r0017,0,434.32180467931175,434.32180467931175,0.0,0.0,1,1,0,0.0,0.0,0.0,0.0,0.0,0.0,0.0,0.0,14,0
20051,r0017,1,4182.475290273098,4182.475290273098,0.0,0.0,1,1,0,0.0,0.0,0.0,0.0,0.0,0.0,0.0,0.0,141,0
20051,r0017,2,3619.9955979000842,3619.9955979000842,0.0,0.0,1,1,0,0.0,0.0,0.0,0.0,0.0,0.0,0.0,0.0,126,0
20051,r0000,0,722.160335442135,722.160335442135,0.0,0.0,1,1,1,0.0,0.0,0.0,0.0,0.0,0.0,0.0,0.0,24,0
20051,r0000,1,8234.741262639545,8234.741262639545,0.0,0.0,1,1,0,0.0,0.0,0.0,0.0,0.0,0.0,0.0,0.0,309,0
20052,r0011,0,8371.375831650104,8371.375831650104,0.0,0.0,1,1,0,0.0,0.0,0.0,0.0,0.0,0.0,0.0,0.0,406,0
20052,r0023,0,7689.966959431087,7689.966959431087,0.0,0.0,1,1,1,0.0,0.0,0.0,0.0,0.0,0.0,0.0,0.0,372,0
20052,r0020,0,0.0,0.0,0.0,0.0,1,0,0,0.0,0.0,0.0,0.0,0.0,0.0,0.0,0.0,0,0
20052,r0020,1,4508.367541670086,4508.367541670086,0.0,0.0,1,1,0,0.0,0.0,0.0,0.0,0.0,0.0,0.0,0.0,213,0
20052,r0017,0,2771.994134073746,2771.994134073746,0.0,0.0,1,1,0,0.0,0.0,0.0,0.0,0.0,0.0,0.0,0.0,121,0
20052,r0017,1,3049.0490874762727,3049.0490874762727,0.0,0.0,1,1,0,0.0,0.0,0.0,0.0,0.0,0.0,0.0,0.0,152,0
20052,r0017,2,6427.858861836834,6427.858861836834,0.0,0.0,1,1,0,0.0,0.0,0.0,0.0,0.0,0.0,0.0,0.0,303,0
20052,r0016,0,5218.967985277224,5218.967985277224,0.0,0.0,1,1,1,0.0,0.0,0.0,0.0,0.0,0.0,0.0,0.0,229,0
20052,r0015,0,6882.309895357714,6882.309895357714,0.0,0.0,1,1,0,0.0,0.0,0.0,0.0,0.0,0.0,0.0,0.0,302,0
20052,r0022,0,2084.5735033907695,2084.5735033907695,0.0,0.0,1,1,1,0.0,0.0,0.0,0.0,0.0,0.0,0.0,0.0,97,0
20052,r0014,0,0.0,0.0,0.0,0.0,1,0,0,0.0,0.0,0.0,0.0,0.0,0.0,0.0,0.0,0,0
20052,r0014,1,1779.926976522831,1779.926976522831,0.0,0.0,1,1,0,0.0,0.0,0.0,0.0,0.0,0.0,0.0,0.0,79,0
20052,r0004,0,200.35789868840948,200.35789868840948,0.0,0.0,1,1,1,0.0,0.0,0.0,0.0,0.0,0.0,0.0,0.0,8,0
20052,r0004,1,5232.901319045159,5232.901319045159,0.0,0.0,1,1,0,0.0,0.0,0.0,0.0,0.0,0.0,0.0,0.0,254,0
20053,r0014,0,3957.7616254716904,3957.7616254716904,0.0,0.0,1,1,0,0.0,0.0,0.0,0.0,0.0,0.0,0.0,0.0,196,0
20053,r0006,0,986.9598815463069,986.9598815463069,0.0,0.0,1,1,0,0.0,0.0,0.0,0.0,0.0,0.0,0.0,0.0,48,0
20053,r0000,0,1596.319755215758,1596.319755215758,0.0,0.0,1,1,0,0.0,0.0,0.0,0.0,0.0,0.0,0.0,0.0,71,0
20053,r0007,0,5344.546765938423,5344.546765938423,0.0,0.0,1,1,1,0.0,0.0,0.0,0.0,0.0,0.0,0.0,0.0,265,0
20054,r0008,0,7761.387963479157,7761.387963479157,0.0,0.0,1,1,1,263.0215141122501,263.02151411224986,11.19140624999999,11.19140624999999,0.0,0.0,2.2737367544323206e-13,87.76873693535094,45,5
20054,r0003,0,363.66737040170847,363.66737040170847,0.0,0.0,1,1,1,163.72369010077512,163.72369010077455,6.503906249999978,6.503906249999978,0.0,0.0,5.684341886080801e-13,48.89931858546553,2,3
20054,r0021,0,2011.427658740049,2011.427658740049,0.0,0.0,1,1,1,174.33246355599394,174.33246355599394,7.1015625,7.1015625,0.0,0.0,0.0,52.6435915696604,14,3
20054,r0002,0,1923.2482033252527,1923.2482033252527,0.0,0.0,1,1,1,176.82864554545716,176.8286455454563,7.242187499999965,7.242187499999965,0.0,0.0,8.526512829121202e-13,52.6435915696604,14,3
20054,r0015,0,0.0,0.0,0.0,0.0,1,0,0,0.0,0.0,0.0,0.0,0.0,0.0,0.0,0.0,0,0
20054,r0015,1,1572.0377632051714,1572.0377632051714,0.0,0.0,1,1,0,0.0,0.0,0.0,0.0,0.0,0.0,0.0,0.0,69,0
20054,r0020,0,0.0,0.0,0.0,0.0,1,0,0,0.0,0.0,0.0,0.0,0.0,0.0,0.0,0.0,0,0
20054,r0020,1,5849.619673857094,5849.619673857094,0.0,0.0,1,1,0,0.0,0.0,0.0,0.0,0.0,0.0,0.0,0.0,238,0
20054,r0023,0,3125.8298950413227,3125.8298950413227,0.0,0.0,1,1,0,0.0,0.0,0.0,0.0,0.0,0.0,0.0,0.0,124,0
20054,r0013,0,1467.186271015231,1467.186271015231,0.0,0.0,1,1,0,0.0,0.0,0.0,0.0,0.0,0.0,0.0,0.0,64,0
20054,r0013,1,4720.371300179606,4720.371300179606,0.0,0.0,1,1,0,0.0,0.0,0.0,0.0,0.0,0.0,0.0,0.0,223,0
20054,r0000,0,1550.976356884803,1550.976356884803,0.0,0.0,1,1,0,0.0,0.0,0.0,0.0,0.0,0.0,0.0,0.0,81,0
20055,r0007,0,8842.89735788365,8842.89735788365,0.0,0.0,1,1,0,0.0,0.0,0.0,0.0,0.0,0.0,0.0,0.0,327,0
20055,r0016,0,1148.9319337736215,1148.9319337736215,0.0,0.0,1,1,0,0.0,0.0,0.0,0.0,0.0,0.0,0.0,0.0,35,0
20055,r0005,0,0.0,0.0,0.0,0.0,1,0,0,0.0,0.0,0.0,0.0,0.0,0.0,0.0,0.0,0,0
20055,r0005,1,4821.51142540543,4821.51142540543,0.0,0.0,1,1,0,0.0,0.0,0.0,0.0,0.0,0.0,0.0,0.0,181,0
20055,r0005,2,4978.916891767727,4978.916891767727,0.0,0.0,1,1,0,0.0,0.0,0.0,0.0,0.0,0.0,0.0,0.0,168,0
20055,r0006,0,1543.53967047062,1543.53967047062,0.0,0.0,1,1,0,0.0,0.0,0.0,0.0,0.0,0.0,0.0,0.0,49,0
20055,r0010,0,0.0,0.0,0.0,0.0,1,0,0,0.0,0.0,0.0,0.0,0.0,0.0,0.0,0.0,0,0
20055,r0013,0,1743.6427568313738,1743.6427568313738,0.0,0.0,1,1,0,0.0,0.0,0.0,0.0,0.0,0.0,0.0,0.0,57,0
20055,r0000,0,7325.359128475535,7325.359128475535,0.0,0.0,1,1,1,0.0,0.0,0.0,0.0,0.0,0.0,0.0,0.0,246,0
20055,r0017,0,4560.404038192726,4560.404038192726,0.0,0.0,1,1,0,0.0,0.0,0.0,0.0,0.0,0.0,0.0,0.0,150,0
20055,r0008,0,5943.617853324889,5943.617853324889,0.0,0.0,1,1,1,0.0,0.0,0.0,0.0,0.0,0.0,0.0,0.0,187,0
20056,r0010,0,2822.429749717216,2822.429749717216,0.0,0.0,1,1,0,0.0,0.0,0.0,0.0,0.0,0.0,0.0,0.0,135,0
20056,r0002,0,2492.8361684816487,2492.8361684816487,0.0,0.0,1,1,0,0.0,0.0,0.0,0.0,0.0,0.0,0.0,0.0,119,0
20056,r0017,0,3944.273729713941,3944.273729713941,0.0,0.0,1,1,0,0.0,0.0,0.0,0.0,0.0,0.0,0.0,0.0,176,0
20056,r0019,0,2396.628208997552,2396.628208997552,0.0,0.0,1,1,1,0.0,0.0,0.0,0.0,0.0,0.0,0.0,0.0,106,0
20056,r0020,0,490.8577854075138,490.8577854075138,0.0,0.0,1,1,0,0.0,0.0,0.0,0.0,0.0,0.0,0.0,0.0,21,0
20056,r0014,0,2049.4724794244357,2049.4724794244357,0.0,0.0,1,1,0,0.0,0.0,0.0,0.0,0.0,0.0,0.0,0.0,107,0
20056,r0001,0,1630.3494804199108,1630.3494804199108,0.0,0.0,1,1,0,0.0,0.0,0.0,0.0,0.0,0.0,0.0,0.0,82,0
20057,r0008,0,4093.726730883796,4093.726730883796,0.0,0.0,1,1,1,2920.034714233957,2920.034714233957,136.265625,136.265625,0.0,0.0,0.0,196.4430716473711,72,19
20057,r0005,0,432.9085245922706,432.9085245922706,0.0,0.0,1,1,1,1187.054962483985,432.9085245922706,19.934791453223742,19.934791453223742,0.0,0.0,754.1464378917144,42.76819598059328,7,19
20057,r0001,0,0.0,0.0,0.0,0.0,1,0,0,0.0,0.0,0.0,0.0,0.0,0.0,0.0,0.0,0,0
20057,r0011,0,763.1078974825177,763.1078974825177,0.0,0.0,1,1,1,2979.1404356442563,763.1078974825177,35.61740749389345,35.61740749389345,0.0,0.0,2216.0325381617386,54.58934026265312,12,19
20057,r0011,1,6488.731709257441,6488.731709257441,0.0,0.0,1,1,0,0.0,0.0,0.0,0.0,0.0,0.0,0.0,0.0,308,0
20057,r0014,0,0.0,0.0,0.0,0.0,1,0,0,0.0,0.0,0.0,0.0,0.0,0.0,0.0,0.0,0,0
20057,r0014,1,1615.7708097123905,1615.7708097123905,0.0,0.0,1,1,0,0.0,0.0,0.0,0.0,0.0,0.0,0.0,0.0,68,0
20057,r0009,0,0.0,0.0,0.0,0.0,1,0,0,0.0,0.0,0.0,0.0,0.0,0.0,0.0,0.0,0,0
20057,r0013,0,0.0,0.0,0.0,0.0,1,0,0,0.0,0.0,0.0,0.0,0.0,0.0,0.0,0.0,0,0
20057,r0013,1,919.8611169165306,919.8611169165306,0.0,0.0,1,1,0,0.0,0.0,0.0,0.0,0.0,0.0,0.0,0.0,39,0
20057,r0007,0,0.0,0.0,0.0,0.0,1,0,0,0.0,0.0,0.0,0.0,0.0,0.0,0.0,0.0,0,0
20057,r0007,1,2619.1923889134923,2619.1923889134923,0.0,0.0,1,1,0,0.0,0.0,0.0,0.0,0.0,0.0,0.0,0.0,117,0
20057,r0007,2,4786.396276577339,4786.396276577339,0.0,0.0,1,1,0,0.0,0.0,0.0,0.0,0.0,0.0,0.0,0.0,202,0
20057,r0010,0,946.2096185458722,946.2096185458722,0.0,0.0,1,1,1,3135.1795401674453,946.2096185458722,44.18303955553603,44.18303955553603,0.0,0.0,2188.969921621573,61.68202683188901,15,19
20058,r0003,0,3302.3632925854404,3302.3632925854404,0.0,0.0,1,1,0,0.0,0.0,0.0,0.0,0.0,0.0,0.0,0.0,161,0
20058,r0013,0,0.0,0.0,0.0,0.0,1,0,0,0.0,0.0,0.0,0.0,0.0,0.0,0.0,0.0,0,0
20058,r0007,0,0.0,0.0,0.0,0.0,1,0,0,0.0,0.0,0.0,0.0,0.0,0.0,0.0,0.0,0,0
20058,r0006,0,0.0,0.0,0.0,0.0,1,0,0,0.0,0.0,0.0,0.0,0.0,0.0,0.0,0.0,0,0
20058,r0005,0,0.0,0.0,0.0,0.0,1,0,0,0.0,0.0,0.0,0.0,0.0,0.0,0.0,0.0,0,0
20058,r0002,0,442.5877316116257,442.5877316116257,0.0,0.0,1,1,1,0.0,0.0,0.0,0.0,0.0,0.0,0.0,0.0,18,0
20058,r0002,1,8111.203052154786,8111.203052154786,0.0,0.0,1,1,0,0.0,0.0,0.0,0.0,0.0,0.0,0.0,0.0,369,0
20058,r0009,0,3721.381966666371,3721.381966666371,0.0,0.0,1,1,0,0.0,0.0,0.0,0.0,0.0,0.0,0.0,0.0,156,0
20058,r0009,1,5620.642236529522,5620.642236529522,0.0,0.0,1,1,0,0.0,0.0,0.0,0.0,0.0,0.0,0.0,0.0,219,0
20058,r0017,0,4287.516496934042,4287.516496934042,0.0,0.0,1,1,0,0.0,0.0,0.0,0.0,0.0,0.0,0.0,0.0,181,0
20058,r0011,0,0.0,0.0,0.0,0.0,1,0,0,0.0,0.0,0.0,0.0,0.0,0.0,0.0,0.0,0,0
20058,r0020,0,0.0,0.0,0.0,0.0,1,0,0,0.0,0.0,0.0,0.0,0.0,0.0,0.0,0.0,0,0
20059,r0020,0,2559.477721254332,2559.477721254332,0.0,0.0,1,1,0,0.0,0.0,0.0,0.0,0.0,0.0,0.0,0.0,110,0
20059,r0001,0,5298.087029770276,5298.087029770276,0.0,0.0,1,1,1,0.0,0.0,0.0,0.0,0.0,0.0,0.0,0.0,230,0
20059,r0016,0,0.0,0.0,0.0,0.0,1,0,0,0.0,0.0,0.0,0.0,0.0,0.0,0.0,0.0,0,0
20059,r0018,0,1110.3897697772409,1110.3897697772409,0.0,0.0,1,1,1,731.1234029581911,731.1234029581911,33.3046875,33.3046875,0.0,0.0,0.0,236.22606804205947,48,28
20059,r0015,0,3877.2790468666753,3877.2790468666753,0.0,0.0,1,1,1,0.0,0.0,0.0,0.0,0.0,0.0,0.0,0.0,168,0
20059,r0010,0,1423.9641141111606,1423.9641141111606,0.0,0.0,1,1,0,0.0,0.0,0.0,0.0,0.0,0.0,0.0,0.0,61,0
20059,r0019,0,0.0,0.0,0.0,0.0,1,0,0,0.0,0.0,0.0,0.0,0.0,0.0,0.0,0.0,0,0
20059,r0019,1,1161.3926083279111,1161.3926083279111,0.0,0.0,1,1,0,0.0,0.0,0.0,0.0,0.0,0.0,0.0,0.0,47,0
20059,r0004,0,0.0,0.0,0.0,0.0,1,0,0,0.0,0.0,0.0,0.0,0.0,0.0,0.0,0.0,0,0
20059,r0004,1,0.0,0.0,0.0,0.0,1,0,0,0.0,0.0,0.0,0.0,0.0,0.0,0.0,0.0,0,0
20059,r0004,2,1323.9215442761852,1323.9215442761852,0.0,0.0,1,1,0,0.0,0.0,0.0,0.0,0.0,0.0,0.0,0.0,73,0
20059,r0005,0,0.0,0.0,0.0,0.0,1,0,0,0.0,0.0,0.0,0.0,0.0,0.0,0.0,0.0,0,0
20060,r0022,0,3518.0878496864525,3518.0878496864525,0.0,0.0,1,1,0,0.0,0.0,0.0,0.0,0.0,0.0,0.0,0.0,70,0
20060,r0013,0,3036.0031741318962,3036.0031741318962,0.0,0.0,1,1,1,1991.988734327222,1991.988734327222,131.7421875,131.7421875,0.0,0.0,0.0,100.73682218411724,38,22
20060,r0013,1,7154.540140279814,7154.540140279814,0.0,0.0,1,1,0,0.0,0.0,0.0,0.0,0.0,0.0,0.0,0.0,367,0
20060,r0001,0,288.16270285988867,288.16270285988867,0.0,0.0,1,1,1,800.1246892707414,288.16270285988867,18.992139896941715,18.992139896941715,0.0,0.0,511.9619864108528,24.333993602283808,5,24
20060,r0015,0,64.56469923318218,64.56469923318218,0.0,0.0,1,1,1,865.1233691780985,64.56469923318218,4.260942344380975,4.260942344380975,0.0,0.0,800.5586699449163,15.947067162624807,1,24
20060,r0006,0,3343.399001106329,3343.399001106329,0.0,0.0,1,1,1,856.7364427384397,856.7364427384382,56.5312499999999,56.5312499999999,0.0,0.0,1.4779288903810084e-12,148.04115858725405,64,24
20060,r0018,0,6542.457422857282,6542.457422857282,0.0,0.0,1,1,1,1531.7219756790887,1531.7219756790873,98.08593749999991,98.08593749999991,0.0,0.0,1.3642420526593924e-12,120.35951075522232,39,15
20060,r0005,0,1842.221581508682,1842.221581508682,0.0,0.0,1,1,1,1648.3526714805967,1648.3526714805957,105.90820312499994,105.90820312499994,0.0,0.0,9.094947017729282e-13,83.6667075817142,11,15
20060,r0021,0,1496.0746320612088,1496.0746320612088,0.0,0.0,1,1,1,1413.4655376249107,1413.4655376249107,92.94140625,92.94140625,0.0,0.0,0.0,64.21874664476867,19,22
20060,r0023,0,2333.41852782308,2333.41852782308,0.0,0.0,1,1,1,790.7362494802297,790.7362494802292,51.175781249999964,51.175781249999964,0.0,0.0,5.684341886080801e-13,85.36079037807575,30,22
20060,r0019,0,3526.7895095145213,3526.7895095145213,0.0,0.0,1,1,1,779.2042256256984,779.2042256256973,50.40234374999993,50.40234374999993,0.0,0.0,1.1368683772161603e-12,112.26884603864838,44,22
20061,r0009,0,2041.2127288645856,2041.2127288645856,0.0,0.0,1,1,1,825.9984433494034,825.9984433494034,30.01171875,30.01171875,0.0,0.0,0.0,99.57348849868829,36,13
20061,r0011,0,2280.501978117058,2280.501978117058,0.0,0.0,1,1,1,815.8528434213207,815.8528434213204,29.630859374999986,29.630859374999986,0.0,0.0,3.410605131648481e-13,107.6899684411544,40,13
20061,r0018,0,3998.97606106662,3998.97606106662,0.0,0.0,1,1,1,250.96916237959323,250.96916237959323,11.6015625,11.6015625,0.0,0.0,0.0,58.19463606107612,71,5
20061,r0004,0,1333.3435399854498,1333.3435399854498,0.0,0.0,1,1,1,2244.3533132953526,1333.3435399854498,49.461313245997275,49.461313245997275,0.0,0.0,911.0097733099028,73.1949286856735,23,13
20061,r0004,1,3958.0845201491065,3958.0845201491065,0.0,0.0,1,1,0,0.0,0.0,0.0,0.0,0.0,0.0,0.0,0.0,186,0
20061,r0023,0,0.0,0.0,0.0,0.0,1,0,0,0.0,0.0,0.0,0.0,0.0,0.0,0.0,0.0,0,0
20061,r0023,1,246.73088773939162,246.73088773939162,0.0,0.0,1,1,0,0.0,0.0,0.0,0.0,0.0,0.0,0.0,0.0,4,0
20061,r0006,0,0.0,0.0,0.0,0.0,1,0,0,0.0,0.0,0.0,0.0,0.0,0.0,0.0,0.0,0,0
20061,r0006,1,3148.167391657458,3148.167391657458,0.0,0.0,1,1,0,0.0,0.0,0.0,0.0,0.0,0.0,0.0,0.0,140,0
20061,r0013,0,0.0,0.0,0.0,0.0,1,0,0,0.0,0.0,0.0,0.0,0.0,0.0,0.0,0.0,0,0
20061,r0013,1,2222.7029388524206,2222.7029388524206,0.0,0.0,1,1,0,0.0,0.0,0.0,0.0,0.0,0.0,0.0,0.0,48,0
20061,r0003,0,0.0,0.0,0.0,0.0,1,0,0,0.0,0.0,0.0,0.0,0.0,0.0,0.0,0.0,0,0
20061,r0003,1,4652.454927366918,4652.454927366918,0.0,0.0,1,1,0,0.0,0.0,0.0,0.0,0.0,0.0,0.0,0.0,179,0
20061,r0003,2,4716.328689970338,4716.328689970338,0.0,0.0,1,1,0,0.0,0.0,0.0,0.0,0.0,0.0,0.0,0.0,205,0
20061,r0020,0,7118.3816478468725,7118.3816478468725,0.0,0.0,1,1,1,420.1744462260989,420.17444622609764,14.777343749999956,14.777343749999956,0.0,0.0,1.2505552149377763e-12,304.51460704595706,137,13
20062,r0011,0,2749.320323772463,2749.320323772463,0.0,0.0,1,1,1,0.0,0.0,0.0,0.0,0.0,0.0,0.0,0.0,135,0
20062,r0011,1,4444.896514644248,4444.896514644248,0.0,0.0,1,1,0,0.0,0.0,0.0,0.0,0.0,0.0,0.0,0.0,174,0
20062,r0003,0,0.0,0.0,0.0,0.0,1,0,0,0.0,0.0,0.0,0.0,0.0,0.0,0.0,0.0,0,0
20062,r0004,0,3734.1576468448475,3734.1576468448475,0.0,0.0,1,1,0,0.0,0.0,0.0,0.0,0.0,0.0,0.0,0.0,142,0
20062,r0004,1,6504.224794708054,6504.224794708054,0.0,0.0,1,1,0,0.0,0.0,0.0,0.0,0.0,0.0,0.0,0.0,246,0
20062,r0006,0,5760.910087888602,5760.910087888602,0.0,0.0,1,1,0,0.0,0.0,0.0,0.0,0.0,0.0,0.0,0.0,199,0
20062,r0021,0,0.0,0.0,0.0,0.0,1,0,0,0.0,0.0,0.0,0.0,0.0,0.0,0.0,0.0,0,0
20062,r0010,0,1673.2408698942163,1673.2408698942163,0.0,0.0,1,1,1,0.0,0.0,0.0,0.0,0.0,0.0,0.0,0.0,72,0
20062,r0010,1,4941.211824072481,4941.211824072481,0.0,0.0,1,1,0,0.0,0.0,0.0,0.0,0.0,0.0,0.0,0.0,190,0
20062,r0008,0,0.0,0.0,0.0,0.0,1,0,0,0.0,0.0,0.0,0.0,0.0,0.0,0.0,0.0,0,0
20063,r0013,0,3932.1725321285467,3932.1725321285467,0.0,0.0,1,1,1,0.0,0.0,0.0,0.0,0.0,0.0,0.0,0.0,175,0
20063,r0020,0,3359.0876616929527,3359.0876616929527,0.0,0.0,1,1,1,0.0,0.0,0.0,0.0,0.0,0.0,0.0,0.0,144,0
20063,r0011,0,0.0,0.0,0.0,0.0,1,0,0,0.0,0.0,0.0,0.0,0.0,0.0,0.0,0.0,0,0
20063,r0004,0,3663.2383023947914,3663.2383023947914,0.0,0.0,1,1,0,0.0,0.0,0.0,0.0,0.0,0.0,0.0,0.0,162,0
20064,r0009,0,30.06514464384327,30.06514464384327,0.0,0.0,1,1,0,0.0,0.0,0.0,0.0,0.0,0.0,0.0,0.0,1,0
20064,r0009,1,3990.4465415314535,3990.4465415314535,0.0,0.0,1,1,1,0.0,0.0,0.0,0.0,0.0,0.0,0.0,0.0,185,0
20064,r0016,0,2367.8731528149347,2367.8731528149347,0.0,0.0,1,1,0,0.0,0.0,0.0,0.0,0.0,0.0,0.0,0.0,107,0
20064,r0016,1,3877.4711278353716,3877.4711278353716,0.0,0.0,1,1,0,0.0,0.0,0.0,0.0,0.0,0.0,0.0,0.0,171,0
20064,r0020,0,5337.532090167335,5337.532090167335,0.0,0.0,1,1,0,0.0,0.0,0.0,0.0,0.0,0.0,0.0,0.0,237,0
20064,r0003,0,267.1146871448291,267.1146871448291,0.0,0.0,1,1,1,0.0,0.0,0.0,0.0,0.0,0.0,0.0,0.0,12,0
20064,r0004,0,2933.5092980469053,2933.5092980469053,0.0,0.0,1,1,0,0.0,0.0,0.0,0.0,0.0,0.0,0.0,0.0,131,0
20064,r0004,1,3241.986186020411,3241.986186020411,0.0,0.0,1,1,0,0.0,0.0,0.0,0.0,0.0,0.0,0.0,0.0,151,0
20065,r0007,0,3088.7324033302903,3088.7324033302903,0.0,0.0,1,1,0,0.0,0.0,0.0,0.0,0.0,0.0,0.0,0.0,145,0
20065,r0000,0,1445.0128544227482,1445.0128544227482,0.0,0.0,1,1,0,0.0,0.0,0.0,0.0,0.0,0.0,0.0,0.0,63,0
20065,r0000,1,6672.653958867217,6672.653958867217,0.0,0.0,1,1,0,0.0,0.0,0.0,0.0,0.0,0.0,0.0,0.0,304,0
20066,r0016,0,6305.182977843575,6305.182977843575,0.0,0.0,1,1,1,112.79839436831372,112.79839436831372,2.34375,2.34375,0.0,0.0,0.0,43.97576524941582,100,1
20066,r0001,0,0.0,0.0,0.0,0.0,1,0,0,0.0,0.0,0.0,0.0,0.0,0.0,0.0,0.0,0,0
20066,r0011,0,5303.7910712927405,5303.7910712927405,0.0,0.0,1,1,1,304.3942786502712,304.3942786502712,7.734375,7.734375,0.0,0.0,0.0,38.92877244736331,78,1
20066,r0006,0,2522.764309427639,2522.764309427639,0.0,0.0,1,1,1,250.08913159431887,250.08913159431887,6.193359375,6.193359375,0.0,0.0,0.0,29.523013134447265,37,1
20066,r0006,1,4151.183686918508,4151.183686918508,0.0,0.0,1,1,0,0.0,0.0,0.0,0.0,0.0,0.0,0.0,0.0,173,0
20066,r0006,2,4567.306320185209,4567.306320185209,0.0,0.0,1,1,0,0.0,0.0,0.0,0.0,0.0,0.0,0.0,0.0,192,0
20066,r0022,0,0.0,0.0,0.0,0.0,1,0,0,0.0,0.0,0.0,0.0,0.0,0.0,0.0,0.0,0,0
20066,r0022,1,5596.88517134008,5596.88517134008,0.0,0.0,1,1,1,0.0,0.0,0.0,0.0,0.0,0.0,0.0,0.0,226,0
20066,r0020,0,0.0,0.0,0.0,0.0,1,0,0,0.0,0.0,0.0,0.0,0.0,0.0,0.0,0.0,0,0
20066,r0020,1,1431.573762170854,1431.573762170854,0.0,0.0,1,1,0,0.0,0.0,0.0,0.0,0.0,0.0,0.0,0.0,55,0
20066,r0020,2,6837.9189873935065,6837.9189873935065,0.0,0.0,1,1,0,0.0,0.0,0.0,0.0,0.0,0.0,0.0,0.0,278,0
20066,r0002,0,1390.7387926262636,1390.7387926262636,0.0,0.0,1,1,1,253.8058336741939,253.8058336741924,6.298828124999963,6.298828124999963,0.0,0.0,1.5063505998114124e-12,25.39365538731339,19,1
20066,r0012,0,3959.908796799842,3959.908796799842,0.0,0.0,1,1,1,271.56341027804143,271.56341027804143,6.802734375,6.802734375,0.0,0.0,0.0,33.8817796453108,56,1
20066,r0012,1,9384.692831828073,9384.692831828073,0.0,0.0,1,1,0,0.0,0.0,0.0,0.0,0.0,0.0,0.0,0.0,363,0
20066,r0000,0,2695.935243237036,2695.935243237036,0.0,0.0,1,1,1,62.55787511151825,62.557875111517205,1.0605468749999822,1.0605468749999822,0.0,0.0,1.0444978215673473e-12,30.211239425636247,40,1
20066,r0015,0,0.0,0.0,0.0,0.0,1,0,0,0.0,0.0,0.0,0.0,0.0,0.0,0.0,0.0,0,0
20067,r0017,0,2692.8933429444787,2692.8933429444787,0.0,0.0,1,1,0,0.0,0.0,0.0,0.0,0.0,0.0,0.0,0.0,108,0
20067,r0017,1,5375.532147349799,5375.532147349799,0.0,0.0,1,1,0,0.0,0.0,0.0,0.0,0.0,0.0,0.0,0.0,234,0
20067,r0023,0,2914.792640800373,2914.792640800373,0.0,0.0,1,1,1,0.0,0.0,0.0,0.0,0.0,0.0,0.0,0.0,117,0
20067,r0007,0,0.0,0.0,0.0,0.0,1,0,0,0.0,0.0,0.0,0.0,0.0,0.0,0.0,0.0,0,0
20067,r0007,1,6668.411476027253,6668.411476027253,0.0,0.0,1,1,0,0.0,0.0,0.0,0.0,0.0,0.0,0.0,0.0,261,0
20067,r0012,0,3658.0961209962625,3658.0961209962625,0.0,0.0,1,1,1,0.0,0.0,0.0,0.0,0.0,0.0,0.0,0.0,145,0
20067,r0003,0,1580.9649586966807,1580.9649586966807,0.0,0.0,1,1,1,820.8659507072497,820.865950707248,34.28906249999993,34.28906249999993,0.0,0.0,1.7053025658242404e-12,303.36174432506516,65,28
20067,r0014,0,0.0,0.0,0.0,0.0,1,0,0,0.0,0.0,0.0,0.0,0.0,0.0,0.0,0.0,0,0
20067,r0014,1,1275.659802267346,1275.659802267346,0.0,0.0,1,1,0,0.0,0.0,0.0,0.0,0.0,0.0,0.0,0.0,93,0
20067,r0013,0,103.77487385886343,103.77487385886343,0.0,0.0,1,1,0,0.0,0.0,0.0,0.0,0.0,0.0,0.0,0.0,4,0
20067,r0013,1,4316.021616651604,4316.021616651604,0.0,0.0,1,1,0,0.0,0.0,0.0,0.0,0.0,0.0,0.0,0.0,198,0
20067,r0011,0,0.0,0.0,0.0,0.0,1,0,0,0.0,0.0,0.0,0.0,0.0,0.0,0.0,0.0,0,0
20067,r0015,0,3168.7093039099564,3168.7093039099564,0.0,0.0,1,1,0,0.0,0.0,0.0,0.0,0.0,0.0,0.0,0.0,129,0
20067,r0000,0,1845.8025295628468,1845.8025295628468,0.0,0.0,1,1,1,0.0,0.0,0.0,0.0,0.0,0.0,0.0,0.0,75,0
20067,r0000,1,6884.258508429179,6884.258508429179,0.0,0.0,1,1,0,0.0,0.0,0.0,0.0,0.0,0.0,0.0,0.0,316,0
20068,r0022,0,0.0,0.0,0.0,0.0,1,0,0,0.0,0.0,0.0,0.0,0.0,0.0,0.0,0.0,0,0
20068,r0022,1,3273.6471607183958,3273.6471607183958,0.0,0.0,1,1,0,0.0,0.0,0.0,0.0,0.0,0.0,0.0,0.0,151,0
20068,r0022,2,3958.867981389987,3958.867981389987,0.0,0.0,1,1,0,0.0,0.0,0.0,0.0,0.0,0.0,0.0,0.0,200,0
20068,r0005,0,0.0,0.0,0.0,0.0,1,0,0,0.0,0.0,0.0,0.0,0.0,0.0,0.0,0.0,0,0
20068,r0008,0,0.0,0.0,0.0,0.0,1,0,0,0.0,0.0,0.0,0.0,0.0,0.0,0.0,0.0,0,0
20068,r0015,0,2090.980048419373,2090.980048419373,0.0,0.0,1,1,1,391.0609940246423,391.0609940246423,25.587890625,25.587890625,0.0,0.0,0.0,82.82970789488095,25,11
20068,r0011,0,3291.898103585161,3291.898103585161,0.0,0.0,1,1,1,1968.4475211670112,1968.4475211670106,113.06249999999996,113.06249999999996,0.0,0.0,6.821210263296962e-13,97.46793179688152,39,18
20068,r0011,1,3352.023194985115,3352.023194985115,0.0,0.0,1,1,0,0.0,0.0,0.0,0.0,0.0,0.0,0.0,0.0,174,0
20068,r0019,0,3807.937904600414,3807.937904600414,0.0,0.0,1,1,1,390.232415298487,390.232415298487,25.5234375,25.5234375,0.0,0.0,0.0,99.40128241798641,45,11
20068,r0018,0,0.0,0.0,0.0,0.0,1,0,0,0.0,0.0,0.0,0.0,0.0,0.0,0.0,0.0,0,0
20068,r0023,0,955.8237152911388,955.8237152911388,0.0,0.0,1,1,1,329.30276958911446,329.3027695891142,17.613281249999986,17.613281249999986,0.0,0.0,2.8421709430404007e-13,46.75406102983055,11,18
20068,r0020,0,2835.0286548079166,2835.0286548079166,0.0,0.0,1,1,1,1847.0964732601392,1847.0964732601392,105.99609375,105.99609375,0.0,0.0,0.0,86.6006737753706,33,18
20069,r0021,0,675.5862266561016,675.5862266561016,0.0,0.0,1,1,0,0.0,0.0,0.0,0.0,0.0,0.0,0.0,0.0,37,0
20069,r0015,0,3627.7130311299406,3627.7130311299406,0.0,0.0,1,1,1,0.0,0.0,0.0,0.0,0.0,0.0,0.0,0.0,205,0
20069,r0009,0,3436.4324801754083,3436.4324801754083,0.0,0.0,1,1,1,0.0,0.0,0.0,0.0,0.0,0.0,0.0,0.0,152,0
20069,r0014,0,6174.397159447406,6174.397159447406,0.0,0.0,1,1,1,0.0,0.0,0.0,0.0,0.0,0.0,0.0,0.0,324,0
20069,r0011,0,342.427889172679,342.427889172679,0.0,0.0,1,1,0,0.0,0.0,0.0,0.0,0.0,0.0,0.0,0.0,15,0
20069,r0011,1,8040.27155639245,8040.27155639245,0.0,0.0,1,1,0,0.0,0.0,0.0,0.0,0.0,0.0,0.0,0.0,392,0
20070,r0020,0,0.0,0.0,0.0,0.0,1,0,0,0.0,0.0,0.0,0.0,0.0,0.0,0.0,0.0,0,0
20070,r0007,0,4211.639627362118,4211.639627362118,0.0,0.0,1,1,0,0.0,0.0,0.0,0.0,0.0,0.0,0.0,0.0,205,0
20070,r0012,0,2435.258447778826,2435.258447778826,0.0,0.0,1,1,1,0.0,0.0,0.0,0.0,0.0,0.0,0.0,0.0,127,0
20070,r0009,0,224.90686611250567,224.90686611250567,0.0,0.0,1,1,1,0.0,0.0,0.0,0.0,0.0,0.0,0.0,0.0,11,0
20070,r0009,1,6172.497919598412,6172.497919598412,0.0,0.0,1,1,0,0.0,0.0,0.0,0.0,0.0,0.0,0.0,0.0,289,0
20070,r0023,0,102.19745762701496,102.19745762701496,0.0,0.0,1,1,0,0.0,0.0,0.0,0.0,0.0,0.0,0.0,0.0,4,0
20070,r0023,1,6749.705044102942,6749.705044102942,0.0,0.0,1,1,0,0.0,0.0,0.0,0.0,0.0,0.0,0.0,0.0,353,0
20070,r0018,0,7521.002588826719,7521.002588826719,0.0,0.0,1,1,0,0.0,0.0,0.0,0.0,0.0,0.0,0.0,0.0,330,0
20070,r0005,0,4148.136928624888,4148.136928624888,0.0,0.0,1,1,1,0.0,0.0,0.0,0.0,0.0,0.0,0.0,0.0,195,0
20071,r0008,0,3901.4559969844922,3901.4559969844922,0.0,0.0,1,1,1,0.0,0.0,0.0,0.0,0.0,0.0,0.0,0.0,201,0
20071,r0012,0,590.6155461242888,590.6155461242888,0.0,0.0,1,1,0,0.0,0.0,0.0,0.0,0.0,0.0,0.0,0.0,28,0
20071,r0009,0,3496.8068587013513,3496.8068587013513,0.0,0.0,1,1,0,0.0,0.0,0.0,0.0,0.0,0.0,0.0,0.0,169,0
20072,r0009,0,4082.1265680085926,4082.1265680085926,0.0,0.0,1,1,1,2995.540353969296,2995.540353969296,96.240234375,96.240234375,0.0,0.0,0.0,236.83437423274927,82,15
20072,r0009,1,4740.396649516841,4740.396649516841,0.0,0.0,1,1,0,0.0,0.0,0.0,0.0,0.0,0.0,0.0,0.0,231,0
20072,r0003,0,0.0,0.0,0.0,0.0,1,0,0,0.0,0.0,0.0,0.0,0.0,0.0,0.0,0.0,0,0
20072,r0011,0,0.0,0.0,0.0,0.0,1,0,0,0.0,0.0,0.0,0.0,0.0,0.0,0.0,0.0,0,0
20072,r0023,0,0.0,0.0,0.0,0.0,1,0,0,0.0,0.0,0.0,0.0,0.0,0.0,0.0,0.0,0,0
20072,r0022,0,0.0,0.0,0.0,0.0,1,0,0,0.0,0.0,0.0,0.0,0.0,0.0,0.0,0.0,0,0
20072,r0015,0,0.0,0.0,0.0,0.0,1,0,0,0.0,0.0,0.0,0.0,0.0,0.0,0.0,0.0,0,0
20072,r0015,1,2469.8056094813364,2469.8056094813364,0.0,0.0,1,1,0,0.0,0.0,0.0,0.0,0.0,0.0,0.0,0.0,118,0
20072,r0004,0,0.0,0.0,0.0,0.0,1,0,0,0.0,0.0,0.0,0.0,0.0,0.0,0.0,0.0,0,0
20072,r0004,1,1401.3486683662559,1401.3486683662559,0.0,0.0,1,1,0,0.0,0.0,0.0,0.0,0.0,0.0,0.0,0.0,64,0
20072,r0004,2,6974.842596711562,6974.842596711562,0.0,0.0,1,1,0,0.0,0.0,0.0,0.0,0.0,0.0,0.0,0.0,333,0
20072,r0005,0,1375.3581296383563,1375.3581296383563,0.0,0.0,1,1,1,2990.0937478888677,1375.3581296383563,44.186917774071794,44.186917774071794,0.0,0.0,1614.7356182505114,84.32940398077828,26,15
20072,r0005,1,4100.963290291405,4100.963290291405,0.0,0.0,1,1,0,0.0,0.0,0.0,0.0,0.0,0.0,0.0,0.0,179,0
20072,r0007,0,112.01126051207757,112.01126051207757,0.0,0.0,1,1,1,2938.3509901248067,112.01126051207757,3.598361960941262,3.598361960941262,0.0,0.0,2826.339729612729,18.97013101564785,2,15
20072,r0007,1,1549.99719238115,1549.99719238115,0.0,0.0,1,1,0,0.0,0.0,0.0,0.0,0.0,0.0,0.0,0.0,67,0
20073,r0015,0,6837.394570576557,6837.394570576557,0.0,0.0,1,1,1,399.8422188048438,399.8422188048438,30.029296875,30.029296875,0.0,0.0,0.0,100.35368296979108,219,5
20073,r0016,0,0.0,0.0,0.0,0.0,1,0,0,0.0,0.0,0.0,0.0,0.0,0.0,0.0,0.0,0,0
20073,r0003,0,253.55445931249415,253.55445931249415,0.0,0.0,1,1,1,180.61363798265882,180.61363798265882,12.744140625,12.744140625,0.0,0.0,0.0,21.951597285924944,8,5
20073,r0000,0,0.0,0.0,0.0,0.0,1,0,0,0.0,0.0,0.0,0.0,0.0,0.0,0.0,0.0,0,0
20073,r0021,0,0.0,0.0,0.0,0.0,1,0,0,0.0,0.0,0.0,0.0,0.0,0.0,0.0,0.0,0,0
20073,r0021,1,0.0,0.0,0.0,0.0,1,0,0,0.0,0.0,0.0,0.0,0.0,0.0,0.0,0.0,0,0
20073,r0017,0,0.0,0.0,0.0,0.0,1,0,0,0.0,0.0,0.0,0.0,0.0,0.0,0.0,0.0,0,0
20073,r0002,0,0.0,0.0,0.0,0.0,1,0,0,0.0,0.0,0.0,0.0,0.0,0.0,0.0,0.0,0,0
20073,r0023,0,0.0,0.0,0.0,0.0,1,0,0,0.0,0.0,0.0,0.0,0.0,0.0,0.0,0.0,0,0
20074,r0019,0,4818.696149544124,4818.696149544124,0.0,0.0,1,1,0,0.0,0.0,0.0,0.0,0.0,0.0,0.0,0.0,219,0
20074,r0018,0,0.0,0.0,0.0,0.0,1,0,0,0.0,0.0,0.0,0.0,0.0,0.0,0.0,0.0,0,0
20074,r0017,0,1793.171749114139,1793.171749114139,0.0,0.0,1,1,1,0.0,0.0,0.0,0.0,0.0,0.0,0.0,0.0,82,0
20074,r0008,0,1182.8557152166286,1182.8557152166286,0.0,0.0,1,1,0,0.0,0.0,0.0,0.0,0.0,0.0,0.0,0.0,54,0
20074,r0014,0,6773.41505511578,6773.41505511578,0.0,0.0,1,1,0,0.0,0.0,0.0,0.0,0.0,0.0,0.0,0.0,283,0
20074,r0023,0,0.0,0.0,0.0,0.0,1,0,0,0.0,0.0,0.0,0.0,0.0,0.0,0.0,0.0,0,0
20074,r0023,1,5870.244094081521,5870.244094081521,0.0,0.0,1,1,0,0.0,0.0,0.0,0.0,0.0,0.0,0.0,0.0,240,0
20075,r0020,0,5118.847559076128,5118.847559076128,0.0,0.0,1,1,1,0.0,0.0,0.0,0.0,0.0,0.0,0.0,0.0,239,0
20075,r0007,0,392.26092271594644,392.26092271594644,0.0,0.0,1,1,1,3644.2229140838754,392.26092271594644,18.40124277099343,18.40124277099343,0.0,0.0,3251.961991367929,128.2576833007049,17,28
20075,r0002,0,965.0594169594733,965.0594169594733,0.0,0.0,1,1,1,382.87899083137813,382.87899083137745,15.585937499999972,15.585937499999972,0.0,0.0,6.821210263296962e-13,216.27380503635084,47,28
20075,r0003,0,2655.9896059121456,2655.9896059121456,0.0,0.0,1,1,0,0.0,0.0,0.0,0.0,0.0,0.0,0.0,0.0,123,0
20075,r0003,1,5805.683132452243,5805.683132452243,0.0,0.0,1,1,0,0.0,0.0,0.0,0.0,0.0,0.0,0.0,0.0,284,0
20076,r0020,0,5969.420025737902,5969.420025737902,0.0,0.0,1,1,0,0.0,0.0,0.0,0.0,0.0,0.0,0.0,0.0,302,0
20076,r0004,0,688.7052487940709,688.7052487940709,0.0,0.0,1,1,1,0.0,0.0,0.0,0.0,0.0,0.0,0.0,0.0,31,0
20076,r0011,0,0.0,0.0,0.0,0.0,1,0,0,0.0,0.0,0.0,0.0,0.0,0.0,0.0,0.0,0,0
20076,r0011,1,1871.03710081413,1871.03710081413,0.0,0.0,1,1,1,2276.633149006797,1871.03710081413,114.33903471199464,114.33903471199464,0.0,0.0,405.5960481926668,295.46626765817473,94,28
20076,r0011,2,4257.060013737326,4257.060013737326,0.0,0.0,1,1,0,0.0,0.0,0.0,0.0,0.0,0.0,0.0,0.0,350,0
20076,r0000,0,235.58361057240472,235.58361057240472,0.0,0.0,1,1,0,0.0,0.0,0.0,0.0,0.0,0.0,0.0,0.0,12,0
20076,r0015,0,5833.055571540153,5833.055571540153,0.0,0.0,1,1,0,0.0,0.0,0.0,0.0,0.0,0.0,0.0,0.0,242,0
20076,r0005,0,7612.761632569989,7612.761632569989,0.0,0.0,1,1,0,0.0,0.0,0.0,0.0,0.0,0.0,0.0,0.0,363,0
20077,r0017,0,3147.125598180325,3147.125598180325,0.0,0.0,1,1,0,0.0,0.0,0.0,0.0,0.0,0.0,0.0,0.0,163,0
20077,r0011,0,919.4122490135487,919.4122490135487,0.0,0.0,1,1,1,0.0,0.0,0.0,0.0,0.0,0.0,0.0,0.0,44,0
20077,r0011,1,3157.6188972900327,3157.6188972900327,0.0,0.0,1,1,0,0.0,0.0,0.0,0.0,0.0,0.0,0.0,0.0,150,0
20077,r0011,2,3568.4920983562533,3568.4920983562533,0.0,0.0,1,1,0,0.0,0.0,0.0,0.0,0.0,0.0,0.0,0.0,190,0
20077,r0006,0,0.0,0.0,0.0,0.0,1,0,0,0.0,0.0,0.0,0.0,0.0,0.0,0.0,0.0,0,0
20077,r0003,0,377.73023832123,377.73023832123,0.0,0.0,1,1,1,0.0,0.0,0.0,0.0,0.0,0.0,0.0,0.0,19,0
20077,r0004,0,1136.1331685055884,1136.1331685055884,0.0,0.0,1,1,0,0.0,0.0,0.0,0.0,0.0,0.0,0.0,0.0,57,0
20077,r0022,0,0.0,0.0,0.0,0.0,1,0,0,0.0,0.0,0.0,0.0,0.0,0.0,0.0,0.0,0,0
20077,r0005,0,1154.1543814985598,1154.1543814985598,0.0,0.0,1,1,1,0.0,0.0,0.0,0.0,0.0,0.0,0.0,0.0,55,0
20077,r0007,0,8123.07426596155,8123.07426596155,0.0,0.0,1,1,0,0.0,0.0,0.0,0.0,0.0,0.0,0.0,0.0,399,0
20077,r0020,0,6012.059741445963,6012.059741445963,0.0,0.0,1,1,1,0.0,0.0,0.0,0.0,0.0,0.0,0.0,0.0,302,0
20078,r0013,0,3916.370250264838,3916.370250264838,0.0,0.0,1,1,0,0.0,0.0,0.0,0.0,0.0,0.0,0.0,0.0,167,0
20078,r0008,0,0.0,0.0,0.0,0.0,1,0,0,0.0,0.0,0.0,0.0,0.0,0.0,0.0,0.0,0,0
20078,r0021,0,1908.3148126489032,1908.3148126489032,0.0,0.0,1,1,1,0.0,0.0,0.0,0.0,0.0,0.0,0.0,0.0,79,0
20078,r0011,0,1693.2175539749041,1693.2175539749041,0.0,0.0,1,1,0,0.0,0.0,0.0,0.0,0.0,0.0,0.0,0.0,69,0
20078,r0003,0,7028.695222639115,7028.695222639115,0.0,0.0,1,1,0,0.0,0.0,0.0,0.0,0.0,0.0,0.0,0.0,300,0
20078,r0020,0,0.0,0.0,0.0,0.0,1,0,0,0.0,0.0,0.0,0.0,0.0,0.0,0.0,0.0,0,0
20079,r0010,0,1676.663874406635,1676.663874406635,0.0,0.0,1,1,1,3226.528888538919,1676.663874406635,92.58691199354847,92.58691199354847,0.0,0.0,1549.8650141322842,293.9183799229625,73,28
20079,r0010,1,5553.556981798318,5553.556981798318,0.0,0.0,1,1,0,0.0,0.0,0.0,0.0,0.0,0.0,0.0,0.0,419,0
20079,r0022,0,2869.02181234853,2869.02181234853,0.0,0.0,1,1,1,0.0,0.0,0.0,0.0,0.0,0.0,0.0,0.0,126,0
20079,r0013,0,367.54883934419195,367.54883934419195,0.0,0.0,1,1,0,0.0,0.0,0.0,0.0,0.0,0.0,0.0,0.0,17,0
20079,r0020,0,1733.980540632252,1733.980540632252,0.0,0.0,1,1,1,0.0,0.0,0.0,0.0,0.0,0.0,0.0,0.0,77,0
20080,r0020,0,7715.5994823783985,7715.5994823783985,0.0,0.0,1,1,1,0.0,0.0,0.0,0.0,0.0,0.0,0.0,0.0,351,0
20080,r0014,0,1579.310138461131,1579.310138461131,0.0,0.0,1,1,1,3484.0773561825285,1579.310138461131,74.59159477010132,74.59159477010132,0.0,0.0,1904.7672177213976,313.51711742895264,68,28
20080,r0014,1,1153.8342509004287,1153.8342509004287,0.0,0.0,1,1,0,0.0,0.0,0.0,0.0,0.0,0.0,0.0,0.0,71,0
20080,r0018,0,0.0,0.0,0.0,0.0,1,0,0,0.0,0.0,0.0,0.0,0.0,0.0,0.0,0.0,0,0
20080,r0018,1,922.9790625323149,922.9790625323149,0.0,0.0,1,1,0,0.0,0.0,0.0,0.0,0.0,0.0,0.0,0.0,34,0
20080,r0018,2,5177.826091955827,5177.826091955827,0.0,0.0,1,1,0,0.0,0.0,0.0,0.0,0.0,0.0,0.0,0.0,225,0
20080,r0018,3,4129.9136703915865,4129.9136703915865,0.0,0.0,1,1,0,0.0,0.0,0.0,0.0,0.0,0.0,0.0,0.0,161,0
20080,r0000,0,4190.594058972958,4190.594058972958,0.0,0.0,1,1,0,0.0,0.0,0.0,0.0,0.0,0.0,0.0,0.0,157,0
20080,r0000,1,3627.2877225016236,3627.2877225016236,0.0,0.0,1,1,0,0.0,0.0,0.0,0.0,0.0,0.0,0.0,0.0,159,0
20080,r0005,0,1914.537033963472,1914.537033963472,0.0,0.0,1,1,1,0.0,0.0,0.0,0.0,0.0,0.0,0.0,0.0,72,0
20080,r0023,0,0.0,0.0,0.0,0.0,1,0,0,0.0,0.0,0.0,0.0,0.0,0.0,0.0,0.0,0,0
20080,r0001,0,0.0,0.0,0.0,0.0,1,0,0,0.0,0.0,0.0,0.0,0.0,0.0,0.0,0.0,0,0
20080,r0001,1,2005.3774222303182,2005.3774222303182,0.0,0.0,1,1,0,0.0,0.0,0.0,0.0,0.0,0.0,0.0,0.0,78,0
20080,r0021,0,2093.9384589703113,2093.9384589703113,0.0,0.0,1,1,1,761.125621723575,761.125621723575,32.8125,32.8125,0.0,0.0,0.0,377.94561425923916,87,28
20080,r0013,0,2983.2868777685253,2983.2868777685253,0.0,0.0,1,1,0,0.0,0.0,0.0,0.0,0.0,0.0,0.0,0.0,118,0
20081,r0012,0,2465.090231709557,2465.090231709557,0.0,0.0,1,1,1,2859.9235338148355,2465.090231709557,158.38197235729234,158.38197235729234,0.0,0.0,394.83330210527856,246.93377139830878,82,28
20081,r0010,0,4629.016991059008,4629.016991059008,0.0,0.0,1,1,1,3222.419223398631,3222.419223398631,207.375,207.375,0.0,0.0,0.0,408.0429667688846,146,28
20081,r0008,0,0.0,0.0,0.0,0.0,1,0,0,0.0,0.0,0.0,0.0,0.0,0.0,0.0,0.0,0,0
20081,r0015,0,0.0,0.0,0.0,0.0,1,0,0,0.0,0.0,0.0,0.0,0.0,0.0,0.0,0.0,0,0
20081,r0005,0,369.12275644365945,369.12275644365945,0.0,0.0,1,1,1,3226.9813498846656,369.12275644365945,21.562728698029645,21.562728698029645,0.0,0.0,2857.858593441006,77.159821734531,11,28
20081,r0004,0,1457.837390088087,1457.837390088087,0.0,0.0,1,1,0,0.0,0.0,0.0,0.0,0.0,0.0,0.0,0.0,46,0
20081,r0017,0,1042.0168246119574,1042.0168246119574,0.0,0.0,1,1,0,0.0,0.0,0.0,0.0,0.0,0.0,0.0,0.0,35,0
20081,r0020,0,2838.865131779665,2838.865131779665,0.0,0.0,1,1,1,0.0,0.0,0.0,0.0,0.0,0.0,0.0,0.0,95,0
20081,r0023,0,0.0,0.0,0.0,0.0,1,0,0,0.0,0.0,0.0,0.0,0.0,0.0,0.0,0.0,0,0
20081,r0016,0,0.0,0.0,0.0,0.0,1,0,0,0.0,0.0,0.0,0.0,0.0,0.0,0.0,0.0,0,0
20081,r0016,1,2888.6471353241577,2888.6471353241577,0.0,0.0,1,1,0,0.0,0.0,0.0,0.0,0.0,0.0,0.0,0.0,171,0
20082,r0011,0,4642.933832894016,4642.933832894016,0.0,0.0,1,1,1,446.91043811148256,446.91043811148256,28.16015625,28.16015625,0.0,0.0,0.0,33.300300185840065,53,3
20082,r0001,0,3307.048262106324,3307.048262106324,0.0,0.0,1,1,1,40.64139280117435,40.64139280117435,4.34765625,4.34765625,0.0,0.0,0.0,8.312213861978774,61,2
20082,r0003,0,3958.3311511741977,3958.3311511741977,0.0,0.0,1,1,1,43.7700230210965,43.77002302109577,4.699218749999921,4.699218749999921,0.0,0.0,7.318590178329032e-13,9.563665949947634,73,2
20082,r0014,0,6157.038520776459,6157.038520776459,0.0,0.0,1,1,1,47.94152998099271,47.94152998099271,5.16796875,5.16796875,0.0,0.0,0.0,13.735172909843838,113,2
20082,r0019,0,3475.1222496319424,3475.1222496319424,0.0,0.0,1,1,1,43.7700230210965,43.7700230210965,4.69921875,4.69921875,0.0,0.0,0.0,8.729364557968394,65,2
20082,r0012,0,15.209575031054555,15.209575031054555,0.0,0.0,1,1,1,1332.9374198881528,15.209575031054555,0.6362283931209478,0.6362283931209478,0.0,0.0,1317.7278448570983,0.0,0,26
20082,r0009,0,330.9855828815271,330.9855828815271,0.0,0.0,1,1,1,474.27258730231375,330.9855828815271,28.64444995313213,28.64444995313213,0.0,0.0,143.28700442078667,31.900784574735923,6,15
20082,r0020,0,0.0,0.0,0.0,0.0,1,0,0,0.0,0.0,0.0,0.0,0.0,0.0,0.0,0.0,0,0
20082,r0007,0,0.0,0.0,0.0,0.0,1,0,0,0.0,0.0,0.0,0.0,0.0,0.0,0.0,0.0,0,0
20082,r0000,0,884.0566606209832,884.0566606209832,0.0,0.0,1,1,1,3908.551860010965,884.0566606209832,38.46694920556331,38.46694920556331,0.0,0.0,3024.4951993899817,118.28091060432786,9,25
20082,r0000,1,1694.749297863069,1694.749297863069,0.0,0.0,1,1,0,0.0,0.0,0.0,0.0,0.0,0.0,0.0,0.0,61,0
20082,r0000,2,7876.243473361887,7876.243473361887,0.0,0.0,1,1,0,0.0,0.0,0.0,0.0,0.0,0.0,0.0,0.0,272,0
20083,r0019,0,4654.130262518494,4654.130262518494,0.0,0.0,1,1,1,0.0,0.0,0.0,0.0,0.0,0.0,0.0,0.0,169,0
20083,r0006,0,2056.90949294428,2056.90949294428,0.0,0.0,1,1,1,3419.0522675164216,2056.90949294428,108.47170336196697,108.47170336196697,0.0,0.0,1362.1427745721417,280.02231068803076,74,28
20084,r0023,0,257.85761166694283,257.85761166694283,0.0,0.0,1,1,0,0.0,0.0,0.0,0.0,0.0,0.0,0.0,0.0,11,0
20084,r0019,0,0.0,0.0,0.0,0.0,1,0,0,0.0,0.0,0.0,0.0,0.0,0.0,0.0,0.0,0,0
20084,r0007,0,6921.621289433606,6921.621289433606,0.0,0.0,1,1,0,0.0,0.0,0.0,0.0,0.0,0.0,0.0,0.0,332,0
20084,r0006,0,1447.1511805444097,1447.1511805444097,0.0,0.0,1,1,0,0.0,0.0,0.0,0.0,0.0,0.0,0.0,0.0,69,0
20085,r0008,0,3933.451233906493,3933.451233906493,0.0,0.0,1,1,1,1310.5716118826663,1310.5716118826663,57.796875,57.796875,0.0,0.0,0.0,148.85401368407025,102,9
20085,r0018,0,1368.7199068184855,1368.7199068184855,0.0,0.0,1,1,1,893.2979978591039,893.2979978591039,48.041015625,48.041015625,0.0,0.0,0.0,63.35734660731117,34,9
20085,r0003,0,5208.691735150158,5208.691735150158,0.0,0.0,1,1,1,1225.661680444535,1225.661680444535,53.947265625,53.947265625,0.0,0.0,0.0,187.60815570378287,132,9
20085,r0004,0,827.7268358188521,827.7268358188521,0.0,0.0,1,1,1,399.4296793928869,399.4296793928869,20.35546875,20.35546875,0.0,0.0,0.0,50.94558431693479,21,9
20085,r0023,0,2542.9191748172234,2542.9191748172234,0.0,0.0,1,1,1,268.38943971053413,268.3894397105323,10.546874999999929,10.546874999999929,0.0,0.0,1.8189894035458565e-12,102.34904326041513,66,9
20085,r0007,0,2151.989112471514,2151.989112471514,0.0,0.0,1,1,0,0.0,0.0,0.0,0.0,0.0,0.0,0.0,0.0,54,0
20085,r0011,0,1592.8762636581887,1592.8762636581887,0.0,0.0,1,1,1,499.85623911037146,499.85623911037146,21.041015625,21.041015625,0.0,0.0,0.0,70.05392491065463,41,9
20085,r0014,0,2354.992147957142,2354.992147957142,0.0,0.0,1,1,1,1293.1243656967488,1293.1243656967488,57.005859375,57.005859375,0.0,0.0,0.0,99.76543379243428,64,9
20085,r0020,0,0.0,0.0,0.0,0.0,1,0,0,0.0,0.0,0.0,0.0,0.0,0.0,0.0,0.0,0,0
20086,r0001,0,0.0,0.0,0.0,0.0,1,0,0,0.0,0.0,0.0,0.0,0.0,0.0,0.0,0.0,0,0
20086,r0021,0,6547.529860608556,6547.529860608556,0.0,0.0,1,1,1,0.0,0.0,0.0,0.0,0.0,0.0,0.0,0.0,257,0
20087,r0006,0,135.8750966536736,135.8750966536736,0.0,0.0,1,1,1,0.0,0.0,0.0,0.0,0.0,0.0,0.0,0.0,6,0
20087,r0023,0,5189.05927200443,5189.05927200443,0.0,0.0,1,1,0,0.0,0.0,0.0,0.0,0.0,0.0,0.0,0.0,228,0
20087,r0002,0,1260.9373692732843,1260.9373692732843,0.0,0.0,1,1,0,0.0,0.0,0.0,0.0,0.0,0.0,0.0,0.0,57,0
20087,r0002,1,7716.767897335114,7716.767897335114,0.0,0.0,1,1,0,0.0,0.0,0.0,0.0,0.0,0.0,0.0,0.0,339,0
20087,r0008,0,1156.894698727545,1156.894698727545,0.0,0.0,1,1,0,0.0,0.0,0.0,0.0,0.0,0.0,0.0,0.0,53,0
20087,r0011,0,4604.805954078132,4604.805954078132,0.0,0.0,1,1,0,0.0,0.0,0.0,0.0,0.0,0.0,0.0,0.0,202,0
20087,r0011,1,4624.733631101171,4624.733631101171,0.0,0.0,1,1,0,0.0,0.0,0.0,0.0,0.0,0.0,0.0,0.0,210,0
20088,r0012,0,3199.30518480359,3199.30518480359,0.0,0.0,1,1,1,0.0,0.0,0.0,0.0,0.0,0.0,0.0,0.0,136,0
20088,r0005,0,4285.164724969069,4285.164724969069,0.0,0.0,1,1,1,0.0,0.0,0.0,0.0,0.0,0.0,0.0,0.0,184,0
20088,r0005,1,3061.661310692816,3061.661310692816,0.0,0.0,1,1,0,0.0,0.0,0.0,0.0,0.0,0.0,0.0,0.0,150,0
20088,r0004,0,0.0,0.0,0.0,0.0,1,0,0,0.0,0.0,0.0,0.0,0.0,0.0,0.0,0.0,0,0
20088,r0016,0,3614.8809356426063,3614.8809356426063,0.0,0.0,1,1,0,0.0,0.0,0.0,0.0,0.0,0.0,0.0,0.0,154,0
20088,r0020,0,2022.5901575288226,2022.5901575288226,0.0,0.0,1,1,1,0.0,0.0,0.0,0.0,0.0,0.0,0.0,0.0,87,0
20088,r0007,0,696.8335587711481,696.8335587711481,0.0,0.0,1,1,1,0.0,0.0,0.0,0.0,0.0,0.0,0.0,0.0,30,0
20088,r0013,0,5137.78688979437,5137.78688979437,0.0,0.0,1,1,0,0.0,0.0,0.0,0.0,0.0,0.0,0.0,0.0,220,0
20088,r0003,0,1285.1559220395502,1285.1559220395502,0.0,0.0,1,1,1,0.0,0.0,0.0,0.0,0.0,0.0,0.0,0.0,58,0
20088,r0003,1,5727.105805973071,5727.105805973071,0.0,0.0,1,1,0,0.0,0.0,0.0,0.0,0.0,0.0,0.0,0.0,264,0
20088,r0022,0,0.0,0.0,0.0,0.0,1,0,0,0.0,0.0,0.0,0.0,0.0,0.0,0.0,0.0,0,0
20088,r0022,1,5472.916359617084,5472.916359617084,0.0,0.0,1,1,1,0.0,0.0,0.0,0.0,0.0,0.0,0.0,0.0,246,0
20089,r0017,0,0.0,0.0,0.0,0.0,1,0,0,0.0,0.0,0.0,0.0,0.0,0.0,0.0,0.0,0,0
20089,r0003,0,3009.552914937729,3009.552914937729,0.0,0.0,1,1,1,0.0,0.0,0.0,0.0,0.0,0.0,0.0,0.0,148,0
20089,r0000,0,910.3259076639551,910.3259076639551,0.0,0.0,1,1,0,0.0,0.0,0.0,0.0,0.0,0.0,0.0,0.0,46,0
20089,r0010,0,2397.741780663826,2397.741780663826,0.0,0.0,1,1,0,0.0,0.0,0.0,0.0,0.0,0.0,0.0,0.0,123,0
20089,r0010,1,5841.45908161554,5841.45908161554,0.0,0.0,1,1,0,0.0,0.0,0.0,0.0,0.0,0.0,0.0,0.0,289,0
20089,r0013,0,2849.8755732467907,2849.8755732467907,0.0,0.0,1,1,0,0.0,0.0,0.0,0.0,0.0,0.0,0.0,0.0,149,0
20089,r0020,0,441.12829722342576,441.12829722342576,0.0,0.0,1,1,1,0.0,0.0,0.0,0.0,0.0,0.0,0.0,0.0,24,0
20090,r0014,0,4858.936235009165,4858.936235009165,0.0,0.0,1,1,0,0.0,0.0,0.0,0.0,0.0,0.0,0.0,0.0,221,0
20090,r0014,1,3727.2004297659314,3727.2004297659314,0.0,0.0,1,1,0,0.0,0.0,0.0,0.0,0.0,0.0,0.0,0.0,158,0
20090,r0010,0,3755.589231357244,3755.589231357244,0.0,0.0,1,1,0,0.0,0.0,0.0,0.0,0.0,0.0,0.0,0.0,151,0
20090,r0010,1,3586.737274379644,3586.737274379644,0.0,0.0,1,1,0,0.0,0.0,0.0,0.0,0.0,0.0,0.0,0.0,135,0
20090,r0003,0,2619.2204290148293,2619.2204290148293,0.0,0.0,1,1,0,0.0,0.0,0.0,0.0,0.0,0.0,0.0,0.0,101,0
20090,r0017,0,4474.69299504871,4474.69299504871,0.0,0.0,1,1,1,0.0,0.0,0.0,0.0,0.0,0.0,0.0,0.0,174,0
20090,r0017,1,4022.9470016478444,4022.9470016478444,0.0,0.0,1,1,0,0.0,0.0,0.0,0.0,0.0,0.0,0.0,0.0,166,0
20090,r0002,0,805.7815477915283,805.7815477915283,0.0,0.0,1,1,0,0.0,0.0,0.0,0.0,0.0,0.0,0.0,0.0,32,0
20090,r0002,1,7200.102589515802,7200.102589515802,0.0,0.0,1,1,0,0.0,0.0,0.0,0.0,0.0,0.0,0.0,0.0,259,0
20090,r0005,0,957.6707577911438,957.6707577911438,0.0,0.0,1,1,0,0.0,0.0,0.0,0.0,0.0,0.0,0.0,0.0,37,0
20090,r0018,0,1098.7796967598479,1098.7796967598479,0.0,0.0,1,1,0,0.0,0.0,0.0,0.0,0.0,0.0,0.0,0.0,48,0
20090,r0012,0,2310.881730581161,2310.881730581161,0.0,0.0,1,1,1,0.0,0.0,0.0,0.0,0.0,0.0,0.0,0.0,99,0
20090,r0012,1,7714.583792376434,7714.583792376434,0.0,0.0,1,1,0,0.0,0.0,0.0,0.0,0.0,0.0,0.0,0.0,289,0
20091,r0016,0,4872.383152122893,4872.383152122893,0.0,0.0,1,1,1,2144.9576145060896,2144.9576145060896,116.783203125,116.783203125,0.0,0.0,0.0,305.5112691735113,121,19
20091,r0009,0,2253.083322951563,2253.083322951563,0.0,0.0,1,1,1,368.7054158529928,368.7054158529928,16.283203125,16.283203125,0.0,0.0,0.0,69.8745812079148,55,7
20091,r0018,0,0.0,0.0,0.0,0.0,1,0,0,0.0,0.0,0.0,0.0,0.0,0.0,0.0,0.0,0,0
20091,r0015,0,122.92061834823835,122.92061834823835,0.0,0.0,1,1,0,0.0,0.0,0.0,0.0,0.0,0.0,0.0,0.0,2,0
20091,r0020,0,0.0,0.0,0.0,0.0,1,0,0,0.0,0.0,0.0,0.0,0.0,0.0,0.0,0.0,0,0
20091,r0020,1,1220.511502048088,1220.511502048088,0.0,0.0,1,1,1,333.2273436385414,333.22734363854033,19.951171874999936,19.951171874999936,0.0,0.0,1.0800249583553523e-12,23.356352173049963,56,3
20091,r0020,2,3883.552538013897,3883.552538013897,0.0,0.0,1,1,0,0.0,0.0,0.0,0.0,0.0,0.0,0.0,0.0,215,0
20091,r0010,0,2985.37102527183,2985.37102527183,0.0,0.0,1,1,1,2079.5247044267653,2079.5247044267653,113.16796875,113.16796875,0.0,0.0,0.0,194.48073097217696,69,18
20091,r0000,0,398.12854026014975,398.12854026014975,0.0,0.0,1,1,1,1119.7867588984536,398.12854026014975,18.353343203965814,18.353343203965814,0.0,0.0,721.6582186383039,33.0512327449666,9,10
20091,r0004,0,0.0,0.0,0.0,0.0,1,0,0,0.0,0.0,0.0,0.0,0.0,0.0,0.0,0.0,0,0
20091,r0004,1,0.0,0.0,0.0,0.0,1,0,0,0.0,0.0,0.0,0.0,0.0,0.0,0.0,0.0,0,0
20091,r0004,2,4959.051176386012,4959.051176386012,0.0,0.0,1,1,0,0.0,0.0,0.0,0.0,0.0,0.0,0.0,0.0,280,0
20091,r0002,0,2777.8728643892755,2777.8728643892755,0.0,0.0,1,1,1,0.0,0.0,0.0,0.0,0.0,0.0,0.0,0.0,65,0
20091,r0019,0,0.0,0.0,0.0,0.0,1,0,0,0.0,0.0,0.0,0.0,0.0,0.0,0.0,0.0,0,0
20092,r0006,0,7835.63039738539,7835.63039738539,0.0,0.0,1,1,1,0.0,0.0,0.0,0.0,0.0,0.0,0.0,0.0,348,0
20092,r0013,0,0.0,0.0,0.0,0.0,1,0,0,0.0,0.0,0.0,0.0,0.0,0.0,0.0,0.0,0,0
20092,r0013,1,5900.577355597259,5900.577355597259,0.0,0.0,1,1,0,0.0,0.0,0.0,0.0,0.0,0.0,0.0,0.0,255,0
20092,r0021,0,0.0,0.0,0.0,0.0,1,0,0,0.0,0.0,0.0,0.0,0.0,0.0,0.0,0.0,0,0
20092,r0021,1,8354.996321889415,8354.996321889415,0.0,0.0,1,1,0,0.0,0.0,0.0,0.0,0.0,0.0,0.0,0.0,381,0
20093,r0004,0,3934.866719730951,3934.866719730951,0.0,0.0,1,1,0,0.0,0.0,0.0,0.0,0.0,0.0,0.0,0.0,160,0
20093,r0004,1,6534.927399599463,6534.927399599463,0.0,0.0,1,1,0,0.0,0.0,0.0,0.0,0.0,0.0,0.0,0.0,235,0
20093,r0001,0,0.0,0.0,0.0,0.0,1,0,0,0.0,0.0,0.0,0.0,0.0,0.0,0.0,0.0,0,0
20093,r0003,0,0.0,0.0,0.0,0.0,1,0,0,0.0,0.0,0.0,0.0,0.0,0.0,0.0,0.0,0,0
20093,r0000,0,30.445947576939943,30.445947576939943,0.0,0.0,1,1,1,0.0,0.0,0.0,0.0,0.0,0.0,0.0,0.0,0,0
20093,r0000,1,3686.386535757927,3686.386535757927,0.0,0.0,1,1,0,0.0,0.0,0.0,0.0,0.0,0.0,0.0,0.0,120,0
20093,r0000,2,6951.458802378467,6951.458802378467,0.0,0.0,1,1,0,0.0,0.0,0.0,0.0,0.0,0.0,0.0,0.0,241,0
20093,r0007,0,0.0,0.0,0.0,0.0,1,0,0,0.0,0.0,0.0,0.0,0.0,0.0,0.0,0.0,0,0
20093,r0018,0,2896.7585950371576,2896.7585950371576,0.0,0.0,1,1,1,0.0,0.0,0.0,0.0,0.0,0.0,0.0,0.0,112,0
20093,r0013,0,1978.1233698449905,1978.1233698449905,0.0,0.0,1,1,0,0.0,0.0,0.0,0.0,0.0,0.0,0.0,0.0,79,0
20093,r0022,0,218.15691783936927,218.15691783936927,0.0,0.0,1,1,1,0.0,0.0,0.0,0.0,0.0,0.0,0.0,0.0,8,0
20094,r0019,0,2228.131422257685,2228.131422257685,0.0,0.0,1,1,0,0.0,0.0,0.0,0.0,0.0,0.0,0.0,0.0,116,0
20094,r0021,0,2978.1063753437775,2978.1063753437775,0.0,0.0,1,1,0,0.0,0.0,0.0,0.0,0.0,0.0,0.0,0.0,155,0
20094,r0017,0,1678.9748011771808,1678.9748011771808,0.0,0.0,1,1,1,0.0,0.0,0.0,0.0,0.0,0.0,0.0,0.0,85,0
20094,r0002,0,0.0,0.0,0.0,0.0,1,0,0,0.0,0.0,0.0,0.0,0.0,0.0,0.0,0.0,0,0
20094,r0020,0,600.5907028189467,600.5907028189467,0.0,0.0,1,1,1,0.0,0.0,0.0,0.0,0.0,0.0,0.0,0.0,30,0
20095,r0022,0,2346.218276934131,2346.218276934131,0.0,0.0,1,1,1,1846.831504431187,1846.831504431187,79.37109375,79.37109375,0.0,0.0,0.0,86.47623049171906,41,13
20095,r0022,1,5295.316020070353,5295.316020070353,0.0,0.0,1,1,0,0.0,0.0,0.0,0.0,0.0,0.0,0.0,0.0,256,0
20095,r0005,0,5989.673971953605,5989.673971953605,0.0,0.0,1,1,1,1910.140984812627,1910.140984812627,82.11328125,82.11328125,0.0,0.0,0.0,200.78501451376246,106,13
20095,r0014,0,4814.349189907247,4814.349189907247,0.0,0.0,1,1,1,703.7436642107534,703.7436642107534,29.859375,29.859375,0.0,0.0,0.0,156.8200975822073,81,13
20095,r0006,0,890.6592489836548,890.6592489836548,0.0,0.0,1,1,1,332.6797653084279,332.6797653084279,13.787109375,13.787109375,0.0,0.0,0.0,40.752716882901694,15,13
20095,r0002,0,487.30736660669936,487.30736660669936,0.0,0.0,1,1,1,679.1233107290825,487.30736660669936,20.660497963599983,20.660497963599983,0.0,0.0,191.81594412238314,28.442540142066257,8,13
20095,r0011,0,0.0,0.0,0.0,0.0,1,0,0,0.0,0.0,0.0,0.0,0.0,0.0,0.0,0.0,0,0
20095,r0018,0,0.0,0.0,0.0,0.0,1,0,0,0.0,0.0,0.0,0.0,0.0,0.0,0.0,0.0,0,0
20095,r0003,0,722.4263769342724,722.4263769342724,0.0,0.0,1,1,1,0.0,0.0,0.0,0.0,0.0,0.0,0.0,0.0,12,0
20095,r0001,0,3295.7819906678415,3295.7819906678415,0.0,0.0,1,1,1,2138.758552856714,2138.758552856714,92.015625,92.015625,0.0,0.0,0.0,111.09658397338995,55,13
20095,r0001,1,7524.430059828504,7524.430059828504,0.0,0.0,1,1,0,0.0,0.0,0.0,0.0,0.0,0.0,0.0,0.0,316,0
20095,r0010,0,0.0,0.0,0.0,0.0,1,0,0,0.0,0.0,0.0,0.0,0.0,0.0,0.0,0.0,0,0
20095,r0010,1,722.6970975407821,722.6970975407821,0.0,0.0,1,1,0,0.0,0.0,0.0,0.0,0.0,0.0,0.0,0.0,32,0
20096,r0000,0,6843.45715800185,6843.45715800185,0.0,0.0,1,1,1,0.0,0.0,0.0,0.0,0.0,0.0,0.0,0.0,320,0
20096,r0004,0,1194.9027556849323,1194.9027556849323,0.0,0.0,1,1,1,0.0,0.0,0.0,0.0,0.0,0.0,0.0,0.0,55,0
20096,r0004,1,9449.149841896266,9449.149841896266,0.0,0.0,1,1,0,0.0,0.0,0.0,0.0,0.0,0.0,0.0,0.0,432,0
20096,r0019,0,0.0,0.0,0.0,0.0,1,0,0,0.0,0.0,0.0,0.0,0.0,0.0,0.0,0.0,0,0
20096,r0006,0,2837.2330317990127,2837.2330317990127,0.0,0.0,1,1,1,0.0,0.0,0.0,0.0,0.0,0.0,0.0,0.0,126,0
20096,r0003,0,581.2667178854099,581.2667178854099,0.0,0.0,1,1,0,0.0,0.0,0.0,0.0,0.0,0.0,0.0,0.0,24,0
20096,r0007,0,3903.661700306795,3903.661700306795,0.0,0.0,1,1,1,0.0,0.0,0.0,0.0,0.0,0.0,0.0,0.0,169,0
20096,r0007,1,5512.792120679565,5512.792120679565,0.0,0.0,1,1,0,0.0,0.0,0.0,0.0,0.0,0.0,0.0,0.0,225,0
20096,r0021,0,0.0,0.0,0.0,0.0,1,0,0,0.0,0.0,0.0,0.0,0.0,0.0,0.0,0.0,0,0
20096,r0021,1,6337.528145282311,6337.528145282311,0.0,0.0,1,1,0,0.0,0.0,0.0,0.0,0.0,0.0,0.0,0.0,274,0
20096,r0005,0,404.77087317039695,404.77087317039695,0.0,0.0,1,1,0,0.0,0.0,0.0,0.0,0.0,0.0,0.0,0.0,17,0
20096,r0022,0,0.0,0.0,0.0,0.0,1,0,0,0.0,0.0,0.0,0.0,0.0,0.0,0.0,0.0,0,0
20097,r0011,0,2473.419658200718,2473.419658200718,0.0,0.0,1,1,0,0.0,0.0,0.0,0.0,0.0,0.0,0.0,0.0,101,0
20097,r0021,0,1502.2605654452273,1502.2605654452273,0.0,0.0,1,1,0,0.0,0.0,0.0,0.0,0.0,0.0,0.0,0.0,58,0
20097,r0016,0,2088.307232763251,2088.307232763251,0.0,0.0,1,1,0,0.0,0.0,0.0,0.0,0.0,0.0,0.0,0.0,83,0
20097,r0005,0,0.0,0.0,0.0,0.0,1,0,0,0.0,0.0,0.0,0.0,0.0,0.0,0.0,0.0,0,0
20097,r0017,0,2117.157472028972,2117.157472028972,0.0,0.0,1,1,0,0.0,0.0,0.0,0.0,0.0,0.0,0.0,0.0,75,0
20097,r0017,1,8206.588750656301,8206.588750656301,0.0,0.0,1,1,0,0.0,0.0,0.0,0.0,0.0,0.0,0.0,0.0,302,0
20097,r0008,0,6265.027023902159,6265.027023902159,0.0,0.0,1,1,1,0.0,0.0,0.0,0.0,0.0,0.0,0.0,0.0,244,0
20097,r0008,1,3712.1404055986823,3712.1404055986823,0.0,0.0,1,1,0,0.0,0.0,0.0,0.0,0.0,0.0,0.0,0.0,137,0
20097,r0000,0,3797.6484405330775,3797.6484405330775,0.0,0.0,1,1,0,0.0,0.0,0.0,0.0,0.0,0.0,0.0,0.0,140,0
20097,r0009,0,5003.167128077475,5003.167128077475,0.0,0.0,1,1,0,0.0,0.0,0.0,0.0,0.0,0.0,0.0,0.0,185,0
20097,r0009,1,7536.949380753984,7536.949380753984,0.0,0.0,1,1,0,0.0,0.0,0.0,0.0,0.0,0.0,0.0,0.0,301,0
20097,r0002,0,4371.946505331682,4371.946505331682,0.0,0.0,1,1,0,0.0,0.0,0.0,0.0,0.0,0.0,0.0,0.0,174,0
20097,r0002,1,3536.9393533862676,3536.9393533862676,0.0,0.0,1,1,0,0.0,0.0,0.0,0.0,0.0,0.0,0.0,0.0,136,0
20098,r0008,0,6752.254842033879,6752.254842033879,0.0,0.0,1,1,1,0.0,0.0,0.0,0.0,0.0,0.0,0.0,0.0,374,0
20098,r0022,0,2423.244764202742,2423.244764202742,0.0,0.0,1,1,0,0.0,0.0,0.0,0.0,0.0,0.0,0.0,0.0,116,0
20098,r0022,1,3465.8866890957725,3465.8866890957725,0.0,0.0,1,1,0,0.0,0.0,0.0,0.0,0.0,0.0,0.0,0.0,152,0
20098,r0002,0,838.1166444511309,838.1166444511309,0.0,0.0,1,1,0,0.0,0.0,0.0,0.0,0.0,0.0,0.0,0.0,40,0
20098,r0002,1,5079.8864909935655,5079.8864909935655,0.0,0.0,1,1,0,0.0,0.0,0.0,0.0,0.0,0.0,0.0,0.0,221,0
20098,r0019,0,3680.0908916796016,3680.0908916796016,0.0,0.0,1,1,1,0.0,0.0,0.0,0.0,0.0,0.0,0.0,0.0,189,0
20098,r0007,0,3504.693967248757,3504.693967248757,0.0,0.0,1,1,1,0.0,0.0,0.0,0.0,0.0,0.0,0.0,0.0,183,0
20099,r0013,0,1842.1457144211195,1842.1457144211195,0.0,0.0,1,1,1,0.0,0.0,0.0,0.0,0.0,0.0,0.0,0.0,81,0
20099,r0005,0,4187.72508333118,4187.72508333118,0.0,0.0,1,1,0,0.0,0.0,0.0,0.0,0.0,0.0,0.0,0.0,183,0
20099,r0009,0,5434.5836371121895,5434.5836371121895,0.0,0.0,1,1,0,0.0,0.0,0.0,0.0,0.0,0.0,0.0,0.0,234,0
20099,r0021,0,0.0,0.0,0.0,0.0,1,0,0,0.0,0.0,0.0,0.0,0.0,0.0,0.0,0.0,0,0
20099,r0017,0,0.0,0.0,0.0,0.0,1,0,0,0.0,0.0,0.0,0.0,0.0,0.0,0.0,0.0,0,0
20099,r0015,0,0.0,0.0,0.0,0.0,1,0,0,0.0,0.0,0.0,0.0,0.0,0.0,0.0,0.0,0,0
20099,r0022,0,0.0,0.0,0.0,0.0,1,0,0,0.0,0.0,0.0,0.0,0.0,0.0,0.0,0.0,0,0
20099,r0007,0,0.0,0.0,0.0,0.0,1,0,0,0.0,0.0,0.0,0.0,0.0,0.0,0.0,0.0,0,0
20099,r0007,1,7327.110598399329,7327.110598399329,0.0,0.0,1,1,0,0.0,0.0,0.0,0.0,0.0,0.0,0.0,0.0,329,0
20100,r0022,0,3948.816147205751,3948.816147205751,0.0,0.0,1,1,0,0.0,0.0,0.0,0.0,0.0,0.0,0.0,0.0,167,0
20100,r0001,0,3095.398728197524,3095.398728197524,0.0,0.0,1,1,1,0.0,0.0,0.0,0.0,0.0,0.0,0.0,0.0,130,0
20100,r0008,0,2742.003863128786,2742.003863128786,0.0,0.0,1,1,0,0.0,0.0,0.0,0.0,0.0,0.0,0.0,0.0,107,0
20100,r0008,1,5627.0031727350215,5627.0031727350215,0.0,0.0,1,1,0,0.0,0.0,0.0,0.0,0.0,0.0,0.0,0.0,220,0
20100,r0008,2,7093.86625705169,7093.86625705169,0.0,0.0,1,1,0,0.0,0.0,0.0,0.0,0.0,0.0,0.0,0.0,279,0
20100,r0020,0,520.1436567959645,520.1436567959645,0.0,0.0,1,1,0,0.0,0.0,0.0,0.0,0.0,0.0,0.0,0.0,20,0
20100,r0020,1,4657.287355627155,4657.287355627155,0.0,0.0,1,1,0,0.0,0.0,0.0,0.0,0.0,0.0,0.0,0.0,182,0
20100,r0007,0,3752.8654232518857,3752.8654232518857,0.0,0.0,1,1,1,0.0,0.0,0.0,0.0,0.0,0.0,0.0,0.0,146,0
20100,r0007,1,5212.998117730844,5212.998117730844,0.0,0.0,1,1,0,0.0,0.0,0.0,0.0,0.0,0.0,0.0,0.0,205,0
20100,r0015,0,6051.118778235275,6051.118778235275,0.0,0.0,1,1,0,0.0,0.0,0.0,0.0,0.0,0.0,0.0,0.0,235,0
20100,r0015,1,3903.741699962062,3903.741699962062,0.0,0.0,1,1,0,0.0,0.0,0.0,0.0,0.0,0.0,0.0,0.0,154,0
20100,r0018,0,0.0,0.0,0.0,0.0,1,0,0,0.0,0.0,0.0,0.0,0.0,0.0,0.0,0.0,0,0
20101,r0004,0,5990.8807516764555,5990.8807516764555,0.0,0.0,1,1,1,394.8029548608714,394.80295486087107,12.79687499999999,12.79687499999999,0.0,0.0,3.410605131648481e-13,60.327805775796506,98,2
20101,r0004,1,5015.180824639602,5015.180824639602,0.0,0.0,1,1,0,0.0,0.0,0.0,0.0,0.0,0.0,0.0,0.0,199,0
20101,r0010,0,1307.600308902649,1307.600308902649,0.0,0.0,1,1,1,500.6295363698026,500.6295363698009,16.511718749999943,16.511718749999943,0.0,0.0,1.7053025658242404e-12,30.0784447612574,19,2
20101,r0015,0,0.0,0.0,0.0,0.0,1,0,0,0.0,0.0,0.0,0.0,0.0,0.0,0.0,0.0,0,0
20101,r0007,0,4684.175557087303,4684.175557087303,0.0,0.0,1,1,1,3865.2925633335217,3865.2925633335217,167.8359375,167.8359375,0.0,0.0,0.0,338.4144522344786,74,28
20101,r0007,1,2821.714602212429,2821.714602212429,0.0,0.0,1,1,0,0.0,0.0,0.0,0.0,0.0,0.0,0.0,0.0,194,0
20101,r0018,0,0.0,0.0,0.0,0.0,1,0,0,0.0,0.0,0.0,0.0,0.0,0.0,0.0,0.0,0,0
20101,r0002,0,4189.48209116096,4189.48209116096,0.0,0.0,1,1,1,322.0263152111963,322.02631521119474,10.24218749999995,10.24218749999995,0.0,0.0,1.5347723092418164e-12,49.43919009824046,67,2
20101,r0005,0,0.0,0.0,0.0,0.0,1,0,0,0.0,0.0,0.0,0.0,0.0,0.0,0.0,0.0,0,0
20101,r0005,1,2364.9656043488867,2364.9656043488867,0.0,0.0,1,1,0,0.0,0.0,0.0,0.0,0.0,0.0,0.0,0.0,161,0
20101,r0001,0,0.0,0.0,0.0,0.0,1,0,0,0.0,0.0,0.0,0.0,0.0,0.0,0.0,0.0,0,0
20101,r0001,1,237.9153000970764,237.9153000970764,0.0,0.0,1,1,0,0.0,0.0,0.0,0.0,0.0,0.0,0.0,0.0,8,0
20102,r0006,0,5962.397095035994,5962.397095035994,0.0,0.0,1,1,0,0.0,0.0,0.0,0.0,0.0,0.0,0.0,0.0,299,0
20102,r0020,0,6416.887847161539,6416.887847161539,0.0,0.0,1,1,1,0.0,0.0,0.0,0.0,0.0,0.0,0.0,0.0,322,0
20102,r0022,0,61.32179839237142,61.32179839237142,0.0,0.0,1,1,0,0.0,0.0,0.0,0.0,0.0,0.0,0.0,0.0,2,0
20102,r0000,0,7833.99938928301,7833.99938928301,0.0,0.0,1,1,0,0.0,0.0,0.0,0.0,0.0,0.0,0.0,0.0,392,0
20102,r0003,0,0.0,0.0,0.0,0.0,1,0,0,0.0,0.0,0.0,0.0,0.0,0.0,0.0,0.0,0,0
20102,r0019,0,5072.4874886177495,5072.4874886177495,0.0,0.0,1,1,1,0.0,0.0,0.0,0.0,0.0,0.0,0.0,0.0,247,0
20103,r0021,0,3076.616721086498,3076.616721086498,0.0,0.0,1,1,1,2348.1468226837437,2348.1468226837437,154.845703125,154.845703125,0.0,0.0,0.0,144.714045335386,53,23
20103,r0002,0,501.05710566987364,501.05710566987364,0.0,0.0,1,1,1,466.38306392638714,466.38306392638697,28.70507812499999,28.70507812499999,0.0,0.0,1.7053025658242404e-13,49.936430424236534,8,23
20103,r0015,0,0.0,0.0,0.0,0.0,1,0,0,0.0,0.0,0.0,0.0,0.0,0.0,0.0,0.0,0,0
20103,r0001,0,3095.7323076360753,3095.7323076360753,0.0,0.0,1,1,1,446.2787502644495,446.2787502644495,27.357421875,27.357421875,0.0,0.0,0.0,142.70361396919225,52,23
20103,r0001,1,3644.1975636529132,3644.1975636529132,0.0,0.0,1,1,0,0.0,0.0,0.0,0.0,0.0,0.0,0.0,0.0,159,0
20103,r0005,0,5776.205047734868,5776.205047734868,0.0,0.0,1,1,1,0.0,0.0,0.0,0.0,0.0,0.0,0.0,0.0,100,0
20103,r0023,0,819.6106566908311,819.6106566908311,0.0,0.0,1,1,1,402.0492602081869,402.04926020818675,24.39257812499999,24.39257812499999,0.0,0.0,1.7053025658242404e-13,62.663530006615574,14,23
20103,r0012,0,0.0,0.0,0.0,0.0,1,0,0,0.0,0.0,0.0,0.0,0.0,0.0,0.0,0.0,0,0
20103,r0009,0,0.0,0.0,0.0,0.0,1,0,0,0.0,0.0,0.0,0.0,0.0,0.0,0.0,0.0,0,0
20103,r0009,1,2605.3200930220773,2605.3200930220773,0.0,0.0,1,1,0,0.0,0.0,0.0,0.0,0.0,0.0,0.0,0.0,94,0
20103,r0007,0,1424.1817900528622,1424.1817900528622,0.0,0.0,1,1,1,2096.842901909524,1424.1817900528622,93.73000087336791,93.73000087336791,0.0,0.0,672.6611118566616,83.87536264391399,24,23
20103,r0007,1,8920.062251308147,8920.062251308147,0.0,0.0,1,1,0,0.0,0.0,0.0,0.0,0.0,0.0,0.0,0.0,415,0
20104,r0008,0,5739.74777439216,5739.74777439216,0.0,0.0,1,1,1,0.0,0.0,0.0,0.0,0.0,0.0,0.0,0.0,234,0
20104,r0007,0,443.2885442767474,443.2885442767474,0.0,0.0,1,1,0,0.0,0.0,0.0,0.0,0.0,0.0,0.0,0.0,17,0
20104,r0012,0,800.4993954021811,800.4993954021811,0.0,0.0,1,1,0,0.0,0.0,0.0,0.0,0.0,0.0,0.0,0.0,32,0
20104,r0003,0,4515.574691247632,4515.574691247632,0.0,0.0,1,1,1,0.0,0.0,0.0,0.0,0.0,0.0,0.0,0.0,184,0
20104,r0004,0,826.0216951418333,826.0216951418333,0.0,0.0,1,1,1,2829.872452552661,826.0216951418333,50.379013307573366,50.379013307573366,0.0,0.0,2003.8507574108276,138.70373926978218,33,28
20104,r0004,1,7575.543305970699,7575.543305970699,0.0,0.0,1,1,0,0.0,0.0,0.0,0.0,0.0,0.0,0.0,0.0,589,0
20105,r0016,0,198.6242710793913,198.6242710793913,0.0,0.0,1,1,1,803.4897722787089,198.6242710793913,13.839931755077073,13.839931755077073,0.0,0.0,604.8655011993176,47.15387209780815,1,5
20105,r0006,0,2883.5358308057803,2883.5358308057803,0.0,0.0,1,1,1,194.065190928758,194.06519092875715,10.898437499999952,10.898437499999952,0.0,0.0,8.526512829121202e-13,56.65756927285612,25,5
20105,r0015,0,0.0,0.0,0.0,0.0,1,0,0,0.0,0.0,0.0,0.0,0.0,0.0,0.0,0.0,0,0
20105,r0017,0,0.0,0.0,0.0,0.0,1,0,0,0.0,0.0,0.0,0.0,0.0,0.0,0.0,0.0,0,0
20105,r0021,0,5232.924058029028,5232.924058029028,0.0,0.0,1,1,1,203.56888810380593,203.56888810380593,11.6015625,11.6015625,0.0,0.0,0.0,64.57731691872942,45,5
20105,r0007,0,4972.25180082969,4972.25180082969,0.0,0.0,1,1,1,783.8948891072613,783.8948891072613,33.9609375,33.9609375,0.0,0.0,0.0,245.90287623330426,43,28
20105,r0019,0,3239.238428683155,3239.238428683155,0.0,0.0,1,1,1,247.91947492069647,247.91947492069647,14.8828125,14.8828125,0.0,0.0,0.0,57.44954403744346,27,5
20105,r0008,0,3350.6094948663376,3350.6094948663376,0.0,0.0,1,1,1,392.05888207559065,392.05888207559065,25.546875,25.546875,0.0,0.0,0.0,58.24151880203078,29,5
20105,r0002,0,2299.87709411536,2299.87709411536,0.0,0.0,1,1,1,3658.1946761328054,2299.87709411536,114.6969651711446,114.6969651711446,0.0,0.0,1358.3175820174456,161.98491717765603,19,28
20105,r0002,1,1851.6180198334914,1851.6180198334914,0.0,0.0,1,1,0,0.0,0.0,0.0,0.0,0.0,0.0,0.0,0.0,131,0
20105,r0012,0,444.8262640638968,444.8262640638968,0.0,0.0,1,1,1,566.2933302848033,444.8262640638968,30.192849907585895,30.192849907585895,0.0,0.0,121.46706622090653,47.945846862395484,3,5
20105,r0012,1,2825.994258183593,2825.994258183593,0.0,0.0,1,1,0,0.0,0.0,0.0,0.0,0.0,0.0,0.0,0.0,114,0
20105,r0018,0,0.0,0.0,0.0,0.0,1,0,0,0.0,0.0,0.0,0.0,0.0,0.0,0.0,0.0,0,0
20106,r0011,0,3570.84842677342,3570.84842677342,0.0,0.0,1,1,1,0.0,0.0,0.0,0.0,0.0,0.0,0.0,0.0,195,0
20106,r0007,0,5544.042039305154,5544.042039305154,0.0,0.0,1,1,0,0.0,0.0,0.0,0.0,0.0,0.0,0.0,0.0,304,0
20106,r0000,0,0.0,0.0,0.0,0.0,1,0,0,0.0,0.0,0.0,0.0,0.0,0.0,0.0,0.0,0,0
