episode_seed,request_id,handover_index,lead_ms,predicted_lead_ms,eta_relative_error,eta_error_bound,prediction_correct,had_prefetch_plan,accepted_prefetch,base_migration_ms,hidden_migration_ms,residual_base_ms,delta_sync_ms,delta_tokens,changed_blocks
20007,r0004,0,2444.00987758916,1591.6267083984158,-0.3487642079546581,0.4,1,1,1,0.0,0.0,0.0,0.0,131,0
20007,r0000,0,1258.6520711300527,1597.7093342778444,0.26938124595733315,0.4,1,1,0,0.0,0.0,0.0,0.0,71,0
20007,r0019,0,7250.897251367098,4929.501005919558,-0.32015296382938807,0.4,1,1,1,0.0,0.0,0.0,0.0,390,0
20007,r0002,0,576.8931261029793,796.2609452978242,0.3802572942352691,0.4,1,1,1,0.0,0.0,0.0,0.0,33,0
20007,r0021,0,382.5064692987289,322.2052366026165,-0.15764761523292956,0.4,1,1,0,0.0,0.0,0.0,0.0,19,0
20007,r0021,1,6064.578623899957,8396.082446947541,0.38444613676197337,0.4,1,0,0,0.0,0.0,0.0,0.0,0,0
20007,r0012,0,3918.3392733011497,4056.6616925202347,0.03530128699206542,0.4,1,1,1,0.0,0.0,0.0,0.0,203,0
20008,r0007,0,2184.5906656332754,1611.1367230641247,-0.2624994931958643,0.4,1,1,1,0.0,0.0,0.0,0.0,37,0
20008,r0000,0,4939.385881314538,4184.1140548521935,-0.15290804254016718,0.4,1,1,1,125.28943333779156,125.28943333779156,0.0,52.902668706248505,84,2
20008,r0005,0,0.0,0.0,0.34699586092571755,0.4,1,0,0,0.0,0.0,0.0,0.0,0,0
20008,r0005,1,2212.928115669307,2027.9796352991466,-0.08357636159104154,0.4,1,1,0,0.0,0.0,0.0,0.0,49,0
20008,r0023,0,530.1754477132745,410.91839384770327,-0.22493884690425522,0.4,1,1,0,0.0,0.0,0.0,0.0,9,0
20008,r0014,0,2945.9041007239175,3699.810541724331,0.25591683069898674,0.4,1,1,1,468.1390216820002,0.0,468.1390216820002,144.41404800124224,51,23
20008,r0013,0,0.0,0.0,0.15371593072544365,0.4,1,0,0,0.0,0.0,0.0,0.0,0,0
20008,r0003,0,0.0,0.0,0.017205661297147512,0.4,1,0,0,0.0,0.0,0.0,0.0,0,0
20008,r0021,0,0.0,0.0,-0.13701164422313278,0.4,1,0,0,0.0,0.0,0.0,0.0,0,0
20008,r0017,0,0.0,0.0,0.38018473002743625,0.4,1,0,0,0.0,0.0,0.0,0.0,0,0
20008,r0004,0,0.0,0.0,-0.2969789896190051,0.4,1,0,0,0.0,0.0,0.0,0.0,0,0
20009,r0005,0,4790.8847234872665,5595.377131274035,0.16792147050475914,0.4,1,1,0,0.0,0.0,0.0,0.0,228,0
20009,r0007,0,835.2737140443678,756.489224794498,-0.09432176294450578,0.4,1,1,1,737.8242124331664,737.8242124331664,0.0,181.4209389185013,39,28
20009,r0017,0,1406.9155032272174,1797.6915616907584,0.27775375107259037,0.4,1,1,1,0.0,0.0,0.0,0.0,65,0
20009,r0017,1,7347.794159179048,4482.101138868132,-0.39000725363693284,0.4,1,1,0,0.0,0.0,0.0,0.0,320,0
20009,r0020,0,1347.9441148815968,1546.8690403524527,0.147576537687788,0.4,1,1,1,0.0,0.0,0.0,0.0,58,0
20009,r0015,0,2183.8361135316845,1882.9446359954625,-0.1377811620898705,0.4,1,1,1,0.0,0.0,0.0,0.0,105,0
20009,r0008,0,6072.6284155838075,5730.034230436557,-0.056416128519912845,0.4,1,1,0,0.0,0.0,0.0,0.0,266,0
20010,r0005,0,2623.100525276028,3260.351725278124,0.24293815424212095,0.4,1,1,1,0.0,0.0,0.0,0.0,109,0
20010,r0005,1,8647.407603410313,9039.018192474838,0.045286472781748244,0.4,1,1,0,0.0,0.0,0.0,0.0,401,0
20010,r0021,0,7151.316301857785,7597.651304811273,0.06241298582158039,0.4,1,1,1,0.0,0.0,0.0,0.0,300,0
20010,r0002,0,2326.4402438824673,1710.8638557401848,-0.2646001287851612,0.4,1,1,0,0.0,0.0,0.0,0.0,97,0
20010,r0002,1,3136.6535706027444,3121.518479833649,-0.004825235056540589,0.4,1,1,0,0.0,0.0,0.0,0.0,131,0
20010,r0001,0,0.0,0.0,-0.04760853012085031,0.4,1,0,0,0.0,0.0,0.0,0.0,0,0
20010,r0001,1,4244.021357064514,5495.470131973136,0.2948733452590867,0.4,1,1,0,0.0,0.0,0.0,0.0,167,0
20010,r0006,0,4117.743282935691,3577.204428927582,-0.13127065406144978,0.4,1,1,0,0.0,0.0,0.0,0.0,169,0
20010,r0006,1,4885.748689387492,3644.55537159069,-0.2540436270274896,0.4,1,1,0,0.0,0.0,0.0,0.0,192,0
20010,r0009,0,5034.245266262493,5222.182896437515,0.03733183828656611,0.4,1,1,1,0.0,0.0,0.0,0.0,206,0
20010,r0012,0,434.634710306178,266.27195212310005,-0.387366112716757,0.4,1,1,1,0.0,0.0,0.0,0.0,17,0
20010,r0012,1,9759.784618285179,7987.61418828421,-0.18157884618486025,0.4,1,1,1,0.0,0.0,0.0,0.0,366,0
20010,r0013,0,0.0,0.0,-0.08069860854973382,0.4,1,0,0,0.0,0.0,0.0,0.0,0,0
20010,r0013,1,7437.94512509081,4567.687800384589,-0.38589385595543474,0.4,1,1,0,0.0,0.0,0.0,0.0,311,0
20011,r0004,0,2094.9912845948197,2503.338164380294,0.19491578928666065,0.4,1,1,1,0.0,0.0,0.0,0.0,96,0
20011,r0004,1,3843.586409692358,4814.137004034128,0.25251171455241284,0.4,1,1,0,0.0,0.0,0.0,0.0,168,0
20011,r0021,0,0.0,0.0,-0.02031434527309528,0.4,1,0,0,0.0,0.0,0.0,0.0,0,0
20011,r0021,1,8453.19415425063,8058.245840097394,-0.04672178432748286,0.4,1,1,0,0.0,0.0,0.0,0.0,393,0
20011,r0000,0,2258.061858778774,1567.7023407151528,-0.3057310035062492,0.4,1,1,1,0.0,0.0,0.0,0.0,96,0
20011,r0013,0,327.76853790532186,235.69245908625615,-0.2809179898946325,0.4,1,1,0,0.0,0.0,0.0,0.0,14,0
20011,r0013,1,9276.053522468059,6707.256377482107,-0.2769278054254346,0.4,1,1,0,0.0,0.0,0.0,0.0,377,0
20011,r0008,0,7781.245532213865,8289.490324245235,0.06531663728220216,0.4,1,1,1,0.0,0.0,0.0,0.0,333,0
20011,r0015,0,0.0,0.0,0.24915687985142776,0.4,1,0,0,0.0,0.0,0.0,0.0,0,0
20011,r0023,0,0.0,0.0,-0.051702276136140035,0.4,1,0,0,0.0,0.0,0.0,0.0,0,0
20011,r0005,0,4829.521158574313,3514.2301378282414,-0.2723439814340412,0.4,1,1,0,0.0,0.0,0.0,0.0,215,0
20012,r0015,0,0.0,0.0,-0.13815507572033797,0.4,1,0,0,0.0,0.0,0.0,0.0,0,0
20012,r0007,0,0.0,0.0,-0.228099159776429,0.4,1,0,0,0.0,0.0,0.0,0.0,0,0
20012,r0007,1,3461.0028403302094,3627.1640262816245,0.04800954914430583,0.4,1,1,0,0.0,0.0,0.0,0.0,287,0
20012,r0009,0,0.0,0.0,-0.23108165032376055,0.4,1,0,0,0.0,0.0,0.0,0.0,0,0
20012,r0005,0,6998.8198454006015,9713.057696467757,0.3878136473038185,0.4,1,0,0,0.0,0.0,0.0,0.0,0,0
20012,r0002,0,536.6961034960186,609.9039126361229,0.1364045847607822,0.4,1,1,1,45.15342442670882,0.0,45.15342442670882,5.732604416481723,8,2
20012,r0013,0,0.0,0.0,0.15472578308272378,0.4,1,0,0,0.0,0.0,0.0,0.0,0,0
20012,r0013,1,1359.0700731874022,1099.988113918972,-0.1906317888825335,0.4,1,1,0,0.0,0.0,0.0,0.0,56,0
20012,r0014,0,2117.5089228594225,1799.0871660980954,-0.15037563871576964,0.4,1,1,1,2794.8247839781734,2117.5089228594225,677.315861118751,126.89527707501517,30,28
20012,r0014,1,3986.2639370560064,4379.776334907369,0.0987170955222762,0.4,1,0,0,0.0,0.0,0.0,0.0,0,0
20012,r0010,0,0.0,0.0,0.13849690827527827,0.4,1,0,0,0.0,0.0,0.0,0.0,0,0
20013,r0006,0,3807.039471075053,4391.7988612779245,0.15359950813374257,0.4,1,1,1,0.0,0.0,0.0,0.0,140,0
20013,r0002,0,855.0714827460597,575.9336771789351,-0.3264496725708525,0.4,1,1,0,0.0,0.0,0.0,0.0,32,0
20013,r0017,0,2833.764312835081,2134.122341968109,-0.24689490502017258,0.4,1,1,1,0.0,0.0,0.0,0.0,105,0
20013,r0023,0,900.572266397623,1216.732666831986,0.35106610788608383,0.4,1,1,0,0.0,0.0,0.0,0.0,33,0
20013,r0016,0,1222.7791100842514,843.820128630332,-0.3099161396597695,0.4,1,1,0,0.0,0.0,0.0,0.0,40,0
20013,r0014,0,304.51575173239326,321.8486053469823,0.05691939913118543,0.4,1,1,1,0.0,0.0,0.0,0.0,11,0
20013,r0014,1,9424.254929499883,9059.764686657127,-0.03867576222941782,0.4,1,1,0,0.0,0.0,0.0,0.0,336,0
20013,r0007,0,0.0,0.0,-0.11664377001836412,0.4,1,0,0,0.0,0.0,0.0,0.0,0,0
20014,r0023,0,8033.333498555587,5931.057330416514,-0.26169412343170706,0.4,1,1,1,1233.1611351581885,1233.1611351581885,0.0,203.94604373135996,157,14
20014,r0011,0,1192.5081099565377,1358.319558352776,0.13904429413254182,0.4,1,1,1,497.01850250088285,331.20705410464507,165.81144839623778,49.33301430176915,23,14
20014,r0008,0,403.9129086801677,356.6304948103174,-0.11706091301798466,0.4,1,1,1,480.864902411224,403.9129086801677,76.95199373105635,30.398866212596857,7,14
20014,r0001,0,3369.025829460674,2420.470030603303,-0.28155195206954514,0.4,1,1,1,480.864902411224,480.864902411224,0.0,94.33232883724706,62,14
20014,r0019,0,4177.453947950184,4460.332864202068,0.06771562769487582,0.4,1,1,1,807.3983899378972,524.519473686014,282.8789162518832,117.40890039390241,82,14
20014,r0012,0,4760.991504192494,3357.4489897790495,-0.29480046607466015,0.4,1,1,1,1190.4694777783761,1190.4694777783761,0.0,127.79335759439732,91,14
20014,r0000,0,0.0,0.0,-0.3524926092337781,0.4,1,0,0,0.0,0.0,0.0,0.0,0,0
20014,r0022,0,0.0,0.0,-0.16531975156776532,0.4,1,0,0,0.0,0.0,0.0,0.0,0,0
20014,r0015,0,1028.6432234686072,1364.4522989477243,0.32645825862417266,0.4,1,1,1,1388.9279931656122,1028.6432234686072,360.284769697005,45.87152856827084,20,14
20014,r0015,1,3939.580890741534,3143.397757248922,-0.20209843523297952,0.4,1,1,0,0.0,0.0,0.0,0.0,207,0
20014,r0006,0,0.0,0.0,0.25759848953609965,0.4,1,0,0,0.0,0.0,0.0,0.0,0,0
20015,r0001,0,1818.1968261065635,1646.1647855019016,-0.09461684133122522,0.4,1,1,1,0.0,0.0,0.0,0.0,98,0
20015,r0001,1,4687.515015508019,4431.062241851758,-0.05470974979446924,0.4,1,1,0,0.0,0.0,0.0,0.0,221,0
20015,r0013,0,272.1733977671702,189.65996427636665,-0.3031649461987074,0.4,1,1,1,0.0,0.0,0.0,0.0,12,0
20015,r0010,0,6647.610621599477,7635.431599504744,0.14859789992747618,0.4,1,1,0,0.0,0.0,0.0,0.0,373,0
20015,r0008,0,3965.262641813024,3286.7528923540003,-0.1711134446188389,0.4,1,1,1,0.0,0.0,0.0,0.0,187,0
20015,r0008,1,4682.965557835727,3658.9445916772956,-0.21866933538407052,0.4,1,1,0,0.0,0.0,0.0,0.0,216,0
20015,r0016,0,668.6981966894527,534.1204602130357,-0.20125332645231542,0.4,1,1,0,0.0,0.0,0.0,0.0,36,0
20016,r0007,0,815.7664072119132,883.808771438469,0.08340912744753426,0.4,1,1,0,0.0,0.0,0.0,0.0,49,0
20016,r0002,0,0.0,0.0,0.33668650071755757,0.4,1,0,0,0.0,0.0,0.0,0.0,0,0
20016,r0002,1,7957.920413877615,5753.020581808658,-0.27706985209652113,0.4,1,1,0,0.0,0.0,0.0,0.0,373,0
20016,r0019,0,1911.2185840690254,1759.025726069736,-0.07963131965537273,0.4,1,1,0,0.0,0.0,0.0,0.0,100,0
20016,r0019,1,4634.78888843258,6357.706701732164,0.37173598512752315,0.4,1,0,0,0.0,0.0,0.0,0.0,0,0
20016,r0004,0,5898.270123165592,5739.372770440486,-0.026939653391090446,0.4,1,1,1,0.0,0.0,0.0,0.0,310,0
20016,r0023,0,0.0,0.0,0.33539835614029134,0.4,1,0,0,0.0,0.0,0.0,0.0,0,0
20017,r0020,0,4018.6741981259947,3621.029314069813,-0.09894927143922566,0.4,1,1,1,0.0,0.0,0.0,0.0,224,0
20017,r0010,0,460.56578680812527,335.45720808473726,-0.27164106042359826,0.4,1,1,1,0.0,0.0,0.0,0.0,26,0
20017,r0010,1,3019.34405333989,2954.427801465494,-0.021500117484984038,0.4,1,1,0,0.0,0.0,0.0,0.0,153,0
20017,r0012,0,542.781564780762,628.8257878193501,0.15852458635610223,0.4,1,1,0,0.0,0.0,0.0,0.0,26,0
20017,r0012,1,7265.01107459842,9590.593691951028,0.3201072363790106,0.4,1,0,0,0.0,0.0,0.0,0.0,0,0
20017,r0001,0,4032.874771248931,5452.413223764306,0.35199170146207204,0.4,1,1,0,0.0,0.0,0.0,0.0,172,0
20017,r0023,0,1812.633420149181,2083.880126238465,0.14964233974399543,0.4,1,1,0,0.0,0.0,0.0,0.0,77,0
20017,r0023,1,5424.587909869122,6948.871796991495,0.2809953331845163,0.4,1,1,0,0.0,0.0,0.0,0.0,232,0
20017,r0003,0,5519.964879315787,5110.518739656713,-0.07417549723791461,0.4,1,1,0,0.0,0.0,0.0,0.0,290,0
20017,r0004,0,14.905257969818194,13.512788609501214,-0.09342135259494366,0.4,1,1,1,0.0,0.0,0.0,0.0,0,0
20018,r0017,0,5358.803136574814,4742.873107804904,-0.11493798392519289,0.4,1,1,0,0.0,0.0,0.0,0.0,269,0
20018,r0021,0,0.0,0.0,-0.37441509468354034,0.4,1,0,0,0.0,0.0,0.0,0.0,0,0
20018,r0002,0,3383.575586359839,2052.8320774643735,-0.39329504393520065,0.4,1,1,0,0.0,0.0,0.0,0.0,163,0
20018,r0002,1,3545.745451406852,4718.52328094381,0.3307563516923171,0.4,1,1,0,0.0,0.0,0.0,0.0,158,0
20018,r0014,0,0.0,0.0,0.12125337103952505,0.4,1,0,0,0.0,0.0,0.0,0.0,0,0
20018,r0010,0,370.2979050012691,357.2888991323795,-0.035131189491458215,0.4,1,1,0,0.0,0.0,0.0,0.0,16,0
20018,r0010,1,5633.778606587737,5849.006921246269,0.03820319002362965,0.4,1,1,0,0.0,0.0,0.0,0.0,273,0
20018,r0006,0,0.0,0.0,-0.06797340936771634,0.4,1,0,0,0.0,0.0,0.0,0.0,0,0
20018,r0006,1,2383.082291825096,1546.8031842169014,-0.35092330234543684,0.4,1,1,0,0.0,0.0,0.0,0.0,120,0
20019,r0023,0,1739.7133880063993,1121.6524391014289,-0.35526596114388065,0.4,1,1,1,0.0,0.0,0.0,0.0,61,0
20019,r0023,1,3992.4882237872043,5075.661198340365,0.2713027349960928,0.4,1,1,0,0.0,0.0,0.0,0.0,131,0
20019,r0005,0,0.0,0.0,-0.38229934602985394,0.4,1,0,0,0.0,0.0,0.0,0.0,0,0
20019,r0022,0,6048.295228409632,4987.269932706811,-0.17542551341062948,0.4,1,1,1,0.0,0.0,0.0,0.0,203,0
20019,r0022,1,3660.0939083277917,2279.9592205211834,-0.37707630524626573,0.4,1,1,0,0.0,0.0,0.0,0.0,115,0
20019,r0009,0,97.65218666675719,113.5737874484654,0.16304397602525234,0.4,1,1,0,0.0,0.0,0.0,0.0,3,0
20019,r0009,1,6065.388589952472,3994.720031030824,-0.3413909147308027,0.4,1,1,0,0.0,0.0,0.0,0.0,194,0
20019,r0009,2,6635.9955331276215,5914.580609739244,-0.10871238833525343,0.4,1,1,0,0.0,0.0,0.0,0.0,208,0
20019,r0003,0,0.0,0.0,-0.23651098264115095,0.4,1,0,0,0.0,0.0,0.0,0.0,0,0
20020,r0008,0,1414.9534947296079,1957.7745601584606,0.38363173591976163,0.4,1,1,0,0.0,0.0,0.0,0.0,73,0
20020,r0008,1,6043.524363837851,5048.825845087647,-0.16458914680680384,0.4,1,1,0,0.0,0.0,0.0,0.0,270,0
20020,r0007,0,320.2043142715265,389.27268120531414,0.21570092548852748,0.4,1,1,1,0.0,0.0,0.0,0.0,15,0
20020,r0007,1,6462.179623124706,5105.78407034102,-0.20989753177548132,0.4,1,1,0,0.0,0.0,0.0,0.0,329,0
20020,r0017,0,2845.4237563763018,3904.942502754725,0.3723588600833708,0.4,1,1,0,0.0,0.0,0.0,0.0,137,0
20020,r0017,1,3215.862023995396,4177.124914434821,0.29891297675922945,0.4,1,1,0,0.0,0.0,0.0,0.0,135,0
20020,r0013,0,2089.228975940947,2208.1391054530427,0.05691579567459393,0.4,1,1,0,0.0,0.0,0.0,0.0,100,0
20020,r0011,0,7380.298885797871,4792.8627957918625,-0.3505868976370441,0.4,1,1,1,0.0,0.0,0.0,0.0,320,0
20020,r0004,0,157.2229262688743,147.02454709303902,-0.06486572548837144,0.4,1,1,0,0.0,0.0,0.0,0.0,7,0
20021,r0007,0,8131.69214896451,6962.370530740627,-0.14379806770879588,0.4,1,1,0,0.0,0.0,0.0,0.0,374,0
20021,r0021,0,3998.7683820425664,2875.437130428682,-0.2809193092199273,0.4,1,1,1,0.0,0.0,0.0,0.0,173,0
20021,r0002,0,2567.5339402354475,2294.5479815065623,-0.10632223958209946,0.4,1,1,0,0.0,0.0,0.0,0.0,118,0
20021,r0002,1,6038.2929540987825,7247.088559078796,0.20018830059569814,0.4,1,1,0,0.0,0.0,0.0,0.0,243,0
20021,r0017,0,4089.1003994069324,4320.215985399312,0.0565199098623011,0.4,1,1,0,0.0,0.0,0.0,0.0,164,0
20021,r0022,0,0.0,0.0,0.13648549036873103,0.4,1,0,0,0.0,0.0,0.0,0.0,0,0
20021,r0022,1,1580.0032479926886,1110.7471259414863,-0.2969969350679296,0.4,1,1,1,283.21244869789086,283.21244869789086,0.0,36.70341809364215,119,3
20021,r0004,0,2116.5917717734264,1649.282101418458,-0.22078403430786475,0.4,1,1,0,0.0,0.0,0.0,0.0,83,0
20021,r0000,0,4664.648877699801,4652.83796635633,-0.0025320043701328454,0.4,1,1,0,0.0,0.0,0.0,0.0,199,0
20022,r0023,0,5106.43918213188,4513.315538512101,-0.11615210178066926,0.4,1,1,1,100.10419503844876,100.10419503844876,0.0,40.88026382746426,74,2
20022,r0001,0,4461.0792389285625,4405.456800173041,-0.01246838170237946,0.4,1,1,1,101.26166600674163,101.26166600674163,0.0,38.951145546976164,64,2
20022,r0019,0,401.57970715215197,540.9140999523502,0.34696572142129356,0.4,1,1,1,0.0,0.0,0.0,0.0,5,0
20022,r0022,0,0.0,0.0,0.04204092166261564,0.4,1,0,0,0.0,0.0,0.0,0.0,0,0
20022,r0007,0,5423.0181716734005,6851.196958519827,0.26335496980378514,0.4,1,1,1,343.44835586964183,0.0,343.44835586964183,160.92911242246302,75,21
20022,r0002,0,0.0,0.0,-0.11402344481899046,0.4,1,0,0,0.0,0.0,0.0,0.0,0,0
20022,r0009,0,3803.9635511923843,4002.4056111780774,0.052167182286352254,0.4,1,1,1,101.06875417869283,0.0,101.06875417869283,37.5108537373618,58,2
20022,r0013,0,3131.938108520182,2457.136440209656,-0.21545817475600285,0.4,1,1,1,353.01160161043805,353.01160161043805,0.0,32.64675105851611,44,2
20022,r0006,0,0.0,0.0,0.0944034685502082,0.4,1,0,0,0.0,0.0,0.0,0.0,0,0
20022,r0006,1,3878.509290001406,5269.261603412804,0.3585790852678076,0.4,1,0,0,0.0,0.0,0.0,0.0,0,0
20023,r0017,0,7739.176092322012,7949.359411642363,0.02715835856595533,0.4,1,1,1,2014.1795311130772,1803.9962117927262,210.18331932035107,244.07389755064364,123,15
20023,r0001,0,0.0,0.0,-0.23134705911809927,0.4,1,0,0,0.0,0.0,0.0,0.0,0,0
20023,r0003,0,5376.396540395694,7474.877687155992,0.390313685196638,0.4,1,0,0,0.0,0.0,0.0,0.0,0,0
20023,r0023,0,2567.7003105963304,2155.9805600811396,-0.16034571823515176,0.4,1,1,1,1957.3160340763568,1957.3160340763568,0.0,88.15785728866763,38,15
20023,r0023,1,5808.613528496455,7225.219557964226,0.24388023450313034,0.4,1,1,0,0.0,0.0,0.0,0.0,255,0
20023,r0000,0,0.0,0.0,0.030735365137256665,0.4,1,0,0,0.0,0.0,0.0,0.0,0,0
20023,r0000,1,666.2800967045769,931.1530197148112,0.39753989999145467,0.4,1,1,0,0.0,0.0,0.0,0.0,17,0
20023,r0007,0,0.0,0.0,0.2897494169333178,0.4,1,0,0,0.0,0.0,0.0,0.0,0,0
20023,r0007,1,3577.6225214528968,4465.308135497843,0.24812165305926448,0.4,1,0,0,0.0,0.0,0.0,0.0,0,0
20023,r0015,0,1018.4037034285138,788.4739447017408,-0.22577466868266624,0.4,1,1,1,1803.234300170404,1018.4037034285138,784.8305967418901,45.96881110013294,15,15
20023,r0015,1,3969.437308519049,5268.284324345883,0.3272118728363085,0.4,1,1,0,0.0,0.0,0.0,0.0,174,0
20023,r0015,2,4466.771425019368,6222.4640928109675,0.3930563041479088,0.4,1,0,0,0.0,0.0,0.0,0.0,0,0
20023,r0005,0,0.0,0.0,-0.060561141853539,0.4,1,0,0,0.0,0.0,0.0,0.0,0,0
20023,r0005,1,5895.439994287099,6546.171708133553,0.11037882066089,0.4,1,1,0,0.0,0.0,0.0,0.0,235,0
20024,r0014,0,4211.097448547718,3375.6435822398957,-0.1983933823701813,0.4,1,1,1,0.0,0.0,0.0,0.0,132,0
20024,r0014,1,5586.519937871796,4973.068273569561,-0.10980926786702411,0.4,1,1,0,0.0,0.0,0.0,0.0,164,0
20024,r0014,2,3083.6414792132273,3949.144727578037,0.28067570571973144,0.4,1,1,0,0.0,0.0,0.0,0.0,89,0
20024,r0019,0,1934.6825488699615,1390.2226449033385,-0.2814207965459963,0.4,1,1,0,0.0,0.0,0.0,0.0,54,0
20024,r0005,0,1311.8388183888128,1721.291116581784,0.3121208889792243,0.4,1,1,0,0.0,0.0,0.0,0.0,39,0
20024,r0003,0,2806.206304334537,2881.6884121535477,0.026898274621655283,0.4,1,1,1,0.0,0.0,0.0,0.0,78,0
20024,r0020,0,1595.8875058559388,1065.422400705544,-0.33239504865092906,0.4,1,1,1,0.0,0.0,0.0,0.0,44,0
20024,r0022,0,2877.0068135117726,2140.559017218089,-0.2559770775776336,0.4,1,1,0,0.0,0.0,0.0,0.0,87,0
20024,r0012,0,3448.0931775567224,4139.3808954871865,0.20048405954629755,0.4,1,1,0,0.0,0.0,0.0,0.0,101,0
20024,r0012,1,9174.468245358581,6346.733253024535,-0.3082178625191291,0.4,1,1,0,0.0,0.0,0.0,0.0,251,0
20024,r0015,0,0.0,0.0,-0.31770911474544294,0.4,1,0,0,0.0,0.0,0.0,0.0,0,0
20024,r0009,0,5716.545911232304,4382.126565172759,-0.23343105553260346,0.4,1,1,1,0.0,0.0,0.0,0.0,159,0
20024,r0009,1,6228.191618506709,5159.6257886774465,-0.17156919621003333,0.4,1,1,0,0.0,0.0,0.0,0.0,170,0
20025,r0005,0,4523.854884685781,2836.851023001506,-0.3729129038588628,0.4,1,1,1,893.9800737865082,893.9800737865082,0.0,185.41360331434402,55,23
20025,r0021,0,8421.39080870352,6051.1329471202425,-0.2814568181699409,0.4,1,1,1,499.3891650804527,499.3891650804527,0.0,291.4864282353267,105,23
20025,r0012,0,3817.1391318110764,3123.0694380473924,-0.18182981279866947,0.4,1,1,1,1950.4654099994955,1950.4654099994955,0.0,164.19903833014752,45,23
20025,r0020,0,322.3500028339404,241.1966502417387,-0.2517553959321915,0.4,1,1,1,2048.0524089267997,322.3500028339404,1725.7024060928593,64.6999348897413,3,23
20025,r0020,1,6172.519376041411,8189.438858982354,0.326757902254564,0.4,1,1,0,0.0,0.0,0.0,0.0,214,0
20025,r0000,0,0.0,0.0,-0.27328861985916175,0.4,1,0,0,0.0,0.0,0.0,0.0,0,0
20025,r0013,0,0.0,0.0,-0.12710283115635707,0.4,1,0,0,0.0,0.0,0.0,0.0,0,0
20025,r0013,1,0.0,0.0,-0.07560832622533109,0.4,1,0,0,0.0,0.0,0.0,0.0,0,0
20025,r0003,0,0.0,0.0,0.3995335348682142,0.4,1,0,0,0.0,0.0,0.0,0.0,0,0
20025,r0008,0,0.0,0.0,-0.06599246605160536,0.4,1,0,0,0.0,0.0,0.0,0.0,0,0
20025,r0008,1,690.6549531881174,821.6690904684971,0.18969550088015452,0.4,1,1,0,0.0,0.0,0.0,0.0,7,0
20026,r0000,0,0.0,0.0,-0.022963424195499016,0.4,1,0,0,0.0,0.0,0.0,0.0,0,0
20026,r0021,0,3152.6110733033966,2009.7608667224215,-0.36250910118876906,0.4,1,1,0,0.0,0.0,0.0,0.0,151,0
20026,r0004,0,5493.548493459339,4967.130952614151,-0.09582468262033983,0.4,1,1,0,0.0,0.0,0.0,0.0,263,0
20026,r0005,0,5961.047343594844,7938.811813753959,0.3317813726616724,0.4,1,0,0,0.0,0.0,0.0,0.0,0,0
20026,r0019,0,3351.8648678594654,3678.7536740637283,0.09752445850032643,0.4,1,1,1,0.0,0.0,0.0,0.0,164,0
20026,r0019,1,6108.235740721564,8023.815249832109,0.3136060215128923,0.4,1,1,0,0.0,0.0,0.0,0.0,260,0
20026,r0003,0,6092.657774895619,3954.788606958052,-0.3508927051091744,0.4,1,1,1,0.0,0.0,0.0,0.0,357,0
20027,r0003,0,2187.924196110328,1601.1130323184293,-0.26820452227509817,0.4,1,1,1,0.0,0.0,0.0,0.0,73,0
20027,r0005,0,1652.5777709675876,1928.930366995709,0.16722516839029988,0.4,1,1,0,0.0,0.0,0.0,0.0,51,0
20027,r0005,1,5495.712781334332,5940.437724194596,0.08092215888187049,0.4,1,1,0,0.0,0.0,0.0,0.0,162,0
20027,r0017,0,2329.169309036257,3110.197528838698,0.3353247944545552,0.4,1,1,0,0.0,0.0,0.0,0.0,72,0
20027,r0017,1,9374.463594226158,6595.698129919865,-0.29641860959572847,0.4,1,1,0,0.0,0.0,0.0,0.0,276,0
20027,r0021,0,0.0,0.0,-0.10136320137390431,0.4,1,0,0,0.0,0.0,0.0,0.0,0,0
20027,r0021,1,2425.769250442845,2906.996100314823,0.1983811319993134,0.4,1,1,0,0.0,0.0,0.0,0.0,73,0
20027,r0011,0,2101.740511393611,1313.7461793379396,-0.3749246530596551,0.4,1,1,1,0.0,0.0,0.0,0.0,68,0
20027,r0011,1,6545.91749404429,4599.5930203521175,-0.297334098002764,0.4,1,1,0,0.0,0.0,0.0,0.0,203,0
20027,r0001,0,0.0,0.0,-0.19009365316258764,0.4,1,0,0,0.0,0.0,0.0,0.0,0,0
20027,r0001,1,8166.366805531063,10983.747436130943,0.3449980508702688,0.4,1,1,1,0.0,0.0,0.0,0.0,222,0
20027,r0010,0,0.0,0.0,0.28605515270952875,0.4,1,0,0,0.0,0.0,0.0,0.0,0,0
20027,r0014,0,640.5509370646905,592.3100535430164,-0.07531154937144713,0.4,1,1,0,0.0,0.0,0.0,0.0,19,0
20027,r0014,1,3837.4139861681324,4324.34843826444,0.12689130071747567,0.4,1,1,0,0.0,0.0,0.0,0.0,104,0
20027,r0014,2,7212.5007819122475,6286.1810216753065,-0.12843253515618275,0.4,1,1,0,0.0,0.0,0.0,0.0,215,0
20028,r0000,0,2106.1906289653743,2740.3008699032407,0.30106972855033587,0.4,1,1,1,0.0,0.0,0.0,0.0,94,0
20028,r0019,0,4142.728200291263,2759.83878903757,-0.3338112819364944,0.4,1,1,0,0.0,0.0,0.0,0.0,191,0
20028,r0014,0,139.57653326798754,165.79218204068948,0.18782275328738662,0.4,1,1,0,0.0,0.0,0.0,0.0,6,0
20028,r0010,0,2740.588242659367,2763.5763943153047,0.008388035567733099,0.4,1,1,0,0.0,0.0,0.0,0.0,121,0
20029,r0015,0,1584.363260017059,1635.356341480955,0.032185220871220666,0.4,1,1,1,0.0,0.0,0.0,0.0,40,0
20029,r0017,0,0.0,0.0,-0.3675464091840157,0.4,1,0,0,0.0,0.0,0.0,0.0,0,0
20029,r0000,0,375.7250130389166,467.8339058185068,0.24514974937282075,0.4,1,1,1,2356.4323367421125,375.7250130389166,1980.707323703196,42.42878042260103,9,19
20029,r0000,1,1655.173259616642,1843.967183788258,0.11406293756542607,0.4,1,1,0,0.0,0.0,0.0,0.0,66,0
20029,r0023,0,0.0,0.0,-0.34087352607005816,0.4,1,0,0,0.0,0.0,0.0,0.0,0,0
20029,r0023,1,3371.398906671777,4020.6678213431396,0.19258145732517806,0.4,1,1,0,0.0,0.0,0.0,0.0,138,0
20029,r0008,0,0.0,0.0,-0.28189616815322005,0.4,1,0,0,0.0,0.0,0.0,0.0,0,0
20029,r0008,1,1101.427900408351,736.3780399220547,-0.33143327888367025,0.4,1,1,0,0.0,0.0,0.0,0.0,44,0
20029,r0020,0,0.0,0.0,-0.2748729496143759,0.4,1,0,0,0.0,0.0,0.0,0.0,0,0
20029,r0005,0,0.0,0.0,-0.23654991260998567,0.4,1,0,0,0.0,0.0,0.0,0.0,0,0
20029,r0005,1,2814.5172054502546,2533.986315760844,-0.09967282813058248,0.4,1,1,0,0.0,0.0,0.0,0.0,111,0
20029,r0005,2,6735.90730729857,8364.436502196957,0.2417683499198131,0.4,1,0,0,0.0,0.0,0.0,0.0,0,0
20029,r0016,0,0.0,0.0,0.16732177854315133,0.4,1,0,0,0.0,0.0,0.0,0.0,0,0
20029,r0016,1,1371.5312428190991,1102.997254820113,-0.19579137508164282,0.4,1,1,0,0.0,0.0,0.0,0.0,55,0
20029,r0016,2,4420.507663393728,3461.4593451757746,-0.21695433901401026,0.4,1,1,0,0.0,0.0,0.0,0.0,173,0
20029,r0016,3,8107.017877925791,6944.453786093844,-0.143402186764314,0.4,1,1,0,0.0,0.0,0.0,0.0,323,0
20029,r0014,0,4713.829943259632,4261.305862962796,-0.09599923750832512,0.4,1,1,1,1899.6282810357454,1899.6282810357454,0.0,217.0372804802471,108,19
20029,r0014,1,4192.029516893934,5316.410983907683,0.2682188812083687,0.4,1,1,0,0.0,0.0,0.0,0.0,184,0
20029,r0012,0,0.0,0.0,-0.007967842595058117,0.4,1,0,0,0.0,0.0,0.0,0.0,0,0
20030,r0017,0,3241.8244806377193,4126.193585170575,0.27279981066676573,0.4,1,1,1,0.0,0.0,0.0,0.0,154,0
20030,r0005,0,0.0,0.0,0.3478752346209587,0.4,1,0,0,0.0,0.0,0.0,0.0,0,0
20030,r0005,1,5469.220984900607,6967.808753240196,0.27400387961592354,0.4,1,1,0,0.0,0.0,0.0,0.0,235,0
20030,r0006,0,1112.4702769154064,1330.3702632380507,0.19587038938858203,0.4,1,1,1,0.0,0.0,0.0,0.0,50,0
20030,r0009,0,5848.549602189054,4808.424740245387,-0.17784321459022234,0.4,1,1,0,0.0,0.0,0.0,0.0,262,0
20030,r0009,1,5023.791742452937,3666.0141143682836,-0.2702694892009395,0.4,1,1,0,0.0,0.0,0.0,0.0,204,0
20030,r0013,0,988.4445905430621,615.6320998535828,-0.3771708543466783,0.4,1,1,0,0.0,0.0,0.0,0.0,42,0
20031,r0011,0,0.0,0.0,-0.0051377431478106805,0.4,1,0,0,0.0,0.0,0.0,0.0,0,0
20031,r0000,0,4832.010232607692,4817.381075421782,-0.003027550953263347,0.4,1,1,0,0.0,0.0,0.0,0.0,346,0
20031,r0012,0,0.0,0.0,0.18324001068407625,0.4,1,0,0,0.0,0.0,0.0,0.0,0,0
20031,r0017,0,675.667335201113,480.63586507941955,-0.2886501388492344,0.4,1,1,1,0.0,0.0,0.0,0.0,44,0
20031,r0017,1,3646.0531714034296,2542.559125507547,-0.3026544029995944,0.4,1,1,0,0.0,0.0,0.0,0.0,262,0
20031,r0013,0,0.0,0.0,-0.03047849453603302,0.4,1,0,0,0.0,0.0,0.0,0.0,0,0
20032,r0015,0,4138.388897794848,5217.920450021916,0.2608579277801317,0.4,1,1,0,0.0,0.0,0.0,0.0,188,0
20032,r0006,0,0.0,0.0,0.24635356595200342,0.4,1,0,0,0.0,0.0,0.0,0.0,0,0
20032,r0020,0,465.90893666477496,418.6163124275108,-0.1015061539188537,0.4,1,1,0,0.0,0.0,0.0,0.0,21,0
20032,r0010,0,372.04133541947886,391.33029606499116,0.05184628375705602,0.4,1,1,1,499.22562523042274,372.04133541947886,127.18428981094388,84.64713834813973,16,28
20032,r0009,0,0.0,0.0,0.058444538198991425,0.4,1,0,0,0.0,0.0,0.0,0.0,0,0
20032,r0009,1,1929.8418873344272,2183.7797773380794,0.13158481618118523,0.4,1,1,0,0.0,0.0,0.0,0.0,115,0
20033,r0023,0,4296.476487837436,3735.7359302950704,-0.1305117249284904,0.4,1,1,1,629.2818181828646,629.2818181828646,0.0,140.07866903933046,72,13
20033,r0006,0,4763.887994826588,3451.5204835830264,-0.2754824447318546,0.4,1,1,1,2616.1749234058857,2616.1749234058857,0.0,269.9374729219714,79,28
20033,r0020,0,0.0,0.0,-0.011986460389046716,0.4,1,0,0,0.0,0.0,0.0,0.0,0,0
20033,r0000,0,722.7858088112189,781.2833161489012,0.08093339219525414,0.4,1,1,1,2578.6510965426232,722.7858088112189,1855.8652877314044,101.5022251345911,11,28
20033,r0000,1,3801.358783667969,2907.0681162769797,-0.23525552790049442,0.4,1,1,0,0.0,0.0,0.0,0.0,273,0
20033,r0021,0,0.0,0.0,0.3537071020996637,0.4,1,0,0,0.0,0.0,0.0,0.0,0,0
20033,r0013,0,0.0,0.0,0.14333248608796478,0.4,1,0,0,0.0,0.0,0.0,0.0,0,0
20033,r0013,1,0.0,0.0,0.3730138759075946,0.4,1,0,0,0.0,0.0,0.0,0.0,0,0
20033,r0022,0,4488.781902940034,4337.920781506406,-0.03360847657464,0.4,1,1,1,707.0056830000615,707.0056830000615,0.0,143.12666373804407,74,13
20033,r0017,0,2952.4764716959035,2997.810384031559,0.015354538053140132,0.4,1,1,1,676.5257360129254,631.191823677269,45.333912335656464,105.02673000412396,49,13
20033,r0014,0,1638.2893297307091,1581.8641605612163,-0.03444151661463091,0.4,1,1,1,2770.960709216841,1638.2893297307091,1132.671379486132,146.85565145659484,28,28
20033,r0014,1,4645.966708862223,5646.3601286514595,0.2153251373672087,0.4,1,1,0,0.0,0.0,0.0,0.0,321,0
20033,r0004,0,0.0,0.0,-0.05252373901347146,0.4,1,0,0,0.0,0.0,0.0,0.0,0,0
20034,r0015,0,0.0,0.0,-0.22454273280771897,0.4,1,0,0,0.0,0.0,0.0,0.0,0,0
20034,r0015,1,401.44458712810774,462.3327573577852,0.15167266462668005,0.4,1,1,0,0.0,0.0,0.0,0.0,39,0
20034,r0010,0,0.0,0.0,-0.02321761279477874,0.4,1,0,0,0.0,0.0,0.0,0.0,0,0
20034,r0004,0,6302.454782178171,8633.148481255666,0.3698072861495393,0.4,1,0,0,0.0,0.0,0.0,0.0,0,0
20034,r0022,0,0.0,0.0,0.06090084007304969,0.4,1,0,0,0.0,0.0,0.0,0.0,0,0
20034,r0007,0,0.0,0.0,-0.17398216426955226,0.4,1,0,0,0.0,0.0,0.0,0.0,0,0
20034,r0007,1,3566.292633608351,4391.635656296053,0.2314288555318651,0.4,1,1,0,0.0,0.0,0.0,0.0,321,0
20034,r0008,0,0.0,0.0,0.15627157946664916,0.4,1,0,0,0.0,0.0,0.0,0.0,0,0
20034,r0008,1,431.82637246037484,325.07024958869687,-0.2472200163770083,0.4,1,1,0,0.0,0.0,0.0,0.0,32,0
20034,r0020,0,766.957362962974,469.42858856358305,-0.387933917538718,0.4,1,1,0,0.0,0.0,0.0,0.0,22,0
20034,r0013,0,3598.9801407363775,4683.950664900582,0.3014661047677276,0.4,1,1,1,64.35876429772523,0.0,64.35876429772523,95.51584940533566,105,5
20034,r0005,0,0.0,0.0,-0.22875290791809402,0.4,1,0,0,0.0,0.0,0.0,0.0,0,0
20034,r0023,0,0.0,0.0,-0.0790202751063428,0.4,1,0,0,0.0,0.0,0.0,0.0,0,0
20034,r0023,1,0.0,0.0,-0.02308575927807538,0.4,1,0,0,0.0,0.0,0.0,0.0,0,0
20035,r0021,0,3388.589252305891,4537.96593593378,0.33919032318412545,0.4,1,1,1,458.3530740475365,0.0,458.3530740475365,85.90078748413956,38,11
20035,r0008,0,2014.9116666180125,2461.0977134702766,0.22144198886950628,0.4,1,1,1,2070.796114247397,1624.6100673951323,446.18604685226455,96.27143511480449,22,28
20035,r0002,0,0.0,0.0,0.05825948211359783,0.4,1,0,0,0.0,0.0,0.0,0.0,0,0
20035,r0013,0,0.0,0.0,-0.34491242734939354,0.4,1,0,0,0.0,0.0,0.0,0.0,0,0
20035,r0010,0,5495.133543004085,6420.493997873091,0.16839635427006006,0.4,1,1,1,1380.6375547571158,455.27709988810966,925.3604548690062,139.74388920444886,88,18
20035,r0010,1,2334.9693742816708,1937.4109783731433,-0.1702627881493445,0.4,1,1,0,0.0,0.0,0.0,0.0,164,0
20035,r0018,0,0.0,0.0,-0.12473510255625037,0.4,1,0,0,0.0,0.0,0.0,0.0,0,0
20035,r0009,0,0.0,0.0,0.06674887573219329,0.4,1,0,0,0.0,0.0,0.0,0.0,0,0
20035,r0012,0,3093.928281424778,2067.143953384246,-0.3318707593207979,0.4,1,1,1,254.15704339009514,254.15704339009514,0.0,92.36838041844877,50,18
20035,r0007,0,43.76748450874584,43.943226947733265,0.004015365309658292,0.4,1,1,1,1999.9537255112002,43.76748450874584,1956.1862410024544,0.0,0,28
20036,r0018,0,3467.536088511255,2570.3943691322193,-0.25872599346592895,0.4,1,1,1,0.0,0.0,0.0,0.0,143,0
20036,r0018,1,4854.61916484687,4787.568437649815,-0.013811737835705162,0.4,1,1,0,0.0,0.0,0.0,0.0,214,0
20036,r0002,0,804.5613644066398,500.25528403492666,-0.37822606681609355,0.4,1,1,1,0.0,0.0,0.0,0.0,41,0
20036,r0002,1,9147.975475237112,7688.333377477527,-0.15955903048830056,0.4,1,1,0,0.0,0.0,0.0,0.0,369,0
20036,r0015,0,1114.323566387051,923.0226204216666,-0.17167450436827397,0.4,1,1,1,0.0,0.0,0.0,0.0,49,0
20036,r0015,1,4905.468140271812,4064.570446355954,-0.1714204781012529,0.4,1,1,0,0.0,0.0,0.0,0.0,225,0
20036,r0005,0,367.7485757880713,402.8181829865539,0.09536299936262072,0.4,1,1,1,0.0,0.0,0.0,0.0,16,0
20036,r0005,1,3938.660382252747,3783.576231322534,-0.039374847252382605,0.4,1,1,0,0.0,0.0,0.0,0.0,179,0
20036,r0010,0,0.0,0.0,0.2417106216185807,0.4,1,0,0,0.0,0.0,0.0,0.0,0,0
20037,r0007,0,2957.6592102367454,2376.685184920624,-0.19643034711548718,0.4,1,1,1,0.0,0.0,0.0,0.0,126,0
20037,r0002,0,0.0,0.0,-0.0894315203246207,0.4,1,0,0,0.0,0.0,0.0,0.0,0,0
20037,r0023,0,1158.5836783704372,1309.5099848188713,0.1302679377122884,0.4,1,1,0,0.0,0.0,0.0,0.0,42,0
20037,r0011,0,1293.352582269492,1540.3498238358493,0.19097440632386775,0.4,1,1,1,0.0,0.0,0.0,0.0,55,0
20037,r0013,0,2679.9016080690544,1972.3081310193963,-0.2640371105114935,0.4,1,1,1,0.0,0.0,0.0,0.0,111,0
20038,r0015,0,7441.971044856329,9059.50157373475,0.21735243514504266,0.4,1,1,1,2152.5793782797723,535.0488494013516,1617.5305288784207,237.09746484300132,117,13
20038,r0015,1,5230.935818657848,6728.88397664482,0.2863633219593419,0.4,1,1,0,0.0,0.0,0.0,0.0,202,0
20038,r0004,0,1511.852014709646,1396.4618195010721,-0.07632373677177312,0.4,1,1,1,371.91657575217073,371.91657575217073,0.0,70.76219813688319,22,13
20038,r0014,0,2791.5008256254005,3747.040180371899,0.34230308870943005,0.4,1,1,1,0.0,0.0,0.0,0.0,43,0
20038,r0002,0,0.0,0.0,0.32206666762350433,0.4,1,0,0,0.0,0.0,0.0,0.0,0,0
20038,r0002,1,607.6044818974406,542.1129619211779,-0.10778643332541638,0.4,1,1,0,0.0,0.0,0.0,0.0,20,0
20038,r0002,2,5511.867876446522,4811.776069014089,-0.1270153463627251,0.4,1,1,0,0.0,0.0,0.0,0.0,195,0
20038,r0002,3,3307.4791012395362,3677.395785457803,0.11184248574076672,0.4,1,1,0,0.0,0.0,0.0,0.0,112,0
20038,r0019,0,0.0,0.0,0.02187925614252323,0.4,1,0,0,0.0,0.0,0.0,0.0,0,0
20038,r0019,1,1352.4976674358622,1053.2175693824813,-0.22127956687775463,0.4,1,1,0,0.0,0.0,0.0,0.0,19,0
20038,r0018,0,0.0,0.0,0.1794344903339975,0.4,1,0,0,0.0,0.0,0.0,0.0,0,0
20038,r0018,1,0.0,0.0,-0.3438677516872806,0.4,1,0,0,0.0,0.0,0.0,0.0,0,0
20038,r0018,2,2215.4125334342243,1629.124848268548,-0.26464041180485776,0.4,1,1,0,0.0,0.0,0.0,0.0,76,0
20038,r0018,3,5739.569976146675,5813.400406010047,0.012863407915611524,0.4,1,1,0,0.0,0.0,0.0,0.0,221,0
20038,r0016,0,0.0,0.0,0.06975331425494025,0.4,1,0,0,0.0,0.0,0.0,0.0,0,0
20038,r0016,1,1761.8041518615937,2444.3431374333463,0.38740911403265466,0.4,1,0,0,0.0,0.0,0.0,0.0,0,0
20038,r0010,0,0.0,0.0,0.10562621832988306,0.4,1,0,0,0.0,0.0,0.0,0.0,0,0
20038,r0007,0,843.0910492600815,527.2322004963485,-0.37464381698861465,0.4,1,1,1,2250.629640759168,843.0910492600815,1407.5385914990866,47.89213491156883,12,13
20038,r0007,1,6659.259141394563,4917.586191955238,-0.2615415487607212,0.4,1,1,0,0.0,0.0,0.0,0.0,224,0
20038,r0023,0,0.0,0.0,-0.39185956824597695,0.4,1,0,0,0.0,0.0,0.0,0.0,0,0
20038,r0023,1,1035.7115138471854,918.8386112720658,-0.11284310448668394,0.4,1,1,0,0.0,0.0,0.0,0.0,37,0
20038,r0005,0,0.0,0.0,0.25070694863137344,0.4,1,0,0,0.0,0.0,0.0,0.0,0,0
20038,r0005,1,2075.685008801105,1646.0353292140908,-0.20699175345259918,0.4,1,1,0,0.0,0.0,0.0,0.0,90,0
20039,r0014,0,5084.899346475655,3747.9150909195982,-0.2629322951068286,0.4,1,1,0,0.0,0.0,0.0,0.0,253,0
20039,r0004,0,0.0,0.0,-0.1832827038489933,0.4,1,0,0,0.0,0.0,0.0,0.0,0,0
20039,r0009,0,0.0,0.0,-0.3679593443786489,0.4,1,0,0,0.0,0.0,0.0,0.0,0,0
20039,r0011,0,2618.2105950639907,2268.23374774965,-0.13367024332348915,0.4,1,1,1,0.0,0.0,0.0,0.0,132,0
20039,r0010,0,7629.890558484052,8264.82030867211,0.08321610189834872,0.4,1,1,0,0.0,0.0,0.0,0.0,368,0
20039,r0022,0,735.0613916407492,974.5140741569738,0.32575875326785453,0.4,1,1,1,0.0,0.0,0.0,0.0,34,0
20039,r0022,1,4665.922428974442,5588.348569502672,0.19769427258373384,0.4,1,1,0,0.0,0.0,0.0,0.0,203,0
20039,r0006,0,0.0,0.0,0.03894252292385508,0.4,1,0,0,0.0,0.0,0.0,0.0,0,0
20039,r0019,0,3906.2461200663456,2564.316473179378,-0.343534330823009,0.4,1,1,1,0.0,0.0,0.0,0.0,180,0
20039,r0012,0,0.0,0.0,-0.2511484874321456,0.4,1,0,0,0.0,0.0,0.0,0.0,0,0
20039,r0021,0,627.4987681785788,770.4569051800117,0.22782217950226913,0.4,1,1,1,0.0,0.0,0.0,0.0,28,0
20039,r0021,1,3221.677893904249,2541.988949917628,-0.2109735877918346,0.4,1,1,0,0.0,0.0,0.0,0.0,139,0
20040,r0012,0,233.67381863197807,218.37981859798887,-0.06545020800159174,0.4,1,1,1,306.65002484361867,233.67381863197807,72.9762062116406,86.32538251511889,10,28
20040,r0013,0,7191.265180414817,9043.417326037516,0.2575558123856946,0.4,1,0,0,0.0,0.0,0.0,0.0,0,0
20040,r0001,0,77.65775264944205,59.853963057640925,-0.22925965514569954,0.4,1,1,0,0.0,0.0,0.0,0.0,4,0
20040,r0023,0,1701.8183153754508,1456.5317924431856,-0.14413202673644437,0.4,1,1,0,0.0,0.0,0.0,0.0,77,0
20040,r0006,0,4806.371547846298,4470.535249042635,-0.06987314556531726,0.4,1,1,1,0.0,0.0,0.0,0.0,218,0
20040,r0016,0,5794.778436796045,4791.885341067959,-0.17306841092661154,0.4,1,1,1,0.0,0.0,0.0,0.0,267,0
20040,r0011,0,696.1231872302742,784.6244735681395,0.12713451866183778,0.4,1,1,1,0.0,0.0,0.0,0.0,30,0
20040,r0011,1,3293.0009687648926,4189.1379673822785,0.27213383995860174,0.4,1,1,0,0.0,0.0,0.0,0.0,157,0
20041,r0005,0,2153.541400838558,1561.3552602215134,-0.27498247323522823,0.4,1,1,1,0.0,0.0,0.0,0.0,82,0
20041,r0003,0,0.0,0.0,-0.07828806215744744,0.4,1,0,0,0.0,0.0,0.0,0.0,0,0
20041,r0003,1,7173.46224959371,7483.827619923732,0.04326577035344403,0.4,1,1,0,0.0,0.0,0.0,0.0,261,0
20041,r0012,0,119.33462254978804,76.95872023697673,-0.35510149030832605,0.4,1,1,1,0.0,0.0,0.0,0.0,4,0
20041,r0008,0,783.6559705285399,996.5676731941587,0.2716902705686268,0.4,1,1,1,0.0,0.0,0.0,0.0,30,0
20041,r0008,1,4246.246915082054,4234.889056493933,-0.0026747993734843045,0.4,1,1,0,0.0,0.0,0.0,0.0,158,0
20041,r0008,2,9014.150264335687,10998.341107859687,0.22011956594227333,0.4,1,0,0,0.0,0.0,0.0,0.0,0,0
20042,r0002,0,6078.262850157979,7484.948358418365,0.23142887086954855,0.4,1,1,0,0.0,0.0,0.0,0.0,221,0
20042,r0016,0,1036.959295265502,1039.787531197055,0.0027274319681263037,0.4,1,1,0,0.0,0.0,0.0,0.0,36,0
20042,r0017,0,0.0,0.0,0.34453914066740277,0.4,1,0,0,0.0,0.0,0.0,0.0,0,0
20042,r0018,0,29.81654810519467,22.741087250470045,-0.23729979841267845,0.4,1,1,0,0.0,0.0,0.0,0.0,0,0
20042,r0018,1,3265.0601732215328,4492.885532812305,0.37604984118234974,0.4,1,0,0,0.0,0.0,0.0,0.0,0,0
20042,r0023,0,0.0,0.0,-0.30832583445514433,0.4,1,0,0,0.0,0.0,0.0,0.0,0,0
20042,r0014,0,0.0,0.0,0.1631605063905257,0.4,1,0,0,0.0,0.0,0.0,0.0,0,0
20042,r0010,0,0.0,0.0,0.37412457692320455,0.4,1,0,0,0.0,0.0,0.0,0.0,0,0
20042,r0001,0,3792.3611705607836,4093.9510704540353,0.07952562699840504,0.4,1,1,1,0.0,0.0,0.0,0.0,124,0
20042,r0001,1,4067.790202610642,4112.588557915426,0.011012946359926001,0.4,1,1,0,0.0,0.0,0.0,0.0,138,0
20042,r0007,0,2096.4042818742782,1583.4201260480907,-0.24469715133741143,0.4,1,1,0,0.0,0.0,0.0,0.0,86,0
20043,r0014,0,2487.4037004959882,2540.7324061937115,0.021439505652857682,0.4,1,1,1,272.3632269673174,219.03452126959382,53.32870569772359,65.6216838417981,42,13
20043,r0002,0,6815.641036098283,4878.149547332141,-0.28427135151402977,0.4,1,1,1,236.3159835505602,236.3159835505602,0.0,143.0172358836592,115,13
20043,r0023,0,4374.239493635523,4032.5181691805724,-0.07812131113354726,0.4,1,1,1,1649.0356923557306,1649.0356923557306,0.0,132.1430993516855,63,16
20043,r0023,1,2939.8465230172515,3609.5794543561738,0.22781220927531798,0.4,1,1,0,0.0,0.0,0.0,0.0,126,0
20043,r0003,0,0.0,0.0,-0.2391933310587815,0.4,1,0,0,0.0,0.0,0.0,0.0,0,0
20043,r0003,1,7082.307210099523,8420.102031717423,0.1888925150987767,0.4,1,1,0,0.0,0.0,0.0,0.0,289,0
20043,r0017,0,0.0,0.0,-0.21236884499310255,0.4,1,0,0,0.0,0.0,0.0,0.0,0,0
20043,r0010,0,2170.993695812045,1635.9368340278122,-0.2464571236740043,0.4,1,1,0,0.0,0.0,0.0,0.0,37,0
20043,r0005,0,0.0,0.0,0.33924445194713926,0.4,1,0,0,0.0,0.0,0.0,0.0,0,0
20043,r0005,1,3415.9685100041825,3967.3079362498725,0.16140061731570676,0.4,1,1,0,0.0,0.0,0.0,0.0,136,0
20043,r0005,2,5801.291207700633,8099.947200969792,0.3962317889193224,0.4,1,0,0,0.0,0.0,0.0,0.0,0,0
20043,r0004,0,2513.601661432149,3185.7915910021734,0.26742102373812005,0.4,1,1,1,1568.1901538035188,896.0002242334886,672.1899295700302,99.65630851887087,40,16
20043,r0004,1,8085.535268679472,9114.92705647176,0.1273127571132847,0.4,1,1,0,0.0,0.0,0.0,0.0,306,0
20043,r0016,0,0.0,0.0,-0.14177245343924633,0.4,1,0,0,0.0,0.0,0.0,0.0,0,0
20044,r0015,0,3293.3734784337694,4306.869331378753,0.307737904486609,0.4,1,1,1,1595.5580274052063,582.0621744602231,1013.4958529449832,119.73933810308075,29,15
20044,r0015,1,2080.195760557419,1710.9718321668338,-0.17749479899509366,0.4,1,1,0,0.0,0.0,0.0,0.0,67,0
20044,r0000,0,7934.929387152664,7094.193977178077,-0.10595373556011856,0.4,1,1,1,397.7326927543927,397.7326927543927,0.0,249.5806133511286,105,17
20044,r0013,0,3561.055719943437,2440.7469696488415,-0.3146001743304343,0.4,1,1,1,393.33638290965126,393.33638290965126,0.0,157.1652850564681,46,17
20044,r0021,0,4222.696410901932,5002.694408656646,0.18471562287569554,0.4,1,1,1,393.7994452099359,0.0,393.7994452099359,77.43107625523639,55,10
20044,r0009,0,0.0,0.0,0.2821735769864254,0.4,1,0,0,0.0,0.0,0.0,0.0,0,0
20044,r0009,1,4481.681011677072,2954.1684034372493,-0.34083474577058714,0.4,1,1,1,0.0,0.0,0.0,0.0,136,0
20044,r0009,2,3239.9701578969543,3207.65866564405,-0.0099727746486028,0.4,1,1,0,0.0,0.0,0.0,0.0,99,0
20044,r0008,0,1763.0820074385629,2178.6877819187794,0.2357268537292918,0.4,1,1,1,1769.6084339850959,1354.0026595048803,415.6057744802156,100.42902084310191,15,15
20044,r0008,1,3374.480231023692,3570.2199193006036,0.058005877905982495,0.4,1,1,0,0.0,0.0,0.0,0.0,112,0
20044,r0004,0,0.0,0.0,-0.15639417819045154,0.4,1,0,0,0.0,0.0,0.0,0.0,0,0
20044,r0004,1,1458.597583591516,1620.0935495008787,0.11072002842052553,0.4,1,1,0,0.0,0.0,0.0,0.0,45,0
20044,r0004,2,5982.352275177589,7239.350017032767,0.2101176400244441,0.4,1,1,0,0.0,0.0,0.0,0.0,199,0
20044,r0001,0,2611.67911184486,3648.6687689987302,0.39705860205059895,0.4,1,1,1,598.261902111679,0.0,598.261902111679,110.08417947309133,22,15
20044,r0002,0,1035.797402325421,1434.3669120162795,0.38479485350711273,0.4,1,1,1,645.3914806748297,246.82197098396864,398.5695096908611,101.62062494736143,13,17
20044,r0017,0,6654.736344640354,5968.057635950136,-0.10318646346421545,0.4,1,1,1,388.3914389030179,388.3914389030179,0.0,106.27377655879874,87,10
20044,r0020,0,7087.6596223042725,6342.898174497605,-0.10507861374479177,0.4,1,1,1,1573.9605316982127,1573.9605316982127,0.0,168.01513125302785,64,15
20044,r0020,1,6309.690192499176,5150.066885824408,-0.18378450784371375,0.4,1,1,0,0.0,0.0,0.0,0.0,204,0
20044,r0020,2,4452.1428049170645,5221.272418790057,0.17275492893524114,0.4,1,1,0,0.0,0.0,0.0,0.0,146,0
20045,r0015,0,5168.078632444183,3748.739473191486,-0.2746357515426264,0.4,1,1,0,0.0,0.0,0.0,0.0,269,0
20045,r0010,0,1129.722745204108,1255.5554082974975,0.11138366791991527,0.4,1,1,1,0.0,0.0,0.0,0.0,60,0
20045,r0003,0,0.0,0.0,0.14255529474205964,0.4,1,0,0,0.0,0.0,0.0,0.0,0,0
20045,r0016,0,0.0,0.0,-0.18177607676798138,0.4,1,0,0,0.0,0.0,0.0,0.0,0,0
20045,r0016,1,5242.287789681282,5098.426551950201,-0.027442453276649903,0.4,1,1,0,0.0,0.0,0.0,0.0,277,0
20046,r0005,0,2131.4076637237968,1821.6776081930802,-0.14531713515075995,0.4,1,1,1,2734.238369793884,2131.4076637237968,602.8307060700872,87.36561541269177,18,15
20046,r0005,1,2850.019412006938,3645.643686902802,0.2791645107903311,0.4,1,1,0,0.0,0.0,0.0,0.0,110,0
20046,r0005,2,3518.8357264521574,4065.81268258023,0.15544259483791223,0.4,1,1,0,0.0,0.0,0.0,0.0,140,0
20046,r0017,0,0.0,0.0,-0.36957529225305585,0.4,1,0,0,0.0,0.0,0.0,0.0,0,0
20046,r0000,0,689.2740565281347,939.2196375708486,0.36262148368340874,0.4,1,1,1,1005.5928560543502,689.2740565281347,316.31879952621557,54.19695470938446,5,15
20046,r0001,0,0.0,0.0,0.282200162532401,0.4,1,0,0,0.0,0.0,0.0,0.0,0,0
20046,r0001,1,1125.1847112446121,1254.231404468443,0.11468934116700458,0.4,1,0,0,0.0,0.0,0.0,0.0,0,0
20046,r0013,0,0.0,0.0,-0.26845373415120566,0.4,1,0,0,0.0,0.0,0.0,0.0,0,0
20046,r0013,1,0.0,0.0,-0.012873757280495834,0.4,1,0,0,0.0,0.0,0.0,0.0,0,0
20046,r0013,2,7676.8278697202295,6228.835506192304,-0.18861857893665335,0.4,1,1,0,0.0,0.0,0.0,0.0,281,0
20046,r0013,3,3084.5480741367683,2233.4422406493827,-0.2759256179612546,0.4,1,1,0,0.0,0.0,0.0,0.0,107,0
20046,r0004,0,0.0,0.0,0.07222091037310852,0.4,1,0,0,0.0,0.0,0.0,0.0,0,0
20046,r0004,1,1100.286341618259,1373.9850532018731,0.24875225769054687,0.4,1,0,0,0.0,0.0,0.0,0.0,0,0
20046,r0016,0,0.0,0.0,0.15451915630517477,0.4,1,0,0,0.0,0.0,0.0,0.0,0,0
20046,r0015,0,2550.348063426958,2407.2641941302036,-0.05610366339741474,0.4,1,1,1,575.2549433512597,575.2549433512597,0.0,94.79923455639621,21,15
20046,r0012,0,0.0,0.0,0.12785539298515536,0.4,1,0,0,0.0,0.0,0.0,0.0,0,0
20046,r0012,1,0.0,0.0,-0.38710114767292403,0.4,1,0,0,0.0,0.0,0.0,0.0,0,0
20046,r0022,0,0.0,0.0,0.049948667926665524,0.4,1,0,0,0.0,0.0,0.0,0.0,0,0
20046,r0022,1,0.0,0.0,0.11693052327818432,0.4,1,0,0,0.0,0.0,0.0,0.0,0,0
20046,r0022,2,2584.3846585423817,2265.81439957642,-0.12326735415061568,0.4,1,1,0,0.0,0.0,0.0,0.0,94,0
20046,r0022,3,3965.466118133161,4823.092998187915,0.21627391446695876,0.4,1,1,0,0.0,0.0,0.0,0.0,159,0
20046,r0014,0,0.0,0.0,-0.23750065549774357,0.4,1,0,0,0.0,0.0,0.0,0.0,0,0
20046,r0019,0,0.0,0.0,0.1403567573183564,0.4,1,0,0,0.0,0.0,0.0,0.0,0,0
20047,r0004,0,1182.2759459944473,950.8353380161316,-0.19575853569755602,0.4,1,1,1,0.0,0.0,0.0,0.0,57,0
20047,r0015,0,0.0,0.0,0.23787623092972987,0.4,1,0,0,0.0,0.0,0.0,0.0,0,0
20047,r0010,0,3533.084037252611,3320.460907211074,-0.060180603631176666,0.4,1,1,0,0.0,0.0,0.0,0.0,156,0
20047,r0010,1,3339.601739499314,3539.0521348391258,0.05972280855552359,0.4,1,1,0,0.0,0.0,0.0,0.0,145,0
20047,r0001,0,0.0,0.0,0.07573533893010981,0.4,1,0,0,0.0,0.0,0.0,0.0,0,0
20047,r0003,0,1034.3990270856484,1275.4208413798099,0.2330066134857306,0.4,1,1,0,0.0,0.0,0.0,0.0,48,0
20047,r0008,0,7474.0149430712445,8475.964232756818,0.13405770490389868,0.4,1,1,0,0.0,0.0,0.0,0.0,348,0
20047,r0023,0,4413.314646390154,3260.9821920880727,-0.26110362542236254,0.4,1,1,0,0.0,0.0,0.0,0.0,206,0
20047,r0023,1,3918.7875904129105,4033.72541894143,0.02932994602966188,0.4,1,1,0,0.0,0.0,0.0,0.0,179,0
20048,r0001,0,6531.275982714535,4245.32093877737,-0.3500012937727787,0.4,1,1,1,0.0,0.0,0.0,0.0,302,0
20048,r0003,0,3029.708723554413,2916.946462851423,-0.037218845437623105,0.4,1,1,0,0.0,0.0,0.0,0.0,139,0
20048,r0017,0,0.0,0.0,-0.28751790133279054,0.4,1,0,0,0.0,0.0,0.0,0.0,0,0
20048,r0004,0,577.7356031131312,518.1988449635355,-0.10305191133934194,0.4,1,1,0,0.0,0.0,0.0,0.0,27,0
20049,r0000,0,2416.936093215175,2039.6629905478194,-0.15609560539330636,0.4,1,1,0,0.0,0.0,0.0,0.0,98,0
20049,r0000,1,9579.926285056163,8199.24966660919,-0.14412184158459607,0.4,1,1,0,0.0,0.0,0.0,0.0,397,0
20049,r0009,0,2604.1098268584255,2634.3384528744896,0.011608045753020935,0.4,1,1,0,0.0,0.0,0.0,0.0,105,0
20049,r0009,1,5395.426656601463,3870.9232960198938,-0.28255473711542245,0.4,1,1,0,0.0,0.0,0.0,0.0,221,0
20049,r0020,0,0.0,0.0,0.05188191709602241,0.4,1,0,0,0.0,0.0,0.0,0.0,0,0
20049,r0014,0,2476.83096316129,2518.5588339216893,0.016847282427033317,0.4,1,1,0,0.0,0.0,0.0,0.0,102,0
20049,r0014,1,7154.218397673121,4333.418001245835,-0.3942849155045,0.4,1,1,0,0.0,0.0,0.0,0.0,269,0
20049,r0007,0,0.0,0.0,-0.0758238699542284,0.4,1,0,0,0.0,0.0,0.0,0.0,0,0
20049,r0007,1,4225.295318207478,4993.542669028448,0.1818209836151493,0.4,1,1,0,0.0,0.0,0.0,0.0,166,0
20049,r0007,2,5762.01635320636,3750.9415342195475,-0.3490227544855404,0.4,1,1,0,0.0,0.0,0.0,0.0,216,0
20049,r0006,0,171.56268155404177,166.24745804498923,-0.030981233569599254,0.4,1,1,0,0.0,0.0,0.0,0.0,6,0
20049,r0006,1,9511.079680468658,9875.331071429133,0.03829758588906351,0.4,1,1,0,0.0,0.0,0.0,0.0,360,0
20049,r0013,0,167.57256580505782,206.44090578743433,0.23194930384722523,0.4,1,1,1,0.0,0.0,0.0,0.0,6,0
20050,r0019,0,3513.5517697191463,3433.1913334914216,-0.022871567432219297,0.4,1,1,1,136.27545481194164,136.27545481194164,0.0,21.674640913126307,70,1
20050,r0019,1,5902.259155239779,5355.764164316161,-0.09259081591469298,0.4,1,1,0,0.0,0.0,0.0,0.0,313,0
20050,r0000,0,2214.572756942189,2641.89931107085,0.19296117176059746,0.4,1,1,1,137.1154607776921,0.0,137.1154607776921,18.554618754624528,44,1
20050,r0000,1,6350.599616493808,5037.391279389654,-0.20678493629065864,0.4,1,1,0,0.0,0.0,0.0,0.0,303,0
20050,r0009,0,2428.4982246642066,2447.6038054526325,0.00786724099461411,0.4,1,1,1,58.754904258397445,39.64932346997011,19.105580788427332,19.0346221636248,48,1
20050,r0012,0,0.0,0.0,-0.3543882730609418,0.4,1,0,0,0.0,0.0,0.0,0.0,0,0
20050,r0012,1,6222.937349625838,5525.52733863296,-0.11207087132812127,0.4,1,1,0,0.0,0.0,0.0,0.0,248,0
20050,r0012,2,3434.4452577427,4376.806795397297,0.2743853714162754,0.4,1,1,0,0.0,0.0,0.0,0.0,140,0
20050,r0003,0,0.0,0.0,0.16930912229658523,0.4,1,0,0,0.0,0.0,0.0,0.0,0,0
20050,r0003,1,6631.955654609406,4204.5668259426775,-0.3660140319212813,0.4,1,1,0,0.0,0.0,0.0,0.0,262,0
20050,r0020,0,0.0,0.0,0.28793711021881363,0.4,1,0,0,0.0,0.0,0.0,0.0,0,0
20050,r0018,0,755.5619850659823,909.7412596347094,0.20405906810579266,0.4,1,1,0,0.0,0.0,0.0,0.0,32,0
20050,r0021,0,0.0,0.0,-0.17644085073283647,0.4,1,0,0,0.0,0.0,0.0,0.0,0,0
20050,r0006,0,1528.3331027071,1332.8335851458512,-0.12791682468629711,0.4,1,1,0,0.0,0.0,0.0,0.0,65,0
20051,r0010,0,6393.418643407189,6398.486596777799,0.0007926828592454416,0.4,1,1,1,0.0,0.0,0.0,0.0,227,0
20051,r0004,0,0.0,0.0,-0.3129259087398789,0.4,1,0,0,0.0,0.0,0.0,0.0,0,0
20051,r0009,0,418.8186383666816,271.1743189326978,-0.3525256660252047,0.4,1,1,0,0.0,0.0,0.0,0.0,13,0
20051,r0001,0,0.0,0.0,-0.2601738349096111,0.4,1,0,0,0.0,0.0,0.0,0.0,0,0
20051,r0006,0,0.0,0.0,0.3813821369751845,0.4,1,0,0,0.0,0.0,0.0,0.0,0,0
20051,r0005,0,0.0,0.0,0.05689476056295051,0.4,1,0,0,0.0,0.0,0.0,0.0,0,0
20051,r0014,0,830.0255885583247,604.1565504914258,-0.2721229817254332,0.4,1,1,0,0.0,0.0,0.0,0.0,31,0
20051,r0012,0,592.8663244255804,413.4763723146783,-0.3025807753285877,0.4,1,1,0,0.0,0.0,0.0,0.0,20,0
20051,r0012,1,9722.37226297898,6960.575810467762,-0.2840661083332136,0.4,1,1,0,0.0,0.0,0.0,0.0,326,0
20051,r0017,0,434.32180467931175,280.02608720840703,-0.35525666869254097,0.4,1,1,0,0.0,0.0,0.0,0.0,14,0
20051,r0017,1,4182.475290273098,4059.7340982072105,-0.029346543266218106,0.4,1,1,0,0.0,0.0,0.0,0.0,141,0
20051,r0017,2,3619.9955979000842,2433.5604323573266,-0.32774491942227624,0.4,1,1,0,0.0,0.0,0.0,0.0,126,0
20051,r0000,0,722.160335442135,490.8289028859517,-0.32033250955904835,0.4,1,1,1,0.0,0.0,0.0,0.0,24,0
20051,r0000,1,8234.741262639545,5300.786870679555,-0.356289809040041,0.4,1,1,0,0.0,0.0,0.0,0.0,309,0
20052,r0011,0,8371.375831650104,9711.467837882734,0.1600802583926615,0.4,1,0,0,0.0,0.0,0.0,0.0,0,0
20052,r0023,0,7689.966959431087,7314.926537549717,-0.048770095354104925,0.4,1,1,1,0.0,0.0,0.0,0.0,372,0
20052,r0020,0,0.0,0.0,-0.25401873675450404,0.4,1,0,0,0.0,0.0,0.0,0.0,0,0
20052,r0020,1,4508.367541670086,5444.010301448118,0.2075347120947978,0.4,1,1,0,0.0,0.0,0.0,0.0,213,0
20052,r0017,0,2771.994134073746,2635.1605137694664,-0.049362882346070336,0.4,1,1,0,0.0,0.0,0.0,0.0,121,0
20052,r0017,1,3049.0490874762727,3440.734002612556,0.12846133463219678,0.4,1,1,0,0.0,0.0,0.0,0.0,152,0
20052,r0017,2,6427.858861836834,6804.796300580497,0.05864121270328393,0.4,1,1,0,0.0,0.0,0.0,0.0,303,0
20052,r0016,0,5218.967985277224,3974.662574086519,-0.23841982068119727,0.4,1,1,1,0.0,0.0,0.0,0.0,229,0
20052,r0015,0,6882.309895357714,9604.480597208703,0.39553155019758124,0.4,1,1,0,0.0,0.0,0.0,0.0,302,0
20052,r0022,0,2084.5735033907695,1268.8213491865044,-0.39132808359952853,0.4,1,1,1,0.0,0.0,0.0,0.0,97,0
20052,r0014,0,0.0,0.0,0.2959605448222151,0.4,1,0,0,0.0,0.0,0.0,0.0,0,0
20052,r0014,1,1779.926976522831,1652.124092780472,-0.07180231853782437,0.4,1,1,0,0.0,0.0,0.0,0.0,79,0
20052,r0004,0,200.35789868840948,187.07811814836685,-0.06628029454778295,0.4,1,1,1,0.0,0.0,0.0,0.0,8,0
20052,r0004,1,5232.901319045159,5684.820610152571,0.08636113382506377,0.4,1,1,0,0.0,0.0,0.0,0.0,254,0
20053,r0014,0,3957.7616254716904,4348.767733648367,0.09879475955808126,0.4,1,1,0,0.0,0.0,0.0,0.0,196,0
20053,r0006,0,986.9598815463069,877.8221523663658,-0.11057970158721231,0.4,1,1,0,0.0,0.0,0.0,0.0,48,0
20053,r0000,0,1596.319755215758,1386.5762706061323,-0.1313918993511905,0.4,1,1,0,0.0,0.0,0.0,0.0,71,0
20053,r0007,0,5344.546765938423,5638.03875761025,0.0549142901213428,0.4,1,1,1,0.0,0.0,0.0,0.0,265,0
20054,r0008,0,7761.387963479157,7174.994414117945,-0.07555266559543983,0.4,1,1,1,263.0215141122501,263.0215141122501,0.0,87.76873693535094,45,5
20054,r0003,0,363.66737040170847,238.16257127977119,-0.34510877064198575,0.4,1,1,1,163.72369010077512,163.72369010077512,0.0,48.89931858546553,2,3
20054,r0021,0,2011.427658740049,2283.9519083683667,0.13548796967375198,0.4,1,1,1,174.33246355599394,0.0,174.33246355599394,52.6435915696604,14,3
20054,r0002,0,1923.2482033252527,2568.3698529331127,0.33543338217732843,0.4,1,1,1,176.82864554545716,0.0,176.82864554545716,52.6435915696604,14,3
20054,r0015,0,0.0,0.0,0.33464861154351,0.4,1,0,0,0.0,0.0,0.0,0.0,0,0
20054,r0015,1,1397.7052996491766,1551.9858862759497,0.11038134195062255,0.4,1,1,0,0.0,0.0,0.0,0.0,62,0
20054,r0020,0,0.0,0.0,0.2551776553761389,0.4,1,0,0,0.0,0.0,0.0,0.0,0,0
20054,r0020,1,5675.2872103011,6323.602468228809,0.11423479269048531,0.4,1,1,0,0.0,0.0,0.0,0.0,231,0
20054,r0023,0,2951.497431485328,2512.03322565426,-0.1488953373779185,0.4,1,1,0,0.0,0.0,0.0,0.0,117,0
20054,r0013,0,1297.3856433898254,1714.4035347224055,0.3214294018569458,0.4,1,1,0,0.0,0.0,0.0,0.0,56,0
20054,r0013,1,4720.371300179606,6211.860186902158,0.3159685524453981,0.4,1,1,0,0.0,0.0,0.0,0.0,224,0
20054,r0000,0,1381.1757292593975,941.2031104055135,-0.31854934135702084,0.4,1,1,0,0.0,0.0,0.0,0.0,72,0
20054,r0000,1,6247.83358952502,5547.887971940394,-0.11203013133354561,0.4,1,1,0,0.0,0.0,0.0,0.0,294,0
20055,r0007,0,8842.89735788365,8905.783382615848,0.007111472878980507,0.4,1,1,0,0.0,0.0,0.0,0.0,327,0
20055,r0016,0,1148.9319337736215,1548.4465353273674,0.34772695388625496,0.4,1,1,0,0.0,0.0,0.0,0.0,35,0
20055,r0005,0,0.0,0.0,0.13811008891648435,0.4,1,0,0,0.0,0.0,0.0,0.0,0,0
20055,r0005,1,4821.51142540543,5218.160524779327,0.0822665476397878,0.4,1,1,0,0.0,0.0,0.0,0.0,181,0
20055,r0005,2,4978.916891767727,6910.061359607642,0.3878643708700823,0.4,1,1,0,0.0,0.0,0.0,0.0,168,0
20055,r0006,0,1543.53967047062,1812.7732396449499,0.17442607684468625,0.4,1,1,0,0.0,0.0,0.0,0.0,49,0
20055,r0010,0,0.0,0.0,-0.06658227129513533,0.4,1,0,0,0.0,0.0,0.0,0.0,0,0
20055,r0013,0,1743.6427568313738,1746.1890252849043,0.001460315447963434,0.4,1,1,0,0.0,0.0,0.0,0.0,57,0
20055,r0000,0,7325.359128475535,6629.832017606445,-0.09494785152108082,0.4,1,1,1,0.0,0.0,0.0,0.0,246,0
20055,r0017,0,4560.404038192726,5928.286074394224,0.29994755393287165,0.4,1,1,0,0.0,0.0,0.0,0.0,150,0
20055,r0008,0,5943.617853324889,4706.960976443258,-0.20806466825417438,0.4,1,1,1,0.0,0.0,0.0,0.0,187,0
20056,r0010,0,2822.429749717216,2370.5512396896897,-0.1601026597996995,0.4,1,1,0,0.0,0.0,0.0,0.0,135,0
20056,r0002,0,2492.8361684816487,3113.489539787469,0.24897479391269073,0.4,1,0,0,0.0,0.0,0.0,0.0,0,0
20056,r0017,0,3944.273729713941,2962.6197757173936,-0.24888078801461433,0.4,1,1,0,0.0,0.0,0.0,0.0,176,0
20056,r0019,0,2396.628208997552,3334.732238838918,0.39142659938637325,0.4,1,1,1,0.0,0.0,0.0,0.0,106,0
20056,r0020,0,490.8577854075138,586.057296561148,0.1939451995746564,0.4,1,1,0,0.0,0.0,0.0,0.0,21,0
20056,r0014,0,2049.4724794244357,1245.6880169442522,-0.39219090304931276,0.4,1,1,0,0.0,0.0,0.0,0.0,107,0
20056,r0001,0,1630.3494804199108,1314.3005569622403,-0.1938534818781734,0.4,1,1,0,0.0,0.0,0.0,0.0,82,0
20057,r0008,0,4093.726730883796,3039.099129563381,-0.2576204203773833,0.4,1,1,1,2920.034714233957,2920.034714233957,0.0,196.4430716473711,72,19
20057,r0005,0,432.9085245922706,425.01619505987526,-0.018230940450592148,0.4,1,1,1,1187.054962483985,432.9085245922706,754.1464378917144,42.76819598059328,7,19
20057,r0001,0,0.0,0.0,0.3043017533818133,0.4,1,0,0,0.0,0.0,0.0,0.0,0,0
20057,r0011,0,763.1078974825177,476.59939768818265,-0.37544952783154595,0.4,1,1,1,2979.1404356442563,763.1078974825177,2216.0325381617386,54.58934026265312,12,19
20057,r0011,1,6488.731709257441,8654.654547036063,0.3337975639659304,0.4,1,0,0,0.0,0.0,0.0,0.0,0,0
20057,r0014,0,0.0,0.0,0.20888299698653445,0.4,1,0,0,0.0,0.0,0.0,0.0,0,0
20057,r0014,1,1615.7708097123905,1272.9571119022614,-0.21216728000622212,0.4,1,1,0,0.0,0.0,0.0,0.0,68,0
20057,r0009,0,0.0,0.0,-0.39808238002774604,0.4,1,0,0,0.0,0.0,0.0,0.0,0,0
20057,r0013,0,0.0,0.0,-0.09025451545459501,0.4,1,0,0,0.0,0.0,0.0,0.0,0,0
20057,r0013,1,919.8611169165306,1195.6001506819564,0.2997615930214894,0.4,1,1,0,0.0,0.0,0.0,0.0,39,0
20057,r0007,0,0.0,0.0,-0.01955413583463983,0.4,1,0,0,0.0,0.0,0.0,0.0,0,0
20057,r0007,1,2619.1923889134923,2043.50362731155,-0.21979628683968225,0.4,1,1,0,0.0,0.0,0.0,0.0,117,0
20057,r0007,2,4786.396276577339,5731.471912478442,0.19745035331193028,0.4,1,1,0,0.0,0.0,0.0,0.0,202,0
20057,r0010,0,946.2096185458722,1044.6206399134444,0.10400551784583378,0.4,1,1,1,3135.1795401674453,946.2096185458722,2188.969921621573,61.68202683188901,15,19
20058,r0003,0,3302.3632925854404,2613.3327575855174,-0.20864770891408402,0.4,1,1,0,0.0,0.0,0.0,0.0,161,0
20058,r0013,0,0.0,0.0,0.3211589253354318,0.4,1,0,0,0.0,0.0,0.0,0.0,0,0
20058,r0007,0,0.0,0.0,0.15119424548377403,0.4,1,0,0,0.0,0.0,0.0,0.0,0,0
20058,r0006,0,0.0,0.0,0.3078927582216754,0.4,1,0,0,0.0,0.0,0.0,0.0,0,0
20058,r0005,0,0.0,0.0,-0.10010480611168665,0.4,1,0,0,0.0,0.0,0.0,0.0,0,0
20058,r0002,0,442.5877316116257,428.1665982622752,-0.032583671709194906,0.4,1,1,1,0.0,0.0,0.0,0.0,18,0
20058,r0002,1,8111.203052154786,9157.902330421573,0.12904365376338667,0.4,1,1,0,0.0,0.0,0.0,0.0,369,0
20058,r0009,0,3721.381966666371,3357.276731032875,-0.09784140378356898,0.4,1,1,0,0.0,0.0,0.0,0.0,156,0
20058,r0009,1,5620.642236529522,4639.747419482801,-0.1745165010987031,0.4,1,1,0,0.0,0.0,0.0,0.0,219,0
20058,r0017,0,4287.516496934042,2730.2021930421674,-0.36322059751968166,0.4,1,1,0,0.0,0.0,0.0,0.0,181,0
20058,r0011,0,0.0,0.0,0.3303101413734083,0.4,1,0,0,0.0,0.0,0.0,0.0,0,0
20058,r0020,0,0.0,0.0,-0.3579902859232269,0.4,1,0,0,0.0,0.0,0.0,0.0,0,0
20059,r0020,0,2559.477721254332,2209.0210695610826,-0.13692506435316804,0.4,1,1,0,0.0,0.0,0.0,0.0,110,0
20059,r0001,0,5298.087029770276,6719.879777221278,0.26835964367173704,0.4,1,1,1,0.0,0.0,0.0,0.0,230,0
20059,r0016,0,0.0,0.0,0.3397849688273905,0.4,1,0,0,0.0,0.0,0.0,0.0,0,0
20059,r0018,0,1110.3897697772409,1207.9221120668665,0.0878361319099617,0.4,1,1,1,731.1234029581911,633.5910606685666,97.53234228962458,236.22606804205947,48,28
20059,r0015,0,3877.2790468666753,3517.649948588107,-0.0927529574042893,0.4,1,1,1,0.0,0.0,0.0,0.0,168,0
20059,r0010,0,1423.9641141111606,1354.3446977589876,-0.04889127167058527,0.4,1,1,0,0.0,0.0,0.0,0.0,61,0
20059,r0019,0,0.0,0.0,0.032500293927157586,0.4,1,0,0,0.0,0.0,0.0,0.0,0,0
20059,r0019,1,1161.3926083279111,1303.0007869233636,0.12192963652431854,0.4,1,1,0,0.0,0.0,0.0,0.0,47,0
20059,r0004,0,0.0,0.0,0.3177130355060589,0.4,1,0,0,0.0,0.0,0.0,0.0,0,0
20059,r0004,1,0.0,0.0,0.22689365440397002,0.4,1,0,0,0.0,0.0,0.0,0.0,0,0
20059,r0004,2,1323.9215442761852,1140.8429151589226,-0.13828510451301357,0.4,1,1,0,0.0,0.0,0.0,0.0,73,0
20059,r0005,0,0.0,0.0,0.1499648630855389,0.4,1,0,0,0.0,0.0,0.0,0.0,0,0
20060,r0022,0,3518.0878496864525,3649.3798554799682,0.03731913795308345,0.4,1,1,0,0.0,0.0,0.0,0.0,70,0
20060,r0013,0,3036.0031741318962,3294.9765982274716,0.08530077514481682,0.4,1,1,1,1991.988734327222,1733.0153102316472,258.9734240955747,100.73682218411724,38,22
20060,r0013,1,6895.566716184239,5568.711697671895,-0.19242146050130282,0.4,1,1,0,0.0,0.0,0.0,0.0,354,0
20060,r0001,0,0.0,0.0,-0.17768941565461055,0.4,1,0,0,0.0,0.0,0.0,0.0,0,0
20060,r0015,0,0.0,0.0,-0.32185063457804575,0.4,1,0,0,0.0,0.0,0.0,0.0,0,0
20060,r0006,0,3030.0844351869237,2075.107424638278,-0.31516514835657833,0.4,1,1,1,821.6161882723675,821.6161882723675,0.0,130.39366753713824,58,23
20060,r0018,0,6440.213964023176,7546.107107744918,0.17171683268592752,0.4,1,1,1,1531.7219756790887,425.8288319573476,1105.8931437217411,120.35951075522232,39,15
20060,r0018,1,7073.505259765065,4609.906418733356,-0.34828543283129376,0.4,1,1,0,0.0,0.0,0.0,0.0,356,0
20060,r0005,0,1739.9781226745763,1190.7025357571895,-0.3156795937601087,0.4,1,1,1,1648.3526714805967,1648.3526714805967,0.0,82.35625032551746,10,15
20060,r0021,0,268.5149166209594,290.3547844337953,0.08133577116561269,0.4,1,1,1,1413.4655376249107,268.5149166209594,1144.9506210039513,33.46668303268567,3,22
20060,r0023,0,1105.8588123828304,1173.39674097127,0.06107283120791285,0.4,1,1,1,790.7362494802297,723.1983208917882,67.53792858844156,54.60872676599274,14,22
20060,r0019,0,2299.229794074272,2722.5778403941254,0.1841260266420235,0.4,1,1,1,779.2042256256984,355.85617930584704,423.3480463198514,83.43878640232055,29,22
20061,r0009,0,2041.2127288645856,1236.5079928265145,-0.3942287467929343,0.4,1,1,1,825.9984433494034,825.9984433494034,0.0,99.57348849868829,36,13
20061,r0011,0,2280.501978117058,2321.5122840838544,0.017983017055155925,0.4,1,1,1,815.8528434213207,774.8425374545241,41.010305966796636,107.6899684411544,40,13
20061,r0018,0,3998.97606106662,3303.9700264574562,-0.17379599777443772,0.4,1,1,1,830.0566833206362,830.0566833206362,0.0,170.59268799526657,71,13
20061,r0004,0,1333.3435399854498,1416.7785174276125,0.06257575406490756,0.4,1,1,1,2244.3533132953526,1333.3435399854498,911.0097733099028,73.1949286856735,23,13
20061,r0004,1,3958.0845201491065,3333.287871898544,-0.15785328612109223,0.4,1,1,0,0.0,0.0,0.0,0.0,186,0
20061,r0023,0,0.0,0.0,0.22852166397611318,0.4,1,0,0,0.0,0.0,0.0,0.0,0,0
20061,r0023,1,246.73088773939162,282.49185516178306,0.14493915921935074,0.4,1,1,0,0.0,0.0,0.0,0.0,4,0
20061,r0006,0,0.0,0.0,0.30840747430789606,0.4,1,0,0,0.0,0.0,0.0,0.0,0,0
20061,r0006,1,3148.167391657458,4271.117319304384,0.35669956134565994,0.4,1,1,0,0.0,0.0,0.0,0.0,140,0
20061,r0013,0,0.0,0.0,-0.16216105943172723,0.4,1,0,0,0.0,0.0,0.0,0.0,0,0
20061,r0013,1,2222.7029388524206,1774.0022290816778,-0.20187165002013563,0.4,1,1,0,0.0,0.0,0.0,0.0,48,0
20061,r0003,0,0.0,0.0,0.21682452351258552,0.4,1,0,0,0.0,0.0,0.0,0.0,0,0
20061,r0003,1,4652.454927366918,4495.728792748318,-0.03368676044483471,0.4,1,1,0,0.0,0.0,0.0,0.0,179,0
20061,r0003,2,4716.328689970338,6046.743286338932,0.28208691205043257,0.4,1,0,0,0.0,0.0,0.0,0.0,0,0
20061,r0020,0,7118.3816478468725,8754.697641896026,0.22987191120106576,0.4,1,1,1,0.0,0.0,0.0,0.0,137,0
20062,r0011,0,2749.320323772463,3812.636531574312,0.3867560278835849,0.4,1,1,1,0.0,0.0,0.0,0.0,135,0
20062,r0011,1,4444.896514644248,6087.969649121818,0.3696538556216703,0.4,1,1,0,0.0,0.0,0.0,0.0,174,0
20062,r0003,0,0.0,0.0,-0.2571675744589735,0.4,1,0,0,0.0,0.0,0.0,0.0,0,0
20062,r0004,0,3734.1576468448475,4079.224513147857,0.09240822132792681,0.4,1,1,0,0.0,0.0,0.0,0.0,142,0
20062,r0004,1,6504.224794708054,7437.208450721198,0.1434427138453509,0.4,1,1,0,0.0,0.0,0.0,0.0,246,0
20062,r0006,0,5760.910087888602,5592.410736891667,-0.02924873820738466,0.4,1,1,0,0.0,0.0,0.0,0.0,199,0
20062,r0021,0,0.0,0.0,0.11951426419467825,0.4,1,0,0,0.0,0.0,0.0,0.0,0,0
20062,r0010,0,1673.2408698942163,2224.681551286196,0.32956443469304086,0.4,1,1,1,0.0,0.0,0.0,0.0,72,0
20062,r0010,1,4941.211824072481,4844.037346369561,-0.019666122636052052,0.4,1,1,0,0.0,0.0,0.0,0.0,190,0
20062,r0008,0,0.0,0.0,0.1902359687583247,0.4,1,0,0,0.0,0.0,0.0,0.0,0,0
20063,r0013,0,3932.1725321285467,4608.756147931292,0.17206356289674285,0.4,1,1,1,0.0,0.0,0.0,0.0,175,0
20063,r0020,0,3359.0876616929527,3140.760258258865,-0.06499604220630922,0.4,1,1,1,0.0,0.0,0.0,0.0,144,0
20063,r0011,0,0.0,0.0,-0.2725883683999406,0.4,1,0,0,0.0,0.0,0.0,0.0,0,0
20063,r0004,0,3663.2383023947914,3526.911202687896,-0.03721491436081931,0.4,1,1,0,0.0,0.0,0.0,0.0,162,0
20064,r0009,0,30.06514464384327,33.432717156121626,0.11200919044864688,0.4,1,1,0,0.0,0.0,0.0,0.0,1,0
20064,r0009,1,3990.4465415314535,4588.323999497124,0.14982720649008285,0.4,1,1,1,0.0,0.0,0.0,0.0,185,0
20064,r0016,0,2367.8731528149347,2257.8302714699043,-0.04647330082450196,0.4,1,1,0,0.0,0.0,0.0,0.0,107,0
20064,r0016,1,3877.4711278353716,2364.4212617372327,-0.3902156370001937,0.4,1,1,0,0.0,0.0,0.0,0.0,171,0
20064,r0020,0,5337.532090167335,6225.326998633817,0.166330598761543,0.4,1,1,0,0.0,0.0,0.0,0.0,237,0
20064,r0003,0,267.1146871448291,235.56616620718037,-0.11810852212908513,0.4,1,1,1,0.0,0.0,0.0,0.0,12,0
20064,r0004,0,2933.5092980469053,2000.4711634353564,-0.3180621023539125,0.4,1,1,0,0.0,0.0,0.0,0.0,131,0
20064,r0004,1,3241.986186020411,3649.258898685381,0.12562444418213403,0.4,1,1,0,0.0,0.0,0.0,0.0,151,0
20065,r0007,0,3088.7324033302903,2393.449229807855,-0.22510307878169586,0.4,1,1,0,0.0,0.0,0.0,0.0,145,0
20065,r0000,0,1445.0128544227482,1591.4853238520166,0.10136412903245817,0.4,1,1,0,0.0,0.0,0.0,0.0,63,0
20065,r0000,1,6672.653958867217,8081.11415413073,0.21107946012872814,0.4,1,0,0,0.0,0.0,0.0,0.0,0,0
20066,r0016,0,6305.182977843575,3980.7411824536375,-0.36865572395884955,0.4,1,1,1,112.79839436831372,112.79839436831372,0.0,43.97576524941582,100,1
20066,r0001,0,0.0,0.0,0.23187138385123585,0.4,1,0,0,0.0,0.0,0.0,0.0,0,0
20066,r0011,0,5303.7910712927405,5577.931337054865,0.05168760648320686,0.4,1,1,1,304.3942786502712,30.254012888146463,274.1402657621247,38.92877244736331,78,1
20066,r0006,0,2522.764309427639,3247.1263007574867,0.2871302676286036,0.4,1,1,1,250.08913159431887,0.0,250.08913159431887,29.523013134447265,37,1
20066,r0006,1,3901.094555324189,3166.898960139762,-0.18820246081510678,0.4,1,1,0,0.0,0.0,0.0,0.0,163,0
20066,r0006,2,4567.306320185209,3524.333368078227,-0.22835625180154073,0.4,1,1,0,0.0,0.0,0.0,0.0,191,0
20066,r0022,0,0.0,0.0,0.17846698123680838,0.4,1,0,0,0.0,0.0,0.0,0.0,0,0
20066,r0022,1,5346.796039745765,6227.949043307061,0.16480019005983892,0.4,1,1,1,0.0,0.0,0.0,0.0,216,0
20066,r0020,0,0.0,0.0,-0.21053086101527807,0.4,1,0,0,0.0,0.0,0.0,0.0,0,0
20066,r0020,1,1181.4846305765386,1443.9046877936034,0.22211042820676374,0.4,1,1,0,0.0,0.0,0.0,0.0,45,0
20066,r0020,2,6837.9189873935065,5485.178721782249,-0.19782923256405793,0.4,1,1,0,0.0,0.0,0.0,0.0,279,0
20066,r0002,0,1140.6496610319482,1058.7762675772099,-0.07177786155712995,0.4,1,1,1,253.8058336741939,253.8058336741939,0.0,24.25562881267816,16,1
20066,r0012,0,3709.8196652055267,3190.9237501523858,-0.13987092685929625,0.4,1,1,1,271.56341027804143,271.56341027804143,0.0,33.193553354121825,53,1
20066,r0012,1,9385.381058119263,12134.971124046355,0.2929652028937525,0.4,1,0,0,0.0,0.0,0.0,0.0,0,0
20066,r0000,0,2445.8461116427206,1930.3841689895446,-0.21074994873940486,0.4,1,1,1,62.55787511151825,62.55787511151825,0.0,29.293604370717606,36,1
20066,r0015,0,0.0,0.0,-0.2427218459317455,0.4,1,0,0,0.0,0.0,0.0,0.0,0,0
20067,r0017,0,2692.8933429444787,2316.281093560889,-0.13985412766916044,0.4,1,1,0,0.0,0.0,0.0,0.0,108,0
20067,r0017,1,5375.532147349799,4750.75972875257,-0.1162252222610648,0.4,1,1,0,0.0,0.0,0.0,0.0,234,0
20067,r0023,0,2914.792640800373,3594.4576917037766,0.23317783961358374,0.4,1,1,1,0.0,0.0,0.0,0.0,117,0
20067,r0007,0,0.0,0.0,-0.16697435255787188,0.4,1,0,0,0.0,0.0,0.0,0.0,0,0
20067,r0007,1,6668.411476027253,6411.575934288638,-0.03851525099522313,0.4,1,1,0,0.0,0.0,0.0,0.0,261,0
20067,r0012,0,3658.0961209962625,2487.5574161964064,-0.319985770215646,0.4,1,1,1,0.0,0.0,0.0,0.0,145,0
20067,r0003,0,1580.9649586966807,2129.2483966869095,0.34680302999392465,0.4,1,1,1,820.8659507072497,272.5825127170174,548.2834379902323,303.36174432506516,65,28
20067,r0014,0,0.0,0.0,0.26635169147299187,0.4,1,0,0,0.0,0.0,0.0,0.0,0,0
20067,r0014,1,1275.659802267346,1611.1192771348778,0.2629693859376059,0.4,1,1,0,0.0,0.0,0.0,0.0,93,0
20067,r0013,0,103.77487385886343,79.30746037277265,-0.2357739650868389,0.4,1,1,0,0.0,0.0,0.0,0.0,4,0
20067,r0013,1,4316.021616651604,5113.188483883012,0.1846994612250934,0.4,1,1,0,0.0,0.0,0.0,0.0,198,0
20067,r0011,0,0.0,0.0,0.15965489135496946,0.4,1,0,0,0.0,0.0,0.0,0.0,0,0
20067,r0015,0,3168.7093039099564,3609.772336633493,0.1391932772688541,0.4,1,0,0,0.0,0.0,0.0,0.0,0,0
20067,r0000,0,1845.8025295628468,1682.5736530979632,-0.08843246980680108,0.4,1,1,1,0.0,0.0,0.0,0.0,75,0
20067,r0000,1,6884.258508429179,7474.455656954015,0.08573140415953173,0.4,1,0,0,0.0,0.0,0.0,0.0,0,0
20068,r0022,0,0.0,0.0,0.13586873369596097,0.4,1,0,0,0.0,0.0,0.0,0.0,0,0
20068,r0022,1,3273.6471607183958,4166.652237672243,0.27278598856630576,0.4,1,1,0,0.0,0.0,0.0,0.0,151,0
20068,r0022,2,3958.867981389987,4927.541335491777,0.24468442965397463,0.4,1,1,0,0.0,0.0,0.0,0.0,200,0
20068,r0005,0,0.0,0.0,-0.33799111628246525,0.4,1,0,0,0.0,0.0,0.0,0.0,0,0
20068,r0008,0,0.0,0.0,-0.001881795633551342,0.4,1,0,0,0.0,0.0,0.0,0.0,0,0
20068,r0015,0,2090.980048419373,2012.1657951219918,-0.037692494176096436,0.4,1,1,1,391.0609940246423,391.0609940246423,0.0,82.82970789488095,25,11
20068,r0011,0,3291.898103585161,2816.31839532209,-0.1444697537099109,0.4,1,1,1,1968.4475211670112,1968.4475211670112,0.0,97.46793179688152,39,18
20068,r0011,1,3352.0231949851186,2081.7656148208166,-0.3789525030926707,0.4,1,1,0,0.0,0.0,0.0,0.0,174,0
20068,r0019,0,3807.937904600414,2532.1380788487813,-0.33503693014802693,0.4,1,1,1,390.232415298487,390.232415298487,0.0,99.40128241798641,45,11
20068,r0018,0,0.0,0.0,-0.28462995914382144,0.4,1,0,0,0.0,0.0,0.0,0.0,0,0
20068,r0023,0,955.8237152911533,884.9064814512163,-0.0741948883517029,0.4,1,1,1,329.30276958911446,329.30276958911446,0.0,46.75406102983055,11,18
20068,r0020,0,2835.0286548079166,3424.1799958593633,0.20781142372311012,0.4,1,1,1,1847.0964732601392,1257.945132208697,589.1513410514422,86.6006737753706,33,18
20069,r0021,0,675.5862266561016,798.9149708686015,0.18255070832768594,0.4,1,1,0,0.0,0.0,0.0,0.0,37,0
20069,r0015,0,3627.7130311299406,3271.4315389061107,-0.09821104623395671,0.4,1,1,1,0.0,0.0,0.0,0.0,205,0
20069,r0009,0,3436.4324801754083,3585.4241226041263,0.0433564876622029,0.4,1,1,1,0.0,0.0,0.0,0.0,152,0
20069,r0014,0,6174.397159447406,4376.985759064174,-0.29110718892337917,0.4,1,1,1,0.0,0.0,0.0,0.0,324,0
20069,r0011,0,342.427889172679,308.8340390676899,-0.0981048891378366,0.4,1,1,0,0.0,0.0,0.0,0.0,15,0
20069,r0011,1,8040.27155639245,10699.782940177047,0.330773825875339,0.4,1,0,0,0.0,0.0,0.0,0.0,0,0
20070,r0020,0,0.0,0.0,-0.02445678739024959,0.4,1,0,0,0.0,0.0,0.0,0.0,0,0
20070,r0007,0,4211.639627362118,2812.1859466215587,-0.3322823898912455,0.4,1,1,0,0.0,0.0,0.0,0.0,205,0
20070,r0012,0,2435.258447778826,2850.3565224265353,0.17045339685663163,0.4,1,1,1,0.0,0.0,0.0,0.0,127,0
20070,r0009,0,224.90686611250567,235.5841890384463,0.047474419569740856,0.4,1,1,1,0.0,0.0,0.0,0.0,11,0
20070,r0009,1,6172.497919598412,3890.383481010154,-0.3697229984221257,0.4,1,1,0,0.0,0.0,0.0,0.0,289,0
20070,r0023,0,102.19745762701496,131.72318316316782,0.28890861105284504,0.4,1,1,0,0.0,0.0,0.0,0.0,4,0
20070,r0023,1,6749.705044102942,6328.509950191354,-0.06240199996288387,0.4,1,1,0,0.0,0.0,0.0,0.0,353,0
20070,r0018,0,7521.002588826719,10204.876628911297,0.35685056724641595,0.4,1,0,0,0.0,0.0,0.0,0.0,0,0
20070,r0005,0,4148.136928624888,4185.319711220268,0.00896373076278989,0.4,1,1,1,0.0,0.0,0.0,0.0,195,0
20071,r0008,0,3901.4559969844922,4455.301420871276,0.141958649364458,0.4,1,1,1,0.0,0.0,0.0,0.0,201,0
20071,r0012,0,590.6155461242888,657.9038024692679,0.11392903012210776,0.4,1,1,0,0.0,0.0,0.0,0.0,28,0
20071,r0009,0,3496.8068587013513,3484.007409146854,-0.003660324996974773,0.4,1,1,0,0.0,0.0,0.0,0.0,169,0
20072,r0009,0,4082.1265680085926,3696.6602130926462,-0.09442783032178026,0.4,1,1,1,2995.540353969296,2995.540353969296,0.0,236.83437423274927,82,15
20072,r0009,1,4740.396649516841,3065.4133300370017,-0.3533424401627994,0.4,1,1,0,0.0,0.0,0.0,0.0,231,0
20072,r0003,0,0.0,0.0,0.23056347509536435,0.4,1,0,0,0.0,0.0,0.0,0.0,0,0
20072,r0011,0,0.0,0.0,-0.35136205998673803,0.4,1,0,0,0.0,0.0,0.0,0.0,0,0
20072,r0023,0,0.0,0.0,-0.02630037368505722,0.4,1,0,0,0.0,0.0,0.0,0.0,0,0
20072,r0022,0,0.0,0.0,0.04498694160022676,0.4,1,0,0,0.0,0.0,0.0,0.0,0,0
20072,r0015,0,0.0,0.0,0.19907584506721154,0.4,1,0,0,0.0,0.0,0.0,0.0,0,0
20072,r0015,1,2469.8056094813364,2744.6447782209552,0.11127967629700852,0.4,1,1,0,0.0,0.0,0.0,0.0,118,0
20072,r0004,0,0.0,0.0,-0.30995513681396236,0.4,1,0,0,0.0,0.0,0.0,0.0,0,0
20072,r0004,1,1401.3486683662559,1249.5580492136528,-0.10831752480955814,0.4,1,1,0,0.0,0.0,0.0,0.0,64,0
20072,r0004,2,6974.842596711562,5922.7016694561635,-0.1508479815374547,0.4,1,1,0,0.0,0.0,0.0,0.0,333,0
20072,r0005,0,1375.3581296383563,1195.9792417040553,-0.130423403234958,0.4,1,1,1,2990.0937478888677,1375.3581296383563,1614.7356182505114,84.32940398077828,26,15
20072,r0005,1,4100.963290291405,4599.365631591377,0.12153299262148631,0.4,1,1,0,0.0,0.0,0.0,0.0,179,0
20072,r0007,0,112.01126051207757,125.72605595536152,0.1224412204682328,0.4,1,1,1,2938.3509901248067,112.01126051207757,2826.339729612729,18.97013101564785,2,15
20072,r0007,1,1549.99719238115,1743.292109438743,0.12470662399113641,0.4,1,1,0,0.0,0.0,0.0,0.0,67,0
20073,r0015,0,6837.394570576557,5589.380654077994,-0.18252770168759264,0.4,1,1,1,399.8422188048438,399.8422188048438,0.0,100.35368296979108,219,5
20073,r0016,0,0.0,0.0,0.19763241296817002,0.4,1,0,0,0.0,0.0,0.0,0.0,0,0
20073,r0003,0,253.55445931249415,338.1300174229417,0.33355973442459597,0.4,1,1,1,180.61363798265882,96.03807987221444,84.57555811044438,21.951597285924944,8,5
20073,r0000,0,0.0,0.0,0.12295983002897348,0.4,1,0,0,0.0,0.0,0.0,0.0,0,0
20073,r0021,0,0.0,0.0,-0.29580205639294316,0.4,1,0,0,0.0,0.0,0.0,0.0,0,0
20073,r0021,1,0.0,0.0,0.3748809182802555,0.4,1,0,0,0.0,0.0,0.0,0.0,0,0
20073,r0017,0,0.0,0.0,0.2874116687582977,0.4,1,0,0,0.0,0.0,0.0,0.0,0,0
20073,r0002,0,0.0,0.0,0.26210286899589874,0.4,1,0,0,0.0,0.0,0.0,0.0,0,0
20073,r0023,0,0.0,0.0,0.394222661931658,0.4,1,0,0,0.0,0.0,0.0,0.0,0,0
20074,r0019,0,4818.696149544124,4719.692850888928,-0.02054566122924395,0.4,1,1,0,0.0,0.0,0.0,0.0,219,0
20074,r0018,0,0.0,0.0,-0.20568694966746837,0.4,1,0,0,0.0,0.0,0.0,0.0,0,0
20074,r0017,0,1793.171749114139,1524.579392625175,-0.14978618563539925,0.4,1,1,1,0.0,0.0,0.0,0.0,82,0
20074,r0008,0,1182.8557152166286,754.7347345825507,-0.36193846394500595,0.4,1,1,0,0.0,0.0,0.0,0.0,54,0
20074,r0014,0,6773.41505511578,7387.811605803701,0.09070705776754123,0.4,1,1,0,0.0,0.0,0.0,0.0,283,0
20074,r0023,0,0.0,0.0,0.010287569955467202,0.4,1,0,0,0.0,0.0,0.0,0.0,0,0
20074,r0023,1,5870.244094081521,8046.209837412566,0.3706772169022562,0.4,1,1,0,0.0,0.0,0.0,0.0,240,0
20075,r0020,0,5118.847559076128,6550.030806382454,0.27959091002206604,0.4,1,1,1,0.0,0.0,0.0,0.0,239,0
20075,r0007,0,392.26092271594644,282.6688704158375,-0.2793855975795719,0.4,1,1,1,3644.2229140838754,392.26092271594644,3251.961991367929,128.2576833007049,17,28
20075,r0002,0,965.0594169594733,796.9155349525341,-0.17423163698738373,0.4,1,1,1,382.87899083137813,382.87899083137813,0.0,216.27380503635084,47,28
20075,r0003,0,2655.9896059121456,2375.584771900449,-0.1055745223503603,0.4,1,1,0,0.0,0.0,0.0,0.0,123,0
20075,r0003,1,5805.683132452243,6002.969896509374,0.03398166237395034,0.4,1,1,0,0.0,0.0,0.0,0.0,284,0
20076,r0020,0,5969.420025737902,3786.0733190126157,-0.3657552488033197,0.4,1,1,0,0.0,0.0,0.0,0.0,302,0
20076,r0004,0,688.7052487940709,877.7849774372909,0.27454376015617765,0.4,1,1,1,0.0,0.0,0.0,0.0,31,0
20076,r0011,0,0.0,0.0,-0.33588360264769757,0.4,1,0,0,0.0,0.0,0.0,0.0,0,0
20076,r0011,1,1871.03710081413,1864.582511611261,-0.0034497387572168803,0.4,1,1,1,2276.633149006797,1871.03710081413,405.5960481926668,295.46626765817473,94,28
20076,r0011,2,4257.060013737326,5425.173807529259,0.2743944858711146,0.4,1,0,0,0.0,0.0,0.0,0.0,0,0
20076,r0000,0,235.58361057240472,154.91556041744514,-0.34241792100459767,0.4,1,1,0,0.0,0.0,0.0,0.0,12,0
20076,r0015,0,5833.055571540153,6713.593341132256,0.15095651992213166,0.4,1,1,0,0.0,0.0,0.0,0.0,242,0
20076,r0005,0,7612.761632569989,9337.703167251593,0.2265855175737691,0.4,1,1,0,0.0,0.0,0.0,0.0,363,0
20077,r0017,0,3147.125598180325,4405.404005580546,0.3998183002698589,0.4,1,1,0,0.0,0.0,0.0,0.0,163,0
20077,r0011,0,919.4122490135487,1066.269424311115,0.15972940914712797,0.4,1,1,1,0.0,0.0,0.0,0.0,44,0
20077,r0011,1,3157.6188972900327,3324.138635099642,0.05273585674082504,0.4,1,1,0,0.0,0.0,0.0,0.0,150,0
20077,r0011,2,3568.4920983562533,2708.788758501622,-0.24091501848935995,0.4,1,1,0,0.0,0.0,0.0,0.0,190,0
20077,r0006,0,0.0,0.0,0.3194412487703361,0.4,1,0,0,0.0,0.0,0.0,0.0,0,0
20077,r0003,0,377.73023832123,303.4240177639685,-0.19671769167198594,0.4,1,1,1,0.0,0.0,0.0,0.0,19,0
20077,r0004,0,1136.1331685055884,896.4668003060193,-0.21094918698202783,0.4,1,1,0,0.0,0.0,0.0,0.0,57,0
20077,r0022,0,0.0,0.0,0.36335916584559536,0.4,1,0,0,0.0,0.0,0.0,0.0,0,0
20077,r0005,0,1154.1543814985598,1335.4480246189205,0.15707919670587578,0.4,1,1,1,0.0,0.0,0.0,0.0,55,0
20077,r0007,0,8123.07426596155,8562.862602888668,0.05414062736936698,0.4,1,0,0,0.0,0.0,0.0,0.0,0,0
20077,r0020,0,6012.059741445963,4941.983758684288,-0.17798824841755662,0.4,1,1,1,0.0,0.0,0.0,0.0,302,0
20078,r0013,0,3916.370250264838,2832.562263034717,-0.27673787664913196,0.4,1,1,0,0.0,0.0,0.0,0.0,167,0
20078,r0008,0,0.0,0.0,0.22997337388174843,0.4,1,0,0,0.0,0.0,0.0,0.0,0,0
20078,r0021,0,1908.3148126489032,1247.5752568099876,-0.34624242890079177,0.4,1,1,1,0.0,0.0,0.0,0.0,79,0
20078,r0011,0,1693.2175539749041,1073.332678957897,-0.36609877659359213,0.4,1,1,0,0.0,0.0,0.0,0.0,69,0
20078,r0003,0,7028.695222639115,5471.753247605701,-0.22151223316933324,0.4,1,1,0,0.0,0.0,0.0,0.0,300,0
20078,r0020,0,0.0,0.0,-0.23128262303032124,0.4,1,0,0,0.0,0.0,0.0,0.0,0,0
20079,r0010,0,1676.663874406635,1727.4874993013511,0.030312351611143762,0.4,1,1,1,3226.528888538919,1676.663874406635,1549.8650141322842,293.9183799229625,73,28
20079,r0010,1,5553.556981798318,6114.3853055415675,0.1009854271021895,0.4,1,1,0,0.0,0.0,0.0,0.0,419,0
20079,r0022,0,2869.02181234853,3940.3939806550084,0.3734276831550025,0.4,1,1,1,0.0,0.0,0.0,0.0,126,0
20079,r0013,0,367.54883934419195,342.6845574290549,-0.06764891969051445,0.4,1,1,0,0.0,0.0,0.0,0.0,17,0
20079,r0020,0,1733.980540632252,2377.2342177101655,0.3709693748024224,0.4,1,0,0,0.0,0.0,0.0,0.0,0,0
20080,r0020,0,7715.5994823783985,7761.907266718851,0.0060018388002403,0.4,1,1,1,0.0,0.0,0.0,0.0,351,0
20080,r0014,0,1579.310138461131,1131.8529316539982,-0.2833244692794361,0.4,1,1,1,3484.0773561825285,1579.310138461131,1904.7672177213976,313.51711742895264,68,28
20080,r0014,1,1153.8342509004287,1268.6793360214044,0.09953343388043212,0.4,1,1,0,0.0,0.0,0.0,0.0,71,0
20080,r0018,0,0.0,0.0,-0.3675754210337376,0.4,1,0,0,0.0,0.0,0.0,0.0,0,0
20080,r0018,1,922.9790625323149,748.7862012865145,-0.1887289412263365,0.4,1,1,0,0.0,0.0,0.0,0.0,34,0
20080,r0018,2,5177.826091955827,5066.266622035786,-0.02154561932726118,0.4,1,1,0,0.0,0.0,0.0,0.0,225,0
20080,r0018,3,4129.9136703915865,4055.0253321856503,-0.01813314857955267,0.4,1,1,0,0.0,0.0,0.0,0.0,161,0
20080,r0000,0,4190.594058972958,2809.51743589677,-0.3295658333020846,0.4,1,1,0,0.0,0.0,0.0,0.0,157,0
20080,r0000,1,3627.2877225016236,3687.933959875216,0.0167194449443252,0.4,1,1,0,0.0,0.0,0.0,0.0,159,0
20080,r0005,0,1914.537033963472,1739.594812447181,-0.09137573126706544,0.4,1,1,1,0.0,0.0,0.0,0.0,72,0
20080,r0023,0,0.0,0.0,0.3611729608674201,0.4,1,0,0,0.0,0.0,0.0,0.0,0,0
20080,r0001,0,0.0,0.0,-0.38697983363539623,0.4,1,0,0,0.0,0.0,0.0,0.0,0,0
20080,r0001,1,2005.3774222303182,1831.3264818145299,-0.08679211129355108,0.4,1,1,0,0.0,0.0,0.0,0.0,78,0
20080,r0021,0,2093.9384589703113,1428.3766481880712,-0.3178516579276778,0.4,1,1,1,761.125621723575,761.125621723575,0.0,377.94561425923916,87,28
20080,r0013,0,2983.2868777685253,1903.4852970819743,-0.36195030009793555,0.4,1,1,0,0.0,0.0,0.0,0.0,118,0
20081,r0012,0,2465.090231709557,1697.3949264978378,-0.3114268578636642,0.4,1,1,1,2859.9235338148355,2465.090231709557,394.83330210527856,246.93377139830878,82,28
20081,r0010,0,4629.016991059008,5073.241916620428,0.09596528300056895,0.4,1,1,1,3222.419223398631,2778.1942978372135,444.2249255614174,408.0429667688846,146,28
20081,r0010,1,4531.428907472684,3611.8504009817207,-0.20293345107423094,0.4,1,1,0,0.0,0.0,0.0,0.0,275,0
20081,r0008,0,0.0,0.0,0.3449545591644888,0.4,1,0,0,0.0,0.0,0.0,0.0,0,0
20081,r0015,0,0.0,0.0,-0.051575379607191496,0.4,1,0,0,0.0,0.0,0.0,0.0,0,0
20081,r0005,0,369.12275644365945,357.38074037670145,-0.03181059921660567,0.4,1,1,1,3226.9813498846656,369.12275644365945,2857.858593441006,77.159821734531,11,28
20081,r0004,0,1457.837390088087,1364.8229538109758,-0.06380302557028739,0.4,1,1,0,0.0,0.0,0.0,0.0,46,0
20081,r0017,0,934.5073118307519,867.800538663197,-0.07138175627205373,0.4,1,1,0,0.0,0.0,0.0,0.0,31,0
20081,r0020,0,2731.3556189984592,1657.8705487015882,-0.39302281359118646,0.4,1,1,1,1095.2743782714972,1095.2743782714972,0.0,269.589751997296,91,28
20081,r0016,0,0.0,0.0,0.12906610285007825,0.4,1,0,0,0.0,0.0,0.0,0.0,0,0
20081,r0016,1,3617.3835477525354,4212.036820994872,0.16438767562035062,0.4,1,1,0,0.0,0.0,0.0,0.0,214,0
20082,r0011,0,4642.933832894016,3699.565035946839,-0.2031837693364585,0.4,1,1,1,446.91043811148256,446.91043811148256,0.0,33.300300185840065,53,3
20082,r0001,0,3307.048262106324,3620.391140959574,0.09475001693917706,0.4,1,1,0,0.0,0.0,0.0,0.0,61,0
20082,r0003,0,3958.3311511741977,3886.7137895739415,-0.01809281711536742,0.4,1,1,1,43.7700230210965,43.7700230210965,0.0,9.563665949947634,73,2
20082,r0014,0,6157.038520776459,7613.376419404085,0.23653220516865747,0.4,1,0,0,0.0,0.0,0.0,0.0,0,0
20082,r0019,0,3429.1313853990905,2325.182002405474,-0.32193265842601604,0.4,1,1,1,43.7700230210965,43.7700230210965,0.0,8.625076883970989,64,2
20082,r0012,0,0.0,0.0,-0.18026649769714942,0.4,1,0,0,0.0,0.0,0.0,0.0,0,0
20082,r0009,0,290.94842642281947,353.4586997570285,0.2148500134637824,0.4,1,1,1,474.27258730231375,290.94842642281947,183.3241608794943,30.94119281176937,5,15
20082,r0020,0,0.0,0.0,-0.0481055974925943,0.4,1,0,0,0.0,0.0,0.0,0.0,0,0
20082,r0007,0,0.0,0.0,-0.17685673774245902,0.4,1,0,0,0.0,0.0,0.0,0.0,0,0
20082,r0000,0,813.6495762181075,1104.916700669815,0.3579761275185993,0.4,1,1,1,3908.551860010965,813.6495762181075,3094.9022837928574,118.28091060432786,9,25
20082,r0000,1,1624.3422134601933,1132.789916051591,-0.3026162180206421,0.4,1,1,0,0.0,0.0,0.0,0.0,57,0
20082,r0000,2,7876.243473361887,7662.096204743533,-0.02718901076923491,0.4,1,1,0,0.0,0.0,0.0,0.0,273,0
20083,r0019,0,4654.130262518494,6128.006026181071,0.3166812445135595,0.4,1,1,1,0.0,0.0,0.0,0.0,169,0
20083,r0006,0,2056.90949294428,2629.88968027735,0.2785636360270285,0.4,1,1,1,3419.0522675164216,2056.90949294428,1362.1427745721417,280.02231068803076,74,28
20084,r0023,0,257.85761166694283,327.60358549714994,0.2704825092396079,0.4,1,1,0,0.0,0.0,0.0,0.0,11,0
20084,r0019,0,0.0,0.0,0.13415821254126747,0.4,1,0,0,0.0,0.0,0.0,0.0,0,0
20084,r0007,0,6921.621289433606,7132.764081374806,0.030504817168128806,0.4,1,1,0,0.0,0.0,0.0,0.0,332,0
20084,r0006,0,1447.1511805444097,1979.1919220128177,0.3676469664131824,0.4,1,0,0,0.0,0.0,0.0,0.0,0,0
20085,r0008,0,3933.451233906493,2760.650908523741,-0.29816063696765094,0.4,1,1,1,1310.5716118826663,1310.5716118826663,0.0,148.85401368407025,102,9
20085,r0018,0,1368.7199068184855,1901.711189951416,0.38940858569949477,0.4,1,1,0,0.0,0.0,0.0,0.0,34,0
20085,r0003,0,4347.261611665621,5344.854961599354,0.22947626323126036,0.4,1,1,1,1225.661680444535,228.0683305108032,997.5933499337318,159.1884515559936,110,9
20085,r0004,0,0.0,0.0,0.39731935711919375,0.4,1,0,0,0.0,0.0,0.0,0.0,0,0
20085,r0023,0,1262.0581243979977,1255.4164468653073,-0.0052625765836723515,0.4,1,1,1,268.38943971053413,268.38943971053413,0.0,58.42768230474085,32,9
20085,r0014,0,5121.333407502047,3804.7062909878236,-0.25708678028763876,0.4,1,1,1,1293.1243656967488,1293.1243656967488,0.0,192.7753746397445,136,9
20085,r0020,0,1715.0299674474954,1121.8073205293165,-0.3458963739281366,0.4,1,1,1,1246.598375867636,1246.598375867636,0.0,75.22114384661631,45,9
20085,r0007,0,411.803692913807,532.7273903820462,0.2936440336720081,0.4,1,1,1,920.9164470638445,411.803692913807,509.1127541500375,30.00797815695161,10,9
20086,r0001,0,0.0,0.0,0.3046804118375769,0.4,1,0,0,0.0,0.0,0.0,0.0,0,0
20086,r0021,0,6547.529860608556,8214.26550534589,0.25455945680596237,0.4,1,1,1,0.0,0.0,0.0,0.0,257,0
20087,r0006,0,135.8750966536736,85.97296600428366,-0.36726472972882895,0.4,1,1,1,0.0,0.0,0.0,0.0,6,0
20087,r0023,0,5189.05927200443,4210.739505538679,-0.18853509185063633,0.4,1,1,0,0.0,0.0,0.0,0.0,228,0
20087,r0002,0,1260.9373692732843,1466.8111691606332,0.16327044062941853,0.4,1,1,0,0.0,0.0,0.0,0.0,57,0
20087,r0002,1,7716.767897335114,7153.017808699281,-0.07305520862309678,0.4,1,1,0,0.0,0.0,0.0,0.0,339,0
20087,r0008,0,1156.894698727545,749.4108334599267,-0.3522220870367934,0.4,1,1,0,0.0,0.0,0.0,0.0,53,0
20087,r0011,0,4604.805954078132,5383.613209350645,0.16912922347635106,0.4,1,1,0,0.0,0.0,0.0,0.0,202,0
20087,r0011,1,4624.733631101171,2818.247887306476,-0.3906140089120251,0.4,1,1,0,0.0,0.0,0.0,0.0,210,0
20088,r0012,0,3199.30518480359,2614.6056196498453,-0.18275829637354218,0.4,1,1,1,0.0,0.0,0.0,0.0,136,0
20088,r0005,0,4285.164724969069,2606.6622706539342,-0.39170080079646186,0.4,1,1,1,0.0,0.0,0.0,0.0,184,0
20088,r0005,1,3061.661310692816,3088.641417020642,0.008812243938804809,0.4,1,1,0,0.0,0.0,0.0,0.0,150,0
20088,r0004,0,0.0,0.0,0.14343748885678975,0.4,1,0,0,0.0,0.0,0.0,0.0,0,0
20088,r0016,0,3614.8809356426063,2979.939209215451,-0.17564664998137314,0.4,1,1,0,0.0,0.0,0.0,0.0,154,0
20088,r0020,0,2022.5901575288226,2041.0853547108873,0.009144312857065462,0.4,1,1,1,0.0,0.0,0.0,0.0,87,0
20088,r0007,0,696.8335587711481,446.7207000290355,-0.3589276888202422,0.4,1,1,1,0.0,0.0,0.0,0.0,30,0
20088,r0013,0,5137.78688979437,4526.072461070551,-0.11906185325415503,0.4,1,1,0,0.0,0.0,0.0,0.0,220,0
20088,r0003,0,1285.1559220395502,1737.659981089008,0.35210051269991494,0.4,1,1,1,0.0,0.0,0.0,0.0,58,0
20088,r0003,1,5727.105805973071,7422.371978493827,0.29600748265427224,0.4,1,1,0,0.0,0.0,0.0,0.0,264,0
20088,r0022,0,0.0,0.0,0.08119107503549722,0.4,1,0,0,0.0,0.0,0.0,0.0,0,0
20088,r0022,1,5472.916359617084,5225.8905107358005,-0.0451360540979594,0.4,1,1,1,0.0,0.0,0.0,0.0,246,0
20089,r0017,0,0.0,0.0,-0.19256780756093309,0.4,1,0,0,0.0,0.0,0.0,0.0,0,0
20089,r0003,0,3009.552914937729,4122.9974898121545,0.3699700940122742,0.4,1,1,1,0.0,0.0,0.0,0.0,148,0
20089,r0000,0,910.3259076639551,770.5430511474523,-0.1535525412818454,0.4,1,1,0,0.0,0.0,0.0,0.0,46,0
20089,r0010,0,2397.741780663826,2149.289628267851,-0.10361922805848994,0.4,1,1,0,0.0,0.0,0.0,0.0,123,0
20089,r0010,1,5841.45908161554,7818.915120508771,0.3385209091195648,0.4,1,0,0,0.0,0.0,0.0,0.0,0,0
20089,r0013,0,2849.8755732467907,3695.6728853074133,0.296783943832687,0.4,1,1,0,0.0,0.0,0.0,0.0,149,0
20089,r0020,0,441.12829722342576,370.9970980539993,-0.1589814111016005,0.4,1,1,1,0.0,0.0,0.0,0.0,24,0
20090,r0014,0,4858.936235009165,3192.2978241494407,-0.3430047916355463,0.4,1,1,0,0.0,0.0,0.0,0.0,221,0
20090,r0014,1,3727.2004297659314,4939.189909397127,0.3251742165385263,0.4,1,0,0,0.0,0.0,0.0,0.0,0,0
20090,r0010,0,3755.589231357244,3877.8430980292515,0.03255251283906402,0.4,1,1,0,0.0,0.0,0.0,0.0,151,0
20090,r0010,1,3586.737274379644,2492.5012619563354,-0.3050783842573376,0.4,1,1,0,0.0,0.0,0.0,0.0,135,0
20090,r0003,0,2619.2204290148293,2338.4602056529634,-0.10719228525087088,0.4,1,1,0,0.0,0.0,0.0,0.0,101,0
20090,r0017,0,4474.69299504871,3849.142699137571,-0.13979736634520318,0.4,1,1,1,0.0,0.0,0.0,0.0,174,0
20090,r0017,1,4022.9470016478444,2504.6037291801513,-0.37742065004728187,0.4,1,1,0,0.0,0.0,0.0,0.0,166,0
20090,r0002,0,805.7815477915283,677.6356140767847,-0.15903309534198656,0.4,1,1,0,0.0,0.0,0.0,0.0,32,0
20090,r0002,1,7200.102589515802,7614.070495100922,0.057494723226292066,0.4,1,1,0,0.0,0.0,0.0,0.0,259,0
20090,r0005,0,957.6707577911438,668.4141066909237,-0.30204185389077465,0.4,1,1,0,0.0,0.0,0.0,0.0,37,0
20090,r0018,0,1098.7796967598479,746.2922964229323,-0.32079897487763304,0.4,1,1,0,0.0,0.0,0.0,0.0,48,0
20090,r0012,0,2310.881730581161,1599.553404293632,-0.3078168462168065,0.4,1,1,1,0.0,0.0,0.0,0.0,99,0
20090,r0012,1,7714.583792376434,6677.174261354082,-0.1344738172456591,0.4,1,1,0,0.0,0.0,0.0,0.0,289,0
20091,r0016,0,4872.383152122893,4507.38497935017,-0.07491163181895766,0.4,1,1,1,2144.9576145060896,2144.9576145060896,0.0,305.5112691735113,121,19
20091,r0009,0,2253.083322951563,3075.8058537635798,0.3651540635142787,0.4,1,1,1,368.7054158529928,0.0,368.7054158529928,69.8745812079148,55,7
20091,r0011,0,2667.469940951036,2268.068271173617,-0.1497305231619665,0.4,1,1,1,0.0,0.0,0.0,0.0,67,0
20091,r0018,0,0.0,0.0,-0.3468114200005376,0.4,1,0,0,0.0,0.0,0.0,0.0,0,0
20091,r0015,0,0.0,0.0,0.199817154465471,0.4,1,0,0,0.0,0.0,0.0,0.0,0,0
20091,r0020,0,0.0,0.0,-0.2563961929934416,0.4,1,0,0,0.0,0.0,0.0,0.0,0,0
20091,r0020,1,830.5921255897556,1057.7825865532598,0.2735283106641412,0.4,1,1,1,333.2273436385414,106.03688267503458,227.19046096350684,18.187049257036207,38,3
20091,r0020,2,3661.5313799664036,5115.718253589764,0.39715264536028716,0.4,1,1,0,0.0,0.0,0.0,0.0,203,0
20091,r0010,0,2595.4516488134977,3505.8364569189744,0.35076161350247304,0.4,1,1,1,2079.5247044267653,1169.1398963212923,910.384808105473,177.4601674972592,60,18
20091,r0010,1,6396.942625675925,7849.554960409904,0.2270791563619018,0.4,1,0,0,0.0,0.0,0.0,0.0,0,0
20091,r0000,0,8.20916380181734,10.398750655517947,0.26672471235327,0.4,1,1,1,1119.7867588984536,8.20916380181734,1111.5775950966363,0.0,0,10
20091,r0004,0,805.902342052199,549.7799695861518,-0.3178081997054898,0.4,1,1,1,2229.7670511993797,805.902342052199,1423.8647091471807,79.72607765752731,18,18
20091,r0004,1,3962.8157072583926,5039.588874028062,0.27171921338593275,0.4,1,1,0,0.0,0.0,0.0,0.0,224,0
20091,r0002,0,1637.0028733980944,1328.8103150901566,-0.1882663514622861,0.4,1,1,1,829.1102947490944,829.1102947490944,0.0,122.29299303075497,38,18
20091,r0019,0,0.0,0.0,-0.2990013927592763,0.4,1,0,0,0.0,0.0,0.0,0.0,0,0
20092,r0006,0,7835.63039738539,7881.311524170468,0.00582992362686241,0.4,1,1,1,0.0,0.0,0.0,0.0,348,0
20092,r0013,0,0.0,0.0,-0.31505537872447464,0.4,1,0,0,0.0,0.0,0.0,0.0,0,0
20092,r0013,1,5900.577355597259,7920.465642556456,0.34232044853087806,0.4,1,1,0,0.0,0.0,0.0,0.0,255,0
20092,r0021,0,0.0,0.0,0.1292723321661966,0.4,1,0,0,0.0,0.0,0.0,0.0,0,0
20092,r0021,1,8354.996321889415,6648.845168665493,-0.20420728956563927,0.4,1,1,0,0.0,0.0,0.0,0.0,381,0
20093,r0004,0,3934.866719730951,2944.6298546132143,-0.2516570282170687,0.4,1,1,0,0.0,0.0,0.0,0.0,160,0
20093,r0004,1,6534.927399599463,7447.189952070421,0.13959796286747939,0.4,1,0,0,0.0,0.0,0.0,0.0,0,0
20093,r0001,0,0.0,0.0,-0.31645473463812357,0.4,1,0,0,0.0,0.0,0.0,0.0,0,0
20093,r0003,0,0.0,0.0,-0.13807393693920283,0.4,1,0,0,0.0,0.0,0.0,0.0,0,0
20093,r0000,0,30.445947576939943,37.34443169456997,0.2265813570162949,0.4,1,1,1,0.0,0.0,0.0,0.0,0,0
20093,r0000,1,3686.386535757927,3979.6300550401356,0.07954768617933816,0.4,1,1,0,0.0,0.0,0.0,0.0,120,0
20093,r0000,2,6951.458802378467,6520.418763610577,-0.062007134188928614,0.4,1,1,0,0.0,0.0,0.0,0.0,241,0
20093,r0007,0,0.0,0.0,0.14100375532092757,0.4,1,0,0,0.0,0.0,0.0,0.0,0,0
20093,r0018,0,2896.7585950371576,3650.290065856221,0.2601291913347712,0.4,1,1,1,0.0,0.0,0.0,0.0,112,0
20093,r0013,0,1978.1233698449905,2229.339427692888,0.12699716391682037,0.4,1,0,0,0.0,0.0,0.0,0.0,0,0
20093,r0022,0,218.15691783936927,282.505467695657,0.29496451679642843,0.4,1,1,1,0.0,0.0,0.0,0.0,8,0
20094,r0019,0,2228.131422257685,2232.225815740684,0.0018375906565019084,0.4,1,1,0,0.0,0.0,0.0,0.0,116,0
20094,r0021,0,2978.1063753437775,2274.749611394693,-0.23617583635436531,0.4,1,1,0,0.0,0.0,0.0,0.0,155,0
20094,r0017,0,1678.9748011771808,1038.1248402352544,-0.38169123234762464,0.4,1,1,1,0.0,0.0,0.0,0.0,85,0
20094,r0002,0,0.0,0.0,-0.2146002144259585,0.4,1,0,0,0.0,0.0,0.0,0.0,0,0
20094,r0020,0,600.5907028189467,561.3378494291593,-0.06535707796599138,0.4,1,1,1,0.0,0.0,0.0,0.0,30,0
20095,r0022,0,2346.218276934131,2637.782992997821,0.12427007279334878,0.4,1,1,1,1846.831504431187,1555.2667883674972,291.56471606368996,86.47623049171906,41,13
20095,r0022,1,5003.751304006664,5356.764133905775,0.07054963535386793,0.4,1,1,0,0.0,0.0,0.0,0.0,242,0
20095,r0005,0,5685.937643183279,7831.312001236033,0.37731232607251475,0.4,1,1,1,1910.140984812627,0.0,1910.140984812627,191.99203112745144,101,13
20095,r0005,1,6237.301243780628,4133.77032220263,-0.3372501726889466,0.4,1,1,0,0.0,0.0,0.0,0.0,288,0
20095,r0014,0,2852.152028929122,3427.114305910036,0.20158893044589588,0.4,1,1,1,703.7436642107534,128.78138722984295,574.9622769809105,98.78640723255451,48,13
20095,r0006,0,3355.835117693714,3525.5303251188907,0.05056720651454388,0.4,1,1,1,332.6797653084279,162.98455788325373,169.69520742517415,112.85518065065216,56,13
20095,r0002,0,7629.369564846449,8560.930988585787,0.12210201849857394,0.4,1,1,0,0.0,0.0,0.0,0.0,130,0
20095,r0018,0,0.0,0.0,-0.15897362791883848,0.4,1,0,0,0.0,0.0,0.0,0.0,0,0
20095,r0003,0,0.0,0.0,0.27165898810625577,0.4,1,0,0,0.0,0.0,0.0,0.0,0,0
20095,r0001,0,0.0,0.0,0.23351638566764865,0.4,1,0,0,0.0,0.0,0.0,0.0,0,0
20095,r0001,1,4370.2734914777175,5672.893039846498,0.29806362254192176,0.4,1,1,0,0.0,0.0,0.0,0.0,183,0
20095,r0010,0,0.0,0.0,0.036876360741284864,0.4,1,0,0,0.0,0.0,0.0,0.0,0,0
20095,r0010,1,5924.054445758586,5610.57035968484,-0.05291715141108966,0.4,1,1,0,0.0,0.0,0.0,0.0,261,0
20096,r0000,0,6843.45715800185,6701.356913672425,-0.020764394522916174,0.4,1,1,1,0.0,0.0,0.0,0.0,320,0
20096,r0004,0,1194.9027556849323,1330.5057213044354,0.1134845199530683,0.4,1,1,1,0.0,0.0,0.0,0.0,55,0
20096,r0004,1,9449.149841896266,6873.932173427988,-0.27253432441616143,0.4,1,1,0,0.0,0.0,0.0,0.0,432,0
20096,r0019,0,0.0,0.0,0.21213464341432853,0.4,1,0,0,0.0,0.0,0.0,0.0,0,0
20096,r0006,0,2837.2330317990127,3412.818593747319,0.202868624288976,0.4,1,1,1,0.0,0.0,0.0,0.0,126,0
20096,r0003,0,581.2667178854099,466.9917195291531,-0.19659649321051412,0.4,1,1,0,0.0,0.0,0.0,0.0,24,0
20096,r0007,0,3903.661700306795,4559.576325194792,0.1680254784466717,0.4,1,1,1,0.0,0.0,0.0,0.0,169,0
20096,r0007,1,5512.792120679565,4627.153879236992,-0.16065148513769822,0.4,1,1,0,0.0,0.0,0.0,0.0,225,0
20096,r0021,0,0.0,0.0,0.3298466590568294,0.4,1,0,0,0.0,0.0,0.0,0.0,0,0
20096,r0021,1,6337.528145282311,7516.378834869317,0.18601111704167317,0.4,1,1,0,0.0,0.0,0.0,0.0,274,0
20096,r0005,0,404.77087317039695,468.5812539802525,0.15764568312451976,0.4,1,1,0,0.0,0.0,0.0,0.0,17,0
20096,r0022,0,0.0,0.0,0.20566984054223403,0.4,1,0,0,0.0,0.0,0.0,0.0,0,0
20097,r0011,0,2473.419658200718,3403.164994686262,0.37589469842003465,0.4,1,1,0,0.0,0.0,0.0,0.0,101,0
20097,r0021,0,1502.2605654452273,1104.0069235641406,-0.26510290627448885,0.4,1,1,0,0.0,0.0,0.0,0.0,58,0
20097,r0016,0,2088.307232763251,1266.0008710032007,-0.39376694619401054,0.4,1,1,0,0.0,0.0,0.0,0.0,83,0
20097,r0005,0,0.0,0.0,-0.051459305448194936,0.4,1,0,0,0.0,0.0,0.0,0.0,0,0
20097,r0017,0,2117.157472028972,1462.7096318041554,-0.3091162791956274,0.4,1,1,0,0.0,0.0,0.0,0.0,75,0
20097,r0017,1,8206.588750656301,10896.815973985855,0.3278130908063852,0.4,1,0,0,0.0,0.0,0.0,0.0,0,0
20097,r0008,0,6265.027023902159,8175.526924952015,0.3049467933276214,0.4,1,1,1,0.0,0.0,0.0,0.0,244,0
20097,r0008,1,3712.1404055986823,2505.658315662489,-0.3250098213194109,0.4,1,1,0,0.0,0.0,0.0,0.0,137,0
20097,r0000,0,3797.6484405330775,2365.1506866973486,-0.37720652036833846,0.4,1,1,0,0.0,0.0,0.0,0.0,140,0
20097,r0009,0,5003.167128077475,6188.822371307605,0.23698093884897486,0.4,1,1,0,0.0,0.0,0.0,0.0,185,0
20097,r0009,1,7536.949380753984,5407.823017860049,-0.282491795464459,0.4,1,1,0,0.0,0.0,0.0,0.0,301,0
20097,r0002,0,4371.946505331682,6073.652288687192,0.3892329838163032,0.4,1,1,0,0.0,0.0,0.0,0.0,174,0
20097,r0002,1,3536.9393533862676,2541.149372959527,-0.2815400211692549,0.4,1,1,0,0.0,0.0,0.0,0.0,136,0
20098,r0008,0,6752.254842033879,6713.630066939718,-0.00572027804011721,0.4,1,1,1,0.0,0.0,0.0,0.0,374,0
20098,r0022,0,2423.244764202742,3298.7155051030154,0.3612803600499298,0.4,1,1,0,0.0,0.0,0.0,0.0,116,0
20098,r0022,1,3465.8866890957725,3268.993129281852,-0.056809000834729784,0.4,1,1,0,0.0,0.0,0.0,0.0,152,0
20098,r0002,0,838.1166444511309,638.0392925143401,-0.23872256118695534,0.4,1,1,0,0.0,0.0,0.0,0.0,40,0
20098,r0002,1,5079.8864909935655,3424.868619241805,-0.32579819936647025,0.4,1,1,0,0.0,0.0,0.0,0.0,221,0
20098,r0019,0,3680.0908916796016,2227.159311577558,-0.3948086128489403,0.4,1,1,1,0.0,0.0,0.0,0.0,189,0
20098,r0007,0,3504.693967248757,2710.7222618524274,-0.22654523128580345,0.4,1,1,1,0.0,0.0,0.0,0.0,183,0
20099,r0013,0,1842.1457144211195,1569.8092256954828,-0.14783656178426485,0.4,1,1,1,0.0,0.0,0.0,0.0,81,0
20099,r0005,0,4187.72508333118,5270.249051775618,0.2584992918358744,0.4,1,0,0,0.0,0.0,0.0,0.0,0,0
20099,r0009,0,5434.5836371121895,4557.189681103953,-0.1614463985827005,0.4,1,1,0,0.0,0.0,0.0,0.0,234,0
20099,r0021,0,0.0,0.0,0.329806792462062,0.4,1,0,0,0.0,0.0,0.0,0.0,0,0
20099,r0017,0,0.0,0.0,-0.1060138668070632,0.4,1,0,0,0.0,0.0,0.0,0.0,0,0
20099,r0015,0,0.0,0.0,-0.283827100127048,0.4,1,0,0,0.0,0.0,0.0,0.0,0,0
20099,r0022,0,0.0,0.0,0.20711121982825365,0.4,1,0,0,0.0,0.0,0.0,0.0,0,0
20099,r0007,0,0.0,0.0,-0.30626143972062786,0.4,1,0,0,0.0,0.0,0.0,0.0,0,0
20099,r0007,1,7327.110598399329,4746.243970761311,-0.35223524921294774,0.4,1,1,0,0.0,0.0,0.0,0.0,329,0
20100,r0022,0,3948.816147205751,2890.720059009885,-0.2679527353899707,0.4,1,1,0,0.0,0.0,0.0,0.0,167,0
20100,r0001,0,3095.398728197524,3430.4779051576897,0.10825073161262344,0.4,1,0,0,0.0,0.0,0.0,0.0,0,0
20100,r0008,0,2742.003863128786,2394.9275747460197,-0.1265776073658526,0.4,1,1,0,0.0,0.0,0.0,0.0,107,0
20100,r0008,1,5627.0031727350215,5844.452278354974,0.03864385694210648,0.4,1,1,0,0.0,0.0,0.0,0.0,220,0
20100,r0008,2,7093.86625705169,6092.742319204282,-0.14112529071889907,0.4,1,1,0,0.0,0.0,0.0,0.0,279,0
20100,r0020,0,520.1436567959645,678.456503943717,0.30436369852695044,0.4,1,1,0,0.0,0.0,0.0,0.0,20,0
20100,r0020,1,4657.287355627155,2821.5467018503846,-0.3941652111198898,0.4,1,1,0,0.0,0.0,0.0,0.0,182,0
20100,r0007,0,3752.8654232518857,2706.44803266596,-0.27883157869252806,0.4,1,1,1,0.0,0.0,0.0,0.0,146,0
20100,r0007,1,5212.998117730844,3940.603633902492,-0.2440811324102702,0.4,1,1,0,0.0,0.0,0.0,0.0,205,0
20100,r0015,0,6051.118778235275,3817.2182096145743,-0.36917149546884076,0.4,1,1,0,0.0,0.0,0.0,0.0,235,0
20100,r0015,1,3903.741699962062,5362.993634687052,0.3738085270188781,0.4,1,1,0,0.0,0.0,0.0,0.0,154,0
20100,r0018,0,0.0,0.0,0.147573030325018,0.4,1,0,0,0.0,0.0,0.0,0.0,0,0
20101,r0004,0,5990.8807516764555,5255.8952594775765,-0.12268404641391067,0.4,1,1,1,394.8029548608714,394.8029548608714,0.0,60.327805775796506,98,2
20101,r0004,1,5015.180824639603,5615.977571147138,0.11979563001114912,0.4,1,1,0,0.0,0.0,0.0,0.0,199,0
20101,r0010,0,1307.600308902649,822.3840510051268,-0.37107383241957204,0.4,1,1,1,500.6295363698026,500.6295363698026,0.0,30.0784447612574,19,2
20101,r0015,0,0.0,0.0,0.029770493950904364,0.4,1,0,0,0.0,0.0,0.0,0.0,0,0
20101,r0007,0,4684.175557087303,6034.591987973573,0.28829330037450196,0.4,1,1,1,371.76814689835953,0.0,371.76814689835953,51.897909767366016,74,2
20101,r0007,1,2736.462997781182,3183.4174538194457,0.16333290689502078,0.4,1,1,0,0.0,0.0,0.0,0.0,103,0
20101,r0018,0,2455.4223981062896,1921.2048592747597,-0.21756645180215753,0.4,1,1,1,52.951646768419835,52.951646768419835,0.0,37.109602872965624,36,2
20101,r0020,0,0.0,0.0,0.20604555995671114,0.4,1,0,0,0.0,0.0,0.0,0.0,0,0
20101,r0000,0,0.0,0.0,-0.10431985364399232,0.4,1,0,0,0.0,0.0,0.0,0.0,0,0
20101,r0002,0,1954.6976949449381,1767.3239491468848,-0.09585817095023047,0.4,1,1,1,322.0263152111963,322.0263152111963,0.0,34.628017657068604,30,2
20101,r0014,0,0.0,0.0,-0.03596672217846697,0.4,1,0,0,0.0,0.0,0.0,0.0,0,0
20101,r0005,0,0.0,0.0,-0.0999452620321154,0.4,1,0,0,0.0,0.0,0.0,0.0,0,0
20101,r0005,1,1203.6788707907035,1040.6983223684138,-0.13540201824364234,0.4,1,1,0,0.0,0.0,0.0,0.0,82,0
20101,r0001,0,0.0,0.0,0.30353064904081106,0.4,1,0,0,0.0,0.0,0.0,0.0,0,0
20102,r0006,0,5962.397095035994,8170.527372369559,0.3703427064882926,0.4,1,0,0,0.0,0.0,0.0,0.0,0,0
20102,r0020,0,6416.887847161539,6114.612485520569,-0.04710622483057414,0.4,1,1,1,0.0,0.0,0.0,0.0,322,0
20102,r0022,0,61.32179839237142,44.2716885873654,-0.2780432122344132,0.4,1,1,0,0.0,0.0,0.0,0.0,2,0
20102,r0000,0,7833.99938928301,9514.955474229595,0.21457189379490516,0.4,1,0,0,0.0,0.0,0.0,0.0,0,0
20102,r0003,0,0.0,0.0,0.02013029553522916,0.4,1,0,0,0.0,0.0,0.0,0.0,0,0
20102,r0019,0,5072.4874886177495,5736.8080930536125,0.13096544958002254,0.4,1,1,1,0.0,0.0,0.0,0.0,247,0
20103,r0021,0,3076.616721086498,2938.8110926731024,-0.04479128890800865,0.4,1,1,1,2348.1468226837437,2348.1468226837437,0.0,144.714045335386,53,23
20103,r0002,0,501.05710566987364,404.43747457955675,-0.19283157547709875,0.4,1,1,1,466.38306392638714,466.38306392638714,0.0,49.936430424236534,8,23
20103,r0015,0,0.0,0.0,0.20728296994475004,0.4,1,0,0,0.0,0.0,0.0,0.0,0,0
20103,r0001,0,3095.7323076360753,3758.4740585750787,0.21408238344906427,0.4,1,1,1,446.2787502644495,0.0,446.2787502644495,142.70361396919225,52,23
20103,r0001,1,3197.9188133884636,2328.0172133613587,-0.272021164635312,0.4,1,1,0,0.0,0.0,0.0,0.0,140,0
20103,r0005,0,5347.679467493821,4493.457165900779,-0.159737004954295,0.4,1,1,1,106.67467585199631,106.67467585199631,0.0,40.4735807626047,92,2
20103,r0023,0,391.08507644978454,298.4937357107252,-0.23675498328801128,0.4,1,1,1,402.0492602081869,391.08507644978454,10.964183758402385,45.694063896776846,6,23
20103,r0012,0,0.0,0.0,0.14852213323805952,0.4,1,0,0,0.0,0.0,0.0,0.0,0,0
20103,r0009,0,0.0,0.0,0.19970068699346477,0.4,1,0,0,0.0,0.0,0.0,0.0,0,0
20103,r0009,1,2428.5321549466644,1649.6210749831473,-0.3207332784855071,0.4,1,1,0,0.0,0.0,0.0,0.0,88,0
20103,r0007,0,1242.5291725106,811.3455212526906,-0.34702094791599825,0.4,1,1,1,2096.842901909524,1242.5291725106,854.3137293989239,77.51181285272446,21,23
20103,r0007,1,8744.773183557081,10131.395767580456,0.15856587185481952,0.4,1,1,0,0.0,0.0,0.0,0.0,406,0
20104,r0008,0,5739.74777439216,3597.9630280537626,-0.3731496279146539,0.4,1,1,1,0.0,0.0,0.0,0.0,234,0
20104,r0007,0,443.2885442767474,537.9262106873863,0.2134899889304519,0.4,1,1,0,0.0,0.0,0.0,0.0,17,0
20104,r0012,0,800.4993954021811,521.8088930844034,-0.3481457998825345,0.4,1,1,0,0.0,0.0,0.0,0.0,32,0
20104,r0003,0,4515.574691247632,3887.3789335832057,-0.13911756545230752,0.4,1,1,1,0.0,0.0,0.0,0.0,184,0
20104,r0004,0,826.0216951418333,660.1583051096346,-0.20079786161514665,0.4,1,1,1,2829.872452552661,826.0216951418333,2003.8507574108276,138.70373926978218,33,28
20104,r0004,1,7575.543305970699,10028.413248412191,0.3237879902961218,0.4,1,0,0,0.0,0.0,0.0,0.0,0,0
20105,r0016,0,198.6242710793913,166.12942357960264,-0.1635995808729753,0.4,1,1,1,803.4897722787089,198.6242710793913,604.8655011993176,47.15387209780815,1,5
20105,r0006,0,2883.5358308057803,2544.5857985303405,-0.1175466691463733,0.4,1,1,1,194.065190928758,194.065190928758,0.0,56.65756927285612,25,5
20105,r0015,0,0.0,0.0,-0.19129521609601519,0.4,1,0,0,0.0,0.0,0.0,0.0,0,0
20105,r0017,0,0.0,0.0,-0.25872043585733895,0.4,1,0,0,0.0,0.0,0.0,0.0,0,0
20105,r0021,0,5232.924058029028,3880.5436440730527,-0.25843685078536127,0.4,1,1,1,203.56888810380593,203.56888810380593,0.0,64.57731691872942,45,5
20105,r0007,0,4972.25180082969,3102.6085537402964,-0.37601539945692564,0.4,1,1,1,783.8948891072613,783.8948891072613,0.0,245.90287623330426,43,28
20105,r0019,0,3239.238428683155,4080.2327053771487,0.25962716089284066,0.4,1,1,1,247.91947492069647,0.0,247.91947492069647,57.44954403744346,27,5
20105,r0008,0,3350.6094948663376,3329.951924791277,-0.006165317118187352,0.4,1,1,1,392.05888207559065,392.05888207559065,0.0,58.24151880203078,29,5
20105,r0002,0,2299.87709411536,2104.196215678483,-0.08508318941806109,0.4,1,1,1,3658.1946761328054,2299.87709411536,1358.3175820174456,161.98491717765603,19,28
20105,r0002,1,1851.6180198334914,1264.1562930255366,-0.31726939385736963,0.4,1,1,0,0.0,0.0,0.0,0.0,131,0
20105,r0012,0,444.8262640638968,325.2175549992196,-0.26888859477842364,0.4,1,1,1,566.2933302848033,444.8262640638968,121.46706622090653,47.945846862395484,3,5
20105,r0012,1,2825.994258183593,2315.203809395227,-0.1807471644038925,0.4,1,1,0,0.0,0.0,0.0,0.0,114,0
20105,r0018,0,0.0,0.0,0.014517550432942616,0.4,1,0,0,0.0,0.0,0.0,0.0,0,0
20106,r0011,0,3570.84842677342,3512.4191684704,-0.016362850314488475,0.4,1,1,1,0.0,0.0,0.0,0.0,195,0
20106,r0007,0,5544.042039305154,6090.170963686391,0.09850735627713325,0.4,1,1,0,0.0,0.0,0.0,0.0,304,0
20106,r0000,0,0.0,0.0,-0.08074490898123088,0.4,1,0,0,0.0,0.0,0.0,0.0,0,0
