episode,episode_seed,node_id,group_size,proposal_weight,baseline_batch_size,proposal_exists,proposal_changed,risk_reduction,utility_regret,baseline_risk,proposal_risk,baseline_utility,proposal_reference_utility,baseline_ids,proposal_ids
0,20007,edge_5,1,0.6,4,1,0,0.0,-8.881784197001252e-16,0.18936409112455774,0.18936409112455774,7.812774865332264,7.812774865332265,r0000|r0007|r0002|r0015,r0000|r0007|r0002|r0015
0,20007,edge_5,1,1.0,4,1,0,0.0,0.0,0.18936409112455774,0.18936409112455774,7.812774865332264,7.812774865332264,r0000|r0007|r0002|r0015,r0000|r0007|r0002|r0015
0,20007,cloud_0,1,0.6,4,1,0,0.0,0.0,0.10933510563862571,0.10933510563862571,8.182065207007199,8.182065207007199,r0000|r0007|r0002|r0015,r0000|r0007|r0002|r0015
0,20007,cloud_0,1,1.0,4,1,0,0.0,0.0,0.10933510563862571,0.10933510563862571,8.182065207007199,8.182065207007199,r0000|r0007|r0002|r0015,r0000|r0007|r0002|r0015
0,20007,edge_5,2,0.6,3,1,0,0.0,0.0,0.21180251925265847,0.21180251925265847,7.709709408333777,7.709709408333777,r0000|r0007|r0002,r0000|r0007|r0002
0,20007,edge_5,2,1.0,3,1,0,0.0,8.881784197001252e-16,0.21180251925265847,0.21180251925265847,7.709709408333777,7.709709408333776,r0000|r0007|r0002,r0000|r0007|r0002
0,20007,cloud_0,2,0.6,3,1,0,0.0,0.0,0.11850263869163569,0.11850263869163569,8.07940555452577,8.07940555452577,r0000|r0007|r0002,r0000|r0007|r0002
0,20007,cloud_0,2,1.0,3,1,0,0.0,-1.7763568394002505e-15,0.11850263869163569,0.11850263869163569,8.07940555452577,8.079405554525772,r0000|r0007|r0002,r0000|r0007|r0002
0,20007,edge_5,4,0.6,3,1,0,0.0,0.0,0.2690146871598027,0.2690146871598027,7.609774805689073,7.609774805689073,r0000|r0007|r0002,r0000|r0007|r0002
0,20007,edge_5,4,1.0,3,1,0,0.0,0.0,0.2690146871598027,0.2690146871598027,7.609774805689073,7.609774805689073,r0000|r0007|r0002,r0000|r0007|r0002
0,20007,cloud_0,4,0.6,3,1,0,0.0,0.0,0.1598092993761456,0.1598092993761456,7.967891676000017,7.967891676000017,r0000|r0007|r0002,r0000|r0007|r0002
0,20007,cloud_0,4,1.0,3,1,0,0.0,8.881784197001252e-16,0.1598092993761456,0.1598092993761456,7.967891676000017,7.967891676000016,r0000|r0007|r0002,r0000|r0007|r0002
0,20007,edge_5,8,0.6,3,1,0,0.0,0.0,0.38343902297409116,0.38343902297409116,7.479384736785221,7.479384736785221,r0000|r0007|r0002,r0000|r0007|r0002
0,20007,edge_5,8,1.0,3,1,0,0.0,0.0,0.38343902297409116,0.38343902297409116,7.479384736785221,7.479384736785221,r0000|r0007|r0002,r0000|r0007|r0002
0,20007,cloud_0,8,0.6,3,1,0,0.0,8.881784197001252e-16,0.24242262074516538,0.24242262074516538,7.840748493343201,7.8407484933432,r0000|r0007|r0002,r0000|r0007|r0002
0,20007,cloud_0,8,1.0,3,1,0,0.0,8.881784197001252e-16,0.24242262074516538,0.24242262074516538,7.840748493343201,7.8407484933432,r0000|r0007|r0002,r0000|r0007|r0002
1,20008,cloud_0,1,0.6,7,1,0,0.0,0.0,0.19026338822618924,0.19026338822618924,6.811427974512475,6.811427974512475,r0012|r0008|r0005|r0000|r0023|r0014|r0013,r0012|r0008|r0005|r0000|r0023|r0014|r0013
1,20008,cloud_0,1,1.0,7,1,0,0.0,0.0,0.19026338822618924,0.19026338822618924,6.811427974512475,6.811427974512475,r0012|r0008|r0005|r0000|r0023|r0014|r0013,r0012|r0008|r0005|r0000|r0023|r0014|r0013
1,20008,cloud_0,2,0.6,7,1,0,0.0,0.0,0.3648026973770912,0.3648026973770912,6.717489876815966,6.717489876815966,r0012|r0008|r0005|r0000|r0023|r0014|r0013,r0012|r0008|r0005|r0000|r0023|r0014|r0013
1,20008,cloud_0,2,1.0,7,1,0,0.0,0.0,0.3648026973770912,0.3648026973770912,6.717489876815966,6.717489876815966,r0012|r0008|r0005|r0000|r0023|r0014|r0013,r0012|r0008|r0005|r0000|r0023|r0014|r0013
1,20008,cloud_0,4,0.6,7,1,0,0.0,0.0,0.713881315678895,0.713881315678895,6.618833641107976,6.618833641107976,r0012|r0008|r0005|r0000|r0023|r0014|r0013,r0012|r0008|r0005|r0000|r0023|r0014|r0013
1,20008,cloud_0,4,1.0,7,1,0,0.0,0.0,0.713881315678895,0.713881315678895,6.618833641107976,6.618833641107976,r0012|r0008|r0005|r0000|r0023|r0014|r0013,r0012|r0008|r0005|r0000|r0023|r0014|r0013
1,20008,cloud_0,8,0.6,4,1,0,0.0,0.0,0.22780788227444393,0.22780788227444393,6.476602665992232,6.476602665992232,r0008|r0000|r0014|r0013,r0008|r0000|r0014|r0013
1,20008,cloud_0,8,1.0,4,1,0,0.0,8.881784197001252e-16,0.22780788227444393,0.22780788227444393,6.476602665992232,6.476602665992231,r0008|r0000|r0014|r0013,r0008|r0000|r0014|r0013
2,20009,edge_5,1,0.6,3,1,0,0.0,8.881784197001252e-16,0.26643962676426564,0.26643962676426564,6.837632964584323,6.837632964584322,r0007|r0011|r0000,r0007|r0011|r0000
2,20009,edge_5,1,1.0,3,1,0,0.0,8.881784197001252e-16,0.26643962676426564,0.26643962676426564,6.837632964584323,6.837632964584322,r0007|r0011|r0000,r0007|r0011|r0000
2,20009,cloud_0,1,0.6,4,1,0,0.0,8.881784197001252e-16,0.35019167952190566,0.35019167952190566,7.284433658456436,7.284433658456435,r0007|r0011|r0020|r0000,r0007|r0011|r0020|r0000
2,20009,cloud_0,1,1.0,4,1,0,0.0,8.881784197001252e-16,0.35019167952190566,0.35019167952190566,7.284433658456436,7.284433658456435,r0007|r0011|r0020|r0000,r0007|r0011|r0020|r0000
2,20009,edge_5,2,0.6,3,1,0,0.0,8.881784197001252e-16,0.42395547635358444,0.42395547635358444,6.71042608707879,6.7104260870787895,r0007|r0011|r0000,r0007|r0011|r0000
2,20009,edge_5,2,1.0,3,1,0,0.0,8.881784197001252e-16,0.42395547635358444,0.42395547635358444,6.71042608707879,6.7104260870787895,r0007|r0011|r0000,r0007|r0011|r0000
2,20009,cloud_0,2,0.6,3,1,0,0.0,0.0,0.3701214869803398,0.3701214869803398,7.169550740174261,7.169550740174261,r0007|r0011|r0000,r0007|r0011|r0000
2,20009,cloud_0,2,1.0,3,1,0,0.0,8.881784197001252e-16,0.3701214869803398,0.3701214869803398,7.169550740174261,7.16955074017426,r0007|r0011|r0000,r0007|r0011|r0000
2,20009,edge_5,4,0.6,3,1,0,0.0,8.881784197001252e-16,0.7389871755322219,0.7389871755322219,6.600182719385412,6.600182719385411,r0007|r0011|r0000,r0007|r0011|r0000
2,20009,edge_5,4,1.0,3,1,0,0.0,0.0,0.7389871755322219,0.7389871755322219,6.600182719385412,6.600182719385412,r0007|r0011|r0000,r0007|r0011|r0000
2,20009,cloud_0,4,0.6,3,1,0,0.0,-8.881784197001252e-16,0.5442346566242589,0.5442346566242589,7.044660126524398,7.044660126524399,r0007|r0011|r0000,r0007|r0011|r0000
2,20009,cloud_0,4,1.0,3,1,0,0.0,8.881784197001252e-16,0.5442346566242589,0.5442346566242589,7.044660126524398,7.0446601265243975,r0007|r0011|r0000,r0007|r0011|r0000
2,20009,edge_5,8,0.6,4,1,0,0.0,0.0,2.906052891479558,2.906052891479558,6.520071273614576,6.520071273614576,r0007|r0011|r0020|r0000,r0007|r0011|r0020|r0000
2,20009,edge_5,8,1.0,4,1,0,0.0,-8.881784197001252e-16,2.906052891479558,2.906052891479558,6.520071273614576,6.520071273614577,r0007|r0011|r0020|r0000,r0007|r0011|r0020|r0000
2,20009,cloud_0,8,0.6,4,1,0,0.0,0.0,1.7137961180301216,1.7137961180301216,6.9297328015711805,6.9297328015711805,r0007|r0011|r0020|r0000,r0007|r0011|r0020|r0000
2,20009,cloud_0,8,1.0,4,1,0,0.0,0.0,1.7137961180301216,1.7137961180301216,6.9297328015711805,6.9297328015711805,r0007|r0011|r0020|r0000,r0007|r0011|r0020|r0000
3,20010,edge_2,1,0.6,2,1,0,0.0,0.0,0.057744862641052795,0.057744862641052795,6.511234606878606,6.511234606878606,r0020|r0000,r0020|r0000
3,20010,edge_2,1,1.0,2,1,0,0.0,-8.881784197001252e-16,0.057744862641052795,0.057744862641052795,6.511234606878606,6.511234606878607,r0020|r0000,r0020|r0000
3,20010,edge_5,1,0.6,2,1,0,0.0,0.0,0.07386053415260624,0.07386053415260624,6.612869926794394,6.612869926794394,r0020|r0000,r0020|r0000
3,20010,edge_5,1,1.0,2,1,0,0.0,0.0,0.07386053415260624,0.07386053415260624,6.612869926794394,6.612869926794394,r0020|r0000,r0020|r0000
3,20010,cloud_0,1,0.6,2,1,0,0.0,8.881784197001252e-16,0.027413953995233324,0.027413953995233324,7.025402023603896,7.025402023603895,r0020|r0000,r0020|r0000
3,20010,cloud_0,1,1.0,2,1,0,0.0,0.0,0.027413953995233324,0.027413953995233324,7.025402023603896,7.025402023603896,r0020|r0000,r0020|r0000
3,20010,edge_2,2,0.6,2,1,0,0.0,-8.881784197001252e-16,0.0874044866273892,0.0874044866273892,6.404101527508566,6.404101527508567,r0020|r0000,r0020|r0000
3,20010,edge_2,2,1.0,2,1,0,0.0,-8.881784197001252e-16,0.0874044866273892,0.0874044866273892,6.404101527508566,6.404101527508567,r0020|r0000,r0020|r0000
3,20010,edge_5,2,0.6,2,1,0,0.0,0.0,0.10162382524947393,0.10162382524947393,6.510131988622865,6.510131988622865,r0020|r0000,r0020|r0000
3,20010,edge_5,2,1.0,2,1,0,0.0,0.0,0.10162382524947393,0.10162382524947393,6.510131988622865,6.510131988622865,r0020|r0000,r0020|r0000
3,20010,cloud_0,2,0.6,2,1,0,0.0,0.0,0.04214964623539531,0.04214964623539531,6.925080603087086,6.925080603087086,r0020|r0000,r0020|r0000
3,20010,cloud_0,2,1.0,2,1,0,0.0,-8.881784197001252e-16,0.04214964623539531,0.04214964623539531,6.925080603087086,6.925080603087087,r0020|r0000,r0020|r0000
3,20010,edge_2,4,0.6,2,1,0,0.0,-8.881784197001252e-16,0.14672373460006197,0.14672373460006197,6.30405607394544,6.304056073945441,r0020|r0000,r0020|r0000
3,20010,edge_2,4,1.0,2,1,0,0.0,0.0,0.14672373460006197,0.14672373460006197,6.30405607394544,6.30405607394544,r0020|r0000,r0020|r0000
3,20010,edge_5,4,0.6,2,1,0,0.0,0.0,0.15715040744320924,0.15715040744320924,6.398261438617242,6.398261438617242,r0020|r0000,r0020|r0000
3,20010,edge_5,4,1.0,2,1,0,0.0,0.0,0.15715040744320924,0.15715040744320924,6.398261438617242,6.398261438617242,r0020|r0000,r0020|r0000
3,20010,cloud_0,4,0.6,2,1,0,0.0,0.0,0.0716210307157193,0.0716210307157193,6.84011348589736,6.84011348589736,r0020|r0000,r0020|r0000
3,20010,cloud_0,4,1.0,2,1,0,0.0,0.0,0.0716210307157193,0.0716210307157193,6.84011348589736,6.84011348589736,r0020|r0000,r0020|r0000
3,20010,edge_2,8,0.6,2,1,0,0.0,8.881784197001252e-16,0.26536223054540753,0.26536223054540753,6.214075041216406,6.214075041216405,r0020|r0000,r0020|r0000
3,20010,edge_2,8,1.0,2,1,0,0.0,8.881784197001252e-16,0.26536223054540753,0.26536223054540753,6.214075041216406,6.214075041216405,r0020|r0000,r0020|r0000
3,20010,edge_5,8,0.6,2,1,0,0.0,0.0,0.26820357183067994,0.26820357183067994,6.290565242803735,6.290565242803735,r0020|r0000,r0020|r0000
3,20010,edge_5,8,1.0,2,1,0,0.0,0.0,0.26820357183067994,0.26820357183067994,6.290565242803735,6.290565242803735,r0020|r0000,r0020|r0000
3,20010,cloud_0,8,0.6,2,1,0,0.0,-8.881784197001252e-16,0.13056379967636728,0.13056379967636728,6.777384502987937,6.777384502987938,r0020|r0000,r0020|r0000
3,20010,cloud_0,8,1.0,2,1,0,0.0,-8.881784197001252e-16,0.13056379967636728,0.13056379967636728,6.777384502987937,6.777384502987938,r0020|r0000,r0020|r0000
4,20011,edge_2,1,0.6,2,1,0,0.0,0.0,0.06718809486674626,0.06718809486674626,6.06087318616354,6.06087318616354,r0006|r0011,r0006|r0011
4,20011,edge_2,1,1.0,2,1,0,0.0,0.0,0.06718809486674626,0.06718809486674626,6.06087318616354,6.06087318616354,r0006|r0011,r0006|r0011
4,20011,cloud_0,1,0.6,2,1,0,0.0,8.881784197001252e-16,0.03962648218081313,0.03962648218081313,6.292258193627174,6.292258193627173,r0006|r0011,r0006|r0011
4,20011,cloud_0,1,1.0,2,1,0,0.0,0.0,0.03962648218081313,0.03962648218081313,6.292258193627174,6.292258193627174,r0006|r0011,r0006|r0011
4,20011,edge_2,2,0.6,2,1,0,0.0,0.0,0.0955763864742939,0.0955763864742939,5.9593662454803695,5.9593662454803695,r0006|r0011,r0006|r0011
4,20011,edge_2,2,1.0,2,1,0,0.0,0.0,0.0955763864742939,0.0955763864742939,5.9593662454803695,5.9593662454803695,r0006|r0011,r0006|r0011
4,20011,cloud_0,2,0.6,2,1,0,0.0,-8.881784197001252e-16,0.054317631296096486,0.054317631296096486,6.196359957488435,6.196359957488436,r0006|r0011,r0006|r0011
4,20011,cloud_0,2,1.0,2,1,0,0.0,0.0,0.054317631296096486,0.054317631296096486,6.196359957488435,6.196359957488435,r0006|r0011,r0006|r0011
4,20011,cloud_0,4,0.6,2,1,0,0.0,0.0,0.08369992952666319,0.08369992952666319,6.097030958628819,6.097030958628819,r0006|r0011,r0006|r0011
4,20011,cloud_0,4,1.0,2,1,0,0.0,0.0,0.08369992952666319,0.08369992952666319,6.097030958628819,6.097030958628819,r0006|r0011,r0006|r0011
4,20011,cloud_0,8,0.6,2,1,0,0.0,0.0,0.14246452598779658,0.14246452598779658,6.014201661704934,6.014201661704934,r0006|r0011,r0006|r0011
4,20011,cloud_0,8,1.0,2,1,0,0.0,0.0,0.14246452598779658,0.14246452598779658,6.014201661704934,6.014201661704934,r0006|r0011,r0006|r0011
5,20012,edge_0,1,0.6,4,1,0,0.0,0.0,0.10178887874103733,0.10178887874103733,6.91248900898298,6.91248900898298,r0021|r0009|r0005|r0002,r0021|r0009|r0005|r0002
5,20012,edge_0,1,1.0,4,1,0,0.0,0.0,0.10178887874103733,0.10178887874103733,6.91248900898298,6.91248900898298,r0021|r0009|r0005|r0002,r0021|r0009|r0005|r0002
5,20012,edge_4,1,0.6,4,1,0,0.0,0.0,0.08984761579873171,0.08984761579873171,7.068600292776391,7.068600292776391,r0021|r0009|r0005|r0002,r0021|r0009|r0005|r0002
5,20012,edge_4,1,1.0,4,1,0,0.0,0.0,0.08984761579873171,0.08984761579873171,7.068600292776391,7.068600292776391,r0021|r0009|r0005|r0002,r0021|r0009|r0005|r0002
5,20012,cloud_0,1,0.6,4,1,0,0.0,8.881784197001252e-16,0.04033126516152258,0.04033126516152258,7.163872026603111,7.16387202660311,r0021|r0009|r0005|r0002,r0021|r0009|r0005|r0002
5,20012,cloud_0,1,1.0,4,1,0,0.0,0.0,0.04033126516152258,0.04033126516152258,7.163872026603111,7.163872026603111,r0021|r0009|r0005|r0002,r0021|r0009|r0005|r0002
5,20012,edge_0,2,0.6,5,1,0,0.0,0.0,2.432931272488571,2.432931272488571,6.783532551950762,6.783532551950762,r0021|r0003|r0009|r0005|r0002,r0021|r0003|r0009|r0005|r0002
5,20012,edge_0,2,1.0,5,1,0,0.0,8.881784197001252e-16,2.432931272488571,2.432931272488571,6.783532551950762,6.783532551950761,r0021|r0003|r0009|r0005|r0002,r0021|r0003|r0009|r0005|r0002
5,20012,edge_4,2,0.6,4,1,0,0.0,8.881784197001252e-16,0.13501992343221444,0.13501992343221444,6.933903020641399,6.933903020641398,r0021|r0009|r0005|r0002,r0021|r0009|r0005|r0002
5,20012,edge_4,2,1.0,4,1,0,0.0,0.0,0.13501992343221444,0.13501992343221444,6.933903020641399,6.933903020641399,r0021|r0009|r0005|r0002,r0021|r0009|r0005|r0002
5,20012,cloud_0,2,0.6,5,1,0,0.0,0.0,0.9476881425090877,0.9476881425090877,7.046667103432252,7.046667103432252,r0021|r0003|r0009|r0005|r0002,r0021|r0003|r0009|r0005|r0002
5,20012,cloud_0,2,1.0,5,1,0,0.0,0.0,0.9476881425090877,0.9476881425090877,7.046667103432252,7.046667103432252,r0021|r0003|r0009|r0005|r0002,r0021|r0003|r0009|r0005|r0002
5,20012,edge_4,4,0.6,4,1,0,0.0,0.0,0.22536453869917986,0.22536453869917986,6.800977057856095,6.800977057856095,r0021|r0009|r0005|r0002,r0021|r0009|r0005|r0002
5,20012,edge_4,4,1.0,4,1,0,0.0,0.0,0.22536453869917986,0.22536453869917986,6.800977057856095,6.800977057856095,r0021|r0009|r0005|r0002,r0021|r0009|r0005|r0002
5,20012,cloud_0,4,0.6,5,1,0,0.0,0.0,1.8228100236539355,1.8228100236539355,6.974901192429677,6.974901192429677,r0021|r0003|r0009|r0005|r0002,r0021|r0003|r0009|r0005|r0002
5,20012,cloud_0,4,1.0,5,1,0,0.0,-8.881784197001252e-16,1.8228100236539355,1.8228100236539355,6.974901192429677,6.9749011924296775,r0021|r0003|r0009|r0005|r0002,r0021|r0003|r0009|r0005|r0002
5,20012,edge_4,8,0.6,4,1,0,0.0,8.881784197001252e-16,0.40605376923311076,0.40605376923311076,6.689148340093351,6.68914834009335,r0021|r0009|r0005|r0002,r0021|r0009|r0005|r0002
5,20012,edge_4,8,1.0,4,1,0,0.0,0.0,0.40605376923311076,0.40605376923311076,6.689148340093351,6.689148340093351,r0021|r0009|r0005|r0002,r0021|r0009|r0005|r0002
5,20012,cloud_0,8,0.6,5,1,0,0.0,0.0,2.91013328540194,2.91013328540194,6.907355698786767,6.907355698786767,r0021|r0003|r0009|r0005|r0002,r0021|r0003|r0009|r0005|r0002
5,20012,cloud_0,8,1.0,5,1,0,0.0,-8.881784197001252e-16,2.91013328540194,2.91013328540194,6.907355698786767,6.907355698786768,r0021|r0003|r0009|r0005|r0002,r0021|r0003|r0009|r0005|r0002
6,20013,edge_2,1,0.6,5,1,0,0.0,0.0,0.5618369052313428,0.5618369052313428,6.827755713480606,6.827755713480606,r0002|r0017|r0011|r0004|r0023,r0002|r0017|r0011|r0004|r0023
6,20013,edge_2,1,1.0,5,1,0,0.0,0.0,0.5618369052313428,0.5618369052313428,6.827755713480606,6.827755713480606,r0002|r0017|r0011|r0004|r0023,r0002|r0017|r0011|r0004|r0023
6,20013,cloud_0,1,0.6,5,1,0,0.0,8.881784197001252e-16,0.311264453582726,0.311264453582726,7.4923380659834535,7.492338065983453,r0002|r0017|r0011|r0004|r0023,r0002|r0017|r0011|r0004|r0023
6,20013,cloud_0,1,1.0,5,1,0,0.0,0.0,0.311264453582726,0.311264453582726,7.4923380659834535,7.4923380659834535,r0002|r0017|r0011|r0004|r0023,r0002|r0017|r0011|r0004|r0023
6,20013,edge_2,2,0.6,5,1,0,0.0,0.0,0.9090678368975326,0.9090678368975326,6.6821160725746305,6.6821160725746305,r0002|r0017|r0011|r0004|r0023,r0002|r0017|r0011|r0004|r0023
6,20013,edge_2,2,1.0,5,1,0,0.0,0.0,0.9090678368975326,0.9090678368975326,6.6821160725746305,6.6821160725746305,r0002|r0017|r0011|r0004|r0023,r0002|r0017|r0011|r0004|r0023
6,20013,cloud_0,2,0.6,5,1,0,0.0,0.0,0.4623635180236225,0.4623635180236225,7.360313781320925,7.360313781320925,r0002|r0017|r0011|r0004|r0023,r0002|r0017|r0011|r0004|r0023
6,20013,cloud_0,2,1.0,5,1,0,0.0,0.0,0.4623635180236225,0.4623635180236225,7.360313781320925,7.360313781320925,r0002|r0017|r0011|r0004|r0023,r0002|r0017|r0011|r0004|r0023
6,20013,cloud_0,4,0.6,5,1,0,0.0,0.0,0.7645616469054157,0.7645616469054157,7.224073848203149,7.224073848203149,r0002|r0017|r0011|r0004|r0023,r0002|r0017|r0011|r0004|r0023
6,20013,cloud_0,4,1.0,5,1,0,0.0,0.0,0.7645616469054157,0.7645616469054157,7.224073848203149,7.224073848203149,r0002|r0017|r0011|r0004|r0023,r0002|r0017|r0011|r0004|r0023
6,20013,cloud_0,8,0.6,5,1,0,0.0,0.0,1.368957904669002,1.368957904669002,7.108604745803478,7.108604745803478,r0002|r0017|r0011|r0004|r0023,r0002|r0017|r0011|r0004|r0023
6,20013,cloud_0,8,1.0,5,1,0,0.0,0.0,1.368957904669002,1.368957904669002,7.108604745803478,7.108604745803478,r0002|r0017|r0011|r0004|r0023,r0002|r0017|r0011|r0004|r0023
7,20014,edge_3,1,0.6,4,1,0,0.0,0.0,0.07924128200770295,0.07924128200770295,7.169943524014455,7.169943524014455,r0016|r0004|r0011|r0008,r0016|r0004|r0011|r0008
7,20014,edge_3,1,1.0,4,1,0,0.0,0.0,0.07924128200770295,0.07924128200770295,7.169943524014455,7.169943524014455,r0016|r0004|r0011|r0008,r0016|r0004|r0011|r0008
7,20014,cloud_0,1,0.6,4,1,0,0.0,0.0,0.08071321860495745,0.08071321860495745,7.396637987653215,7.396637987653215,r0016|r0004|r0011|r0008,r0016|r0004|r0011|r0008
7,20014,cloud_0,1,1.0,4,1,0,0.0,0.0,0.08071321860495745,0.08071321860495745,7.396637987653215,7.396637987653215,r0016|r0004|r0011|r0008,r0016|r0004|r0011|r0008
7,20014,edge_3,2,0.6,4,1,0,0.0,0.0,0.11351865649580219,0.11351865649580219,7.04181075895918,7.04181075895918,r0016|r0004|r0011|r0008,r0016|r0004|r0011|r0008
7,20014,edge_3,2,1.0,4,1,0,0.0,0.0,0.11351865649580219,0.11351865649580219,7.04181075895918,7.04181075895918,r0016|r0004|r0011|r0008,r0016|r0004|r0011|r0008
7,20014,cloud_0,2,0.6,4,1,0,0.0,0.0,0.11556776520919458,0.11556776520919458,7.269226921496927,7.269226921496927,r0016|r0004|r0011|r0008,r0016|r0004|r0011|r0008
7,20014,cloud_0,2,1.0,4,1,0,0.0,0.0,0.11556776520919458,0.11556776520919458,7.269226921496927,7.269226921496927,r0016|r0004|r0011|r0008,r0016|r0004|r0011|r0008
7,20014,edge_3,4,0.6,4,1,0,0.0,-8.881784197001252e-16,0.1820734054720007,0.1820734054720007,6.903843166993576,6.9038431669935765,r0016|r0004|r0011|r0008,r0016|r0004|r0011|r0008
7,20014,edge_3,4,1.0,4,1,0,0.0,-8.881784197001252e-16,0.1820734054720007,0.1820734054720007,6.903843166993576,6.9038431669935765,r0016|r0004|r0011|r0008,r0016|r0004|r0011|r0008
7,20014,cloud_0,4,0.6,4,1,0,0.0,0.0,0.18527685841766883,0.18527685841766883,7.132487819539258,7.132487819539258,r0016|r0004|r0011|r0008,r0016|r0004|r0011|r0008
7,20014,cloud_0,4,1.0,4,1,0,0.0,0.0,0.18527685841766883,0.18527685841766883,7.132487819539258,7.132487819539258,r0016|r0004|r0011|r0008,r0016|r0004|r0011|r0008
7,20014,edge_3,8,0.6,4,1,0,0.0,0.0,0.3191829034243977,0.3191829034243977,6.780231623763799,6.780231623763799,r0016|r0004|r0011|r0008,r0016|r0004|r0011|r0008
7,20014,edge_3,8,1.0,4,1,0,0.0,0.0,0.3191829034243977,0.3191829034243977,6.780231623763799,6.780231623763799,r0016|r0004|r0011|r0008,r0016|r0004|r0011|r0008
7,20014,cloud_0,8,0.6,4,1,0,0.0,0.0,0.3246950448346173,0.3246950448346173,7.011273382553792,7.011273382553792,r0016|r0004|r0011|r0008,r0016|r0004|r0011|r0008
7,20014,cloud_0,8,1.0,4,1,0,0.0,-8.881784197001252e-16,0.3246950448346173,0.3246950448346173,7.011273382553792,7.011273382553793,r0016|r0004|r0011|r0008,r0016|r0004|r0011|r0008
8,20015,cloud_0,1,0.6,3,1,0,0.0,1.7763568394002505e-15,0.17816234714488044,0.17816234714488044,8.083737181180986,8.083737181180984,r0022|r0011|r0017,r0022|r0011|r0017
8,20015,cloud_0,1,1.0,3,1,0,0.0,1.7763568394002505e-15,0.17816234714488044,0.17816234714488044,8.083737181180986,8.083737181180984,r0022|r0011|r0017,r0022|r0011|r0017
8,20015,cloud_0,2,0.6,3,1,0,0.0,0.0,0.2385789071044073,0.2385789071044073,7.972340936051585,7.972340936051585,r0022|r0011|r0017,r0022|r0011|r0017
8,20015,cloud_0,2,1.0,3,1,0,0.0,0.0,0.2385789071044073,0.2385789071044073,7.972340936051585,7.972340936051585,r0022|r0011|r0017,r0022|r0011|r0017
8,20015,cloud_0,4,0.6,3,1,0,0.0,8.881784197001252e-16,0.35941202702346114,0.35941202702346114,7.8424021386549585,7.842402138654958,r0022|r0011|r0017,r0022|r0011|r0017
8,20015,cloud_0,4,1.0,3,1,0,0.0,8.881784197001252e-16,0.35941202702346114,0.35941202702346114,7.8424021386549585,7.842402138654958,r0022|r0011|r0017,r0022|r0011|r0017
8,20015,cloud_0,8,0.6,3,1,0,0.0,0.0,0.6010782668615686,0.6010782668615686,7.7177180007691595,7.7177180007691595,r0022|r0011|r0017,r0022|r0011|r0017
8,20015,cloud_0,8,1.0,3,1,0,0.0,8.881784197001252e-16,0.6010782668615686,0.6010782668615686,7.7177180007691595,7.717718000769159,r0022|r0011|r0017,r0022|r0011|r0017
9,20016,edge_1,1,0.6,3,1,0,0.0,8.881784197001252e-16,0.19112658274849562,0.19112658274849562,6.985406318700232,6.985406318700231,r0000|r0007|r0012,r0000|r0007|r0012
9,20016,edge_1,1,1.0,3,1,0,0.0,8.881784197001252e-16,0.19112658274849562,0.19112658274849562,6.985406318700232,6.985406318700231,r0000|r0007|r0012,r0000|r0007|r0012
9,20016,cloud_0,1,0.6,3,1,0,0.0,0.0,0.11459962703033778,0.11459962703033778,7.439022081023771,7.439022081023771,r0000|r0007|r0012,r0000|r0007|r0012
9,20016,cloud_0,1,1.0,3,1,0,0.0,0.0,0.11459962703033778,0.11459962703033778,7.439022081023771,7.439022081023771,r0000|r0007|r0012,r0000|r0007|r0012
9,20016,edge_1,2,0.6,3,1,0,0.0,0.0,0.27788534090362055,0.27788534090362055,6.856999179506366,6.856999179506366,r0000|r0007|r0012,r0000|r0007|r0012
9,20016,edge_1,2,1.0,3,1,0,0.0,0.0,0.27788534090362055,0.27788534090362055,6.856999179506366,6.856999179506366,r0000|r0007|r0012,r0000|r0007|r0012
9,20016,cloud_0,2,0.6,3,1,0,0.0,0.0,0.15857483989852716,0.15857483989852716,7.322855857967858,7.322855857967858,r0000|r0007|r0012,r0000|r0007|r0012
9,20016,cloud_0,2,1.0,3,1,0,0.0,-8.881784197001252e-16,0.15857483989852716,0.15857483989852716,7.322855857967858,7.322855857967859,r0000|r0007|r0012,r0000|r0007|r0012
9,20016,edge_1,4,0.6,3,1,0,0.0,0.0,0.4514028572138706,0.4514028572138706,6.725104424820664,6.725104424820664,r0000|r0007|r0012,r0000|r0007|r0012
9,20016,edge_1,4,1.0,3,1,0,0.0,8.881784197001252e-16,0.4514028572138706,0.4514028572138706,6.725104424820664,6.725104424820663,r0000|r0007|r0012,r0000|r0007|r0012
9,20016,cloud_0,4,0.6,3,1,0,0.0,0.0,0.24652526563490587,0.24652526563490587,7.197142098805074,7.197142098805074,r0000|r0007|r0012,r0000|r0007|r0012
9,20016,cloud_0,4,1.0,3,1,0,0.0,0.0,0.24652526563490587,0.24652526563490587,7.197142098805074,7.197142098805074,r0000|r0007|r0012,r0000|r0007|r0012
9,20016,edge_1,8,0.6,3,1,0,0.0,0.0,0.7984378898343706,0.7984378898343706,6.606093611469647,6.606093611469647,r0000|r0007|r0012,r0000|r0007|r0012
9,20016,edge_1,8,1.0,3,1,0,0.0,0.0,0.7984378898343706,0.7984378898343706,6.606093611469647,6.606093611469647,r0000|r0007|r0012,r0000|r0007|r0012
9,20016,cloud_0,8,0.6,3,1,0,0.0,0.0,0.4224261171076635,0.4224261171076635,7.087256749533937,7.087256749533937,r0000|r0007|r0012,r0000|r0007|r0012
9,20016,cloud_0,8,1.0,3,1,0,0.0,8.881784197001252e-16,0.4224261171076635,0.4224261171076635,7.087256749533937,7.087256749533936,r0000|r0007|r0012,r0000|r0007|r0012
10,20017,edge_5,1,0.6,3,1,0,0.0,0.0,0.07888541039014053,0.07888541039014053,6.3436646709116555,6.3436646709116555,r0011|r0010|r0014,r0011|r0010|r0014
10,20017,edge_5,1,1.0,3,1,0,0.0,0.0,0.07888541039014053,0.07888541039014053,6.3436646709116555,6.3436646709116555,r0011|r0010|r0014,r0011|r0010|r0014
10,20017,cloud_0,1,0.6,3,1,0,0.0,0.0,0.03201479225089859,0.03201479225089859,6.5259747983004734,6.5259747983004734,r0011|r0010|r0014,r0011|r0010|r0014
10,20017,cloud_0,1,1.0,3,1,0,0.0,8.881784197001252e-16,0.03201479225089859,0.03201479225089859,6.5259747983004734,6.525974798300473,r0011|r0010|r0014,r0011|r0010|r0014
10,20017,edge_5,2,0.6,3,1,0,0.0,0.0,0.11243907169093646,0.11243907169093646,6.220058604486577,6.220058604486577,r0011|r0010|r0014,r0011|r0010|r0014
10,20017,edge_5,2,1.0,3,1,0,0.0,-8.881784197001252e-16,0.11243907169093646,0.11243907169093646,6.220058604486577,6.220058604486578,r0011|r0010|r0014,r0011|r0010|r0014
10,20017,cloud_0,2,0.6,3,1,0,0.0,0.0,0.04950998441490604,0.04950998441490604,6.401427798883188,6.401427798883188,r0011|r0010|r0014,r0011|r0010|r0014
10,20017,cloud_0,2,1.0,3,1,0,0.0,0.0,0.04950998441490604,0.04950998441490604,6.401427798883188,6.401427798883188,r0011|r0010|r0014,r0011|r0010|r0014
10,20017,edge_5,4,0.6,3,1,0,0.0,8.881784197001252e-16,0.17954639429252836,0.17954639429252836,6.090883227797988,6.090883227797987,r0011|r0010|r0014,r0011|r0010|r0014
10,20017,edge_5,4,1.0,3,1,0,0.0,0.0,0.17954639429252836,0.17954639429252836,6.090883227797988,6.090883227797988,r0011|r0010|r0014,r0011|r0010|r0014
10,20017,cloud_0,4,0.6,3,1,0,0.0,0.0,0.084500368742921,0.084500368742921,6.293023730260974,6.293023730260974,r0011|r0010|r0014,r0011|r0010|r0014
10,20017,cloud_0,4,1.0,3,1,0,0.0,0.0,0.084500368742921,0.084500368742921,6.293023730260974,6.293023730260974,r0011|r0010|r0014,r0011|r0010|r0014
10,20017,edge_5,8,0.6,3,1,0,0.0,0.0,0.31376103949571216,0.31376103949571216,5.976929056927261,5.976929056927261,r0011|r0010|r0014,r0011|r0010|r0014
10,20017,edge_5,8,1.0,3,1,0,0.0,0.0,0.31376103949571216,0.31376103949571216,5.976929056927261,5.976929056927261,r0011|r0010|r0014,r0011|r0010|r0014
10,20017,cloud_0,8,0.6,3,1,0,0.0,0.0,0.1544811373989509,0.1544811373989509,6.214487536788834,6.214487536788834,r0011|r0010|r0014,r0011|r0010|r0014
10,20017,cloud_0,8,1.0,3,1,0,0.0,8.881784197001252e-16,0.1544811373989509,0.1544811373989509,6.214487536788834,6.214487536788833,r0011|r0010|r0014,r0011|r0010|r0014
11,20018,edge_0,1,0.6,4,1,0,0.0,-8.881784197001252e-16,0.11552628736955733,0.11552628736955733,6.8248008231307296,6.82480082313073,r0016|r0000|r0021|r0020,r0016|r0000|r0021|r0020
11,20018,edge_0,1,1.0,4,1,0,0.0,0.0,0.11552628736955733,0.11552628736955733,6.8248008231307296,6.8248008231307296,r0016|r0000|r0021|r0020,r0016|r0000|r0021|r0020
11,20018,cloud_0,1,0.6,4,1,0,0.0,0.0,0.10891105395344503,0.10891105395344503,7.278834505561054,7.278834505561054,r0016|r0000|r0021|r0020,r0016|r0000|r0021|r0020
11,20018,cloud_0,1,1.0,4,1,0,0.0,0.0,0.10891105395344503,0.10891105395344503,7.278834505561054,7.278834505561054,r0016|r0000|r0021|r0020,r0016|r0000|r0021|r0020
11,20018,edge_0,2,0.6,5,1,0,0.0,8.881784197001252e-16,0.5537745639199418,0.5537745639199418,6.732619459729242,6.732619459729241,r0016|r0000|r0012|r0021|r0020,r0016|r0000|r0012|r0021|r0020
11,20018,edge_0,2,1.0,5,1,0,0.0,8.881784197001252e-16,0.5537745639199418,0.5537745639199418,6.732619459729242,6.732619459729241,r0016|r0000|r0012|r0021|r0020,r0016|r0000|r0012|r0021|r0020
11,20018,cloud_0,2,0.6,4,1,0,0.0,0.0,0.15588888427101819,0.15588888427101819,7.151569665963049,7.151569665963049,r0016|r0000|r0021|r0020,r0016|r0000|r0021|r0020
11,20018,cloud_0,2,1.0,4,1,0,0.0,0.0,0.15588888427101819,0.15588888427101819,7.151569665963049,7.151569665963049,r0016|r0000|r0021|r0020,r0016|r0000|r0021|r0020
11,20018,edge_0,4,0.6,5,1,0,0.0,0.0,1.0714543008721475,1.0714543008721475,6.653677890171708,6.653677890171708,r0016|r0000|r0012|r0021|r0020,r0016|r0000|r0012|r0021|r0020
11,20018,edge_0,4,1.0,5,1,0,0.0,8.881784197001252e-16,1.0714543008721475,1.0714543008721475,6.653677890171708,6.653677890171707,r0016|r0000|r0012|r0021|r0020,r0016|r0000|r0012|r0021|r0020
11,20018,cloud_0,4,0.6,5,1,0,0.0,0.0,0.6611799813200477,0.6611799813200477,7.021992938118051,7.021992938118051,r0016|r0000|r0012|r0021|r0020,r0016|r0000|r0012|r0021|r0020
11,20018,cloud_0,4,1.0,5,1,0,0.0,0.0,0.6611799813200477,0.6611799813200477,7.021992938118051,7.021992938118051,r0016|r0000|r0012|r0021|r0020,r0016|r0000|r0012|r0021|r0020
11,20018,edge_0,8,0.6,5,1,0,0.0,-8.881784197001252e-16,2.106813774776559,2.106813774776559,6.560633351552417,6.560633351552418,r0016|r0000|r0012|r0021|r0020,r0016|r0000|r0012|r0021|r0020
11,20018,edge_0,8,1.0,5,1,0,0.0,-8.881784197001252e-16,2.106813774776559,2.106813774776559,6.560633351552417,6.560633351552418,r0016|r0000|r0012|r0021|r0020,r0016|r0000|r0012|r0021|r0020
11,20018,cloud_0,8,0.6,5,1,0,0.0,0.0,1.2538667155921879,1.2538667155921879,6.9212543270792795,6.9212543270792795,r0016|r0000|r0012|r0021|r0020,r0016|r0000|r0012|r0021|r0020
11,20018,cloud_0,8,1.0,5,1,0,0.0,0.0,1.2538667155921879,1.2538667155921879,6.9212543270792795,6.9212543270792795,r0016|r0000|r0012|r0021|r0020,r0016|r0000|r0012|r0021|r0020
12,20019,edge_0,1,0.6,6,1,0,0.0,0.0,1.3065300243519882,1.3065300243519882,7.024341105384648,7.024341105384648,r0020|r0018|r0007|r0016|r0015|r0000,r0020|r0018|r0007|r0016|r0015|r0000
12,20019,edge_0,1,1.0,6,1,0,0.0,0.0,1.3065300243519882,1.3065300243519882,7.024341105384648,7.024341105384648,r0020|r0018|r0007|r0016|r0015|r0000,r0020|r0018|r0007|r0016|r0015|r0000
12,20019,edge_4,1,0.6,6,1,0,0.0,0.0,1.2348193649438415,1.2348193649438415,6.94583429601365,6.94583429601365,r0020|r0018|r0007|r0016|r0015|r0000,r0020|r0018|r0007|r0016|r0015|r0000
12,20019,edge_4,1,1.0,6,1,0,0.0,0.0,1.2348193649438415,1.2348193649438415,6.94583429601365,6.94583429601365,r0020|r0018|r0007|r0016|r0015|r0000,r0020|r0018|r0007|r0016|r0015|r0000
12,20019,cloud_0,1,0.6,6,1,0,0.0,0.0,0.777320166241689,0.777320166241689,7.393966592629509,7.393966592629509,r0020|r0018|r0007|r0016|r0015|r0000,r0020|r0018|r0007|r0016|r0015|r0000
12,20019,cloud_0,1,1.0,6,1,0,0.0,0.0,0.777320166241689,0.777320166241689,7.393966592629509,7.393966592629509,r0020|r0018|r0007|r0016|r0015|r0000,r0020|r0018|r0007|r0016|r0015|r0000
12,20019,edge_0,2,0.6,6,1,0,0.0,0.0,1.9924316419895192,1.9924316419895192,6.886430639921539,6.886430639921539,r0020|r0018|r0007|r0016|r0015|r0000,r0020|r0018|r0007|r0016|r0015|r0000
12,20019,edge_0,2,1.0,6,1,0,0.0,8.881784197001252e-16,1.9924316419895192,1.9924316419895192,6.886430639921539,6.886430639921538,r0020|r0018|r0007|r0016|r0015|r0000,r0020|r0018|r0007|r0016|r0015|r0000
12,20019,edge_4,2,0.6,6,1,0,0.0,0.0,2.003683768847716,2.003683768847716,6.803022469841945,6.803022469841945,r0020|r0018|r0007|r0016|r0015|r0000,r0020|r0018|r0007|r0016|r0015|r0000
12,20019,edge_4,2,1.0,6,1,0,0.0,0.0,2.003683768847716,2.003683768847716,6.803022469841945,6.803022469841945,r0020|r0018|r0007|r0016|r0015|r0000,r0020|r0018|r0007|r0016|r0015|r0000
12,20019,cloud_0,2,0.6,6,1,0,0.0,0.0,1.28241505978877,1.28241505978877,7.256874204774563,7.256874204774563,r0020|r0018|r0007|r0016|r0015|r0000,r0020|r0018|r0007|r0016|r0015|r0000
12,20019,cloud_0,2,1.0,6,1,0,0.0,0.0,1.28241505978877,1.28241505978877,7.256874204774563,7.256874204774563,r0020|r0018|r0007|r0016|r0015|r0000,r0020|r0018|r0007|r0016|r0015|r0000
12,20019,edge_0,4,0.6,6,1,0,0.0,0.0,3.2716510311382057,3.2716510311382057,6.7432982525430765,6.7432982525430765,r0020|r0018|r0007|r0016|r0015|r0000,r0020|r0018|r0007|r0016|r0015|r0000
12,20019,edge_0,4,1.0,6,1,1,2.3003400752840952,1.9225342002270986,3.2716510311382057,0.9713109558541105,6.7432982525430765,4.820764052315978,r0020|r0018|r0007|r0016|r0015|r0000,r0020|r0007|r0011|r0023|r0015|r0000
12,20019,edge_4,4,0.6,6,1,0,0.0,0.0,3.2685781993729477,3.2685781993729477,6.6707891654391105,6.6707891654391105,r0020|r0018|r0007|r0016|r0015|r0000,r0020|r0018|r0007|r0016|r0015|r0000
12,20019,edge_4,4,1.0,6,1,1,2.215134375765059,1.9005451472611012,3.2685781993729477,1.053443823607889,6.6707891654391105,4.770244018178009,r0020|r0018|r0007|r0016|r0015|r0000,r0020|r0007|r0011|r0023|r0015|r0000
12,20019,cloud_0,4,0.6,6,1,0,0.0,0.0,2.292604846882933,2.292604846882933,7.138473365617597,7.138473365617597,r0020|r0018|r0007|r0016|r0015|r0000,r0020|r0018|r0007|r0016|r0015|r0000
12,20019,cloud_0,4,1.0,6,1,0,0.0,0.0,2.292604846882933,2.292604846882933,7.138473365617597,7.138473365617597,r0020|r0018|r0007|r0016|r0015|r0000,r0020|r0018|r0007|r0016|r0015|r0000
12,20019,edge_0,8,0.6,6,1,0,0.0,0.0,4.258453215135011,4.258453215135011,6.619784510363706,6.619784510363706,r0020|r0018|r0007|r0016|r0015|r0000,r0020|r0018|r0007|r0016|r0015|r0000
12,20019,edge_0,8,1.0,6,1,1,2.3950875415619226,1.9056883585465894,4.258453215135011,1.8633656735730888,6.619784510363706,4.714096151817117,r0020|r0018|r0007|r0016|r0015|r0000,r0020|r0007|r0011|r0023|r0015|r0000
12,20019,edge_4,8,0.6,6,1,0,0.0,0.0,4.280144273662272,4.280144273662272,6.5629954573543525,6.5629954573543525,r0020|r0018|r0007|r0016|r0015|r0000,r0020|r0018|r0007|r0016|r0015|r0000
12,20019,edge_4,8,1.0,6,1,1,2.2324228664969548,1.8936676250148095,4.280144273662272,2.0477214071653176,6.5629954573543525,4.669327832339543,r0020|r0018|r0007|r0016|r0015|r0000,r0020|r0007|r0011|r0023|r0015|r0000
12,20019,cloud_0,8,0.6,6,1,0,0.0,0.0,3.5390454277868404,3.5390454277868404,7.051844477569176,7.051844477569176,r0020|r0018|r0007|r0016|r0015|r0000,r0020|r0018|r0007|r0016|r0015|r0000
12,20019,cloud_0,8,1.0,6,1,1,2.2079981989670108,1.8669920844224084,3.5390454277868404,1.3310472288198298,7.051844477569176,5.184852393146768,r0020|r0018|r0007|r0016|r0015|r0000,r0020|r0007|r0011|r0023|r0015|r0000
13,20020,edge_5,1,0.6,4,1,0,0.0,8.881784197001252e-16,0.035662864514074744,0.035662864514074744,7.30886442628268,7.308864426282679,r0012|r0001|r0016|r0021,r0012|r0001|r0016|r0021
13,20020,edge_5,1,1.0,4,1,0,0.0,8.881784197001252e-16,0.035662864514074744,0.035662864514074744,7.30886442628268,7.308864426282679,r0012|r0001|r0016|r0021,r0012|r0001|r0016|r0021
13,20020,cloud_0,1,0.6,4,1,0,0.0,0.0,0.03233870144650939,0.03233870144650939,7.660896425020984,7.660896425020984,r0012|r0001|r0016|r0021,r0012|r0001|r0016|r0021
13,20020,cloud_0,1,1.0,4,1,0,0.0,8.881784197001252e-16,0.03233870144650939,0.03233870144650939,7.660896425020984,7.660896425020983,r0012|r0001|r0016|r0021,r0012|r0001|r0016|r0021
13,20020,edge_5,2,0.6,4,1,0,0.0,0.0,0.058889095276070995,0.058889095276070995,7.17872164293737,7.17872164293737,r0012|r0001|r0016|r0021,r0012|r0001|r0016|r0021
13,20020,edge_5,2,1.0,4,1,0,0.0,0.0,0.058889095276070995,0.058889095276070995,7.17872164293737,7.17872164293737,r0012|r0001|r0016|r0021,r0012|r0001|r0016|r0021
13,20020,cloud_0,2,0.6,4,1,0,0.0,-8.881784197001252e-16,0.05528901918314528,0.05528901918314528,7.540414695960712,7.540414695960713,r0012|r0001|r0016|r0021,r0012|r0001|r0016|r0021
13,20020,cloud_0,2,1.0,4,1,0,0.0,0.0,0.05528901918314528,0.05528901918314528,7.540414695960712,7.540414695960712,r0012|r0001|r0016|r0021,r0012|r0001|r0016|r0021
13,20020,edge_5,4,0.6,4,1,0,0.0,0.0,0.10534155680006346,0.10534155680006346,7.072761063538443,7.072761063538443,r0012|r0001|r0016|r0021,r0012|r0001|r0016|r0021
13,20020,edge_5,4,1.0,4,1,0,0.0,0.0,0.10534155680006346,0.10534155680006346,7.072761063538443,7.072761063538443,r0012|r0001|r0016|r0021,r0012|r0001|r0016|r0021
13,20020,cloud_0,4,0.6,4,1,0,0.0,0.0,0.10118965465641705,0.10118965465641705,7.450425006523791,7.450425006523791,r0012|r0001|r0016|r0021,r0012|r0001|r0016|r0021
13,20020,cloud_0,4,1.0,4,1,0,0.0,0.0,0.10118965465641705,0.10118965465641705,7.450425006523791,7.450425006523791,r0012|r0001|r0016|r0021,r0012|r0001|r0016|r0021
13,20020,edge_5,8,0.6,4,1,0,0.0,8.881784197001252e-16,0.19824647984804838,0.19824647984804838,6.9952417168190495,6.995241716819049,r0012|r0001|r0016|r0021,r0012|r0001|r0016|r0021
13,20020,edge_5,8,1.0,4,1,0,0.0,8.881784197001252e-16,0.19824647984804838,0.19824647984804838,6.9952417168190495,6.995241716819049,r0012|r0001|r0016|r0021,r0012|r0001|r0016|r0021
13,20020,cloud_0,8,0.6,4,1,0,0.0,-8.881784197001252e-16,0.1929909256029606,0.1929909256029606,7.389809674773928,7.389809674773929,r0012|r0001|r0016|r0021,r0012|r0001|r0016|r0021
13,20020,cloud_0,8,1.0,4,1,0,0.0,-8.881784197001252e-16,0.1929909256029606,0.1929909256029606,7.389809674773928,7.389809674773929,r0012|r0001|r0016|r0021,r0012|r0001|r0016|r0021
14,20021,edge_0,1,0.6,4,1,0,0.0,0.0,0.23045287967668893,0.23045287967668893,6.140655353937896,6.140655353937896,r0014|r0017|r0016|r0023,r0014|r0017|r0016|r0023
14,20021,edge_0,1,1.0,4,1,0,0.0,0.0,0.23045287967668893,0.23045287967668893,6.140655353937896,6.140655353937896,r0014|r0017|r0016|r0023,r0014|r0017|r0016|r0023
14,20021,edge_4,1,0.6,4,1,0,0.0,0.0,0.4017425626536885,0.4017425626536885,6.506689115154768,6.506689115154768,r0014|r0017|r0016|r0023,r0014|r0017|r0016|r0023
14,20021,edge_4,1,1.0,4,1,0,0.0,0.0,0.4017425626536885,0.4017425626536885,6.506689115154768,6.506689115154768,r0014|r0017|r0016|r0023,r0014|r0017|r0016|r0023
14,20021,cloud_0,1,0.6,4,1,0,0.0,8.881784197001252e-16,0.24303867777506555,0.24303867777506555,6.908402283761849,6.908402283761848,r0014|r0017|r0016|r0023,r0014|r0017|r0016|r0023
14,20021,cloud_0,1,1.0,4,1,0,0.0,8.881784197001252e-16,0.24303867777506555,0.24303867777506555,6.908402283761849,6.908402283761848,r0014|r0017|r0016|r0023,r0014|r0017|r0016|r0023
14,20021,edge_0,2,0.6,4,1,0,0.0,-8.881784197001252e-16,0.4457856818799084,0.4457856818799084,6.091855684164986,6.091855684164987,r0014|r0017|r0016|r0023,r0014|r0017|r0016|r0023
14,20021,edge_0,2,1.0,4,1,0,0.0,0.0,0.4457856818799084,0.4457856818799084,6.091855684164986,6.091855684164986,r0014|r0017|r0016|r0023,r0014|r0017|r0016|r0023
14,20021,edge_4,2,0.6,4,1,0,0.0,0.0,0.5835778471989185,0.5835778471989185,6.3718602146016865,6.3718602146016865,r0014|r0017|r0016|r0023,r0014|r0017|r0016|r0023
14,20021,edge_4,2,1.0,4,1,0,0.0,0.0,0.5835778471989185,0.5835778471989185,6.3718602146016865,6.3718602146016865,r0014|r0017|r0016|r0023,r0014|r0017|r0016|r0023
14,20021,cloud_0,2,0.6,4,1,0,0.0,8.881784197001252e-16,0.3301368788285353,0.3301368788285353,6.794403605388921,6.79440360538892,r0014|r0017|r0016|r0023,r0014|r0017|r0016|r0023
14,20021,cloud_0,2,1.0,4,1,0,0.0,8.881784197001252e-16,0.3301368788285353,0.3301368788285353,6.794403605388921,6.79440360538892,r0014|r0017|r0016|r0023,r0014|r0017|r0016|r0023
14,20021,edge_0,4,0.6,4,1,0,0.0,0.0,0.8764512862863474,0.8764512862863474,6.047902452137351,6.047902452137351,r0014|r0017|r0016|r0023,r0014|r0017|r0016|r0023
14,20021,edge_0,4,1.0,4,1,0,0.0,0.0,0.8764512862863474,0.8764512862863474,6.047902452137351,6.047902452137351,r0014|r0017|r0016|r0023,r0014|r0017|r0016|r0023
14,20021,edge_4,4,0.6,4,1,0,0.0,8.881784197001252e-16,0.9472484162893784,0.9472484162893784,6.226166688778088,6.226166688778087,r0014|r0017|r0016|r0023,r0014|r0017|r0016|r0023
14,20021,edge_4,4,1.0,4,1,0,0.0,8.881784197001252e-16,0.9472484162893784,0.9472484162893784,6.226166688778088,6.226166688778087,r0014|r0017|r0016|r0023,r0014|r0017|r0016|r0023
14,20021,cloud_0,4,0.6,4,1,0,0.0,0.0,0.5043332809354748,0.5043332809354748,6.661250253210244,6.661250253210244,r0014|r0017|r0016|r0023,r0014|r0017|r0016|r0023
14,20021,cloud_0,4,1.0,4,1,0,0.0,8.881784197001252e-16,0.5043332809354748,0.5043332809354748,6.661250253210244,6.661250253210243,r0014|r0017|r0016|r0023,r0014|r0017|r0016|r0023
14,20021,edge_0,8,0.6,4,1,0,0.0,0.0,1.7377824950992262,1.7377824950992262,5.992319023499727,5.992319023499727,r0014|r0017|r0016|r0023,r0014|r0017|r0016|r0023
14,20021,edge_0,8,1.0,4,1,0,0.0,0.0,1.7377824950992262,1.7377824950992262,5.992319023499727,5.992319023499727,r0014|r0017|r0016|r0023,r0014|r0017|r0016|r0023
14,20021,edge_4,8,0.6,4,1,0,0.0,-8.881784197001252e-16,1.674589554470298,1.674589554470298,6.088387720211042,6.088387720211043,r0014|r0017|r0016|r0023,r0014|r0017|r0016|r0023
14,20021,edge_4,8,1.0,4,1,0,0.0,0.0,1.674589554470298,1.674589554470298,6.088387720211042,6.088387720211042,r0014|r0017|r0016|r0023,r0014|r0017|r0016|r0023
14,20021,cloud_0,8,0.6,4,1,0,0.0,0.0,0.8527260851493539,0.8527260851493539,6.536587526695193,6.536587526695193,r0014|r0017|r0016|r0023,r0014|r0017|r0016|r0023
14,20021,cloud_0,8,1.0,4,1,0,0.0,0.0,0.8527260851493539,0.8527260851493539,6.536587526695193,6.536587526695193,r0014|r0017|r0016|r0023,r0014|r0017|r0016|r0023
15,20022,edge_1,1,0.6,8,1,0,0.0,0.0,0.17494987984373925,0.17494987984373925,6.808898488514626,6.808898488514626,r0023|r0001|r0019|r0022|r0014|r0007|r0002|r0009,r0023|r0001|r0019|r0022|r0014|r0007|r0002|r0009
15,20022,edge_1,1,1.0,8,1,0,0.0,-8.881784197001252e-16,0.17494987984373925,0.17494987984373925,6.808898488514626,6.808898488514627,r0023|r0001|r0019|r0022|r0014|r0007|r0002|r0009,r0023|r0001|r0019|r0022|r0014|r0007|r0002|r0009
15,20022,edge_5,1,0.6,8,1,0,0.0,0.0,0.20033035497336527,0.20033035497336527,6.613552208746341,6.613552208746341,r0023|r0001|r0019|r0022|r0014|r0007|r0002|r0009,r0023|r0001|r0019|r0022|r0014|r0007|r0002|r0009
15,20022,edge_5,1,1.0,8,1,0,0.0,0.0,0.20033035497336527,0.20033035497336527,6.613552208746341,6.613552208746341,r0023|r0001|r0019|r0022|r0014|r0007|r0002|r0009,r0023|r0001|r0019|r0022|r0014|r0007|r0002|r0009
15,20022,cloud_0,1,0.6,6,1,0,0.0,0.0,0.05894229729959748,0.05894229729959748,7.216465195251822,7.216465195251822,r0023|r0001|r0022|r0007|r0002|r0009,r0023|r0001|r0022|r0007|r0002|r0009
15,20022,cloud_0,1,1.0,6,1,0,0.0,0.0,0.05894229729959748,0.05894229729959748,7.216465195251822,7.216465195251822,r0023|r0001|r0022|r0007|r0002|r0009,r0023|r0001|r0022|r0007|r0002|r0009
15,20022,edge_1,2,0.6,8,1,0,0.0,0.0,0.3215135731320743,0.3215135731320743,6.692082826355037,6.692082826355037,r0023|r0001|r0019|r0022|r0014|r0007|r0002|r0009,r0023|r0001|r0019|r0022|r0014|r0007|r0002|r0009
15,20022,edge_1,2,1.0,8,1,0,0.0,0.0,0.3215135731320743,0.3215135731320743,6.692082826355037,6.692082826355037,r0023|r0001|r0019|r0022|r0014|r0007|r0002|r0009,r0023|r0001|r0019|r0022|r0014|r0007|r0002|r0009
15,20022,edge_5,2,0.6,8,1,0,0.0,8.881784197001252e-16,0.39504052442506155,0.39504052442506155,6.569136986260257,6.569136986260256,r0023|r0001|r0019|r0022|r0014|r0007|r0002|r0009,r0023|r0001|r0019|r0022|r0014|r0007|r0002|r0009
15,20022,edge_5,2,1.0,8,1,0,0.0,8.881784197001252e-16,0.39504052442506155,0.39504052442506155,6.569136986260257,6.569136986260256,r0023|r0001|r0019|r0022|r0014|r0007|r0002|r0009,r0023|r0001|r0019|r0022|r0014|r0007|r0002|r0009
15,20022,cloud_0,2,0.6,8,1,0,0.0,0.0,0.2673902867417009,0.2673902867417009,7.09126965347163,7.09126965347163,r0023|r0001|r0019|r0022|r0014|r0007|r0002|r0009,r0023|r0001|r0019|r0022|r0014|r0007|r0002|r0009
15,20022,cloud_0,2,1.0,8,1,0,0.0,0.0,0.2673902867417009,0.2673902867417009,7.09126965347163,7.09126965347163,r0023|r0001|r0019|r0022|r0014|r0007|r0002|r0009,r0023|r0001|r0019|r0022|r0014|r0007|r0002|r0009
15,20022,edge_1,4,0.6,8,1,0,0.0,0.0,0.6146409597087443,0.6146409597087443,6.59682281464182,6.59682281464182,r0023|r0001|r0019|r0022|r0014|r0007|r0002|r0009,r0023|r0001|r0019|r0022|r0014|r0007|r0002|r0009
15,20022,edge_1,4,1.0,8,1,0,0.0,0.0,0.6146409597087443,0.6146409597087443,6.59682281464182,6.59682281464182,r0023|r0001|r0019|r0022|r0014|r0007|r0002|r0009,r0023|r0001|r0019|r0022|r0014|r0007|r0002|r0009
15,20022,edge_5,4,0.6,8,1,0,0.0,0.0,0.7844608633284542,0.7844608633284542,6.518462997937696,6.518462997937696,r0023|r0001|r0019|r0022|r0014|r0007|r0002|r0009,r0023|r0001|r0019|r0022|r0014|r0007|r0002|r0009
15,20022,edge_5,4,1.0,8,1,0,0.0,0.0,0.7844608633284542,0.7844608633284542,6.518462997937696,6.518462997937696,r0023|r0001|r0019|r0022|r0014|r0007|r0002|r0009,r0023|r0001|r0019|r0022|r0014|r0007|r0002|r0009
15,20022,cloud_0,4,0.6,8,1,0,0.0,0.0,0.5117686063127728,0.5117686063127728,7.000670531307469,7.000670531307469,r0023|r0001|r0019|r0022|r0014|r0007|r0002|r0009,r0023|r0001|r0019|r0022|r0014|r0007|r0002|r0009
15,20022,cloud_0,4,1.0,8,1,0,0.0,0.0,0.5117686063127728,0.5117686063127728,7.000670531307469,7.000670531307469,r0023|r0001|r0019|r0022|r0014|r0007|r0002|r0009,r0023|r0001|r0019|r0022|r0014|r0007|r0002|r0009
15,20022,edge_1,8,0.6,8,1,0,0.0,0.0,1.2008957328620846,1.2008957328620846,6.503763797593252,6.503763797593252,r0023|r0001|r0019|r0022|r0014|r0007|r0002|r0009,r0023|r0001|r0019|r0022|r0014|r0007|r0002|r0009
15,20022,edge_1,8,1.0,8,1,0,0.0,8.881784197001252e-16,1.2008957328620846,1.2008957328620846,6.503763797593252,6.503763797593251,r0023|r0001|r0019|r0022|r0014|r0007|r0002|r0009,r0023|r0001|r0019|r0022|r0014|r0007|r0002|r0009
15,20022,edge_5,8,0.6,8,1,0,0.0,0.0,1.5633015411352393,1.5633015411352393,6.437416014002547,6.437416014002547,r0023|r0001|r0019|r0022|r0014|r0007|r0002|r0009,r0023|r0001|r0019|r0022|r0014|r0007|r0002|r0009
15,20022,edge_5,8,1.0,8,1,0,0.0,8.881784197001252e-16,1.5633015411352393,1.5633015411352393,6.437416014002547,6.4374160140025465,r0023|r0001|r0019|r0022|r0014|r0007|r0002|r0009,r0023|r0001|r0019|r0022|r0014|r0007|r0002|r0009
15,20022,cloud_0,8,0.6,8,1,0,0.0,0.0,1.0005252454549165,1.0005252454549165,6.9152107366988504,6.9152107366988504,r0023|r0001|r0019|r0022|r0014|r0007|r0002|r0009,r0023|r0001|r0019|r0022|r0014|r0007|r0002|r0009
15,20022,cloud_0,8,1.0,8,1,0,0.0,0.0,1.0005252454549165,1.0005252454549165,6.9152107366988504,6.9152107366988504,r0023|r0001|r0019|r0022|r0014|r0007|r0002|r0009,r0023|r0001|r0019|r0022|r0014|r0007|r0002|r0009
16,20023,edge_2,1,0.6,3,1,0,0.0,0.0,0.1880686513549847,0.1880686513549847,6.936710203761574,6.936710203761574,r0001|r0020|r0003,r0001|r0020|r0003
16,20023,edge_2,1,1.0,3,1,0,0.0,0.0,0.1880686513549847,0.1880686513549847,6.936710203761574,6.936710203761574,r0001|r0020|r0003,r0001|r0020|r0003
16,20023,cloud_0,1,0.6,3,1,0,0.0,-8.881784197001252e-16,0.06706424778682413,0.06706424778682413,7.105974688516478,7.105974688516479,r0001|r0020|r0003,r0001|r0020|r0003
16,20023,cloud_0,1,1.0,3,1,0,0.0,-8.881784197001252e-16,0.06706424778682413,0.06706424778682413,7.105974688516478,7.105974688516479,r0001|r0020|r0003,r0001|r0020|r0003
16,20023,edge_2,2,0.6,3,1,0,0.0,0.0,0.2762736457673049,0.2762736457673049,6.801573565345077,6.801573565345077,r0001|r0020|r0003,r0001|r0020|r0003
16,20023,edge_2,2,1.0,3,1,0,0.0,0.0,0.2762736457673049,0.2762736457673049,6.801573565345077,6.801573565345077,r0001|r0020|r0003,r0001|r0020|r0003
16,20023,cloud_0,2,0.6,3,1,0,0.0,0.0,0.10680490360855334,0.10680490360855334,6.9804675922752,6.9804675922752,r0001|r0020|r0003,r0001|r0020|r0003
16,20023,cloud_0,2,1.0,3,1,0,0.0,0.0,0.10680490360855334,0.10680490360855334,6.9804675922752,6.9804675922752,r0001|r0020|r0003,r0001|r0020|r0003
16,20023,edge_2,4,0.6,3,1,0,0.0,0.0,0.45268363459194516,0.45268363459194516,6.659496733247184,6.659496733247184,r0001|r0020|r0003,r0001|r0020|r0003
16,20023,edge_2,4,1.0,3,1,0,0.0,0.0,0.45268363459194516,0.45268363459194516,6.659496733247184,6.659496733247184,r0001|r0020|r0003,r0001|r0020|r0003
16,20023,cloud_0,4,0.6,3,1,0,0.0,0.0,0.18628621525201172,0.18628621525201172,6.873683977328949,6.873683977328949,r0001|r0020|r0003,r0001|r0020|r0003
16,20023,cloud_0,4,1.0,3,1,0,0.0,0.0,0.18628621525201172,0.18628621525201172,6.873683977328949,6.873683977328949,r0001|r0020|r0003,r0001|r0020|r0003
16,20023,edge_2,8,0.6,3,1,0,0.0,-8.881784197001252e-16,0.805503612241226,0.805503612241226,6.519839233414838,6.519839233414839,r0001|r0020|r0003,r0001|r0020|r0003
16,20023,edge_2,8,1.0,3,1,0,0.0,0.0,0.805503612241226,0.805503612241226,6.519839233414838,6.519839233414838,r0001|r0020|r0003,r0001|r0020|r0003
16,20023,cloud_0,8,0.6,3,1,0,0.0,0.0,0.3452488385389285,0.3452488385389285,6.791320734188964,6.791320734188964,r0001|r0020|r0003,r0001|r0020|r0003
16,20023,cloud_0,8,1.0,3,1,0,0.0,0.0,0.3452488385389285,0.3452488385389285,6.791320734188964,6.791320734188964,r0001|r0020|r0003,r0001|r0020|r0003
17,20024,edge_0,1,0.6,6,1,0,0.0,8.881784197001252e-16,0.07713350805966498,0.07713350805966498,6.8086930256997675,6.808693025699767,r0019|r0005|r0003|r0001|r0020|r0022,r0019|r0005|r0003|r0001|r0020|r0022
17,20024,edge_0,1,1.0,6,1,0,0.0,0.0,0.07713350805966498,0.07713350805966498,6.8086930256997675,6.8086930256997675,r0019|r0005|r0003|r0001|r0020|r0022,r0019|r0005|r0003|r0001|r0020|r0022
17,20024,edge_5,1,0.6,6,1,0,0.0,0.0,0.06310728852441459,0.06310728852441459,7.013547592899619,7.013547592899619,r0019|r0005|r0003|r0001|r0020|r0022,r0019|r0005|r0003|r0001|r0020|r0022
17,20024,edge_5,1,1.0,6,1,0,0.0,0.0,0.06310728852441459,0.06310728852441459,7.013547592899619,7.013547592899619,r0019|r0005|r0003|r0001|r0020|r0022,r0019|r0005|r0003|r0001|r0020|r0022
17,20024,cloud_0,1,0.6,6,1,0,0.0,0.0,0.07188724054341648,0.07188724054341648,7.591555043890045,7.591555043890045,r0019|r0005|r0003|r0001|r0020|r0022,r0019|r0005|r0003|r0001|r0020|r0022
17,20024,cloud_0,1,1.0,6,1,0,0.0,0.0,0.07188724054341648,0.07188724054341648,7.591555043890045,7.591555043890045,r0019|r0005|r0003|r0001|r0020|r0022,r0019|r0005|r0003|r0001|r0020|r0022
17,20024,edge_0,2,0.6,6,1,0,0.0,8.881784197001252e-16,0.1388195850380663,0.1388195850380663,6.690089143173234,6.690089143173233,r0019|r0005|r0003|r0001|r0020|r0022,r0019|r0005|r0003|r0001|r0020|r0022
17,20024,edge_0,2,1.0,6,1,0,0.0,0.0,0.1388195850380663,0.1388195850380663,6.690089143173234,6.690089143173234,r0019|r0005|r0003|r0001|r0020|r0022,r0019|r0005|r0003|r0001|r0020|r0022
17,20024,edge_5,2,0.6,6,1,0,0.0,-8.881784197001252e-16,0.09618826371123512,0.09618826371123512,6.878687425749272,6.8786874257492725,r0019|r0005|r0003|r0001|r0020|r0022,r0019|r0005|r0003|r0001|r0020|r0022
17,20024,edge_5,2,1.0,6,1,0,0.0,-8.881784197001252e-16,0.09618826371123512,0.09618826371123512,6.878687425749272,6.8786874257492725,r0019|r0005|r0003|r0001|r0020|r0022,r0019|r0005|r0003|r0001|r0020|r0022
17,20024,cloud_0,2,0.6,6,1,0,0.0,0.0,0.1084323109148095,0.1084323109148095,7.459160482987146,7.459160482987146,r0019|r0005|r0003|r0001|r0020|r0022,r0019|r0005|r0003|r0001|r0020|r0022
17,20024,cloud_0,2,1.0,6,1,0,0.0,8.881784197001252e-16,0.1084323109148095,0.1084323109148095,7.459160482987146,7.459160482987145,r0019|r0005|r0003|r0001|r0020|r0022,r0019|r0005|r0003|r0001|r0020|r0022
17,20024,edge_0,4,0.6,6,1,0,0.0,0.0,0.262191738994869,0.262191738994869,6.597593302204122,6.597593302204122,r0019|r0005|r0003|r0001|r0020|r0022,r0019|r0005|r0003|r0001|r0020|r0022
17,20024,edge_0,4,1.0,6,1,0,0.0,0.0,0.262191738994869,0.262191738994869,6.597593302204122,6.597593302204122,r0019|r0005|r0003|r0001|r0020|r0022,r0019|r0005|r0003|r0001|r0020|r0022
17,20024,edge_5,4,0.6,6,1,0,0.0,0.0,0.16235021408487615,0.16235021408487615,6.741174525666628,6.741174525666628,r0019|r0005|r0003|r0001|r0020|r0022,r0019|r0005|r0003|r0001|r0020|r0022
17,20024,edge_5,4,1.0,6,1,0,0.0,0.0,0.16235021408487615,0.16235021408487615,6.741174525666628,6.741174525666628,r0019|r0005|r0003|r0001|r0020|r0022,r0019|r0005|r0003|r0001|r0020|r0022
17,20024,cloud_0,4,0.6,6,1,0,0.0,0.0,0.1815224516575956,0.1815224516575956,7.32232165896554,7.32232165896554,r0019|r0005|r0003|r0001|r0020|r0022,r0019|r0005|r0003|r0001|r0020|r0022
17,20024,cloud_0,4,1.0,6,1,0,0.0,8.881784197001252e-16,0.1815224516575956,0.1815224516575956,7.32232165896554,7.3223216589655395,r0019|r0005|r0003|r0001|r0020|r0022,r0019|r0005|r0003|r0001|r0020|r0022
17,20024,edge_0,8,0.6,6,1,0,0.0,0.0,0.5089360469084743,0.5089360469084743,6.517379987794789,6.517379987794789,r0019|r0005|r0003|r0001|r0020|r0022,r0019|r0005|r0003|r0001|r0020|r0022
17,20024,edge_0,8,1.0,6,1,0,0.0,0.0,0.5089360469084743,0.5089360469084743,6.517379987794789,6.517379987794789,r0019|r0005|r0003|r0001|r0020|r0022,r0019|r0005|r0003|r0001|r0020|r0022
17,20024,edge_5,8,0.6,6,1,0,0.0,0.0,0.2946741148321582,0.2946741148321582,6.6241715485821855,6.6241715485821855,r0019|r0005|r0003|r0001|r0020|r0022,r0019|r0005|r0003|r0001|r0020|r0022
17,20024,edge_5,8,1.0,6,1,0,0.0,0.0,0.2946741148321582,0.2946741148321582,6.6241715485821855,6.6241715485821855,r0019|r0005|r0003|r0001|r0020|r0022,r0019|r0005|r0003|r0001|r0020|r0022
17,20024,cloud_0,8,0.6,6,1,0,0.0,0.0,0.3277027331431677,0.3277027331431677,7.2061856331822725,7.2061856331822725,r0019|r0005|r0003|r0001|r0020|r0022,r0019|r0005|r0003|r0001|r0020|r0022
17,20024,cloud_0,8,1.0,6,1,0,0.0,0.0,0.3277027331431677,0.3277027331431677,7.2061856331822725,7.2061856331822725,r0019|r0005|r0003|r0001|r0020|r0022,r0019|r0005|r0003|r0001|r0020|r0022
18,20025,cloud_0,1,0.6,4,1,0,0.0,8.881784197001252e-16,0.35226569698941307,0.35226569698941307,7.880152083178084,7.880152083178083,r0005|r0014|r0021|r0023,r0005|r0014|r0021|r0023
18,20025,cloud_0,1,1.0,4,1,0,0.0,0.0,0.35226569698941307,0.35226569698941307,7.880152083178084,7.880152083178084,r0005|r0014|r0021|r0023,r0005|r0014|r0021|r0023
18,20025,cloud_0,2,0.6,4,1,0,0.0,0.0,0.5389602803918758,0.5389602803918758,7.742246660893777,7.742246660893777,r0005|r0014|r0021|r0023,r0005|r0014|r0021|r0023
18,20025,cloud_0,2,1.0,4,1,0,0.0,0.0,0.5389602803918758,0.5389602803918758,7.742246660893777,7.742246660893777,r0005|r0014|r0021|r0023,r0005|r0014|r0021|r0023
18,20025,cloud_0,4,0.6,4,1,0,0.0,-8.881784197001252e-16,0.9123494471968014,0.9123494471968014,7.608526165103451,7.608526165103452,r0005|r0014|r0021|r0023,r0005|r0014|r0021|r0023
18,20025,cloud_0,4,1.0,4,1,0,0.0,-8.881784197001252e-16,0.9123494471968014,0.9123494471968014,7.608526165103451,7.608526165103452,r0005|r0014|r0021|r0023,r0005|r0014|r0021|r0023
18,20025,cloud_0,8,0.6,4,1,0,0.0,8.881784197001252e-16,1.6591277808066527,1.6591277808066527,7.493742046396465,7.493742046396464,r0005|r0014|r0021|r0023,r0005|r0014|r0021|r0023
18,20025,cloud_0,8,1.0,4,1,0,0.0,0.0,1.6591277808066527,1.6591277808066527,7.493742046396465,7.493742046396465,r0005|r0014|r0021|r0023,r0005|r0014|r0021|r0023
19,20026,edge_3,1,0.6,3,1,0,0.0,0.0,0.04579108397075062,0.04579108397075062,7.066837826719397,7.066837826719397,r0022|r0006|r0018,r0022|r0006|r0018
19,20026,edge_3,1,1.0,3,1,0,0.0,0.0,0.04579108397075062,0.04579108397075062,7.066837826719397,7.066837826719397,r0022|r0006|r0018,r0022|r0006|r0018
19,20026,cloud_0,1,0.6,3,1,0,0.0,0.0,0.03861731188101233,0.03861731188101233,7.367540547301583,7.367540547301583,r0022|r0006|r0018,r0022|r0006|r0018
19,20026,cloud_0,1,1.0,3,1,0,0.0,0.0,0.03861731188101233,0.03861731188101233,7.367540547301583,7.367540547301583,r0022|r0006|r0018,r0022|r0006|r0018
19,20026,edge_3,2,0.6,3,1,0,0.0,0.0,0.07179381584247067,0.07179381584247067,6.941526430413313,6.941526430413313,r0022|r0006|r0018,r0022|r0006|r0018
19,20026,edge_3,2,1.0,3,1,0,0.0,8.881784197001252e-16,0.07179381584247067,0.07179381584247067,6.941526430413313,6.941526430413312,r0022|r0006|r0018,r0022|r0006|r0018
19,20026,cloud_0,2,0.6,3,1,0,0.0,0.0,0.06057442352048595,0.06057442352048595,7.243494076747102,7.243494076747102,r0022|r0006|r0018,r0022|r0006|r0018
19,20026,cloud_0,2,1.0,3,1,0,0.0,-8.881784197001252e-16,0.06057442352048595,0.06057442352048595,7.243494076747102,7.243494076747103,r0022|r0006|r0018,r0022|r0006|r0018
19,20026,edge_3,4,0.6,3,1,0,0.0,-8.881784197001252e-16,0.12379927958591079,0.12379927958591079,6.833624771822252,6.833624771822253,r0022|r0006|r0018,r0022|r0006|r0018
19,20026,edge_3,4,1.0,3,1,0,0.0,0.0,0.12379927958591079,0.12379927958591079,6.833624771822252,6.833624771822252,r0022|r0006|r0018,r0022|r0006|r0018
19,20026,cloud_0,4,0.6,3,1,0,0.0,0.0,0.10448864679943319,0.10448864679943319,7.138179639693027,7.138179639693027,r0022|r0006|r0018,r0022|r0006|r0018
19,20026,cloud_0,4,1.0,3,1,0,0.0,0.0,0.10448864679943319,0.10448864679943319,7.138179639693027,7.138179639693027,r0022|r0006|r0018,r0022|r0006|r0018
19,20026,edge_3,8,0.6,3,1,0,0.0,8.881784197001252e-16,0.227810207072791,0.227810207072791,6.753100338294874,6.753100338294873,r0022|r0006|r0018,r0022|r0006|r0018
19,20026,edge_3,8,1.0,3,1,0,0.0,8.881784197001252e-16,0.227810207072791,0.227810207072791,6.753100338294874,6.753100338294873,r0022|r0006|r0018,r0022|r0006|r0018
19,20026,cloud_0,8,0.6,3,1,0,0.0,0.0,0.1923170933573277,0.1923170933573277,7.062719137321781,7.062719137321781,r0022|r0006|r0018,r0022|r0006|r0018
19,20026,cloud_0,8,1.0,3,1,0,0.0,0.0,0.1923170933573277,0.1923170933573277,7.062719137321781,7.062719137321781,r0022|r0006|r0018,r0022|r0006|r0018
20,20027,cloud_0,1,0.6,3,1,0,0.0,-8.881784197001252e-16,0.040326737952851854,0.040326737952851854,7.324306680907525,7.324306680907526,r0000|r0013|r0003,r0000|r0013|r0003
20,20027,cloud_0,1,1.0,3,1,0,0.0,-8.881784197001252e-16,0.040326737952851854,0.040326737952851854,7.324306680907525,7.324306680907526,r0000|r0013|r0003,r0000|r0013|r0003
20,20027,cloud_0,2,0.6,3,1,0,0.0,0.0,0.04656900168804403,0.04656900168804403,7.261758284347403,7.261758284347403,r0000|r0013|r0003,r0000|r0013|r0003
20,20027,cloud_0,2,1.0,3,1,0,0.0,0.0,0.04656900168804403,0.04656900168804403,7.261758284347403,7.261758284347403,r0000|r0013|r0003,r0000|r0013|r0003
20,20027,cloud_0,4,0.6,3,1,0,0.0,8.881784197001252e-16,0.05905352915842841,0.05905352915842841,7.166625114679357,7.1666251146793565,r0000|r0013|r0003,r0000|r0013|r0003
20,20027,cloud_0,4,1.0,3,1,0,0.0,0.0,0.05905352915842841,0.05905352915842841,7.166625114679357,7.166625114679357,r0000|r0013|r0003,r0000|r0013|r0003
20,20027,cloud_0,8,0.6,3,1,0,0.0,-8.881784197001252e-16,0.08402258409919715,0.08402258409919715,7.045126231500739,7.04512623150074,r0000|r0013|r0003,r0000|r0013|r0003
20,20027,cloud_0,8,1.0,3,1,0,0.0,0.0,0.08402258409919715,0.08402258409919715,7.045126231500739,7.045126231500739,r0000|r0013|r0003,r0000|r0013|r0003
21,20028,cloud_0,1,0.6,4,1,0,0.0,-8.881784197001252e-16,0.07116142585620021,0.07116142585620021,7.474209448295351,7.474209448295352,r0005|r0001|r0014|r0017,r0005|r0001|r0014|r0017
21,20028,cloud_0,1,1.0,4,1,0,0.0,0.0,0.07116142585620021,0.07116142585620021,7.474209448295351,7.474209448295351,r0005|r0001|r0014|r0017,r0005|r0001|r0014|r0017
21,20028,cloud_0,2,0.6,4,1,0,0.0,0.0,0.10595433869992033,0.10595433869992033,7.3431804694601635,7.3431804694601635,r0005|r0001|r0014|r0017,r0005|r0001|r0014|r0017
21,20028,cloud_0,2,1.0,4,1,0,0.0,-8.881784197001252e-16,0.10595433869992033,0.10595433869992033,7.3431804694601635,7.343180469460164,r0005|r0001|r0014|r0017,r0005|r0001|r0014|r0017
21,20028,cloud_0,4,0.6,4,1,0,0.0,8.881784197001252e-16,0.17554016438736053,0.17554016438736053,7.214402461181548,7.214402461181547,r0005|r0001|r0014|r0017,r0005|r0001|r0014|r0017
21,20028,cloud_0,4,1.0,4,1,0,0.0,0.0,0.17554016438736053,0.17554016438736053,7.214402461181548,7.214402461181548,r0005|r0001|r0014|r0017,r0005|r0001|r0014|r0017
21,20028,cloud_0,8,0.6,4,1,0,0.0,0.0,0.314711815762241,0.314711815762241,7.1111432724171175,7.1111432724171175,r0005|r0001|r0014|r0017,r0005|r0001|r0014|r0017
21,20028,cloud_0,8,1.0,4,1,0,0.0,0.0,0.314711815762241,0.314711815762241,7.1111432724171175,7.1111432724171175,r0005|r0001|r0014|r0017,r0005|r0001|r0014|r0017
22,20029,cloud_0,1,0.6,7,1,0,0.0,0.0,0.32704065934738796,0.32704065934738796,6.494394789895637,6.494394789895637,r0015|r0017|r0000|r0006|r0023|r0008|r0005,r0015|r0017|r0000|r0006|r0023|r0008|r0005
22,20029,cloud_0,1,1.0,7,1,0,0.0,0.0,0.32704065934738796,0.32704065934738796,6.494394789895637,6.494394789895637,r0015|r0017|r0000|r0006|r0023|r0008|r0005,r0015|r0017|r0000|r0006|r0023|r0008|r0005
22,20029,cloud_0,2,0.6,7,1,0,0.0,0.0,0.5995747911696728,0.5995747911696728,6.379567411805521,6.379567411805521,r0015|r0017|r0000|r0006|r0023|r0008|r0005,r0015|r0017|r0000|r0006|r0023|r0008|r0005
22,20029,cloud_0,2,1.0,7,1,0,0.0,0.0,0.5995747911696728,0.5995747911696728,6.379567411805521,6.379567411805521,r0015|r0017|r0000|r0006|r0023|r0008|r0005,r0015|r0017|r0000|r0006|r0023|r0008|r0005
22,20029,cloud_0,4,0.6,7,1,0,0.0,0.0,1.1446430548142426,1.1446430548142426,6.287199414807777,6.287199414807777,r0015|r0017|r0000|r0006|r0023|r0008|r0005,r0015|r0017|r0000|r0006|r0023|r0008|r0005
22,20029,cloud_0,4,1.0,7,1,0,0.0,0.0,1.1446430548142426,1.1446430548142426,6.287199414807777,6.287199414807777,r0015|r0017|r0000|r0006|r0023|r0008|r0005,r0015|r0017|r0000|r0006|r0023|r0008|r0005
22,20029,cloud_0,8,0.6,7,1,0,0.0,0.0,2.234779582103383,2.234779582103383,6.198056454691609,6.198056454691609,r0015|r0017|r0000|r0006|r0023|r0008|r0005,r0015|r0017|r0000|r0006|r0023|r0008|r0005
22,20029,cloud_0,8,1.0,7,1,0,0.0,0.0,2.234779582103383,2.234779582103383,6.198056454691609,6.198056454691609,r0015|r0017|r0000|r0006|r0023|r0008|r0005,r0015|r0017|r0000|r0006|r0023|r0008|r0005
23,20030,cloud_0,1,0.6,3,1,0,0.0,0.0,0.052880668349748604,0.052880668349748604,8.098190761727208,8.098190761727208,r0007|r0000|r0014,r0007|r0000|r0014
23,20030,cloud_0,1,1.0,3,1,0,0.0,0.0,0.052880668349748604,0.052880668349748604,8.098190761727208,8.098190761727208,r0007|r0000|r0014,r0007|r0000|r0014
23,20030,cloud_0,2,0.6,3,1,0,0.0,1.7763568394002505e-15,0.07839397134837142,0.07839397134837142,7.972846823887447,7.972846823887445,r0007|r0000|r0014,r0007|r0000|r0014
23,20030,cloud_0,2,1.0,3,1,0,0.0,8.881784197001252e-16,0.07839397134837142,0.07839397134837142,7.972846823887447,7.972846823887446,r0007|r0000|r0014,r0007|r0000|r0014
23,20030,cloud_0,4,0.6,3,1,0,0.0,8.881784197001252e-16,0.12942057734561707,0.12942057734561707,7.853064269462687,7.853064269462686,r0007|r0000|r0014,r0007|r0000|r0014
23,20030,cloud_0,4,1.0,3,1,0,0.0,0.0,0.12942057734561707,0.12942057734561707,7.853064269462687,7.853064269462687,r0007|r0000|r0014,r0007|r0000|r0014
23,20030,cloud_0,8,0.6,3,1,0,0.0,0.0,0.23147378934010834,0.23147378934010834,7.757473171627538,7.757473171627538,r0007|r0000|r0014,r0007|r0000|r0014
23,20030,cloud_0,8,1.0,3,1,0,0.0,0.0,0.23147378934010834,0.23147378934010834,7.757473171627538,7.757473171627538,r0007|r0000|r0014,r0007|r0000|r0014
24,20031,edge_2,1,0.6,4,1,0,0.0,0.0,0.22922494541102895,0.22922494541102895,7.577897079760222,7.577897079760222,r0023|r0010|r0008|r0005,r0023|r0010|r0008|r0005
24,20031,edge_2,1,1.0,4,1,0,0.0,0.0,0.22922494541102895,0.22922494541102895,7.577897079760222,7.577897079760222,r0023|r0010|r0008|r0005,r0023|r0010|r0008|r0005
24,20031,cloud_0,1,0.6,4,1,0,0.0,-8.881784197001252e-16,0.12683986934019065,0.12683986934019065,7.782661566038664,7.782661566038665,r0023|r0010|r0008|r0005,r0023|r0010|r0008|r0005
24,20031,cloud_0,1,1.0,4,1,0,0.0,0.0,0.12683986934019065,0.12683986934019065,7.782661566038664,7.782661566038664,r0023|r0010|r0008|r0005,r0023|r0010|r0008|r0005
24,20031,edge_2,2,0.6,4,1,0,0.0,-8.881784197001252e-16,0.35938999289000045,0.35938999289000045,7.43867222268669,7.438672222686691,r0023|r0010|r0008|r0005,r0023|r0010|r0008|r0005
24,20031,edge_2,2,1.0,4,1,0,0.0,-8.881784197001252e-16,0.35938999289000045,0.35938999289000045,7.43867222268669,7.438672222686691,r0023|r0010|r0008|r0005,r0023|r0010|r0008|r0005
24,20031,cloud_0,2,0.6,4,1,0,0.0,-8.881784197001252e-16,0.20582623895506966,0.20582623895506966,7.649500771641773,7.649500771641774,r0023|r0010|r0008|r0005,r0023|r0010|r0008|r0005
24,20031,cloud_0,2,1.0,4,1,0,0.0,-8.881784197001252e-16,0.20582623895506966,0.20582623895506966,7.649500771641773,7.649500771641774,r0023|r0010|r0008|r0005,r0023|r0010|r0008|r0005
24,20031,edge_2,4,0.6,4,1,0,0.0,0.0,0.6197200878479434,0.6197200878479434,7.308545213994251,7.308545213994251,r0023|r0010|r0008|r0005,r0023|r0010|r0008|r0005
24,20031,edge_2,4,1.0,4,1,0,0.0,0.0,0.6197200878479434,0.6197200878479434,7.308545213994251,7.308545213994251,r0023|r0010|r0008|r0005,r0023|r0010|r0008|r0005
24,20031,cloud_0,4,0.6,4,1,0,0.0,0.0,0.3637989781848277,0.3637989781848277,7.536764476595743,7.536764476595743,r0023|r0010|r0008|r0005,r0023|r0010|r0008|r0005
24,20031,cloud_0,4,1.0,4,1,0,0.0,0.0,0.3637989781848277,0.3637989781848277,7.536764476595743,7.536764476595743,r0023|r0010|r0008|r0005,r0023|r0010|r0008|r0005
24,20031,edge_2,8,0.6,4,1,0,0.0,-8.881784197001252e-16,1.1403802777638299,1.1403802777638299,7.197300005036911,7.197300005036912,r0023|r0010|r0008|r0005,r0023|r0010|r0008|r0005
24,20031,edge_2,8,1.0,4,1,0,0.0,0.0,1.1403802777638299,1.1403802777638299,7.197300005036911,7.197300005036911,r0023|r0010|r0008|r0005,r0023|r0010|r0008|r0005
24,20031,cloud_0,8,0.6,4,1,0,0.0,0.0,0.6797444566443438,0.6797444566443438,7.451652316581214,7.451652316581214,r0023|r0010|r0008|r0005,r0023|r0010|r0008|r0005
24,20031,cloud_0,8,1.0,4,1,0,0.0,0.0,0.6797444566443438,0.6797444566443438,7.451652316581214,7.451652316581214,r0023|r0010|r0008|r0005,r0023|r0010|r0008|r0005
25,20032,edge_0,1,0.6,3,1,0,0.0,0.0,0.3991546395136229,0.3991546395136229,6.642521771013549,6.642521771013549,r0004|r0020|r0010,r0004|r0020|r0010
25,20032,edge_0,1,1.0,3,1,0,0.0,0.0,0.3991546395136229,0.3991546395136229,6.642521771013549,6.642521771013549,r0004|r0020|r0010,r0004|r0020|r0010
25,20032,cloud_0,1,0.6,3,1,0,0.0,-8.881784197001252e-16,0.18920023913573855,0.18920023913573855,7.046609599721015,7.046609599721016,r0004|r0020|r0010,r0004|r0020|r0010
25,20032,cloud_0,1,1.0,3,1,0,0.0,-8.881784197001252e-16,0.18920023913573855,0.18920023913573855,7.046609599721015,7.046609599721016,r0004|r0020|r0010,r0004|r0020|r0010
25,20032,edge_0,2,0.6,3,1,0,0.0,0.0,0.6209023847174925,0.6209023847174925,6.510591339976947,6.510591339976947,r0004|r0020|r0010,r0004|r0020|r0010
25,20032,edge_0,2,1.0,3,1,0,0.0,-8.881784197001252e-16,0.6209023847174925,0.6209023847174925,6.510591339976947,6.510591339976948,r0004|r0020|r0010,r0004|r0020|r0010
25,20032,cloud_0,2,0.6,3,1,0,0.0,0.0,0.2802876695971515,0.2802876695971515,6.921339341525397,6.921339341525397,r0004|r0020|r0010,r0004|r0020|r0010
25,20032,cloud_0,2,1.0,3,1,0,0.0,8.881784197001252e-16,0.2802876695971515,0.2802876695971515,6.921339341525397,6.921339341525396,r0004|r0020|r0010,r0004|r0020|r0010
25,20032,edge_0,4,0.6,3,1,0,0.0,0.0,1.0643978751252314,1.0643978751252314,6.388362147193665,6.388362147193665,r0004|r0020|r0010,r0004|r0020|r0010
25,20032,edge_0,4,1.0,3,1,0,0.0,0.0,1.0643978751252314,1.0643978751252314,6.388362147193665,6.388362147193665,r0004|r0020|r0010,r0004|r0020|r0010
25,20032,cloud_0,4,0.6,3,1,0,0.0,0.0,0.46246253051997765,0.46246253051997765,6.8015034000420425,6.8015034000420425,r0004|r0020|r0010,r0004|r0020|r0010
25,20032,cloud_0,4,1.0,3,1,0,0.0,0.0,0.46246253051997765,0.46246253051997765,6.8015034000420425,6.8015034000420425,r0004|r0020|r0010,r0004|r0020|r0010
25,20032,edge_0,8,0.6,3,1,0,0.0,0.0,1.9513888559407093,1.9513888559407093,6.2809682932824025,6.2809682932824025,r0004|r0020|r0010,r0004|r0020|r0010
25,20032,edge_0,8,1.0,3,1,0,0.0,0.0,1.9513888559407093,1.9513888559407093,6.2809682932824025,6.2809682932824025,r0004|r0020|r0010,r0004|r0020|r0010
25,20032,cloud_0,8,0.6,3,1,0,0.0,0.0,0.8268122523656296,0.8268122523656296,6.705854505953627,6.705854505953627,r0004|r0020|r0010,r0004|r0020|r0010
25,20032,cloud_0,8,1.0,3,1,0,0.0,0.0,0.8268122523656296,0.8268122523656296,6.705854505953627,6.705854505953627,r0004|r0020|r0010,r0004|r0020|r0010
26,20033,edge_4,1,0.6,2,1,0,0.0,0.0,0.5127680354055167,0.5127680354055167,6.603819375131386,6.603819375131386,r0023|r0020,r0023|r0020
26,20033,edge_4,1,1.0,2,1,0,0.0,0.0,0.5127680354055167,0.5127680354055167,6.603819375131386,6.603819375131386,r0023|r0020,r0023|r0020
26,20033,cloud_0,1,0.6,2,1,0,0.0,-8.881784197001252e-16,0.5346965939011623,0.5346965939011623,7.180351388073427,7.1803513880734275,r0023|r0020,r0023|r0020
26,20033,cloud_0,1,1.0,2,1,0,0.0,0.0,0.5346965939011623,0.5346965939011623,7.180351388073427,7.180351388073427,r0023|r0020,r0023|r0020
26,20033,edge_4,2,0.6,2,1,0,0.0,0.0,0.8274837181990201,0.8274837181990201,6.504704784728049,6.504704784728049,r0023|r0020,r0023|r0020
26,20033,edge_4,2,1.0,2,1,0,0.0,0.0,0.8274837181990201,0.8274837181990201,6.504704784728049,6.504704784728049,r0023|r0020,r0023|r0020
26,20033,cloud_0,2,0.6,2,1,0,0.0,-8.881784197001252e-16,0.7312664273920335,0.7312664273920335,7.083486135233014,7.083486135233015,r0023|r0020,r0023|r0020
26,20033,cloud_0,2,1.0,2,1,0,0.0,-8.881784197001252e-16,0.7312664273920335,0.7312664273920335,7.083486135233014,7.083486135233015,r0023|r0020,r0023|r0020
26,20033,edge_4,4,0.6,2,1,0,0.0,-8.881784197001252e-16,1.4569150837860265,1.4569150837860265,6.422221682906521,6.422221682906522,r0023|r0020,r0023|r0020
26,20033,edge_4,4,1.0,2,1,0,0.0,0.0,1.4569150837860265,1.4569150837860265,6.422221682906521,6.422221682906521,r0023|r0020,r0023|r0020
26,20033,cloud_0,4,0.6,2,1,0,0.0,0.0,1.124406094373776,1.124406094373776,6.981523778833631,6.981523778833631,r0023|r0020,r0023|r0020
26,20033,cloud_0,4,1.0,2,1,0,0.0,0.0,1.124406094373776,1.124406094373776,6.981523778833631,6.981523778833631,r0023|r0020,r0023|r0020
26,20033,cloud_0,8,0.6,2,1,0,0.0,0.0,1.9106854283372607,1.9106854283372607,6.893278984767176,6.893278984767176,r0023|r0020,r0023|r0020
26,20033,cloud_0,8,1.0,2,1,0,0.0,-8.881784197001252e-16,1.9106854283372607,1.9106854283372607,6.893278984767176,6.893278984767177,r0023|r0020,r0023|r0020
27,20034,edge_0,1,0.6,4,1,0,0.0,0.0,0.2470585364875284,0.2470585364875284,7.1521489482835605,7.1521489482835605,r0010|r0021|r0004|r0008,r0010|r0021|r0004|r0008
27,20034,edge_0,1,1.0,4,1,0,0.0,0.0,0.2470585364875284,0.2470585364875284,7.1521489482835605,7.1521489482835605,r0010|r0021|r0004|r0008,r0010|r0021|r0004|r0008
27,20034,edge_5,1,0.6,4,1,0,0.0,8.881784197001252e-16,0.26624095055013436,0.26624095055013436,7.323853059106592,7.323853059106591,r0010|r0021|r0004|r0008,r0010|r0021|r0004|r0008
27,20034,edge_5,1,1.0,4,1,0,0.0,0.0,0.26624095055013436,0.26624095055013436,7.323853059106592,7.323853059106592,r0010|r0021|r0004|r0008,r0010|r0021|r0004|r0008
27,20034,cloud_0,1,0.6,4,1,0,0.0,0.0,0.133881855690687,0.133881855690687,7.520650644135205,7.520650644135205,r0010|r0021|r0004|r0008,r0010|r0021|r0004|r0008
27,20034,cloud_0,1,1.0,4,1,0,0.0,0.0,0.133881855690687,0.133881855690687,7.520650644135205,7.520650644135205,r0010|r0021|r0004|r0008,r0010|r0021|r0004|r0008
27,20034,edge_0,2,0.6,4,1,0,0.0,0.0,0.40430486672949584,0.40430486672949584,7.016552392932264,7.016552392932264,r0010|r0021|r0004|r0008,r0010|r0021|r0004|r0008
27,20034,edge_0,2,1.0,4,1,0,0.0,0.0,0.40430486672949584,0.40430486672949584,7.016552392932264,7.016552392932264,r0010|r0021|r0004|r0008,r0010|r0021|r0004|r0008
27,20034,edge_5,2,0.6,4,1,0,0.0,0.0,0.3617803537998655,0.3617803537998655,7.207920243347182,7.207920243347182,r0010|r0021|r0004|r0008,r0010|r0021|r0004|r0008
27,20034,edge_5,2,1.0,4,1,0,0.0,0.0,0.3617803537998655,0.3617803537998655,7.207920243347182,7.207920243347182,r0010|r0021|r0004|r0008,r0010|r0021|r0004|r0008
27,20034,cloud_0,2,0.6,4,1,0,0.0,8.881784197001252e-16,0.21885995000085545,0.21885995000085545,7.390286275910486,7.390286275910485,r0010|r0021|r0004|r0008,r0010|r0021|r0004|r0008
27,20034,cloud_0,2,1.0,4,1,0,0.0,0.0,0.21885995000085545,0.21885995000085545,7.390286275910486,7.390286275910486,r0010|r0021|r0004|r0008,r0010|r0021|r0004|r0008
27,20034,edge_5,4,0.6,4,1,0,0.0,8.881784197001252e-16,0.5528591602993278,0.5528591602993278,7.071057985411972,7.071057985411971,r0010|r0021|r0004|r0008,r0010|r0021|r0004|r0008
27,20034,edge_5,4,1.0,4,1,0,0.0,0.0,0.5528591602993278,0.5528591602993278,7.071057985411972,7.071057985411972,r0010|r0021|r0004|r0008,r0010|r0021|r0004|r0008
27,20034,cloud_0,4,0.6,4,1,0,0.0,0.0,0.38881613862119224,0.38881613862119224,7.283631268708204,7.283631268708204,r0010|r0021|r0004|r0008,r0010|r0021|r0004|r0008
27,20034,cloud_0,4,1.0,4,1,0,0.0,0.0,0.38881613862119224,0.38881613862119224,7.283631268708204,7.283631268708204,r0010|r0021|r0004|r0008,r0010|r0021|r0004|r0008
27,20034,edge_5,8,0.6,4,1,0,0.0,8.881784197001252e-16,0.9350167732982524,0.9350167732982524,6.939076265161529,6.939076265161528,r0010|r0021|r0004|r0008,r0010|r0021|r0004|r0008
27,20034,edge_5,8,1.0,4,1,0,0.0,8.881784197001252e-16,0.9350167732982524,0.9350167732982524,6.939076265161529,6.939076265161528,r0010|r0021|r0004|r0008,r0010|r0021|r0004|r0008
27,20034,cloud_0,8,0.6,4,1,0,0.0,0.0,0.728728515861866,0.728728515861866,7.208293689930181,7.208293689930181,r0010|r0021|r0004|r0008,r0010|r0021|r0004|r0008
27,20034,cloud_0,8,1.0,4,1,0,0.0,8.881784197001252e-16,0.728728515861866,0.728728515861866,7.208293689930181,7.20829368993018,r0010|r0021|r0004|r0008,r0010|r0021|r0004|r0008
28,20035,edge_3,1,0.6,5,1,0,0.0,8.881784197001252e-16,0.23343170425813553,0.23343170425813553,7.527156796171452,7.527156796171451,r0021|r0001|r0002|r0013|r0005,r0021|r0001|r0002|r0013|r0005
28,20035,edge_3,1,1.0,5,1,0,0.0,8.881784197001252e-16,0.23343170425813553,0.23343170425813553,7.527156796171452,7.527156796171451,r0021|r0001|r0002|r0013|r0005,r0021|r0001|r0002|r0013|r0005
28,20035,cloud_0,1,0.6,5,1,0,0.0,0.0,0.26152882510380493,0.26152882510380493,7.888036541235017,7.888036541235017,r0021|r0001|r0002|r0013|r0005,r0021|r0001|r0002|r0013|r0005
28,20035,cloud_0,1,1.0,5,1,0,0.0,0.0,0.26152882510380493,0.26152882510380493,7.888036541235017,7.888036541235017,r0021|r0001|r0002|r0013|r0005,r0021|r0001|r0002|r0013|r0005
28,20035,edge_3,2,0.6,5,1,0,0.0,-8.881784197001252e-16,0.3739112857515095,0.3739112857515095,7.386608129725493,7.386608129725494,r0021|r0001|r0002|r0013|r0005,r0021|r0001|r0002|r0013|r0005
28,20035,edge_3,2,1.0,5,1,0,0.0,8.881784197001252e-16,0.3739112857515095,0.3739112857515095,7.386608129725493,7.386608129725492,r0021|r0001|r0002|r0013|r0005,r0021|r0001|r0002|r0013|r0005
28,20035,cloud_0,2,0.6,5,1,0,0.0,0.0,0.3850900090108666,0.3850900090108666,7.7551270853705745,7.7551270853705745,r0021|r0001|r0002|r0013|r0005,r0021|r0001|r0002|r0013|r0005
28,20035,cloud_0,2,1.0,5,1,0,0.0,0.0,0.3850900090108666,0.3850900090108666,7.7551270853705745,7.7551270853705745,r0021|r0001|r0002|r0013|r0005,r0021|r0001|r0002|r0013|r0005
28,20035,edge_3,4,0.6,5,1,0,0.0,0.0,0.6548704487382574,0.6548704487382574,7.2578032310995955,7.2578032310995955,r0021|r0001|r0002|r0013|r0005,r0021|r0001|r0002|r0013|r0005
28,20035,edge_3,4,1.0,5,1,0,0.0,0.0,0.6548704487382574,0.6548704487382574,7.2578032310995955,7.2578032310995955,r0021|r0001|r0002|r0013|r0005,r0021|r0001|r0002|r0013|r0005
28,20035,cloud_0,4,0.6,5,1,0,0.0,0.0,0.6322123768249898,0.6322123768249898,7.613494165163393,7.613494165163393,r0021|r0001|r0002|r0013|r0005,r0021|r0001|r0002|r0013|r0005
28,20035,cloud_0,4,1.0,5,1,0,0.0,0.0,0.6322123768249898,0.6322123768249898,7.613494165163393,7.613494165163393,r0021|r0001|r0002|r0013|r0005,r0021|r0001|r0002|r0013|r0005
28,20035,edge_3,8,0.6,5,1,0,0.0,8.881784197001252e-16,1.2167887747117532,1.2167887747117532,7.151468514413471,7.15146851441347,r0021|r0001|r0002|r0013|r0005,r0021|r0001|r0002|r0013|r0005
28,20035,edge_3,8,1.0,5,1,0,0.0,0.0,1.2167887747117532,1.2167887747117532,7.151468514413471,7.151468514413471,r0021|r0001|r0002|r0013|r0005,r0021|r0001|r0002|r0013|r0005
28,20035,cloud_0,8,0.6,5,1,0,0.0,0.0,1.1264571124532365,1.1264571124532365,7.486571277126224,7.486571277126224,r0021|r0001|r0002|r0013|r0005,r0021|r0001|r0002|r0013|r0005
28,20035,cloud_0,8,1.0,5,1,0,0.0,0.0,1.1264571124532365,1.1264571124532365,7.486571277126224,7.486571277126224,r0021|r0001|r0002|r0013|r0005,r0021|r0001|r0002|r0013|r0005
29,20036,edge_4,1,0.6,4,1,0,0.0,-8.881784197001252e-16,0.12089572890154211,0.12089572890154211,6.902643771741963,6.902643771741964,r0023|r0007|r0000|r0019,r0023|r0007|r0000|r0019
29,20036,edge_4,1,1.0,4,1,0,0.0,-8.881784197001252e-16,0.12089572890154211,0.12089572890154211,6.902643771741963,6.902643771741964,r0023|r0007|r0000|r0019,r0023|r0007|r0000|r0019
29,20036,cloud_0,1,0.6,4,1,0,0.0,8.881784197001252e-16,0.11379344282281999,0.11379344282281999,7.28815332065285,7.2881533206528495,r0023|r0007|r0000|r0019,r0023|r0007|r0000|r0019
29,20036,cloud_0,1,1.0,4,1,0,0.0,8.881784197001252e-16,0.11379344282281999,0.11379344282281999,7.28815332065285,7.2881533206528495,r0023|r0007|r0000|r0019,r0023|r0007|r0000|r0019
29,20036,edge_4,2,0.6,4,1,0,0.0,-8.881784197001252e-16,0.19733221148812796,0.19733221148812796,6.768594581081579,6.7685945810815795,r0023|r0007|r0000|r0019,r0023|r0007|r0000|r0019
29,20036,edge_4,2,1.0,4,1,0,0.0,-8.881784197001252e-16,0.19733221148812796,0.19733221148812796,6.768594581081579,6.7685945810815795,r0023|r0007|r0000|r0019,r0023|r0007|r0000|r0019
29,20036,cloud_0,2,0.6,4,1,0,0.0,0.0,0.16136371851153042,0.16136371851153042,7.162912568061538,7.162912568061538,r0023|r0007|r0000|r0019,r0023|r0007|r0000|r0019
29,20036,cloud_0,2,1.0,4,1,0,0.0,-8.881784197001252e-16,0.16136371851153042,0.16136371851153042,7.162912568061538,7.162912568061539,r0023|r0007|r0000|r0019,r0023|r0007|r0000|r0019
29,20036,edge_4,4,0.6,4,1,0,0.0,0.0,0.35020517666129974,0.35020517666129974,6.654489946888429,6.654489946888429,r0023|r0007|r0000|r0019,r0023|r0007|r0000|r0019
29,20036,edge_4,4,1.0,4,1,0,0.0,-8.881784197001252e-16,0.35020517666129974,0.35020517666129974,6.654489946888429,6.65448994688843,r0023|r0007|r0000|r0019,r0023|r0007|r0000|r0019
29,20036,cloud_0,4,0.6,4,1,0,0.0,0.0,0.2565042698889512,0.2565042698889512,7.026418669922286,7.026418669922286,r0023|r0007|r0000|r0019,r0023|r0007|r0000|r0019
29,20036,cloud_0,4,1.0,4,1,0,0.0,0.0,0.2565042698889512,0.2565042698889512,7.026418669922286,7.026418669922286,r0023|r0007|r0000|r0019,r0023|r0007|r0000|r0019
29,20036,cloud_0,8,0.6,4,1,0,0.0,0.0,0.4467853726437928,0.4467853726437928,6.904408019904614,6.904408019904614,r0023|r0007|r0000|r0019,r0023|r0007|r0000|r0019
29,20036,cloud_0,8,1.0,4,1,0,0.0,8.881784197001252e-16,0.4467853726437928,0.4467853726437928,6.904408019904614,6.904408019904613,r0023|r0007|r0000|r0019,r0023|r0007|r0000|r0019
30,20037,edge_4,1,0.6,3,1,0,0.0,0.0,0.18755511569228414,0.18755511569228414,6.437808504680583,6.437808504680583,r0007|r0004|r0011,r0007|r0004|r0011
30,20037,edge_4,1,1.0,3,1,0,0.0,0.0,0.18755511569228414,0.18755511569228414,6.437808504680583,6.437808504680583,r0007|r0004|r0011,r0007|r0004|r0011
30,20037,cloud_0,1,0.6,7,1,1,0.5439817946069045,0.2598320385070947,1.0070601466825793,0.46307835207567466,6.565321087911924,6.305489049404829,r0007|r0009|r0002|r0023|r0015|r0004|r0019,r0007|r0009|r0002|r0015|r0004|r0011|r0019
30,20037,cloud_0,1,1.0,7,1,1,0.5439817946069045,0.2598320385070947,1.0070601466825793,0.46307835207567466,6.565321087911924,6.305489049404829,r0007|r0009|r0002|r0023|r0015|r0004|r0019,r0007|r0009|r0002|r0015|r0004|r0011|r0019
30,20037,edge_4,2,0.6,3,1,0,0.0,0.0,0.262364391694981,0.262364391694981,6.3153212249831325,6.3153212249831325,r0007|r0004|r0011,r0007|r0004|r0011
30,20037,edge_4,2,1.0,3,1,0,0.0,0.0,0.262364391694981,0.262364391694981,6.3153212249831325,6.3153212249831325,r0007|r0004|r0011,r0007|r0004|r0011
30,20037,cloud_0,2,0.6,7,1,1,1.049892907845734,0.2550338812587922,1.9436409752281525,0.8937480673824184,6.481485120341816,6.226451239083024,r0007|r0009|r0002|r0023|r0015|r0004|r0019,r0007|r0009|r0002|r0015|r0004|r0011|r0019
30,20037,cloud_0,2,1.0,7,1,1,1.049892907845734,0.2550338812587922,1.9436409752281525,0.8937480673824184,6.481485120341816,6.226451239083024,r0007|r0009|r0002|r0023|r0015|r0004|r0019,r0007|r0009|r0002|r0015|r0004|r0011|r0019
30,20037,edge_4,4,0.6,3,1,0,0.0,0.0,0.4119829437003748,0.4119829437003748,6.181294710201268,6.181294710201268,r0007|r0004|r0011,r0007|r0004|r0011
30,20037,edge_4,4,1.0,3,1,0,0.0,0.0,0.4119829437003748,0.4119829437003748,6.181294710201268,6.181294710201268,r0007|r0004|r0011,r0007|r0004|r0011
30,20037,cloud_0,4,0.6,7,1,1,1.547171183840321,0.24698119861363743,3.302258681836227,1.7550874979959061,6.39401248495027,6.147031286336633,r0007|r0009|r0002|r0023|r0015|r0004|r0019,r0007|r0009|r0002|r0015|r0004|r0011|r0019
30,20037,cloud_0,4,1.0,7,1,1,1.547171183840321,0.24698119861363832,3.302258681836227,1.7550874979959061,6.39401248495027,6.147031286336632,r0007|r0009|r0002|r0023|r0015|r0004|r0019,r0007|r0009|r0002|r0015|r0004|r0011|r0019
30,20037,edge_4,8,0.6,3,1,0,0.0,0.0,0.7112200477111624,0.7112200477111624,6.056150516712562,6.056150516712562,r0007|r0004|r0011,r0007|r0004|r0011
30,20037,edge_4,8,1.0,3,1,0,0.0,8.881784197001252e-16,0.7112200477111624,0.7112200477111624,6.056150516712562,6.056150516712561,r0007|r0004|r0011,r0007|r0004|r0011
30,20037,cloud_0,8,0.6,5,1,0,0.0,0.0,1.5064036982288784,1.5064036982288784,6.269703678812587,6.269703678812587,r0007|r0009|r0004|r0011|r0019,r0007|r0009|r0004|r0011|r0019
30,20037,cloud_0,8,1.0,5,1,0,0.0,0.0,1.5064036982288784,1.5064036982288784,6.269703678812587,6.269703678812587,r0007|r0009|r0004|r0011|r0019,r0007|r0009|r0004|r0011|r0019
31,20038,cloud_0,1,0.6,4,1,0,0.0,-8.881784197001252e-16,0.16286967885992296,0.16286967885992296,7.7439281767011225,7.743928176701123,r0017|r0004|r0014|r0016,r0017|r0004|r0014|r0016
31,20038,cloud_0,1,1.0,4,1,0,0.0,-8.881784197001252e-16,0.16286967885992296,0.16286967885992296,7.7439281767011225,7.743928176701123,r0017|r0004|r0014|r0016,r0017|r0004|r0014|r0016
31,20038,cloud_0,2,0.6,4,1,0,0.0,0.0,0.23746525204046742,0.23746525204046742,7.614556476832597,7.614556476832597,r0017|r0004|r0014|r0016,r0017|r0004|r0014|r0016
31,20038,cloud_0,2,1.0,4,1,0,0.0,0.0,0.23746525204046742,0.23746525204046742,7.614556476832597,7.614556476832597,r0017|r0004|r0014|r0016,r0017|r0004|r0014|r0016
31,20038,cloud_0,4,0.6,4,1,0,0.0,0.0,0.38665639840155636,0.38665639840155636,7.481241135044392,7.481241135044392,r0017|r0004|r0014|r0016,r0017|r0004|r0014|r0016
31,20038,cloud_0,4,1.0,4,1,0,0.0,0.0,0.38665639840155636,0.38665639840155636,7.481241135044392,7.481241135044392,r0017|r0004|r0014|r0016,r0017|r0004|r0014|r0016
31,20038,cloud_0,8,0.6,4,1,0,0.0,0.0,0.6850386911237342,0.6850386911237342,7.368452559932481,7.368452559932481,r0017|r0004|r0014|r0016,r0017|r0004|r0014|r0016
31,20038,cloud_0,8,1.0,4,1,0,0.0,0.0,0.6850386911237342,0.6850386911237342,7.368452559932481,7.368452559932481,r0017|r0004|r0014|r0016,r0017|r0004|r0014|r0016
32,20039,edge_5,1,0.6,5,1,0,0.0,-8.881784197001252e-16,0.3052286722108454,0.3052286722108454,6.9699009428427,6.969900942842701,r0004|r0009|r0000|r0011|r0006,r0004|r0009|r0000|r0011|r0006
32,20039,edge_5,1,1.0,5,1,0,0.0,0.0,0.3052286722108454,0.3052286722108454,6.9699009428427,6.9699009428427,r0004|r0009|r0000|r0011|r0006,r0004|r0009|r0000|r0011|r0006
32,20039,cloud_0,1,0.6,5,1,0,0.0,0.0,0.14586091791571015,0.14586091791571015,7.115412740624248,7.115412740624248,r0004|r0009|r0000|r0011|r0006,r0004|r0009|r0000|r0011|r0006
32,20039,cloud_0,1,1.0,5,1,0,0.0,0.0,0.14586091791571015,0.14586091791571015,7.115412740624248,7.115412740624248,r0004|r0009|r0000|r0011|r0006,r0004|r0009|r0000|r0011|r0006
32,20039,edge_5,2,0.6,5,1,0,0.0,0.0,0.5059859189254069,0.5059859189254069,6.819669890179679,6.819669890179679,r0004|r0009|r0000|r0011|r0006,r0004|r0009|r0000|r0011|r0006
32,20039,edge_5,2,1.0,5,1,0,0.0,0.0,0.5059859189254069,0.5059859189254069,6.819669890179679,6.819669890179679,r0004|r0009|r0000|r0011|r0006,r0004|r0009|r0000|r0011|r0006
32,20039,cloud_0,2,0.6,5,1,0,0.0,0.0,0.2579869652583684,0.2579869652583684,6.9930062745861825,6.9930062745861825,r0004|r0009|r0000|r0011|r0006,r0004|r0009|r0000|r0011|r0006
32,20039,cloud_0,2,1.0,5,1,0,0.0,8.881784197001252e-16,0.2579869652583684,0.2579869652583684,6.9930062745861825,6.993006274586182,r0004|r0009|r0000|r0011|r0006,r0004|r0009|r0000|r0011|r0006
32,20039,edge_5,4,0.6,5,1,0,0.0,0.0,0.9075004123545295,0.9075004123545295,6.676389290942289,6.676389290942289,r0004|r0009|r0000|r0011|r0006,r0004|r0009|r0000|r0011|r0006
32,20039,edge_5,4,1.0,5,1,0,0.0,0.0,0.9075004123545295,0.9075004123545295,6.676389290942289,6.676389290942289,r0004|r0009|r0000|r0011|r0006,r0004|r0009|r0000|r0011|r0006
32,20039,cloud_0,4,0.6,5,1,0,0.0,8.881784197001252e-16,0.4822390599436849,0.4822390599436849,6.896040911327571,6.89604091132757,r0004|r0009|r0000|r0011|r0006,r0004|r0009|r0000|r0011|r0006
32,20039,cloud_0,4,1.0,5,1,0,0.0,0.0,0.4822390599436849,0.4822390599436849,6.896040911327571,6.896040911327571,r0004|r0009|r0000|r0011|r0006,r0004|r0009|r0000|r0011|r0006
32,20039,edge_5,8,0.6,5,1,0,0.0,0.0,1.7105293992127752,1.7105293992127752,6.531294413581651,6.531294413581651,r0004|r0009|r0000|r0011|r0006,r0004|r0009|r0000|r0011|r0006
32,20039,edge_5,8,1.0,5,1,0,0.0,-8.881784197001252e-16,1.7105293992127752,1.7105293992127752,6.531294413581651,6.5312944135816515,r0004|r0009|r0000|r0011|r0006,r0004|r0009|r0000|r0011|r0006
32,20039,cloud_0,8,0.6,5,1,0,0.0,0.0,0.9307432493143178,0.9307432493143178,6.811959323898639,6.811959323898639,r0004|r0009|r0000|r0011|r0006,r0004|r0009|r0000|r0011|r0006
32,20039,cloud_0,8,1.0,5,1,0,0.0,0.0,0.9307432493143178,0.9307432493143178,6.811959323898639,6.811959323898639,r0004|r0009|r0000|r0011|r0006,r0004|r0009|r0000|r0011|r0006
33,20040,edge_4,1,0.6,6,1,0,0.0,-8.881784197001252e-16,0.18988910563250175,0.18988910563250175,7.112575658666621,7.112575658666622,r0014|r0012|r0001|r0023|r0005|r0006,r0014|r0012|r0001|r0023|r0005|r0006
33,20040,edge_4,1,1.0,6,1,0,0.0,0.0,0.18988910563250175,0.18988910563250175,7.112575658666621,7.112575658666621,r0014|r0012|r0001|r0023|r0005|r0006,r0014|r0012|r0001|r0023|r0005|r0006
33,20040,cloud_0,1,0.6,6,1,0,0.0,0.0,0.060501151364875015,0.060501151364875015,7.295235583921702,7.295235583921702,r0014|r0012|r0001|r0023|r0005|r0006,r0014|r0012|r0001|r0023|r0005|r0006
33,20040,cloud_0,1,1.0,6,1,0,0.0,0.0,0.060501151364875015,0.060501151364875015,7.295235583921702,7.295235583921702,r0014|r0012|r0001|r0023|r0005|r0006,r0014|r0012|r0001|r0023|r0005|r0006
33,20040,edge_4,2,0.6,6,1,0,0.0,8.881784197001252e-16,0.2737612907723236,0.2737612907723236,6.981105792976098,6.981105792976097,r0014|r0012|r0001|r0023|r0005|r0006,r0014|r0012|r0001|r0023|r0005|r0006
33,20040,edge_4,2,1.0,6,1,0,0.0,0.0,0.2737612907723236,0.2737612907723236,6.981105792976098,6.981105792976098,r0014|r0012|r0001|r0023|r0005|r0006,r0014|r0012|r0001|r0023|r0005|r0006
33,20040,cloud_0,2,0.6,6,1,0,0.0,-8.881784197001252e-16,0.09790899548057334,0.09790899548057334,7.158057329009028,7.158057329009029,r0014|r0012|r0001|r0023|r0005|r0006,r0014|r0012|r0001|r0023|r0005|r0006
33,20040,cloud_0,2,1.0,6,1,0,0.0,-8.881784197001252e-16,0.09790899548057334,0.09790899548057334,7.158057329009028,7.158057329009029,r0014|r0012|r0001|r0023|r0005|r0006,r0014|r0012|r0001|r0023|r0005|r0006
33,20040,edge_4,4,0.6,6,1,0,0.0,0.0,0.4415056610519672,0.4415056610519672,6.82623453513987,6.82623453513987,r0014|r0012|r0001|r0023|r0005|r0006,r0014|r0012|r0001|r0023|r0005|r0006
33,20040,edge_4,4,1.0,6,1,0,0.0,8.881784197001252e-16,0.4415056610519672,0.4415056610519672,6.82623453513987,6.826234535139869,r0014|r0012|r0001|r0023|r0005|r0006,r0014|r0012|r0001|r0023|r0005|r0006
33,20040,cloud_0,4,0.6,6,1,0,0.0,0.0,0.17272468371197,0.17272468371197,7.035645014229785,7.035645014229785,r0014|r0012|r0001|r0023|r0005|r0006,r0014|r0012|r0001|r0023|r0005|r0006
33,20040,cloud_0,4,1.0,6,1,0,0.0,0.0,0.17272468371197,0.17272468371197,7.035645014229785,7.035645014229785,r0014|r0012|r0001|r0023|r0005|r0006,r0014|r0012|r0001|r0023|r0005|r0006
33,20040,edge_4,8,0.6,6,1,0,0.0,0.0,0.7769944016112543,0.7769944016112543,6.667592087398481,6.667592087398481,r0014|r0012|r0001|r0023|r0005|r0006,r0014|r0012|r0001|r0023|r0005|r0006
33,20040,edge_4,8,1.0,6,1,0,0.0,0.0,0.7769944016112543,0.7769944016112543,6.667592087398481,6.667592087398481,r0014|r0012|r0001|r0023|r0005|r0006,r0014|r0012|r0001|r0023|r0005|r0006
33,20040,cloud_0,8,0.6,6,1,0,0.0,0.0,0.32235606017476326,0.32235606017476326,6.943518731425093,6.943518731425093,r0014|r0012|r0001|r0023|r0005|r0006,r0014|r0012|r0001|r0023|r0005|r0006
33,20040,cloud_0,8,1.0,6,1,0,0.0,-8.881784197001252e-16,0.32235606017476326,0.32235606017476326,6.943518731425093,6.943518731425094,r0014|r0012|r0001|r0023|r0005|r0006,r0014|r0012|r0001|r0023|r0005|r0006
34,20041,edge_5,1,0.6,4,1,0,0.0,-8.881784197001252e-16,0.028947075771104405,0.028947075771104405,6.702701751007078,6.702701751007079,r0009|r0006|r0019|r0015,r0009|r0006|r0019|r0015
34,20041,edge_5,1,1.0,4,1,0,0.0,-8.881784197001252e-16,0.028947075771104405,0.028947075771104405,6.702701751007078,6.702701751007079,r0009|r0006|r0019|r0015,r0009|r0006|r0019|r0015
34,20041,cloud_0,1,0.6,4,1,0,0.0,0.0,0.03348048691987124,0.03348048691987124,7.251241831235308,7.251241831235308,r0009|r0006|r0019|r0015,r0009|r0006|r0019|r0015
34,20041,cloud_0,1,1.0,4,1,0,0.0,0.0,0.03348048691987124,0.03348048691987124,7.251241831235308,7.251241831235308,r0009|r0006|r0019|r0015,r0009|r0006|r0019|r0015
34,20041,edge_5,2,0.6,4,1,0,0.0,0.0,0.050151880185709125,0.050151880185709125,6.585058690327465,6.585058690327465,r0009|r0006|r0019|r0015,r0009|r0006|r0019|r0015
34,20041,edge_5,2,1.0,4,1,0,0.0,0.0,0.050151880185709125,0.050151880185709125,6.585058690327465,6.585058690327465,r0009|r0006|r0019|r0015,r0009|r0006|r0019|r0015
34,20041,cloud_0,2,0.6,4,1,0,0.0,0.0,0.047323294569341916,0.047323294569341916,7.128614714629408,7.128614714629408,r0009|r0006|r0019|r0015,r0009|r0006|r0019|r0015
34,20041,cloud_0,2,1.0,4,1,0,0.0,0.0,0.047323294569341916,0.047323294569341916,7.128614714629408,7.128614714629408,r0009|r0006|r0019|r0015,r0009|r0006|r0019|r0015
34,20041,edge_5,4,0.6,4,1,0,0.0,8.881784197001252e-16,0.09256148901491855,0.09256148901491855,6.497478773145956,6.497478773145955,r0009|r0006|r0019|r0015,r0009|r0006|r0019|r0015
34,20041,edge_5,4,1.0,4,1,0,0.0,0.0,0.09256148901491855,0.09256148901491855,6.497478773145956,6.497478773145956,r0009|r0006|r0019|r0015,r0009|r0006|r0019|r0015
34,20041,cloud_0,4,0.6,4,1,0,0.0,0.0,0.07500890986828329,0.07500890986828329,6.995956238558778,6.995956238558778,r0009|r0006|r0019|r0015,r0009|r0006|r0019|r0015
34,20041,cloud_0,4,1.0,4,1,0,0.0,0.0,0.07500890986828329,0.07500890986828329,6.995956238558778,6.995956238558778,r0009|r0006|r0019|r0015,r0009|r0006|r0019|r0015
34,20041,edge_5,8,0.6,4,1,0,0.0,0.0,0.17738070667333738,0.17738070667333738,6.434831884474247,6.434831884474247,r0009|r0006|r0019|r0015,r0009|r0006|r0019|r0015
34,20041,edge_5,8,1.0,4,1,0,0.0,0.0,0.17738070667333738,0.17738070667333738,6.434831884474247,6.434831884474247,r0009|r0006|r0019|r0015,r0009|r0006|r0019|r0015
34,20041,cloud_0,8,0.6,4,1,0,0.0,0.0,0.13038014046616603,0.13038014046616603,6.881118160367474,6.881118160367474,r0009|r0006|r0019|r0015,r0009|r0006|r0019|r0015
34,20041,cloud_0,8,1.0,4,1,0,0.0,0.0,0.13038014046616603,0.13038014046616603,6.881118160367474,6.881118160367474,r0009|r0006|r0019|r0015,r0009|r0006|r0019|r0015
35,20042,edge_0,1,0.6,4,1,0,0.0,0.0,0.21853479796572248,0.21853479796572248,7.053475568033486,7.053475568033486,r0016|r0017|r0008|r0009,r0016|r0017|r0008|r0009
35,20042,edge_0,1,1.0,4,1,0,0.0,0.0,0.21853479796572248,0.21853479796572248,7.053475568033486,7.053475568033486,r0016|r0017|r0008|r0009,r0016|r0017|r0008|r0009
35,20042,edge_5,1,0.6,4,1,0,0.0,0.0,0.1681322741488535,0.1681322741488535,6.973795733184627,6.973795733184627,r0016|r0017|r0008|r0009,r0016|r0017|r0008|r0009
35,20042,edge_5,1,1.0,4,1,0,0.0,0.0,0.1681322741488535,0.1681322741488535,6.973795733184627,6.973795733184627,r0016|r0017|r0008|r0009,r0016|r0017|r0008|r0009
35,20042,cloud_0,1,0.6,4,1,0,0.0,0.0,0.1196457094066681,0.1196457094066681,7.512814343199379,7.512814343199379,r0016|r0017|r0008|r0009,r0016|r0017|r0008|r0009
35,20042,cloud_0,1,1.0,4,1,0,0.0,0.0,0.1196457094066681,0.1196457094066681,7.512814343199379,7.512814343199379,r0016|r0017|r0008|r0009,r0016|r0017|r0008|r0009
35,20042,edge_0,2,0.6,4,1,0,0.0,0.0,0.3354671588353965,0.3354671588353965,6.912670995000944,6.912670995000944,r0016|r0017|r0008|r0009,r0016|r0017|r0008|r0009
35,20042,edge_0,2,1.0,4,1,0,0.0,0.0,0.3354671588353965,0.3354671588353965,6.912670995000944,6.912670995000944,r0016|r0017|r0008|r0009,r0016|r0017|r0008|r0009
35,20042,edge_5,2,0.6,4,1,0,0.0,-8.881784197001252e-16,0.2818430790874634,0.2818430790874634,6.839396776857853,6.839396776857854,r0016|r0017|r0008|r0009,r0016|r0017|r0008|r0009
35,20042,edge_5,2,1.0,4,1,0,0.0,0.0,0.2818430790874634,0.2818430790874634,6.839396776857853,6.839396776857853,r0016|r0017|r0008|r0009,r0016|r0017|r0008|r0009
35,20042,cloud_0,2,0.6,4,1,0,0.0,0.0,0.19226451042910303,0.19226451042910303,7.376718519847698,7.376718519847698,r0016|r0017|r0008|r0009,r0016|r0017|r0008|r0009
35,20042,cloud_0,2,1.0,4,1,0,0.0,0.0,0.19226451042910303,0.19226451042910303,7.376718519847698,7.376718519847698,r0016|r0017|r0008|r0009,r0016|r0017|r0008|r0009
35,20042,edge_0,4,0.6,4,1,0,0.0,8.881784197001252e-16,0.5693318805747445,0.5693318805747445,6.774102194178606,6.774102194178605,r0016|r0017|r0008|r0009,r0016|r0017|r0008|r0009
35,20042,edge_0,4,1.0,4,1,0,0.0,0.0,0.5693318805747445,0.5693318805747445,6.774102194178606,6.774102194178606,r0016|r0017|r0008|r0009,r0016|r0017|r0008|r0009
35,20042,edge_5,4,0.6,4,1,0,0.0,0.0,0.5092646889646832,0.5092646889646832,6.7243258267267905,6.7243258267267905,r0016|r0017|r0008|r0009,r0016|r0017|r0008|r0009
35,20042,edge_5,4,1.0,4,1,0,0.0,-8.881784197001252e-16,0.5092646889646832,0.5092646889646832,6.7243258267267905,6.724325826726791,r0016|r0017|r0008|r0009,r0016|r0017|r0008|r0009
35,20042,cloud_0,4,0.6,4,1,0,0.0,0.0,0.337502112473973,0.337502112473973,7.257094338070719,7.257094338070719,r0016|r0017|r0008|r0009,r0016|r0017|r0008|r0009
35,20042,cloud_0,4,1.0,4,1,0,0.0,0.0,0.337502112473973,0.337502112473973,7.257094338070719,7.257094338070719,r0016|r0017|r0008|r0009,r0016|r0017|r0008|r0009
35,20042,edge_0,8,0.6,4,1,0,0.0,0.0,1.03706132405344,1.03706132405344,6.649247003314253,6.649247003314253,r0016|r0017|r0008|r0009,r0016|r0017|r0008|r0009
35,20042,edge_0,8,1.0,4,1,0,0.0,-8.881784197001252e-16,1.03706132405344,1.03706132405344,6.649247003314253,6.649247003314254,r0016|r0017|r0008|r0009,r0016|r0017|r0008|r0009
35,20042,edge_5,8,0.6,4,1,0,0.0,0.0,0.9641079087191229,0.9641079087191229,6.622590162826131,6.622590162826131,r0016|r0017|r0008|r0009,r0016|r0017|r0008|r0009
35,20042,edge_5,8,1.0,4,1,0,0.0,0.0,0.9641079087191229,0.9641079087191229,6.622590162826131,6.622590162826131,r0016|r0017|r0008|r0009,r0016|r0017|r0008|r0009
35,20042,cloud_0,8,0.6,4,1,0,0.0,0.0,0.627977316563713,0.627977316563713,7.161081333713719,7.161081333713719,r0016|r0017|r0008|r0009,r0016|r0017|r0008|r0009
35,20042,cloud_0,8,1.0,4,1,0,0.0,0.0,0.627977316563713,0.627977316563713,7.161081333713719,7.161081333713719,r0016|r0017|r0008|r0009,r0016|r0017|r0008|r0009
36,20043,cloud_0,1,0.6,4,1,0,0.0,8.881784197001252e-16,0.0636132107169955,0.0636132107169955,7.9617207459639365,7.961720745963936,r0000|r0014|r0002|r0008,r0000|r0014|r0002|r0008
36,20043,cloud_0,1,1.0,4,1,0,0.0,8.881784197001252e-16,0.0636132107169955,0.0636132107169955,7.9617207459639365,7.961720745963936,r0000|r0014|r0002|r0008,r0000|r0014|r0002|r0008
36,20043,cloud_0,2,0.6,4,1,0,0.0,0.0,0.09074673681353146,0.09074673681353146,7.833027858381688,7.833027858381688,r0000|r0014|r0002|r0008,r0000|r0014|r0002|r0008
36,20043,cloud_0,2,1.0,4,1,0,0.0,-8.881784197001252e-16,0.09074673681353146,0.09074673681353146,7.833027858381688,7.833027858381689,r0000|r0014|r0002|r0008,r0000|r0014|r0002|r0008
36,20043,cloud_0,4,0.6,4,1,0,0.0,0.0,0.14501378900660336,0.14501378900660336,7.692170623451953,7.692170623451953,r0000|r0014|r0002|r0008,r0000|r0014|r0002|r0008
36,20043,cloud_0,4,1.0,4,1,0,0.0,0.0,0.14501378900660336,0.14501378900660336,7.692170623451953,7.692170623451953,r0000|r0014|r0002|r0008,r0000|r0014|r0002|r0008
36,20043,cloud_0,8,0.6,4,1,0,0.0,0.0,0.25354789339274725,0.25354789339274725,7.5622637994476065,7.5622637994476065,r0000|r0014|r0002|r0008,r0000|r0014|r0002|r0008
36,20043,cloud_0,8,1.0,4,1,0,0.0,0.0,0.25354789339274725,0.25354789339274725,7.5622637994476065,7.5622637994476065,r0000|r0014|r0002|r0008,r0000|r0014|r0002|r0008
37,20044,edge_5,1,0.6,4,1,0,0.0,0.0,0.08773179757061492,0.08773179757061492,6.043490156072899,6.043490156072899,r0000|r0013|r0021|r0001,r0000|r0013|r0021|r0001
37,20044,edge_5,1,1.0,4,1,0,0.0,0.0,0.08773179757061492,0.08773179757061492,6.043490156072899,6.043490156072899,r0000|r0013|r0021|r0001,r0000|r0013|r0021|r0001
37,20044,cloud_0,1,0.6,4,1,0,0.0,-8.881784197001252e-16,0.08357921010848816,0.08357921010848816,6.853488998823567,6.853488998823568,r0000|r0013|r0021|r0001,r0000|r0013|r0021|r0001
37,20044,cloud_0,1,1.0,4,1,0,0.0,-8.881784197001252e-16,0.08357921010848816,0.08357921010848816,6.853488998823567,6.853488998823568,r0000|r0013|r0021|r0001,r0000|r0013|r0021|r0001
37,20044,edge_5,2,0.6,4,1,0,0.0,0.0,0.16903754532393261,0.16903754532393261,5.99462742160206,5.99462742160206,r0000|r0013|r0021|r0001,r0000|r0013|r0021|r0001
37,20044,edge_5,2,1.0,4,1,0,0.0,0.0,0.16903754532393261,0.16903754532393261,5.99462742160206,5.99462742160206,r0000|r0013|r0021|r0001,r0000|r0013|r0021|r0001
37,20044,cloud_0,2,0.6,4,1,0,0.0,8.881784197001252e-16,0.13469668660739298,0.13469668660739298,6.722733520326787,6.722733520326786,r0000|r0013|r0021|r0001,r0000|r0013|r0021|r0001
37,20044,cloud_0,2,1.0,4,1,0,0.0,0.0,0.13469668660739298,0.13469668660739298,6.722733520326787,6.722733520326787,r0000|r0013|r0021|r0001,r0000|r0013|r0021|r0001
37,20044,edge_5,4,0.6,4,1,0,0.0,0.0,0.331649040830568,0.331649040830568,5.961008884166759,5.961008884166759,r0000|r0013|r0021|r0001,r0000|r0013|r0021|r0001
37,20044,edge_5,4,1.0,4,1,0,0.0,0.0,0.331649040830568,0.331649040830568,5.961008884166759,5.961008884166759,r0000|r0013|r0021|r0001,r0000|r0013|r0021|r0001
37,20044,cloud_0,4,0.6,4,1,0,0.0,0.0,0.23693163960520258,0.23693163960520258,6.614133850474732,6.614133850474732,r0000|r0013|r0021|r0001,r0000|r0013|r0021|r0001
37,20044,cloud_0,4,1.0,4,1,0,0.0,0.0,0.23693163960520258,0.23693163960520258,6.614133850474732,6.614133850474732,r0000|r0013|r0021|r0001,r0000|r0013|r0021|r0001
37,20044,edge_5,8,0.6,4,1,0,0.0,0.0,0.6568720318438388,0.6568720318438388,5.929683415184227,5.929683415184227,r0000|r0013|r0021|r0001,r0000|r0013|r0021|r0001
37,20044,edge_5,8,1.0,4,1,0,0.0,0.0,0.6568720318438388,0.6568720318438388,5.929683415184227,5.929683415184227,r0000|r0013|r0021|r0001,r0000|r0013|r0021|r0001
37,20044,cloud_0,8,0.6,4,1,0,0.0,-8.881784197001252e-16,0.4414015456008218,0.4414015456008218,6.539353055240236,6.539353055240237,r0000|r0013|r0021|r0001,r0000|r0013|r0021|r0001
37,20044,cloud_0,8,1.0,4,1,0,0.0,0.0,0.4414015456008218,0.4414015456008218,6.539353055240236,6.539353055240236,r0000|r0013|r0021|r0001,r0000|r0013|r0021|r0001
38,20045,cloud_0,1,0.6,5,1,0,0.0,-8.881784197001252e-16,0.0617378808932784,0.0617378808932784,7.280110191705531,7.280110191705532,r0000|r0008|r0010|r0020|r0013,r0000|r0008|r0010|r0020|r0013
38,20045,cloud_0,1,1.0,5,1,0,0.0,0.0,0.0617378808932784,0.0617378808932784,7.280110191705531,7.280110191705531,r0000|r0008|r0010|r0020|r0013,r0000|r0008|r0010|r0020|r0013
38,20045,cloud_0,2,0.6,5,1,0,0.0,8.881784197001252e-16,0.08978708005222473,0.08978708005222473,7.149156591756769,7.1491565917567685,r0000|r0008|r0010|r0020|r0013,r0000|r0008|r0010|r0020|r0013
38,20045,cloud_0,2,1.0,5,1,0,0.0,0.0,0.08978708005222473,0.08978708005222473,7.149156591756769,7.149156591756769,r0000|r0008|r0010|r0020|r0013,r0000|r0008|r0010|r0020|r0013
38,20045,cloud_0,4,0.6,5,1,0,0.0,0.0,0.1458854783701174,0.1458854783701174,7.006152958005749,7.006152958005749,r0000|r0008|r0010|r0020|r0013,r0000|r0008|r0010|r0020|r0013
38,20045,cloud_0,4,1.0,5,1,0,0.0,0.0,0.1458854783701174,0.1458854783701174,7.006152958005749,7.006152958005749,r0000|r0008|r0010|r0020|r0013,r0000|r0008|r0010|r0020|r0013
38,20045,cloud_0,8,0.6,5,1,0,0.0,8.881784197001252e-16,0.2580822750059027,0.2580822750059027,6.875098060542297,6.875098060542296,r0000|r0008|r0010|r0020|r0013,r0000|r0008|r0010|r0020|r0013
38,20045,cloud_0,8,1.0,5,1,0,0.0,0.0,0.2580822750059027,0.2580822750059027,6.875098060542297,6.875098060542297,r0000|r0008|r0010|r0020|r0013,r0000|r0008|r0010|r0020|r0013
39,20046,edge_2,1,0.6,5,1,0,0.0,0.0,0.9969984681503519,0.9969984681503519,5.268021861970391,5.268021861970391,r0005|r0017|r0000|r0013|r0022,r0005|r0017|r0000|r0013|r0022
39,20046,edge_2,1,1.0,5,1,1,0.1500098452774088,0.10176811875547376,0.9969984681503519,0.8469886228729431,5.268021861970391,5.166253743214917,r0005|r0017|r0000|r0013|r0022,r0017|r0000|r0001|r0004|r0012
39,20046,cloud_0,1,0.6,5,1,0,0.0,8.881784197001252e-16,0.40243903275728554,0.40243903275728554,6.026356820525239,6.026356820525238,r0005|r0017|r0000|r0013|r0022,r0005|r0017|r0000|r0013|r0022
39,20046,cloud_0,1,1.0,5,1,0,0.0,0.0,0.40243903275728554,0.40243903275728554,6.026356820525239,6.026356820525239,r0005|r0017|r0000|r0013|r0022,r0005|r0017|r0000|r0013|r0022
39,20046,edge_2,2,0.6,5,1,1,0.24201800071044977,0.13205690009814663,1.850663032756696,1.6086450320462462,5.143956677421758,5.011899777323611,r0005|r0017|r0000|r0013|r0022,r0017|r0000|r0001|r0004|r0012
39,20046,edge_2,2,1.0,5,1,1,0.24201800071044977,0.13205690009814663,1.850663032756696,1.6086450320462462,5.143956677421758,5.011899777323611,r0005|r0017|r0000|r0013|r0022,r0017|r0000|r0001|r0004|r0012
39,20046,cloud_0,2,0.6,5,1,0,0.0,0.0,0.7603036072998484,0.7603036072998484,5.946554835638407,5.946554835638407,r0005|r0017|r0000|r0013|r0022,r0005|r0017|r0000|r0013|r0022
39,20046,cloud_0,2,1.0,5,1,0,0.0,0.0,0.7603036072998484,0.7603036072998484,5.946554835638407,5.946554835638407,r0005|r0017|r0000|r0013|r0022,r0005|r0017|r0000|r0013|r0022
39,20046,edge_2,4,0.6,5,1,1,0.4260343115765326,0.21782957863447905,3.557992161969385,3.1319578503928525,5.012530751452336,4.794701172817857,r0005|r0017|r0000|r0013|r0022,r0017|r0000|r0001|r0004|r0012
39,20046,edge_2,4,1.0,5,1,1,1.558555107780801,1.3091490567418402,3.557992161969385,1.999437054188584,5.012530751452336,3.7033816947104956,r0005|r0017|r0000|r0013|r0022,r0017|r0000|r0001|r0012|r0022
39,20046,cloud_0,4,0.6,5,1,0,0.0,0.0,1.4760327563849738,1.4760327563849738,5.884982458894294,5.884982458894294,r0005|r0017|r0000|r0013|r0022,r0005|r0017|r0000|r0013|r0022
39,20046,cloud_0,4,1.0,5,1,0,0.0,0.0,1.4760327563849738,1.4760327563849738,5.884982458894294,5.884982458894294,r0005|r0017|r0000|r0013|r0022,r0005|r0017|r0000|r0013|r0022
39,20046,edge_2,8,0.6,5,1,0,0.0,8.881784197001252e-16,4.75794118422522,4.75794118422522,4.831001886319261,4.83100188631926,r0005|r0017|r0000|r0013|r0022,r0005|r0017|r0000|r0013|r0022
39,20046,edge_2,8,1.0,5,1,0,0.0,0.0,4.75794118422522,4.75794118422522,4.831001886319261,4.831001886319261,r0005|r0017|r0000|r0013|r0022,r0005|r0017|r0000|r0013|r0022
39,20046,cloud_0,8,0.6,5,1,0,0.0,0.0,2.9074910545552255,2.9074910545552255,5.821133332036048,5.821133332036048,r0005|r0017|r0000|r0013|r0022,r0005|r0017|r0000|r0013|r0022
39,20046,cloud_0,8,1.0,5,1,0,0.0,0.0,2.9074910545552255,2.9074910545552255,5.821133332036048,5.821133332036048,r0005|r0017|r0000|r0013|r0022,r0005|r0017|r0000|r0013|r0022
40,20047,cloud_0,1,0.6,4,1,1,2.7069407954267173,1.5647299727047086,3.0878058777753785,0.38086508234866134,7.381891419754855,5.817161447050147,r0007|r0004|r0022|r0014,r0004|r0022|r0015|r0014
40,20047,cloud_0,1,1.0,4,1,1,2.7069407954267173,1.5647299727047086,3.0878058777753785,0.38086508234866134,7.381891419754855,5.817161447050147,r0007|r0004|r0022|r0014,r0004|r0022|r0015|r0014
40,20047,cloud_0,2,0.6,4,1,0,0.0,0.0,3.1041469052569304,3.1041469052569304,7.31071115491873,7.31071115491873,r0007|r0004|r0022|r0014,r0007|r0004|r0022|r0014
40,20047,cloud_0,2,1.0,4,1,1,2.4990701537215876,1.631976643473231,3.1041469052569304,0.6050767515353428,7.31071115491873,5.678734511445499,r0007|r0004|r0022|r0014,r0004|r0022|r0015|r0014
40,20047,cloud_0,4,0.6,4,1,0,0.0,0.0,3.1368289602200345,3.1368289602200345,7.204144230638155,7.204144230638155,r0007|r0004|r0022|r0014,r0007|r0004|r0022|r0014
40,20047,cloud_0,4,1.0,4,1,1,2.0833288703113286,1.65138332006042,3.1368289602200345,1.053500089908706,7.204144230638155,5.552760910577735,r0007|r0004|r0022|r0014,r0004|r0022|r0015|r0014
40,20047,cloud_0,8,0.6,4,1,0,0.0,-8.881784197001252e-16,3.202193070146242,3.202193070146242,7.0705312682626005,7.070531268262601,r0007|r0004|r0022|r0014,r0007|r0004|r0022|r0014
40,20047,cloud_0,8,1.0,4,1,0,0.0,0.0,3.202193070146242,3.202193070146242,7.0705312682626005,7.0705312682626005,r0007|r0004|r0022|r0014,r0007|r0004|r0022|r0014
41,20048,cloud_0,1,0.6,3,1,0,0.0,0.0,0.023042439741802204,0.023042439741802204,7.768298292920366,7.768298292920366,r0013|r0020|r0011,r0013|r0020|r0011
41,20048,cloud_0,1,1.0,3,1,0,0.0,0.0,0.023042439741802204,0.023042439741802204,7.768298292920366,7.768298292920366,r0013|r0020|r0011,r0013|r0020|r0011
41,20048,cloud_0,2,0.6,3,1,0,0.0,0.0,0.027572838641664085,0.027572838641664085,7.692290138102981,7.692290138102981,r0013|r0020|r0011,r0013|r0020|r0011
41,20048,cloud_0,2,1.0,3,1,0,0.0,0.0,0.027572838641664085,0.027572838641664085,7.692290138102981,7.692290138102981,r0013|r0020|r0011,r0013|r0020|r0011
41,20048,cloud_0,4,0.6,3,1,0,0.0,0.0,0.03663363644138787,0.03663363644138787,7.584061505770405,7.584061505770405,r0013|r0020|r0011,r0013|r0020|r0011
41,20048,cloud_0,4,1.0,3,1,0,0.0,0.0,0.03663363644138787,0.03663363644138787,7.584061505770405,7.584061505770405,r0013|r0020|r0011,r0013|r0020|r0011
41,20048,cloud_0,8,0.6,3,1,0,0.0,0.0,0.054755232040835426,0.054755232040835426,7.457034972653724,7.457034972653724,r0013|r0020|r0011,r0013|r0020|r0011
41,20048,cloud_0,8,1.0,3,1,0,0.0,0.0,0.054755232040835426,0.054755232040835426,7.457034972653724,7.457034972653724,r0013|r0020|r0011,r0013|r0020|r0011
42,20049,edge_4,1,0.6,3,1,1,4.812165089781543,2.63047893352618,5.231044734264928,0.41887964448338416,5.2556476529765535,2.6251687194503734,r0001|r0000|r0002,r0009|r0002|r0014
42,20049,edge_4,1,1.0,3,1,1,5.055887298991352,2.7807881404973127,5.231044734264928,0.17515743527357563,5.2556476529765535,2.4748595124792407,r0001|r0000|r0002,r0002|r0014|r0006
42,20049,cloud_0,1,0.6,3,1,0,0.0,0.0,1.6015434637840205,1.6015434637840205,5.864311080025723,5.864311080025723,r0001|r0000|r0002,r0001|r0000|r0002
42,20049,cloud_0,1,1.0,3,1,0,0.0,8.881784197001252e-16,1.6015434637840205,1.6015434637840205,5.864311080025723,5.864311080025722,r0001|r0000|r0002,r0001|r0000|r0002
42,20049,edge_4,2,0.6,3,1,1,4.979741406092041,2.768278686571944,5.281567850335284,0.3018264442432435,5.115862164822703,2.3475834782507587,r0001|r0000|r0002,r0002|r0014|r0006
42,20049,edge_4,2,1.0,3,1,1,4.979741406092041,2.7682786865719438,5.281567850335284,0.3018264442432435,5.115862164822703,2.347583478250759,r0001|r0000|r0002,r0002|r0014|r0006
42,20049,cloud_0,2,0.6,3,1,0,0.0,0.0,2.662000354438582,2.662000354438582,5.743351604331599,5.743351604331599,r0001|r0000|r0002,r0001|r0000|r0002
42,20049,cloud_0,2,1.0,3,1,0,0.0,0.0,2.662000354438582,2.662000354438582,5.743351604331599,5.743351604331599,r0001|r0000|r0002,r0001|r0000|r0002
42,20049,edge_4,4,0.6,3,1,1,4.827449620293416,2.7522074671520684,5.382614082475995,0.5551644621825793,4.980740240035651,2.2285327728835824,r0001|r0000|r0002,r0002|r0014|r0006
42,20049,edge_4,4,1.0,3,1,1,4.827449620293416,2.752207467152069,5.382614082475995,0.5551644621825793,4.980740240035651,2.228532772883582,r0001|r0000|r0002,r0002|r0014|r0006
42,20049,cloud_0,4,0.6,3,1,0,0.0,0.0,4.491806070195444,4.491806070195444,5.645577518347568,5.645577518347568,r0001|r0000|r0002,r0001|r0000|r0002
42,20049,cloud_0,4,1.0,3,1,1,4.2790149676133895,2.785139644809556,4.491806070195444,0.21279110258205422,5.645577518347568,2.860437873538012,r0001|r0000|r0002,r0002|r0014|r0006
42,20049,edge_4,8,0.6,3,1,0,0.0,8.881784197001252e-16,5.584706546757418,5.584706546757418,4.840657395363963,4.840657395363962,r0001|r0000|r0002,r0001|r0000|r0002
42,20049,edge_4,8,1.0,3,1,1,4.522866048696167,2.7498771542213056,5.584706546757418,1.061840498061251,4.840657395363963,2.0907802411426575,r0001|r0000|r0002,r0002|r0014|r0006
42,20049,cloud_0,8,0.6,3,1,0,0.0,8.881784197001252e-16,4.5701486590019424,4.5701486590019424,5.577323731307919,5.577323731307918,r0001|r0000|r0002,r0001|r0000|r0002
42,20049,cloud_0,8,1.0,3,1,1,4.158995987683235,2.77637100495447,4.5701486590019424,0.4111526713187074,5.577323731307919,2.800952726353449,r0001|r0000|r0002,r0002|r0014|r0006
43,20050,edge_4,1,0.6,2,1,0,0.0,0.0,0.019535360246498084,0.019535360246498084,7.601781908771671,7.601781908771671,r0013|r0022,r0013|r0022
43,20050,edge_4,1,1.0,2,1,0,0.0,0.0,0.019535360246498084,0.019535360246498084,7.601781908771671,7.601781908771671,r0013|r0022,r0013|r0022
43,20050,edge_5,1,0.6,2,1,0,0.0,0.0,0.019464601774569865,0.019464601774569865,7.5957917596940785,7.5957917596940785,r0013|r0022,r0013|r0022
43,20050,edge_5,1,1.0,2,1,0,0.0,0.0,0.019464601774569865,0.019464601774569865,7.5957917596940785,7.5957917596940785,r0013|r0022,r0013|r0022
43,20050,cloud_0,1,0.6,2,1,0,0.0,0.0,0.033077169310310184,0.033077169310310184,7.842207547046115,7.842207547046115,r0013|r0022,r0013|r0022
43,20050,cloud_0,1,1.0,2,1,0,0.0,0.0,0.033077169310310184,0.033077169310310184,7.842207547046115,7.842207547046115,r0013|r0022,r0013|r0022
43,20050,edge_4,2,0.6,2,1,0,0.0,0.0,0.025787772337146055,0.025787772337146055,7.508747185198966,7.508747185198966,r0013|r0022,r0013|r0022
43,20050,edge_4,2,1.0,2,1,0,0.0,0.0,0.025787772337146055,0.025787772337146055,7.508747185198966,7.508747185198966,r0013|r0022,r0013|r0022
43,20050,edge_5,2,0.6,2,1,0,0.0,8.881784197001252e-16,0.02532426560861111,0.02532426560861111,7.505719364770357,7.505719364770356,r0013|r0022,r0013|r0022
43,20050,edge_5,2,1.0,2,1,0,0.0,8.881784197001252e-16,0.02532426560861111,0.02532426560861111,7.505719364770357,7.505719364770356,r0013|r0022,r0013|r0022
43,20050,cloud_0,2,0.6,2,1,0,0.0,0.0,0.03709382567441133,0.03709382567441133,7.794594530517092,7.794594530517092,r0013|r0022,r0013|r0022
43,20050,cloud_0,2,1.0,2,1,0,0.0,8.881784197001252e-16,0.03709382567441133,0.03709382567441133,7.794594530517092,7.794594530517091,r0013|r0022,r0013|r0022
43,20050,edge_4,4,0.6,2,1,0,0.0,0.0,0.038292596518442,0.038292596518442,7.402753618835165,7.402753618835165,r0013|r0022,r0013|r0022
43,20050,edge_4,4,1.0,2,1,0,0.0,8.881784197001252e-16,0.038292596518442,0.038292596518442,7.402753618835165,7.402753618835164,r0013|r0022,r0013|r0022
43,20050,edge_5,4,0.6,2,1,0,0.0,0.0,0.03704359327669359,0.03704359327669359,7.400502135771134,7.400502135771134,r0013|r0022,r0013|r0022
43,20050,edge_5,4,1.0,2,1,0,0.0,0.0,0.03704359327669359,0.03704359327669359,7.400502135771134,7.400502135771134,r0013|r0022,r0013|r0022
43,20050,cloud_0,4,0.6,2,1,0,0.0,8.881784197001252e-16,0.04512713840261364,0.04512713840261364,7.720229765377303,7.720229765377302,r0013|r0022,r0013|r0022
43,20050,cloud_0,4,1.0,2,1,0,0.0,8.881784197001252e-16,0.04512713840261364,0.04512713840261364,7.720229765377303,7.720229765377302,r0013|r0022,r0013|r0022
43,20050,edge_4,8,0.6,2,1,0,0.0,-8.881784197001252e-16,0.06330224488103389,0.06330224488103389,7.302367479698787,7.302367479698788,r0013|r0022,r0013|r0022
43,20050,edge_4,8,1.0,2,1,0,0.0,-8.881784197001252e-16,0.06330224488103389,0.06330224488103389,7.302367479698787,7.302367479698788,r0013|r0022,r0013|r0022
43,20050,edge_5,8,0.6,2,1,0,0.0,8.881784197001252e-16,0.06048224861285856,0.06048224861285856,7.299018116685632,7.299018116685631,r0013|r0022,r0013|r0022
43,20050,edge_5,8,1.0,2,1,0,0.0,8.881784197001252e-16,0.06048224861285856,0.06048224861285856,7.299018116685632,7.299018116685631,r0013|r0022,r0013|r0022
43,20050,cloud_0,8,0.6,2,1,0,0.0,0.0,0.061193763859018264,0.061193763859018264,7.621263301358687,7.621263301358687,r0013|r0022,r0013|r0022
43,20050,cloud_0,8,1.0,2,1,0,0.0,-8.881784197001252e-16,0.061193763859018264,0.061193763859018264,7.621263301358687,7.621263301358688,r0013|r0022,r0013|r0022
44,20051,edge_1,1,0.6,5,1,0,0.0,-8.881784197001252e-16,0.191309432840525,0.191309432840525,6.98376293878045,6.983762938780451,r0004|r0009|r0001|r0019|r0006,r0004|r0009|r0001|r0019|r0006
44,20051,edge_1,1,1.0,5,1,0,0.0,-8.881784197001252e-16,0.191309432840525,0.191309432840525,6.98376293878045,6.983762938780451,r0004|r0009|r0001|r0019|r0006,r0004|r0009|r0001|r0019|r0006
44,20051,cloud_0,1,0.6,5,1,0,0.0,0.0,0.09464543287745902,0.09464543287745902,7.322679351129997,7.322679351129997,r0004|r0009|r0001|r0019|r0006,r0004|r0009|r0001|r0019|r0006
44,20051,cloud_0,1,1.0,5,1,0,0.0,0.0,0.09464543287745902,0.09464543287745902,7.322679351129997,7.322679351129997,r0004|r0009|r0001|r0019|r0006,r0004|r0009|r0001|r0019|r0006
44,20051,edge_1,2,0.6,5,1,0,0.0,0.0,0.28261120942189294,0.28261120942189294,6.844537458251912,6.844537458251912,r0004|r0009|r0001|r0019|r0006,r0004|r0009|r0001|r0019|r0006
44,20051,edge_1,2,1.0,5,1,0,0.0,0.0,0.28261120942189294,0.28261120942189294,6.844537458251912,6.844537458251912,r0004|r0009|r0001|r0019|r0006,r0004|r0009|r0001|r0019|r0006
44,20051,cloud_0,2,0.6,5,1,0,0.0,0.0,0.14553980050952825,0.14553980050952825,7.184646216382052,7.184646216382052,r0004|r0009|r0001|r0019|r0006,r0004|r0009|r0001|r0019|r0006
44,20051,cloud_0,2,1.0,5,1,0,0.0,0.0,0.14553980050952825,0.14553980050952825,7.184646216382052,7.184646216382052,r0004|r0009|r0001|r0019|r0006,r0004|r0009|r0001|r0019|r0006
44,20051,cloud_0,4,0.6,5,1,0,0.0,0.0,0.24732853577366667,0.24732853577366667,7.049380562698251,7.049380562698251,r0004|r0009|r0001|r0019|r0006,r0004|r0009|r0001|r0019|r0006
44,20051,cloud_0,4,1.0,5,1,0,0.0,0.0,0.24732853577366667,0.24732853577366667,7.049380562698251,7.049380562698251,r0004|r0009|r0001|r0019|r0006,r0004|r0009|r0001|r0019|r0006
44,20051,cloud_0,8,0.6,5,1,0,0.0,0.0,0.45090600630194355,0.45090600630194355,6.9358394350651045,6.9358394350651045,r0004|r0009|r0001|r0019|r0006,r0004|r0009|r0001|r0019|r0006
44,20051,cloud_0,8,1.0,5,1,0,0.0,0.0,0.45090600630194355,0.45090600630194355,6.9358394350651045,6.9358394350651045,r0004|r0009|r0001|r0019|r0006,r0004|r0009|r0001|r0019|r0006
45,20052,cloud_0,1,0.6,8,1,0,0.0,8.881784197001252e-16,0.2316131478575187,0.2316131478575187,5.5878757792505755,5.587875779250575,r0011|r0009|r0023|r0020|r0017|r0016|r0015|r0022,r0011|r0009|r0023|r0020|r0017|r0016|r0015|r0022
45,20052,cloud_0,1,1.0,8,1,0,0.0,8.881784197001252e-16,0.2316131478575187,0.2316131478575187,5.5878757792505755,5.587875779250575,r0011|r0009|r0023|r0020|r0017|r0016|r0015|r0022,r0011|r0009|r0023|r0020|r0017|r0016|r0015|r0022
45,20052,cloud_0,2,0.6,8,1,0,0.0,-8.881784197001252e-16,0.43411749589189086,0.43411749589189086,5.4902904082018855,5.490290408201886,r0011|r0009|r0023|r0020|r0017|r0016|r0015|r0022,r0011|r0009|r0023|r0020|r0017|r0016|r0015|r0022
45,20052,cloud_0,2,1.0,8,1,0,0.0,0.0,0.43411749589189086,0.43411749589189086,5.4902904082018855,5.4902904082018855,r0011|r0009|r0023|r0020|r0017|r0016|r0015|r0022,r0011|r0009|r0023|r0020|r0017|r0016|r0015|r0022
45,20052,cloud_0,4,0.6,8,1,0,0.0,0.0,0.8391261919606354,0.8391261919606354,5.416945199287694,5.416945199287694,r0011|r0009|r0023|r0020|r0017|r0016|r0015|r0022,r0011|r0009|r0023|r0020|r0017|r0016|r0015|r0022
45,20052,cloud_0,4,1.0,8,1,0,0.0,0.0,0.8391261919606354,0.8391261919606354,5.416945199287694,5.416945199287694,r0011|r0009|r0023|r0020|r0017|r0016|r0015|r0022,r0011|r0009|r0023|r0020|r0017|r0016|r0015|r0022
45,20052,cloud_0,8,0.6,8,1,0,0.0,0.0,1.6491435840981246,1.6491435840981246,5.349925978154959,5.349925978154959,r0011|r0009|r0023|r0020|r0017|r0016|r0015|r0022,r0011|r0009|r0023|r0020|r0017|r0016|r0015|r0022
45,20052,cloud_0,8,1.0,8,1,0,0.0,-8.881784197001252e-16,1.6491435840981246,1.6491435840981246,5.349925978154959,5.3499259781549595,r0011|r0009|r0023|r0020|r0017|r0016|r0015|r0022,r0011|r0009|r0023|r0020|r0017|r0016|r0015|r0022
46,20053,edge_1,1,0.6,6,1,0,0.0,0.0,0.3632923037081008,0.3632923037081008,7.085326757134614,7.085326757134614,r0010|r0013|r0021|r0002|r0003|r0019,r0010|r0013|r0021|r0002|r0003|r0019
46,20053,edge_1,1,1.0,6,1,0,0.0,0.0,0.3632923037081008,0.3632923037081008,7.085326757134614,7.085326757134614,r0010|r0013|r0021|r0002|r0003|r0019,r0010|r0013|r0021|r0002|r0003|r0019
46,20053,cloud_0,1,0.6,6,1,0,0.0,-8.881784197001252e-16,0.20511876420817568,0.20511876420817568,7.3354819063159065,7.335481906315907,r0010|r0013|r0021|r0002|r0003|r0019,r0010|r0013|r0021|r0002|r0003|r0019
46,20053,cloud_0,1,1.0,6,1,0,0.0,0.0,0.20511876420817568,0.20511876420817568,7.3354819063159065,7.3354819063159065,r0010|r0013|r0021|r0002|r0003|r0019,r0010|r0013|r0021|r0002|r0003|r0019
46,20053,edge_1,2,0.6,6,1,0,0.0,8.881784197001252e-16,0.6220779243544172,0.6220779243544172,6.944505078758769,6.944505078758768,r0010|r0013|r0021|r0002|r0003|r0019,r0010|r0013|r0021|r0002|r0003|r0019
46,20053,edge_1,2,1.0,6,1,0,0.0,0.0,0.6220779243544172,0.6220779243544172,6.944505078758769,6.944505078758769,r0010|r0013|r0021|r0002|r0003|r0019,r0010|r0013|r0021|r0002|r0003|r0019
46,20053,cloud_0,2,0.6,6,1,0,0.0,0.0,0.3529541526997855,0.3529541526997855,7.202396342873899,7.202396342873899,r0010|r0013|r0021|r0002|r0003|r0019,r0010|r0013|r0021|r0002|r0003|r0019
46,20053,cloud_0,2,1.0,6,1,0,0.0,-8.881784197001252e-16,0.3529541526997855,0.3529541526997855,7.202396342873899,7.2023963428739,r0010|r0013|r0021|r0002|r0003|r0019,r0010|r0013|r0021|r0002|r0003|r0019
46,20053,edge_1,4,0.6,6,1,0,0.0,0.0,1.1396491656470504,1.1396491656470504,6.820729144623962,6.820729144623962,r0010|r0013|r0021|r0002|r0003|r0019,r0010|r0013|r0021|r0002|r0003|r0019
46,20053,edge_1,4,1.0,6,1,0,0.0,-8.881784197001252e-16,1.1396491656470504,1.1396491656470504,6.820729144623962,6.820729144623963,r0010|r0013|r0021|r0002|r0003|r0019,r0010|r0013|r0021|r0002|r0003|r0019
46,20053,cloud_0,4,0.6,6,1,0,0.0,0.0,0.648624929683005,0.648624929683005,7.093721293256133,7.093721293256133,r0010|r0013|r0021|r0002|r0003|r0019,r0010|r0013|r0021|r0002|r0003|r0019
46,20053,cloud_0,4,1.0,6,1,0,0.0,0.0,0.648624929683005,0.648624929683005,7.093721293256133,7.093721293256133,r0010|r0013|r0021|r0002|r0003|r0019,r0010|r0013|r0021|r0002|r0003|r0019
46,20053,edge_1,8,0.6,6,1,0,0.0,0.0,2.1747916482323166,2.1747916482323166,6.706997054976853,6.706997054976853,r0010|r0013|r0021|r0002|r0003|r0019,r0010|r0013|r0021|r0002|r0003|r0019
46,20053,edge_1,8,1.0,6,1,0,0.0,0.0,2.1747916482323166,2.1747916482323166,6.706997054976853,6.706997054976853,r0010|r0013|r0021|r0002|r0003|r0019,r0010|r0013|r0021|r0002|r0003|r0019
46,20053,cloud_0,8,0.6,6,1,0,0.0,8.881784197001252e-16,1.2399664836494442,1.2399664836494442,7.007870901473823,7.007870901473822,r0010|r0013|r0021|r0002|r0003|r0019,r0010|r0013|r0021|r0002|r0003|r0019
46,20053,cloud_0,8,1.0,6,1,0,0.0,8.881784197001252e-16,1.2399664836494442,1.2399664836494442,7.007870901473823,7.007870901473822,r0010|r0013|r0021|r0002|r0003|r0019,r0010|r0013|r0021|r0002|r0003|r0019
47,20054,cloud_0,1,0.6,4,1,0,0.0,0.0,0.04824068952333319,0.04824068952333319,7.938779611081508,7.938779611081508,r0008|r0003|r0021|r0002,r0008|r0003|r0021|r0002
47,20054,cloud_0,1,1.0,4,1,0,0.0,0.0,0.04824068952333319,0.04824068952333319,7.938779611081508,7.938779611081508,r0008|r0003|r0021|r0002,r0008|r0003|r0021|r0002
47,20054,cloud_0,2,0.6,4,1,0,0.0,0.0,0.06877371753344326,0.06877371753344326,7.8132228915847,7.8132228915847,r0008|r0003|r0021|r0002,r0008|r0003|r0021|r0002
47,20054,cloud_0,2,1.0,4,1,0,0.0,0.0,0.06877371753344326,0.06877371753344326,7.8132228915847,7.8132228915847,r0008|r0003|r0021|r0002,r0008|r0003|r0021|r0002
47,20054,cloud_0,4,0.6,4,1,0,0.0,0.0,0.10983977355366337,0.10983977355366337,7.6783708839464735,7.6783708839464735,r0008|r0003|r0021|r0002,r0008|r0003|r0021|r0002
47,20054,cloud_0,4,1.0,4,1,0,0.0,8.881784197001252e-16,0.10983977355366337,0.10983977355366337,7.6783708839464735,7.678370883946473,r0008|r0003|r0021|r0002,r0008|r0003|r0021|r0002
47,20054,cloud_0,8,0.6,4,1,0,0.0,0.0,0.19197188559410358,0.19197188559410358,7.5603921150983835,7.5603921150983835,r0008|r0003|r0021|r0002,r0008|r0003|r0021|r0002
47,20054,cloud_0,8,1.0,4,1,0,0.0,0.0,0.19197188559410358,0.19197188559410358,7.5603921150983835,7.5603921150983835,r0008|r0003|r0021|r0002,r0008|r0003|r0021|r0002
48,20055,cloud_0,1,0.6,5,1,0,0.0,0.0,0.0715596842153201,0.0715596842153201,6.5613853377537,6.5613853377537,r0016|r0005|r0006|r0010|r0004,r0016|r0005|r0006|r0010|r0004
48,20055,cloud_0,1,1.0,5,1,0,0.0,0.0,0.0715596842153201,0.0715596842153201,6.5613853377537,6.5613853377537,r0016|r0005|r0006|r0010|r0004,r0016|r0005|r0006|r0010|r0004
48,20055,cloud_0,2,0.6,5,1,0,0.0,-8.881784197001252e-16,0.11273301651529119,0.11273301651529119,6.424009707880104,6.424009707880105,r0016|r0005|r0006|r0010|r0004,r0016|r0005|r0006|r0010|r0004
48,20055,cloud_0,2,1.0,5,1,0,0.0,0.0,0.11273301651529119,0.11273301651529119,6.424009707880104,6.424009707880104,r0016|r0005|r0006|r0010|r0004,r0016|r0005|r0006|r0010|r0004
48,20055,cloud_0,4,0.6,5,1,0,0.0,0.0,0.1950796811152333,0.1950796811152333,6.2974871280863765,6.2974871280863765,r0016|r0005|r0006|r0010|r0004,r0016|r0005|r0006|r0010|r0004
48,20055,cloud_0,4,1.0,5,1,0,0.0,0.0,0.1950796811152333,0.1950796811152333,6.2974871280863765,6.2974871280863765,r0016|r0005|r0006|r0010|r0004,r0016|r0005|r0006|r0010|r0004
48,20055,cloud_0,8,0.6,5,1,0,0.0,0.0,0.35977301031511755,0.35977301031511755,6.198811327621773,6.198811327621773,r0016|r0005|r0006|r0010|r0004,r0016|r0005|r0006|r0010|r0004
48,20055,cloud_0,8,1.0,5,1,0,0.0,0.0,0.35977301031511755,0.35977301031511755,6.198811327621773,6.198811327621773,r0016|r0005|r0006|r0010|r0004,r0016|r0005|r0006|r0010|r0004
49,20056,edge_3,1,0.6,3,1,0,0.0,0.0,0.07389347093795084,0.07389347093795084,6.555211683915998,6.555211683915998,r0005|r0023|r0007,r0005|r0023|r0007
49,20056,edge_3,1,1.0,3,1,0,0.0,0.0,0.07389347093795084,0.07389347093795084,6.555211683915998,6.555211683915998,r0005|r0023|r0007,r0005|r0023|r0007
49,20056,edge_5,1,0.6,3,1,0,0.0,8.881784197001252e-16,0.06023712373007225,0.06023712373007225,6.436634746188576,6.436634746188575,r0005|r0023|r0007,r0005|r0023|r0007
49,20056,edge_5,1,1.0,3,1,0,0.0,8.881784197001252e-16,0.06023712373007225,0.06023712373007225,6.436634746188576,6.436634746188575,r0005|r0023|r0007,r0005|r0023|r0007
49,20056,cloud_0,1,0.6,3,1,0,0.0,0.0,0.0470163000846412,0.0470163000846412,6.697928747509265,6.697928747509265,r0005|r0023|r0007,r0005|r0023|r0007
49,20056,cloud_0,1,1.0,3,1,0,0.0,0.0,0.0470163000846412,0.0470163000846412,6.697928747509265,6.697928747509265,r0005|r0023|r0007,r0005|r0023|r0007
49,20056,edge_3,2,0.6,3,1,0,0.0,0.0,0.1104787545876651,0.1104787545876651,6.429732594971984,6.429732594971984,r0005|r0023|r0007,r0005|r0023|r0007
49,20056,edge_3,2,1.0,3,1,0,0.0,0.0,0.1104787545876651,0.1104787545876651,6.429732594971984,6.429732594971984,r0005|r0023|r0007,r0005|r0023|r0007
49,20056,edge_5,2,0.6,3,1,0,0.0,0.0,0.09923347480665641,0.09923347480665641,6.318623238567865,6.318623238567865,r0005|r0023|r0007,r0005|r0023|r0007
49,20056,edge_5,2,1.0,3,1,0,0.0,-8.881784197001252e-16,0.09923347480665641,0.09923347480665641,6.318623238567865,6.318623238567866,r0005|r0023|r0007,r0005|r0023|r0007
49,20056,cloud_0,2,0.6,3,1,0,0.0,-8.881784197001252e-16,0.07101677123205971,0.07101677123205971,6.573808338285852,6.573808338285853,r0005|r0023|r0007,r0005|r0023|r0007
49,20056,cloud_0,2,1.0,3,1,0,0.0,-8.881784197001252e-16,0.07101677123205971,0.07101677123205971,6.573808338285852,6.573808338285853,r0005|r0023|r0007,r0005|r0023|r0007
49,20056,edge_3,4,0.6,3,1,0,0.0,0.0,0.18364932188709351,0.18364932188709351,6.312026366595941,6.312026366595941,r0005|r0023|r0007,r0005|r0023|r0007
49,20056,edge_3,4,1.0,3,1,0,0.0,0.0,0.18364932188709351,0.18364932188709351,6.312026366595941,6.312026366595941,r0005|r0023|r0007,r0005|r0023|r0007
49,20056,edge_5,4,0.6,3,1,0,0.0,8.881784197001252e-16,0.17722617695982476,0.17722617695982476,6.226749273088086,6.226749273088085,r0005|r0023|r0007,r0005|r0023|r0007
49,20056,edge_5,4,1.0,3,1,0,0.0,0.0,0.17722617695982476,0.17722617695982476,6.226749273088086,6.226749273088086,r0005|r0023|r0007,r0005|r0023|r0007
49,20056,cloud_0,4,0.6,3,1,0,0.0,8.881784197001252e-16,0.1190177135268967,0.1190177135268967,6.461405836572736,6.461405836572735,r0005|r0023|r0007,r0005|r0023|r0007
49,20056,cloud_0,4,1.0,3,1,0,0.0,8.881784197001252e-16,0.1190177135268967,0.1190177135268967,6.461405836572736,6.461405836572735,r0005|r0023|r0007,r0005|r0023|r0007
49,20056,edge_3,8,0.6,3,1,0,0.0,0.0,0.32999045648595043,0.32999045648595043,6.219874046259704,6.219874046259704,r0005|r0023|r0007,r0005|r0023|r0007
49,20056,edge_3,8,1.0,3,1,0,0.0,0.0,0.32999045648595043,0.32999045648595043,6.219874046259704,6.219874046259704,r0005|r0023|r0007,r0005|r0023|r0007
49,20056,edge_5,8,0.6,3,1,0,0.0,0.0,0.3332115812661615,0.3332115812661615,6.163026652602962,6.163026652602962,r0005|r0023|r0007,r0005|r0023|r0007
49,20056,edge_5,8,1.0,3,1,0,0.0,0.0,0.3332115812661615,0.3332115812661615,6.163026652602962,6.163026652602962,r0005|r0023|r0007,r0005|r0023|r0007
49,20056,cloud_0,8,0.6,3,1,0,0.0,0.0,0.21501959811657076,0.21501959811657076,6.378711623866585,6.378711623866585,r0005|r0023|r0007,r0005|r0023|r0007
49,20056,cloud_0,8,1.0,3,1,0,0.0,0.0,0.21501959811657076,0.21501959811657076,6.378711623866585,6.378711623866585,r0005|r0023|r0007,r0005|r0023|r0007
50,20057,cloud_0,1,0.6,2,1,0,0.0,0.0,0.03797678697505131,0.03797678697505131,7.441776788767722,7.441776788767722,r0005|r0018,r0005|r0018
50,20057,cloud_0,1,1.0,2,1,0,0.0,0.0,0.03797678697505131,0.03797678697505131,7.441776788767722,7.441776788767722,r0005|r0018,r0005|r0018
50,20057,cloud_0,2,0.6,2,1,0,0.0,0.0,0.06413055069184273,0.06413055069184273,7.357303345402568,7.357303345402568,r0005|r0018,r0005|r0018
50,20057,cloud_0,2,1.0,2,1,0,0.0,0.0,0.06413055069184273,0.06413055069184273,7.357303345402568,7.357303345402568,r0005|r0018,r0005|r0018
50,20057,cloud_0,4,0.6,2,1,0,0.0,0.0,0.11643807812542556,0.11643807812542556,7.297119463169646,7.297119463169646,r0005|r0018,r0005|r0018
50,20057,cloud_0,4,1.0,2,1,0,0.0,0.0,0.11643807812542556,0.11643807812542556,7.297119463169646,7.297119463169646,r0005|r0018,r0005|r0018
50,20057,cloud_0,8,0.6,2,1,0,0.0,8.881784197001252e-16,0.22105313299259127,0.22105313299259127,7.257019663337259,7.257019663337258,r0005|r0018,r0005|r0018
50,20057,cloud_0,8,1.0,2,1,0,0.0,0.0,0.22105313299259127,0.22105313299259127,7.257019663337259,7.257019663337259,r0005|r0018,r0005|r0018
51,20058,cloud_0,1,0.6,7,1,0,0.0,8.881784197001252e-16,0.2710403957976689,0.2710403957976689,5.834115326790795,5.834115326790794,r0003|r0007|r0006|r0005|r0002|r0009|r0017,r0003|r0007|r0006|r0005|r0002|r0009|r0017
51,20058,cloud_0,1,1.0,7,1,0,0.0,0.0,0.2710403957976689,0.2710403957976689,5.834115326790795,5.834115326790795,r0003|r0007|r0006|r0005|r0002|r0009|r0017,r0003|r0007|r0006|r0005|r0002|r0009|r0017
51,20058,cloud_0,2,0.6,7,1,0,0.0,0.0,0.4988706992895242,0.4988706992895242,5.728804407424163,5.728804407424163,r0003|r0007|r0006|r0005|r0002|r0009|r0017,r0003|r0007|r0006|r0005|r0002|r0009|r0017
51,20058,cloud_0,2,1.0,7,1,0,0.0,0.0,0.4988706992895242,0.4988706992895242,5.728804407424163,5.728804407424163,r0003|r0007|r0006|r0005|r0002|r0009|r0017,r0003|r0007|r0006|r0005|r0002|r0009|r0017
51,20058,cloud_0,4,0.6,7,1,0,0.0,0.0,0.9545313062732346,0.9545313062732346,5.65264298009526,5.65264298009526,r0003|r0007|r0006|r0005|r0002|r0009|r0017,r0003|r0007|r0006|r0005|r0002|r0009|r0017
51,20058,cloud_0,4,1.0,7,1,0,0.0,0.0,0.9545313062732346,0.9545313062732346,5.65264298009526,5.65264298009526,r0003|r0007|r0006|r0005|r0002|r0009|r0017,r0003|r0007|r0006|r0005|r0002|r0009|r0017
51,20058,cloud_0,8,0.6,7,1,0,0.0,-8.881784197001252e-16,1.8658525202406555,1.8658525202406555,5.592653363688952,5.592653363688953,r0003|r0007|r0006|r0005|r0002|r0009|r0017,r0003|r0007|r0006|r0005|r0002|r0009|r0017
51,20058,cloud_0,8,1.0,7,1,0,0.0,0.0,1.8658525202406555,1.8658525202406555,5.592653363688952,5.592653363688952,r0003|r0007|r0006|r0005|r0002|r0009|r0017,r0003|r0007|r0006|r0005|r0002|r0009|r0017
52,20059,edge_1,1,0.6,3,1,0,0.0,0.0,0.05700165065341262,0.05700165065341262,6.394433697861686,6.394433697861686,r0022|r0016|r0018,r0022|r0016|r0018
52,20059,edge_1,1,1.0,3,1,0,0.0,0.0,0.05700165065341262,0.05700165065341262,6.394433697861686,6.394433697861686,r0022|r0016|r0018,r0022|r0016|r0018
52,20059,cloud_0,1,0.6,3,1,0,0.0,-8.881784197001252e-16,0.024221950924707275,0.024221950924707275,6.4313368860236775,6.431336886023678,r0022|r0016|r0018,r0022|r0016|r0018
52,20059,cloud_0,1,1.0,3,1,0,0.0,-8.881784197001252e-16,0.024221950924707275,0.024221950924707275,6.4313368860236775,6.431336886023678,r0022|r0016|r0018,r0022|r0016|r0018
52,20059,edge_1,2,0.6,3,1,0,0.0,0.0,0.07269743972969077,0.07269743972969077,6.296203776114833,6.296203776114833,r0022|r0016|r0018,r0022|r0016|r0018
52,20059,edge_1,2,1.0,3,1,0,0.0,0.0,0.07269743972969077,0.07269743972969077,6.296203776114833,6.296203776114833,r0022|r0016|r0018,r0022|r0016|r0018
52,20059,cloud_0,2,0.6,3,1,0,0.0,0.0,0.038723424067840496,0.038723424067840496,6.3080033741967085,6.3080033741967085,r0022|r0016|r0018,r0022|r0016|r0018
52,20059,cloud_0,2,1.0,3,1,0,0.0,8.881784197001252e-16,0.038723424067840496,0.038723424067840496,6.3080033741967085,6.308003374196708,r0022|r0016|r0018,r0022|r0016|r0018
52,20059,cloud_0,4,0.6,3,1,0,0.0,0.0,0.06772637035410695,0.06772637035410695,6.2057965822781505,6.2057965822781505,r0022|r0016|r0018,r0022|r0016|r0018
52,20059,cloud_0,4,1.0,3,1,0,0.0,0.0,0.06772637035410695,0.06772637035410695,6.2057965822781505,6.2057965822781505,r0022|r0016|r0018,r0022|r0016|r0018
52,20059,cloud_0,8,0.6,3,1,0,0.0,0.0,0.12573226292663983,0.12573226292663983,6.131481917735809,6.131481917735809,r0022|r0016|r0018,r0022|r0016|r0018
52,20059,cloud_0,8,1.0,3,1,0,0.0,0.0,0.12573226292663983,0.12573226292663983,6.131481917735809,6.131481917735809,r0022|r0016|r0018,r0022|r0016|r0018
53,20060,cloud_0,1,0.6,4,1,0,0.0,0.0,0.059283126419086625,0.059283126419086625,7.616948387326336,7.616948387326336,r0022|r0001|r0015|r0012,r0022|r0001|r0015|r0012
53,20060,cloud_0,1,1.0,4,1,0,0.0,0.0,0.059283126419086625,0.059283126419086625,7.616948387326336,7.616948387326336,r0022|r0001|r0015|r0012,r0022|r0001|r0015|r0012
53,20060,cloud_0,2,0.6,4,1,0,0.0,0.0,0.08296992261382384,0.08296992261382384,7.495390401952253,7.495390401952253,r0022|r0001|r0015|r0012,r0022|r0001|r0015|r0012
53,20060,cloud_0,2,1.0,4,1,0,0.0,0.0,0.08296992261382384,0.08296992261382384,7.495390401952253,7.495390401952253,r0022|r0001|r0015|r0012,r0022|r0001|r0015|r0012
53,20060,cloud_0,4,0.6,4,1,0,0.0,0.0,0.1303435150032983,0.1303435150032983,7.36055726428189,7.36055726428189,r0022|r0001|r0015|r0012,r0022|r0001|r0015|r0012
53,20060,cloud_0,4,1.0,4,1,0,0.0,8.881784197001252e-16,0.1303435150032983,0.1303435150032983,7.36055726428189,7.360557264281889,r0022|r0001|r0015|r0012,r0022|r0001|r0015|r0012
53,20060,cloud_0,8,0.6,4,1,0,0.0,0.0,0.22509069978224722,0.22509069978224722,7.239638416671524,7.239638416671524,r0022|r0001|r0015|r0012,r0022|r0001|r0015|r0012
53,20060,cloud_0,8,1.0,4,1,0,0.0,8.881784197001252e-16,0.22509069978224722,0.22509069978224722,7.239638416671524,7.239638416671523,r0022|r0001|r0015|r0012,r0022|r0001|r0015|r0012
54,20061,cloud_0,1,0.6,5,1,0,0.0,-1.7763568394002505e-15,0.10045346776360517,0.10045346776360517,8.512796547333696,8.512796547333698,r0002|r0009|r0011|r0007|r0018,r0002|r0009|r0011|r0007|r0018
54,20061,cloud_0,1,1.0,5,1,0,0.0,0.0,0.10045346776360517,0.10045346776360517,8.512796547333696,8.512796547333696,r0002|r0009|r0011|r0007|r0018,r0002|r0009|r0011|r0007|r0018
54,20061,cloud_0,2,0.6,5,1,0,0.0,0.0,0.14831708824042575,0.14831708824042575,8.380503348596417,8.380503348596417,r0002|r0009|r0011|r0007|r0018,r0002|r0009|r0011|r0007|r0018
54,20061,cloud_0,2,1.0,5,1,0,0.0,0.0,0.14831708824042575,0.14831708824042575,8.380503348596417,8.380503348596417,r0002|r0009|r0011|r0007|r0018,r0002|r0009|r0011|r0007|r0018
54,20061,cloud_0,4,0.6,5,1,0,0.0,-1.7763568394002505e-15,0.2440443291940669,0.2440443291940669,8.241239414047609,8.24123941404761,r0002|r0009|r0011|r0007|r0018,r0002|r0009|r0011|r0007|r0018
54,20061,cloud_0,4,1.0,5,1,0,0.0,-1.7763568394002505e-15,0.2440443291940669,0.2440443291940669,8.241239414047609,8.24123941404761,r0002|r0009|r0011|r0007|r0018,r0002|r0009|r0011|r0007|r0018
54,20061,cloud_0,8,0.6,5,1,0,0.0,0.0,0.43549881110134925,0.43549881110134925,8.11929032221815,8.11929032221815,r0002|r0009|r0011|r0007|r0018,r0002|r0009|r0011|r0007|r0018
54,20061,cloud_0,8,1.0,5,1,0,0.0,0.0,0.43549881110134925,0.43549881110134925,8.11929032221815,8.11929032221815,r0002|r0009|r0011|r0007|r0018,r0002|r0009|r0011|r0007|r0018
55,20062,cloud_0,1,0.6,3,1,0,0.0,0.0,0.06460248466694705,0.06460248466694705,7.530702678863435,7.530702678863435,r0019|r0014|r0022,r0019|r0014|r0022
55,20062,cloud_0,1,1.0,3,1,0,0.0,0.0,0.06460248466694705,0.06460248466694705,7.530702678863435,7.530702678863435,r0019|r0014|r0022,r0019|r0014|r0022
55,20062,cloud_0,2,0.6,3,1,0,0.0,-8.881784197001252e-16,0.0924626445322513,0.0924626445322513,7.408983482251887,7.408983482251888,r0019|r0014|r0022,r0019|r0014|r0022
55,20062,cloud_0,2,1.0,3,1,0,0.0,-8.881784197001252e-16,0.0924626445322513,0.0924626445322513,7.408983482251887,7.408983482251888,r0019|r0014|r0022,r0019|r0014|r0022
55,20062,cloud_0,4,0.6,3,1,0,0.0,0.0,0.14818296426285982,0.14818296426285982,7.285072787523474,7.285072787523474,r0019|r0014|r0022,r0019|r0014|r0022
55,20062,cloud_0,4,1.0,3,1,0,0.0,0.0,0.14818296426285982,0.14818296426285982,7.285072787523474,7.285072787523474,r0019|r0014|r0022,r0019|r0014|r0022
55,20062,cloud_0,8,0.6,3,1,0,0.0,0.0,0.25962360372407683,0.25962360372407683,7.181828529639691,7.181828529639691,r0019|r0014|r0022,r0019|r0014|r0022
55,20062,cloud_0,8,1.0,3,1,0,0.0,0.0,0.25962360372407683,0.25962360372407683,7.181828529639691,7.181828529639691,r0019|r0014|r0022,r0019|r0014|r0022
56,20063,cloud_0,1,0.6,6,1,0,0.0,0.0,0.04997581693170075,0.04997581693170075,7.821205826493944,7.821205826493944,r0019|r0001|r0011|r0016|r0017|r0002,r0019|r0001|r0011|r0016|r0017|r0002
56,20063,cloud_0,1,1.0,6,1,0,0.0,0.0,0.04997581693170075,0.04997581693170075,7.821205826493944,7.821205826493944,r0019|r0001|r0011|r0016|r0017|r0002,r0019|r0001|r0011|r0016|r0017|r0002
56,20063,cloud_0,2,0.6,6,1,0,0.0,0.0,0.08150242839737637,0.08150242839737637,7.685002446814547,7.685002446814547,r0019|r0001|r0011|r0016|r0017|r0002,r0019|r0001|r0011|r0016|r0017|r0002
56,20063,cloud_0,2,1.0,6,1,0,0.0,-8.881784197001252e-16,0.08150242839737637,0.08150242839737637,7.685002446814547,7.685002446814548,r0019|r0001|r0011|r0016|r0017|r0002,r0019|r0001|r0011|r0016|r0017|r0002
56,20063,cloud_0,4,0.6,6,1,0,0.0,0.0,0.14455565132872766,0.14455565132872766,7.566265854993781,7.566265854993781,r0019|r0001|r0011|r0016|r0017|r0002,r0019|r0001|r0011|r0016|r0017|r0002
56,20063,cloud_0,4,1.0,6,1,0,0.0,-8.881784197001252e-16,0.14455565132872766,0.14455565132872766,7.566265854993781,7.566265854993782,r0019|r0001|r0011|r0016|r0017|r0002,r0019|r0001|r0011|r0016|r0017|r0002
56,20063,cloud_0,8,0.6,6,1,0,0.0,0.0,0.2706620971914302,0.2706620971914302,7.479741910770012,7.479741910770012,r0019|r0001|r0011|r0016|r0017|r0002,r0019|r0001|r0011|r0016|r0017|r0002
56,20063,cloud_0,8,1.0,6,1,0,0.0,-8.881784197001252e-16,0.2706620971914302,0.2706620971914302,7.479741910770012,7.479741910770013,r0019|r0001|r0011|r0016|r0017|r0002,r0019|r0001|r0011|r0016|r0017|r0002
57,20064,edge_4,1,0.6,4,1,0,0.0,0.0,0.096153406553571,0.096153406553571,7.645752998376951,7.645752998376951,r0005|r0011|r0010|r0002,r0005|r0011|r0010|r0002
57,20064,edge_4,1,1.0,4,1,0,0.0,8.881784197001252e-16,0.096153406553571,0.096153406553571,7.645752998376951,7.64575299837695,r0005|r0011|r0010|r0002,r0005|r0011|r0010|r0002
57,20064,cloud_0,1,0.6,4,1,0,0.0,0.0,0.0548183224927465,0.0548183224927465,7.960078247376792,7.960078247376792,r0005|r0011|r0010|r0002,r0005|r0011|r0010|r0002
57,20064,cloud_0,1,1.0,4,1,0,0.0,-8.881784197001252e-16,0.0548183224927465,0.0548183224927465,7.960078247376792,7.960078247376793,r0005|r0011|r0010|r0002,r0005|r0011|r0010|r0002
57,20064,edge_4,2,0.6,4,1,0,0.0,-8.881784197001252e-16,0.14335288544403785,0.14335288544403785,7.507318678508446,7.5073186785084465,r0005|r0011|r0010|r0002,r0005|r0011|r0010|r0002
57,20064,edge_4,2,1.0,4,1,0,0.0,0.0,0.14335288544403785,0.14335288544403785,7.507318678508446,7.507318678508446,r0005|r0011|r0010|r0002,r0005|r0011|r0010|r0002
57,20064,cloud_0,2,0.6,4,1,0,0.0,0.0,0.08241517350515216,0.08241517350515216,7.825779590401243,7.825779590401243,r0005|r0011|r0010|r0002,r0005|r0011|r0010|r0002
57,20064,cloud_0,2,1.0,4,1,0,0.0,0.0,0.08241517350515216,0.08241517350515216,7.825779590401243,7.825779590401243,r0005|r0011|r0010|r0002,r0005|r0011|r0010|r0002
57,20064,edge_4,4,0.6,4,1,0,0.0,-8.881784197001252e-16,0.23775184322497153,0.23775184322497153,7.364191532687469,7.36419153268747,r0005|r0011|r0010|r0002,r0005|r0011|r0010|r0002
57,20064,edge_4,4,1.0,4,1,0,0.0,0.0,0.23775184322497153,0.23775184322497153,7.364191532687469,7.364191532687469,r0005|r0011|r0010|r0002,r0005|r0011|r0010|r0002
57,20064,cloud_0,4,0.6,4,1,0,0.0,8.881784197001252e-16,0.13760887552996354,0.13760887552996354,7.6937971595273,7.693797159527299,r0005|r0011|r0010|r0002,r0005|r0011|r0010|r0002
57,20064,cloud_0,4,1.0,4,1,0,0.0,1.7763568394002505e-15,0.13760887552996354,0.13760887552996354,7.6937971595273,7.693797159527298,r0005|r0011|r0010|r0002,r0005|r0011|r0010|r0002
57,20064,cloud_0,8,0.6,4,1,0,0.0,0.0,0.2479962795795863,0.2479962795795863,7.583835319331387,7.583835319331387,r0005|r0011|r0010|r0002,r0005|r0011|r0010|r0002
57,20064,cloud_0,8,1.0,4,1,0,0.0,0.0,0.2479962795795863,0.2479962795795863,7.583835319331387,7.583835319331387,r0005|r0011|r0010|r0002,r0005|r0011|r0010|r0002
58,20065,edge_2,1,0.6,8,1,0,0.0,-8.881784197001252e-16,0.07105774618465949,0.07105774618465949,7.335881360933112,7.335881360933113,r0009|r0021|r0008|r0007|r0023|r0018|r0004|r0022,r0009|r0021|r0008|r0007|r0023|r0018|r0004|r0022
58,20065,edge_2,1,1.0,8,1,0,0.0,-8.881784197001252e-16,0.07105774618465949,0.07105774618465949,7.335881360933112,7.335881360933113,r0009|r0021|r0008|r0007|r0023|r0018|r0004|r0022,r0009|r0021|r0008|r0007|r0023|r0018|r0004|r0022
58,20065,cloud_0,1,0.6,8,1,0,0.0,-8.881784197001252e-16,0.06647484930395653,0.06647484930395653,7.752701626965942,7.752701626965943,r0009|r0021|r0008|r0007|r0023|r0018|r0004|r0022,r0009|r0021|r0008|r0007|r0023|r0018|r0004|r0022
58,20065,cloud_0,1,1.0,8,1,0,0.0,0.0,0.06647484930395653,0.06647484930395653,7.752701626965942,7.752701626965942,r0009|r0021|r0008|r0007|r0023|r0018|r0004|r0022,r0009|r0021|r0008|r0007|r0023|r0018|r0004|r0022
58,20065,edge_2,2,0.6,8,1,0,0.0,0.0,0.11884658950066482,0.11884658950066482,7.196358510451447,7.196358510451447,r0009|r0021|r0008|r0007|r0023|r0018|r0004|r0022,r0009|r0021|r0008|r0007|r0023|r0018|r0004|r0022
58,20065,edge_2,2,1.0,8,1,0,0.0,0.0,0.11884658950066482,0.11884658950066482,7.196358510451447,7.196358510451447,r0009|r0021|r0008|r0007|r0023|r0018|r0004|r0022,r0009|r0021|r0008|r0007|r0023|r0018|r0004|r0022
58,20065,cloud_0,2,0.6,8,1,0,0.0,0.0,0.10208583556795647,0.10208583556795647,7.622243714314234,7.622243714314234,r0009|r0021|r0008|r0007|r0023|r0018|r0004|r0022,r0009|r0021|r0008|r0007|r0023|r0018|r0004|r0022
58,20065,cloud_0,2,1.0,8,1,0,0.0,0.0,0.10208583556795647,0.10208583556795647,7.622243714314234,7.622243714314234,r0009|r0021|r0008|r0007|r0023|r0018|r0004|r0022,r0009|r0021|r0008|r0007|r0023|r0018|r0004|r0022
58,20065,edge_2,4,0.6,8,1,0,0.0,0.0,0.21442427613267545,0.21442427613267545,7.0694647595673334,7.0694647595673334,r0009|r0021|r0008|r0007|r0023|r0018|r0004|r0022,r0009|r0021|r0008|r0007|r0023|r0018|r0004|r0022
58,20065,edge_2,4,1.0,8,1,0,0.0,-8.881784197001252e-16,0.21442427613267545,0.21442427613267545,7.0694647595673334,7.069464759567334,r0009|r0021|r0008|r0007|r0023|r0018|r0004|r0022,r0009|r0021|r0008|r0007|r0023|r0018|r0004|r0022
58,20065,cloud_0,4,0.6,8,1,0,0.0,0.0,0.1733078080959563,0.1733078080959563,7.484350157165031,7.484350157165031,r0009|r0021|r0008|r0007|r0023|r0018|r0004|r0022,r0009|r0021|r0008|r0007|r0023|r0018|r0004|r0022
58,20065,cloud_0,4,1.0,8,1,0,0.0,0.0,0.1733078080959563,0.1733078080959563,7.484350157165031,7.484350157165031,r0009|r0021|r0008|r0007|r0023|r0018|r0004|r0022,r0009|r0021|r0008|r0007|r0023|r0018|r0004|r0022
58,20065,edge_2,8,0.6,8,1,0,0.0,0.0,0.4055796493966967,0.4055796493966967,6.963960441144388,6.963960441144388,r0009|r0021|r0008|r0007|r0023|r0018|r0004|r0022,r0009|r0021|r0008|r0007|r0023|r0018|r0004|r0022
58,20065,edge_2,8,1.0,8,1,0,0.0,0.0,0.4055796493966967,0.4055796493966967,6.963960441144388,6.963960441144388,r0009|r0021|r0008|r0007|r0023|r0018|r0004|r0022,r0009|r0021|r0008|r0007|r0023|r0018|r0004|r0022
58,20065,cloud_0,8,0.6,8,1,0,0.0,8.881784197001252e-16,0.31575175315195614,0.31575175315195614,7.3635951461409475,7.363595146140947,r0009|r0021|r0008|r0007|r0023|r0018|r0004|r0022,r0009|r0021|r0008|r0007|r0023|r0018|r0004|r0022
58,20065,cloud_0,8,1.0,8,1,0,0.0,0.0,0.31575175315195614,0.31575175315195614,7.3635951461409475,7.3635951461409475,r0009|r0021|r0008|r0007|r0023|r0018|r0004|r0022,r0009|r0021|r0008|r0007|r0023|r0018|r0004|r0022
59,20066,cloud_0,1,0.6,7,1,0,0.0,0.0,0.47300824633514715,0.47300824633514715,5.385439155467767,5.385439155467767,r0016|r0001|r0005|r0011|r0022|r0020|r0002,r0016|r0001|r0005|r0011|r0022|r0020|r0002
59,20066,cloud_0,1,1.0,7,1,1,0.2980449267944588,0.18594589872859935,0.47300824633514715,0.17496331954068833,5.385439155467767,5.199493256739168,r0016|r0001|r0005|r0011|r0022|r0020|r0002,r0016|r0005|r0011|r0006|r0022|r0020|r0002
59,20066,cloud_0,2,0.6,7,1,1,0.582541903630301,0.18361222363031704,0.9245153984551228,0.34197349482482176,5.335126564894966,5.151514341264649,r0016|r0001|r0005|r0011|r0022|r0020|r0002,r0016|r0005|r0011|r0006|r0022|r0020|r0002
59,20066,cloud_0,2,1.0,7,1,1,0.582541903630301,0.18361222363031704,0.9245153984551228,0.34197349482482176,5.335126564894966,5.151514341264649,r0016|r0001|r0005|r0011|r0022|r0020|r0002,r0016|r0005|r0011|r0006|r0022|r0020|r0002
59,20066,cloud_0,4,0.6,7,1,1,1.1515358573019854,0.17879324112739425,1.8275297026950739,0.6759938453930886,5.289566919482944,5.1107736783555495,r0016|r0001|r0005|r0011|r0022|r0020|r0002,r0016|r0005|r0011|r0006|r0022|r0020|r0002
59,20066,cloud_0,4,1.0,7,1,1,1.1515358573019854,0.17879324112739425,1.8275297026950739,0.6759938453930886,5.289566919482944,5.1107736783555495,r0016|r0001|r0005|r0011|r0022|r0020|r0002,r0016|r0005|r0011|r0006|r0022|r0020|r0002
59,20066,cloud_0,8,0.6,7,1,1,1.53480194583606,0.17141944157797706,2.8788364923656817,1.3440345465296217,5.231016461879769,5.059597020301792,r0016|r0001|r0005|r0011|r0022|r0020|r0002,r0016|r0005|r0011|r0006|r0022|r0020|r0002
59,20066,cloud_0,8,1.0,7,1,1,1.53480194583606,0.17141944157797706,2.8788364923656817,1.3440345465296217,5.231016461879769,5.059597020301792,r0016|r0001|r0005|r0011|r0022|r0020|r0002,r0016|r0005|r0011|r0006|r0022|r0020|r0002
60,20067,edge_3,1,0.6,3,1,0,0.0,0.0,0.043501157851617143,0.043501157851617143,6.073409136287917,6.073409136287917,r0002|r0021|r0003,r0002|r0021|r0003
60,20067,edge_3,1,1.0,3,1,0,0.0,0.0,0.043501157851617143,0.043501157851617143,6.073409136287917,6.073409136287917,r0002|r0021|r0003,r0002|r0021|r0003
60,20067,cloud_0,1,0.6,3,1,0,0.0,0.0,0.04539084259863938,0.04539084259863938,6.881870965322546,6.881870965322546,r0002|r0021|r0003,r0002|r0021|r0003
60,20067,cloud_0,1,1.0,3,1,0,0.0,8.881784197001252e-16,0.04539084259863938,0.04539084259863938,6.881870965322546,6.881870965322545,r0002|r0021|r0003,r0002|r0021|r0003
60,20067,edge_3,2,0.6,3,1,0,0.0,0.0,0.0781644973105568,0.0781644973105568,5.981515325191065,5.981515325191065,r0002|r0021|r0003,r0002|r0021|r0003
60,20067,edge_3,2,1.0,3,1,0,0.0,8.881784197001252e-16,0.0781644973105568,0.0781644973105568,5.981515325191065,5.981515325191064,r0002|r0021|r0003,r0002|r0021|r0003
60,20067,cloud_0,2,0.6,3,1,0,0.0,0.0,0.061289011153576274,0.061289011153576274,6.769511207342913,6.769511207342913,r0002|r0021|r0003,r0002|r0021|r0003
60,20067,cloud_0,2,1.0,3,1,0,0.0,0.0,0.061289011153576274,0.061289011153576274,6.769511207342913,6.769511207342913,r0002|r0021|r0003,r0002|r0021|r0003
60,20067,edge_3,4,0.6,3,1,0,0.0,0.0,0.14749117622843613,0.14749117622843613,5.914244798853513,5.914244798853513,r0002|r0021|r0003,r0002|r0021|r0003
60,20067,edge_3,4,1.0,3,1,0,0.0,0.0,0.14749117622843613,0.14749117622843613,5.914244798853513,5.914244798853513,r0002|r0021|r0003,r0002|r0021|r0003
60,20067,cloud_0,4,0.6,3,1,0,0.0,0.0,0.09308534826345007,0.09308534826345007,6.641208281679101,6.641208281679101,r0002|r0021|r0003,r0002|r0021|r0003
60,20067,cloud_0,4,1.0,3,1,0,0.0,0.0,0.09308534826345007,0.09308534826345007,6.641208281679101,6.641208281679101,r0002|r0021|r0003,r0002|r0021|r0003
60,20067,edge_3,8,0.6,3,1,0,0.0,0.0,0.2861445340641948,0.2861445340641948,5.85707101552567,5.85707101552567,r0002|r0021|r0003,r0002|r0021|r0003
60,20067,edge_3,8,1.0,3,1,0,0.0,0.0,0.2861445340641948,0.2861445340641948,5.85707101552567,5.85707101552567,r0002|r0021|r0003,r0002|r0021|r0003
60,20067,cloud_0,8,0.6,3,1,0,0.0,0.0,0.15667802248319768,0.15667802248319768,6.521715900873722,6.521715900873722,r0002|r0021|r0003,r0002|r0021|r0003
60,20067,cloud_0,8,1.0,3,1,0,0.0,0.0,0.15667802248319768,0.15667802248319768,6.521715900873722,6.521715900873722,r0002|r0021|r0003,r0002|r0021|r0003
61,20068,edge_2,1,0.6,4,1,0,0.0,0.0,0.1861489017475597,0.1861489017475597,6.819261990471939,6.819261990471939,r0003|r0007|r0015|r0019,r0003|r0007|r0015|r0019
61,20068,edge_2,1,1.0,4,1,0,0.0,-8.881784197001252e-16,0.1861489017475597,0.1861489017475597,6.819261990471939,6.81926199047194,r0003|r0007|r0015|r0019,r0003|r0007|r0015|r0019
61,20068,edge_5,1,0.6,4,1,0,0.0,0.0,0.20837369186668345,0.20837369186668345,7.005428613482135,7.005428613482135,r0003|r0007|r0015|r0019,r0003|r0007|r0015|r0019
61,20068,edge_5,1,1.0,4,1,0,0.0,0.0,0.20837369186668345,0.20837369186668345,7.005428613482135,7.005428613482135,r0003|r0007|r0015|r0019,r0003|r0007|r0015|r0019
61,20068,cloud_0,1,0.6,4,1,0,0.0,0.0,0.13972854175757918,0.13972854175757918,7.1209525939105935,7.1209525939105935,r0003|r0007|r0015|r0019,r0003|r0007|r0015|r0019
61,20068,cloud_0,1,1.0,4,1,0,0.0,0.0,0.13972854175757918,0.13972854175757918,7.1209525939105935,7.1209525939105935,r0003|r0007|r0015|r0019,r0003|r0007|r0015|r0019
61,20068,edge_2,2,0.6,4,1,0,0.0,0.0,0.36744841149316493,0.36744841149316493,6.784323577671961,6.784323577671961,r0003|r0007|r0015|r0019,r0003|r0007|r0015|r0019
61,20068,edge_2,2,1.0,4,1,0,0.0,0.0,0.36744841149316493,0.36744841149316493,6.784323577671961,6.784323577671961,r0003|r0007|r0015|r0019,r0003|r0007|r0015|r0019
61,20068,edge_5,2,0.6,4,1,0,0.0,0.0,0.3755885727188437,0.3755885727188437,6.893200618650223,6.893200618650223,r0003|r0007|r0015|r0019,r0003|r0007|r0015|r0019
61,20068,edge_5,2,1.0,4,1,0,0.0,0.0,0.3755885727188437,0.3755885727188437,6.893200618650223,6.893200618650223,r0003|r0007|r0015|r0019,r0003|r0007|r0015|r0019
61,20068,cloud_0,2,0.6,4,1,0,0.0,0.0,0.262650613802622,0.262650613802622,7.043628624042744,7.043628624042744,r0003|r0007|r0015|r0019,r0003|r0007|r0015|r0019
61,20068,cloud_0,2,1.0,4,1,0,0.0,-8.881784197001252e-16,0.262650613802622,0.262650613802622,7.043628624042744,7.043628624042745,r0003|r0007|r0015|r0019,r0003|r0007|r0015|r0019
61,20068,edge_2,4,0.6,4,1,0,0.0,8.881784197001252e-16,0.7300474309843756,0.7300474309843756,6.739693227068416,6.739693227068415,r0003|r0007|r0015|r0019,r0003|r0007|r0015|r0019
61,20068,edge_2,4,1.0,4,1,0,0.0,8.881784197001252e-16,0.7300474309843756,0.7300474309843756,6.739693227068416,6.739693227068415,r0003|r0007|r0015|r0019,r0003|r0007|r0015|r0019
61,20068,edge_5,4,0.6,4,1,0,0.0,0.0,0.710018334423164,0.710018334423164,6.7987011088091025,6.7987011088091025,r0003|r0007|r0015|r0019,r0003|r0007|r0015|r0019
61,20068,edge_5,4,1.0,4,1,0,0.0,-8.881784197001252e-16,0.710018334423164,0.710018334423164,6.7987011088091025,6.798701108809103,r0003|r0007|r0015|r0019,r0003|r0007|r0015|r0019
61,20068,cloud_0,4,0.6,4,1,0,0.0,0.0,0.5084947578927077,0.5084947578927077,6.983781619179637,6.983781619179637,r0003|r0007|r0015|r0019,r0003|r0007|r0015|r0019
61,20068,cloud_0,4,1.0,4,1,0,0.0,0.0,0.5084947578927077,0.5084947578927077,6.983781619179637,6.983781619179637,r0003|r0007|r0015|r0019,r0003|r0007|r0015|r0019
61,20068,edge_2,8,0.6,4,1,0,0.0,0.0,1.4552454699667967,1.4552454699667967,6.663575891480669,6.663575891480669,r0003|r0007|r0015|r0019,r0003|r0007|r0015|r0019
61,20068,edge_2,8,1.0,4,1,0,0.0,0.0,1.4552454699667967,1.4552454699667967,6.663575891480669,6.663575891480669,r0003|r0007|r0015|r0019,r0003|r0007|r0015|r0019
61,20068,edge_5,8,0.6,4,1,0,0.0,0.0,1.3788778578318044,1.3788778578318044,6.698183526990245,6.698183526990245,r0003|r0007|r0015|r0019,r0003|r0007|r0015|r0019
61,20068,edge_5,8,1.0,4,1,0,0.0,0.0,1.3788778578318044,1.3788778578318044,6.698183526990245,6.698183526990245,r0003|r0007|r0015|r0019,r0003|r0007|r0015|r0019
61,20068,cloud_0,8,0.6,4,1,0,0.0,-8.881784197001252e-16,1.000183046072879,1.000183046072879,6.921235561285016,6.921235561285017,r0003|r0007|r0015|r0019,r0003|r0007|r0015|r0019
61,20068,cloud_0,8,1.0,4,1,0,0.0,0.0,1.000183046072879,1.000183046072879,6.921235561285016,6.921235561285016,r0003|r0007|r0015|r0019,r0003|r0007|r0015|r0019
62,20069,cloud_0,1,0.6,4,1,0,0.0,0.0,0.07630627515194739,0.07630627515194739,7.66001490856168,7.66001490856168,r0002|r0023|r0019|r0021,r0002|r0023|r0019|r0021
62,20069,cloud_0,1,1.0,4,1,0,0.0,0.0,0.07630627515194739,0.07630627515194739,7.66001490856168,7.66001490856168,r0002|r0023|r0019|r0021,r0002|r0023|r0019|r0021
62,20069,cloud_0,2,0.6,4,1,0,0.0,0.0,0.10906970016824144,0.10906970016824144,7.532466181168523,7.532466181168523,r0002|r0023|r0019|r0021,r0002|r0023|r0019|r0021
62,20069,cloud_0,2,1.0,4,1,0,0.0,0.0,0.10906970016824144,0.10906970016824144,7.532466181168523,7.532466181168523,r0002|r0023|r0019|r0021,r0002|r0023|r0019|r0021
62,20069,cloud_0,4,0.6,4,1,0,0.0,0.0,0.17459655020082956,0.17459655020082956,7.394730646274089,7.394730646274089,r0002|r0023|r0019|r0021,r0002|r0023|r0019|r0021
62,20069,cloud_0,4,1.0,4,1,0,0.0,0.0,0.17459655020082956,0.17459655020082956,7.394730646274089,7.394730646274089,r0002|r0023|r0019|r0021,r0002|r0023|r0019|r0021
62,20069,cloud_0,8,0.6,4,1,0,0.0,0.0,0.3056502502660058,0.3056502502660058,7.2713167575130475,7.2713167575130475,r0002|r0023|r0019|r0021,r0002|r0023|r0019|r0021
62,20069,cloud_0,8,1.0,4,1,0,0.0,0.0,0.3056502502660058,0.3056502502660058,7.2713167575130475,7.2713167575130475,r0002|r0023|r0019|r0021,r0002|r0023|r0019|r0021
63,20070,edge_2,1,0.6,3,1,0,0.0,8.881784197001252e-16,0.07240390043711718,0.07240390043711718,7.016642915542915,7.016642915542914,r0004|r0016|r0002,r0004|r0016|r0002
63,20070,edge_2,1,1.0,3,1,0,0.0,0.0,0.07240390043711718,0.07240390043711718,7.016642915542915,7.016642915542915,r0004|r0016|r0002,r0004|r0016|r0002
63,20070,edge_5,1,0.6,3,1,0,0.0,-8.881784197001252e-16,0.09344555736118337,0.09344555736118337,7.273780261966469,7.27378026196647,r0004|r0016|r0002,r0004|r0016|r0002
63,20070,edge_5,1,1.0,3,1,0,0.0,0.0,0.09344555736118337,0.09344555736118337,7.273780261966469,7.273780261966469,r0004|r0016|r0002,r0004|r0016|r0002
63,20070,cloud_0,1,0.6,3,1,0,0.0,0.0,0.07221085590386495,0.07221085590386495,7.744245029491995,7.744245029491995,r0004|r0016|r0002,r0004|r0016|r0002
63,20070,cloud_0,1,1.0,3,1,0,0.0,8.881784197001252e-16,0.07221085590386495,0.07221085590386495,7.744245029491995,7.744245029491994,r0004|r0016|r0002,r0004|r0016|r0002
63,20070,edge_2,2,0.6,3,1,0,0.0,0.0,0.12627065261303153,0.12627065261303153,6.908984407353208,6.908984407353208,r0004|r0016|r0002,r0004|r0016|r0002
63,20070,edge_2,2,1.0,3,1,0,0.0,0.0,0.12627065261303153,0.12627065261303153,6.908984407353208,6.908984407353208,r0004|r0016|r0002,r0004|r0016|r0002
63,20070,edge_5,2,0.6,3,1,0,0.0,0.0,0.12272136332053667,0.12272136332053667,7.166869837214743,7.166869837214743,r0004|r0016|r0002,r0004|r0016|r0002
63,20070,edge_5,2,1.0,3,1,0,0.0,8.881784197001252e-16,0.12272136332053667,0.12272136332053667,7.166869837214743,7.166869837214742,r0004|r0016|r0002,r0004|r0016|r0002
63,20070,cloud_0,2,0.6,3,1,0,0.0,0.0,0.0965897111101608,0.0965897111101608,7.634622667845044,7.634622667845044,r0004|r0016|r0002,r0004|r0016|r0002
63,20070,cloud_0,2,1.0,3,1,0,0.0,8.881784197001252e-16,0.0965897111101608,0.0965897111101608,7.634622667845044,7.6346226678450435,r0004|r0016|r0002,r0004|r0016|r0002
63,20070,edge_2,4,0.6,3,1,0,0.0,0.0,0.23400415696486032,0.23400415696486032,6.824915722812088,6.824915722812088,r0004|r0016|r0002,r0004|r0016|r0002
63,20070,edge_2,4,1.0,3,1,0,0.0,8.881784197001252e-16,0.23400415696486032,0.23400415696486032,6.824915722812088,6.824915722812087,r0004|r0016|r0002,r0004|r0016|r0002
63,20070,edge_5,4,0.6,3,1,0,0.0,0.0,0.18127297523924324,0.18127297523924324,7.0373813070974025,7.0373813070974025,r0004|r0016|r0002,r0004|r0016|r0002
63,20070,edge_5,4,1.0,3,1,0,0.0,8.881784197001252e-16,0.18127297523924324,0.18127297523924324,7.0373813070974025,7.037381307097402,r0004|r0016|r0002,r0004|r0016|r0002
63,20070,cloud_0,4,0.6,3,1,0,0.0,0.0,0.14534742152275257,0.14534742152275257,7.507745264571588,7.507745264571588,r0004|r0016|r0002,r0004|r0016|r0002
63,20070,cloud_0,4,1.0,3,1,0,0.0,0.0,0.14534742152275257,0.14534742152275257,7.507745264571588,7.507745264571588,r0004|r0016|r0002,r0004|r0016|r0002
63,20070,edge_2,8,0.6,3,1,0,0.0,0.0,0.4494711656685178,0.4494711656685178,6.750986583554783,6.750986583554783,r0004|r0016|r0002,r0004|r0016|r0002
63,20070,edge_2,8,1.0,3,1,0,0.0,0.0,0.4494711656685178,0.4494711656685178,6.750986583554783,6.750986583554783,r0004|r0016|r0002,r0004|r0016|r0002
63,20070,edge_5,8,0.6,3,1,0,0.0,0.0,0.29837619907665647,0.29837619907665647,6.908256777665555,6.908256777665555,r0004|r0016|r0002,r0004|r0016|r0002
63,20070,edge_5,8,1.0,3,1,0,0.0,0.0,0.29837619907665647,0.29837619907665647,6.908256777665555,6.908256777665555,r0004|r0016|r0002,r0004|r0016|r0002
63,20070,cloud_0,8,0.6,3,1,0,0.0,8.881784197001252e-16,0.2428628423479361,0.2428628423479361,7.388907345317096,7.3889073453170955,r0004|r0016|r0002,r0004|r0016|r0002
63,20070,cloud_0,8,1.0,3,1,0,0.0,0.0,0.2428628423479361,0.2428628423479361,7.388907345317096,7.388907345317096,r0004|r0016|r0002,r0004|r0016|r0002
64,20071,edge_2,1,0.6,4,1,0,0.0,0.0,0.07057534445347999,0.07057534445347999,6.963125546251261,6.963125546251261,r0000|r0003|r0014|r0016,r0000|r0003|r0014|r0016
64,20071,edge_2,1,1.0,4,1,0,0.0,0.0,0.07057534445347999,0.07057534445347999,6.963125546251261,6.963125546251261,r0000|r0003|r0014|r0016,r0000|r0003|r0014|r0016
64,20071,edge_5,1,0.6,4,1,0,0.0,0.0,0.07778229434350584,0.07778229434350584,7.226175410621103,7.226175410621103,r0000|r0003|r0014|r0016,r0000|r0003|r0014|r0016
64,20071,edge_5,1,1.0,4,1,0,0.0,0.0,0.07778229434350584,0.07778229434350584,7.226175410621103,7.226175410621103,r0000|r0003|r0014|r0016,r0000|r0003|r0014|r0016
64,20071,cloud_0,1,0.6,5,1,0,0.0,0.0,0.05762293339269914,0.05762293339269914,7.064549682239075,7.064549682239075,r0015|r0000|r0003|r0014|r0016,r0015|r0000|r0003|r0014|r0016
64,20071,cloud_0,1,1.0,5,1,0,0.0,8.881784197001252e-16,0.05762293339269914,0.05762293339269914,7.064549682239075,7.0645496822390745,r0015|r0000|r0003|r0014|r0016,r0015|r0000|r0003|r0014|r0016
64,20071,edge_2,2,0.6,4,1,0,0.0,8.881784197001252e-16,0.12003372916494781,0.12003372916494781,6.835415346516303,6.835415346516302,r0000|r0003|r0014|r0016,r0000|r0003|r0014|r0016
64,20071,edge_2,2,1.0,4,1,0,0.0,0.0,0.12003372916494781,0.12003372916494781,6.835415346516303,6.835415346516303,r0000|r0003|r0014|r0016,r0000|r0003|r0014|r0016
64,20071,edge_5,2,0.6,4,1,0,0.0,0.0,0.10494888095406615,0.10494888095406615,7.11117782803804,7.11117782803804,r0000|r0003|r0014|r0016,r0000|r0003|r0014|r0016
64,20071,edge_5,2,1.0,4,1,0,0.0,0.0,0.10494888095406615,0.10494888095406615,7.11117782803804,7.11117782803804,r0000|r0003|r0014|r0016,r0000|r0003|r0014|r0016
64,20071,cloud_0,2,0.6,5,1,0,0.0,0.0,0.10835943446835417,0.10835943446835417,6.987182327381557,6.987182327381557,r0015|r0000|r0003|r0014|r0016,r0015|r0000|r0003|r0014|r0016
64,20071,cloud_0,2,1.0,5,1,0,0.0,0.0,0.10835943446835417,0.10835943446835417,6.987182327381557,6.987182327381557,r0015|r0000|r0003|r0014|r0016,r0015|r0000|r0003|r0014|r0016
64,20071,edge_5,4,0.6,4,1,0,0.0,0.0,0.1592820541751868,0.1592820541751868,6.972946248672793,6.972946248672793,r0000|r0003|r0014|r0016,r0000|r0003|r0014|r0016
64,20071,edge_5,4,1.0,4,1,0,0.0,0.0,0.1592820541751868,0.1592820541751868,6.972946248672793,6.972946248672793,r0000|r0003|r0014|r0016,r0000|r0003|r0014|r0016
64,20071,cloud_0,4,0.6,5,1,0,0.0,0.0,0.20983243661966416,0.20983243661966416,6.935842455215017,6.935842455215017,r0015|r0000|r0003|r0014|r0016,r0015|r0000|r0003|r0014|r0016
64,20071,cloud_0,4,1.0,5,1,0,0.0,0.0,0.20983243661966416,0.20983243661966416,6.935842455215017,6.935842455215017,r0015|r0000|r0003|r0014|r0016,r0015|r0000|r0003|r0014|r0016
64,20071,edge_5,8,0.6,4,1,0,0.0,0.0,0.26794840061742803,0.26794840061742803,6.836149631377137,6.836149631377137,r0000|r0003|r0014|r0016,r0000|r0003|r0014|r0016
64,20071,edge_5,8,1.0,4,1,0,0.0,0.0,0.26794840061742803,0.26794840061742803,6.836149631377137,6.836149631377137,r0000|r0003|r0014|r0016,r0000|r0003|r0014|r0016
64,20071,cloud_0,8,0.6,5,1,0,0.0,0.0,0.41277844092228433,0.41277844092228433,6.8966432297370615,6.8966432297370615,r0015|r0000|r0003|r0014|r0016,r0015|r0000|r0003|r0014|r0016
64,20071,cloud_0,8,1.0,5,1,0,0.0,0.0,0.41277844092228433,0.41277844092228433,6.8966432297370615,6.8966432297370615,r0015|r0000|r0003|r0014|r0016,r0015|r0000|r0003|r0014|r0016
65,20072,cloud_0,1,0.6,3,1,0,0.0,0.0,0.07924092193899723,0.07924092193899723,7.652230187672726,7.652230187672726,r0016|r0003|r0021,r0016|r0003|r0021
65,20072,cloud_0,1,1.0,3,1,0,0.0,0.0,0.07924092193899723,0.07924092193899723,7.652230187672726,7.652230187672726,r0016|r0003|r0021,r0016|r0003|r0021
65,20072,cloud_0,2,0.6,3,1,0,0.0,0.0,0.13612385719425074,0.13612385719425074,7.536212243001985,7.536212243001985,r0016|r0003|r0021,r0016|r0003|r0021
65,20072,cloud_0,2,1.0,3,1,0,0.0,0.0,0.13612385719425074,0.13612385719425074,7.536212243001985,7.536212243001985,r0016|r0003|r0021,r0016|r0003|r0021
65,20072,cloud_0,4,0.6,3,1,0,0.0,8.881784197001252e-16,0.2498897277047577,0.2498897277047577,7.440631385749627,7.440631385749626,r0016|r0003|r0021,r0016|r0003|r0021
65,20072,cloud_0,4,1.0,3,1,0,0.0,8.881784197001252e-16,0.2498897277047577,0.2498897277047577,7.440631385749627,7.440631385749626,r0016|r0003|r0021,r0016|r0003|r0021
65,20072,cloud_0,8,0.6,3,1,0,0.0,0.0,0.4774214687257718,0.4774214687257718,7.351342407452197,7.351342407452197,r0016|r0003|r0021,r0016|r0003|r0021
65,20072,cloud_0,8,1.0,3,1,0,0.0,0.0,0.4774214687257718,0.4774214687257718,7.351342407452197,7.351342407452197,r0016|r0003|r0021,r0016|r0003|r0021
66,20073,edge_2,1,0.6,5,1,0,0.0,-8.881784197001252e-16,0.15361467384714933,0.15361467384714933,6.774099964450692,6.774099964450693,r0020|r0014|r0016|r0013|r0003,r0020|r0014|r0016|r0013|r0003
66,20073,edge_2,1,1.0,5,1,0,0.0,0.0,0.15361467384714933,0.15361467384714933,6.774099964450692,6.774099964450692,r0020|r0014|r0016|r0013|r0003,r0020|r0014|r0016|r0013|r0003
66,20073,edge_5,1,0.6,5,1,0,0.0,0.0,0.12091791783294656,0.12091791783294656,6.684119113324289,6.684119113324289,r0020|r0014|r0016|r0013|r0003,r0020|r0014|r0016|r0013|r0003
66,20073,edge_5,1,1.0,5,1,0,0.0,8.881784197001252e-16,0.12091791783294656,0.12091791783294656,6.684119113324289,6.6841191133242885,r0020|r0014|r0016|r0013|r0003,r0020|r0014|r0016|r0013|r0003
66,20073,cloud_0,1,0.6,5,1,0,0.0,-8.881784197001252e-16,0.08798273049516644,0.08798273049516644,6.944135317406038,6.9441353174060385,r0020|r0014|r0016|r0013|r0003,r0020|r0014|r0016|r0013|r0003
66,20073,cloud_0,1,1.0,5,1,0,0.0,-8.881784197001252e-16,0.08798273049516644,0.08798273049516644,6.944135317406038,6.9441353174060385,r0020|r0014|r0016|r0013|r0003,r0020|r0014|r0016|r0013|r0003
66,20073,edge_2,2,0.6,5,1,0,0.0,0.0,0.28929698082767674,0.28929698082767674,6.691143513842297,6.691143513842297,r0020|r0014|r0016|r0013|r0003,r0020|r0014|r0016|r0013|r0003
66,20073,edge_2,2,1.0,5,1,0,0.0,0.0,0.28929698082767674,0.28929698082767674,6.691143513842297,6.691143513842297,r0020|r0014|r0016|r0013|r0003,r0020|r0014|r0016|r0013|r0003
66,20073,edge_5,2,0.6,5,1,0,0.0,8.881784197001252e-16,0.2349501682947716,0.2349501682947716,6.63600823964393,6.636008239643929,r0020|r0014|r0016|r0013|r0003,r0020|r0014|r0016|r0013|r0003
66,20073,edge_5,2,1.0,5,1,0,0.0,0.0,0.2349501682947716,0.2349501682947716,6.63600823964393,6.63600823964393,r0020|r0014|r0016|r0013|r0003,r0020|r0014|r0016|r0013|r0003
66,20073,cloud_0,2,0.6,5,1,0,0.0,0.0,0.16698686123281256,0.16698686123281256,6.874504153797875,6.874504153797875,r0020|r0014|r0016|r0013|r0003,r0020|r0014|r0016|r0013|r0003
66,20073,cloud_0,2,1.0,5,1,0,0.0,0.0,0.16698686123281256,0.16698686123281256,6.874504153797875,6.874504153797875,r0020|r0014|r0016|r0013|r0003,r0020|r0014|r0016|r0013|r0003
66,20073,edge_5,4,0.6,5,1,0,0.0,0.0,0.4630146692184217,0.4630146692184217,6.597625998253885,6.597625998253885,r0020|r0014|r0016|r0013|r0003,r0020|r0014|r0016|r0013|r0003
66,20073,edge_5,4,1.0,5,1,0,0.0,0.0,0.4630146692184217,0.4630146692184217,6.597625998253885,6.597625998253885,r0020|r0014|r0016|r0013|r0003,r0020|r0014|r0016|r0013|r0003
66,20073,cloud_0,4,0.6,5,1,0,0.0,0.0,0.32499512270810477,0.32499512270810477,6.827622683178943,6.827622683178943,r0020|r0014|r0016|r0013|r0003,r0020|r0014|r0016|r0013|r0003
66,20073,cloud_0,4,1.0,5,1,0,0.0,0.0,0.32499512270810477,0.32499512270810477,6.827622683178943,6.827622683178943,r0020|r0014|r0016|r0013|r0003,r0020|r0014|r0016|r0013|r0003
66,20073,edge_5,8,0.6,5,1,0,0.0,0.0,0.9191436710657218,0.9191436710657218,6.552767692965569,6.552767692965569,r0020|r0014|r0016|r0013|r0003,r0020|r0014|r0016|r0013|r0003
66,20073,edge_5,8,1.0,5,1,0,0.0,0.0,0.9191436710657218,0.9191436710657218,6.552767692965569,6.552767692965569,r0020|r0014|r0016|r0013|r0003,r0020|r0014|r0016|r0013|r0003
66,20073,cloud_0,8,0.6,5,1,0,0.0,0.0,0.6410116456586892,0.6410116456586892,6.788912225857415,6.788912225857415,r0020|r0014|r0016|r0013|r0003,r0020|r0014|r0016|r0013|r0003
66,20073,cloud_0,8,1.0,5,1,0,0.0,0.0,0.6410116456586892,0.6410116456586892,6.788912225857415,6.788912225857415,r0020|r0014|r0016|r0013|r0003,r0020|r0014|r0016|r0013|r0003
67,20074,edge_2,1,0.6,3,1,0,0.0,0.0,0.09547953160983187,0.09547953160983187,5.91943896035607,5.91943896035607,r0018|r0003|r0006,r0018|r0003|r0006
67,20074,edge_2,1,1.0,3,1,0,0.0,8.881784197001252e-16,0.09547953160983187,0.09547953160983187,5.91943896035607,5.919438960356069,r0018|r0003|r0006,r0018|r0003|r0006
67,20074,cloud_0,1,0.6,3,1,0,0.0,0.0,0.0628054321092064,0.0628054321092064,6.470628586848502,6.470628586848502,r0018|r0003|r0006,r0018|r0003|r0006
67,20074,cloud_0,1,1.0,3,1,0,0.0,8.881784197001252e-16,0.0628054321092064,0.0628054321092064,6.470628586848502,6.470628586848501,r0018|r0003|r0006,r0018|r0003|r0006
67,20074,edge_2,2,0.6,3,1,0,0.0,0.0,0.18238931590693455,0.18238931590693455,5.86691570560713,5.86691570560713,r0018|r0003|r0006,r0018|r0003|r0006
67,20074,edge_2,2,1.0,3,1,0,0.0,0.0,0.18238931590693455,0.18238931590693455,5.86691570560713,5.86691570560713,r0018|r0003|r0006,r0018|r0003|r0006
67,20074,cloud_0,2,0.6,3,1,0,0.0,0.0,0.1090000718118404,0.1090000718118404,6.366733397209824,6.366733397209824,r0018|r0003|r0006,r0018|r0003|r0006
67,20074,cloud_0,2,1.0,3,1,0,0.0,0.0,0.1090000718118404,0.1090000718118404,6.366733397209824,6.366733397209824,r0018|r0003|r0006,r0018|r0003|r0006
67,20074,cloud_0,4,0.6,3,1,0,0.0,0.0,0.2013893512171084,0.2013893512171084,6.2920221730239065,6.2920221730239065,r0018|r0003|r0006,r0018|r0003|r0006
67,20074,cloud_0,4,1.0,3,1,0,0.0,-8.881784197001252e-16,0.2013893512171084,0.2013893512171084,6.2920221730239065,6.292022173023907,r0018|r0003|r0006,r0018|r0003|r0006
67,20074,cloud_0,8,0.6,3,1,0,0.0,0.0,0.38616791002764445,0.38616791002764445,6.239339170609078,6.239339170609078,r0018|r0003|r0006,r0018|r0003|r0006
67,20074,cloud_0,8,1.0,3,1,0,0.0,0.0,0.38616791002764445,0.38616791002764445,6.239339170609078,6.239339170609078,r0018|r0003|r0006,r0018|r0003|r0006
68,20075,edge_2,1,0.6,3,1,0,0.0,0.0,0.037227381812024264,0.037227381812024264,5.661682732126956,5.661682732126956,r0002|r0015|r0021,r0002|r0015|r0021
68,20075,edge_2,1,1.0,3,1,0,0.0,8.881784197001252e-16,0.037227381812024264,0.037227381812024264,5.661682732126956,5.661682732126955,r0002|r0015|r0021,r0002|r0015|r0021
68,20075,cloud_0,1,0.6,3,1,0,0.0,8.881784197001252e-16,0.04498082683030569,0.04498082683030569,6.173726536941619,6.1737265369416185,r0002|r0015|r0021,r0002|r0015|r0021
68,20075,cloud_0,1,1.0,3,1,0,0.0,0.0,0.04498082683030569,0.04498082683030569,6.173726536941619,6.173726536941619,r0002|r0015|r0021,r0002|r0015|r0021
68,20075,edge_2,2,0.6,3,1,0,0.0,0.0,0.07103722091808388,0.07103722091808388,5.614901325239395,5.614901325239395,r0002|r0015|r0021,r0002|r0015|r0021
68,20075,edge_2,2,1.0,3,1,0,0.0,8.881784197001252e-16,0.07103722091808388,0.07103722091808388,5.614901325239395,5.614901325239394,r0002|r0015|r0021,r0002|r0015|r0021
68,20075,cloud_0,2,0.6,3,1,0,0.0,0.0,0.06429863849172378,0.06429863849172378,6.053612183520207,6.053612183520207,r0002|r0015|r0021,r0002|r0015|r0021
68,20075,cloud_0,2,1.0,3,1,0,0.0,0.0,0.06429863849172378,0.06429863849172378,6.053612183520207,6.053612183520207,r0002|r0015|r0021,r0002|r0015|r0021
68,20075,edge_2,4,0.6,3,1,0,0.0,0.0,0.1386568991302031,0.1386568991302031,5.586678809170457,5.586678809170457,r0002|r0015|r0021,r0002|r0015|r0021
68,20075,edge_2,4,1.0,3,1,0,0.0,0.0,0.1386568991302031,0.1386568991302031,5.586678809170457,5.586678809170457,r0002|r0015|r0021,r0002|r0015|r0021
68,20075,cloud_0,4,0.6,3,1,0,0.0,0.0,0.10293426181455993,0.10293426181455993,5.932463740301309,5.932463740301309,r0002|r0015|r0021,r0002|r0015|r0021
68,20075,cloud_0,4,1.0,3,1,0,0.0,0.0,0.10293426181455993,0.10293426181455993,5.932463740301309,5.932463740301309,r0002|r0015|r0021,r0002|r0015|r0021
68,20075,edge_2,8,0.6,3,1,0,0.0,-8.881784197001252e-16,0.2738962555544416,0.2738962555544416,5.567275906188493,5.5672759061884936,r0002|r0015|r0021,r0002|r0015|r0021
68,20075,edge_2,8,1.0,3,1,0,0.0,0.0,0.2738962555544416,0.2738962555544416,5.567275906188493,5.567275906188493,r0002|r0015|r0021,r0002|r0015|r0021
68,20075,cloud_0,8,0.6,3,1,0,0.0,8.881784197001252e-16,0.18020550846023228,0.18020550846023228,5.834695053083475,5.8346950530834745,r0002|r0015|r0021,r0002|r0015|r0021
68,20075,cloud_0,8,1.0,3,1,0,0.0,0.0,0.18020550846023228,0.18020550846023228,5.834695053083475,5.834695053083475,r0002|r0015|r0021,r0002|r0015|r0021
69,20076,edge_5,1,0.6,3,1,0,0.0,0.0,0.040454009135409925,0.040454009135409925,7.739911880251216,7.739911880251216,r0009|r0021|r0016,r0009|r0021|r0016
69,20076,edge_5,1,1.0,3,1,0,0.0,0.0,0.040454009135409925,0.040454009135409925,7.739911880251216,7.739911880251216,r0009|r0021|r0016,r0009|r0021|r0016
69,20076,cloud_0,1,0.6,3,1,0,0.0,8.881784197001252e-16,0.03082033286048709,0.03082033286048709,7.9083096191671345,7.908309619167134,r0009|r0021|r0016,r0009|r0021|r0016
69,20076,cloud_0,1,1.0,3,1,0,0.0,0.0,0.03082033286048709,0.03082033286048709,7.9083096191671345,7.9083096191671345,r0009|r0021|r0016,r0009|r0021|r0016
69,20076,edge_5,2,0.6,3,1,0,0.0,-8.881784197001252e-16,0.06254995108287871,0.06254995108287871,7.606457647970279,7.60645764797028,r0009|r0021|r0016,r0009|r0021|r0016
69,20076,edge_5,2,1.0,3,1,0,0.0,0.0,0.06254995108287871,0.06254995108287871,7.606457647970279,7.606457647970279,r0009|r0021|r0016,r0009|r0021|r0016
69,20076,cloud_0,2,0.6,3,1,0,0.0,-8.881784197001252e-16,0.050679120083781115,0.050679120083781115,7.784763144124555,7.784763144124556,r0009|r0021|r0016,r0009|r0021|r0016
69,20076,cloud_0,2,1.0,3,1,0,0.0,0.0,0.050679120083781115,0.050679120083781115,7.784763144124555,7.784763144124555,r0009|r0021|r0016,r0009|r0021|r0016
69,20076,edge_5,4,0.6,3,1,0,0.0,8.881784197001252e-16,0.10674183497781631,0.10674183497781631,7.4802089632747375,7.480208963274737,r0009|r0021|r0016,r0009|r0021|r0016
69,20076,edge_5,4,1.0,3,1,0,0.0,0.0,0.10674183497781631,0.10674183497781631,7.4802089632747375,7.4802089632747375,r0009|r0021|r0016,r0009|r0021|r0016
69,20076,cloud_0,4,0.6,3,1,0,0.0,0.0,0.09039669453036918,0.09039669453036918,7.681953471636567,7.681953471636567,r0009|r0021|r0016,r0009|r0021|r0016
69,20076,cloud_0,4,1.0,3,1,0,0.0,0.0,0.09039669453036918,0.09039669453036918,7.681953471636567,7.681953471636567,r0009|r0021|r0016,r0009|r0021|r0016
69,20076,edge_5,8,0.6,3,1,0,0.0,-8.881784197001252e-16,0.19512560276769145,0.19512560276769145,7.366018433988533,7.3660184339885335,r0009|r0021|r0016,r0009|r0021|r0016
69,20076,edge_5,8,1.0,3,1,0,0.0,0.0,0.19512560276769145,0.19512560276769145,7.366018433988533,7.366018433988533,r0009|r0021|r0016,r0009|r0021|r0016
69,20076,cloud_0,8,0.6,3,1,0,0.0,0.0,0.1698318434235453,0.1698318434235453,7.597051649447011,7.597051649447011,r0009|r0021|r0016,r0009|r0021|r0016
69,20076,cloud_0,8,1.0,3,1,0,0.0,8.881784197001252e-16,0.1698318434235453,0.1698318434235453,7.597051649447011,7.59705164944701,r0009|r0021|r0016,r0009|r0021|r0016
70,20077,cloud_0,1,0.6,5,1,0,0.0,8.881784197001252e-16,0.08850591597225964,0.08850591597225964,6.990905122156492,6.990905122156491,r0006|r0003|r0008|r0004|r0022,r0006|r0003|r0008|r0004|r0022
70,20077,cloud_0,1,1.0,5,1,0,0.0,0.0,0.08850591597225964,0.08850591597225964,6.990905122156492,6.990905122156492,r0006|r0003|r0008|r0004|r0022,r0006|r0003|r0008|r0004|r0022
70,20077,cloud_0,2,0.6,5,1,0,0.0,0.0,0.1416608685498645,0.1416608685498645,6.851255459764804,6.851255459764804,r0006|r0003|r0008|r0004|r0022,r0006|r0003|r0008|r0004|r0022
70,20077,cloud_0,2,1.0,5,1,0,0.0,0.0,0.1416608685498645,0.1416608685498645,6.851255459764804,6.851255459764804,r0006|r0003|r0008|r0004|r0022,r0006|r0003|r0008|r0004|r0022
70,20077,cloud_0,4,0.6,5,1,0,0.0,0.0,0.24797077370507425,0.24797077370507425,6.724083786225659,6.724083786225659,r0006|r0003|r0008|r0004|r0022,r0006|r0003|r0008|r0004|r0022
70,20077,cloud_0,4,1.0,5,1,0,0.0,0.0,0.24797077370507425,0.24797077370507425,6.724083786225659,6.724083786225659,r0006|r0003|r0008|r0004|r0022,r0006|r0003|r0008|r0004|r0022
70,20077,cloud_0,8,0.6,5,1,0,0.0,0.0,0.4605905840154936,0.4605905840154936,6.621180715507773,6.621180715507773,r0006|r0003|r0008|r0004|r0022,r0006|r0003|r0008|r0004|r0022
70,20077,cloud_0,8,1.0,5,1,0,0.0,0.0,0.4605905840154936,0.4605905840154936,6.621180715507773,6.621180715507773,r0006|r0003|r0008|r0004|r0022,r0006|r0003|r0008|r0004|r0022
71,20078,cloud_0,1,0.6,4,1,0,0.0,0.0,0.0666764643479213,0.0666764643479213,8.014616849476353,8.014616849476353,r0008|r0002|r0021|r0016,r0008|r0002|r0021|r0016
71,20078,cloud_0,1,1.0,4,1,0,0.0,0.0,0.0666764643479213,0.0666764643479213,8.014616849476353,8.014616849476353,r0008|r0002|r0021|r0016,r0008|r0002|r0021|r0016
71,20078,cloud_0,2,0.6,4,1,0,0.0,8.881784197001252e-16,0.09689296960469672,0.09689296960469672,7.88447935654796,7.884479356547959,r0008|r0002|r0021|r0016,r0008|r0002|r0021|r0016
71,20078,cloud_0,2,1.0,4,1,0,0.0,8.881784197001252e-16,0.09689296960469672,0.09689296960469672,7.88447935654796,7.884479356547959,r0008|r0002|r0021|r0016,r0008|r0002|r0021|r0016
71,20078,cloud_0,4,0.6,4,1,0,0.0,8.881784197001252e-16,0.15732598011824755,0.15732598011824755,7.748323165065743,7.7483231650657425,r0008|r0002|r0021|r0016,r0008|r0002|r0021|r0016
71,20078,cloud_0,4,1.0,4,1,0,0.0,0.0,0.15732598011824755,0.15732598011824755,7.748323165065743,7.748323165065743,r0008|r0002|r0021|r0016,r0008|r0002|r0021|r0016
71,20078,cloud_0,8,0.6,4,1,0,0.0,0.0,0.2781920011453493,0.2781920011453493,7.62964556308086,7.62964556308086,r0008|r0002|r0021|r0016,r0008|r0002|r0021|r0016
71,20078,cloud_0,8,1.0,4,1,0,0.0,0.0,0.2781920011453493,0.2781920011453493,7.62964556308086,7.62964556308086,r0008|r0002|r0021|r0016,r0008|r0002|r0021|r0016
72,20079,edge_2,1,0.6,5,1,0,0.0,0.0,0.5349081280331898,0.5349081280331898,7.36013006778127,7.36013006778127,r0002|r0019|r0016|r0011|r0013,r0002|r0019|r0016|r0011|r0013
72,20079,edge_2,1,1.0,5,1,0,0.0,0.0,0.5349081280331898,0.5349081280331898,7.36013006778127,7.36013006778127,r0002|r0019|r0016|r0011|r0013,r0002|r0019|r0016|r0011|r0013
72,20079,edge_4,1,0.6,5,1,0,0.0,0.0,0.6595221757017191,0.6595221757017191,7.338915077974152,7.338915077974152,r0002|r0019|r0016|r0011|r0013,r0002|r0019|r0016|r0011|r0013
72,20079,edge_4,1,1.0,5,1,0,0.0,-8.881784197001252e-16,0.6595221757017191,0.6595221757017191,7.338915077974152,7.3389150779741525,r0002|r0019|r0016|r0011|r0013,r0002|r0019|r0016|r0011|r0013
72,20079,cloud_0,1,0.6,5,1,0,0.0,-8.881784197001252e-16,0.17282906072478613,0.17282906072478613,7.3934622320640475,7.393462232064048,r0002|r0019|r0016|r0011|r0013,r0002|r0019|r0016|r0011|r0013
72,20079,cloud_0,1,1.0,5,1,0,0.0,-8.881784197001252e-16,0.17282906072478613,0.17282906072478613,7.3934622320640475,7.393462232064048,r0002|r0019|r0016|r0011|r0013,r0002|r0019|r0016|r0011|r0013
72,20079,edge_2,2,0.6,5,1,0,0.0,8.881784197001252e-16,0.8229345108013255,0.8229345108013255,7.210448344675636,7.210448344675635,r0002|r0019|r0016|r0011|r0013,r0002|r0019|r0016|r0011|r0013
72,20079,edge_2,2,1.0,5,1,0,0.0,8.881784197001252e-16,0.8229345108013255,0.8229345108013255,7.210448344675636,7.210448344675635,r0002|r0019|r0016|r0011|r0013,r0002|r0019|r0016|r0011|r0013
72,20079,edge_4,2,0.6,5,1,0,0.0,0.0,0.968817025173467,0.968817025173467,7.193032777187507,7.193032777187507,r0002|r0019|r0016|r0011|r0013,r0002|r0019|r0016|r0011|r0013
72,20079,edge_4,2,1.0,5,1,0,0.0,-8.881784197001252e-16,0.968817025173467,0.968817025173467,7.193032777187507,7.193032777187508,r0002|r0019|r0016|r0011|r0013,r0002|r0019|r0016|r0011|r0013
72,20079,cloud_0,2,0.6,5,1,0,0.0,-8.881784197001252e-16,0.30317428488002734,0.30317428488002734,7.271081359890088,7.271081359890089,r0002|r0019|r0016|r0011|r0013,r0002|r0019|r0016|r0011|r0013
72,20079,cloud_0,2,1.0,5,1,0,0.0,0.0,0.30317428488002734,0.30317428488002734,7.271081359890088,7.271081359890088,r0002|r0019|r0016|r0011|r0013,r0002|r0019|r0016|r0011|r0013
72,20079,edge_4,4,0.6,5,1,0,0.0,0.0,1.5874067241169634,1.5874067241169634,7.024456907594268,7.024456907594268,r0002|r0019|r0016|r0011|r0013,r0002|r0019|r0016|r0011|r0013
72,20079,edge_4,4,1.0,5,1,0,0.0,0.0,1.5874067241169634,1.5874067241169634,7.024456907594268,7.024456907594268,r0002|r0019|r0016|r0011|r0013,r0002|r0019|r0016|r0011|r0013
72,20079,cloud_0,4,0.6,5,1,0,0.0,0.0,0.56386473319051,0.56386473319051,7.177098801151225,7.177098801151225,r0002|r0019|r0016|r0011|r0013,r0002|r0019|r0016|r0011|r0013
72,20079,cloud_0,4,1.0,5,1,0,0.0,0.0,0.56386473319051,0.56386473319051,7.177098801151225,7.177098801151225,r0002|r0019|r0016|r0011|r0013,r0002|r0019|r0016|r0011|r0013
72,20079,edge_4,8,0.6,5,1,0,0.0,0.0,2.824586122003955,2.824586122003955,6.843422118442575,6.843422118442575,r0002|r0019|r0016|r0011|r0013,r0002|r0019|r0016|r0011|r0013
72,20079,edge_4,8,1.0,5,1,0,0.0,0.0,2.824586122003955,2.824586122003955,6.843422118442575,6.843422118442575,r0002|r0019|r0016|r0011|r0013,r0002|r0019|r0016|r0011|r0013
72,20079,cloud_0,8,0.6,5,1,0,0.0,0.0,1.085245629811475,1.085245629811475,7.103985308171636,7.103985308171636,r0002|r0019|r0016|r0011|r0013,r0002|r0019|r0016|r0011|r0013
72,20079,cloud_0,8,1.0,5,1,0,0.0,0.0,1.085245629811475,1.085245629811475,7.103985308171636,7.103985308171636,r0002|r0019|r0016|r0011|r0013,r0002|r0019|r0016|r0011|r0013
73,20080,edge_5,1,0.6,5,1,0,0.0,0.0,0.29366495859882535,0.29366495859882535,5.851950433827409,5.851950433827409,r0016|r0014|r0004|r0000|r0005,r0016|r0014|r0004|r0000|r0005
73,20080,edge_5,1,1.0,5,1,0,0.0,8.881784197001252e-16,0.29366495859882535,0.29366495859882535,5.851950433827409,5.851950433827408,r0016|r0014|r0004|r0000|r0005,r0016|r0014|r0004|r0000|r0005
73,20080,cloud_0,1,0.6,5,1,0,0.0,0.0,0.16082060321150432,0.16082060321150432,6.367597010226127,6.367597010226127,r0016|r0014|r0004|r0000|r0005,r0016|r0014|r0004|r0000|r0005
73,20080,cloud_0,1,1.0,5,1,0,0.0,0.0,0.16082060321150432,0.16082060321150432,6.367597010226127,6.367597010226127,r0016|r0014|r0004|r0000|r0005,r0016|r0014|r0004|r0000|r0005
73,20080,edge_5,2,0.6,5,1,0,0.0,8.881784197001252e-16,0.5055324107280175,0.5055324107280175,5.714285485411499,5.714285485411498,r0016|r0014|r0004|r0000|r0005,r0016|r0014|r0004|r0000|r0005
73,20080,edge_5,2,1.0,5,1,0,0.0,0.0,0.5055324107280175,0.5055324107280175,5.714285485411499,5.714285485411499,r0016|r0014|r0004|r0000|r0005,r0016|r0014|r0004|r0000|r0005
73,20080,cloud_0,2,0.6,5,1,0,0.0,0.0,0.2711404875637841,0.2711404875637841,6.235996838842287,6.235996838842287,r0016|r0014|r0004|r0000|r0005,r0016|r0014|r0004|r0000|r0005
73,20080,cloud_0,2,1.0,5,1,0,0.0,0.0,0.2711404875637841,0.2711404875637841,6.235996838842287,6.235996838842287,r0016|r0014|r0004|r0000|r0005,r0016|r0014|r0004|r0000|r0005
73,20080,edge_5,4,0.6,5,1,0,0.0,-8.881784197001252e-16,0.9292673149864015,0.9292673149864015,5.594317819965394,5.5943178199653945,r0016|r0014|r0004|r0000|r0005,r0016|r0014|r0004|r0000|r0005
73,20080,edge_5,4,1.0,5,1,0,0.0,0.0,0.9292673149864015,0.9292673149864015,5.594317819965394,5.594317819965394,r0016|r0014|r0004|r0000|r0005,r0016|r0014|r0004|r0000|r0005
73,20080,cloud_0,4,0.6,5,1,0,0.0,0.0,0.49178025626834376,0.49178025626834376,6.130242627959743,6.130242627959743,r0016|r0014|r0004|r0000|r0005,r0016|r0014|r0004|r0000|r0005
73,20080,cloud_0,4,1.0,5,1,0,0.0,0.0,0.49178025626834376,0.49178025626834376,6.130242627959743,6.130242627959743,r0016|r0014|r0004|r0000|r0005,r0016|r0014|r0004|r0000|r0005
73,20080,edge_5,8,0.6,5,1,0,0.0,8.881784197001252e-16,1.7767371235031697,1.7767371235031697,5.4795729339362165,5.479572933936216,r0016|r0014|r0004|r0000|r0005,r0016|r0014|r0004|r0000|r0005
73,20080,edge_5,8,1.0,5,1,0,0.0,8.881784197001252e-16,1.7767371235031697,1.7767371235031697,5.4795729339362165,5.479572933936216,r0016|r0014|r0004|r0000|r0005,r0016|r0014|r0004|r0000|r0005
73,20080,cloud_0,8,0.6,5,1,0,0.0,0.0,0.9330597936774631,0.9330597936774631,6.0536324336181115,6.0536324336181115,r0016|r0014|r0004|r0000|r0005,r0016|r0014|r0004|r0000|r0005
73,20080,cloud_0,8,1.0,5,1,0,0.0,-8.881784197001252e-16,0.9330597936774631,0.9330597936774631,6.0536324336181115,6.053632433618112,r0016|r0014|r0004|r0000|r0005,r0016|r0014|r0004|r0000|r0005
74,20081,edge_3,1,0.6,2,1,0,0.0,8.881784197001252e-16,0.07282743678320644,0.07282743678320644,5.791573887836681,5.79157388783668,r0004|r0006,r0004|r0006
74,20081,edge_3,1,1.0,2,1,0,0.0,0.0,0.07282743678320644,0.07282743678320644,5.791573887836681,5.791573887836681,r0004|r0006,r0004|r0006
74,20081,edge_4,1,0.6,2,1,0,0.0,0.0,0.07667203774685034,0.07667203774685034,5.74768588371466,5.74768588371466,r0004|r0006,r0004|r0006
74,20081,edge_4,1,1.0,2,1,0,0.0,0.0,0.07667203774685034,0.07667203774685034,5.74768588371466,5.74768588371466,r0004|r0006,r0004|r0006
74,20081,cloud_0,1,0.6,2,1,0,0.0,0.0,0.02374322668814704,0.02374322668814704,6.056510157523696,6.056510157523696,r0004|r0006,r0004|r0006
74,20081,cloud_0,1,1.0,2,1,0,0.0,0.0,0.02374322668814704,0.02374322668814704,6.056510157523696,6.056510157523696,r0004|r0006,r0004|r0006
74,20081,edge_3,2,0.6,2,1,0,0.0,-8.881784197001252e-16,0.09313944497352908,0.09313944497352908,5.704481272540008,5.704481272540009,r0004|r0006,r0004|r0006
74,20081,edge_3,2,1.0,2,1,0,0.0,-8.881784197001252e-16,0.09313944497352908,0.09313944497352908,5.704481272540008,5.704481272540009,r0004|r0006,r0004|r0006
74,20081,edge_4,2,0.6,2,1,0,0.0,0.0,0.0965840258258063,0.0965840258258063,5.663729725677802,5.663729725677802,r0004|r0006,r0004|r0006
74,20081,edge_4,2,1.0,2,1,0,0.0,0.0,0.0965840258258063,0.0965840258258063,5.663729725677802,5.663729725677802,r0004|r0006,r0004|r0006
74,20081,cloud_0,2,0.6,6,1,0,0.0,0.0,0.4363044674686278,0.4363044674686278,5.963985351205109,5.963985351205109,r0012|r0010|r0015|r0005|r0004|r0006,r0012|r0010|r0015|r0005|r0004|r0006
74,20081,cloud_0,2,1.0,6,1,0,0.0,0.0,0.4363044674686278,0.4363044674686278,5.963985351205109,5.963985351205109,r0012|r0010|r0015|r0005|r0004|r0006,r0012|r0010|r0015|r0005|r0004|r0006
74,20081,edge_3,4,0.6,2,1,0,0.0,0.0,0.13376346135417438,0.13376346135417438,5.598942251047069,5.598942251047069,r0004|r0006,r0004|r0006
74,20081,edge_3,4,1.0,2,1,0,0.0,0.0,0.13376346135417438,0.13376346135417438,5.598942251047069,5.598942251047069,r0004|r0006,r0004|r0006
74,20081,edge_4,4,0.6,2,1,0,0.0,0.0,0.13640800198371822,0.13640800198371822,5.558802153366987,5.558802153366987,r0004|r0006,r0004|r0006
74,20081,edge_4,4,1.0,2,1,0,0.0,0.0,0.13640800198371822,0.13640800198371822,5.558802153366987,5.558802153366987,r0004|r0006,r0004|r0006
74,20081,cloud_0,4,0.6,6,1,0,0.0,-8.881784197001252e-16,0.8421389368317227,0.8421389368317227,5.90395390201894,5.903953902018941,r0012|r0010|r0015|r0005|r0004|r0006,r0012|r0010|r0015|r0005|r0004|r0006
74,20081,cloud_0,4,1.0,6,1,0,0.0,0.0,0.8421389368317227,0.8421389368317227,5.90395390201894,5.90395390201894,r0012|r0010|r0015|r0005|r0004|r0006,r0012|r0010|r0015|r0005|r0004|r0006
74,20081,edge_3,8,0.6,2,1,0,0.0,0.0,0.21501149411546494,0.21501149411546494,5.492928305735328,5.492928305735328,r0004|r0006,r0004|r0006
74,20081,edge_3,8,1.0,2,1,0,0.0,0.0,0.21501149411546494,0.21501149411546494,5.492928305735328,5.492928305735328,r0004|r0006,r0004|r0006
74,20081,edge_4,8,0.6,2,1,0,0.0,8.881784197001252e-16,0.21605595429954208,0.21605595429954208,5.4499044245264665,5.449904424526466,r0004|r0006,r0004|r0006
74,20081,edge_4,8,1.0,2,1,0,0.0,0.0,0.21605595429954208,0.21605595429954208,5.4499044245264665,5.4499044245264665,r0004|r0006,r0004|r0006
74,20081,cloud_0,8,0.6,6,1,0,0.0,0.0,1.6538078755579118,1.6538078755579118,5.853671445695962,5.853671445695962,r0012|r0010|r0015|r0005|r0004|r0006,r0012|r0010|r0015|r0005|r0004|r0006
74,20081,cloud_0,8,1.0,6,1,0,0.0,0.0,1.6538078755579118,1.6538078755579118,5.853671445695962,5.853671445695962,r0012|r0010|r0015|r0005|r0004|r0006,r0012|r0010|r0015|r0005|r0004|r0006
75,20082,cloud_0,1,0.6,7,1,0,0.0,8.881784197001252e-16,0.209393282782763,0.209393282782763,7.781917020478725,7.7819170204787245,r0001|r0003|r0014|r0021|r0008|r0019|r0012,r0001|r0003|r0014|r0021|r0008|r0019|r0012
75,20082,cloud_0,1,1.0,7,1,0,0.0,8.881784197001252e-16,0.209393282782763,0.209393282782763,7.781917020478725,7.7819170204787245,r0001|r0003|r0014|r0021|r0008|r0019|r0012,r0001|r0003|r0014|r0021|r0008|r0019|r0012
75,20082,cloud_0,2,0.6,7,1,0,0.0,0.0,0.3519049694824394,0.3519049694824394,7.645150475553759,7.645150475553759,r0001|r0003|r0014|r0021|r0008|r0019|r0012,r0001|r0003|r0014|r0021|r0008|r0019|r0012
75,20082,cloud_0,2,1.0,7,1,0,0.0,0.0,0.3519049694824394,0.3519049694824394,7.645150475553759,7.645150475553759,r0001|r0003|r0014|r0021|r0008|r0019|r0012,r0001|r0003|r0014|r0021|r0008|r0019|r0012
75,20082,cloud_0,4,0.6,7,1,0,0.0,0.0,0.6369283428817918,0.6369283428817918,7.527794377641861,7.527794377641861,r0001|r0003|r0014|r0021|r0008|r0019|r0012,r0001|r0003|r0014|r0021|r0008|r0019|r0012
75,20082,cloud_0,4,1.0,7,1,0,0.0,0.0,0.6369283428817918,0.6369283428817918,7.527794377641861,7.527794377641861,r0001|r0003|r0014|r0021|r0008|r0019|r0012,r0001|r0003|r0014|r0021|r0008|r0019|r0012
75,20082,cloud_0,8,0.6,7,1,0,0.0,-8.881784197001252e-16,1.2069750896804972,1.2069750896804972,7.4380590465392595,7.43805904653926,r0001|r0003|r0014|r0021|r0008|r0019|r0012,r0001|r0003|r0014|r0021|r0008|r0019|r0012
75,20082,cloud_0,8,1.0,7,1,0,0.0,-8.881784197001252e-16,1.2069750896804972,1.2069750896804972,7.4380590465392595,7.43805904653926,r0001|r0003|r0014|r0021|r0008|r0019|r0012,r0001|r0003|r0014|r0021|r0008|r0019|r0012
76,20083,edge_5,1,0.6,7,1,0,0.0,0.0,0.4495146540284722,0.4495146540284722,7.591940366055344,7.591940366055344,r0014|r0000|r0021|r0013|r0009|r0010|r0004,r0014|r0000|r0021|r0013|r0009|r0010|r0004
76,20083,edge_5,1,1.0,7,1,0,0.0,0.0,0.4495146540284722,0.4495146540284722,7.591940366055344,7.591940366055344,r0014|r0000|r0021|r0013|r0009|r0010|r0004,r0014|r0000|r0021|r0013|r0009|r0010|r0004
76,20083,cloud_0,1,0.6,7,1,0,0.0,0.0,0.27140208249586883,0.27140208249586883,7.73967089410442,7.73967089410442,r0014|r0000|r0021|r0013|r0009|r0010|r0004,r0014|r0000|r0021|r0013|r0009|r0010|r0004
76,20083,cloud_0,1,1.0,7,1,0,0.0,0.0,0.27140208249586883,0.27140208249586883,7.73967089410442,7.73967089410442,r0014|r0000|r0021|r0013|r0009|r0010|r0004,r0014|r0000|r0021|r0013|r0009|r0010|r0004
76,20083,edge_5,2,0.6,7,1,0,0.0,-8.881784197001252e-16,0.7430537191911578,0.7430537191911578,7.445325151737505,7.445325151737506,r0014|r0000|r0021|r0013|r0009|r0010|r0004,r0014|r0000|r0021|r0013|r0009|r0010|r0004
76,20083,edge_5,2,1.0,7,1,0,0.0,-8.881784197001252e-16,0.7430537191911578,0.7430537191911578,7.445325151737505,7.445325151737506,r0014|r0000|r0021|r0013|r0009|r0010|r0004,r0014|r0000|r0021|r0013|r0009|r0010|r0004
76,20083,cloud_0,2,0.6,7,1,0,0.0,8.881784197001252e-16,0.5078420251522706,0.5078420251522706,7.644048128389102,7.644048128389101,r0014|r0000|r0021|r0013|r0009|r0010|r0004,r0014|r0000|r0021|r0013|r0009|r0010|r0004
76,20083,cloud_0,2,1.0,7,1,0,0.0,0.0,0.5078420251522706,0.5078420251522706,7.644048128389102,7.644048128389102,r0014|r0000|r0021|r0013|r0009|r0010|r0004,r0014|r0000|r0021|r0013|r0009|r0010|r0004
76,20083,edge_5,4,0.6,7,1,0,0.0,0.0,1.3301318495165286,1.3301318495165286,7.305502279862874,7.305502279862874,r0014|r0000|r0021|r0013|r0009|r0010|r0004,r0014|r0000|r0021|r0013|r0009|r0010|r0004
76,20083,edge_5,4,1.0,7,1,0,0.0,-8.881784197001252e-16,1.3301318495165286,1.3301318495165286,7.305502279862874,7.305502279862875,r0014|r0000|r0021|r0013|r0009|r0010|r0004,r0014|r0000|r0021|r0013|r0009|r0010|r0004
76,20083,cloud_0,4,0.6,7,1,0,0.0,0.0,0.9807219104650742,0.9807219104650742,7.572771168174485,7.572771168174485,r0014|r0000|r0021|r0013|r0009|r0010|r0004,r0014|r0000|r0021|r0013|r0009|r0010|r0004
76,20083,cloud_0,4,1.0,7,1,0,0.0,0.0,0.9807219104650742,0.9807219104650742,7.572771168174485,7.572771168174485,r0014|r0000|r0021|r0013|r0009|r0010|r0004,r0014|r0000|r0021|r0013|r0009|r0010|r0004
76,20083,edge_5,8,0.6,7,1,0,0.0,0.0,2.50428811016727,2.50428811016727,7.1757658597954554,7.1757658597954554,r0014|r0000|r0021|r0013|r0009|r0010|r0004,r0014|r0000|r0021|r0013|r0009|r0010|r0004
76,20083,edge_5,8,1.0,7,1,0,0.0,8.881784197001252e-16,2.50428811016727,2.50428811016727,7.1757658597954554,7.175765859795455,r0014|r0000|r0021|r0013|r0009|r0010|r0004,r0014|r0000|r0021|r0013|r0009|r0010|r0004
76,20083,cloud_0,8,0.6,7,1,0,0.0,0.0,1.9264816810906813,1.9264816810906813,7.507871566528014,7.507871566528014,r0014|r0000|r0021|r0013|r0009|r0010|r0004,r0014|r0000|r0021|r0013|r0009|r0010|r0004
76,20083,cloud_0,8,1.0,7,1,0,0.0,0.0,1.9264816810906813,1.9264816810906813,7.507871566528014,7.507871566528014,r0014|r0000|r0021|r0013|r0009|r0010|r0004,r0014|r0000|r0021|r0013|r0009|r0010|r0004
77,20084,cloud_0,1,0.6,6,1,0,0.0,0.0,0.17707925714613834,0.17707925714613834,8.070566501699883,8.070566501699883,r0022|r0009|r0005|r0001|r0004|r0019,r0022|r0009|r0005|r0001|r0004|r0019
77,20084,cloud_0,1,1.0,6,1,0,0.0,0.0,0.17707925714613834,0.17707925714613834,8.070566501699883,8.070566501699883,r0022|r0009|r0005|r0001|r0004|r0019,r0022|r0009|r0005|r0001|r0004|r0019
77,20084,cloud_0,2,0.6,6,1,0,0.0,0.0,0.2615672176399491,0.2615672176399491,7.941001455203097,7.941001455203097,r0022|r0009|r0005|r0001|r0004|r0019,r0022|r0009|r0005|r0001|r0004|r0019
77,20084,cloud_0,2,1.0,6,1,0,0.0,0.0,0.2615672176399491,0.2615672176399491,7.941001455203097,7.941001455203097,r0022|r0009|r0005|r0001|r0004|r0019,r0022|r0009|r0005|r0001|r0004|r0019
77,20084,cloud_0,4,0.6,6,1,0,0.0,8.881784197001252e-16,0.4305431386275709,0.4305431386275709,7.80084772696141,7.800847726961409,r0022|r0009|r0005|r0001|r0004|r0019,r0022|r0009|r0005|r0001|r0004|r0019
77,20084,cloud_0,4,1.0,6,1,0,0.0,8.881784197001252e-16,0.4305431386275709,0.4305431386275709,7.80084772696141,7.800847726961409,r0022|r0009|r0005|r0001|r0004|r0019,r0022|r0009|r0005|r0001|r0004|r0019
77,20084,cloud_0,8,0.6,6,1,0,0.0,0.0,0.7684949806028141,0.7684949806028141,7.67595266399899,7.67595266399899,r0022|r0009|r0005|r0001|r0004|r0019,r0022|r0009|r0005|r0001|r0004|r0019
77,20084,cloud_0,8,1.0,6,1,0,0.0,0.0,0.7684949806028141,0.7684949806028141,7.67595266399899,7.67595266399899,r0022|r0009|r0005|r0001|r0004|r0019,r0022|r0009|r0005|r0001|r0004|r0019
78,20085,edge_4,1,0.6,3,1,0,0.0,-8.881784197001252e-16,0.09017545233725426,0.09017545233725426,7.317395663868569,7.31739566386857,r0002|r0005|r0004,r0002|r0005|r0004
78,20085,edge_4,1,1.0,3,1,0,0.0,0.0,0.09017545233725426,0.09017545233725426,7.317395663868569,7.317395663868569,r0002|r0005|r0004,r0002|r0005|r0004
78,20085,cloud_0,1,0.6,3,1,0,0.0,0.0,0.07975122134198992,0.07975122134198992,7.572168989326795,7.572168989326795,r0002|r0005|r0004,r0002|r0005|r0004
78,20085,cloud_0,1,1.0,3,1,0,0.0,0.0,0.07975122134198992,0.07975122134198992,7.572168989326795,7.572168989326795,r0002|r0005|r0004,r0002|r0005|r0004
78,20085,edge_4,2,0.6,3,1,0,0.0,0.0,0.15247915759423566,0.15247915759423566,7.197394355223879,7.197394355223879,r0002|r0005|r0004,r0002|r0005|r0004
78,20085,edge_4,2,1.0,3,1,0,0.0,8.881784197001252e-16,0.15247915759423566,0.15247915759423566,7.197394355223879,7.197394355223878,r0002|r0005|r0004,r0002|r0005|r0004
78,20085,cloud_0,2,0.6,3,1,0,0.0,8.881784197001252e-16,0.1191920727591254,0.1191920727591254,7.442282081860901,7.4422820818609,r0002|r0005|r0004,r0002|r0005|r0004
78,20085,cloud_0,2,1.0,3,1,0,0.0,0.0,0.1191920727591254,0.1191920727591254,7.442282081860901,7.442282081860901,r0002|r0005|r0004,r0002|r0005|r0004
78,20085,edge_4,4,0.6,3,1,0,0.0,0.0,0.27708656810819854,0.27708656810819854,7.097850908871138,7.097850908871138,r0002|r0005|r0004,r0002|r0005|r0004
78,20085,edge_4,4,1.0,3,1,0,0.0,0.0,0.27708656810819854,0.27708656810819854,7.097850908871138,7.097850908871138,r0002|r0005|r0004,r0002|r0005|r0004
78,20085,cloud_0,4,0.6,3,1,0,0.0,8.881784197001252e-16,0.19807377559339637,0.19807377559339637,7.3156603796782536,7.315660379678253,r0002|r0005|r0004,r0002|r0005|r0004
78,20085,cloud_0,4,1.0,3,1,0,0.0,0.0,0.19807377559339637,0.19807377559339637,7.3156603796782536,7.3156603796782536,r0002|r0005|r0004,r0002|r0005|r0004
78,20085,edge_4,8,0.6,3,1,0,0.0,0.0,0.5263013891361243,0.5263013891361243,7.008030676896906,7.008030676896906,r0002|r0005|r0004,r0002|r0005|r0004
78,20085,edge_4,8,1.0,3,1,0,0.0,0.0,0.5263013891361243,0.5263013891361243,7.008030676896906,7.008030676896906,r0002|r0005|r0004,r0002|r0005|r0004
78,20085,cloud_0,8,0.6,3,1,0,0.0,0.0,0.35583718126193825,0.35583718126193825,7.2057132249194,7.2057132249194,r0002|r0005|r0004,r0002|r0005|r0004
78,20085,cloud_0,8,1.0,3,1,0,0.0,8.881784197001252e-16,0.35583718126193825,0.35583718126193825,7.2057132249194,7.205713224919399,r0002|r0005|r0004,r0002|r0005|r0004
79,20086,cloud_0,1,0.6,4,1,0,0.0,0.0,0.042873817269125626,0.042873817269125626,7.216253173435688,7.216253173435688,r0007|r0004|r0012|r0003,r0007|r0004|r0012|r0003
79,20086,cloud_0,1,1.0,4,1,0,0.0,8.881784197001252e-16,0.042873817269125626,0.042873817269125626,7.216253173435688,7.216253173435687,r0007|r0004|r0012|r0003,r0007|r0004|r0012|r0003
79,20086,cloud_0,2,0.6,4,1,0,0.0,8.881784197001252e-16,0.0717779395613382,0.0717779395613382,7.090542531872612,7.090542531872611,r0007|r0004|r0012|r0003,r0007|r0004|r0012|r0003
79,20086,cloud_0,2,1.0,4,1,0,0.0,0.0,0.0717779395613382,0.0717779395613382,7.090542531872612,7.090542531872612,r0007|r0004|r0012|r0003,r0007|r0004|r0012|r0003
79,20086,cloud_0,4,0.6,4,1,0,0.0,0.0,0.12958618414576328,0.12958618414576328,6.992947447380654,6.992947447380654,r0007|r0004|r0012|r0003,r0007|r0004|r0012|r0003
79,20086,cloud_0,4,1.0,4,1,0,0.0,-8.881784197001252e-16,0.12958618414576328,0.12958618414576328,6.992947447380654,6.992947447380655,r0007|r0004|r0012|r0003,r0007|r0004|r0012|r0003
79,20086,cloud_0,8,0.6,4,1,0,0.0,0.0,0.24520267331461357,0.24520267331461357,6.926705517653442,6.926705517653442,r0007|r0004|r0012|r0003,r0007|r0004|r0012|r0003
79,20086,cloud_0,8,1.0,4,1,0,0.0,0.0,0.24520267331461357,0.24520267331461357,6.926705517653442,6.926705517653442,r0007|r0004|r0012|r0003,r0007|r0004|r0012|r0003
80,20087,cloud_0,1,0.6,7,1,0,0.0,-8.881784197001252e-16,0.09928899536432463,0.09928899536432463,7.940278223483108,7.940278223483109,r0004|r0020|r0014|r0017|r0006|r0000|r0021,r0004|r0020|r0014|r0017|r0006|r0000|r0021
80,20087,cloud_0,1,1.0,7,1,0,0.0,8.881784197001252e-16,0.09928899536432463,0.09928899536432463,7.940278223483108,7.940278223483107,r0004|r0020|r0014|r0017|r0006|r0000|r0021,r0004|r0020|r0014|r0017|r0006|r0000|r0021
80,20087,cloud_0,2,0.6,7,1,0,0.0,-8.881784197001252e-16,0.16490475695696152,0.16490475695696152,7.804028823183658,7.804028823183659,r0004|r0020|r0014|r0017|r0006|r0000|r0021,r0004|r0020|r0014|r0017|r0006|r0000|r0021
80,20087,cloud_0,2,1.0,7,1,0,0.0,-8.881784197001252e-16,0.16490475695696152,0.16490475695696152,7.804028823183658,7.804028823183659,r0004|r0020|r0014|r0017|r0006|r0000|r0021,r0004|r0020|r0014|r0017|r0006|r0000|r0021
80,20087,cloud_0,4,0.6,7,1,0,0.0,0.0,0.29613628014223536,0.29613628014223536,7.685866902547554,7.685866902547554,r0004|r0020|r0014|r0017|r0006|r0000|r0021,r0004|r0020|r0014|r0017|r0006|r0000|r0021
80,20087,cloud_0,4,1.0,7,1,0,0.0,0.0,0.29613628014223536,0.29613628014223536,7.685866902547554,7.685866902547554,r0004|r0020|r0014|r0017|r0006|r0000|r0021,r0004|r0020|r0014|r0017|r0006|r0000|r0021
80,20087,cloud_0,8,0.6,7,1,0,0.0,0.0,0.558599326512783,0.558599326512783,7.598174763969168,7.598174763969168,r0004|r0020|r0014|r0017|r0006|r0000|r0021,r0004|r0020|r0014|r0017|r0006|r0000|r0021
80,20087,cloud_0,8,1.0,7,1,0,0.0,0.0,0.558599326512783,0.558599326512783,7.598174763969168,7.598174763969168,r0004|r0020|r0014|r0017|r0006|r0000|r0021,r0004|r0020|r0014|r0017|r0006|r0000|r0021
81,20088,edge_0,1,0.6,5,1,0,0.0,0.0,0.09909372853593976,0.09909372853593976,7.252419989797971,7.252419989797971,r0006|r0001|r0004|r0020|r0007,r0006|r0001|r0004|r0020|r0007
81,20088,edge_0,1,1.0,5,1,0,0.0,0.0,0.09909372853593976,0.09909372853593976,7.252419989797971,7.252419989797971,r0006|r0001|r0004|r0020|r0007,r0006|r0001|r0004|r0020|r0007
81,20088,cloud_0,1,0.6,5,1,0,0.0,0.0,0.06792359463059075,0.06792359463059075,7.691897787303331,7.691897787303331,r0006|r0001|r0004|r0020|r0007,r0006|r0001|r0004|r0020|r0007
81,20088,cloud_0,1,1.0,5,1,0,0.0,0.0,0.06792359463059075,0.06792359463059075,7.691897787303331,7.691897787303331,r0006|r0001|r0004|r0020|r0007,r0006|r0001|r0004|r0020|r0007
81,20088,edge_0,2,0.6,5,1,0,0.0,0.0,0.17969248321387415,0.17969248321387415,7.1445193885778755,7.1445193885778755,r0006|r0001|r0004|r0020|r0007,r0006|r0001|r0004|r0020|r0007
81,20088,edge_0,2,1.0,5,1,0,0.0,0.0,0.17969248321387415,0.17969248321387415,7.1445193885778755,7.1445193885778755,r0006|r0001|r0004|r0020|r0007,r0006|r0001|r0004|r0020|r0007
81,20088,cloud_0,2,0.6,5,1,0,0.0,-8.881784197001252e-16,0.10948379559138599,0.10948379559138599,7.553954243953006,7.553954243953007,r0006|r0001|r0004|r0020|r0007,r0006|r0001|r0004|r0020|r0007
81,20088,cloud_0,2,1.0,5,1,0,0.0,0.0,0.10948379559138599,0.10948379559138599,7.553954243953006,7.553954243953006,r0006|r0001|r0004|r0020|r0007,r0006|r0001|r0004|r0020|r0007
81,20088,cloud_0,4,0.6,5,1,0,0.0,8.881784197001252e-16,0.1926041975129765,0.1926041975129765,7.4316292272577575,7.431629227257757,r0006|r0001|r0004|r0020|r0007,r0006|r0001|r0004|r0020|r0007
81,20088,cloud_0,4,1.0,5,1,0,0.0,0.0,0.1926041975129765,0.1926041975129765,7.4316292272577575,7.4316292272577575,r0006|r0001|r0004|r0020|r0007,r0006|r0001|r0004|r0020|r0007
81,20088,cloud_0,8,0.6,5,1,0,0.0,0.0,0.35884500135615743,0.35884500135615743,7.3368112359879465,7.3368112359879465,r0006|r0001|r0004|r0020|r0007,r0006|r0001|r0004|r0020|r0007
81,20088,cloud_0,8,1.0,5,1,0,0.0,0.0,0.35884500135615743,0.35884500135615743,7.3368112359879465,7.3368112359879465,r0006|r0001|r0004|r0020|r0007,r0006|r0001|r0004|r0020|r0007
82,20089,edge_5,1,0.6,4,1,0,0.0,0.0,0.34723634580667717,0.34723634580667717,6.865172307716244,6.865172307716244,r0007|r0003|r0000|r0015,r0007|r0003|r0000|r0015
82,20089,edge_5,1,1.0,4,1,0,0.0,0.0,0.34723634580667717,0.34723634580667717,6.865172307716244,6.865172307716244,r0007|r0003|r0000|r0015,r0007|r0003|r0000|r0015
82,20089,cloud_0,1,0.6,4,1,0,0.0,0.0,0.23807744240794315,0.23807744240794315,7.213232075451363,7.213232075451363,r0007|r0003|r0000|r0015,r0007|r0003|r0000|r0015
82,20089,cloud_0,1,1.0,4,1,0,0.0,0.0,0.23807744240794315,0.23807744240794315,7.213232075451363,7.213232075451363,r0007|r0003|r0000|r0015,r0007|r0003|r0000|r0015
82,20089,edge_5,2,0.6,4,1,0,0.0,0.0,0.5913918240857697,0.5913918240857697,6.736090873080797,6.736090873080797,r0007|r0003|r0000|r0015,r0007|r0003|r0000|r0015
82,20089,edge_5,2,1.0,4,1,0,0.0,0.0,0.5913918240857697,0.5913918240857697,6.736090873080797,6.736090873080797,r0007|r0003|r0000|r0015,r0007|r0003|r0000|r0015
82,20089,cloud_0,2,0.6,4,1,0,0.0,0.0,0.398224193249258,0.398224193249258,7.084023152721741,7.084023152721741,r0007|r0003|r0000|r0015,r0007|r0003|r0000|r0015
82,20089,cloud_0,2,1.0,4,1,0,0.0,0.0,0.398224193249258,0.398224193249258,7.084023152721741,7.084023152721741,r0007|r0003|r0000|r0015,r0007|r0003|r0000|r0015
82,20089,edge_5,4,0.6,4,1,0,0.0,0.0,1.0797027806439545,1.0797027806439545,6.6296261834507915,6.6296261834507915,r0007|r0003|r0000|r0015,r0007|r0003|r0000|r0015
82,20089,edge_5,4,1.0,4,1,0,0.0,8.881784197001252e-16,1.0797027806439545,1.0797027806439545,6.6296261834507915,6.629626183450791,r0007|r0003|r0000|r0015,r0007|r0003|r0000|r0015
82,20089,cloud_0,4,0.6,4,1,0,0.0,0.0,0.7185176949318876,0.7185176949318876,6.979495327269309,6.979495327269309,r0007|r0003|r0000|r0015,r0007|r0003|r0000|r0015
82,20089,cloud_0,4,1.0,4,1,0,0.0,8.881784197001252e-16,0.7185176949318876,0.7185176949318876,6.979495327269309,6.9794953272693085,r0007|r0003|r0000|r0015,r0007|r0003|r0000|r0015
82,20089,edge_5,8,0.6,4,1,0,0.0,0.0,2.0563246937603243,2.0563246937603243,6.537926664612539,6.537926664612539,r0007|r0003|r0000|r0015,r0007|r0003|r0000|r0015
82,20089,edge_5,8,1.0,4,1,0,0.0,8.881784197001252e-16,2.0563246937603243,2.0563246937603243,6.537926664612539,6.537926664612538,r0007|r0003|r0000|r0015,r0007|r0003|r0000|r0015
82,20089,cloud_0,8,0.6,4,1,0,0.0,0.0,1.3591046982971469,1.3591046982971469,6.8997631619820226,6.8997631619820226,r0007|r0003|r0000|r0015,r0007|r0003|r0000|r0015
82,20089,cloud_0,8,1.0,4,1,0,0.0,0.0,1.3591046982971469,1.3591046982971469,6.8997631619820226,6.8997631619820226,r0007|r0003|r0000|r0015,r0007|r0003|r0000|r0015
83,20090,edge_2,1,0.6,3,1,0,0.0,-8.881784197001252e-16,0.0591689438804004,0.0591689438804004,7.6438379888386025,7.643837988838603,r0007|r0020|r0019,r0007|r0020|r0019
83,20090,edge_2,1,1.0,3,1,0,0.0,-8.881784197001252e-16,0.0591689438804004,0.0591689438804004,7.6438379888386025,7.643837988838603,r0007|r0020|r0019,r0007|r0020|r0019
83,20090,cloud_0,1,0.6,3,1,0,0.0,1.7763568394002505e-15,0.07202073486622267,0.07202073486622267,8.142436439915903,8.142436439915901,r0007|r0020|r0019,r0007|r0020|r0019
83,20090,cloud_0,1,1.0,3,1,0,0.0,0.0,0.07202073486622267,0.07202073486622267,8.142436439915903,8.142436439915903,r0007|r0020|r0019,r0007|r0020|r0019
83,20090,edge_2,2,0.6,3,1,0,0.0,-8.881784197001252e-16,0.08080114653770624,0.08080114653770624,7.522860265072235,7.522860265072236,r0007|r0020|r0019,r0007|r0020|r0019
83,20090,edge_2,2,1.0,3,1,0,0.0,0.0,0.08080114653770624,0.08080114653770624,7.522860265072235,7.522860265072235,r0007|r0020|r0019,r0007|r0020|r0019
83,20090,cloud_0,2,0.6,3,1,0,0.0,1.7763568394002505e-15,0.08267968277881,0.08267968277881,8.080503635475177,8.080503635475175,r0007|r0020|r0019,r0007|r0020|r0019
83,20090,cloud_0,2,1.0,3,1,0,0.0,0.0,0.08267968277881,0.08267968277881,8.080503635475177,8.080503635475177,r0007|r0020|r0019,r0007|r0020|r0019
83,20090,edge_2,4,0.6,3,1,0,0.0,0.0,0.12406555185231792,0.12406555185231792,7.382099057859727,7.382099057859727,r0007|r0020|r0019,r0007|r0020|r0019
83,20090,edge_2,4,1.0,3,1,0,0.0,0.0,0.12406555185231792,0.12406555185231792,7.382099057859727,7.382099057859727,r0007|r0020|r0019,r0007|r0020|r0019
83,20090,cloud_0,4,0.6,3,1,0,0.0,-8.881784197001252e-16,0.10399757860398468,0.10399757860398468,7.984474576716001,7.984474576716002,r0007|r0020|r0019,r0007|r0020|r0019
83,20090,cloud_0,4,1.0,3,1,0,0.0,-8.881784197001252e-16,0.10399757860398468,0.10399757860398468,7.984474576716001,7.984474576716002,r0007|r0020|r0019,r0007|r0020|r0019
83,20090,edge_2,8,0.6,3,1,0,0.0,0.0,0.21059436248154126,0.21059436248154126,7.239966403564766,7.239966403564766,r0007|r0020|r0019,r0007|r0020|r0019
83,20090,edge_2,8,1.0,3,1,0,0.0,0.0,0.21059436248154126,0.21059436248154126,7.239966403564766,7.239966403564766,r0007|r0020|r0019,r0007|r0020|r0019
83,20090,cloud_0,8,0.6,3,1,0,0.0,-8.881784197001252e-16,0.14663337025433407,0.14663337025433407,7.857588390951094,7.857588390951095,r0007|r0020|r0019,r0007|r0020|r0019
83,20090,cloud_0,8,1.0,3,1,0,0.0,-8.881784197001252e-16,0.14663337025433407,0.14663337025433407,7.857588390951094,7.857588390951095,r0007|r0020|r0019,r0007|r0020|r0019
84,20091,edge_1,1,0.6,3,1,0,0.0,8.881784197001252e-16,0.0812791176272261,0.0812791176272261,7.2249749683700655,7.224974968370065,r0009|r0011|r0012,r0009|r0011|r0012
84,20091,edge_1,1,1.0,3,1,0,0.0,0.0,0.0812791176272261,0.0812791176272261,7.2249749683700655,7.2249749683700655,r0009|r0011|r0012,r0009|r0011|r0012
84,20091,edge_4,1,0.6,3,1,0,0.0,0.0,0.10101608632057468,0.10101608632057468,7.296432414558598,7.296432414558598,r0009|r0011|r0012,r0009|r0011|r0012
84,20091,edge_4,1,1.0,3,1,0,0.0,0.0,0.10101608632057468,0.10101608632057468,7.296432414558598,7.296432414558598,r0009|r0011|r0012,r0009|r0011|r0012
84,20091,cloud_0,1,0.6,3,1,0,0.0,0.0,0.06700299736499234,0.06700299736499234,7.709313853463128,7.709313853463128,r0009|r0011|r0012,r0009|r0011|r0012
84,20091,cloud_0,1,1.0,3,1,0,0.0,8.881784197001252e-16,0.06700299736499234,0.06700299736499234,7.709313853463128,7.709313853463127,r0009|r0011|r0012,r0009|r0011|r0012
84,20091,edge_1,2,0.6,3,1,0,0.0,0.0,0.12529297053639668,0.12529297053639668,7.091134531939491,7.091134531939491,r0009|r0011|r0012,r0009|r0011|r0012
84,20091,edge_1,2,1.0,3,1,0,0.0,0.0,0.12529297053639668,0.12529297053639668,7.091134531939491,7.091134531939491,r0009|r0011|r0012,r0009|r0011|r0012
84,20091,edge_4,2,0.6,3,1,0,0.0,0.0,0.1509230736553503,0.1509230736553503,7.15896730114493,7.15896730114493,r0009|r0011|r0012,r0009|r0011|r0012
84,20091,edge_4,2,1.0,3,1,0,0.0,0.0,0.1509230736553503,0.1509230736553503,7.15896730114493,7.15896730114493,r0009|r0011|r0012,r0009|r0011|r0012
84,20091,cloud_0,2,0.6,3,1,0,0.0,0.0,0.09505377856112145,0.09505377856112145,7.584620154067514,7.584620154067514,r0009|r0011|r0012,r0009|r0011|r0012
84,20091,cloud_0,2,1.0,3,1,0,0.0,0.0,0.09505377856112145,0.09505377856112145,7.584620154067514,7.584620154067514,r0009|r0011|r0012,r0009|r0011|r0012
84,20091,edge_4,4,0.6,3,1,0,0.0,0.0,0.25073704832490157,0.25073704832490157,7.017099948372662,7.017099948372662,r0009|r0011|r0012,r0009|r0011|r0012
84,20091,edge_4,4,1.0,3,1,0,0.0,0.0,0.25073704832490157,0.25073704832490157,7.017099948372662,7.017099948372662,r0009|r0011|r0012,r0009|r0011|r0012
84,20091,cloud_0,4,0.6,3,1,0,0.0,-8.881784197001252e-16,0.15115534095337962,0.15115534095337962,7.451538382303992,7.451538382303993,r0009|r0011|r0012,r0009|r0011|r0012
84,20091,cloud_0,4,1.0,3,1,0,0.0,-8.881784197001252e-16,0.15115534095337962,0.15115534095337962,7.451538382303992,7.451538382303993,r0009|r0011|r0012,r0009|r0011|r0012
84,20091,edge_4,8,0.6,3,1,0,0.0,8.881784197001252e-16,0.45036499766400406,0.45036499766400406,6.876693307639768,6.876693307639767,r0009|r0011|r0012,r0009|r0011|r0012
84,20091,edge_4,8,1.0,3,1,0,0.0,8.881784197001252e-16,0.45036499766400406,0.45036499766400406,6.876693307639768,6.876693307639767,r0009|r0011|r0012,r0009|r0011|r0012
84,20091,cloud_0,8,0.6,3,1,0,0.0,-8.881784197001252e-16,0.26335846573789595,0.26335846573789595,7.329500985717094,7.329500985717095,r0009|r0011|r0012,r0009|r0011|r0012
84,20091,cloud_0,8,1.0,3,1,0,0.0,0.0,0.26335846573789595,0.26335846573789595,7.329500985717094,7.329500985717094,r0009|r0011|r0012,r0009|r0011|r0012
85,20092,cloud_0,1,0.6,5,1,0,0.0,0.0,0.09126426784159744,0.09126426784159744,7.464658718409968,7.464658718409968,r0016|r0008|r0000|r0022|r0018,r0016|r0008|r0000|r0022|r0018
85,20092,cloud_0,1,1.0,5,1,0,0.0,0.0,0.09126426784159744,0.09126426784159744,7.464658718409968,7.464658718409968,r0016|r0008|r0000|r0022|r0018,r0016|r0008|r0000|r0022|r0018
85,20092,cloud_0,2,0.6,5,1,0,0.0,0.0,0.13025903315113743,0.13025903315113743,7.341189678370366,7.341189678370366,r0016|r0008|r0000|r0022|r0018,r0016|r0008|r0000|r0022|r0018
85,20092,cloud_0,2,1.0,5,1,0,0.0,0.0,0.13025903315113743,0.13025903315113743,7.341189678370366,7.341189678370366,r0016|r0008|r0000|r0022|r0018,r0016|r0008|r0000|r0022|r0018
85,20092,cloud_0,4,0.6,5,1,0,0.0,-8.881784197001252e-16,0.2082485637702174,0.2082485637702174,7.204855477977531,7.204855477977532,r0016|r0008|r0000|r0022|r0018,r0016|r0008|r0000|r0022|r0018
85,20092,cloud_0,4,1.0,5,1,0,0.0,0.0,0.2082485637702174,0.2082485637702174,7.204855477977531,7.204855477977531,r0016|r0008|r0000|r0022|r0018,r0016|r0008|r0000|r0022|r0018
85,20092,cloud_0,8,0.6,5,1,0,0.0,0.0,0.3642276250083774,0.3642276250083774,7.084060058786959,7.084060058786959,r0016|r0008|r0000|r0022|r0018,r0016|r0008|r0000|r0022|r0018
85,20092,cloud_0,8,1.0,5,1,0,0.0,0.0,0.3642276250083774,0.3642276250083774,7.084060058786959,7.084060058786959,r0016|r0008|r0000|r0022|r0018,r0016|r0008|r0000|r0022|r0018
86,20093,cloud_0,1,0.6,3,1,0,0.0,0.0,0.048614239690067125,0.048614239690067125,6.376357825572839,6.376357825572839,r0006|r0012|r0001,r0006|r0012|r0001
86,20093,cloud_0,1,1.0,3,1,0,0.0,-8.881784197001252e-16,0.048614239690067125,0.048614239690067125,6.376357825572839,6.37635782557284,r0006|r0012|r0001,r0006|r0012|r0001
86,20093,cloud_0,2,0.6,3,1,0,0.0,0.0,0.07714205603663145,0.07714205603663145,6.254238589739686,6.254238589739686,r0006|r0012|r0001,r0006|r0012|r0001
86,20093,cloud_0,2,1.0,3,1,0,0.0,0.0,0.07714205603663145,0.07714205603663145,6.254238589739686,6.254238589739686,r0006|r0012|r0001,r0006|r0012|r0001
86,20093,cloud_0,4,0.6,3,1,0,0.0,0.0,0.13419768872976012,0.13419768872976012,6.153961809962683,6.153961809962683,r0006|r0012|r0001,r0006|r0012|r0001
86,20093,cloud_0,4,1.0,3,1,0,0.0,0.0,0.13419768872976012,0.13419768872976012,6.153961809962683,6.153961809962683,r0006|r0012|r0001,r0006|r0012|r0001
86,20093,cloud_0,8,0.6,3,1,0,0.0,0.0,0.2483089541160174,0.2483089541160174,6.085617764603382,6.085617764603382,r0006|r0012|r0001,r0006|r0012|r0001
86,20093,cloud_0,8,1.0,3,1,0,0.0,0.0,0.2483089541160174,0.2483089541160174,6.085617764603382,6.085617764603382,r0006|r0012|r0001,r0006|r0012|r0001
87,20094,edge_4,1,0.6,3,1,0,0.0,0.0,0.04361368464524163,0.04361368464524163,7.484666729790154,7.484666729790154,r0001|r0014|r0016,r0001|r0014|r0016
87,20094,edge_4,1,1.0,3,1,0,0.0,-8.881784197001252e-16,0.04361368464524163,0.04361368464524163,7.484666729790154,7.484666729790155,r0001|r0014|r0016,r0001|r0014|r0016
87,20094,cloud_0,1,0.6,3,1,0,0.0,0.0,0.03393946294629984,0.03393946294629984,8.056836423098995,8.056836423098995,r0001|r0014|r0016,r0001|r0014|r0016
87,20094,cloud_0,1,1.0,3,1,0,0.0,0.0,0.03393946294629984,0.03393946294629984,8.056836423098995,8.056836423098995,r0001|r0014|r0016,r0001|r0014|r0016
87,20094,edge_4,2,0.6,3,1,0,0.0,0.0,0.07613371898292282,0.07613371898292282,7.373373351765899,7.373373351765899,r0001|r0014|r0016,r0001|r0014|r0016
87,20094,edge_4,2,1.0,3,1,0,0.0,0.0,0.07613371898292282,0.07613371898292282,7.373373351765899,7.373373351765899,r0001|r0014|r0016,r0001|r0014|r0016
87,20094,cloud_0,2,0.6,3,1,0,0.0,-8.881784197001252e-16,0.04596363849951746,0.04596363849951746,7.94350977070804,7.943509770708041,r0001|r0014|r0016,r0001|r0014|r0016
87,20094,cloud_0,2,1.0,3,1,0,0.0,0.0,0.04596363849951746,0.04596363849951746,7.94350977070804,7.94350977070804,r0001|r0014|r0016,r0001|r0014|r0016
87,20094,edge_4,4,0.6,3,1,0,0.0,0.0,0.14117378765828517,0.14117378765828517,7.281658349904091,7.281658349904091,r0001|r0014|r0016,r0001|r0014|r0016
87,20094,edge_4,4,1.0,3,1,0,0.0,0.0,0.14117378765828517,0.14117378765828517,7.281658349904091,7.281658349904091,r0001|r0014|r0016,r0001|r0014|r0016
87,20094,cloud_0,4,0.6,3,1,0,0.0,0.0,0.07001198960595276,0.07001198960595276,7.814543456410881,7.814543456410881,r0001|r0014|r0016,r0001|r0014|r0016
87,20094,cloud_0,4,1.0,3,1,0,0.0,0.0,0.07001198960595276,0.07001198960595276,7.814543456410881,7.814543456410881,r0001|r0014|r0016,r0001|r0014|r0016
87,20094,edge_4,8,0.6,3,1,0,0.0,8.881784197001252e-16,0.2712539250090099,0.2712539250090099,7.191933379938919,7.191933379938918,r0001|r0014|r0016,r0001|r0014|r0016
87,20094,edge_4,8,1.0,3,1,0,0.0,8.881784197001252e-16,0.2712539250090099,0.2712539250090099,7.191933379938919,7.191933379938918,r0001|r0014|r0016,r0001|r0014|r0016
87,20094,cloud_0,8,0.6,3,1,0,0.0,0.0,0.11810869181882327,0.11810869181882327,7.694363330107393,7.694363330107393,r0001|r0014|r0016,r0001|r0014|r0016
87,20094,cloud_0,8,1.0,3,1,0,0.0,0.0,0.11810869181882327,0.11810869181882327,7.694363330107393,7.694363330107393,r0001|r0014|r0016,r0001|r0014|r0016
88,20095,cloud_0,1,0.6,4,1,0,0.0,0.0,0.07197759473021831,0.07197759473021831,7.063262828678847,7.063262828678847,r0019|r0009|r0014|r0006,r0019|r0009|r0014|r0006
88,20095,cloud_0,1,1.0,4,1,0,0.0,0.0,0.07197759473021831,0.07197759473021831,7.063262828678847,7.063262828678847,r0019|r0009|r0014|r0006,r0019|r0009|r0014|r0006
88,20095,cloud_0,2,0.6,4,1,0,0.0,0.0,0.11286018046203534,0.11286018046203534,6.927819134148911,6.927819134148911,r0019|r0009|r0014|r0006,r0019|r0009|r0014|r0006
88,20095,cloud_0,2,1.0,4,1,0,0.0,0.0,0.11286018046203534,0.11286018046203534,6.927819134148911,6.927819134148911,r0019|r0009|r0014|r0006,r0019|r0009|r0014|r0006
88,20095,cloud_0,4,0.6,4,1,0,0.0,-8.881784197001252e-16,0.19462535192566946,0.19462535192566946,6.80527404974881,6.805274049748811,r0019|r0009|r0014|r0006,r0019|r0009|r0014|r0006
88,20095,cloud_0,4,1.0,4,1,0,0.0,0.0,0.19462535192566946,0.19462535192566946,6.80527404974881,6.80527404974881,r0019|r0009|r0014|r0006,r0019|r0009|r0014|r0006
88,20095,cloud_0,8,0.6,4,1,0,0.0,8.881784197001252e-16,0.35815569485293763,0.35815569485293763,6.709175336612892,6.7091753366128914,r0019|r0009|r0014|r0006,r0019|r0009|r0014|r0006
88,20095,cloud_0,8,1.0,4,1,0,0.0,0.0,0.35815569485293763,0.35815569485293763,6.709175336612892,6.709175336612892,r0019|r0009|r0014|r0006,r0019|r0009|r0014|r0006
89,20096,cloud_0,1,0.6,2,1,0,0.0,0.0,0.12478075408281263,0.12478075408281263,6.683791592474996,6.683791592474996,r0013|r0018,r0013|r0018
89,20096,cloud_0,1,1.0,2,1,0,0.0,0.0,0.12478075408281263,0.12478075408281263,6.683791592474996,6.683791592474996,r0013|r0018,r0013|r0018
89,20096,cloud_0,2,0.6,2,1,0,0.0,-8.881784197001252e-16,0.1504587745035904,0.1504587745035904,6.613914419232113,6.613914419232114,r0013|r0018,r0013|r0018
89,20096,cloud_0,2,1.0,2,1,0,0.0,0.0,0.1504587745035904,0.1504587745035904,6.613914419232113,6.613914419232113,r0013|r0018,r0013|r0018
89,20096,cloud_0,4,0.6,2,1,0,0.0,0.0,0.2018148153451459,0.2018148153451459,6.520556806241792,6.520556806241792,r0013|r0018,r0013|r0018
89,20096,cloud_0,4,1.0,2,1,0,0.0,8.881784197001252e-16,0.2018148153451459,0.2018148153451459,6.520556806241792,6.520556806241791,r0013|r0018,r0013|r0018
89,20096,cloud_0,8,0.6,2,1,0,0.0,0.0,0.304526897028257,0.304526897028257,6.41936955015381,6.41936955015381,r0013|r0018,r0013|r0018
89,20096,cloud_0,8,1.0,2,1,0,0.0,0.0,0.304526897028257,0.304526897028257,6.41936955015381,6.41936955015381,r0013|r0018,r0013|r0018
90,20097,cloud_0,1,0.6,3,1,0,0.0,0.0,0.15872441477758834,0.15872441477758834,6.770852364012964,6.770852364012964,r0021|r0016|r0020,r0021|r0016|r0020
90,20097,cloud_0,1,1.0,3,1,0,0.0,-8.881784197001252e-16,0.15872441477758834,0.15872441477758834,6.770852364012964,6.770852364012965,r0021|r0016|r0020,r0021|r0016|r0020
90,20097,cloud_0,2,0.6,3,1,0,0.0,0.0,0.24275899577020976,0.24275899577020976,6.646520026816937,6.646520026816937,r0021|r0016|r0020,r0021|r0016|r0020
90,20097,cloud_0,2,1.0,3,1,0,0.0,0.0,0.24275899577020976,0.24275899577020976,6.646520026816937,6.646520026816937,r0021|r0016|r0020,r0021|r0016|r0020
90,20097,cloud_0,4,0.6,3,1,0,0.0,0.0,0.4108281577554526,0.4108281577554526,6.5364669042284556,6.5364669042284556,r0021|r0016|r0020,r0021|r0016|r0020
90,20097,cloud_0,4,1.0,3,1,0,0.0,8.881784197001252e-16,0.4108281577554526,0.4108281577554526,6.5364669042284556,6.536466904228455,r0021|r0016|r0020,r0021|r0016|r0020
90,20097,cloud_0,8,0.6,3,1,0,0.0,0.0,0.7469664817259384,0.7469664817259384,6.456643258586911,6.456643258586911,r0021|r0016|r0020,r0021|r0016|r0020
90,20097,cloud_0,8,1.0,3,1,0,0.0,0.0,0.7469664817259384,0.7469664817259384,6.456643258586911,6.456643258586911,r0021|r0016|r0020,r0021|r0016|r0020
91,20098,cloud_0,1,0.6,3,1,0,0.0,-8.881784197001252e-16,0.0400800322443653,0.0400800322443653,6.863915325639519,6.86391532563952,r0017|r0005|r0018,r0017|r0005|r0018
91,20098,cloud_0,1,1.0,3,1,0,0.0,-8.881784197001252e-16,0.0400800322443653,0.0400800322443653,6.863915325639519,6.86391532563952,r0017|r0005|r0018,r0017|r0005|r0018
91,20098,cloud_0,2,0.6,3,1,0,0.0,8.881784197001252e-16,0.06721504312534628,0.06721504312534628,6.750731916692836,6.7507319166928355,r0017|r0005|r0018,r0017|r0005|r0018
91,20098,cloud_0,2,1.0,3,1,0,0.0,0.0,0.06721504312534628,0.06721504312534628,6.750731916692836,6.750731916692836,r0017|r0005|r0018,r0017|r0005|r0018
91,20098,cloud_0,4,0.6,3,1,0,0.0,0.0,0.12148506488730827,0.12148506488730827,6.666367551959278,6.666367551959278,r0017|r0005|r0018,r0017|r0005|r0018
91,20098,cloud_0,4,1.0,3,1,0,0.0,0.0,0.12148506488730827,0.12148506488730827,6.666367551959278,6.666367551959278,r0017|r0005|r0018,r0017|r0005|r0018
91,20098,cloud_0,8,0.6,3,1,0,0.0,8.881784197001252e-16,0.23002510841123225,0.23002510841123225,6.610506044297419,6.610506044297418,r0017|r0005|r0018,r0017|r0005|r0018
91,20098,cloud_0,8,1.0,3,1,0,0.0,0.0,0.23002510841123225,0.23002510841123225,6.610506044297419,6.610506044297419,r0017|r0005|r0018,r0017|r0005|r0018
92,20099,edge_1,1,0.6,5,1,0,0.0,8.881784197001252e-16,0.1268426276150256,0.1268426276150256,7.080543510954983,7.080543510954982,r0013|r0000|r0005|r0021|r0017,r0013|r0000|r0005|r0021|r0017
92,20099,edge_1,1,1.0,5,1,0,0.0,0.0,0.1268426276150256,0.1268426276150256,7.080543510954983,7.080543510954983,r0013|r0000|r0005|r0021|r0017,r0013|r0000|r0005|r0021|r0017
92,20099,edge_4,1,0.6,5,1,0,0.0,0.0,0.13598363798177776,0.13598363798177776,6.935724375879618,6.935724375879618,r0013|r0000|r0005|r0021|r0017,r0013|r0000|r0005|r0021|r0017
92,20099,edge_4,1,1.0,5,1,0,0.0,0.0,0.13598363798177776,0.13598363798177776,6.935724375879618,6.935724375879618,r0013|r0000|r0005|r0021|r0017,r0013|r0000|r0005|r0021|r0017
92,20099,edge_5,1,0.6,5,1,0,0.0,0.0,0.1530536412249709,0.1530536412249709,7.003255177221147,7.003255177221147,r0013|r0000|r0005|r0021|r0017,r0013|r0000|r0005|r0021|r0017
92,20099,edge_5,1,1.0,5,1,0,0.0,0.0,0.1530536412249709,0.1530536412249709,7.003255177221147,7.003255177221147,r0013|r0000|r0005|r0021|r0017,r0013|r0000|r0005|r0021|r0017
92,20099,cloud_0,1,0.6,5,1,0,0.0,0.0,0.08763916041075147,0.08763916041075147,7.351295502163258,7.351295502163258,r0013|r0000|r0005|r0021|r0017,r0013|r0000|r0005|r0021|r0017
92,20099,cloud_0,1,1.0,5,1,0,0.0,8.881784197001252e-16,0.08763916041075147,0.08763916041075147,7.351295502163258,7.351295502163257,r0013|r0000|r0005|r0021|r0017,r0013|r0000|r0005|r0021|r0017
92,20099,edge_1,2,0.6,5,1,0,0.0,0.0,0.17193320758043606,0.17193320758043606,6.967554000757545,6.967554000757545,r0013|r0000|r0005|r0021|r0017,r0013|r0000|r0005|r0021|r0017
92,20099,edge_1,2,1.0,5,1,0,0.0,0.0,0.17193320758043606,0.17193320758043606,6.967554000757545,6.967554000757545,r0013|r0000|r0005|r0021|r0017,r0013|r0000|r0005|r0021|r0017
92,20099,edge_4,2,0.6,5,1,0,0.0,0.0,0.21695765400018857,0.21695765400018857,6.793988575843348,6.793988575843348,r0013|r0000|r0005|r0021|r0017,r0013|r0000|r0005|r0021|r0017
92,20099,edge_4,2,1.0,5,1,0,0.0,0.0,0.21695765400018857,0.21695765400018857,6.793988575843348,6.793988575843348,r0013|r0000|r0005|r0021|r0017,r0013|r0000|r0005|r0021|r0017
92,20099,edge_5,2,0.6,5,1,0,0.0,-8.881784197001252e-16,0.22243576943335977,0.22243576943335977,6.871222978585506,6.871222978585507,r0013|r0000|r0005|r0021|r0017,r0013|r0000|r0005|r0021|r0017
92,20099,edge_5,2,1.0,5,1,0,0.0,-8.881784197001252e-16,0.22243576943335977,0.22243576943335977,6.871222978585506,6.871222978585507,r0013|r0000|r0005|r0021|r0017,r0013|r0000|r0005|r0021|r0017
92,20099,cloud_0,2,0.6,5,1,0,0.0,8.881784197001252e-16,0.12213007563722773,0.12213007563722773,7.232665489490807,7.232665489490806,r0013|r0000|r0005|r0021|r0017,r0013|r0000|r0005|r0021|r0017
92,20099,cloud_0,2,1.0,5,1,0,0.0,8.881784197001252e-16,0.12213007563722773,0.12213007563722773,7.232665489490807,7.232665489490806,r0013|r0000|r0005|r0021|r0017,r0013|r0000|r0005|r0021|r0017
92,20099,edge_1,4,0.6,5,1,0,0.0,0.0,0.26211436751125694,0.26211436751125694,6.828476827251094,6.828476827251094,r0013|r0000|r0005|r0021|r0017,r0013|r0000|r0005|r0021|r0017
92,20099,edge_1,4,1.0,5,1,0,0.0,0.0,0.26211436751125694,0.26211436751125694,6.828476827251094,6.828476827251094,r0013|r0000|r0005|r0021|r0017,r0013|r0000|r0005|r0021|r0017
92,20099,edge_4,4,0.6,5,1,0,0.0,-8.881784197001252e-16,0.3789056860370102,0.3789056860370102,6.661929861599072,6.661929861599073,r0013|r0000|r0005|r0021|r0017,r0013|r0000|r0005|r0021|r0017
92,20099,edge_4,4,1.0,5,1,0,0.0,-8.881784197001252e-16,0.3789056860370102,0.3789056860370102,6.661929861599072,6.661929861599073,r0013|r0000|r0005|r0021|r0017,r0013|r0000|r0005|r0021|r0017
92,20099,edge_5,4,0.6,5,1,0,0.0,0.0,0.36120002585013733,0.36120002585013733,6.725761364958932,6.725761364958932,r0013|r0000|r0005|r0021|r0017,r0013|r0000|r0005|r0021|r0017
92,20099,edge_5,4,1.0,5,1,0,0.0,0.0,0.36120002585013733,0.36120002585013733,6.725761364958932,6.725761364958932,r0013|r0000|r0005|r0021|r0017,r0013|r0000|r0005|r0021|r0017
92,20099,cloud_0,4,0.6,5,1,0,0.0,0.0,0.1911119060901802,0.1911119060901802,7.095111243487794,7.095111243487794,r0013|r0000|r0005|r0021|r0017,r0013|r0000|r0005|r0021|r0017
92,20099,cloud_0,4,1.0,5,1,0,0.0,0.0,0.1911119060901802,0.1911119060901802,7.095111243487794,7.095111243487794,r0013|r0000|r0005|r0021|r0017,r0013|r0000|r0005|r0021|r0017
92,20099,edge_1,8,0.6,5,1,0,0.0,0.0,0.4424766873728986,0.4424766873728986,6.688106157987795,6.688106157987795,r0013|r0000|r0005|r0021|r0017,r0013|r0000|r0005|r0021|r0017
92,20099,edge_1,8,1.0,5,1,0,0.0,0.0,0.4424766873728986,0.4424766873728986,6.688106157987795,6.688106157987795,r0013|r0000|r0005|r0021|r0017,r0013|r0000|r0005|r0021|r0017
92,20099,edge_4,8,0.6,5,1,0,0.0,0.0,0.7028017501106532,0.7028017501106532,6.549921170232673,6.549921170232673,r0013|r0000|r0005|r0021|r0017,r0013|r0000|r0005|r0021|r0017
92,20099,edge_4,8,1.0,5,1,0,0.0,0.0,0.7028017501106532,0.7028017501106532,6.549921170232673,6.549921170232673,r0013|r0000|r0005|r0021|r0017,r0013|r0000|r0005|r0021|r0017
92,20099,edge_5,8,0.6,5,1,0,0.0,0.0,0.6387285386836927,0.6387285386836927,6.587546431167584,6.587546431167584,r0013|r0000|r0005|r0021|r0017,r0013|r0000|r0005|r0021|r0017
92,20099,edge_5,8,1.0,5,1,0,0.0,0.0,0.6387285386836927,0.6387285386836927,6.587546431167584,6.587546431167584,r0013|r0000|r0005|r0021|r0017,r0013|r0000|r0005|r0021|r0017
92,20099,cloud_0,8,0.6,5,1,0,0.0,8.881784197001252e-16,0.32907556699608526,0.32907556699608526,6.966333491526747,6.966333491526746,r0013|r0000|r0005|r0021|r0017,r0013|r0000|r0005|r0021|r0017
92,20099,cloud_0,8,1.0,5,1,0,0.0,0.0,0.32907556699608526,0.32907556699608526,6.966333491526747,6.966333491526747,r0013|r0000|r0005|r0021|r0017,r0013|r0000|r0005|r0021|r0017
93,20100,edge_5,1,0.6,4,1,0,0.0,0.0,0.38584160446452775,0.38584160446452775,6.968315049480258,6.968315049480258,r0013|r0004|r0003|r0001,r0013|r0004|r0003|r0001
93,20100,edge_5,1,1.0,4,1,0,0.0,-8.881784197001252e-16,0.38584160446452775,0.38584160446452775,6.968315049480258,6.968315049480259,r0013|r0004|r0003|r0001,r0013|r0004|r0003|r0001
93,20100,cloud_0,1,0.6,4,1,0,0.0,0.0,0.24420745750506825,0.24420745750506825,7.295434682262377,7.295434682262377,r0013|r0004|r0003|r0001,r0013|r0004|r0003|r0001
93,20100,cloud_0,1,1.0,4,1,0,0.0,0.0,0.24420745750506825,0.24420745750506825,7.295434682262377,7.295434682262377,r0013|r0004|r0003|r0001,r0013|r0004|r0003|r0001
93,20100,edge_5,2,0.6,4,1,0,0.0,-8.881784197001252e-16,0.567773772019991,0.567773772019991,6.83328534424357,6.833285344243571,r0013|r0004|r0003|r0001,r0013|r0004|r0003|r0001
93,20100,edge_5,2,1.0,4,1,0,0.0,0.0,0.567773772019991,0.567773772019991,6.83328534424357,6.83328534424357,r0013|r0004|r0003|r0001,r0013|r0004|r0003|r0001
93,20100,cloud_0,2,0.6,4,1,0,0.0,0.0,0.3529983978513812,0.3529983978513812,7.167691147931972,7.167691147931972,r0013|r0004|r0003|r0001,r0013|r0004|r0003|r0001
93,20100,cloud_0,2,1.0,4,1,0,0.0,8.881784197001252e-16,0.3529983978513812,0.3529983978513812,7.167691147931972,7.167691147931971,r0013|r0004|r0003|r0001,r0013|r0004|r0003|r0001
93,20100,edge_5,4,0.6,4,1,0,0.0,0.0,0.9316381071309172,0.9316381071309172,6.692202708105837,6.692202708105837,r0013|r0004|r0003|r0001,r0013|r0004|r0003|r0001
93,20100,edge_5,4,1.0,4,1,0,0.0,0.0,0.9316381071309172,0.9316381071309172,6.692202708105837,6.692202708105837,r0013|r0004|r0003|r0001,r0013|r0004|r0003|r0001
93,20100,cloud_0,4,0.6,4,1,0,0.0,0.0,0.5705802785440073,0.5705802785440073,7.034192240124345,7.034192240124345,r0013|r0004|r0003|r0001,r0013|r0004|r0003|r0001
93,20100,cloud_0,4,1.0,4,1,0,0.0,-8.881784197001252e-16,0.5705802785440073,0.5705802785440073,7.034192240124345,7.034192240124346,r0013|r0004|r0003|r0001,r0013|r0004|r0003|r0001
93,20100,edge_5,8,0.6,4,1,0,0.0,0.0,1.65936677735277,1.65936677735277,6.564262433641774,6.564262433641774,r0013|r0004|r0003|r0001,r0013|r0004|r0003|r0001
93,20100,edge_5,8,1.0,4,1,0,0.0,0.0,1.65936677735277,1.65936677735277,6.564262433641774,6.564262433641774,r0013|r0004|r0003|r0001,r0013|r0004|r0003|r0001
93,20100,cloud_0,8,0.6,4,1,0,0.0,0.0,1.0057440399292592,1.0057440399292592,6.920420883985575,6.920420883985575,r0013|r0004|r0003|r0001,r0013|r0004|r0003|r0001
93,20100,cloud_0,8,1.0,4,1,0,0.0,8.881784197001252e-16,1.0057440399292592,1.0057440399292592,6.920420883985575,6.9204208839855745,r0013|r0004|r0003|r0001,r0013|r0004|r0003|r0001
94,20101,edge_4,1,0.6,7,1,0,0.0,-8.881784197001252e-16,1.1767902983195557,1.1767902983195557,6.0343610128678495,6.03436101286785,r0004|r0010|r0015|r0007|r0018|r0000|r0002,r0004|r0010|r0015|r0007|r0018|r0000|r0002
94,20101,edge_4,1,1.0,7,1,0,0.0,0.0,1.1767902983195557,1.1767902983195557,6.0343610128678495,6.0343610128678495,r0004|r0010|r0015|r0007|r0018|r0000|r0002,r0004|r0010|r0015|r0007|r0018|r0000|r0002
94,20101,cloud_0,1,0.6,7,1,0,0.0,-8.881784197001252e-16,0.7231394618332361,0.7231394618332361,6.501342081975336,6.501342081975337,r0004|r0010|r0015|r0007|r0018|r0000|r0002,r0004|r0010|r0015|r0007|r0018|r0000|r0002
94,20101,cloud_0,1,1.0,7,1,0,0.0,-8.881784197001252e-16,0.7231394618332361,0.7231394618332361,6.501342081975336,6.501342081975337,r0004|r0010|r0015|r0007|r0018|r0000|r0002,r0004|r0010|r0015|r0007|r0018|r0000|r0002
94,20101,edge_4,2,0.6,7,1,0,0.0,8.881784197001252e-16,2.2062207031782632,2.2062207031782632,5.893379172247945,5.893379172247944,r0004|r0010|r0015|r0007|r0018|r0000|r0002,r0004|r0010|r0015|r0007|r0018|r0000|r0002
94,20101,edge_4,2,1.0,7,1,0,0.0,0.0,2.2062207031782632,2.2062207031782632,5.893379172247945,5.893379172247945,r0004|r0010|r0015|r0007|r0018|r0000|r0002,r0004|r0010|r0015|r0007|r0018|r0000|r0002
94,20101,cloud_0,2,0.6,7,1,0,0.0,-8.881784197001252e-16,1.3941508637761724,1.3941508637761724,6.426989943712252,6.426989943712253,r0004|r0010|r0015|r0007|r0018|r0000|r0002,r0004|r0010|r0015|r0007|r0018|r0000|r0002
94,20101,cloud_0,2,1.0,7,1,0,0.0,0.0,1.3941508637761724,1.3941508637761724,6.426989943712252,6.426989943712252,r0004|r0010|r0015|r0007|r0018|r0000|r0002,r0004|r0010|r0015|r0007|r0018|r0000|r0002
94,20101,edge_4,4,0.6,7,1,0,0.0,0.0,4.165379379596233,4.165379379596233,5.7296905820625526,5.7296905820625526,r0004|r0010|r0015|r0007|r0018|r0000|r0002,r0004|r0010|r0015|r0007|r0018|r0000|r0002
94,20101,edge_4,4,1.0,7,1,0,0.0,0.0,4.165379379596233,4.165379379596233,5.7296905820625526,5.7296905820625526,r0004|r0010|r0015|r0007|r0018|r0000|r0002,r0004|r0010|r0015|r0007|r0018|r0000|r0002
94,20101,cloud_0,4,0.6,7,1,0,0.0,0.0,2.736173667662045,2.736173667662045,6.357220591932707,6.357220591932707,r0004|r0010|r0015|r0007|r0018|r0000|r0002,r0004|r0010|r0015|r0007|r0018|r0000|r0002
94,20101,cloud_0,4,1.0,7,1,0,0.0,0.0,2.736173667662045,2.736173667662045,6.357220591932707,6.357220591932707,r0004|r0010|r0015|r0007|r0018|r0000|r0002,r0004|r0010|r0015|r0007|r0018|r0000|r0002
94,20101,edge_4,8,0.6,7,1,0,0.0,-8.881784197001252e-16,5.213031781468265,5.213031781468265,5.486757676710196,5.486757676710197,r0004|r0010|r0015|r0007|r0018|r0000|r0002,r0004|r0010|r0015|r0007|r0018|r0000|r0002
94,20101,edge_4,8,1.0,7,1,0,0.0,-1.7763568394002505e-15,5.213031781468265,5.213031781468265,5.486757676710196,5.486757676710198,r0004|r0010|r0015|r0007|r0018|r0000|r0002,r0004|r0010|r0015|r0007|r0018|r0000|r0002
94,20101,cloud_0,8,0.6,7,1,0,0.0,0.0,5.230073565758902,5.230073565758902,6.240987686496078,6.240987686496078,r0004|r0010|r0015|r0007|r0018|r0000|r0002,r0004|r0010|r0015|r0007|r0018|r0000|r0002
94,20101,cloud_0,8,1.0,7,1,0,0.0,1.7763568394002505e-15,5.230073565758902,5.230073565758902,6.240987686496078,6.2409876864960765,r0004|r0010|r0015|r0007|r0018|r0000|r0002,r0004|r0010|r0015|r0007|r0018|r0000|r0002
95,20102,edge_2,1,0.6,4,1,0,0.0,-8.881784197001252e-16,0.05653528837534934,0.05653528837534934,6.841254777883337,6.8412547778833375,r0009|r0013|r0004|r0011,r0009|r0013|r0004|r0011
95,20102,edge_2,1,1.0,4,1,0,0.0,0.0,0.05653528837534934,0.05653528837534934,6.841254777883337,6.841254777883337,r0009|r0013|r0004|r0011,r0009|r0013|r0004|r0011
95,20102,edge_3,1,0.6,4,1,0,0.0,0.0,0.062297068090499556,0.062297068090499556,6.99751624794152,6.99751624794152,r0009|r0013|r0004|r0011,r0009|r0013|r0004|r0011
95,20102,edge_3,1,1.0,4,1,0,0.0,0.0,0.062297068090499556,0.062297068090499556,6.99751624794152,6.99751624794152,r0009|r0013|r0004|r0011,r0009|r0013|r0004|r0011
95,20102,cloud_0,1,0.6,4,1,0,0.0,8.881784197001252e-16,0.047183989293641274,0.047183989293641274,7.373562467008915,7.373562467008914,r0009|r0013|r0004|r0011,r0009|r0013|r0004|r0011
95,20102,cloud_0,1,1.0,4,1,0,0.0,0.0,0.047183989293641274,0.047183989293641274,7.373562467008915,7.373562467008915,r0009|r0013|r0004|r0011,r0009|r0013|r0004|r0011
95,20102,edge_2,2,0.6,4,1,0,0.0,-8.881784197001252e-16,0.09699911690073804,0.09699911690073804,6.714982472361795,6.714982472361796,r0009|r0013|r0004|r0011,r0009|r0013|r0004|r0011
95,20102,edge_2,2,1.0,4,1,0,0.0,-8.881784197001252e-16,0.09699911690073804,0.09699911690073804,6.714982472361795,6.714982472361796,r0009|r0013|r0004|r0011,r0009|r0013|r0004|r0011
95,20102,edge_3,2,0.6,4,1,0,0.0,0.0,0.09284737068848692,0.09284737068848692,6.861624308259949,6.861624308259949,r0009|r0013|r0004|r0011,r0009|r0013|r0004|r0011
95,20102,edge_3,2,1.0,4,1,0,0.0,0.0,0.09284737068848692,0.09284737068848692,6.861624308259949,6.861624308259949,r0009|r0013|r0004|r0011,r0009|r0013|r0004|r0011
95,20102,cloud_0,2,0.6,4,1,0,0.0,0.0,0.0667069828288388,0.0667069828288388,7.249303136392604,7.249303136392604,r0009|r0013|r0004|r0011,r0009|r0013|r0004|r0011
95,20102,cloud_0,2,1.0,4,1,0,0.0,0.0,0.0667069828288388,0.0667069828288388,7.249303136392604,7.249303136392604,r0009|r0013|r0004|r0011,r0009|r0013|r0004|r0011
95,20102,edge_2,4,0.6,4,1,0,0.0,0.0,0.17792677395151543,0.17792677395151543,6.612660673701624,6.612660673701624,r0009|r0013|r0004|r0011,r0009|r0013|r0004|r0011
95,20102,edge_2,4,1.0,4,1,0,0.0,0.0,0.17792677395151543,0.17792677395151543,6.612660673701624,6.612660673701624,r0009|r0013|r0004|r0011,r0009|r0013|r0004|r0011
95,20102,edge_3,4,0.6,4,1,0,0.0,-8.881784197001252e-16,0.15394797588446163,0.15394797588446163,6.723468612153172,6.723468612153173,r0009|r0013|r0004|r0011,r0009|r0013|r0004|r0011
95,20102,edge_3,4,1.0,4,1,0,0.0,-8.881784197001252e-16,0.15394797588446163,0.15394797588446163,6.723468612153172,6.723468612153173,r0009|r0013|r0004|r0011,r0009|r0013|r0004|r0011
95,20102,cloud_0,4,0.6,4,1,0,0.0,0.0,0.10575296989923386,0.10575296989923386,7.11347308754962,7.11347308754962,r0009|r0013|r0004|r0011,r0009|r0013|r0004|r0011
95,20102,cloud_0,4,1.0,4,1,0,0.0,0.0,0.10575296989923386,0.10575296989923386,7.11347308754962,7.11347308754962,r0009|r0013|r0004|r0011,r0009|r0013|r0004|r0011
95,20102,edge_2,8,0.6,4,1,0,0.0,0.0,0.3397820880530702,0.3397820880530702,6.525620650732148,6.525620650732148,r0009|r0013|r0004|r0011,r0009|r0013|r0004|r0011
95,20102,edge_2,8,1.0,4,1,0,0.0,-8.881784197001252e-16,0.3397820880530702,0.3397820880530702,6.525620650732148,6.525620650732149,r0009|r0013|r0004|r0011,r0009|r0013|r0004|r0011
95,20102,edge_3,8,0.6,4,1,0,0.0,0.0,0.276149186276411,0.276149186276411,6.601438771090184,6.601438771090184,r0009|r0013|r0004|r0011,r0009|r0013|r0004|r0011
95,20102,edge_3,8,1.0,4,1,0,0.0,0.0,0.276149186276411,0.276149186276411,6.601438771090184,6.601438771090184,r0009|r0013|r0004|r0011,r0009|r0013|r0004|r0011
95,20102,cloud_0,8,0.6,4,1,0,0.0,0.0,0.18384494404002397,0.18384494404002397,6.992326042163139,6.992326042163139,r0009|r0013|r0004|r0011,r0009|r0013|r0004|r0011
95,20102,cloud_0,8,1.0,4,1,0,0.0,0.0,0.18384494404002397,0.18384494404002397,6.992326042163139,6.992326042163139,r0009|r0013|r0004|r0011,r0009|r0013|r0004|r0011
96,20103,edge_2,1,0.6,7,1,0,0.0,0.0,0.3016015249558365,0.3016015249558365,7.373118245418541,7.373118245418541,r0004|r0002|r0015|r0001|r0005|r0023|r0016,r0004|r0002|r0015|r0001|r0005|r0023|r0016
96,20103,edge_2,1,1.0,7,1,0,0.0,8.881784197001252e-16,0.3016015249558365,0.3016015249558365,7.373118245418541,7.37311824541854,r0004|r0002|r0015|r0001|r0005|r0023|r0016,r0004|r0002|r0015|r0001|r0005|r0023|r0016
96,20103,cloud_0,1,0.6,7,1,0,0.0,-8.881784197001252e-16,0.13841442939387963,0.13841442939387963,7.441886555790669,7.44188655579067,r0004|r0002|r0015|r0001|r0005|r0023|r0016,r0004|r0002|r0015|r0001|r0005|r0023|r0016
96,20103,cloud_0,1,1.0,7,1,0,0.0,0.0,0.13841442939387963,0.13841442939387963,7.441886555790669,7.441886555790669,r0004|r0002|r0015|r0001|r0005|r0023|r0016,r0004|r0002|r0015|r0001|r0005|r0023|r0016
96,20103,edge_2,2,0.6,7,1,0,0.0,0.0,0.4530401481251,0.4530401481251,7.235551203282034,7.235551203282034,r0004|r0002|r0015|r0001|r0005|r0023|r0016,r0004|r0002|r0015|r0001|r0005|r0023|r0016
96,20103,edge_2,2,1.0,7,1,0,0.0,0.0,0.4530401481251,0.4530401481251,7.235551203282034,7.235551203282034,r0004|r0002|r0015|r0001|r0005|r0023|r0016,r0004|r0002|r0015|r0001|r0005|r0023|r0016
96,20103,cloud_0,2,0.6,7,1,0,0.0,0.0,0.2319809807324274,0.2319809807324274,7.303743241357066,7.303743241357066,r0004|r0002|r0015|r0001|r0005|r0023|r0016,r0004|r0002|r0015|r0001|r0005|r0023|r0016
96,20103,cloud_0,2,1.0,7,1,0,0.0,0.0,0.2319809807324274,0.2319809807324274,7.303743241357066,7.303743241357066,r0004|r0002|r0015|r0001|r0005|r0023|r0016,r0004|r0002|r0015|r0001|r0005|r0023|r0016
96,20103,edge_2,4,0.6,7,1,0,0.0,8.881784197001252e-16,0.7559173944636273,0.7559173944636273,7.079875506159066,7.079875506159065,r0004|r0002|r0015|r0001|r0005|r0023|r0016,r0004|r0002|r0015|r0001|r0005|r0023|r0016
96,20103,edge_2,4,1.0,7,1,0,0.0,0.0,0.7559173944636273,0.7559173944636273,7.079875506159066,7.079875506159066,r0004|r0002|r0015|r0001|r0005|r0023|r0016,r0004|r0002|r0015|r0001|r0005|r0023|r0016
96,20103,cloud_0,4,0.6,7,1,0,0.0,0.0,0.4191140834095231,0.4191140834095231,7.183270705700252,7.183270705700252,r0004|r0002|r0015|r0001|r0005|r0023|r0016,r0004|r0002|r0015|r0001|r0005|r0023|r0016
96,20103,cloud_0,4,1.0,7,1,0,0.0,0.0,0.4191140834095231,0.4191140834095231,7.183270705700252,7.183270705700252,r0004|r0002|r0015|r0001|r0005|r0023|r0016,r0004|r0002|r0015|r0001|r0005|r0023|r0016
96,20103,edge_2,8,0.6,7,1,0,0.0,0.0,1.3616718871406817,1.3616718871406817,6.921103794970313,6.921103794970313,r0004|r0002|r0015|r0001|r0005|r0023|r0016,r0004|r0002|r0015|r0001|r0005|r0023|r0016
96,20103,edge_2,8,1.0,7,1,0,0.0,0.0,1.3616718871406817,1.3616718871406817,6.921103794970313,6.921103794970313,r0004|r0002|r0015|r0001|r0005|r0023|r0016,r0004|r0002|r0015|r0001|r0005|r0023|r0016
96,20103,cloud_0,8,0.6,7,1,0,0.0,0.0,0.7933802887637141,0.7933802887637141,7.088211476057855,7.088211476057855,r0004|r0002|r0015|r0001|r0005|r0023|r0016,r0004|r0002|r0015|r0001|r0005|r0023|r0016
96,20103,cloud_0,8,1.0,7,1,0,0.0,0.0,0.7933802887637141,0.7933802887637141,7.088211476057855,7.088211476057855,r0004|r0002|r0015|r0001|r0005|r0023|r0016,r0004|r0002|r0015|r0001|r0005|r0023|r0016
97,20104,edge_5,1,0.6,5,1,0,0.0,0.0,0.5257619098743093,0.5257619098743093,7.019458882649935,7.019458882649935,r0017|r0002|r0012|r0015|r0019,r0017|r0002|r0012|r0015|r0019
97,20104,edge_5,1,1.0,5,1,0,0.0,0.0,0.5257619098743093,0.5257619098743093,7.019458882649935,7.019458882649935,r0017|r0002|r0012|r0015|r0019,r0017|r0002|r0012|r0015|r0019
97,20104,cloud_0,1,0.6,5,1,0,0.0,-8.881784197001252e-16,0.3753329849552601,0.3753329849552601,7.302959389237755,7.302959389237756,r0017|r0002|r0012|r0015|r0019,r0017|r0002|r0012|r0015|r0019
97,20104,cloud_0,1,1.0,5,1,0,0.0,0.0,0.3753329849552601,0.3753329849552601,7.302959389237755,7.302959389237755,r0017|r0002|r0012|r0015|r0019,r0017|r0002|r0012|r0015|r0019
97,20104,edge_5,2,0.6,5,1,0,0.0,0.0,0.8361039376904985,0.8361039376904985,6.878602905521197,6.878602905521197,r0017|r0002|r0012|r0015|r0019,r0017|r0002|r0012|r0015|r0019
97,20104,edge_5,2,1.0,5,1,0,0.0,0.0,0.8361039376904985,0.8361039376904985,6.878602905521197,6.878602905521197,r0017|r0002|r0012|r0015|r0019,r0017|r0002|r0012|r0015|r0019
97,20104,cloud_0,2,0.6,5,1,0,0.0,0.0,0.6194228750218246,0.6194228750218246,7.16686172485442,7.16686172485442,r0017|r0002|r0012|r0015|r0019,r0017|r0002|r0012|r0015|r0019
97,20104,cloud_0,2,1.0,5,1,0,0.0,0.0,0.6194228750218246,0.6194228750218246,7.16686172485442,7.16686172485442,r0017|r0002|r0012|r0015|r0019,r0017|r0002|r0012|r0015|r0019
97,20104,edge_5,4,0.6,5,1,0,0.0,0.0,1.4567879933228773,1.4567879933228773,6.747536693698446,6.747536693698446,r0017|r0002|r0012|r0015|r0019,r0017|r0002|r0012|r0015|r0019
97,20104,edge_5,4,1.0,5,1,0,0.0,-8.881784197001252e-16,1.4567879933228773,1.4567879933228773,6.747536693698446,6.747536693698447,r0017|r0002|r0012|r0015|r0019,r0017|r0002|r0012|r0015|r0019
97,20104,cloud_0,4,0.6,5,1,0,0.0,0.0,1.1076026551549532,1.1076026551549532,7.051519444092988,7.051519444092988,r0017|r0002|r0012|r0015|r0019,r0017|r0002|r0012|r0015|r0019
97,20104,cloud_0,4,1.0,5,1,0,0.0,0.0,1.1076026551549532,1.1076026551549532,7.051519444092988,7.051519444092988,r0017|r0002|r0012|r0015|r0019,r0017|r0002|r0012|r0015|r0019
97,20104,edge_5,8,0.6,5,1,0,0.0,-8.881784197001252e-16,2.6981561045876346,2.6981561045876346,6.638154034973241,6.638154034973242,r0017|r0002|r0012|r0015|r0019,r0017|r0002|r0012|r0015|r0019
97,20104,edge_5,8,1.0,5,1,0,0.0,-8.881784197001252e-16,2.6981561045876346,2.6981561045876346,6.638154034973241,6.638154034973242,r0017|r0002|r0012|r0015|r0019,r0017|r0002|r0012|r0015|r0019
97,20104,cloud_0,8,0.6,5,1,0,0.0,0.0,2.0839622154212103,2.0839622154212103,6.963845734289743,6.963845734289743,r0017|r0002|r0012|r0015|r0019,r0017|r0002|r0012|r0015|r0019
97,20104,cloud_0,8,1.0,5,1,0,0.0,0.0,2.0839622154212103,2.0839622154212103,6.963845734289743,6.963845734289743,r0017|r0002|r0012|r0015|r0019,r0017|r0002|r0012|r0015|r0019
98,20105,edge_0,1,0.6,5,1,0,0.0,0.0,0.3184409889170093,0.3184409889170093,7.043075716633096,7.043075716633096,r0006|r0015|r0017|r0021|r0007,r0006|r0015|r0017|r0021|r0007
98,20105,edge_0,1,1.0,5,1,0,0.0,0.0,0.3184409889170093,0.3184409889170093,7.043075716633096,7.043075716633096,r0006|r0015|r0017|r0021|r0007,r0006|r0015|r0017|r0021|r0007
98,20105,cloud_0,1,0.6,5,1,0,0.0,0.0,0.13861319199051997,0.13861319199051997,7.155661749322264,7.155661749322264,r0006|r0015|r0017|r0021|r0007,r0006|r0015|r0017|r0021|r0007
98,20105,cloud_0,1,1.0,5,1,0,0.0,0.0,0.13861319199051997,0.13861319199051997,7.155661749322264,7.155661749322264,r0006|r0015|r0017|r0021|r0007,r0006|r0015|r0017|r0021|r0007
98,20105,edge_0,2,0.6,5,1,0,0.0,0.0,0.5508171528421638,0.5508171528421638,6.899033065610332,6.899033065610332,r0006|r0015|r0017|r0021|r0007,r0006|r0015|r0017|r0021|r0007
98,20105,edge_0,2,1.0,5,1,0,0.0,0.0,0.5508171528421638,0.5508171528421638,6.899033065610332,6.899033065610332,r0006|r0015|r0017|r0021|r0007,r0006|r0015|r0017|r0021|r0007
98,20105,cloud_0,2,0.6,5,1,0,0.0,0.0,0.25268472599209774,0.25268472599209774,7.048172780442575,7.048172780442575,r0006|r0015|r0017|r0021|r0007,r0006|r0015|r0017|r0021|r0007
98,20105,cloud_0,2,1.0,5,1,0,0.0,0.0,0.25268472599209774,0.25268472599209774,7.048172780442575,7.048172780442575,r0006|r0015|r0017|r0021|r0007,r0006|r0015|r0017|r0021|r0007
98,20105,edge_0,4,0.6,5,1,0,0.0,0.0,1.0155694806924729,1.0155694806924729,6.76540463235894,6.76540463235894,r0006|r0015|r0017|r0021|r0007,r0006|r0015|r0017|r0021|r0007
98,20105,edge_0,4,1.0,5,1,0,0.0,-8.881784197001252e-16,1.0155694806924729,1.0155694806924729,6.76540463235894,6.7654046323589405,r0006|r0015|r0017|r0021|r0007,r0006|r0015|r0017|r0021|r0007
98,20105,cloud_0,4,0.6,5,1,0,0.0,0.0,0.4808277939952533,0.4808277939952533,6.964673212552519,6.964673212552519,r0006|r0015|r0017|r0021|r0007,r0006|r0015|r0017|r0021|r0007
98,20105,cloud_0,4,1.0,5,1,0,0.0,0.0,0.4808277939952533,0.4808277939952533,6.964673212552519,6.964673212552519,r0006|r0015|r0017|r0021|r0007,r0006|r0015|r0017|r0021|r0007
98,20105,edge_0,8,0.6,5,1,0,0.0,0.0,1.945074136393091,1.945074136393091,6.620848376403894,6.620848376403894,r0006|r0015|r0017|r0021|r0007,r0006|r0015|r0017|r0021|r0007
98,20105,edge_0,8,1.0,5,1,0,0.0,-8.881784197001252e-16,1.945074136393091,1.945074136393091,6.620848376403894,6.620848376403895,r0006|r0015|r0017|r0021|r0007,r0006|r0015|r0017|r0021|r0007
98,20105,cloud_0,8,0.6,5,1,0,0.0,0.0,0.9371139300015644,0.9371139300015644,6.886719492927642,6.886719492927642,r0006|r0015|r0017|r0021|r0007,r0006|r0015|r0017|r0021|r0007
98,20105,cloud_0,8,1.0,5,1,0,0.0,8.881784197001252e-16,0.9371139300015644,0.9371139300015644,6.886719492927642,6.886719492927641,r0006|r0015|r0017|r0021|r0007,r0006|r0015|r0017|r0021|r0007
99,20106,cloud_0,1,0.6,3,1,0,0.0,-8.881784197001252e-16,0.19113675538094377,0.19113675538094377,7.661467243321271,7.661467243321272,r0020|r0017|r0006,r0020|r0017|r0006
99,20106,cloud_0,1,1.0,3,1,0,0.0,-8.881784197001252e-16,0.19113675538094377,0.19113675538094377,7.661467243321271,7.661467243321272,r0020|r0017|r0006,r0020|r0017|r0006
99,20106,cloud_0,2,0.6,3,1,0,0.0,0.0,0.3339684476215008,0.3339684476215008,7.557335413599068,7.557335413599068,r0020|r0017|r0006,r0020|r0017|r0006
99,20106,cloud_0,2,1.0,3,1,0,0.0,-8.881784197001252e-16,0.3339684476215008,0.3339684476215008,7.557335413599068,7.557335413599069,r0020|r0017|r0006,r0020|r0017|r0006
99,20106,cloud_0,4,0.6,4,1,0,0.0,0.0,1.3745238244473041,1.3745238244473041,7.479960812284554,7.479960812284554,r0020|r0017|r0015|r0006,r0020|r0017|r0015|r0006
99,20106,cloud_0,4,1.0,4,1,0,0.0,8.881784197001252e-16,1.3745238244473041,1.3745238244473041,7.479960812284554,7.479960812284553,r0020|r0017|r0015|r0006,r0020|r0017|r0015|r0006
99,20106,cloud_0,8,0.6,3,1,0,0.0,-1.7763568394002505e-15,1.1909586010648427,1.1909586010648427,7.417239410007383,7.417239410007385,r0020|r0017|r0006,r0020|r0017|r0006
99,20106,cloud_0,8,1.0,3,1,0,0.0,-8.881784197001252e-16,1.1909586010648427,1.1909586010648427,7.417239410007383,7.417239410007384,r0020|r0017|r0006,r0020|r0017|r0006
