sample,sample_seed,beta,num_actions,base_action,selected_action,action_changed,base_node,selected_node,node_changed,base_group,selected_group,group_changed,base_risk_ms,selected_risk_ms,risk_reduction_ms,risk_improved,base_latency_lb_ms,selected_latency_lb_ms,latency_lb_delta_ms,base_next_match_rate,selected_next_match_rate,next_match_gain,mean_effective_handover_probability
0,92001,0.0,8,1,1,0,cloud_0,cloud_0,0,1,1,0,15.232163708002416,15.232163708002416,0.0,0,74.71618469334874,74.71618469334874,0.0,0.0,0.0,0.0,0.010680281779393333
0,92001,0.25,8,1,0,1,cloud_0,edge_5,1,1,1,0,15.232163708002416,2.0006889404856394,13.231474767516776,1,74.71618469334874,18.04762355079066,-56.668561142558076,0.0,0.0,0.0,0.010680281779393333
0,92001,0.5,8,1,0,1,cloud_0,edge_5,1,1,1,0,15.232163708002416,2.0006889404856394,13.231474767516776,1,74.71618469334874,18.04762355079066,-56.668561142558076,0.0,0.0,0.0,0.010680281779393333
0,92001,1.0,8,1,0,1,cloud_0,edge_5,1,1,1,0,15.232163708002416,2.0006889404856394,13.231474767516776,1,74.71618469334874,18.04762355079066,-56.668561142558076,0.0,0.0,0.0,0.010680281779393333
0,92001,2.0,8,1,0,1,cloud_0,edge_5,1,1,1,0,15.232163708002416,2.0006889404856394,13.231474767516776,1,74.71618469334874,18.04762355079066,-56.668561142558076,0.0,0.0,0.0,0.010680281779393333
0,92001,4.0,8,1,0,1,cloud_0,edge_5,1,1,1,0,15.232163708002416,2.0006889404856394,13.231474767516776,1,74.71618469334874,18.04762355079066,-56.668561142558076,0.0,0.0,0.0,0.010680281779393333
0,92001,8.0,8,1,0,1,cloud_0,edge_5,1,1,1,0,15.232163708002416,2.0006889404856394,13.231474767516776,1,74.71618469334874,18.04762355079066,-56.668561142558076,0.0,0.0,0.0,0.010680281779393333
1,92002,0.0,4,0,0,0,cloud_0,cloud_0,0,1,1,0,14.530552564666744,14.530552564666744,0.0,0,52.70063011869182,52.70063011869182,0.0,0.0,0.0,0.0,0.004560382478706831
1,92002,0.25,4,0,0,0,cloud_0,cloud_0,0,1,1,0,14.530552564666744,14.530552564666744,0.0,0,52.70063011869182,52.70063011869182,0.0,0.0,0.0,0.0,0.004560382478706831
1,92002,0.5,4,0,0,0,cloud_0,cloud_0,0,1,1,0,14.530552564666744,14.530552564666744,0.0,0,52.70063011869182,52.70063011869182,0.0,0.0,0.0,0.0,0.004560382478706831
1,92002,1.0,4,0,0,0,cloud_0,cloud_0,0,1,1,0,14.530552564666744,14.530552564666744,0.0,0,52.70063011869182,52.70063011869182,0.0,0.0,0.0,0.0,0.004560382478706831
1,92002,2.0,4,0,0,0,cloud_0,cloud_0,0,1,1,0,14.530552564666744,14.530552564666744,0.0,0,52.70063011869182,52.70063011869182,0.0,0.0,0.0,0.0,0.004560382478706831
1,92002,4.0,4,0,0,0,cloud_0,cloud_0,0,1,1,0,14.530552564666744,14.530552564666744,0.0,0,52.70063011869182,52.70063011869182,0.0,0.0,0.0,0.0,0.004560382478706831
1,92002,8.0,4,0,0,0,cloud_0,cloud_0,0,1,1,0,14.530552564666744,14.530552564666744,0.0,0,52.70063011869182,52.70063011869182,0.0,0.0,0.0,0.0,0.004560382478706831
2,92003,0.0,4,0,0,0,cloud_0,cloud_0,0,1,1,0,16.765871246647823,16.765871246647823,0.0,0,86.49543167028469,86.49543167028469,0.0,0.0,0.0,0.0,0.08871649500190656
2,92003,0.25,4,0,0,0,cloud_0,cloud_0,0,1,1,0,16.765871246647823,16.765871246647823,0.0,0,86.49543167028469,86.49543167028469,0.0,0.0,0.0,0.0,0.08871649500190656
2,92003,0.5,4,0,0,0,cloud_0,cloud_0,0,1,1,0,16.765871246647823,16.765871246647823,0.0,0,86.49543167028469,86.49543167028469,0.0,0.0,0.0,0.0,0.08871649500190656
2,92003,1.0,4,0,0,0,cloud_0,cloud_0,0,1,1,0,16.765871246647823,16.765871246647823,0.0,0,86.49543167028469,86.49543167028469,0.0,0.0,0.0,0.0,0.08871649500190656
2,92003,2.0,4,0,0,0,cloud_0,cloud_0,0,1,1,0,16.765871246647823,16.765871246647823,0.0,0,86.49543167028469,86.49543167028469,0.0,0.0,0.0,0.0,0.08871649500190656
2,92003,4.0,4,0,0,0,cloud_0,cloud_0,0,1,1,0,16.765871246647823,16.765871246647823,0.0,0,86.49543167028469,86.49543167028469,0.0,0.0,0.0,0.0,0.08871649500190656
2,92003,8.0,4,0,0,0,cloud_0,cloud_0,0,1,1,0,16.765871246647823,16.765871246647823,0.0,0,86.49543167028469,86.49543167028469,0.0,0.0,0.0,0.0,0.08871649500190656
3,92004,0.0,10,0,0,0,cloud_0,cloud_0,0,1,1,0,12.736950980609697,12.736950980609697,0.0,0,53.47369233245573,53.47369233245573,0.0,0.0,0.0,0.0,0.09286072697608487
3,92004,0.25,10,0,2,1,cloud_0,edge_4,1,1,1,0,12.736950980609697,4.03601340452712,8.700937576082577,1,53.47369233245573,138.59118768104176,85.11749534858603,0.0,0.14285714285714285,0.14285714285714285,0.09286072697608487
3,92004,0.5,10,0,2,1,cloud_0,edge_4,1,1,1,0,12.736950980609697,4.03601340452712,8.700937576082577,1,53.47369233245573,138.59118768104176,85.11749534858603,0.0,0.14285714285714285,0.14285714285714285,0.09286072697608487
3,92004,1.0,10,0,1,1,cloud_0,edge_1,1,1,1,0,12.736950980609697,1.8830278618800922,10.853923118729604,1,53.47369233245573,118.43867876661244,64.96498643415671,0.0,0.42857142857142855,0.42857142857142855,0.09286072697608487
3,92004,2.0,10,0,1,1,cloud_0,edge_1,1,1,1,0,12.736950980609697,1.8830278618800922,10.853923118729604,1,53.47369233245573,118.43867876661244,64.96498643415671,0.0,0.42857142857142855,0.42857142857142855,0.09286072697608487
3,92004,4.0,10,0,1,1,cloud_0,edge_1,1,1,1,0,12.736950980609697,1.8830278618800922,10.853923118729604,1,53.47369233245573,118.43867876661244,64.96498643415671,0.0,0.42857142857142855,0.42857142857142855,0.09286072697608487
3,92004,8.0,10,0,1,1,cloud_0,edge_1,1,1,1,0,12.736950980609697,1.8830278618800922,10.853923118729604,1,53.47369233245573,118.43867876661244,64.96498643415671,0.0,0.42857142857142855,0.42857142857142855,0.09286072697608487
4,92005,0.0,6,0,0,0,cloud_0,cloud_0,0,1,1,0,21.4894220652381,21.4894220652381,0.0,0,38.8846220002914,38.8846220002914,0.0,0.0,0.0,0.0,0.014709361038192606
4,92005,0.25,6,0,1,1,cloud_0,edge_3,1,1,1,0,21.4894220652381,2.7666768132542625,18.722745251983838,1,38.8846220002914,48.541508360951916,9.656886360660515,0.0,0.25,0.25,0.014709361038192606
4,92005,0.5,6,0,1,1,cloud_0,edge_3,1,1,1,0,21.4894220652381,2.7666768132542625,18.722745251983838,1,38.8846220002914,48.541508360951916,9.656886360660515,0.0,0.25,0.25,0.014709361038192606
4,92005,1.0,6,0,1,1,cloud_0,edge_3,1,1,1,0,21.4894220652381,2.7666768132542625,18.722745251983838,1,38.8846220002914,48.541508360951916,9.656886360660515,0.0,0.25,0.25,0.014709361038192606
4,92005,2.0,6,0,1,1,cloud_0,edge_3,1,1,1,0,21.4894220652381,2.7666768132542625,18.722745251983838,1,38.8846220002914,48.541508360951916,9.656886360660515,0.0,0.25,0.25,0.014709361038192606
4,92005,4.0,6,0,1,1,cloud_0,edge_3,1,1,1,0,21.4894220652381,2.7666768132542625,18.722745251983838,1,38.8846220002914,48.541508360951916,9.656886360660515,0.0,0.25,0.25,0.014709361038192606
4,92005,8.0,6,0,1,1,cloud_0,edge_3,1,1,1,0,21.4894220652381,2.7666768132542625,18.722745251983838,1,38.8846220002914,48.541508360951916,9.656886360660515,0.0,0.25,0.25,0.014709361038192606
5,92006,0.0,8,0,0,0,cloud_0,cloud_0,0,1,1,0,12.755390728417387,12.755390728417387,0.0,0,44.571907599757665,44.571907599757665,0.0,0.0,0.0,0.0,0.020850806823069338
5,92006,0.25,8,0,1,1,cloud_0,edge_2,1,1,1,0,12.755390728417387,2.4908938449134044,10.264496883503982,1,44.571907599757665,76.43798470521868,31.866077105461017,0.0,0.0,0.0,0.020850806823069338
5,92006,0.5,8,0,1,1,cloud_0,edge_2,1,1,1,0,12.755390728417387,2.4908938449134044,10.264496883503982,1,44.571907599757665,76.43798470521868,31.866077105461017,0.0,0.0,0.0,0.020850806823069338
5,92006,1.0,8,0,1,1,cloud_0,edge_2,1,1,1,0,12.755390728417387,2.4908938449134044,10.264496883503982,1,44.571907599757665,76.43798470521868,31.866077105461017,0.0,0.0,0.0,0.020850806823069338
5,92006,2.0,8,0,1,1,cloud_0,edge_2,1,1,1,0,12.755390728417387,2.4908938449134044,10.264496883503982,1,44.571907599757665,76.43798470521868,31.866077105461017,0.0,0.0,0.0,0.020850806823069338
5,92006,4.0,8,0,1,1,cloud_0,edge_2,1,1,1,0,12.755390728417387,2.4908938449134044,10.264496883503982,1,44.571907599757665,76.43798470521868,31.866077105461017,0.0,0.0,0.0,0.020850806823069338
5,92006,8.0,8,0,1,1,cloud_0,edge_2,1,1,1,0,12.755390728417387,2.4908938449134044,10.264496883503982,1,44.571907599757665,76.43798470521868,31.866077105461017,0.0,0.0,0.0,0.020850806823069338
6,92007,0.0,4,0,0,0,cloud_0,cloud_0,0,1,1,0,22.523753257416672,22.523753257416672,0.0,0,118.04164568019192,118.04164568019192,0.0,0.0,0.0,0.0,0.09653227837747176
6,92007,0.25,4,0,0,0,cloud_0,cloud_0,0,1,1,0,22.523753257416672,22.523753257416672,0.0,0,118.04164568019192,118.04164568019192,0.0,0.0,0.0,0.0,0.09653227837747176
6,92007,0.5,4,0,0,0,cloud_0,cloud_0,0,1,1,0,22.523753257416672,22.523753257416672,0.0,0,118.04164568019192,118.04164568019192,0.0,0.0,0.0,0.0,0.09653227837747176
6,92007,1.0,4,0,0,0,cloud_0,cloud_0,0,1,1,0,22.523753257416672,22.523753257416672,0.0,0,118.04164568019192,118.04164568019192,0.0,0.0,0.0,0.0,0.09653227837747176
6,92007,2.0,4,0,0,0,cloud_0,cloud_0,0,1,1,0,22.523753257416672,22.523753257416672,0.0,0,118.04164568019192,118.04164568019192,0.0,0.0,0.0,0.0,0.09653227837747176
6,92007,4.0,4,0,0,0,cloud_0,cloud_0,0,1,1,0,22.523753257416672,22.523753257416672,0.0,0,118.04164568019192,118.04164568019192,0.0,0.0,0.0,0.0,0.09653227837747176
6,92007,8.0,4,0,0,0,cloud_0,cloud_0,0,1,1,0,22.523753257416672,22.523753257416672,0.0,0,118.04164568019192,118.04164568019192,0.0,0.0,0.0,0.0,0.09653227837747176
7,92008,0.0,4,0,0,0,cloud_0,cloud_0,0,1,1,0,23.725078776821892,23.725078776821892,0.0,0,60.30792192442866,60.30792192442866,0.0,0.0,0.0,0.0,0.03802218162847186
7,92008,0.25,4,0,0,0,cloud_0,cloud_0,0,1,1,0,23.725078776821892,23.725078776821892,0.0,0,60.30792192442866,60.30792192442866,0.0,0.0,0.0,0.0,0.03802218162847186
7,92008,0.5,4,0,0,0,cloud_0,cloud_0,0,1,1,0,23.725078776821892,23.725078776821892,0.0,0,60.30792192442866,60.30792192442866,0.0,0.0,0.0,0.0,0.03802218162847186
7,92008,1.0,4,0,0,0,cloud_0,cloud_0,0,1,1,0,23.725078776821892,23.725078776821892,0.0,0,60.30792192442866,60.30792192442866,0.0,0.0,0.0,0.0,0.03802218162847186
7,92008,2.0,4,0,0,0,cloud_0,cloud_0,0,1,1,0,23.725078776821892,23.725078776821892,0.0,0,60.30792192442866,60.30792192442866,0.0,0.0,0.0,0.0,0.03802218162847186
7,92008,4.0,4,0,0,0,cloud_0,cloud_0,0,1,1,0,23.725078776821892,23.725078776821892,0.0,0,60.30792192442866,60.30792192442866,0.0,0.0,0.0,0.0,0.03802218162847186
7,92008,8.0,4,0,0,0,cloud_0,cloud_0,0,1,1,0,23.725078776821892,23.725078776821892,0.0,0,60.30792192442866,60.30792192442866,0.0,0.0,0.0,0.0,0.03802218162847186
8,92009,0.0,10,0,0,0,cloud_0,cloud_0,0,1,1,0,18.938458514740155,18.938458514740155,0.0,0,48.69777494237027,48.69777494237027,0.0,0.0,0.0,0.0,0.011421629424633383
8,92009,0.25,10,0,1,1,cloud_0,edge_0,1,1,1,0,18.938458514740155,0.10446623130612911,18.833992283434025,1,48.69777494237027,66.12505026857042,17.427275326200146,0.0,0.0,0.0,0.011421629424633383
8,92009,0.5,10,0,1,1,cloud_0,edge_0,1,1,1,0,18.938458514740155,0.10446623130612911,18.833992283434025,1,48.69777494237027,66.12505026857042,17.427275326200146,0.0,0.0,0.0,0.011421629424633383
8,92009,1.0,10,0,1,1,cloud_0,edge_0,1,1,1,0,18.938458514740155,0.10446623130612911,18.833992283434025,1,48.69777494237027,66.12505026857042,17.427275326200146,0.0,0.0,0.0,0.011421629424633383
8,92009,2.0,10,0,1,1,cloud_0,edge_0,1,1,1,0,18.938458514740155,0.10446623130612911,18.833992283434025,1,48.69777494237027,66.12505026857042,17.427275326200146,0.0,0.0,0.0,0.011421629424633383
8,92009,4.0,10,0,1,1,cloud_0,edge_0,1,1,1,0,18.938458514740155,0.10446623130612911,18.833992283434025,1,48.69777494237027,66.12505026857042,17.427275326200146,0.0,0.0,0.0,0.011421629424633383
8,92009,8.0,10,0,1,1,cloud_0,edge_0,1,1,1,0,18.938458514740155,0.10446623130612911,18.833992283434025,1,48.69777494237027,66.12505026857042,17.427275326200146,0.0,0.0,0.0,0.011421629424633383
9,92010,0.0,8,1,1,0,cloud_0,cloud_0,0,1,1,0,13.12473748394196,13.12473748394196,0.0,0,63.08482417752769,63.08482417752769,0.0,0.0,0.0,0.0,0.014874836768969616
9,92010,0.25,8,1,0,1,cloud_0,edge_3,1,1,1,0,13.12473748394196,2.634031862047805,10.490705621894154,1,63.08482417752769,51.613002207862515,-11.471821969665179,0.0,0.0,0.0,0.014874836768969616
9,92010,0.5,8,1,0,1,cloud_0,edge_3,1,1,1,0,13.12473748394196,2.634031862047805,10.490705621894154,1,63.08482417752769,51.613002207862515,-11.471821969665179,0.0,0.0,0.0,0.014874836768969616
9,92010,1.0,8,1,0,1,cloud_0,edge_3,1,1,1,0,13.12473748394196,2.634031862047805,10.490705621894154,1,63.08482417752769,51.613002207862515,-11.471821969665179,0.0,0.0,0.0,0.014874836768969616
9,92010,2.0,8,1,0,1,cloud_0,edge_3,1,1,1,0,13.12473748394196,2.634031862047805,10.490705621894154,1,63.08482417752769,51.613002207862515,-11.471821969665179,0.0,0.0,0.0,0.014874836768969616
9,92010,4.0,8,1,0,1,cloud_0,edge_3,1,1,1,0,13.12473748394196,2.634031862047805,10.490705621894154,1,63.08482417752769,51.613002207862515,-11.471821969665179,0.0,0.0,0.0,0.014874836768969616
9,92010,8.0,8,1,0,1,cloud_0,edge_3,1,1,1,0,13.12473748394196,2.634031862047805,10.490705621894154,1,63.08482417752769,51.613002207862515,-11.471821969665179,0.0,0.0,0.0,0.014874836768969616
10,92011,0.0,8,1,1,0,cloud_0,cloud_0,0,1,1,0,13.753393165067061,13.753393165067061,0.0,0,52.40812464643969,52.40812464643969,0.0,0.0,0.0,0.0,0.015243950439591689
10,92011,0.25,8,1,0,1,cloud_0,edge_5,1,1,1,0,13.753393165067061,2.324228666925543,11.429164498141517,1,52.40812464643969,52.244267631316305,-0.16385701512338358,0.0,0.6,0.6,0.015243950439591689
10,92011,0.5,8,1,0,1,cloud_0,edge_5,1,1,1,0,13.753393165067061,2.324228666925543,11.429164498141517,1,52.40812464643969,52.244267631316305,-0.16385701512338358,0.0,0.6,0.6,0.015243950439591689
10,92011,1.0,8,1,0,1,cloud_0,edge_5,1,1,1,0,13.753393165067061,2.324228666925543,11.429164498141517,1,52.40812464643969,52.244267631316305,-0.16385701512338358,0.0,0.6,0.6,0.015243950439591689
10,92011,2.0,8,1,0,1,cloud_0,edge_5,1,1,1,0,13.753393165067061,2.324228666925543,11.429164498141517,1,52.40812464643969,52.244267631316305,-0.16385701512338358,0.0,0.6,0.6,0.015243950439591689
10,92011,4.0,8,1,0,1,cloud_0,edge_5,1,1,1,0,13.753393165067061,2.324228666925543,11.429164498141517,1,52.40812464643969,52.244267631316305,-0.16385701512338358,0.0,0.6,0.6,0.015243950439591689
10,92011,8.0,8,1,0,1,cloud_0,edge_5,1,1,1,0,13.753393165067061,2.324228666925543,11.429164498141517,1,52.40812464643969,52.244267631316305,-0.16385701512338358,0.0,0.6,0.6,0.015243950439591689
11,92012,0.0,8,0,0,0,cloud_0,cloud_0,0,1,1,0,21.70808663244466,21.70808663244466,0.0,0,66.68932435232162,66.68932435232162,0.0,0.0,0.0,0.0,0.04586429054771726
11,92012,0.25,8,0,1,1,cloud_0,edge_2,1,1,1,0,21.70808663244466,2.2439716682436055,19.464114964201055,1,66.68932435232162,70.54935403520565,3.860029682884033,0.0,0.2,0.2,0.04586429054771726
11,92012,0.5,8,0,1,1,cloud_0,edge_2,1,1,1,0,21.70808663244466,2.2439716682436055,19.464114964201055,1,66.68932435232162,70.54935403520565,3.860029682884033,0.0,0.2,0.2,0.04586429054771726
11,92012,1.0,8,0,1,1,cloud_0,edge_2,1,1,1,0,21.70808663244466,2.2439716682436055,19.464114964201055,1,66.68932435232162,70.54935403520565,3.860029682884033,0.0,0.2,0.2,0.04586429054771726
11,92012,2.0,8,0,1,1,cloud_0,edge_2,1,1,1,0,21.70808663244466,2.2439716682436055,19.464114964201055,1,66.68932435232162,70.54935403520565,3.860029682884033,0.0,0.2,0.2,0.04586429054771726
11,92012,4.0,8,0,1,1,cloud_0,edge_2,1,1,1,0,21.70808663244466,2.2439716682436055,19.464114964201055,1,66.68932435232162,70.54935403520565,3.860029682884033,0.0,0.2,0.2,0.04586429054771726
11,92012,8.0,8,0,1,1,cloud_0,edge_2,1,1,1,0,21.70808663244466,2.2439716682436055,19.464114964201055,1,66.68932435232162,70.54935403520565,3.860029682884033,0.0,0.2,0.2,0.04586429054771726
12,92013,0.0,4,0,0,0,cloud_0,cloud_0,0,1,1,0,14.267101876514543,14.267101876514543,0.0,0,98.93487191457828,98.93487191457828,0.0,0.0,0.0,0.0,0.04151076061502401
12,92013,0.25,4,0,0,0,cloud_0,cloud_0,0,1,1,0,14.267101876514543,14.267101876514543,0.0,0,98.93487191457828,98.93487191457828,0.0,0.0,0.0,0.0,0.04151076061502401
12,92013,0.5,4,0,0,0,cloud_0,cloud_0,0,1,1,0,14.267101876514543,14.267101876514543,0.0,0,98.93487191457828,98.93487191457828,0.0,0.0,0.0,0.0,0.04151076061502401
12,92013,1.0,4,0,0,0,cloud_0,cloud_0,0,1,1,0,14.267101876514543,14.267101876514543,0.0,0,98.93487191457828,98.93487191457828,0.0,0.0,0.0,0.0,0.04151076061502401
12,92013,2.0,4,0,0,0,cloud_0,cloud_0,0,1,1,0,14.267101876514543,14.267101876514543,0.0,0,98.93487191457828,98.93487191457828,0.0,0.0,0.0,0.0,0.04151076061502401
12,92013,4.0,4,0,0,0,cloud_0,cloud_0,0,1,1,0,14.267101876514543,14.267101876514543,0.0,0,98.93487191457828,98.93487191457828,0.0,0.0,0.0,0.0,0.04151076061502401
12,92013,8.0,4,0,0,0,cloud_0,cloud_0,0,1,1,0,14.267101876514543,14.267101876514543,0.0,0,98.93487191457828,98.93487191457828,0.0,0.0,0.0,0.0,0.04151076061502401
13,92014,0.0,4,0,0,0,cloud_0,cloud_0,0,1,1,0,23.569311196564065,23.569311196564065,0.0,0,140.2516776166587,140.2516776166587,0.0,0.0,0.0,0.0,0.024939050316704243
13,92014,0.25,4,0,0,0,cloud_0,cloud_0,0,1,1,0,23.569311196564065,23.569311196564065,0.0,0,140.2516776166587,140.2516776166587,0.0,0.0,0.0,0.0,0.024939050316704243
13,92014,0.5,4,0,0,0,cloud_0,cloud_0,0,1,1,0,23.569311196564065,23.569311196564065,0.0,0,140.2516776166587,140.2516776166587,0.0,0.0,0.0,0.0,0.024939050316704243
13,92014,1.0,4,0,0,0,cloud_0,cloud_0,0,1,1,0,23.569311196564065,23.569311196564065,0.0,0,140.2516776166587,140.2516776166587,0.0,0.0,0.0,0.0,0.024939050316704243
13,92014,2.0,4,0,0,0,cloud_0,cloud_0,0,1,1,0,23.569311196564065,23.569311196564065,0.0,0,140.2516776166587,140.2516776166587,0.0,0.0,0.0,0.0,0.024939050316704243
13,92014,4.0,4,0,0,0,cloud_0,cloud_0,0,1,1,0,23.569311196564065,23.569311196564065,0.0,0,140.2516776166587,140.2516776166587,0.0,0.0,0.0,0.0,0.024939050316704243
13,92014,8.0,4,0,0,0,cloud_0,cloud_0,0,1,1,0,23.569311196564065,23.569311196564065,0.0,0,140.2516776166587,140.2516776166587,0.0,0.0,0.0,0.0,0.024939050316704243
14,92015,0.0,4,0,0,0,cloud_0,cloud_0,0,1,1,0,16.05096863746826,16.05096863746826,0.0,0,35.6155074774734,35.6155074774734,0.0,0.0,0.0,0.0,0.007373437222691643
14,92015,0.25,4,0,0,0,cloud_0,cloud_0,0,1,1,0,16.05096863746826,16.05096863746826,0.0,0,35.6155074774734,35.6155074774734,0.0,0.0,0.0,0.0,0.007373437222691643
14,92015,0.5,4,0,0,0,cloud_0,cloud_0,0,1,1,0,16.05096863746826,16.05096863746826,0.0,0,35.6155074774734,35.6155074774734,0.0,0.0,0.0,0.0,0.007373437222691643
14,92015,1.0,4,0,0,0,cloud_0,cloud_0,0,1,1,0,16.05096863746826,16.05096863746826,0.0,0,35.6155074774734,35.6155074774734,0.0,0.0,0.0,0.0,0.007373437222691643
14,92015,2.0,4,0,0,0,cloud_0,cloud_0,0,1,1,0,16.05096863746826,16.05096863746826,0.0,0,35.6155074774734,35.6155074774734,0.0,0.0,0.0,0.0,0.007373437222691643
14,92015,4.0,4,0,0,0,cloud_0,cloud_0,0,1,1,0,16.05096863746826,16.05096863746826,0.0,0,35.6155074774734,35.6155074774734,0.0,0.0,0.0,0.0,0.007373437222691643
14,92015,8.0,4,0,0,0,cloud_0,cloud_0,0,1,1,0,16.05096863746826,16.05096863746826,0.0,0,35.6155074774734,35.6155074774734,0.0,0.0,0.0,0.0,0.007373437222691643
15,92016,0.0,6,0,0,0,cloud_0,cloud_0,0,1,1,0,14.424588855925071,14.424588855925071,0.0,0,65.41748526160893,65.41748526160893,0.0,0.0,0.0,0.0,0.030009340972916295
15,92016,0.25,6,0,1,1,cloud_0,edge_2,1,1,1,0,14.424588855925071,2.4642452720212242,11.960343583903846,1,65.41748526160893,80.12522387616309,14.70773861455416,0.0,0.0,0.0,0.030009340972916295
15,92016,0.5,6,0,1,1,cloud_0,edge_2,1,1,1,0,14.424588855925071,2.4642452720212242,11.960343583903846,1,65.41748526160893,80.12522387616309,14.70773861455416,0.0,0.0,0.0,0.030009340972916295
15,92016,1.0,6,0,1,1,cloud_0,edge_2,1,1,1,0,14.424588855925071,2.4642452720212242,11.960343583903846,1,65.41748526160893,80.12522387616309,14.70773861455416,0.0,0.0,0.0,0.030009340972916295
15,92016,2.0,6,0,1,1,cloud_0,edge_2,1,1,1,0,14.424588855925071,2.4642452720212242,11.960343583903846,1,65.41748526160893,80.12522387616309,14.70773861455416,0.0,0.0,0.0,0.030009340972916295
15,92016,4.0,6,0,1,1,cloud_0,edge_2,1,1,1,0,14.424588855925071,2.4642452720212242,11.960343583903846,1,65.41748526160893,80.12522387616309,14.70773861455416,0.0,0.0,0.0,0.030009340972916295
15,92016,8.0,6,0,1,1,cloud_0,edge_2,1,1,1,0,14.424588855925071,2.4642452720212242,11.960343583903846,1,65.41748526160893,80.12522387616309,14.70773861455416,0.0,0.0,0.0,0.030009340972916295
16,92017,0.0,8,1,1,0,cloud_0,cloud_0,0,1,1,0,17.23563410132654,17.23563410132654,0.0,0,55.60654908805667,55.60654908805667,0.0,0.0,0.0,0.0,0.015858867097684647
16,92017,0.25,8,1,0,1,cloud_0,edge_3,1,1,1,0,17.23563410132654,4.57916800546586,12.65646609586068,1,55.60654908805667,49.487936077949115,-6.118613010107552,0.0,0.5,0.5,0.015858867097684647
16,92017,0.5,8,1,0,1,cloud_0,edge_3,1,1,1,0,17.23563410132654,4.57916800546586,12.65646609586068,1,55.60654908805667,49.487936077949115,-6.118613010107552,0.0,0.5,0.5,0.015858867097684647
16,92017,1.0,8,1,0,1,cloud_0,edge_3,1,1,1,0,17.23563410132654,4.57916800546586,12.65646609586068,1,55.60654908805667,49.487936077949115,-6.118613010107552,0.0,0.5,0.5,0.015858867097684647
16,92017,2.0,8,1,0,1,cloud_0,edge_3,1,1,1,0,17.23563410132654,4.57916800546586,12.65646609586068,1,55.60654908805667,49.487936077949115,-6.118613010107552,0.0,0.5,0.5,0.015858867097684647
16,92017,4.0,8,1,0,1,cloud_0,edge_3,1,1,1,0,17.23563410132654,4.57916800546586,12.65646609586068,1,55.60654908805667,49.487936077949115,-6.118613010107552,0.0,0.5,0.5,0.015858867097684647
16,92017,8.0,8,1,0,1,cloud_0,edge_3,1,1,1,0,17.23563410132654,4.57916800546586,12.65646609586068,1,55.60654908805667,49.487936077949115,-6.118613010107552,0.0,0.5,0.5,0.015858867097684647
17,92018,0.0,4,0,0,0,cloud_0,cloud_0,0,1,1,0,20.661860282542285,20.661860282542285,0.0,0,74.50703355863028,74.50703355863028,0.0,0.0,0.0,0.0,0.027757748426367204
17,92018,0.25,4,0,0,0,cloud_0,cloud_0,0,1,1,0,20.661860282542285,20.661860282542285,0.0,0,74.50703355863028,74.50703355863028,0.0,0.0,0.0,0.0,0.027757748426367204
17,92018,0.5,4,0,0,0,cloud_0,cloud_0,0,1,1,0,20.661860282542285,20.661860282542285,0.0,0,74.50703355863028,74.50703355863028,0.0,0.0,0.0,0.0,0.027757748426367204
17,92018,1.0,4,0,0,0,cloud_0,cloud_0,0,1,1,0,20.661860282542285,20.661860282542285,0.0,0,74.50703355863028,74.50703355863028,0.0,0.0,0.0,0.0,0.027757748426367204
17,92018,2.0,4,0,0,0,cloud_0,cloud_0,0,1,1,0,20.661860282542285,20.661860282542285,0.0,0,74.50703355863028,74.50703355863028,0.0,0.0,0.0,0.0,0.027757748426367204
17,92018,4.0,4,0,0,0,cloud_0,cloud_0,0,1,1,0,20.661860282542285,20.661860282542285,0.0,0,74.50703355863028,74.50703355863028,0.0,0.0,0.0,0.0,0.027757748426367204
17,92018,8.0,4,0,0,0,cloud_0,cloud_0,0,1,1,0,20.661860282542285,20.661860282542285,0.0,0,74.50703355863028,74.50703355863028,0.0,0.0,0.0,0.0,0.027757748426367204
18,92019,0.0,6,1,1,0,cloud_0,cloud_0,0,1,1,0,15.623761243701187,15.623761243701187,0.0,0,69.46472171452783,69.46472171452783,0.0,0.0,0.0,0.0,0.024057578270396285
18,92019,0.25,6,1,0,1,cloud_0,edge_2,1,1,1,0,15.623761243701187,3.523602809914923,12.100158433786264,1,69.46472171452783,63.40705082889888,-6.057670885628944,0.0,0.16666666666666666,0.16666666666666666,0.024057578270396285
18,92019,0.5,6,1,0,1,cloud_0,edge_2,1,1,1,0,15.623761243701187,3.523602809914923,12.100158433786264,1,69.46472171452783,63.40705082889888,-6.057670885628944,0.0,0.16666666666666666,0.16666666666666666,0.024057578270396285
18,92019,1.0,6,1,0,1,cloud_0,edge_2,1,1,1,0,15.623761243701187,3.523602809914923,12.100158433786264,1,69.46472171452783,63.40705082889888,-6.057670885628944,0.0,0.16666666666666666,0.16666666666666666,0.024057578270396285
18,92019,2.0,6,1,0,1,cloud_0,edge_2,1,1,1,0,15.623761243701187,3.523602809914923,12.100158433786264,1,69.46472171452783,63.40705082889888,-6.057670885628944,0.0,0.16666666666666666,0.16666666666666666,0.024057578270396285
18,92019,4.0,6,1,0,1,cloud_0,edge_2,1,1,1,0,15.623761243701187,3.523602809914923,12.100158433786264,1,69.46472171452783,63.40705082889888,-6.057670885628944,0.0,0.16666666666666666,0.16666666666666666,0.024057578270396285
18,92019,8.0,6,1,0,1,cloud_0,edge_2,1,1,1,0,15.623761243701187,3.523602809914923,12.100158433786264,1,69.46472171452783,63.40705082889888,-6.057670885628944,0.0,0.16666666666666666,0.16666666666666666,0.024057578270396285
19,92020,0.0,4,0,0,0,cloud_0,cloud_0,0,1,1,0,14.183077632258875,14.183077632258875,0.0,0,91.94021910454029,91.94021910454029,0.0,0.0,0.0,0.0,0.0783194910978505
19,92020,0.25,4,0,0,0,cloud_0,cloud_0,0,1,1,0,14.183077632258875,14.183077632258875,0.0,0,91.94021910454029,91.94021910454029,0.0,0.0,0.0,0.0,0.0783194910978505
19,92020,0.5,4,0,0,0,cloud_0,cloud_0,0,1,1,0,14.183077632258875,14.183077632258875,0.0,0,91.94021910454029,91.94021910454029,0.0,0.0,0.0,0.0,0.0783194910978505
19,92020,1.0,4,0,0,0,cloud_0,cloud_0,0,1,1,0,14.183077632258875,14.183077632258875,0.0,0,91.94021910454029,91.94021910454029,0.0,0.0,0.0,0.0,0.0783194910978505
19,92020,2.0,4,0,0,0,cloud_0,cloud_0,0,1,1,0,14.183077632258875,14.183077632258875,0.0,0,91.94021910454029,91.94021910454029,0.0,0.0,0.0,0.0,0.0783194910978505
19,92020,4.0,4,0,0,0,cloud_0,cloud_0,0,1,1,0,14.183077632258875,14.183077632258875,0.0,0,91.94021910454029,91.94021910454029,0.0,0.0,0.0,0.0,0.0783194910978505
19,92020,8.0,4,0,0,0,cloud_0,cloud_0,0,1,1,0,14.183077632258875,14.183077632258875,0.0,0,91.94021910454029,91.94021910454029,0.0,0.0,0.0,0.0,0.0783194910978505
20,92021,0.0,4,0,0,0,cloud_0,cloud_0,0,1,1,0,14.757202121450984,14.757202121450984,0.0,0,94.32280778943569,94.32280778943569,0.0,0.0,0.0,0.0,0.03562236057408978
20,92021,0.25,4,0,0,0,cloud_0,cloud_0,0,1,1,0,14.757202121450984,14.757202121450984,0.0,0,94.32280778943569,94.32280778943569,0.0,0.0,0.0,0.0,0.03562236057408978
20,92021,0.5,4,0,0,0,cloud_0,cloud_0,0,1,1,0,14.757202121450984,14.757202121450984,0.0,0,94.32280778943569,94.32280778943569,0.0,0.0,0.0,0.0,0.03562236057408978
20,92021,1.0,4,0,0,0,cloud_0,cloud_0,0,1,1,0,14.757202121450984,14.757202121450984,0.0,0,94.32280778943569,94.32280778943569,0.0,0.0,0.0,0.0,0.03562236057408978
20,92021,2.0,4,0,0,0,cloud_0,cloud_0,0,1,1,0,14.757202121450984,14.757202121450984,0.0,0,94.32280778943569,94.32280778943569,0.0,0.0,0.0,0.0,0.03562236057408978
20,92021,4.0,4,0,0,0,cloud_0,cloud_0,0,1,1,0,14.757202121450984,14.757202121450984,0.0,0,94.32280778943569,94.32280778943569,0.0,0.0,0.0,0.0,0.03562236057408978
20,92021,8.0,4,0,0,0,cloud_0,cloud_0,0,1,1,0,14.757202121450984,14.757202121450984,0.0,0,94.32280778943569,94.32280778943569,0.0,0.0,0.0,0.0,0.03562236057408978
21,92022,0.0,8,0,0,0,cloud_0,cloud_0,0,1,1,0,14.366657083178442,14.366657083178442,0.0,0,64.85864863556905,64.85864863556905,0.0,0.0,0.0,0.0,0.11712019364984005
21,92022,0.25,8,0,1,1,cloud_0,edge_5,1,1,1,0,14.366657083178442,3.0057986704373088,11.360858412741134,1,64.85864863556905,78.89832490432731,14.039676268758257,0.0,0.4,0.4,0.11712019364984005
21,92022,0.5,8,0,1,1,cloud_0,edge_5,1,1,1,0,14.366657083178442,3.0057986704373088,11.360858412741134,1,64.85864863556905,78.89832490432731,14.039676268758257,0.0,0.4,0.4,0.11712019364984005
21,92022,1.0,8,0,1,1,cloud_0,edge_5,1,1,1,0,14.366657083178442,3.0057986704373088,11.360858412741134,1,64.85864863556905,78.89832490432731,14.039676268758257,0.0,0.4,0.4,0.11712019364984005
21,92022,2.0,8,0,1,1,cloud_0,edge_5,1,1,1,0,14.366657083178442,3.0057986704373088,11.360858412741134,1,64.85864863556905,78.89832490432731,14.039676268758257,0.0,0.4,0.4,0.11712019364984005
21,92022,4.0,8,0,1,1,cloud_0,edge_5,1,1,1,0,14.366657083178442,3.0057986704373088,11.360858412741134,1,64.85864863556905,78.89832490432731,14.039676268758257,0.0,0.4,0.4,0.11712019364984005
21,92022,8.0,8,0,1,1,cloud_0,edge_5,1,1,1,0,14.366657083178442,3.0057986704373088,11.360858412741134,1,64.85864863556905,78.89832490432731,14.039676268758257,0.0,0.4,0.4,0.11712019364984005
22,92023,0.0,16,1,1,0,cloud_0,cloud_0,0,1,1,0,12.70756654105171,12.70756654105171,0.0,0,57.57543985278646,57.57543985278646,0.0,0.0,0.0,0.0,0.03431301259335094
22,92023,0.25,16,1,0,1,cloud_0,edge_1,1,1,1,0,12.70756654105171,1.4356686386719,11.27189790237981,1,57.57543985278646,29.224269015712565,-28.351170837073894,0.0,0.3333333333333333,0.3333333333333333,0.03431301259335094
22,92023,0.5,16,1,0,1,cloud_0,edge_1,1,1,1,0,12.70756654105171,1.4356686386719,11.27189790237981,1,57.57543985278646,29.224269015712565,-28.351170837073894,0.0,0.3333333333333333,0.3333333333333333,0.03431301259335094
22,92023,1.0,16,1,0,1,cloud_0,edge_1,1,1,1,0,12.70756654105171,1.4356686386719,11.27189790237981,1,57.57543985278646,29.224269015712565,-28.351170837073894,0.0,0.3333333333333333,0.3333333333333333,0.03431301259335094
22,92023,2.0,16,1,0,1,cloud_0,edge_1,1,1,1,0,12.70756654105171,1.4356686386719,11.27189790237981,1,57.57543985278646,29.224269015712565,-28.351170837073894,0.0,0.3333333333333333,0.3333333333333333,0.03431301259335094
22,92023,4.0,16,1,0,1,cloud_0,edge_1,1,1,1,0,12.70756654105171,1.4356686386719,11.27189790237981,1,57.57543985278646,29.224269015712565,-28.351170837073894,0.0,0.3333333333333333,0.3333333333333333,0.03431301259335094
22,92023,8.0,16,1,0,1,cloud_0,edge_1,1,1,1,0,12.70756654105171,1.4356686386719,11.27189790237981,1,57.57543985278646,29.224269015712565,-28.351170837073894,0.0,0.3333333333333333,0.3333333333333333,0.03431301259335094
23,92024,0.0,4,0,0,0,cloud_0,cloud_0,0,1,1,0,16.102673938411396,16.102673938411396,0.0,0,52.23344275898941,52.23344275898941,0.0,0.0,0.0,0.0,0.014402606021241576
23,92024,0.25,4,0,0,0,cloud_0,cloud_0,0,1,1,0,16.102673938411396,16.102673938411396,0.0,0,52.23344275898941,52.23344275898941,0.0,0.0,0.0,0.0,0.014402606021241576
23,92024,0.5,4,0,0,0,cloud_0,cloud_0,0,1,1,0,16.102673938411396,16.102673938411396,0.0,0,52.23344275898941,52.23344275898941,0.0,0.0,0.0,0.0,0.014402606021241576
23,92024,1.0,4,0,0,0,cloud_0,cloud_0,0,1,1,0,16.102673938411396,16.102673938411396,0.0,0,52.23344275898941,52.23344275898941,0.0,0.0,0.0,0.0,0.014402606021241576
23,92024,2.0,4,0,0,0,cloud_0,cloud_0,0,1,1,0,16.102673938411396,16.102673938411396,0.0,0,52.23344275898941,52.23344275898941,0.0,0.0,0.0,0.0,0.014402606021241576
23,92024,4.0,4,0,0,0,cloud_0,cloud_0,0,1,1,0,16.102673938411396,16.102673938411396,0.0,0,52.23344275898941,52.23344275898941,0.0,0.0,0.0,0.0,0.014402606021241576
23,92024,8.0,4,0,0,0,cloud_0,cloud_0,0,1,1,0,16.102673938411396,16.102673938411396,0.0,0,52.23344275898941,52.23344275898941,0.0,0.0,0.0,0.0,0.014402606021241576
24,92025,0.0,4,0,0,0,cloud_0,cloud_0,0,1,1,0,17.059036961622024,17.059036961622024,0.0,0,73.04644341890571,73.04644341890571,0.0,0.0,0.0,0.0,0.04129937994421165
24,92025,0.25,4,0,0,0,cloud_0,cloud_0,0,1,1,0,17.059036961622024,17.059036961622024,0.0,0,73.04644341890571,73.04644341890571,0.0,0.0,0.0,0.0,0.04129937994421165
24,92025,0.5,4,0,0,0,cloud_0,cloud_0,0,1,1,0,17.059036961622024,17.059036961622024,0.0,0,73.04644341890571,73.04644341890571,0.0,0.0,0.0,0.0,0.04129937994421165
24,92025,1.0,4,0,0,0,cloud_0,cloud_0,0,1,1,0,17.059036961622024,17.059036961622024,0.0,0,73.04644341890571,73.04644341890571,0.0,0.0,0.0,0.0,0.04129937994421165
24,92025,2.0,4,0,0,0,cloud_0,cloud_0,0,1,1,0,17.059036961622024,17.059036961622024,0.0,0,73.04644341890571,73.04644341890571,0.0,0.0,0.0,0.0,0.04129937994421165
24,92025,4.0,4,0,0,0,cloud_0,cloud_0,0,1,1,0,17.059036961622024,17.059036961622024,0.0,0,73.04644341890571,73.04644341890571,0.0,0.0,0.0,0.0,0.04129937994421165
24,92025,8.0,4,0,0,0,cloud_0,cloud_0,0,1,1,0,17.059036961622024,17.059036961622024,0.0,0,73.04644341890571,73.04644341890571,0.0,0.0,0.0,0.0,0.04129937994421165
25,92026,0.0,4,0,0,0,cloud_0,cloud_0,0,1,1,0,13.641099797237839,13.641099797237839,0.0,0,50.72478118660575,50.72478118660575,0.0,0.0,0.0,0.0,0.020249688212099104
25,92026,0.25,4,0,0,0,cloud_0,cloud_0,0,1,1,0,13.641099797237839,13.641099797237839,0.0,0,50.72478118660575,50.72478118660575,0.0,0.0,0.0,0.0,0.020249688212099104
25,92026,0.5,4,0,0,0,cloud_0,cloud_0,0,1,1,0,13.641099797237839,13.641099797237839,0.0,0,50.72478118660575,50.72478118660575,0.0,0.0,0.0,0.0,0.020249688212099104
25,92026,1.0,4,0,0,0,cloud_0,cloud_0,0,1,1,0,13.641099797237839,13.641099797237839,0.0,0,50.72478118660575,50.72478118660575,0.0,0.0,0.0,0.0,0.020249688212099104
25,92026,2.0,4,0,0,0,cloud_0,cloud_0,0,1,1,0,13.641099797237839,13.641099797237839,0.0,0,50.72478118660575,50.72478118660575,0.0,0.0,0.0,0.0,0.020249688212099104
25,92026,4.0,4,0,0,0,cloud_0,cloud_0,0,1,1,0,13.641099797237839,13.641099797237839,0.0,0,50.72478118660575,50.72478118660575,0.0,0.0,0.0,0.0,0.020249688212099104
25,92026,8.0,4,0,0,0,cloud_0,cloud_0,0,1,1,0,13.641099797237839,13.641099797237839,0.0,0,50.72478118660575,50.72478118660575,0.0,0.0,0.0,0.0,0.020249688212099104
26,92027,0.0,4,0,0,0,cloud_0,cloud_0,0,1,1,0,22.316119643284875,22.316119643284875,0.0,0,105.34328432674633,105.34328432674633,0.0,0.0,0.0,0.0,0.033965441356274745
26,92027,0.25,4,0,0,0,cloud_0,cloud_0,0,1,1,0,22.316119643284875,22.316119643284875,0.0,0,105.34328432674633,105.34328432674633,0.0,0.0,0.0,0.0,0.033965441356274745
26,92027,0.5,4,0,0,0,cloud_0,cloud_0,0,1,1,0,22.316119643284875,22.316119643284875,0.0,0,105.34328432674633,105.34328432674633,0.0,0.0,0.0,0.0,0.033965441356274745
26,92027,1.0,4,0,0,0,cloud_0,cloud_0,0,1,1,0,22.316119643284875,22.316119643284875,0.0,0,105.34328432674633,105.34328432674633,0.0,0.0,0.0,0.0,0.033965441356274745
26,92027,2.0,4,0,0,0,cloud_0,cloud_0,0,1,1,0,22.316119643284875,22.316119643284875,0.0,0,105.34328432674633,105.34328432674633,0.0,0.0,0.0,0.0,0.033965441356274745
26,92027,4.0,4,0,0,0,cloud_0,cloud_0,0,1,1,0,22.316119643284875,22.316119643284875,0.0,0,105.34328432674633,105.34328432674633,0.0,0.0,0.0,0.0,0.033965441356274745
26,92027,8.0,4,0,0,0,cloud_0,cloud_0,0,1,1,0,22.316119643284875,22.316119643284875,0.0,0,105.34328432674633,105.34328432674633,0.0,0.0,0.0,0.0,0.033965441356274745
27,92028,0.0,8,0,0,0,cloud_0,cloud_0,0,1,1,0,16.270078532288327,16.270078532288327,0.0,0,54.79356436068373,54.79356436068373,0.0,0.0,0.0,0.0,0.03338275586839537
27,92028,0.25,8,0,0,0,cloud_0,cloud_0,0,1,1,0,16.270078532288327,16.270078532288327,0.0,0,54.79356436068373,54.79356436068373,0.0,0.0,0.0,0.0,0.03338275586839537
27,92028,0.5,8,0,1,1,cloud_0,edge_2,1,1,1,0,16.270078532288327,4.5031553570770155,11.76692317521131,1,54.79356436068373,112.80435446416503,58.0107901034813,0.0,0.0,0.0,0.03338275586839537
27,92028,1.0,8,0,1,1,cloud_0,edge_2,1,1,1,0,16.270078532288327,4.5031553570770155,11.76692317521131,1,54.79356436068373,112.80435446416503,58.0107901034813,0.0,0.0,0.0,0.03338275586839537
27,92028,2.0,8,0,1,1,cloud_0,edge_2,1,1,1,0,16.270078532288327,4.5031553570770155,11.76692317521131,1,54.79356436068373,112.80435446416503,58.0107901034813,0.0,0.0,0.0,0.03338275586839537
27,92028,4.0,8,0,1,1,cloud_0,edge_2,1,1,1,0,16.270078532288327,4.5031553570770155,11.76692317521131,1,54.79356436068373,112.80435446416503,58.0107901034813,0.0,0.0,0.0,0.03338275586839537
27,92028,8.0,8,0,1,1,cloud_0,edge_2,1,1,1,0,16.270078532288327,4.5031553570770155,11.76692317521131,1,54.79356436068373,112.80435446416503,58.0107901034813,0.0,0.0,0.0,0.03338275586839537
28,92029,0.0,8,1,1,0,cloud_0,cloud_0,0,1,1,0,14.852278848559212,14.852278848559212,0.0,0,104.40959622033225,104.40959622033225,0.0,0.0,0.0,0.0,0.07328066603529516
28,92029,0.25,8,1,0,1,cloud_0,edge_4,1,1,1,0,14.852278848559212,6.180842668730486,8.671436179828726,1,104.40959622033225,101.65640016647617,-2.7531960538560725,0.0,0.0,0.0,0.07328066603529516
28,92029,0.5,8,1,0,1,cloud_0,edge_4,1,1,1,0,14.852278848559212,6.180842668730486,8.671436179828726,1,104.40959622033225,101.65640016647617,-2.7531960538560725,0.0,0.0,0.0,0.07328066603529516
28,92029,1.0,8,1,0,1,cloud_0,edge_4,1,1,1,0,14.852278848559212,6.180842668730486,8.671436179828726,1,104.40959622033225,101.65640016647617,-2.7531960538560725,0.0,0.0,0.0,0.07328066603529516
28,92029,2.0,8,1,0,1,cloud_0,edge_4,1,1,1,0,14.852278848559212,6.180842668730486,8.671436179828726,1,104.40959622033225,101.65640016647617,-2.7531960538560725,0.0,0.0,0.0,0.07328066603529516
28,92029,4.0,8,1,0,1,cloud_0,edge_4,1,1,1,0,14.852278848559212,6.180842668730486,8.671436179828726,1,104.40959622033225,101.65640016647617,-2.7531960538560725,0.0,0.0,0.0,0.07328066603529516
28,92029,8.0,8,1,0,1,cloud_0,edge_4,1,1,1,0,14.852278848559212,6.180842668730486,8.671436179828726,1,104.40959622033225,101.65640016647617,-2.7531960538560725,0.0,0.0,0.0,0.07328066603529516
29,92030,0.0,12,0,0,0,cloud_0,cloud_0,0,1,1,0,15.383393224295405,15.383393224295405,0.0,0,69.57560676481053,69.57560676481053,0.0,0.0,0.0,0.0,0.02822599521999579
29,92030,0.25,12,0,1,1,cloud_0,edge_5,1,1,1,0,15.383393224295405,1.0613553054255507,14.322037918869855,1,69.57560676481053,104.07832039102979,34.50271362621926,0.0,0.3333333333333333,0.3333333333333333,0.02822599521999579
29,92030,0.5,12,0,1,1,cloud_0,edge_5,1,1,1,0,15.383393224295405,1.0613553054255507,14.322037918869855,1,69.57560676481053,104.07832039102979,34.50271362621926,0.0,0.3333333333333333,0.3333333333333333,0.02822599521999579
29,92030,1.0,12,0,1,1,cloud_0,edge_5,1,1,1,0,15.383393224295405,1.0613553054255507,14.322037918869855,1,69.57560676481053,104.07832039102979,34.50271362621926,0.0,0.3333333333333333,0.3333333333333333,0.02822599521999579
29,92030,2.0,12,0,1,1,cloud_0,edge_5,1,1,1,0,15.383393224295405,1.0613553054255507,14.322037918869855,1,69.57560676481053,104.07832039102979,34.50271362621926,0.0,0.3333333333333333,0.3333333333333333,0.02822599521999579
29,92030,4.0,12,0,1,1,cloud_0,edge_5,1,1,1,0,15.383393224295405,1.0613553054255507,14.322037918869855,1,69.57560676481053,104.07832039102979,34.50271362621926,0.0,0.3333333333333333,0.3333333333333333,0.02822599521999579
29,92030,8.0,12,0,1,1,cloud_0,edge_5,1,1,1,0,15.383393224295405,1.0613553054255507,14.322037918869855,1,69.57560676481053,104.07832039102979,34.50271362621926,0.0,0.3333333333333333,0.3333333333333333,0.02822599521999579
30,92031,0.0,6,1,1,0,cloud_0,cloud_0,0,1,1,0,15.024105646463045,15.024105646463045,0.0,0,55.230701166586336,55.230701166586336,0.0,0.0,0.0,0.0,0.01784576640371553
30,92031,0.25,6,1,1,0,cloud_0,cloud_0,0,1,1,0,15.024105646463045,15.024105646463045,0.0,0,55.230701166586336,55.230701166586336,0.0,0.0,0.0,0.0,0.01784576640371553
30,92031,0.5,6,1,0,1,cloud_0,edge_0,1,1,1,0,15.024105646463045,0.14223236385182986,14.881873282611215,1,55.230701166586336,39.19321740819214,-16.037483758394195,0.0,0.0,0.0,0.01784576640371553
30,92031,1.0,6,1,0,1,cloud_0,edge_0,1,1,1,0,15.024105646463045,0.14223236385182986,14.881873282611215,1,55.230701166586336,39.19321740819214,-16.037483758394195,0.0,0.0,0.0,0.01784576640371553
30,92031,2.0,6,1,0,1,cloud_0,edge_0,1,1,1,0,15.024105646463045,0.14223236385182986,14.881873282611215,1,55.230701166586336,39.19321740819214,-16.037483758394195,0.0,0.0,0.0,0.01784576640371553
30,92031,4.0,6,1,0,1,cloud_0,edge_0,1,1,1,0,15.024105646463045,0.14223236385182986,14.881873282611215,1,55.230701166586336,39.19321740819214,-16.037483758394195,0.0,0.0,0.0,0.01784576640371553
30,92031,8.0,6,1,0,1,cloud_0,edge_0,1,1,1,0,15.024105646463045,0.14223236385182986,14.881873282611215,1,55.230701166586336,39.19321740819214,-16.037483758394195,0.0,0.0,0.0,0.01784576640371553
31,92032,0.0,8,0,0,0,cloud_0,cloud_0,0,1,1,0,16.036455447834992,16.036455447834992,0.0,0,69.49016816193458,69.49016816193458,0.0,0.0,0.0,0.0,0.03704292100896485
31,92032,0.25,8,0,1,1,cloud_0,edge_4,1,1,1,0,16.036455447834992,3.4512697077389345,12.585185740096058,1,69.49016816193458,115.75218081992412,46.262012657989544,0.0,0.3333333333333333,0.3333333333333333,0.03704292100896485
31,92032,0.5,8,0,1,1,cloud_0,edge_4,1,1,1,0,16.036455447834992,3.4512697077389345,12.585185740096058,1,69.49016816193458,115.75218081992412,46.262012657989544,0.0,0.3333333333333333,0.3333333333333333,0.03704292100896485
31,92032,1.0,8,0,1,1,cloud_0,edge_4,1,1,1,0,16.036455447834992,3.4512697077389345,12.585185740096058,1,69.49016816193458,115.75218081992412,46.262012657989544,0.0,0.3333333333333333,0.3333333333333333,0.03704292100896485
31,92032,2.0,8,0,1,1,cloud_0,edge_4,1,1,1,0,16.036455447834992,3.4512697077389345,12.585185740096058,1,69.49016816193458,115.75218081992412,46.262012657989544,0.0,0.3333333333333333,0.3333333333333333,0.03704292100896485
31,92032,4.0,8,0,1,1,cloud_0,edge_4,1,1,1,0,16.036455447834992,3.4512697077389345,12.585185740096058,1,69.49016816193458,115.75218081992412,46.262012657989544,0.0,0.3333333333333333,0.3333333333333333,0.03704292100896485
31,92032,8.0,8,0,1,1,cloud_0,edge_4,1,1,1,0,16.036455447834992,3.4512697077389345,12.585185740096058,1,69.49016816193458,115.75218081992412,46.262012657989544,0.0,0.3333333333333333,0.3333333333333333,0.03704292100896485
32,92033,0.0,4,0,0,0,cloud_0,cloud_0,0,1,1,0,17.141708202386802,17.141708202386802,0.0,0,90.79385172881283,90.79385172881283,0.0,0.0,0.0,0.0,0.026338742304603015
32,92033,0.25,4,0,0,0,cloud_0,cloud_0,0,1,1,0,17.141708202386802,17.141708202386802,0.0,0,90.79385172881283,90.79385172881283,0.0,0.0,0.0,0.0,0.026338742304603015
32,92033,0.5,4,0,0,0,cloud_0,cloud_0,0,1,1,0,17.141708202386802,17.141708202386802,0.0,0,90.79385172881283,90.79385172881283,0.0,0.0,0.0,0.0,0.026338742304603015
32,92033,1.0,4,0,0,0,cloud_0,cloud_0,0,1,1,0,17.141708202386802,17.141708202386802,0.0,0,90.79385172881283,90.79385172881283,0.0,0.0,0.0,0.0,0.026338742304603015
32,92033,2.0,4,0,0,0,cloud_0,cloud_0,0,1,1,0,17.141708202386802,17.141708202386802,0.0,0,90.79385172881283,90.79385172881283,0.0,0.0,0.0,0.0,0.026338742304603015
32,92033,4.0,4,0,0,0,cloud_0,cloud_0,0,1,1,0,17.141708202386802,17.141708202386802,0.0,0,90.79385172881283,90.79385172881283,0.0,0.0,0.0,0.0,0.026338742304603015
32,92033,8.0,4,0,0,0,cloud_0,cloud_0,0,1,1,0,17.141708202386802,17.141708202386802,0.0,0,90.79385172881283,90.79385172881283,0.0,0.0,0.0,0.0,0.026338742304603015
33,92034,0.0,8,0,0,0,cloud_0,cloud_0,0,1,1,0,18.36099060778365,18.36099060778365,0.0,0,57.42632126954779,57.42632126954779,0.0,0.0,0.0,0.0,0.028092639983251403
33,92034,0.25,8,0,1,1,cloud_0,edge_5,1,1,1,0,18.36099060778365,3.1593172456186367,15.201673362165012,1,57.42632126954779,85.29708826568317,27.87076699613538,0.0,0.2,0.2,0.028092639983251403
33,92034,0.5,8,0,1,1,cloud_0,edge_5,1,1,1,0,18.36099060778365,3.1593172456186367,15.201673362165012,1,57.42632126954779,85.29708826568317,27.87076699613538,0.0,0.2,0.2,0.028092639983251403
33,92034,1.0,8,0,1,1,cloud_0,edge_5,1,1,1,0,18.36099060778365,3.1593172456186367,15.201673362165012,1,57.42632126954779,85.29708826568317,27.87076699613538,0.0,0.2,0.2,0.028092639983251403
33,92034,2.0,8,0,1,1,cloud_0,edge_5,1,1,1,0,18.36099060778365,3.1593172456186367,15.201673362165012,1,57.42632126954779,85.29708826568317,27.87076699613538,0.0,0.2,0.2,0.028092639983251403
33,92034,4.0,8,0,1,1,cloud_0,edge_5,1,1,1,0,18.36099060778365,3.1593172456186367,15.201673362165012,1,57.42632126954779,85.29708826568317,27.87076699613538,0.0,0.2,0.2,0.028092639983251403
33,92034,8.0,8,0,1,1,cloud_0,edge_5,1,1,1,0,18.36099060778365,3.1593172456186367,15.201673362165012,1,57.42632126954779,85.29708826568317,27.87076699613538,0.0,0.2,0.2,0.028092639983251403
34,92035,0.0,10,2,2,0,cloud_0,cloud_0,0,1,1,0,14.930016870923998,14.930016870923998,0.0,0,53.948979823346114,53.948979823346114,0.0,0.0,0.0,0.0,0.012230753498503655
34,92035,0.25,10,2,0,1,cloud_0,edge_5,1,1,1,0,14.930016870923998,2.918954961607425,12.011061909316574,1,53.948979823346114,29.17255346678766,-24.776426356558453,0.0,0.2,0.2,0.012230753498503655
34,92035,0.5,10,2,0,1,cloud_0,edge_5,1,1,1,0,14.930016870923998,2.918954961607425,12.011061909316574,1,53.948979823346114,29.17255346678766,-24.776426356558453,0.0,0.2,0.2,0.012230753498503655
34,92035,1.0,10,2,0,1,cloud_0,edge_5,1,1,1,0,14.930016870923998,2.918954961607425,12.011061909316574,1,53.948979823346114,29.17255346678766,-24.776426356558453,0.0,0.2,0.2,0.012230753498503655
34,92035,2.0,10,2,1,1,cloud_0,edge_1,1,1,1,0,14.930016870923998,1.9278490298235518,13.002167841100446,1,53.948979823346114,39.9541211195935,-13.994858703752612,0.0,0.2,0.2,0.012230753498503655
34,92035,4.0,10,2,1,1,cloud_0,edge_1,1,1,1,0,14.930016870923998,1.9278490298235518,13.002167841100446,1,53.948979823346114,39.9541211195935,-13.994858703752612,0.0,0.2,0.2,0.012230753498503655
34,92035,8.0,10,2,1,1,cloud_0,edge_1,1,1,1,0,14.930016870923998,1.9278490298235518,13.002167841100446,1,53.948979823346114,39.9541211195935,-13.994858703752612,0.0,0.2,0.2,0.012230753498503655
35,92036,0.0,4,0,0,0,cloud_0,cloud_0,0,1,1,0,17.10764094290007,17.10764094290007,0.0,0,72.24437548401036,72.24437548401036,0.0,0.0,0.0,0.0,0.020489900423687063
35,92036,0.25,4,0,0,0,cloud_0,cloud_0,0,1,1,0,17.10764094290007,17.10764094290007,0.0,0,72.24437548401036,72.24437548401036,0.0,0.0,0.0,0.0,0.020489900423687063
35,92036,0.5,4,0,0,0,cloud_0,cloud_0,0,1,1,0,17.10764094290007,17.10764094290007,0.0,0,72.24437548401036,72.24437548401036,0.0,0.0,0.0,0.0,0.020489900423687063
35,92036,1.0,4,0,0,0,cloud_0,cloud_0,0,1,1,0,17.10764094290007,17.10764094290007,0.0,0,72.24437548401036,72.24437548401036,0.0,0.0,0.0,0.0,0.020489900423687063
35,92036,2.0,4,0,0,0,cloud_0,cloud_0,0,1,1,0,17.10764094290007,17.10764094290007,0.0,0,72.24437548401036,72.24437548401036,0.0,0.0,0.0,0.0,0.020489900423687063
35,92036,4.0,4,0,0,0,cloud_0,cloud_0,0,1,1,0,17.10764094290007,17.10764094290007,0.0,0,72.24437548401036,72.24437548401036,0.0,0.0,0.0,0.0,0.020489900423687063
35,92036,8.0,4,0,0,0,cloud_0,cloud_0,0,1,1,0,17.10764094290007,17.10764094290007,0.0,0,72.24437548401036,72.24437548401036,0.0,0.0,0.0,0.0,0.020489900423687063
36,92037,0.0,8,0,0,0,cloud_0,cloud_0,0,1,1,0,22.55365755907103,22.55365755907103,0.0,0,119.63034813226113,119.63034813226113,0.0,0.0,0.0,0.0,0.03957752760626732
36,92037,0.25,8,0,1,1,cloud_0,edge_0,1,1,1,0,22.55365755907103,0.19140586023529718,22.362251698835735,1,119.63034813226113,130.73925357897755,11.10890544671642,0.0,0.0,0.0,0.03957752760626732
36,92037,0.5,8,0,1,1,cloud_0,edge_0,1,1,1,0,22.55365755907103,0.19140586023529718,22.362251698835735,1,119.63034813226113,130.73925357897755,11.10890544671642,0.0,0.0,0.0,0.03957752760626732
36,92037,1.0,8,0,1,1,cloud_0,edge_0,1,1,1,0,22.55365755907103,0.19140586023529718,22.362251698835735,1,119.63034813226113,130.73925357897755,11.10890544671642,0.0,0.0,0.0,0.03957752760626732
36,92037,2.0,8,0,1,1,cloud_0,edge_0,1,1,1,0,22.55365755907103,0.19140586023529718,22.362251698835735,1,119.63034813226113,130.73925357897755,11.10890544671642,0.0,0.0,0.0,0.03957752760626732
36,92037,4.0,8,0,1,1,cloud_0,edge_0,1,1,1,0,22.55365755907103,0.19140586023529718,22.362251698835735,1,119.63034813226113,130.73925357897755,11.10890544671642,0.0,0.0,0.0,0.03957752760626732
36,92037,8.0,8,0,1,1,cloud_0,edge_0,1,1,1,0,22.55365755907103,0.19140586023529718,22.362251698835735,1,119.63034813226113,130.73925357897755,11.10890544671642,0.0,0.0,0.0,0.03957752760626732
37,92038,0.0,4,0,0,0,cloud_0,cloud_0,0,1,1,0,14.129860898068703,14.129860898068703,0.0,0,87.53079614198106,87.53079614198106,0.0,0.0,0.0,0.0,0.04242881190856833
37,92038,0.25,4,0,0,0,cloud_0,cloud_0,0,1,1,0,14.129860898068703,14.129860898068703,0.0,0,87.53079614198106,87.53079614198106,0.0,0.0,0.0,0.0,0.04242881190856833
37,92038,0.5,4,0,0,0,cloud_0,cloud_0,0,1,1,0,14.129860898068703,14.129860898068703,0.0,0,87.53079614198106,87.53079614198106,0.0,0.0,0.0,0.0,0.04242881190856833
37,92038,1.0,4,0,0,0,cloud_0,cloud_0,0,1,1,0,14.129860898068703,14.129860898068703,0.0,0,87.53079614198106,87.53079614198106,0.0,0.0,0.0,0.0,0.04242881190856833
37,92038,2.0,4,0,0,0,cloud_0,cloud_0,0,1,1,0,14.129860898068703,14.129860898068703,0.0,0,87.53079614198106,87.53079614198106,0.0,0.0,0.0,0.0,0.04242881190856833
37,92038,4.0,4,0,0,0,cloud_0,cloud_0,0,1,1,0,14.129860898068703,14.129860898068703,0.0,0,87.53079614198106,87.53079614198106,0.0,0.0,0.0,0.0,0.04242881190856833
37,92038,8.0,4,0,0,0,cloud_0,cloud_0,0,1,1,0,14.129860898068703,14.129860898068703,0.0,0,87.53079614198106,87.53079614198106,0.0,0.0,0.0,0.0,0.04242881190856833
38,92039,0.0,4,0,0,0,cloud_0,cloud_0,0,1,1,0,12.277244952055328,12.277244952055328,0.0,0,49.221530499882064,49.221530499882064,0.0,0.0,0.0,0.0,0.009527172815991228
38,92039,0.25,4,0,0,0,cloud_0,cloud_0,0,1,1,0,12.277244952055328,12.277244952055328,0.0,0,49.221530499882064,49.221530499882064,0.0,0.0,0.0,0.0,0.009527172815991228
38,92039,0.5,4,0,0,0,cloud_0,cloud_0,0,1,1,0,12.277244952055328,12.277244952055328,0.0,0,49.221530499882064,49.221530499882064,0.0,0.0,0.0,0.0,0.009527172815991228
38,92039,1.0,4,0,0,0,cloud_0,cloud_0,0,1,1,0,12.277244952055328,12.277244952055328,0.0,0,49.221530499882064,49.221530499882064,0.0,0.0,0.0,0.0,0.009527172815991228
38,92039,2.0,4,0,0,0,cloud_0,cloud_0,0,1,1,0,12.277244952055328,12.277244952055328,0.0,0,49.221530499882064,49.221530499882064,0.0,0.0,0.0,0.0,0.009527172815991228
38,92039,4.0,4,0,0,0,cloud_0,cloud_0,0,1,1,0,12.277244952055328,12.277244952055328,0.0,0,49.221530499882064,49.221530499882064,0.0,0.0,0.0,0.0,0.009527172815991228
38,92039,8.0,4,0,0,0,cloud_0,cloud_0,0,1,1,0,12.277244952055328,12.277244952055328,0.0,0,49.221530499882064,49.221530499882064,0.0,0.0,0.0,0.0,0.009527172815991228
39,92040,0.0,8,0,0,0,cloud_0,cloud_0,0,1,1,0,16.5068240480079,16.5068240480079,0.0,0,80.241563278816,80.241563278816,0.0,0.0,0.0,0.0,0.03696236679735834
39,92040,0.25,8,0,1,1,cloud_0,edge_2,1,1,1,0,16.5068240480079,4.230842309937914,12.275981738069985,1,80.241563278816,132.62561322675884,52.38404994794284,0.0,0.25,0.25,0.03696236679735834
39,92040,0.5,8,0,1,1,cloud_0,edge_2,1,1,1,0,16.5068240480079,4.230842309937914,12.275981738069985,1,80.241563278816,132.62561322675884,52.38404994794284,0.0,0.25,0.25,0.03696236679735834
39,92040,1.0,8,0,1,1,cloud_0,edge_2,1,1,1,0,16.5068240480079,4.230842309937914,12.275981738069985,1,80.241563278816,132.62561322675884,52.38404994794284,0.0,0.25,0.25,0.03696236679735834
39,92040,2.0,8,0,1,1,cloud_0,edge_2,1,1,1,0,16.5068240480079,4.230842309937914,12.275981738069985,1,80.241563278816,132.62561322675884,52.38404994794284,0.0,0.25,0.25,0.03696236679735834
39,92040,4.0,8,0,1,1,cloud_0,edge_2,1,1,1,0,16.5068240480079,4.230842309937914,12.275981738069985,1,80.241563278816,132.62561322675884,52.38404994794284,0.0,0.25,0.25,0.03696236679735834
39,92040,8.0,8,0,1,1,cloud_0,edge_2,1,1,1,0,16.5068240480079,4.230842309937914,12.275981738069985,1,80.241563278816,132.62561322675884,52.38404994794284,0.0,0.25,0.25,0.03696236679735834
40,92041,0.0,8,0,0,0,cloud_0,cloud_0,0,1,1,0,13.431159646233738,13.431159646233738,0.0,0,68.40526860465825,68.40526860465825,0.0,0.0,0.0,0.0,0.014183512621282746
40,92041,0.25,8,0,1,1,cloud_0,edge_5,1,1,1,0,13.431159646233738,2.842567570973922,10.588592075259815,1,68.40526860465825,74.74864727901101,6.343378674352763,0.0,0.0,0.0,0.014183512621282746
40,92041,0.5,8,0,1,1,cloud_0,edge_5,1,1,1,0,13.431159646233738,2.842567570973922,10.588592075259815,1,68.40526860465825,74.74864727901101,6.343378674352763,0.0,0.0,0.0,0.014183512621282746
40,92041,1.0,8,0,1,1,cloud_0,edge_5,1,1,1,0,13.431159646233738,2.842567570973922,10.588592075259815,1,68.40526860465825,74.74864727901101,6.343378674352763,0.0,0.0,0.0,0.014183512621282746
40,92041,2.0,8,0,1,1,cloud_0,edge_5,1,1,1,0,13.431159646233738,2.842567570973922,10.588592075259815,1,68.40526860465825,74.74864727901101,6.343378674352763,0.0,0.0,0.0,0.014183512621282746
40,92041,4.0,8,0,1,1,cloud_0,edge_5,1,1,1,0,13.431159646233738,2.842567570973922,10.588592075259815,1,68.40526860465825,74.74864727901101,6.343378674352763,0.0,0.0,0.0,0.014183512621282746
40,92041,8.0,8,0,1,1,cloud_0,edge_5,1,1,1,0,13.431159646233738,2.842567570973922,10.588592075259815,1,68.40526860465825,74.74864727901101,6.343378674352763,0.0,0.0,0.0,0.014183512621282746
41,92042,0.0,8,0,0,0,cloud_0,cloud_0,0,1,1,0,16.440480566363316,16.440480566363316,0.0,0,60.22800682071364,60.22800682071364,0.0,0.0,0.0,0.0,0.02224759898611827
41,92042,0.25,8,0,1,1,cloud_0,edge_1,1,1,1,0,16.440480566363316,2.0402973323398355,14.40018323402348,1,60.22800682071364,69.182229074775,8.954222254061357,0.0,0.0,0.0,0.02224759898611827
41,92042,0.5,8,0,1,1,cloud_0,edge_1,1,1,1,0,16.440480566363316,2.0402973323398355,14.40018323402348,1,60.22800682071364,69.182229074775,8.954222254061357,0.0,0.0,0.0,0.02224759898611827
41,92042,1.0,8,0,1,1,cloud_0,edge_1,1,1,1,0,16.440480566363316,2.0402973323398355,14.40018323402348,1,60.22800682071364,69.182229074775,8.954222254061357,0.0,0.0,0.0,0.02224759898611827
41,92042,2.0,8,0,1,1,cloud_0,edge_1,1,1,1,0,16.440480566363316,2.0402973323398355,14.40018323402348,1,60.22800682071364,69.182229074775,8.954222254061357,0.0,0.0,0.0,0.02224759898611827
41,92042,4.0,8,0,1,1,cloud_0,edge_1,1,1,1,0,16.440480566363316,2.0402973323398355,14.40018323402348,1,60.22800682071364,69.182229074775,8.954222254061357,0.0,0.0,0.0,0.02224759898611827
41,92042,8.0,8,0,1,1,cloud_0,edge_1,1,1,1,0,16.440480566363316,2.0402973323398355,14.40018323402348,1,60.22800682071364,69.182229074775,8.954222254061357,0.0,0.0,0.0,0.02224759898611827
42,92043,0.0,8,1,1,0,cloud_0,cloud_0,0,1,1,0,13.896717103280492,13.896717103280492,0.0,0,93.85501002375156,93.85501002375156,0.0,0.0,0.0,0.0,0.03599082457931732
42,92043,0.25,8,1,0,1,cloud_0,edge_5,1,1,1,0,13.896717103280492,2.67767005546704,11.219047047813453,1,93.85501002375156,78.5380037307851,-15.317006292966454,0.0,0.5,0.5,0.03599082457931732
42,92043,0.5,8,1,0,1,cloud_0,edge_5,1,1,1,0,13.896717103280492,2.67767005546704,11.219047047813453,1,93.85501002375156,78.5380037307851,-15.317006292966454,0.0,0.5,0.5,0.03599082457931732
42,92043,1.0,8,1,0,1,cloud_0,edge_5,1,1,1,0,13.896717103280492,2.67767005546704,11.219047047813453,1,93.85501002375156,78.5380037307851,-15.317006292966454,0.0,0.5,0.5,0.03599082457931732
42,92043,2.0,8,1,0,1,cloud_0,edge_5,1,1,1,0,13.896717103280492,2.67767005546704,11.219047047813453,1,93.85501002375156,78.5380037307851,-15.317006292966454,0.0,0.5,0.5,0.03599082457931732
42,92043,4.0,8,1,0,1,cloud_0,edge_5,1,1,1,0,13.896717103280492,2.67767005546704,11.219047047813453,1,93.85501002375156,78.5380037307851,-15.317006292966454,0.0,0.5,0.5,0.03599082457931732
42,92043,8.0,8,1,0,1,cloud_0,edge_5,1,1,1,0,13.896717103280492,2.67767005546704,11.219047047813453,1,93.85501002375156,78.5380037307851,-15.317006292966454,0.0,0.5,0.5,0.03599082457931732
43,92044,0.0,8,1,1,0,cloud_0,cloud_0,0,1,1,0,20.062014835523108,20.062014835523108,0.0,0,80.9974047914923,80.9974047914923,0.0,0.0,0.0,0.0,0.03163978801822988
43,92044,0.25,8,1,0,1,cloud_0,edge_5,1,1,1,0,20.062014835523108,3.007332439149283,17.054682396373824,1,80.9974047914923,65.93097684023549,-15.066427951256813,0.0,0.2,0.2,0.03163978801822988
43,92044,0.5,8,1,0,1,cloud_0,edge_5,1,1,1,0,20.062014835523108,3.007332439149283,17.054682396373824,1,80.9974047914923,65.93097684023549,-15.066427951256813,0.0,0.2,0.2,0.03163978801822988
43,92044,1.0,8,1,0,1,cloud_0,edge_5,1,1,1,0,20.062014835523108,3.007332439149283,17.054682396373824,1,80.9974047914923,65.93097684023549,-15.066427951256813,0.0,0.2,0.2,0.03163978801822988
43,92044,2.0,8,1,0,1,cloud_0,edge_5,1,1,1,0,20.062014835523108,3.007332439149283,17.054682396373824,1,80.9974047914923,65.93097684023549,-15.066427951256813,0.0,0.2,0.2,0.03163978801822988
43,92044,4.0,8,1,0,1,cloud_0,edge_5,1,1,1,0,20.062014835523108,3.007332439149283,17.054682396373824,1,80.9974047914923,65.93097684023549,-15.066427951256813,0.0,0.2,0.2,0.03163978801822988
43,92044,8.0,8,1,0,1,cloud_0,edge_5,1,1,1,0,20.062014835523108,3.007332439149283,17.054682396373824,1,80.9974047914923,65.93097684023549,-15.066427951256813,0.0,0.2,0.2,0.03163978801822988
44,92045,0.0,12,2,2,0,cloud_0,cloud_0,0,1,1,0,22.323796471391898,22.323796471391898,0.0,0,89.70492821566005,89.70492821566005,0.0,0.0,0.0,0.0,0.07736135522401241
44,92045,0.25,12,2,0,1,cloud_0,edge_3,1,1,1,0,22.323796471391898,1.3698887977500862,20.95390767364181,1,89.70492821566005,39.243344597325915,-50.46158361833413,0.0,0.0,0.0,0.07736135522401241
44,92045,0.5,12,2,0,1,cloud_0,edge_3,1,1,1,0,22.323796471391898,1.3698887977500862,20.95390767364181,1,89.70492821566005,39.243344597325915,-50.46158361833413,0.0,0.0,0.0,0.07736135522401241
44,92045,1.0,12,2,0,1,cloud_0,edge_3,1,1,1,0,22.323796471391898,1.3698887977500862,20.95390767364181,1,89.70492821566005,39.243344597325915,-50.46158361833413,0.0,0.0,0.0,0.07736135522401241
44,92045,2.0,12,2,0,1,cloud_0,edge_3,1,1,1,0,22.323796471391898,1.3698887977500862,20.95390767364181,1,89.70492821566005,39.243344597325915,-50.46158361833413,0.0,0.0,0.0,0.07736135522401241
44,92045,4.0,12,2,0,1,cloud_0,edge_3,1,1,1,0,22.323796471391898,1.3698887977500862,20.95390767364181,1,89.70492821566005,39.243344597325915,-50.46158361833413,0.0,0.0,0.0,0.07736135522401241
44,92045,8.0,12,2,0,1,cloud_0,edge_3,1,1,1,0,22.323796471391898,1.3698887977500862,20.95390767364181,1,89.70492821566005,39.243344597325915,-50.46158361833413,0.0,0.0,0.0,0.07736135522401241
45,92046,0.0,12,0,0,0,cloud_0,cloud_0,0,1,1,0,17.81750225582477,17.81750225582477,0.0,0,88.7047264337256,88.7047264337256,0.0,0.0,0.0,0.0,0.07980984954571284
45,92046,0.25,12,0,2,1,cloud_0,edge_0,1,1,1,0,17.81750225582477,0.49663458331493165,17.320867672509838,1,88.7047264337256,123.61757960721383,34.91285317348823,0.0,0.0,0.0,0.07980984954571284
45,92046,0.5,12,0,2,1,cloud_0,edge_0,1,1,1,0,17.81750225582477,0.49663458331493165,17.320867672509838,1,88.7047264337256,123.61757960721383,34.91285317348823,0.0,0.0,0.0,0.07980984954571284
45,92046,1.0,12,0,2,1,cloud_0,edge_0,1,1,1,0,17.81750225582477,0.49663458331493165,17.320867672509838,1,88.7047264337256,123.61757960721383,34.91285317348823,0.0,0.0,0.0,0.07980984954571284
45,92046,2.0,12,0,2,1,cloud_0,edge_0,1,1,1,0,17.81750225582477,0.49663458331493165,17.320867672509838,1,88.7047264337256,123.61757960721383,34.91285317348823,0.0,0.0,0.0,0.07980984954571284
45,92046,4.0,12,0,2,1,cloud_0,edge_0,1,1,1,0,17.81750225582477,0.49663458331493165,17.320867672509838,1,88.7047264337256,123.61757960721383,34.91285317348823,0.0,0.0,0.0,0.07980984954571284
45,92046,8.0,12,0,2,1,cloud_0,edge_0,1,1,1,0,17.81750225582477,0.49663458331493165,17.320867672509838,1,88.7047264337256,123.61757960721383,34.91285317348823,0.0,0.0,0.0,0.07980984954571284
46,92047,0.0,4,0,0,0,cloud_0,cloud_0,0,1,1,0,18.93540620039164,18.93540620039164,0.0,0,66.82166724206206,66.82166724206206,0.0,0.0,0.0,0.0,0.022563387897609796
46,92047,0.25,4,0,0,0,cloud_0,cloud_0,0,1,1,0,18.93540620039164,18.93540620039164,0.0,0,66.82166724206206,66.82166724206206,0.0,0.0,0.0,0.0,0.022563387897609796
46,92047,0.5,4,0,0,0,cloud_0,cloud_0,0,1,1,0,18.93540620039164,18.93540620039164,0.0,0,66.82166724206206,66.82166724206206,0.0,0.0,0.0,0.0,0.022563387897609796
46,92047,1.0,4,0,0,0,cloud_0,cloud_0,0,1,1,0,18.93540620039164,18.93540620039164,0.0,0,66.82166724206206,66.82166724206206,0.0,0.0,0.0,0.0,0.022563387897609796
46,92047,2.0,4,0,0,0,cloud_0,cloud_0,0,1,1,0,18.93540620039164,18.93540620039164,0.0,0,66.82166724206206,66.82166724206206,0.0,0.0,0.0,0.0,0.022563387897609796
46,92047,4.0,4,0,0,0,cloud_0,cloud_0,0,1,1,0,18.93540620039164,18.93540620039164,0.0,0,66.82166724206206,66.82166724206206,0.0,0.0,0.0,0.0,0.022563387897609796
46,92047,8.0,4,0,0,0,cloud_0,cloud_0,0,1,1,0,18.93540620039164,18.93540620039164,0.0,0,66.82166724206206,66.82166724206206,0.0,0.0,0.0,0.0,0.022563387897609796
47,92048,0.0,8,1,1,0,cloud_0,cloud_0,0,1,1,0,15.056162777963651,15.056162777963651,0.0,0,105.8858133340425,105.8858133340425,0.0,0.0,0.0,0.0,0.02194925455506258
47,92048,0.25,8,1,1,0,cloud_0,cloud_0,0,1,1,0,15.056162777963651,15.056162777963651,0.0,0,105.8858133340425,105.8858133340425,0.0,0.0,0.0,0.0,0.02194925455506258
47,92048,0.5,8,1,0,1,cloud_0,edge_0,1,1,1,0,15.056162777963651,0.12558014145322594,14.930582636510426,1,105.8858133340425,50.71572742401901,-55.17008591002349,0.0,0.0,0.0,0.02194925455506258
47,92048,1.0,8,1,0,1,cloud_0,edge_0,1,1,1,0,15.056162777963651,0.12558014145322594,14.930582636510426,1,105.8858133340425,50.71572742401901,-55.17008591002349,0.0,0.0,0.0,0.02194925455506258
47,92048,2.0,8,1,0,1,cloud_0,edge_0,1,1,1,0,15.056162777963651,0.12558014145322594,14.930582636510426,1,105.8858133340425,50.71572742401901,-55.17008591002349,0.0,0.0,0.0,0.02194925455506258
47,92048,4.0,8,1,0,1,cloud_0,edge_0,1,1,1,0,15.056162777963651,0.12558014145322594,14.930582636510426,1,105.8858133340425,50.71572742401901,-55.17008591002349,0.0,0.0,0.0,0.02194925455506258
47,92048,8.0,8,1,0,1,cloud_0,edge_0,1,1,1,0,15.056162777963651,0.12558014145322594,14.930582636510426,1,105.8858133340425,50.71572742401901,-55.17008591002349,0.0,0.0,0.0,0.02194925455506258
48,92049,0.0,12,2,2,0,cloud_0,cloud_0,0,1,1,0,13.030073230990395,13.030073230990395,0.0,0,59.64271705503621,59.64271705503621,0.0,0.0,0.0,0.0,0.013269977544183242
48,92049,0.25,12,2,0,1,cloud_0,edge_0,1,1,1,0,13.030073230990395,0.06862034469492703,12.961452886295467,1,59.64271705503621,32.09559365123192,-27.547123403804285,0.0,0.0,0.0,0.013269977544183242
48,92049,0.5,12,2,0,1,cloud_0,edge_0,1,1,1,0,13.030073230990395,0.06862034469492703,12.961452886295467,1,59.64271705503621,32.09559365123192,-27.547123403804285,0.0,0.0,0.0,0.013269977544183242
48,92049,1.0,12,2,0,1,cloud_0,edge_0,1,1,1,0,13.030073230990395,0.06862034469492703,12.961452886295467,1,59.64271705503621,32.09559365123192,-27.547123403804285,0.0,0.0,0.0,0.013269977544183242
48,92049,2.0,12,2,0,1,cloud_0,edge_0,1,1,1,0,13.030073230990395,0.06862034469492703,12.961452886295467,1,59.64271705503621,32.09559365123192,-27.547123403804285,0.0,0.0,0.0,0.013269977544183242
48,92049,4.0,12,2,0,1,cloud_0,edge_0,1,1,1,0,13.030073230990395,0.06862034469492703,12.961452886295467,1,59.64271705503621,32.09559365123192,-27.547123403804285,0.0,0.0,0.0,0.013269977544183242
48,92049,8.0,12,2,0,1,cloud_0,edge_0,1,1,1,0,13.030073230990395,0.06862034469492703,12.961452886295467,1,59.64271705503621,32.09559365123192,-27.547123403804285,0.0,0.0,0.0,0.013269977544183242
49,92050,0.0,4,0,0,0,cloud_0,cloud_0,0,1,1,0,17.73633476374055,17.73633476374055,0.0,0,79.60814342759721,79.60814342759721,0.0,0.0,0.0,0.0,0.05649441260608714
49,92050,0.25,4,0,0,0,cloud_0,cloud_0,0,1,1,0,17.73633476374055,17.73633476374055,0.0,0,79.60814342759721,79.60814342759721,0.0,0.0,0.0,0.0,0.05649441260608714
49,92050,0.5,4,0,0,0,cloud_0,cloud_0,0,1,1,0,17.73633476374055,17.73633476374055,0.0,0,79.60814342759721,79.60814342759721,0.0,0.0,0.0,0.0,0.05649441260608714
49,92050,1.0,4,0,0,0,cloud_0,cloud_0,0,1,1,0,17.73633476374055,17.73633476374055,0.0,0,79.60814342759721,79.60814342759721,0.0,0.0,0.0,0.0,0.05649441260608714
49,92050,2.0,4,0,0,0,cloud_0,cloud_0,0,1,1,0,17.73633476374055,17.73633476374055,0.0,0,79.60814342759721,79.60814342759721,0.0,0.0,0.0,0.0,0.05649441260608714
49,92050,4.0,4,0,0,0,cloud_0,cloud_0,0,1,1,0,17.73633476374055,17.73633476374055,0.0,0,79.60814342759721,79.60814342759721,0.0,0.0,0.0,0.0,0.05649441260608714
49,92050,8.0,4,0,0,0,cloud_0,cloud_0,0,1,1,0,17.73633476374055,17.73633476374055,0.0,0,79.60814342759721,79.60814342759721,0.0,0.0,0.0,0.0,0.05649441260608714
50,92051,0.0,4,0,0,0,cloud_0,cloud_0,0,1,1,0,15.83581118461774,15.83581118461774,0.0,0,36.820638420579726,36.820638420579726,0.0,0.0,0.0,0.0,0.005093432005228226
50,92051,0.25,4,0,0,0,cloud_0,cloud_0,0,1,1,0,15.83581118461774,15.83581118461774,0.0,0,36.820638420579726,36.820638420579726,0.0,0.0,0.0,0.0,0.005093432005228226
50,92051,0.5,4,0,0,0,cloud_0,cloud_0,0,1,1,0,15.83581118461774,15.83581118461774,0.0,0,36.820638420579726,36.820638420579726,0.0,0.0,0.0,0.0,0.005093432005228226
50,92051,1.0,4,0,0,0,cloud_0,cloud_0,0,1,1,0,15.83581118461774,15.83581118461774,0.0,0,36.820638420579726,36.820638420579726,0.0,0.0,0.0,0.0,0.005093432005228226
50,92051,2.0,4,0,0,0,cloud_0,cloud_0,0,1,1,0,15.83581118461774,15.83581118461774,0.0,0,36.820638420579726,36.820638420579726,0.0,0.0,0.0,0.0,0.005093432005228226
50,92051,4.0,4,0,0,0,cloud_0,cloud_0,0,1,1,0,15.83581118461774,15.83581118461774,0.0,0,36.820638420579726,36.820638420579726,0.0,0.0,0.0,0.0,0.005093432005228226
50,92051,8.0,4,0,0,0,cloud_0,cloud_0,0,1,1,0,15.83581118461774,15.83581118461774,0.0,0,36.820638420579726,36.820638420579726,0.0,0.0,0.0,0.0,0.005093432005228226
51,92052,0.0,4,0,0,0,cloud_0,cloud_0,0,1,1,0,18.421013966217476,18.421013966217476,0.0,0,61.00170375228672,61.00170375228672,0.0,0.0,0.0,0.0,0.008783527723026088
51,92052,0.25,4,0,0,0,cloud_0,cloud_0,0,1,1,0,18.421013966217476,18.421013966217476,0.0,0,61.00170375228672,61.00170375228672,0.0,0.0,0.0,0.0,0.008783527723026088
51,92052,0.5,4,0,0,0,cloud_0,cloud_0,0,1,1,0,18.421013966217476,18.421013966217476,0.0,0,61.00170375228672,61.00170375228672,0.0,0.0,0.0,0.0,0.008783527723026088
51,92052,1.0,4,0,0,0,cloud_0,cloud_0,0,1,1,0,18.421013966217476,18.421013966217476,0.0,0,61.00170375228672,61.00170375228672,0.0,0.0,0.0,0.0,0.008783527723026088
51,92052,2.0,4,0,0,0,cloud_0,cloud_0,0,1,1,0,18.421013966217476,18.421013966217476,0.0,0,61.00170375228672,61.00170375228672,0.0,0.0,0.0,0.0,0.008783527723026088
51,92052,4.0,4,0,0,0,cloud_0,cloud_0,0,1,1,0,18.421013966217476,18.421013966217476,0.0,0,61.00170375228672,61.00170375228672,0.0,0.0,0.0,0.0,0.008783527723026088
51,92052,8.0,4,0,0,0,cloud_0,cloud_0,0,1,1,0,18.421013966217476,18.421013966217476,0.0,0,61.00170375228672,61.00170375228672,0.0,0.0,0.0,0.0,0.008783527723026088
52,92053,0.0,12,0,0,0,cloud_0,cloud_0,0,1,1,0,18.09021191227876,18.09021191227876,0.0,0,67.19353965784666,67.19353965784666,0.0,0.0,0.0,0.0,0.06273939182637148
52,92053,0.25,12,0,2,1,cloud_0,edge_5,1,1,1,0,18.09021191227876,1.0483645344789545,17.041847377799808,1,67.19353965784666,105.37573488283229,38.182195224985634,0.0,0.16666666666666666,0.16666666666666666,0.06273939182637148
52,92053,0.5,12,0,2,1,cloud_0,edge_5,1,1,1,0,18.09021191227876,1.0483645344789545,17.041847377799808,1,67.19353965784666,105.37573488283229,38.182195224985634,0.0,0.16666666666666666,0.16666666666666666,0.06273939182637148
52,92053,1.0,12,0,2,1,cloud_0,edge_5,1,1,1,0,18.09021191227876,1.0483645344789545,17.041847377799808,1,67.19353965784666,105.37573488283229,38.182195224985634,0.0,0.16666666666666666,0.16666666666666666,0.06273939182637148
52,92053,2.0,12,0,2,1,cloud_0,edge_5,1,1,1,0,18.09021191227876,1.0483645344789545,17.041847377799808,1,67.19353965784666,105.37573488283229,38.182195224985634,0.0,0.16666666666666666,0.16666666666666666,0.06273939182637148
52,92053,4.0,12,0,2,1,cloud_0,edge_5,1,1,1,0,18.09021191227876,1.0483645344789545,17.041847377799808,1,67.19353965784666,105.37573488283229,38.182195224985634,0.0,0.16666666666666666,0.16666666666666666,0.06273939182637148
52,92053,8.0,12,0,2,1,cloud_0,edge_5,1,1,1,0,18.09021191227876,1.0483645344789545,17.041847377799808,1,67.19353965784666,105.37573488283229,38.182195224985634,0.0,0.16666666666666666,0.16666666666666666,0.06273939182637148
53,92054,0.0,16,0,0,0,cloud_0,cloud_0,0,1,1,0,17.285514651440742,17.285514651440742,0.0,0,65.60313347547032,65.60313347547032,0.0,0.0,0.0,0.0,0.019616170462866143
53,92054,0.25,16,0,2,1,cloud_0,edge_5,1,1,1,0,17.285514651440742,2.2467974655217233,15.038717185919019,1,65.60313347547032,86.24170985647518,20.638576381004867,0.0,0.42857142857142855,0.42857142857142855,0.019616170462866143
53,92054,0.5,16,0,1,1,cloud_0,edge_0,1,1,1,0,17.285514651440742,0.09347285333414368,17.192041798106597,1,65.60313347547032,67.17489346711903,1.5717599916487188,0.0,0.0,0.0,0.019616170462866143
53,92054,1.0,16,0,1,1,cloud_0,edge_0,1,1,1,0,17.285514651440742,0.09347285333414368,17.192041798106597,1,65.60313347547032,67.17489346711903,1.5717599916487188,0.0,0.0,0.0,0.019616170462866143
53,92054,2.0,16,0,1,1,cloud_0,edge_0,1,1,1,0,17.285514651440742,0.09347285333414368,17.192041798106597,1,65.60313347547032,67.17489346711903,1.5717599916487188,0.0,0.0,0.0,0.019616170462866143
53,92054,4.0,16,0,1,1,cloud_0,edge_0,1,1,1,0,17.285514651440742,0.09347285333414368,17.192041798106597,1,65.60313347547032,67.17489346711903,1.5717599916487188,0.0,0.0,0.0,0.019616170462866143
53,92054,8.0,16,0,1,1,cloud_0,edge_0,1,1,1,0,17.285514651440742,0.09347285333414368,17.192041798106597,1,65.60313347547032,67.17489346711903,1.5717599916487188,0.0,0.0,0.0,0.019616170462866143
54,92055,0.0,4,0,0,0,cloud_0,cloud_0,0,1,1,0,13.835315033340738,13.835315033340738,0.0,0,85.37238753437981,85.37238753437981,0.0,0.0,0.0,0.0,0.03737447045888297
54,92055,0.25,4,0,0,0,cloud_0,cloud_0,0,1,1,0,13.835315033340738,13.835315033340738,0.0,0,85.37238753437981,85.37238753437981,0.0,0.0,0.0,0.0,0.03737447045888297
54,92055,0.5,4,0,0,0,cloud_0,cloud_0,0,1,1,0,13.835315033340738,13.835315033340738,0.0,0,85.37238753437981,85.37238753437981,0.0,0.0,0.0,0.0,0.03737447045888297
54,92055,1.0,4,0,0,0,cloud_0,cloud_0,0,1,1,0,13.835315033340738,13.835315033340738,0.0,0,85.37238753437981,85.37238753437981,0.0,0.0,0.0,0.0,0.03737447045888297
54,92055,2.0,4,0,0,0,cloud_0,cloud_0,0,1,1,0,13.835315033340738,13.835315033340738,0.0,0,85.37238753437981,85.37238753437981,0.0,0.0,0.0,0.0,0.03737447045888297
54,92055,4.0,4,0,0,0,cloud_0,cloud_0,0,1,1,0,13.835315033340738,13.835315033340738,0.0,0,85.37238753437981,85.37238753437981,0.0,0.0,0.0,0.0,0.03737447045888297
54,92055,8.0,4,0,0,0,cloud_0,cloud_0,0,1,1,0,13.835315033340738,13.835315033340738,0.0,0,85.37238753437981,85.37238753437981,0.0,0.0,0.0,0.0,0.03737447045888297
55,92056,0.0,4,0,0,0,cloud_0,cloud_0,0,1,1,0,12.530784137193578,12.530784137193578,0.0,0,88.92734528329613,88.92734528329613,0.0,0.0,0.0,0.0,0.0616346600866569
55,92056,0.25,4,0,0,0,cloud_0,cloud_0,0,1,1,0,12.530784137193578,12.530784137193578,0.0,0,88.92734528329613,88.92734528329613,0.0,0.0,0.0,0.0,0.0616346600866569
55,92056,0.5,4,0,0,0,cloud_0,cloud_0,0,1,1,0,12.530784137193578,12.530784137193578,0.0,0,88.92734528329613,88.92734528329613,0.0,0.0,0.0,0.0,0.0616346600866569
55,92056,1.0,4,0,0,0,cloud_0,cloud_0,0,1,1,0,12.530784137193578,12.530784137193578,0.0,0,88.92734528329613,88.92734528329613,0.0,0.0,0.0,0.0,0.0616346600866569
55,92056,2.0,4,0,0,0,cloud_0,cloud_0,0,1,1,0,12.530784137193578,12.530784137193578,0.0,0,88.92734528329613,88.92734528329613,0.0,0.0,0.0,0.0,0.0616346600866569
55,92056,4.0,4,0,0,0,cloud_0,cloud_0,0,1,1,0,12.530784137193578,12.530784137193578,0.0,0,88.92734528329613,88.92734528329613,0.0,0.0,0.0,0.0,0.0616346600866569
55,92056,8.0,4,0,0,0,cloud_0,cloud_0,0,1,1,0,12.530784137193578,12.530784137193578,0.0,0,88.92734528329613,88.92734528329613,0.0,0.0,0.0,0.0,0.0616346600866569
56,92057,0.0,8,1,1,0,cloud_0,cloud_0,0,1,1,0,14.017559572150017,14.017559572150017,0.0,0,99.57815050483546,99.57815050483546,0.0,0.0,0.0,0.0,0.02008626310875783
56,92057,0.25,8,1,0,1,cloud_0,edge_5,1,1,1,0,14.017559572150017,2.4528677601098337,11.564691812040182,1,99.57815050483546,63.54217282623158,-36.035977678603885,0.0,0.25,0.25,0.02008626310875783
56,92057,0.5,8,1,0,1,cloud_0,edge_5,1,1,1,0,14.017559572150017,2.4528677601098337,11.564691812040182,1,99.57815050483546,63.54217282623158,-36.035977678603885,0.0,0.25,0.25,0.02008626310875783
56,92057,1.0,8,1,0,1,cloud_0,edge_5,1,1,1,0,14.017559572150017,2.4528677601098337,11.564691812040182,1,99.57815050483546,63.54217282623158,-36.035977678603885,0.0,0.25,0.25,0.02008626310875783
56,92057,2.0,8,1,0,1,cloud_0,edge_5,1,1,1,0,14.017559572150017,2.4528677601098337,11.564691812040182,1,99.57815050483546,63.54217282623158,-36.035977678603885,0.0,0.25,0.25,0.02008626310875783
56,92057,4.0,8,1,0,1,cloud_0,edge_5,1,1,1,0,14.017559572150017,2.4528677601098337,11.564691812040182,1,99.57815050483546,63.54217282623158,-36.035977678603885,0.0,0.25,0.25,0.02008626310875783
56,92057,8.0,8,1,0,1,cloud_0,edge_5,1,1,1,0,14.017559572150017,2.4528677601098337,11.564691812040182,1,99.57815050483546,63.54217282623158,-36.035977678603885,0.0,0.25,0.25,0.02008626310875783
57,92058,0.0,8,0,0,0,cloud_0,cloud_0,0,1,1,0,16.214008621448755,16.214008621448755,0.0,0,59.19032193625262,59.19032193625262,0.0,0.0,0.0,0.0,0.01612685214977525
57,92058,0.25,8,0,1,1,cloud_0,edge_3,1,1,1,0,16.214008621448755,5.775608247158321,10.438400374290435,1,59.19032193625262,86.32098618482308,27.13066424857046,0.0,0.4,0.4,0.01612685214977525
57,92058,0.5,8,0,1,1,cloud_0,edge_3,1,1,1,0,16.214008621448755,5.775608247158321,10.438400374290435,1,59.19032193625262,86.32098618482308,27.13066424857046,0.0,0.4,0.4,0.01612685214977525
57,92058,1.0,8,0,1,1,cloud_0,edge_3,1,1,1,0,16.214008621448755,5.775608247158321,10.438400374290435,1,59.19032193625262,86.32098618482308,27.13066424857046,0.0,0.4,0.4,0.01612685214977525
57,92058,2.0,8,0,1,1,cloud_0,edge_3,1,1,1,0,16.214008621448755,5.775608247158321,10.438400374290435,1,59.19032193625262,86.32098618482308,27.13066424857046,0.0,0.4,0.4,0.01612685214977525
57,92058,4.0,8,0,1,1,cloud_0,edge_3,1,1,1,0,16.214008621448755,5.775608247158321,10.438400374290435,1,59.19032193625262,86.32098618482308,27.13066424857046,0.0,0.4,0.4,0.01612685214977525
57,92058,8.0,8,0,1,1,cloud_0,edge_3,1,1,1,0,16.214008621448755,5.775608247158321,10.438400374290435,1,59.19032193625262,86.32098618482308,27.13066424857046,0.0,0.4,0.4,0.01612685214977525
58,92059,0.0,4,0,0,0,cloud_0,cloud_0,0,1,1,0,17.433913229840954,17.433913229840954,0.0,0,77.16067391222573,77.16067391222573,0.0,0.0,0.0,0.0,0.03157171596346572
58,92059,0.25,4,0,0,0,cloud_0,cloud_0,0,1,1,0,17.433913229840954,17.433913229840954,0.0,0,77.16067391222573,77.16067391222573,0.0,0.0,0.0,0.0,0.03157171596346572
58,92059,0.5,4,0,0,0,cloud_0,cloud_0,0,1,1,0,17.433913229840954,17.433913229840954,0.0,0,77.16067391222573,77.16067391222573,0.0,0.0,0.0,0.0,0.03157171596346572
58,92059,1.0,4,0,0,0,cloud_0,cloud_0,0,1,1,0,17.433913229840954,17.433913229840954,0.0,0,77.16067391222573,77.16067391222573,0.0,0.0,0.0,0.0,0.03157171596346572
58,92059,2.0,4,0,0,0,cloud_0,cloud_0,0,1,1,0,17.433913229840954,17.433913229840954,0.0,0,77.16067391222573,77.16067391222573,0.0,0.0,0.0,0.0,0.03157171596346572
58,92059,4.0,4,0,0,0,cloud_0,cloud_0,0,1,1,0,17.433913229840954,17.433913229840954,0.0,0,77.16067391222573,77.16067391222573,0.0,0.0,0.0,0.0,0.03157171596346572
58,92059,8.0,4,0,0,0,cloud_0,cloud_0,0,1,1,0,17.433913229840954,17.433913229840954,0.0,0,77.16067391222573,77.16067391222573,0.0,0.0,0.0,0.0,0.03157171596346572
59,92060,0.0,4,0,0,0,cloud_0,cloud_0,0,1,1,0,17.50931386659229,17.50931386659229,0.0,0,60.227004263580454,60.227004263580454,0.0,0.0,0.0,0.0,0.026288331755882077
59,92060,0.25,4,0,0,0,cloud_0,cloud_0,0,1,1,0,17.50931386659229,17.50931386659229,0.0,0,60.227004263580454,60.227004263580454,0.0,0.0,0.0,0.0,0.026288331755882077
59,92060,0.5,4,0,0,0,cloud_0,cloud_0,0,1,1,0,17.50931386659229,17.50931386659229,0.0,0,60.227004263580454,60.227004263580454,0.0,0.0,0.0,0.0,0.026288331755882077
59,92060,1.0,4,0,0,0,cloud_0,cloud_0,0,1,1,0,17.50931386659229,17.50931386659229,0.0,0,60.227004263580454,60.227004263580454,0.0,0.0,0.0,0.0,0.026288331755882077
59,92060,2.0,4,0,0,0,cloud_0,cloud_0,0,1,1,0,17.50931386659229,17.50931386659229,0.0,0,60.227004263580454,60.227004263580454,0.0,0.0,0.0,0.0,0.026288331755882077
59,92060,4.0,4,0,0,0,cloud_0,cloud_0,0,1,1,0,17.50931386659229,17.50931386659229,0.0,0,60.227004263580454,60.227004263580454,0.0,0.0,0.0,0.0,0.026288331755882077
59,92060,8.0,4,0,0,0,cloud_0,cloud_0,0,1,1,0,17.50931386659229,17.50931386659229,0.0,0,60.227004263580454,60.227004263580454,0.0,0.0,0.0,0.0,0.026288331755882077
60,92061,0.0,8,1,1,0,cloud_0,cloud_0,0,1,1,0,14.156933186498424,14.156933186498424,0.0,0,53.34453588489729,53.34453588489729,0.0,0.0,0.0,0.0,0.012995332475297737
60,92061,0.25,8,1,0,1,cloud_0,edge_3,1,1,1,0,14.156933186498424,4.348897562593606,9.808035623904818,1,53.34453588489729,43.16691369379035,-10.177622191106941,0.0,0.0,0.0,0.012995332475297737
60,92061,0.5,8,1,0,1,cloud_0,edge_3,1,1,1,0,14.156933186498424,4.348897562593606,9.808035623904818,1,53.34453588489729,43.16691369379035,-10.177622191106941,0.0,0.0,0.0,0.012995332475297737
60,92061,1.0,8,1,0,1,cloud_0,edge_3,1,1,1,0,14.156933186498424,4.348897562593606,9.808035623904818,1,53.34453588489729,43.16691369379035,-10.177622191106941,0.0,0.0,0.0,0.012995332475297737
60,92061,2.0,8,1,0,1,cloud_0,edge_3,1,1,1,0,14.156933186498424,4.348897562593606,9.808035623904818,1,53.34453588489729,43.16691369379035,-10.177622191106941,0.0,0.0,0.0,0.012995332475297737
60,92061,4.0,8,1,0,1,cloud_0,edge_3,1,1,1,0,14.156933186498424,4.348897562593606,9.808035623904818,1,53.34453588489729,43.16691369379035,-10.177622191106941,0.0,0.0,0.0,0.012995332475297737
60,92061,8.0,8,1,0,1,cloud_0,edge_3,1,1,1,0,14.156933186498424,4.348897562593606,9.808035623904818,1,53.34453588489729,43.16691369379035,-10.177622191106941,0.0,0.0,0.0,0.012995332475297737
61,92062,0.0,4,0,0,0,cloud_0,cloud_0,0,1,1,0,17.888603962292073,17.888603962292073,0.0,0,67.4184940534967,67.4184940534967,0.0,0.0,0.0,0.0,0.015786894257232603
61,92062,0.25,4,0,0,0,cloud_0,cloud_0,0,1,1,0,17.888603962292073,17.888603962292073,0.0,0,67.4184940534967,67.4184940534967,0.0,0.0,0.0,0.0,0.015786894257232603
61,92062,0.5,4,0,0,0,cloud_0,cloud_0,0,1,1,0,17.888603962292073,17.888603962292073,0.0,0,67.4184940534967,67.4184940534967,0.0,0.0,0.0,0.0,0.015786894257232603
61,92062,1.0,4,0,0,0,cloud_0,cloud_0,0,1,1,0,17.888603962292073,17.888603962292073,0.0,0,67.4184940534967,67.4184940534967,0.0,0.0,0.0,0.0,0.015786894257232603
61,92062,2.0,4,0,0,0,cloud_0,cloud_0,0,1,1,0,17.888603962292073,17.888603962292073,0.0,0,67.4184940534967,67.4184940534967,0.0,0.0,0.0,0.0,0.015786894257232603
61,92062,4.0,4,0,0,0,cloud_0,cloud_0,0,1,1,0,17.888603962292073,17.888603962292073,0.0,0,67.4184940534967,67.4184940534967,0.0,0.0,0.0,0.0,0.015786894257232603
61,92062,8.0,4,0,0,0,cloud_0,cloud_0,0,1,1,0,17.888603962292073,17.888603962292073,0.0,0,67.4184940534967,67.4184940534967,0.0,0.0,0.0,0.0,0.015786894257232603
62,92063,0.0,8,0,0,0,cloud_0,cloud_0,0,1,1,0,15.805598778140403,15.805598778140403,0.0,0,63.96478381911961,63.96478381911961,0.0,0.0,0.0,0.0,0.03627390611467077
62,92063,0.25,8,0,1,1,cloud_0,edge_2,1,1,1,0,15.805598778140403,2.9311349953096055,12.874463782830798,1,63.96478381911961,102.86651936923495,38.90173555011534,0.0,0.375,0.375,0.03627390611467077
62,92063,0.5,8,0,1,1,cloud_0,edge_2,1,1,1,0,15.805598778140403,2.9311349953096055,12.874463782830798,1,63.96478381911961,102.86651936923495,38.90173555011534,0.0,0.375,0.375,0.03627390611467077
62,92063,1.0,8,0,1,1,cloud_0,edge_2,1,1,1,0,15.805598778140403,2.9311349953096055,12.874463782830798,1,63.96478381911961,102.86651936923495,38.90173555011534,0.0,0.375,0.375,0.03627390611467077
62,92063,2.0,8,0,1,1,cloud_0,edge_2,1,1,1,0,15.805598778140403,2.9311349953096055,12.874463782830798,1,63.96478381911961,102.86651936923495,38.90173555011534,0.0,0.375,0.375,0.03627390611467077
62,92063,4.0,8,0,1,1,cloud_0,edge_2,1,1,1,0,15.805598778140403,2.9311349953096055,12.874463782830798,1,63.96478381911961,102.86651936923495,38.90173555011534,0.0,0.375,0.375,0.03627390611467077
62,92063,8.0,8,0,1,1,cloud_0,edge_2,1,1,1,0,15.805598778140403,2.9311349953096055,12.874463782830798,1,63.96478381911961,102.86651936923495,38.90173555011534,0.0,0.375,0.375,0.03627390611467077
63,92064,0.0,4,0,0,0,cloud_0,cloud_0,0,1,1,0,19.91674850308679,19.91674850308679,0.0,0,55.66757603007685,55.66757603007685,0.0,0.0,0.0,0.0,0.02044934771706209
63,92064,0.25,4,0,0,0,cloud_0,cloud_0,0,1,1,0,19.91674850308679,19.91674850308679,0.0,0,55.66757603007685,55.66757603007685,0.0,0.0,0.0,0.0,0.02044934771706209
63,92064,0.5,4,0,0,0,cloud_0,cloud_0,0,1,1,0,19.91674850308679,19.91674850308679,0.0,0,55.66757603007685,55.66757603007685,0.0,0.0,0.0,0.0,0.02044934771706209
63,92064,1.0,4,0,0,0,cloud_0,cloud_0,0,1,1,0,19.91674850308679,19.91674850308679,0.0,0,55.66757603007685,55.66757603007685,0.0,0.0,0.0,0.0,0.02044934771706209
63,92064,2.0,4,0,0,0,cloud_0,cloud_0,0,1,1,0,19.91674850308679,19.91674850308679,0.0,0,55.66757603007685,55.66757603007685,0.0,0.0,0.0,0.0,0.02044934771706209
63,92064,4.0,4,0,0,0,cloud_0,cloud_0,0,1,1,0,19.91674850308679,19.91674850308679,0.0,0,55.66757603007685,55.66757603007685,0.0,0.0,0.0,0.0,0.02044934771706209
63,92064,8.0,4,0,0,0,cloud_0,cloud_0,0,1,1,0,19.91674850308679,19.91674850308679,0.0,0,55.66757603007685,55.66757603007685,0.0,0.0,0.0,0.0,0.02044934771706209
64,92065,0.0,8,0,0,0,cloud_0,cloud_0,0,1,1,0,12.820785121229006,12.820785121229006,0.0,0,127.54193469097893,127.54193469097893,0.0,0.0,0.0,0.0,0.08723980740792303
64,92065,0.25,8,0,1,1,cloud_0,edge_0,1,1,1,0,12.820785121229006,0.61237256683086,12.208412554398146,1,127.54193469097893,195.9772232246093,68.43528853363037,0.0,0.0,0.0,0.08723980740792303
64,92065,0.5,8,0,1,1,cloud_0,edge_0,1,1,1,0,12.820785121229006,0.61237256683086,12.208412554398146,1,127.54193469097893,195.9772232246093,68.43528853363037,0.0,0.0,0.0,0.08723980740792303
64,92065,1.0,8,0,1,1,cloud_0,edge_0,1,1,1,0,12.820785121229006,0.61237256683086,12.208412554398146,1,127.54193469097893,195.9772232246093,68.43528853363037,0.0,0.0,0.0,0.08723980740792303
64,92065,2.0,8,0,1,1,cloud_0,edge_0,1,1,1,0,12.820785121229006,0.61237256683086,12.208412554398146,1,127.54193469097893,195.9772232246093,68.43528853363037,0.0,0.0,0.0,0.08723980740792303
64,92065,4.0,8,0,1,1,cloud_0,edge_0,1,1,1,0,12.820785121229006,0.61237256683086,12.208412554398146,1,127.54193469097893,195.9772232246093,68.43528853363037,0.0,0.0,0.0,0.08723980740792303
64,92065,8.0,8,0,1,1,cloud_0,edge_0,1,1,1,0,12.820785121229006,0.61237256683086,12.208412554398146,1,127.54193469097893,195.9772232246093,68.43528853363037,0.0,0.0,0.0,0.08723980740792303
65,92066,0.0,4,0,0,0,cloud_0,cloud_0,0,1,1,0,18.92380639010032,18.92380639010032,0.0,0,50.768120280677365,50.768120280677365,0.0,0.0,0.0,0.0,0.0188088282071624
65,92066,0.25,4,0,0,0,cloud_0,cloud_0,0,1,1,0,18.92380639010032,18.92380639010032,0.0,0,50.768120280677365,50.768120280677365,0.0,0.0,0.0,0.0,0.0188088282071624
65,92066,0.5,4,0,0,0,cloud_0,cloud_0,0,1,1,0,18.92380639010032,18.92380639010032,0.0,0,50.768120280677365,50.768120280677365,0.0,0.0,0.0,0.0,0.0188088282071624
65,92066,1.0,4,0,0,0,cloud_0,cloud_0,0,1,1,0,18.92380639010032,18.92380639010032,0.0,0,50.768120280677365,50.768120280677365,0.0,0.0,0.0,0.0,0.0188088282071624
65,92066,2.0,4,0,0,0,cloud_0,cloud_0,0,1,1,0,18.92380639010032,18.92380639010032,0.0,0,50.768120280677365,50.768120280677365,0.0,0.0,0.0,0.0,0.0188088282071624
65,92066,4.0,4,0,0,0,cloud_0,cloud_0,0,1,1,0,18.92380639010032,18.92380639010032,0.0,0,50.768120280677365,50.768120280677365,0.0,0.0,0.0,0.0,0.0188088282071624
65,92066,8.0,4,0,0,0,cloud_0,cloud_0,0,1,1,0,18.92380639010032,18.92380639010032,0.0,0,50.768120280677365,50.768120280677365,0.0,0.0,0.0,0.0,0.0188088282071624
66,92067,0.0,8,0,0,0,cloud_0,cloud_0,0,1,1,0,23.225675709929902,23.225675709929902,0.0,0,85.58741031210467,85.58741031210467,0.0,0.0,0.0,0.0,0.07885270940576747
66,92067,0.25,8,0,1,1,cloud_0,edge_5,1,1,1,0,23.225675709929902,3.7375175153351226,19.48815819459478,1,85.58741031210467,107.1476524861002,21.560242173995533,0.0,0.16666666666666666,0.16666666666666666,0.07885270940576747
66,92067,0.5,8,0,1,1,cloud_0,edge_5,1,1,1,0,23.225675709929902,3.7375175153351226,19.48815819459478,1,85.58741031210467,107.1476524861002,21.560242173995533,0.0,0.16666666666666666,0.16666666666666666,0.07885270940576747
66,92067,1.0,8,0,1,1,cloud_0,edge_5,1,1,1,0,23.225675709929902,3.7375175153351226,19.48815819459478,1,85.58741031210467,107.1476524861002,21.560242173995533,0.0,0.16666666666666666,0.16666666666666666,0.07885270940576747
66,92067,2.0,8,0,1,1,cloud_0,edge_5,1,1,1,0,23.225675709929902,3.7375175153351226,19.48815819459478,1,85.58741031210467,107.1476524861002,21.560242173995533,0.0,0.16666666666666666,0.16666666666666666,0.07885270940576747
66,92067,4.0,8,0,1,1,cloud_0,edge_5,1,1,1,0,23.225675709929902,3.7375175153351226,19.48815819459478,1,85.58741031210467,107.1476524861002,21.560242173995533,0.0,0.16666666666666666,0.16666666666666666,0.07885270940576747
66,92067,8.0,8,0,1,1,cloud_0,edge_5,1,1,1,0,23.225675709929902,3.7375175153351226,19.48815819459478,1,85.58741031210467,107.1476524861002,21.560242173995533,0.0,0.16666666666666666,0.16666666666666666,0.07885270940576747
67,92068,0.0,8,0,0,0,cloud_0,cloud_0,0,1,1,0,19.590066273042954,19.590066273042954,0.0,0,88.60133080961428,88.60133080961428,0.0,0.0,0.0,0.0,0.04732318103998782
67,92068,0.25,8,0,1,1,cloud_0,edge_2,1,1,1,0,19.590066273042954,2.572694573249765,17.017371699793188,1,88.60133080961428,129.56564703726153,40.964316227647245,0.0,0.14285714285714285,0.14285714285714285,0.04732318103998782
67,92068,0.5,8,0,1,1,cloud_0,edge_2,1,1,1,0,19.590066273042954,2.572694573249765,17.017371699793188,1,88.60133080961428,129.56564703726153,40.964316227647245,0.0,0.14285714285714285,0.14285714285714285,0.04732318103998782
67,92068,1.0,8,0,1,1,cloud_0,edge_2,1,1,1,0,19.590066273042954,2.572694573249765,17.017371699793188,1,88.60133080961428,129.56564703726153,40.964316227647245,0.0,0.14285714285714285,0.14285714285714285,0.04732318103998782
67,92068,2.0,8,0,1,1,cloud_0,edge_2,1,1,1,0,19.590066273042954,2.572694573249765,17.017371699793188,1,88.60133080961428,129.56564703726153,40.964316227647245,0.0,0.14285714285714285,0.14285714285714285,0.04732318103998782
67,92068,4.0,8,0,1,1,cloud_0,edge_2,1,1,1,0,19.590066273042954,2.572694573249765,17.017371699793188,1,88.60133080961428,129.56564703726153,40.964316227647245,0.0,0.14285714285714285,0.14285714285714285,0.04732318103998782
67,92068,8.0,8,0,1,1,cloud_0,edge_2,1,1,1,0,19.590066273042954,2.572694573249765,17.017371699793188,1,88.60133080961428,129.56564703726153,40.964316227647245,0.0,0.14285714285714285,0.14285714285714285,0.04732318103998782
68,92069,0.0,8,0,0,0,cloud_0,cloud_0,0,1,1,0,15.360982188170164,15.360982188170164,0.0,0,95.34277166487963,95.34277166487963,0.0,0.0,0.0,0.0,0.026669065301626858
68,92069,0.25,8,0,1,1,cloud_0,edge_4,1,1,1,0,15.360982188170164,1.3954185411351314,13.965563647035033,1,95.34277166487963,96.22445154901382,0.8816798841341864,0.0,0.2,0.2,0.026669065301626858
68,92069,0.5,8,0,1,1,cloud_0,edge_4,1,1,1,0,15.360982188170164,1.3954185411351314,13.965563647035033,1,95.34277166487963,96.22445154901382,0.8816798841341864,0.0,0.2,0.2,0.026669065301626858
68,92069,1.0,8,0,1,1,cloud_0,edge_4,1,1,1,0,15.360982188170164,1.3954185411351314,13.965563647035033,1,95.34277166487963,96.22445154901382,0.8816798841341864,0.0,0.2,0.2,0.026669065301626858
68,92069,2.0,8,0,1,1,cloud_0,edge_4,1,1,1,0,15.360982188170164,1.3954185411351314,13.965563647035033,1,95.34277166487963,96.22445154901382,0.8816798841341864,0.0,0.2,0.2,0.026669065301626858
68,92069,4.0,8,0,1,1,cloud_0,edge_4,1,1,1,0,15.360982188170164,1.3954185411351314,13.965563647035033,1,95.34277166487963,96.22445154901382,0.8816798841341864,0.0,0.2,0.2,0.026669065301626858
68,92069,8.0,8,0,1,1,cloud_0,edge_4,1,1,1,0,15.360982188170164,1.3954185411351314,13.965563647035033,1,95.34277166487963,96.22445154901382,0.8816798841341864,0.0,0.2,0.2,0.026669065301626858
69,92070,0.0,4,0,0,0,cloud_0,cloud_0,0,1,1,0,14.435608734037782,14.435608734037782,0.0,0,59.6485127384773,59.6485127384773,0.0,0.0,0.0,0.0,0.01864734851300058
69,92070,0.25,4,0,0,0,cloud_0,cloud_0,0,1,1,0,14.435608734037782,14.435608734037782,0.0,0,59.6485127384773,59.6485127384773,0.0,0.0,0.0,0.0,0.01864734851300058
69,92070,0.5,4,0,0,0,cloud_0,cloud_0,0,1,1,0,14.435608734037782,14.435608734037782,0.0,0,59.6485127384773,59.6485127384773,0.0,0.0,0.0,0.0,0.01864734851300058
69,92070,1.0,4,0,0,0,cloud_0,cloud_0,0,1,1,0,14.435608734037782,14.435608734037782,0.0,0,59.6485127384773,59.6485127384773,0.0,0.0,0.0,0.0,0.01864734851300058
69,92070,2.0,4,0,0,0,cloud_0,cloud_0,0,1,1,0,14.435608734037782,14.435608734037782,0.0,0,59.6485127384773,59.6485127384773,0.0,0.0,0.0,0.0,0.01864734851300058
69,92070,4.0,4,0,0,0,cloud_0,cloud_0,0,1,1,0,14.435608734037782,14.435608734037782,0.0,0,59.6485127384773,59.6485127384773,0.0,0.0,0.0,0.0,0.01864734851300058
69,92070,8.0,4,0,0,0,cloud_0,cloud_0,0,1,1,0,14.435608734037782,14.435608734037782,0.0,0,59.6485127384773,59.6485127384773,0.0,0.0,0.0,0.0,0.01864734851300058
70,92071,0.0,8,0,0,0,cloud_0,cloud_0,0,1,1,0,17.888534814802625,17.888534814802625,0.0,0,72.26476988134911,72.26476988134911,0.0,0.0,0.0,0.0,0.0351598046683713
70,92071,0.25,8,0,1,1,cloud_0,edge_4,1,1,1,0,17.888534814802625,3.2062858584502965,14.682248956352328,1,72.26476988134911,119.20961071783573,46.94484083648662,0.0,0.375,0.375,0.0351598046683713
70,92071,0.5,8,0,1,1,cloud_0,edge_4,1,1,1,0,17.888534814802625,3.2062858584502965,14.682248956352328,1,72.26476988134911,119.20961071783573,46.94484083648662,0.0,0.375,0.375,0.0351598046683713
70,92071,1.0,8,0,1,1,cloud_0,edge_4,1,1,1,0,17.888534814802625,3.2062858584502965,14.682248956352328,1,72.26476988134911,119.20961071783573,46.94484083648662,0.0,0.375,0.375,0.0351598046683713
70,92071,2.0,8,0,1,1,cloud_0,edge_4,1,1,1,0,17.888534814802625,3.2062858584502965,14.682248956352328,1,72.26476988134911,119.20961071783573,46.94484083648662,0.0,0.375,0.375,0.0351598046683713
70,92071,4.0,8,0,1,1,cloud_0,edge_4,1,1,1,0,17.888534814802625,3.2062858584502965,14.682248956352328,1,72.26476988134911,119.20961071783573,46.94484083648662,0.0,0.375,0.375,0.0351598046683713
70,92071,8.0,8,0,1,1,cloud_0,edge_4,1,1,1,0,17.888534814802625,3.2062858584502965,14.682248956352328,1,72.26476988134911,119.20961071783573,46.94484083648662,0.0,0.375,0.375,0.0351598046683713
71,92072,0.0,4,0,0,0,cloud_0,cloud_0,0,1,1,0,15.8231957763854,15.8231957763854,0.0,0,120.47697891299661,120.47697891299661,0.0,0.0,0.0,0.0,0.02711643338630776
71,92072,0.25,4,0,0,0,cloud_0,cloud_0,0,1,1,0,15.8231957763854,15.8231957763854,0.0,0,120.47697891299661,120.47697891299661,0.0,0.0,0.0,0.0,0.02711643338630776
71,92072,0.5,4,0,0,0,cloud_0,cloud_0,0,1,1,0,15.8231957763854,15.8231957763854,0.0,0,120.47697891299661,120.47697891299661,0.0,0.0,0.0,0.0,0.02711643338630776
71,92072,1.0,4,0,0,0,cloud_0,cloud_0,0,1,1,0,15.8231957763854,15.8231957763854,0.0,0,120.47697891299661,120.47697891299661,0.0,0.0,0.0,0.0,0.02711643338630776
71,92072,2.0,4,0,0,0,cloud_0,cloud_0,0,1,1,0,15.8231957763854,15.8231957763854,0.0,0,120.47697891299661,120.47697891299661,0.0,0.0,0.0,0.0,0.02711643338630776
71,92072,4.0,4,0,0,0,cloud_0,cloud_0,0,1,1,0,15.8231957763854,15.8231957763854,0.0,0,120.47697891299661,120.47697891299661,0.0,0.0,0.0,0.0,0.02711643338630776
71,92072,8.0,4,0,0,0,cloud_0,cloud_0,0,1,1,0,15.8231957763854,15.8231957763854,0.0,0,120.47697891299661,120.47697891299661,0.0,0.0,0.0,0.0,0.02711643338630776
72,92073,0.0,12,1,1,0,cloud_0,cloud_0,0,1,1,0,15.83067162999562,15.83067162999562,0.0,0,66.27750264418786,66.27750264418786,0.0,0.0,0.0,0.0,0.03732021447330653
72,92073,0.25,12,1,0,1,cloud_0,edge_5,1,1,1,0,15.83067162999562,0.8156997719089419,15.014971858086678,1,66.27750264418786,64.19570128623057,-2.081801357957289,0.0,0.0,0.0,0.03732021447330653
72,92073,0.5,12,1,0,1,cloud_0,edge_5,1,1,1,0,15.83067162999562,0.8156997719089419,15.014971858086678,1,66.27750264418786,64.19570128623057,-2.081801357957289,0.0,0.0,0.0,0.03732021447330653
72,92073,1.0,12,1,0,1,cloud_0,edge_5,1,1,1,0,15.83067162999562,0.8156997719089419,15.014971858086678,1,66.27750264418786,64.19570128623057,-2.081801357957289,0.0,0.0,0.0,0.03732021447330653
72,92073,2.0,12,1,0,1,cloud_0,edge_5,1,1,1,0,15.83067162999562,0.8156997719089419,15.014971858086678,1,66.27750264418786,64.19570128623057,-2.081801357957289,0.0,0.0,0.0,0.03732021447330653
72,92073,4.0,12,1,0,1,cloud_0,edge_5,1,1,1,0,15.83067162999562,0.8156997719089419,15.014971858086678,1,66.27750264418786,64.19570128623057,-2.081801357957289,0.0,0.0,0.0,0.03732021447330653
72,92073,8.0,12,1,0,1,cloud_0,edge_5,1,1,1,0,15.83067162999562,0.8156997719089419,15.014971858086678,1,66.27750264418786,64.19570128623057,-2.081801357957289,0.0,0.0,0.0,0.03732021447330653
73,92074,0.0,6,0,0,0,cloud_0,cloud_0,0,1,1,0,12.808766071164147,12.808766071164147,0.0,0,75.58254317930829,75.58254317930829,0.0,0.0,0.0,0.0,0.06162596042885397
73,92074,0.25,6,0,1,1,cloud_0,edge_3,1,1,1,0,12.808766071164147,3.6412521820824173,9.167513889081729,1,75.58254317930829,113.70597387300475,38.12343069369646,0.0,0.0,0.0,0.06162596042885397
73,92074,0.5,6,0,1,1,cloud_0,edge_3,1,1,1,0,12.808766071164147,3.6412521820824173,9.167513889081729,1,75.58254317930829,113.70597387300475,38.12343069369646,0.0,0.0,0.0,0.06162596042885397
73,92074,1.0,6,0,1,1,cloud_0,edge_3,1,1,1,0,12.808766071164147,3.6412521820824173,9.167513889081729,1,75.58254317930829,113.70597387300475,38.12343069369646,0.0,0.0,0.0,0.06162596042885397
73,92074,2.0,6,0,1,1,cloud_0,edge_3,1,1,1,0,12.808766071164147,3.6412521820824173,9.167513889081729,1,75.58254317930829,113.70597387300475,38.12343069369646,0.0,0.0,0.0,0.06162596042885397
73,92074,4.0,6,0,1,1,cloud_0,edge_3,1,1,1,0,12.808766071164147,3.6412521820824173,9.167513889081729,1,75.58254317930829,113.70597387300475,38.12343069369646,0.0,0.0,0.0,0.06162596042885397
73,92074,8.0,6,0,1,1,cloud_0,edge_3,1,1,1,0,12.808766071164147,3.6412521820824173,9.167513889081729,1,75.58254317930829,113.70597387300475,38.12343069369646,0.0,0.0,0.0,0.06162596042885397
74,92075,0.0,4,0,0,0,cloud_0,cloud_0,0,1,1,0,16.363769052556567,16.363769052556567,0.0,0,74.84421209711405,74.84421209711405,0.0,0.0,0.0,0.0,0.017858737754403727
74,92075,0.25,4,0,0,0,cloud_0,cloud_0,0,1,1,0,16.363769052556567,16.363769052556567,0.0,0,74.84421209711405,74.84421209711405,0.0,0.0,0.0,0.0,0.017858737754403727
74,92075,0.5,4,0,0,0,cloud_0,cloud_0,0,1,1,0,16.363769052556567,16.363769052556567,0.0,0,74.84421209711405,74.84421209711405,0.0,0.0,0.0,0.0,0.017858737754403727
74,92075,1.0,4,0,0,0,cloud_0,cloud_0,0,1,1,0,16.363769052556567,16.363769052556567,0.0,0,74.84421209711405,74.84421209711405,0.0,0.0,0.0,0.0,0.017858737754403727
74,92075,2.0,4,0,0,0,cloud_0,cloud_0,0,1,1,0,16.363769052556567,16.363769052556567,0.0,0,74.84421209711405,74.84421209711405,0.0,0.0,0.0,0.0,0.017858737754403727
74,92075,4.0,4,0,0,0,cloud_0,cloud_0,0,1,1,0,16.363769052556567,16.363769052556567,0.0,0,74.84421209711405,74.84421209711405,0.0,0.0,0.0,0.0,0.017858737754403727
74,92075,8.0,4,0,0,0,cloud_0,cloud_0,0,1,1,0,16.363769052556567,16.363769052556567,0.0,0,74.84421209711405,74.84421209711405,0.0,0.0,0.0,0.0,0.017858737754403727
75,92076,0.0,12,0,0,0,cloud_0,cloud_0,0,1,1,0,19.822865474902958,19.822865474902958,0.0,0,60.939036189372224,60.939036189372224,0.0,0.0,0.0,0.0,0.05661592152662686
75,92076,0.25,12,0,2,1,cloud_0,edge_4,1,1,1,0,19.822865474902958,4.103896004684318,15.71896947021864,1,60.939036189372224,87.30534120305448,26.366305013682258,0.0,0.42857142857142855,0.42857142857142855,0.05661592152662686
75,92076,0.5,12,0,2,1,cloud_0,edge_4,1,1,1,0,19.822865474902958,4.103896004684318,15.71896947021864,1,60.939036189372224,87.30534120305448,26.366305013682258,0.0,0.42857142857142855,0.42857142857142855,0.05661592152662686
75,92076,1.0,12,0,2,1,cloud_0,edge_4,1,1,1,0,19.822865474902958,4.103896004684318,15.71896947021864,1,60.939036189372224,87.30534120305448,26.366305013682258,0.0,0.42857142857142855,0.42857142857142855,0.05661592152662686
75,92076,2.0,12,0,1,1,cloud_0,edge_1,1,1,1,0,19.822865474902958,2.888440765643574,16.934424709259385,1,60.939036189372224,84.59635036148953,23.657314172117303,0.0,0.14285714285714285,0.14285714285714285,0.05661592152662686
75,92076,4.0,12,0,1,1,cloud_0,edge_1,1,1,1,0,19.822865474902958,2.888440765643574,16.934424709259385,1,60.939036189372224,84.59635036148953,23.657314172117303,0.0,0.14285714285714285,0.14285714285714285,0.05661592152662686
75,92076,8.0,12,0,1,1,cloud_0,edge_1,1,1,1,0,19.822865474902958,2.888440765643574,16.934424709259385,1,60.939036189372224,84.59635036148953,23.657314172117303,0.0,0.14285714285714285,0.14285714285714285,0.05661592152662686
76,92077,0.0,4,0,0,0,cloud_0,cloud_0,0,1,1,0,12.626858015551251,12.626858015551251,0.0,0,55.414594814834885,55.414594814834885,0.0,0.0,0.0,0.0,0.01779884967200076
76,92077,0.25,4,0,0,0,cloud_0,cloud_0,0,1,1,0,12.626858015551251,12.626858015551251,0.0,0,55.414594814834885,55.414594814834885,0.0,0.0,0.0,0.0,0.01779884967200076
76,92077,0.5,4,0,0,0,cloud_0,cloud_0,0,1,1,0,12.626858015551251,12.626858015551251,0.0,0,55.414594814834885,55.414594814834885,0.0,0.0,0.0,0.0,0.01779884967200076
76,92077,1.0,4,0,0,0,cloud_0,cloud_0,0,1,1,0,12.626858015551251,12.626858015551251,0.0,0,55.414594814834885,55.414594814834885,0.0,0.0,0.0,0.0,0.01779884967200076
76,92077,2.0,4,0,0,0,cloud_0,cloud_0,0,1,1,0,12.626858015551251,12.626858015551251,0.0,0,55.414594814834885,55.414594814834885,0.0,0.0,0.0,0.0,0.01779884967200076
76,92077,4.0,4,0,0,0,cloud_0,cloud_0,0,1,1,0,12.626858015551251,12.626858015551251,0.0,0,55.414594814834885,55.414594814834885,0.0,0.0,0.0,0.0,0.01779884967200076
76,92077,8.0,4,0,0,0,cloud_0,cloud_0,0,1,1,0,12.626858015551251,12.626858015551251,0.0,0,55.414594814834885,55.414594814834885,0.0,0.0,0.0,0.0,0.01779884967200076
77,92078,0.0,4,0,0,0,cloud_0,cloud_0,0,1,1,0,16.976528603682024,16.976528603682024,0.0,0,81.46053299444131,81.46053299444131,0.0,0.0,0.0,0.0,0.016334776862188705
77,92078,0.25,4,0,0,0,cloud_0,cloud_0,0,1,1,0,16.976528603682024,16.976528603682024,0.0,0,81.46053299444131,81.46053299444131,0.0,0.0,0.0,0.0,0.016334776862188705
77,92078,0.5,4,0,0,0,cloud_0,cloud_0,0,1,1,0,16.976528603682024,16.976528603682024,0.0,0,81.46053299444131,81.46053299444131,0.0,0.0,0.0,0.0,0.016334776862188705
77,92078,1.0,4,0,0,0,cloud_0,cloud_0,0,1,1,0,16.976528603682024,16.976528603682024,0.0,0,81.46053299444131,81.46053299444131,0.0,0.0,0.0,0.0,0.016334776862188705
77,92078,2.0,4,0,0,0,cloud_0,cloud_0,0,1,1,0,16.976528603682024,16.976528603682024,0.0,0,81.46053299444131,81.46053299444131,0.0,0.0,0.0,0.0,0.016334776862188705
77,92078,4.0,4,0,0,0,cloud_0,cloud_0,0,1,1,0,16.976528603682024,16.976528603682024,0.0,0,81.46053299444131,81.46053299444131,0.0,0.0,0.0,0.0,0.016334776862188705
77,92078,8.0,4,0,0,0,cloud_0,cloud_0,0,1,1,0,16.976528603682024,16.976528603682024,0.0,0,81.46053299444131,81.46053299444131,0.0,0.0,0.0,0.0,0.016334776862188705
78,92079,0.0,8,0,0,0,cloud_0,cloud_0,0,1,1,0,17.930910960321786,17.930910960321786,0.0,0,92.67194465419266,92.67194465419266,0.0,0.0,0.0,0.0,0.07182480847384821
78,92079,0.25,8,0,1,1,cloud_0,edge_4,1,1,1,0,17.930910960321786,4.48218749866622,13.448723461655565,1,92.67194465419266,163.4761370603624,70.80419240616973,0.0,0.0,0.0,0.07182480847384821
78,92079,0.5,8,0,1,1,cloud_0,edge_4,1,1,1,0,17.930910960321786,4.48218749866622,13.448723461655565,1,92.67194465419266,163.4761370603624,70.80419240616973,0.0,0.0,0.0,0.07182480847384821
78,92079,1.0,8,0,1,1,cloud_0,edge_4,1,1,1,0,17.930910960321786,4.48218749866622,13.448723461655565,1,92.67194465419266,163.4761370603624,70.80419240616973,0.0,0.0,0.0,0.07182480847384821
78,92079,2.0,8,0,1,1,cloud_0,edge_4,1,1,1,0,17.930910960321786,4.48218749866622,13.448723461655565,1,92.67194465419266,163.4761370603624,70.80419240616973,0.0,0.0,0.0,0.07182480847384821
78,92079,4.0,8,0,1,1,cloud_0,edge_4,1,1,1,0,17.930910960321786,4.48218749866622,13.448723461655565,1,92.67194465419266,163.4761370603624,70.80419240616973,0.0,0.0,0.0,0.07182480847384821
78,92079,8.0,8,0,1,1,cloud_0,edge_4,1,1,1,0,17.930910960321786,4.48218749866622,13.448723461655565,1,92.67194465419266,163.4761370603624,70.80419240616973,0.0,0.0,0.0,0.07182480847384821
79,92080,0.0,4,0,0,0,cloud_0,cloud_0,0,1,1,0,17.75965593743531,17.75965593743531,0.0,0,72.78724011081265,72.78724011081265,0.0,0.0,0.0,0.0,0.02001342940087338
79,92080,0.25,4,0,0,0,cloud_0,cloud_0,0,1,1,0,17.75965593743531,17.75965593743531,0.0,0,72.78724011081265,72.78724011081265,0.0,0.0,0.0,0.0,0.02001342940087338
79,92080,0.5,4,0,0,0,cloud_0,cloud_0,0,1,1,0,17.75965593743531,17.75965593743531,0.0,0,72.78724011081265,72.78724011081265,0.0,0.0,0.0,0.0,0.02001342940087338
79,92080,1.0,4,0,0,0,cloud_0,cloud_0,0,1,1,0,17.75965593743531,17.75965593743531,0.0,0,72.78724011081265,72.78724011081265,0.0,0.0,0.0,0.0,0.02001342940087338
79,92080,2.0,4,0,0,0,cloud_0,cloud_0,0,1,1,0,17.75965593743531,17.75965593743531,0.0,0,72.78724011081265,72.78724011081265,0.0,0.0,0.0,0.0,0.02001342940087338
79,92080,4.0,4,0,0,0,cloud_0,cloud_0,0,1,1,0,17.75965593743531,17.75965593743531,0.0,0,72.78724011081265,72.78724011081265,0.0,0.0,0.0,0.0,0.02001342940087338
79,92080,8.0,4,0,0,0,cloud_0,cloud_0,0,1,1,0,17.75965593743531,17.75965593743531,0.0,0,72.78724011081265,72.78724011081265,0.0,0.0,0.0,0.0,0.02001342940087338
80,92081,0.0,4,0,0,0,cloud_0,cloud_0,0,1,1,0,25.51415705124192,25.51415705124192,0.0,0,77.28787924566667,77.28787924566667,0.0,0.0,0.0,0.0,0.017624434434388114
80,92081,0.25,4,0,0,0,cloud_0,cloud_0,0,1,1,0,25.51415705124192,25.51415705124192,0.0,0,77.28787924566667,77.28787924566667,0.0,0.0,0.0,0.0,0.017624434434388114
80,92081,0.5,4,0,0,0,cloud_0,cloud_0,0,1,1,0,25.51415705124192,25.51415705124192,0.0,0,77.28787924566667,77.28787924566667,0.0,0.0,0.0,0.0,0.017624434434388114
80,92081,1.0,4,0,0,0,cloud_0,cloud_0,0,1,1,0,25.51415705124192,25.51415705124192,0.0,0,77.28787924566667,77.28787924566667,0.0,0.0,0.0,0.0,0.017624434434388114
80,92081,2.0,4,0,0,0,cloud_0,cloud_0,0,1,1,0,25.51415705124192,25.51415705124192,0.0,0,77.28787924566667,77.28787924566667,0.0,0.0,0.0,0.0,0.017624434434388114
80,92081,4.0,4,0,0,0,cloud_0,cloud_0,0,1,1,0,25.51415705124192,25.51415705124192,0.0,0,77.28787924566667,77.28787924566667,0.0,0.0,0.0,0.0,0.017624434434388114
80,92081,8.0,4,0,0,0,cloud_0,cloud_0,0,1,1,0,25.51415705124192,25.51415705124192,0.0,0,77.28787924566667,77.28787924566667,0.0,0.0,0.0,0.0,0.017624434434388114
81,92082,0.0,8,0,0,0,cloud_0,cloud_0,0,1,1,0,17.618957498207884,17.618957498207884,0.0,0,77.78324179847394,77.78324179847394,0.0,0.0,0.0,0.0,0.05787654896402221
81,92082,0.25,8,0,1,1,cloud_0,edge_5,1,1,1,0,17.618957498207884,3.4937513336641546,14.12520616454373,1,77.78324179847394,128.10283386017514,50.3195920617012,0.0,0.14285714285714285,0.14285714285714285,0.05787654896402221
81,92082,0.5,8,0,1,1,cloud_0,edge_5,1,1,1,0,17.618957498207884,3.4937513336641546,14.12520616454373,1,77.78324179847394,128.10283386017514,50.3195920617012,0.0,0.14285714285714285,0.14285714285714285,0.05787654896402221
81,92082,1.0,8,0,1,1,cloud_0,edge_5,1,1,1,0,17.618957498207884,3.4937513336641546,14.12520616454373,1,77.78324179847394,128.10283386017514,50.3195920617012,0.0,0.14285714285714285,0.14285714285714285,0.05787654896402221
81,92082,2.0,8,0,1,1,cloud_0,edge_5,1,1,1,0,17.618957498207884,3.4937513336641546,14.12520616454373,1,77.78324179847394,128.10283386017514,50.3195920617012,0.0,0.14285714285714285,0.14285714285714285,0.05787654896402221
81,92082,4.0,8,0,1,1,cloud_0,edge_5,1,1,1,0,17.618957498207884,3.4937513336641546,14.12520616454373,1,77.78324179847394,128.10283386017514,50.3195920617012,0.0,0.14285714285714285,0.14285714285714285,0.05787654896402221
81,92082,8.0,8,0,1,1,cloud_0,edge_5,1,1,1,0,17.618957498207884,3.4937513336641546,14.12520616454373,1,77.78324179847394,128.10283386017514,50.3195920617012,0.0,0.14285714285714285,0.14285714285714285,0.05787654896402221
82,92083,0.0,4,0,0,0,cloud_0,cloud_0,0,1,1,0,28.23672038489291,28.23672038489291,0.0,0,68.68550305315476,68.68550305315476,0.0,0.0,0.0,0.0,0.02080029919157917
82,92083,0.25,4,0,0,0,cloud_0,cloud_0,0,1,1,0,28.23672038489291,28.23672038489291,0.0,0,68.68550305315476,68.68550305315476,0.0,0.0,0.0,0.0,0.02080029919157917
82,92083,0.5,4,0,0,0,cloud_0,cloud_0,0,1,1,0,28.23672038489291,28.23672038489291,0.0,0,68.68550305315476,68.68550305315476,0.0,0.0,0.0,0.0,0.02080029919157917
82,92083,1.0,4,0,0,0,cloud_0,cloud_0,0,1,1,0,28.23672038489291,28.23672038489291,0.0,0,68.68550305315476,68.68550305315476,0.0,0.0,0.0,0.0,0.02080029919157917
82,92083,2.0,4,0,0,0,cloud_0,cloud_0,0,1,1,0,28.23672038489291,28.23672038489291,0.0,0,68.68550305315476,68.68550305315476,0.0,0.0,0.0,0.0,0.02080029919157917
82,92083,4.0,4,0,0,0,cloud_0,cloud_0,0,1,1,0,28.23672038489291,28.23672038489291,0.0,0,68.68550305315476,68.68550305315476,0.0,0.0,0.0,0.0,0.02080029919157917
82,92083,8.0,4,0,0,0,cloud_0,cloud_0,0,1,1,0,28.23672038489291,28.23672038489291,0.0,0,68.68550305315476,68.68550305315476,0.0,0.0,0.0,0.0,0.02080029919157917
83,92084,0.0,8,1,1,0,cloud_0,cloud_0,0,1,1,0,13.92966585450676,13.92966585450676,0.0,0,48.54510091497416,48.54510091497416,0.0,0.0,0.0,0.0,0.0409907013618022
83,92084,0.25,8,1,0,1,cloud_0,edge_4,1,1,1,0,13.92966585450676,3.2397623407989733,10.689903513707787,1,48.54510091497416,43.24776536201778,-5.297335552956376,0.0,0.4,0.4,0.0409907013618022
83,92084,0.5,8,1,0,1,cloud_0,edge_4,1,1,1,0,13.92966585450676,3.2397623407989733,10.689903513707787,1,48.54510091497416,43.24776536201778,-5.297335552956376,0.0,0.4,0.4,0.0409907013618022
83,92084,1.0,8,1,0,1,cloud_0,edge_4,1,1,1,0,13.92966585450676,3.2397623407989733,10.689903513707787,1,48.54510091497416,43.24776536201778,-5.297335552956376,0.0,0.4,0.4,0.0409907013618022
83,92084,2.0,8,1,0,1,cloud_0,edge_4,1,1,1,0,13.92966585450676,3.2397623407989733,10.689903513707787,1,48.54510091497416,43.24776536201778,-5.297335552956376,0.0,0.4,0.4,0.0409907013618022
83,92084,4.0,8,1,0,1,cloud_0,edge_4,1,1,1,0,13.92966585450676,3.2397623407989733,10.689903513707787,1,48.54510091497416,43.24776536201778,-5.297335552956376,0.0,0.4,0.4,0.0409907013618022
83,92084,8.0,8,1,0,1,cloud_0,edge_4,1,1,1,0,13.92966585450676,3.2397623407989733,10.689903513707787,1,48.54510091497416,43.24776536201778,-5.297335552956376,0.0,0.4,0.4,0.0409907013618022
84,92085,0.0,4,0,0,0,cloud_0,cloud_0,0,1,1,0,16.35167389116075,16.35167389116075,0.0,0,98.64571671031794,98.64571671031794,0.0,0.0,0.0,0.0,0.07752649758632886
84,92085,0.25,4,0,0,0,cloud_0,cloud_0,0,1,1,0,16.35167389116075,16.35167389116075,0.0,0,98.64571671031794,98.64571671031794,0.0,0.0,0.0,0.0,0.07752649758632886
84,92085,0.5,4,0,0,0,cloud_0,cloud_0,0,1,1,0,16.35167389116075,16.35167389116075,0.0,0,98.64571671031794,98.64571671031794,0.0,0.0,0.0,0.0,0.07752649758632886
84,92085,1.0,4,0,0,0,cloud_0,cloud_0,0,1,1,0,16.35167389116075,16.35167389116075,0.0,0,98.64571671031794,98.64571671031794,0.0,0.0,0.0,0.0,0.07752649758632886
84,92085,2.0,4,0,0,0,cloud_0,cloud_0,0,1,1,0,16.35167389116075,16.35167389116075,0.0,0,98.64571671031794,98.64571671031794,0.0,0.0,0.0,0.0,0.07752649758632886
84,92085,4.0,4,0,0,0,cloud_0,cloud_0,0,1,1,0,16.35167389116075,16.35167389116075,0.0,0,98.64571671031794,98.64571671031794,0.0,0.0,0.0,0.0,0.07752649758632886
84,92085,8.0,4,0,0,0,cloud_0,cloud_0,0,1,1,0,16.35167389116075,16.35167389116075,0.0,0,98.64571671031794,98.64571671031794,0.0,0.0,0.0,0.0,0.07752649758632886
85,92086,0.0,4,0,0,0,cloud_0,cloud_0,0,1,1,0,18.338350228544638,18.338350228544638,0.0,0,65.14895423148533,65.14895423148533,0.0,0.0,0.0,0.0,0.017863076426248386
85,92086,0.25,4,0,0,0,cloud_0,cloud_0,0,1,1,0,18.338350228544638,18.338350228544638,0.0,0,65.14895423148533,65.14895423148533,0.0,0.0,0.0,0.0,0.017863076426248386
85,92086,0.5,4,0,0,0,cloud_0,cloud_0,0,1,1,0,18.338350228544638,18.338350228544638,0.0,0,65.14895423148533,65.14895423148533,0.0,0.0,0.0,0.0,0.017863076426248386
85,92086,1.0,4,0,0,0,cloud_0,cloud_0,0,1,1,0,18.338350228544638,18.338350228544638,0.0,0,65.14895423148533,65.14895423148533,0.0,0.0,0.0,0.0,0.017863076426248386
85,92086,2.0,4,0,0,0,cloud_0,cloud_0,0,1,1,0,18.338350228544638,18.338350228544638,0.0,0,65.14895423148533,65.14895423148533,0.0,0.0,0.0,0.0,0.017863076426248386
85,92086,4.0,4,0,0,0,cloud_0,cloud_0,0,1,1,0,18.338350228544638,18.338350228544638,0.0,0,65.14895423148533,65.14895423148533,0.0,0.0,0.0,0.0,0.017863076426248386
85,92086,8.0,4,0,0,0,cloud_0,cloud_0,0,1,1,0,18.338350228544638,18.338350228544638,0.0,0,65.14895423148533,65.14895423148533,0.0,0.0,0.0,0.0,0.017863076426248386
86,92087,0.0,4,0,0,0,cloud_0,cloud_0,0,1,1,0,17.39929697848912,17.39929697848912,0.0,0,65.76991399379182,65.76991399379182,0.0,0.0,0.0,0.0,0.06104077364870901
86,92087,0.25,4,0,0,0,cloud_0,cloud_0,0,1,1,0,17.39929697848912,17.39929697848912,0.0,0,65.76991399379182,65.76991399379182,0.0,0.0,0.0,0.0,0.06104077364870901
86,92087,0.5,4,0,0,0,cloud_0,cloud_0,0,1,1,0,17.39929697848912,17.39929697848912,0.0,0,65.76991399379182,65.76991399379182,0.0,0.0,0.0,0.0,0.06104077364870901
86,92087,1.0,4,0,0,0,cloud_0,cloud_0,0,1,1,0,17.39929697848912,17.39929697848912,0.0,0,65.76991399379182,65.76991399379182,0.0,0.0,0.0,0.0,0.06104077364870901
86,92087,2.0,4,0,0,0,cloud_0,cloud_0,0,1,1,0,17.39929697848912,17.39929697848912,0.0,0,65.76991399379182,65.76991399379182,0.0,0.0,0.0,0.0,0.06104077364870901
86,92087,4.0,4,0,0,0,cloud_0,cloud_0,0,1,1,0,17.39929697848912,17.39929697848912,0.0,0,65.76991399379182,65.76991399379182,0.0,0.0,0.0,0.0,0.06104077364870901
86,92087,8.0,4,0,0,0,cloud_0,cloud_0,0,1,1,0,17.39929697848912,17.39929697848912,0.0,0,65.76991399379182,65.76991399379182,0.0,0.0,0.0,0.0,0.06104077364870901
87,92088,0.0,10,0,0,0,cloud_0,cloud_0,0,1,1,0,14.06776947808529,14.06776947808529,0.0,0,68.5196734194064,68.5196734194064,0.0,0.0,0.0,0.0,0.05625229540100538
87,92088,0.25,10,0,1,1,cloud_0,edge_2,1,1,1,0,14.06776947808529,2.6898346053584796,11.377934872726811,1,68.5196734194064,96.1536771249803,27.634003705573903,0.0,0.16666666666666666,0.16666666666666666,0.05625229540100538
87,92088,0.5,10,0,1,1,cloud_0,edge_2,1,1,1,0,14.06776947808529,2.6898346053584796,11.377934872726811,1,68.5196734194064,96.1536771249803,27.634003705573903,0.0,0.16666666666666666,0.16666666666666666,0.05625229540100538
87,92088,1.0,10,0,2,1,cloud_0,edge_0,1,1,1,0,14.06776947808529,0.5127259912915305,13.55504348679376,1,68.5196734194064,129.31825072405758,60.798577304651175,0.0,0.0,0.0,0.05625229540100538
87,92088,2.0,10,0,2,1,cloud_0,edge_0,1,1,1,0,14.06776947808529,0.5127259912915305,13.55504348679376,1,68.5196734194064,129.31825072405758,60.798577304651175,0.0,0.0,0.0,0.05625229540100538
87,92088,4.0,10,0,2,1,cloud_0,edge_0,1,1,1,0,14.06776947808529,0.5127259912915305,13.55504348679376,1,68.5196734194064,129.31825072405758,60.798577304651175,0.0,0.0,0.0,0.05625229540100538
87,92088,8.0,10,0,2,1,cloud_0,edge_0,1,1,1,0,14.06776947808529,0.5127259912915305,13.55504348679376,1,68.5196734194064,129.31825072405758,60.798577304651175,0.0,0.0,0.0,0.05625229540100538
88,92089,0.0,8,1,1,0,cloud_0,cloud_0,0,1,1,0,16.883778214864513,16.883778214864513,0.0,0,64.72954974820023,64.72954974820023,0.0,0.0,0.0,0.0,0.07825407267077983
88,92089,0.25,8,1,0,1,cloud_0,edge_4,1,1,1,0,16.883778214864513,3.4351589767965023,13.44861923806801,1,64.72954974820023,57.974255032456526,-6.755294715743702,0.0,0.2,0.2,0.07825407267077983
88,92089,0.5,8,1,0,1,cloud_0,edge_4,1,1,1,0,16.883778214864513,3.4351589767965023,13.44861923806801,1,64.72954974820023,57.974255032456526,-6.755294715743702,0.0,0.2,0.2,0.07825407267077983
88,92089,1.0,8,1,0,1,cloud_0,edge_4,1,1,1,0,16.883778214864513,3.4351589767965023,13.44861923806801,1,64.72954974820023,57.974255032456526,-6.755294715743702,0.0,0.2,0.2,0.07825407267077983
88,92089,2.0,8,1,0,1,cloud_0,edge_4,1,1,1,0,16.883778214864513,3.4351589767965023,13.44861923806801,1,64.72954974820023,57.974255032456526,-6.755294715743702,0.0,0.2,0.2,0.07825407267077983
88,92089,4.0,8,1,0,1,cloud_0,edge_4,1,1,1,0,16.883778214864513,3.4351589767965023,13.44861923806801,1,64.72954974820023,57.974255032456526,-6.755294715743702,0.0,0.2,0.2,0.07825407267077983
88,92089,8.0,8,1,0,1,cloud_0,edge_4,1,1,1,0,16.883778214864513,3.4351589767965023,13.44861923806801,1,64.72954974820023,57.974255032456526,-6.755294715743702,0.0,0.2,0.2,0.07825407267077983
89,92090,0.0,4,0,0,0,cloud_0,cloud_0,0,1,1,0,19.50226673385467,19.50226673385467,0.0,0,51.011060517138056,51.011060517138056,0.0,0.0,0.0,0.0,0.004096604714536428
89,92090,0.25,4,0,0,0,cloud_0,cloud_0,0,1,1,0,19.50226673385467,19.50226673385467,0.0,0,51.011060517138056,51.011060517138056,0.0,0.0,0.0,0.0,0.004096604714536428
89,92090,0.5,4,0,0,0,cloud_0,cloud_0,0,1,1,0,19.50226673385467,19.50226673385467,0.0,0,51.011060517138056,51.011060517138056,0.0,0.0,0.0,0.0,0.004096604714536428
89,92090,1.0,4,0,0,0,cloud_0,cloud_0,0,1,1,0,19.50226673385467,19.50226673385467,0.0,0,51.011060517138056,51.011060517138056,0.0,0.0,0.0,0.0,0.004096604714536428
89,92090,2.0,4,0,0,0,cloud_0,cloud_0,0,1,1,0,19.50226673385467,19.50226673385467,0.0,0,51.011060517138056,51.011060517138056,0.0,0.0,0.0,0.0,0.004096604714536428
89,92090,4.0,4,0,0,0,cloud_0,cloud_0,0,1,1,0,19.50226673385467,19.50226673385467,0.0,0,51.011060517138056,51.011060517138056,0.0,0.0,0.0,0.0,0.004096604714536428
89,92090,8.0,4,0,0,0,cloud_0,cloud_0,0,1,1,0,19.50226673385467,19.50226673385467,0.0,0,51.011060517138056,51.011060517138056,0.0,0.0,0.0,0.0,0.004096604714536428
90,92091,0.0,8,0,0,0,cloud_0,cloud_0,0,1,1,0,16.314039361662584,16.314039361662584,0.0,0,52.0605345052728,52.0605345052728,0.0,0.0,0.0,0.0,0.010398499438244297
90,92091,0.25,8,0,1,1,cloud_0,edge_5,1,1,1,0,16.314039361662584,1.5197621664042709,14.794277195258314,1,52.0605345052728,91.6502490479194,39.589714542646604,0.0,0.0,0.0,0.010398499438244297
90,92091,0.5,8,0,1,1,cloud_0,edge_5,1,1,1,0,16.314039361662584,1.5197621664042709,14.794277195258314,1,52.0605345052728,91.6502490479194,39.589714542646604,0.0,0.0,0.0,0.010398499438244297
90,92091,1.0,8,0,1,1,cloud_0,edge_5,1,1,1,0,16.314039361662584,1.5197621664042709,14.794277195258314,1,52.0605345052728,91.6502490479194,39.589714542646604,0.0,0.0,0.0,0.010398499438244297
90,92091,2.0,8,0,1,1,cloud_0,edge_5,1,1,1,0,16.314039361662584,1.5197621664042709,14.794277195258314,1,52.0605345052728,91.6502490479194,39.589714542646604,0.0,0.0,0.0,0.010398499438244297
90,92091,4.0,8,0,1,1,cloud_0,edge_5,1,1,1,0,16.314039361662584,1.5197621664042709,14.794277195258314,1,52.0605345052728,91.6502490479194,39.589714542646604,0.0,0.0,0.0,0.010398499438244297
90,92091,8.0,8,0,1,1,cloud_0,edge_5,1,1,1,0,16.314039361662584,1.5197621664042709,14.794277195258314,1,52.0605345052728,91.6502490479194,39.589714542646604,0.0,0.0,0.0,0.010398499438244297
91,92092,0.0,12,2,2,0,cloud_0,cloud_0,0,1,1,0,17.233937683637482,17.233937683637482,0.0,0,119.12552094501021,119.12552094501021,0.0,0.0,0.0,0.0,0.042217861483787894
91,92092,0.25,12,2,0,1,cloud_0,edge_5,1,1,1,0,17.233937683637482,2.6642535482780003,14.56968413535948,1,119.12552094501021,59.334459662895,-59.79106128211521,0.0,0.0,0.0,0.042217861483787894
91,92092,0.5,12,2,0,1,cloud_0,edge_5,1,1,1,0,17.233937683637482,2.6642535482780003,14.56968413535948,1,119.12552094501021,59.334459662895,-59.79106128211521,0.0,0.0,0.0,0.042217861483787894
91,92092,1.0,12,2,0,1,cloud_0,edge_5,1,1,1,0,17.233937683637482,2.6642535482780003,14.56968413535948,1,119.12552094501021,59.334459662895,-59.79106128211521,0.0,0.0,0.0,0.042217861483787894
91,92092,2.0,12,2,0,1,cloud_0,edge_5,1,1,1,0,17.233937683637482,2.6642535482780003,14.56968413535948,1,119.12552094501021,59.334459662895,-59.79106128211521,0.0,0.0,0.0,0.042217861483787894
91,92092,4.0,12,2,0,1,cloud_0,edge_5,1,1,1,0,17.233937683637482,2.6642535482780003,14.56968413535948,1,119.12552094501021,59.334459662895,-59.79106128211521,0.0,0.0,0.0,0.042217861483787894
91,92092,8.0,12,2,0,1,cloud_0,edge_5,1,1,1,0,17.233937683637482,2.6642535482780003,14.56968413535948,1,119.12552094501021,59.334459662895,-59.79106128211521,0.0,0.0,0.0,0.042217861483787894
92,92093,0.0,12,1,1,0,cloud_0,cloud_0,0,1,1,0,12.690810140587892,12.690810140587892,0.0,0,63.79827086697617,63.79827086697617,0.0,0.0,0.0,0.0,0.02295192119290389
92,92093,0.25,12,1,2,1,cloud_0,edge_5,1,1,1,0,12.690810140587892,1.93785101866493,10.752959121922963,1,63.79827086697617,117.89145108808631,54.093180221110146,0.0,0.16666666666666666,0.16666666666666666,0.02295192119290389
92,92093,0.5,12,1,2,1,cloud_0,edge_5,1,1,1,0,12.690810140587892,1.93785101866493,10.752959121922963,1,63.79827086697617,117.89145108808631,54.093180221110146,0.0,0.16666666666666666,0.16666666666666666,0.02295192119290389
92,92093,1.0,12,1,2,1,cloud_0,edge_5,1,1,1,0,12.690810140587892,1.93785101866493,10.752959121922963,1,63.79827086697617,117.89145108808631,54.093180221110146,0.0,0.16666666666666666,0.16666666666666666,0.02295192119290389
92,92093,2.0,12,1,2,1,cloud_0,edge_5,1,1,1,0,12.690810140587892,1.93785101866493,10.752959121922963,1,63.79827086697617,117.89145108808631,54.093180221110146,0.0,0.16666666666666666,0.16666666666666666,0.02295192119290389
92,92093,4.0,12,1,2,1,cloud_0,edge_5,1,1,1,0,12.690810140587892,1.93785101866493,10.752959121922963,1,63.79827086697617,117.89145108808631,54.093180221110146,0.0,0.16666666666666666,0.16666666666666666,0.02295192119290389
92,92093,8.0,12,1,2,1,cloud_0,edge_5,1,1,1,0,12.690810140587892,1.93785101866493,10.752959121922963,1,63.79827086697617,117.89145108808631,54.093180221110146,0.0,0.16666666666666666,0.16666666666666666,0.02295192119290389
93,92094,0.0,8,0,0,0,cloud_0,cloud_0,0,1,1,0,15.245905258733282,15.245905258733282,0.0,0,81.26433755795459,81.26433755795459,0.0,0.0,0.0,0.0,0.03836870744961124
93,92094,0.25,8,0,1,1,cloud_0,edge_1,1,1,1,0,15.245905258733282,1.7383752192116038,13.50753003952168,1,81.26433755795459,133.8624969836695,52.59815942571491,0.0,0.3333333333333333,0.3333333333333333,0.03836870744961124
93,92094,0.5,8,0,1,1,cloud_0,edge_1,1,1,1,0,15.245905258733282,1.7383752192116038,13.50753003952168,1,81.26433755795459,133.8624969836695,52.59815942571491,0.0,0.3333333333333333,0.3333333333333333,0.03836870744961124
93,92094,1.0,8,0,1,1,cloud_0,edge_1,1,1,1,0,15.245905258733282,1.7383752192116038,13.50753003952168,1,81.26433755795459,133.8624969836695,52.59815942571491,0.0,0.3333333333333333,0.3333333333333333,0.03836870744961124
93,92094,2.0,8,0,1,1,cloud_0,edge_1,1,1,1,0,15.245905258733282,1.7383752192116038,13.50753003952168,1,81.26433755795459,133.8624969836695,52.59815942571491,0.0,0.3333333333333333,0.3333333333333333,0.03836870744961124
93,92094,4.0,8,0,1,1,cloud_0,edge_1,1,1,1,0,15.245905258733282,1.7383752192116038,13.50753003952168,1,81.26433755795459,133.8624969836695,52.59815942571491,0.0,0.3333333333333333,0.3333333333333333,0.03836870744961124
93,92094,8.0,8,0,1,1,cloud_0,edge_1,1,1,1,0,15.245905258733282,1.7383752192116038,13.50753003952168,1,81.26433755795459,133.8624969836695,52.59815942571491,0.0,0.3333333333333333,0.3333333333333333,0.03836870744961124
94,92095,0.0,10,0,0,0,cloud_0,cloud_0,0,1,1,0,21.667207030729166,21.667207030729166,0.0,0,85.26060568824535,85.26060568824535,0.0,0.0,0.0,0.0,0.03512217598775968
94,92095,0.25,10,0,2,1,cloud_0,edge_0,1,1,1,0,21.667207030729166,0.3244028064321937,21.342804224296973,1,85.26060568824535,164.8825505664829,79.62194487823756,0.0,0.0,0.0,0.03512217598775968
94,92095,0.5,10,0,2,1,cloud_0,edge_0,1,1,1,0,21.667207030729166,0.3244028064321937,21.342804224296973,1,85.26060568824535,164.8825505664829,79.62194487823756,0.0,0.0,0.0,0.03512217598775968
94,92095,1.0,10,0,2,1,cloud_0,edge_0,1,1,1,0,21.667207030729166,0.3244028064321937,21.342804224296973,1,85.26060568824535,164.8825505664829,79.62194487823756,0.0,0.0,0.0,0.03512217598775968
94,92095,2.0,10,0,2,1,cloud_0,edge_0,1,1,1,0,21.667207030729166,0.3244028064321937,21.342804224296973,1,85.26060568824535,164.8825505664829,79.62194487823756,0.0,0.0,0.0,0.03512217598775968
94,92095,4.0,10,0,2,1,cloud_0,edge_0,1,1,1,0,21.667207030729166,0.3244028064321937,21.342804224296973,1,85.26060568824535,164.8825505664829,79.62194487823756,0.0,0.0,0.0,0.03512217598775968
94,92095,8.0,10,0,2,1,cloud_0,edge_0,1,1,1,0,21.667207030729166,0.3244028064321937,21.342804224296973,1,85.26060568824535,164.8825505664829,79.62194487823756,0.0,0.0,0.0,0.03512217598775968
95,92096,0.0,8,0,0,0,cloud_0,cloud_0,0,1,1,0,16.20282905049801,16.20282905049801,0.0,0,57.38975556669824,57.38975556669824,0.0,0.0,0.0,0.0,0.025345242751085212
95,92096,0.25,8,0,1,1,cloud_0,edge_2,1,1,1,0,16.20282905049801,3.5532033201717703,12.64962573032624,1,57.38975556669824,79.75148191416068,22.361726347462437,0.0,0.0,0.0,0.025345242751085212
95,92096,0.5,8,0,1,1,cloud_0,edge_2,1,1,1,0,16.20282905049801,3.5532033201717703,12.64962573032624,1,57.38975556669824,79.75148191416068,22.361726347462437,0.0,0.0,0.0,0.025345242751085212
95,92096,1.0,8,0,1,1,cloud_0,edge_2,1,1,1,0,16.20282905049801,3.5532033201717703,12.64962573032624,1,57.38975556669824,79.75148191416068,22.361726347462437,0.0,0.0,0.0,0.025345242751085212
95,92096,2.0,8,0,1,1,cloud_0,edge_2,1,1,1,0,16.20282905049801,3.5532033201717703,12.64962573032624,1,57.38975556669824,79.75148191416068,22.361726347462437,0.0,0.0,0.0,0.025345242751085212
95,92096,4.0,8,0,1,1,cloud_0,edge_2,1,1,1,0,16.20282905049801,3.5532033201717703,12.64962573032624,1,57.38975556669824,79.75148191416068,22.361726347462437,0.0,0.0,0.0,0.025345242751085212
95,92096,8.0,8,0,1,1,cloud_0,edge_2,1,1,1,0,16.20282905049801,3.5532033201717703,12.64962573032624,1,57.38975556669824,79.75148191416068,22.361726347462437,0.0,0.0,0.0,0.025345242751085212
96,92097,0.0,8,0,0,0,cloud_0,cloud_0,0,1,1,0,19.463224622667035,19.463224622667035,0.0,0,69.6032308671679,69.6032308671679,0.0,0.0,0.0,0.0,0.080043313156071
96,92097,0.25,8,0,1,1,cloud_0,edge_5,1,1,1,0,19.463224622667035,3.461150877935758,16.002073744731277,1,69.6032308671679,86.27299561052067,16.669764743352772,0.0,0.2,0.2,0.080043313156071
96,92097,0.5,8,0,1,1,cloud_0,edge_5,1,1,1,0,19.463224622667035,3.461150877935758,16.002073744731277,1,69.6032308671679,86.27299561052067,16.669764743352772,0.0,0.2,0.2,0.080043313156071
96,92097,1.0,8,0,1,1,cloud_0,edge_5,1,1,1,0,19.463224622667035,3.461150877935758,16.002073744731277,1,69.6032308671679,86.27299561052067,16.669764743352772,0.0,0.2,0.2,0.080043313156071
96,92097,2.0,8,0,1,1,cloud_0,edge_5,1,1,1,0,19.463224622667035,3.461150877935758,16.002073744731277,1,69.6032308671679,86.27299561052067,16.669764743352772,0.0,0.2,0.2,0.080043313156071
96,92097,4.0,8,0,1,1,cloud_0,edge_5,1,1,1,0,19.463224622667035,3.461150877935758,16.002073744731277,1,69.6032308671679,86.27299561052067,16.669764743352772,0.0,0.2,0.2,0.080043313156071
96,92097,8.0,8,0,1,1,cloud_0,edge_5,1,1,1,0,19.463224622667035,3.461150877935758,16.002073744731277,1,69.6032308671679,86.27299561052067,16.669764743352772,0.0,0.2,0.2,0.080043313156071
97,92098,0.0,4,0,0,0,cloud_0,cloud_0,0,1,1,0,18.993072272238592,18.993072272238592,0.0,0,61.035754891242355,61.035754891242355,0.0,0.0,0.0,0.0,0.015575585562413306
97,92098,0.25,4,0,0,0,cloud_0,cloud_0,0,1,1,0,18.993072272238592,18.993072272238592,0.0,0,61.035754891242355,61.035754891242355,0.0,0.0,0.0,0.0,0.015575585562413306
97,92098,0.5,4,0,0,0,cloud_0,cloud_0,0,1,1,0,18.993072272238592,18.993072272238592,0.0,0,61.035754891242355,61.035754891242355,0.0,0.0,0.0,0.0,0.015575585562413306
97,92098,1.0,4,0,0,0,cloud_0,cloud_0,0,1,1,0,18.993072272238592,18.993072272238592,0.0,0,61.035754891242355,61.035754891242355,0.0,0.0,0.0,0.0,0.015575585562413306
97,92098,2.0,4,0,0,0,cloud_0,cloud_0,0,1,1,0,18.993072272238592,18.993072272238592,0.0,0,61.035754891242355,61.035754891242355,0.0,0.0,0.0,0.0,0.015575585562413306
97,92098,4.0,4,0,0,0,cloud_0,cloud_0,0,1,1,0,18.993072272238592,18.993072272238592,0.0,0,61.035754891242355,61.035754891242355,0.0,0.0,0.0,0.0,0.015575585562413306
97,92098,8.0,4,0,0,0,cloud_0,cloud_0,0,1,1,0,18.993072272238592,18.993072272238592,0.0,0,61.035754891242355,61.035754891242355,0.0,0.0,0.0,0.0,0.015575585562413306
98,92099,0.0,4,0,0,0,cloud_0,cloud_0,0,1,1,0,17.677669535952255,17.677669535952255,0.0,0,55.81458340776802,55.81458340776802,0.0,0.0,0.0,0.0,0.012486042642017022
98,92099,0.25,4,0,0,0,cloud_0,cloud_0,0,1,1,0,17.677669535952255,17.677669535952255,0.0,0,55.81458340776802,55.81458340776802,0.0,0.0,0.0,0.0,0.012486042642017022
98,92099,0.5,4,0,0,0,cloud_0,cloud_0,0,1,1,0,17.677669535952255,17.677669535952255,0.0,0,55.81458340776802,55.81458340776802,0.0,0.0,0.0,0.0,0.012486042642017022
98,92099,1.0,4,0,0,0,cloud_0,cloud_0,0,1,1,0,17.677669535952255,17.677669535952255,0.0,0,55.81458340776802,55.81458340776802,0.0,0.0,0.0,0.0,0.012486042642017022
98,92099,2.0,4,0,0,0,cloud_0,cloud_0,0,1,1,0,17.677669535952255,17.677669535952255,0.0,0,55.81458340776802,55.81458340776802,0.0,0.0,0.0,0.0,0.012486042642017022
98,92099,4.0,4,0,0,0,cloud_0,cloud_0,0,1,1,0,17.677669535952255,17.677669535952255,0.0,0,55.81458340776802,55.81458340776802,0.0,0.0,0.0,0.0,0.012486042642017022
98,92099,8.0,4,0,0,0,cloud_0,cloud_0,0,1,1,0,17.677669535952255,17.677669535952255,0.0,0,55.81458340776802,55.81458340776802,0.0,0.0,0.0,0.0,0.012486042642017022
99,92100,0.0,4,0,0,0,cloud_0,cloud_0,0,1,1,0,17.336912398890888,17.336912398890888,0.0,0,87.10625268791682,87.10625268791682,0.0,0.0,0.0,0.0,0.03918295656242608
99,92100,0.25,4,0,0,0,cloud_0,cloud_0,0,1,1,0,17.336912398890888,17.336912398890888,0.0,0,87.10625268791682,87.10625268791682,0.0,0.0,0.0,0.0,0.03918295656242608
99,92100,0.5,4,0,0,0,cloud_0,cloud_0,0,1,1,0,17.336912398890888,17.336912398890888,0.0,0,87.10625268791682,87.10625268791682,0.0,0.0,0.0,0.0,0.03918295656242608
99,92100,1.0,4,0,0,0,cloud_0,cloud_0,0,1,1,0,17.336912398890888,17.336912398890888,0.0,0,87.10625268791682,87.10625268791682,0.0,0.0,0.0,0.0,0.03918295656242608
99,92100,2.0,4,0,0,0,cloud_0,cloud_0,0,1,1,0,17.336912398890888,17.336912398890888,0.0,0,87.10625268791682,87.10625268791682,0.0,0.0,0.0,0.0,0.03918295656242608
99,92100,4.0,4,0,0,0,cloud_0,cloud_0,0,1,1,0,17.336912398890888,17.336912398890888,0.0,0,87.10625268791682,87.10625268791682,0.0,0.0,0.0,0.0,0.03918295656242608
99,92100,8.0,4,0,0,0,cloud_0,cloud_0,0,1,1,0,17.336912398890888,17.336912398890888,0.0,0,87.10625268791682,87.10625268791682,0.0,0.0,0.0,0.0,0.03918295656242608
100,92101,0.0,11,0,0,0,cloud_0,cloud_0,0,1,1,0,19.299059258576605,19.299059258576605,0.0,0,80.58181413833735,80.58181413833735,0.0,0.0,0.0,0.0,0.053949708332095773
100,92101,0.25,11,0,2,1,cloud_0,edge_4,1,1,1,0,19.299059258576605,4.553097281873768,14.745961976702837,1,80.58181413833735,114.4080761312344,33.826261992897045,0.0,0.3333333333333333,0.3333333333333333,0.053949708332095773
100,92101,0.5,11,0,2,1,cloud_0,edge_4,1,1,1,0,19.299059258576605,4.553097281873768,14.745961976702837,1,80.58181413833735,114.4080761312344,33.826261992897045,0.0,0.3333333333333333,0.3333333333333333,0.053949708332095773
100,92101,1.0,11,0,1,1,cloud_0,edge_5,1,1,1,0,19.299059258576605,1.710704762020109,17.588354496556498,1,80.58181413833735,114.2983717170079,33.716557578670546,0.0,0.0,0.0,0.053949708332095773
100,92101,2.0,11,0,1,1,cloud_0,edge_5,1,1,1,0,19.299059258576605,1.710704762020109,17.588354496556498,1,80.58181413833735,114.2983717170079,33.716557578670546,0.0,0.0,0.0,0.053949708332095773
100,92101,4.0,11,0,1,1,cloud_0,edge_5,1,1,1,0,19.299059258576605,1.710704762020109,17.588354496556498,1,80.58181413833735,114.2983717170079,33.716557578670546,0.0,0.0,0.0,0.053949708332095773
100,92101,8.0,11,0,1,1,cloud_0,edge_5,1,1,1,0,19.299059258576605,1.710704762020109,17.588354496556498,1,80.58181413833735,114.2983717170079,33.716557578670546,0.0,0.0,0.0,0.053949708332095773
101,92102,0.0,8,0,0,0,cloud_0,cloud_0,0,1,1,0,15.003131521958805,15.003131521958805,0.0,0,44.982813549092825,44.982813549092825,0.0,0.0,0.0,0.0,0.010344736193063636
101,92102,0.25,8,0,1,1,cloud_0,edge_3,1,1,1,0,15.003131521958805,4.0352003061032535,10.96793121585555,1,44.982813549092825,64.90875565853004,19.925942109437216,0.0,0.14285714285714285,0.14285714285714285,0.010344736193063636
101,92102,0.5,8,0,1,1,cloud_0,edge_3,1,1,1,0,15.003131521958805,4.0352003061032535,10.96793121585555,1,44.982813549092825,64.90875565853004,19.925942109437216,0.0,0.14285714285714285,0.14285714285714285,0.010344736193063636
101,92102,1.0,8,0,1,1,cloud_0,edge_3,1,1,1,0,15.003131521958805,4.0352003061032535,10.96793121585555,1,44.982813549092825,64.90875565853004,19.925942109437216,0.0,0.14285714285714285,0.14285714285714285,0.010344736193063636
101,92102,2.0,8,0,1,1,cloud_0,edge_3,1,1,1,0,15.003131521958805,4.0352003061032535,10.96793121585555,1,44.982813549092825,64.90875565853004,19.925942109437216,0.0,0.14285714285714285,0.14285714285714285,0.010344736193063636
101,92102,4.0,8,0,1,1,cloud_0,edge_3,1,1,1,0,15.003131521958805,4.0352003061032535,10.96793121585555,1,44.982813549092825,64.90875565853004,19.925942109437216,0.0,0.14285714285714285,0.14285714285714285,0.010344736193063636
101,92102,8.0,8,0,1,1,cloud_0,edge_3,1,1,1,0,15.003131521958805,4.0352003061032535,10.96793121585555,1,44.982813549092825,64.90875565853004,19.925942109437216,0.0,0.14285714285714285,0.14285714285714285,0.010344736193063636
102,92103,0.0,8,0,0,0,cloud_0,cloud_0,0,1,1,0,14.769963513595673,14.769963513595673,0.0,0,40.74242414674525,40.74242414674525,0.0,0.0,0.0,0.0,0.01369369535798216
102,92103,0.25,8,0,1,1,cloud_0,edge_5,1,1,1,0,14.769963513595673,2.8294950708037456,11.940468442791929,1,40.74242414674525,69.69863960833693,28.956215461591682,0.0,0.4,0.4,0.01369369535798216
102,92103,0.5,8,0,1,1,cloud_0,edge_5,1,1,1,0,14.769963513595673,2.8294950708037456,11.940468442791929,1,40.74242414674525,69.69863960833693,28.956215461591682,0.0,0.4,0.4,0.01369369535798216
102,92103,1.0,8,0,1,1,cloud_0,edge_5,1,1,1,0,14.769963513595673,2.8294950708037456,11.940468442791929,1,40.74242414674525,69.69863960833693,28.956215461591682,0.0,0.4,0.4,0.01369369535798216
102,92103,2.0,8,0,1,1,cloud_0,edge_5,1,1,1,0,14.769963513595673,2.8294950708037456,11.940468442791929,1,40.74242414674525,69.69863960833693,28.956215461591682,0.0,0.4,0.4,0.01369369535798216
102,92103,4.0,8,0,1,1,cloud_0,edge_5,1,1,1,0,14.769963513595673,2.8294950708037456,11.940468442791929,1,40.74242414674525,69.69863960833693,28.956215461591682,0.0,0.4,0.4,0.01369369535798216
102,92103,8.0,8,0,1,1,cloud_0,edge_5,1,1,1,0,14.769963513595673,2.8294950708037456,11.940468442791929,1,40.74242414674525,69.69863960833693,28.956215461591682,0.0,0.4,0.4,0.01369369535798216
103,92104,0.0,16,0,0,0,cloud_0,cloud_0,0,1,1,0,18.873170646270275,18.873170646270275,0.0,0,38.834843260662986,38.834843260662986,0.0,0.0,0.0,0.0,0.014098802164968408
103,92104,0.25,16,0,1,1,cloud_0,edge_5,1,1,1,0,18.873170646270275,3.030871699976102,15.842298946294173,1,38.834843260662986,44.54078384278706,5.705940582124072,0.0,0.5,0.5,0.014098802164968408
103,92104,0.5,16,0,1,1,cloud_0,edge_5,1,1,1,0,18.873170646270275,3.030871699976102,15.842298946294173,1,38.834843260662986,44.54078384278706,5.705940582124072,0.0,0.5,0.5,0.014098802164968408
103,92104,1.0,16,0,1,1,cloud_0,edge_5,1,1,1,0,18.873170646270275,3.030871699976102,15.842298946294173,1,38.834843260662986,44.54078384278706,5.705940582124072,0.0,0.5,0.5,0.014098802164968408
103,92104,2.0,16,0,1,1,cloud_0,edge_5,1,1,1,0,18.873170646270275,3.030871699976102,15.842298946294173,1,38.834843260662986,44.54078384278706,5.705940582124072,0.0,0.5,0.5,0.014098802164968408
103,92104,4.0,16,0,1,1,cloud_0,edge_5,1,1,1,0,18.873170646270275,3.030871699976102,15.842298946294173,1,38.834843260662986,44.54078384278706,5.705940582124072,0.0,0.5,0.5,0.014098802164968408
103,92104,8.0,16,0,2,1,cloud_0,edge_2,1,1,1,0,18.873170646270275,2.6005120872025573,16.272658559067718,1,38.834843260662986,67.94088919594142,29.106045935278438,0.0,0.0,0.0,0.014098802164968408
104,92105,0.0,4,0,0,0,cloud_0,cloud_0,0,1,1,0,18.538111036202547,18.538111036202547,0.0,0,64.16918132457373,64.16918132457373,0.0,0.0,0.0,0.0,0.058296265920820406
104,92105,0.25,4,0,0,0,cloud_0,cloud_0,0,1,1,0,18.538111036202547,18.538111036202547,0.0,0,64.16918132457373,64.16918132457373,0.0,0.0,0.0,0.0,0.058296265920820406
104,92105,0.5,4,0,0,0,cloud_0,cloud_0,0,1,1,0,18.538111036202547,18.538111036202547,0.0,0,64.16918132457373,64.16918132457373,0.0,0.0,0.0,0.0,0.058296265920820406
104,92105,1.0,4,0,0,0,cloud_0,cloud_0,0,1,1,0,18.538111036202547,18.538111036202547,0.0,0,64.16918132457373,64.16918132457373,0.0,0.0,0.0,0.0,0.058296265920820406
104,92105,2.0,4,0,0,0,cloud_0,cloud_0,0,1,1,0,18.538111036202547,18.538111036202547,0.0,0,64.16918132457373,64.16918132457373,0.0,0.0,0.0,0.0,0.058296265920820406
104,92105,4.0,4,0,0,0,cloud_0,cloud_0,0,1,1,0,18.538111036202547,18.538111036202547,0.0,0,64.16918132457373,64.16918132457373,0.0,0.0,0.0,0.0,0.058296265920820406
104,92105,8.0,4,0,0,0,cloud_0,cloud_0,0,1,1,0,18.538111036202547,18.538111036202547,0.0,0,64.16918132457373,64.16918132457373,0.0,0.0,0.0,0.0,0.058296265920820406
105,92106,0.0,11,0,0,0,cloud_0,cloud_0,0,1,1,0,16.44310143791821,16.44310143791821,0.0,0,31.088804180727426,31.088804180727426,0.0,0.0,0.0,0.0,0.007806147158876931
105,92106,0.25,11,0,1,1,cloud_0,edge_4,1,1,1,0,16.44310143791821,4.36259026195389,12.080511175964318,1,31.088804180727426,38.78574102871685,7.696936847989424,0.0,0.0,0.0,0.007806147158876931
105,92106,0.5,11,0,1,1,cloud_0,edge_4,1,1,1,0,16.44310143791821,4.36259026195389,12.080511175964318,1,31.088804180727426,38.78574102871685,7.696936847989424,0.0,0.0,0.0,0.007806147158876931
105,92106,1.0,11,0,2,1,cloud_0,edge_0,1,1,1,0,16.44310143791821,0.10295965241985378,16.340141785498353,1,31.088804180727426,50.54378091586525,19.454976735137823,0.0,0.0,0.0,0.007806147158876931
105,92106,2.0,11,0,2,1,cloud_0,edge_0,1,1,1,0,16.44310143791821,0.10295965241985378,16.340141785498353,1,31.088804180727426,50.54378091586525,19.454976735137823,0.0,0.0,0.0,0.007806147158876931
105,92106,4.0,11,0,2,1,cloud_0,edge_0,1,1,1,0,16.44310143791821,0.10295965241985378,16.340141785498353,1,31.088804180727426,50.54378091586525,19.454976735137823,0.0,0.0,0.0,0.007806147158876931
105,92106,8.0,11,0,2,1,cloud_0,edge_0,1,1,1,0,16.44310143791821,0.10295965241985378,16.340141785498353,1,31.088804180727426,50.54378091586525,19.454976735137823,0.0,0.0,0.0,0.007806147158876931
106,92107,0.0,4,0,0,0,cloud_0,cloud_0,0,1,1,0,18.755092246101807,18.755092246101807,0.0,0,59.79581276314617,59.79581276314617,0.0,0.0,0.0,0.0,0.012346479632158257
106,92107,0.25,4,0,0,0,cloud_0,cloud_0,0,1,1,0,18.755092246101807,18.755092246101807,0.0,0,59.79581276314617,59.79581276314617,0.0,0.0,0.0,0.0,0.012346479632158257
106,92107,0.5,4,0,0,0,cloud_0,cloud_0,0,1,1,0,18.755092246101807,18.755092246101807,0.0,0,59.79581276314617,59.79581276314617,0.0,0.0,0.0,0.0,0.012346479632158257
106,92107,1.0,4,0,0,0,cloud_0,cloud_0,0,1,1,0,18.755092246101807,18.755092246101807,0.0,0,59.79581276314617,59.79581276314617,0.0,0.0,0.0,0.0,0.012346479632158257
106,92107,2.0,4,0,0,0,cloud_0,cloud_0,0,1,1,0,18.755092246101807,18.755092246101807,0.0,0,59.79581276314617,59.79581276314617,0.0,0.0,0.0,0.0,0.012346479632158257
106,92107,4.0,4,0,0,0,cloud_0,cloud_0,0,1,1,0,18.755092246101807,18.755092246101807,0.0,0,59.79581276314617,59.79581276314617,0.0,0.0,0.0,0.0,0.012346479632158257
106,92107,8.0,4,0,0,0,cloud_0,cloud_0,0,1,1,0,18.755092246101807,18.755092246101807,0.0,0,59.79581276314617,59.79581276314617,0.0,0.0,0.0,0.0,0.012346479632158257
107,92108,0.0,8,1,1,0,cloud_0,cloud_0,0,1,1,0,15.227856136920934,15.227856136920934,0.0,0,92.26977724398807,92.26977724398807,0.0,0.0,0.0,0.0,0.047944302696206864
107,92108,0.25,8,1,0,1,cloud_0,edge_2,1,1,1,0,15.227856136920934,5.643632817695604,9.58422331922533,1,92.26977724398807,71.47405080677012,-20.79572643721795,0.0,0.0,0.0,0.047944302696206864
107,92108,0.5,8,1,0,1,cloud_0,edge_2,1,1,1,0,15.227856136920934,5.643632817695604,9.58422331922533,1,92.26977724398807,71.47405080677012,-20.79572643721795,0.0,0.0,0.0,0.047944302696206864
107,92108,1.0,8,1,0,1,cloud_0,edge_2,1,1,1,0,15.227856136920934,5.643632817695604,9.58422331922533,1,92.26977724398807,71.47405080677012,-20.79572643721795,0.0,0.0,0.0,0.047944302696206864
107,92108,2.0,8,1,0,1,cloud_0,edge_2,1,1,1,0,15.227856136920934,5.643632817695604,9.58422331922533,1,92.26977724398807,71.47405080677012,-20.79572643721795,0.0,0.0,0.0,0.047944302696206864
107,92108,4.0,8,1,0,1,cloud_0,edge_2,1,1,1,0,15.227856136920934,5.643632817695604,9.58422331922533,1,92.26977724398807,71.47405080677012,-20.79572643721795,0.0,0.0,0.0,0.047944302696206864
107,92108,8.0,8,1,0,1,cloud_0,edge_2,1,1,1,0,15.227856136920934,5.643632817695604,9.58422331922533,1,92.26977724398807,71.47405080677012,-20.79572643721795,0.0,0.0,0.0,0.047944302696206864
108,92109,0.0,8,0,0,0,cloud_0,cloud_0,0,1,1,0,15.340529541011762,15.340529541011762,0.0,0,44.499305240074975,44.499305240074975,0.0,0.0,0.0,0.0,0.012233411066306182
108,92109,0.25,8,0,1,1,cloud_0,edge_4,1,1,1,0,15.340529541011762,4.650301201725966,10.690228339285795,1,44.499305240074975,78.87530341272223,34.37599817264726,0.0,0.0,0.0,0.012233411066306182
108,92109,0.5,8,0,1,1,cloud_0,edge_4,1,1,1,0,15.340529541011762,4.650301201725966,10.690228339285795,1,44.499305240074975,78.87530341272223,34.37599817264726,0.0,0.0,0.0,0.012233411066306182
108,92109,1.0,8,0,1,1,cloud_0,edge_4,1,1,1,0,15.340529541011762,4.650301201725966,10.690228339285795,1,44.499305240074975,78.87530341272223,34.37599817264726,0.0,0.0,0.0,0.012233411066306182
108,92109,2.0,8,0,1,1,cloud_0,edge_4,1,1,1,0,15.340529541011762,4.650301201725966,10.690228339285795,1,44.499305240074975,78.87530341272223,34.37599817264726,0.0,0.0,0.0,0.012233411066306182
108,92109,4.0,8,0,1,1,cloud_0,edge_4,1,1,1,0,15.340529541011762,4.650301201725966,10.690228339285795,1,44.499305240074975,78.87530341272223,34.37599817264726,0.0,0.0,0.0,0.012233411066306182
108,92109,8.0,8,0,1,1,cloud_0,edge_4,1,1,1,0,15.340529541011762,4.650301201725966,10.690228339285795,1,44.499305240074975,78.87530341272223,34.37599817264726,0.0,0.0,0.0,0.012233411066306182
109,92110,0.0,4,0,0,0,cloud_0,cloud_0,0,1,1,0,16.04765210670027,16.04765210670027,0.0,0,51.06208594975944,51.06208594975944,0.0,0.0,0.0,0.0,0.013460680182465384
109,92110,0.25,4,0,0,0,cloud_0,cloud_0,0,1,1,0,16.04765210670027,16.04765210670027,0.0,0,51.06208594975944,51.06208594975944,0.0,0.0,0.0,0.0,0.013460680182465384
109,92110,0.5,4,0,0,0,cloud_0,cloud_0,0,1,1,0,16.04765210670027,16.04765210670027,0.0,0,51.06208594975944,51.06208594975944,0.0,0.0,0.0,0.0,0.013460680182465384
109,92110,1.0,4,0,0,0,cloud_0,cloud_0,0,1,1,0,16.04765210670027,16.04765210670027,0.0,0,51.06208594975944,51.06208594975944,0.0,0.0,0.0,0.0,0.013460680182465384
109,92110,2.0,4,0,0,0,cloud_0,cloud_0,0,1,1,0,16.04765210670027,16.04765210670027,0.0,0,51.06208594975944,51.06208594975944,0.0,0.0,0.0,0.0,0.013460680182465384
109,92110,4.0,4,0,0,0,cloud_0,cloud_0,0,1,1,0,16.04765210670027,16.04765210670027,0.0,0,51.06208594975944,51.06208594975944,0.0,0.0,0.0,0.0,0.013460680182465384
109,92110,8.0,4,0,0,0,cloud_0,cloud_0,0,1,1,0,16.04765210670027,16.04765210670027,0.0,0,51.06208594975944,51.06208594975944,0.0,0.0,0.0,0.0,0.013460680182465384
110,92111,0.0,6,1,1,0,cloud_0,cloud_0,0,1,1,0,14.52083638175111,14.52083638175111,0.0,0,118.91851842303303,118.91851842303303,0.0,0.0,0.0,0.0,0.056457459839499645
110,92111,0.25,6,1,0,1,cloud_0,edge_1,1,1,1,0,14.52083638175111,1.9177712904270028,12.603065091324106,1,118.91851842303303,86.30251993845776,-32.61599848457527,0.0,0.5,0.5,0.056457459839499645
110,92111,0.5,6,1,0,1,cloud_0,edge_1,1,1,1,0,14.52083638175111,1.9177712904270028,12.603065091324106,1,118.91851842303303,86.30251993845776,-32.61599848457527,0.0,0.5,0.5,0.056457459839499645
110,92111,1.0,6,1,0,1,cloud_0,edge_1,1,1,1,0,14.52083638175111,1.9177712904270028,12.603065091324106,1,118.91851842303303,86.30251993845776,-32.61599848457527,0.0,0.5,0.5,0.056457459839499645
110,92111,2.0,6,1,0,1,cloud_0,edge_1,1,1,1,0,14.52083638175111,1.9177712904270028,12.603065091324106,1,118.91851842303303,86.30251993845776,-32.61599848457527,0.0,0.5,0.5,0.056457459839499645
110,92111,4.0,6,1,0,1,cloud_0,edge_1,1,1,1,0,14.52083638175111,1.9177712904270028,12.603065091324106,1,118.91851842303303,86.30251993845776,-32.61599848457527,0.0,0.5,0.5,0.056457459839499645
110,92111,8.0,6,1,0,1,cloud_0,edge_1,1,1,1,0,14.52083638175111,1.9177712904270028,12.603065091324106,1,118.91851842303303,86.30251993845776,-32.61599848457527,0.0,0.5,0.5,0.056457459839499645
111,92112,0.0,8,0,0,0,cloud_0,cloud_0,0,1,1,0,19.926484612015685,19.926484612015685,0.0,0,108.67556967388941,108.67556967388941,0.0,0.0,0.0,0.0,0.08822660494679396
111,92112,0.25,8,0,1,1,cloud_0,edge_5,1,1,1,0,19.926484612015685,1.6596904410453073,18.26679417097038,1,108.67556967388941,113.52926777562136,4.8536981017319505,0.0,0.0,0.0,0.08822660494679396
111,92112,0.5,8,0,1,1,cloud_0,edge_5,1,1,1,0,19.926484612015685,1.6596904410453073,18.26679417097038,1,108.67556967388941,113.52926777562136,4.8536981017319505,0.0,0.0,0.0,0.08822660494679396
111,92112,1.0,8,0,1,1,cloud_0,edge_5,1,1,1,0,19.926484612015685,1.6596904410453073,18.26679417097038,1,108.67556967388941,113.52926777562136,4.8536981017319505,0.0,0.0,0.0,0.08822660494679396
111,92112,2.0,8,0,1,1,cloud_0,edge_5,1,1,1,0,19.926484612015685,1.6596904410453073,18.26679417097038,1,108.67556967388941,113.52926777562136,4.8536981017319505,0.0,0.0,0.0,0.08822660494679396
111,92112,4.0,8,0,1,1,cloud_0,edge_5,1,1,1,0,19.926484612015685,1.6596904410453073,18.26679417097038,1,108.67556967388941,113.52926777562136,4.8536981017319505,0.0,0.0,0.0,0.08822660494679396
111,92112,8.0,8,0,1,1,cloud_0,edge_5,1,1,1,0,19.926484612015685,1.6596904410453073,18.26679417097038,1,108.67556967388941,113.52926777562136,4.8536981017319505,0.0,0.0,0.0,0.08822660494679396
112,92113,0.0,4,0,0,0,cloud_0,cloud_0,0,1,1,0,16.783867446801295,16.783867446801295,0.0,0,128.55154762260133,128.55154762260133,0.0,0.0,0.0,0.0,0.07647614879841287
112,92113,0.25,4,0,0,0,cloud_0,cloud_0,0,1,1,0,16.783867446801295,16.783867446801295,0.0,0,128.55154762260133,128.55154762260133,0.0,0.0,0.0,0.0,0.07647614879841287
112,92113,0.5,4,0,0,0,cloud_0,cloud_0,0,1,1,0,16.783867446801295,16.783867446801295,0.0,0,128.55154762260133,128.55154762260133,0.0,0.0,0.0,0.0,0.07647614879841287
112,92113,1.0,4,0,0,0,cloud_0,cloud_0,0,1,1,0,16.783867446801295,16.783867446801295,0.0,0,128.55154762260133,128.55154762260133,0.0,0.0,0.0,0.0,0.07647614879841287
112,92113,2.0,4,0,0,0,cloud_0,cloud_0,0,1,1,0,16.783867446801295,16.783867446801295,0.0,0,128.55154762260133,128.55154762260133,0.0,0.0,0.0,0.0,0.07647614879841287
112,92113,4.0,4,0,0,0,cloud_0,cloud_0,0,1,1,0,16.783867446801295,16.783867446801295,0.0,0,128.55154762260133,128.55154762260133,0.0,0.0,0.0,0.0,0.07647614879841287
112,92113,8.0,4,0,0,0,cloud_0,cloud_0,0,1,1,0,16.783867446801295,16.783867446801295,0.0,0,128.55154762260133,128.55154762260133,0.0,0.0,0.0,0.0,0.07647614879841287
113,92114,0.0,12,0,0,0,cloud_0,cloud_0,0,1,1,0,17.0483326390348,17.0483326390348,0.0,0,60.55672316353013,60.55672316353013,0.0,0.0,0.0,0.0,0.03967908890413651
113,92114,0.25,12,0,2,1,cloud_0,edge_5,1,1,1,0,17.0483326390348,2.0912649564840686,14.957067682550733,1,60.55672316353013,93.20871261891335,32.65198945538322,0.0,0.6,0.6,0.03967908890413651
113,92114,0.5,12,0,2,1,cloud_0,edge_5,1,1,1,0,17.0483326390348,2.0912649564840686,14.957067682550733,1,60.55672316353013,93.20871261891335,32.65198945538322,0.0,0.6,0.6,0.03967908890413651
113,92114,1.0,12,0,2,1,cloud_0,edge_5,1,1,1,0,17.0483326390348,2.0912649564840686,14.957067682550733,1,60.55672316353013,93.20871261891335,32.65198945538322,0.0,0.6,0.6,0.03967908890413651
113,92114,2.0,12,0,2,1,cloud_0,edge_5,1,1,1,0,17.0483326390348,2.0912649564840686,14.957067682550733,1,60.55672316353013,93.20871261891335,32.65198945538322,0.0,0.6,0.6,0.03967908890413651
113,92114,4.0,12,0,2,1,cloud_0,edge_5,1,1,1,0,17.0483326390348,2.0912649564840686,14.957067682550733,1,60.55672316353013,93.20871261891335,32.65198945538322,0.0,0.6,0.6,0.03967908890413651
113,92114,8.0,12,0,2,1,cloud_0,edge_5,1,1,1,0,17.0483326390348,2.0912649564840686,14.957067682550733,1,60.55672316353013,93.20871261891335,32.65198945538322,0.0,0.6,0.6,0.03967908890413651
114,92115,0.0,8,0,0,0,cloud_0,cloud_0,0,1,1,0,17.877963817044474,17.877963817044474,0.0,0,66.48785556652896,66.48785556652896,0.0,0.0,0.0,0.0,0.028044647744655364
114,92115,0.25,8,0,1,1,cloud_0,edge_0,1,1,1,0,17.877963817044474,0.13729226669977002,17.740671550344704,1,66.48785556652896,68.05785353973658,1.5699979732076201,0.0,0.0,0.0,0.028044647744655364
114,92115,0.5,8,0,1,1,cloud_0,edge_0,1,1,1,0,17.877963817044474,0.13729226669977002,17.740671550344704,1,66.48785556652896,68.05785353973658,1.5699979732076201,0.0,0.0,0.0,0.028044647744655364
114,92115,1.0,8,0,1,1,cloud_0,edge_0,1,1,1,0,17.877963817044474,0.13729226669977002,17.740671550344704,1,66.48785556652896,68.05785353973658,1.5699979732076201,0.0,0.0,0.0,0.028044647744655364
114,92115,2.0,8,0,1,1,cloud_0,edge_0,1,1,1,0,17.877963817044474,0.13729226669977002,17.740671550344704,1,66.48785556652896,68.05785353973658,1.5699979732076201,0.0,0.0,0.0,0.028044647744655364
114,92115,4.0,8,0,1,1,cloud_0,edge_0,1,1,1,0,17.877963817044474,0.13729226669977002,17.740671550344704,1,66.48785556652896,68.05785353973658,1.5699979732076201,0.0,0.0,0.0,0.028044647744655364
114,92115,8.0,8,0,1,1,cloud_0,edge_0,1,1,1,0,17.877963817044474,0.13729226669977002,17.740671550344704,1,66.48785556652896,68.05785353973658,1.5699979732076201,0.0,0.0,0.0,0.028044647744655364
115,92116,0.0,4,0,0,0,cloud_0,cloud_0,0,1,1,0,18.998574996641477,18.998574996641477,0.0,0,71.46297158898142,71.46297158898142,0.0,0.0,0.0,0.0,0.025683588769956224
115,92116,0.25,4,0,0,0,cloud_0,cloud_0,0,1,1,0,18.998574996641477,18.998574996641477,0.0,0,71.46297158898142,71.46297158898142,0.0,0.0,0.0,0.0,0.025683588769956224
115,92116,0.5,4,0,0,0,cloud_0,cloud_0,0,1,1,0,18.998574996641477,18.998574996641477,0.0,0,71.46297158898142,71.46297158898142,0.0,0.0,0.0,0.0,0.025683588769956224
115,92116,1.0,4,0,0,0,cloud_0,cloud_0,0,1,1,0,18.998574996641477,18.998574996641477,0.0,0,71.46297158898142,71.46297158898142,0.0,0.0,0.0,0.0,0.025683588769956224
115,92116,2.0,4,0,0,0,cloud_0,cloud_0,0,1,1,0,18.998574996641477,18.998574996641477,0.0,0,71.46297158898142,71.46297158898142,0.0,0.0,0.0,0.0,0.025683588769956224
115,92116,4.0,4,0,0,0,cloud_0,cloud_0,0,1,1,0,18.998574996641477,18.998574996641477,0.0,0,71.46297158898142,71.46297158898142,0.0,0.0,0.0,0.0,0.025683588769956224
115,92116,8.0,4,0,0,0,cloud_0,cloud_0,0,1,1,0,18.998574996641477,18.998574996641477,0.0,0,71.46297158898142,71.46297158898142,0.0,0.0,0.0,0.0,0.025683588769956224
116,92117,0.0,6,0,0,0,cloud_0,cloud_0,0,1,1,0,17.141028485487585,17.141028485487585,0.0,0,61.641274641621735,61.641274641621735,0.0,0.0,0.0,0.0,0.07690955015323625
116,92117,0.25,6,0,1,1,cloud_0,edge_3,1,1,1,0,17.141028485487585,5.164036092850672,11.976992392636912,1,61.641274641621735,77.89572857923008,16.254453937608346,0.0,0.16666666666666666,0.16666666666666666,0.07690955015323625
116,92117,0.5,6,0,1,1,cloud_0,edge_3,1,1,1,0,17.141028485487585,5.164036092850672,11.976992392636912,1,61.641274641621735,77.89572857923008,16.254453937608346,0.0,0.16666666666666666,0.16666666666666666,0.07690955015323625
116,92117,1.0,6,0,1,1,cloud_0,edge_3,1,1,1,0,17.141028485487585,5.164036092850672,11.976992392636912,1,61.641274641621735,77.89572857923008,16.254453937608346,0.0,0.16666666666666666,0.16666666666666666,0.07690955015323625
116,92117,2.0,6,0,1,1,cloud_0,edge_3,1,1,1,0,17.141028485487585,5.164036092850672,11.976992392636912,1,61.641274641621735,77.89572857923008,16.254453937608346,0.0,0.16666666666666666,0.16666666666666666,0.07690955015323625
116,92117,4.0,6,0,1,1,cloud_0,edge_3,1,1,1,0,17.141028485487585,5.164036092850672,11.976992392636912,1,61.641274641621735,77.89572857923008,16.254453937608346,0.0,0.16666666666666666,0.16666666666666666,0.07690955015323625
116,92117,8.0,6,0,1,1,cloud_0,edge_3,1,1,1,0,17.141028485487585,5.164036092850672,11.976992392636912,1,61.641274641621735,77.89572857923008,16.254453937608346,0.0,0.16666666666666666,0.16666666666666666,0.07690955015323625
117,92118,0.0,8,0,0,0,cloud_0,cloud_0,0,1,1,0,17.47880810203087,17.47880810203087,0.0,0,83.32982782848981,83.32982782848981,0.0,0.0,0.0,0.0,0.0656649175840247
117,92118,0.25,8,0,1,1,cloud_0,edge_4,1,1,1,0,17.47880810203087,3.5390490701274997,13.939759031903371,1,83.32982782848981,85.82586716441352,2.4960393359237116,0.0,0.2857142857142857,0.2857142857142857,0.0656649175840247
117,92118,0.5,8,0,1,1,cloud_0,edge_4,1,1,1,0,17.47880810203087,3.5390490701274997,13.939759031903371,1,83.32982782848981,85.82586716441352,2.4960393359237116,0.0,0.2857142857142857,0.2857142857142857,0.0656649175840247
117,92118,1.0,8,0,1,1,cloud_0,edge_4,1,1,1,0,17.47880810203087,3.5390490701274997,13.939759031903371,1,83.32982782848981,85.82586716441352,2.4960393359237116,0.0,0.2857142857142857,0.2857142857142857,0.0656649175840247
117,92118,2.0,8,0,1,1,cloud_0,edge_4,1,1,1,0,17.47880810203087,3.5390490701274997,13.939759031903371,1,83.32982782848981,85.82586716441352,2.4960393359237116,0.0,0.2857142857142857,0.2857142857142857,0.0656649175840247
117,92118,4.0,8,0,1,1,cloud_0,edge_4,1,1,1,0,17.47880810203087,3.5390490701274997,13.939759031903371,1,83.32982782848981,85.82586716441352,2.4960393359237116,0.0,0.2857142857142857,0.2857142857142857,0.0656649175840247
117,92118,8.0,8,0,1,1,cloud_0,edge_4,1,1,1,0,17.47880810203087,3.5390490701274997,13.939759031903371,1,83.32982782848981,85.82586716441352,2.4960393359237116,0.0,0.2857142857142857,0.2857142857142857,0.0656649175840247
118,92119,0.0,12,0,0,0,cloud_0,cloud_0,0,1,1,0,17.86522747716046,17.86522747716046,0.0,0,58.91000145292965,58.91000145292965,0.0,0.0,0.0,0.0,0.02536789029604607
118,92119,0.25,12,0,2,1,cloud_0,edge_5,1,1,1,0,17.86522747716046,1.2893803406971305,16.57584713646333,1,58.91000145292965,105.54438657236335,46.6343851194337,0.0,0.3333333333333333,0.3333333333333333,0.02536789029604607
118,92119,0.5,12,0,2,1,cloud_0,edge_5,1,1,1,0,17.86522747716046,1.2893803406971305,16.57584713646333,1,58.91000145292965,105.54438657236335,46.6343851194337,0.0,0.3333333333333333,0.3333333333333333,0.02536789029604607
118,92119,1.0,12,0,2,1,cloud_0,edge_5,1,1,1,0,17.86522747716046,1.2893803406971305,16.57584713646333,1,58.91000145292965,105.54438657236335,46.6343851194337,0.0,0.3333333333333333,0.3333333333333333,0.02536789029604607
118,92119,2.0,12,0,2,1,cloud_0,edge_5,1,1,1,0,17.86522747716046,1.2893803406971305,16.57584713646333,1,58.91000145292965,105.54438657236335,46.6343851194337,0.0,0.3333333333333333,0.3333333333333333,0.02536789029604607
118,92119,4.0,12,0,2,1,cloud_0,edge_5,1,1,1,0,17.86522747716046,1.2893803406971305,16.57584713646333,1,58.91000145292965,105.54438657236335,46.6343851194337,0.0,0.3333333333333333,0.3333333333333333,0.02536789029604607
118,92119,8.0,12,0,2,1,cloud_0,edge_5,1,1,1,0,17.86522747716046,1.2893803406971305,16.57584713646333,1,58.91000145292965,105.54438657236335,46.6343851194337,0.0,0.3333333333333333,0.3333333333333333,0.02536789029604607
119,92120,0.0,4,0,0,0,cloud_0,cloud_0,0,1,1,0,17.850193723663306,17.850193723663306,0.0,0,92.78001133121776,92.78001133121776,0.0,0.0,0.0,0.0,0.035580324254434095
119,92120,0.25,4,0,0,0,cloud_0,cloud_0,0,1,1,0,17.850193723663306,17.850193723663306,0.0,0,92.78001133121776,92.78001133121776,0.0,0.0,0.0,0.0,0.035580324254434095
119,92120,0.5,4,0,0,0,cloud_0,cloud_0,0,1,1,0,17.850193723663306,17.850193723663306,0.0,0,92.78001133121776,92.78001133121776,0.0,0.0,0.0,0.0,0.035580324254434095
119,92120,1.0,4,0,0,0,cloud_0,cloud_0,0,1,1,0,17.850193723663306,17.850193723663306,0.0,0,92.78001133121776,92.78001133121776,0.0,0.0,0.0,0.0,0.035580324254434095
119,92120,2.0,4,0,0,0,cloud_0,cloud_0,0,1,1,0,17.850193723663306,17.850193723663306,0.0,0,92.78001133121776,92.78001133121776,0.0,0.0,0.0,0.0,0.035580324254434095
119,92120,4.0,4,0,0,0,cloud_0,cloud_0,0,1,1,0,17.850193723663306,17.850193723663306,0.0,0,92.78001133121776,92.78001133121776,0.0,0.0,0.0,0.0,0.035580324254434095
119,92120,8.0,4,0,0,0,cloud_0,cloud_0,0,1,1,0,17.850193723663306,17.850193723663306,0.0,0,92.78001133121776,92.78001133121776,0.0,0.0,0.0,0.0,0.035580324254434095
120,92121,0.0,4,0,0,0,cloud_0,cloud_0,0,1,1,0,22.75991073720741,22.75991073720741,0.0,0,47.6466963947841,47.6466963947841,0.0,0.0,0.0,0.0,0.011700045904885152
120,92121,0.25,4,0,0,0,cloud_0,cloud_0,0,1,1,0,22.75991073720741,22.75991073720741,0.0,0,47.6466963947841,47.6466963947841,0.0,0.0,0.0,0.0,0.011700045904885152
120,92121,0.5,4,0,0,0,cloud_0,cloud_0,0,1,1,0,22.75991073720741,22.75991073720741,0.0,0,47.6466963947841,47.6466963947841,0.0,0.0,0.0,0.0,0.011700045904885152
120,92121,1.0,4,0,0,0,cloud_0,cloud_0,0,1,1,0,22.75991073720741,22.75991073720741,0.0,0,47.6466963947841,47.6466963947841,0.0,0.0,0.0,0.0,0.011700045904885152
120,92121,2.0,4,0,0,0,cloud_0,cloud_0,0,1,1,0,22.75991073720741,22.75991073720741,0.0,0,47.6466963947841,47.6466963947841,0.0,0.0,0.0,0.0,0.011700045904885152
120,92121,4.0,4,0,0,0,cloud_0,cloud_0,0,1,1,0,22.75991073720741,22.75991073720741,0.0,0,47.6466963947841,47.6466963947841,0.0,0.0,0.0,0.0,0.011700045904885152
120,92121,8.0,4,0,0,0,cloud_0,cloud_0,0,1,1,0,22.75991073720741,22.75991073720741,0.0,0,47.6466963947841,47.6466963947841,0.0,0.0,0.0,0.0,0.011700045904885152
121,92122,0.0,8,1,1,0,cloud_0,cloud_0,0,1,1,0,18.570509620658402,18.570509620658402,0.0,0,66.4059723661007,66.4059723661007,0.0,0.0,0.0,0.0,0.022001300731848153
121,92122,0.25,8,1,0,1,cloud_0,edge_3,1,1,1,0,18.570509620658402,3.0382268249281945,15.532282795730207,1,66.4059723661007,49.44645738397148,-16.95951498212922,0.0,0.0,0.0,0.022001300731848153
121,92122,0.5,8,1,0,1,cloud_0,edge_3,1,1,1,0,18.570509620658402,3.0382268249281945,15.532282795730207,1,66.4059723661007,49.44645738397148,-16.95951498212922,0.0,0.0,0.0,0.022001300731848153
121,92122,1.0,8,1,0,1,cloud_0,edge_3,1,1,1,0,18.570509620658402,3.0382268249281945,15.532282795730207,1,66.4059723661007,49.44645738397148,-16.95951498212922,0.0,0.0,0.0,0.022001300731848153
121,92122,2.0,8,1,0,1,cloud_0,edge_3,1,1,1,0,18.570509620658402,3.0382268249281945,15.532282795730207,1,66.4059723661007,49.44645738397148,-16.95951498212922,0.0,0.0,0.0,0.022001300731848153
121,92122,4.0,8,1,0,1,cloud_0,edge_3,1,1,1,0,18.570509620658402,3.0382268249281945,15.532282795730207,1,66.4059723661007,49.44645738397148,-16.95951498212922,0.0,0.0,0.0,0.022001300731848153
121,92122,8.0,8,1,0,1,cloud_0,edge_3,1,1,1,0,18.570509620658402,3.0382268249281945,15.532282795730207,1,66.4059723661007,49.44645738397148,-16.95951498212922,0.0,0.0,0.0,0.022001300731848153
122,92123,0.0,4,0,0,0,cloud_0,cloud_0,0,1,1,0,22.59508774916851,22.59508774916851,0.0,0,53.3419818869124,53.3419818869124,0.0,0.0,0.0,0.0,0.01903218730828306
122,92123,0.25,4,0,0,0,cloud_0,cloud_0,0,1,1,0,22.59508774916851,22.59508774916851,0.0,0,53.3419818869124,53.3419818869124,0.0,0.0,0.0,0.0,0.01903218730828306
122,92123,0.5,4,0,0,0,cloud_0,cloud_0,0,1,1,0,22.59508774916851,22.59508774916851,0.0,0,53.3419818869124,53.3419818869124,0.0,0.0,0.0,0.0,0.01903218730828306
122,92123,1.0,4,0,0,0,cloud_0,cloud_0,0,1,1,0,22.59508774916851,22.59508774916851,0.0,0,53.3419818869124,53.3419818869124,0.0,0.0,0.0,0.0,0.01903218730828306
122,92123,2.0,4,0,0,0,cloud_0,cloud_0,0,1,1,0,22.59508774916851,22.59508774916851,0.0,0,53.3419818869124,53.3419818869124,0.0,0.0,0.0,0.0,0.01903218730828306
122,92123,4.0,4,0,0,0,cloud_0,cloud_0,0,1,1,0,22.59508774916851,22.59508774916851,0.0,0,53.3419818869124,53.3419818869124,0.0,0.0,0.0,0.0,0.01903218730828306
122,92123,8.0,4,0,0,0,cloud_0,cloud_0,0,1,1,0,22.59508774916851,22.59508774916851,0.0,0,53.3419818869124,53.3419818869124,0.0,0.0,0.0,0.0,0.01903218730828306
123,92124,0.0,14,2,2,0,cloud_0,cloud_0,0,1,1,0,27.33824153616382,27.33824153616382,0.0,0,71.3363227395847,71.3363227395847,0.0,0.0,0.0,0.0,0.040171695731065694
123,92124,0.25,14,2,0,1,cloud_0,edge_5,1,1,1,0,27.33824153616382,2.3087455012932434,25.029496034870576,1,71.3363227395847,21.230994458771512,-50.10532828081319,0.0,0.0,0.0,0.040171695731065694
123,92124,0.5,14,2,0,1,cloud_0,edge_5,1,1,1,0,27.33824153616382,2.3087455012932434,25.029496034870576,1,71.3363227395847,21.230994458771512,-50.10532828081319,0.0,0.0,0.0,0.040171695731065694
123,92124,1.0,14,2,0,1,cloud_0,edge_5,1,1,1,0,27.33824153616382,2.3087455012932434,25.029496034870576,1,71.3363227395847,21.230994458771512,-50.10532828081319,0.0,0.0,0.0,0.040171695731065694
123,92124,2.0,14,2,0,1,cloud_0,edge_5,1,1,1,0,27.33824153616382,2.3087455012932434,25.029496034870576,1,71.3363227395847,21.230994458771512,-50.10532828081319,0.0,0.0,0.0,0.040171695731065694
123,92124,4.0,14,2,3,1,cloud_0,edge_0,1,1,1,0,27.33824153616382,0.5467667974367231,26.791474738727096,1,71.3363227395847,93.63337614873352,22.297053409148816,0.0,0.0,0.0,0.040171695731065694
123,92124,8.0,14,2,3,1,cloud_0,edge_0,1,1,1,0,27.33824153616382,0.5467667974367231,26.791474738727096,1,71.3363227395847,93.63337614873352,22.297053409148816,0.0,0.0,0.0,0.040171695731065694
124,92125,0.0,8,1,1,0,cloud_0,cloud_0,0,1,1,0,16.79127480986258,16.79127480986258,0.0,0,66.91074374434788,66.91074374434788,0.0,0.0,0.0,0.0,0.054474496384969984
124,92125,0.25,8,1,0,1,cloud_0,edge_0,1,1,1,0,16.79127480986258,0.2851394297717939,16.506135380090786,1,66.91074374434788,57.378471229715856,-9.532272514632027,0.0,0.0,0.0,0.054474496384969984
124,92125,0.5,8,1,0,1,cloud_0,edge_0,1,1,1,0,16.79127480986258,0.2851394297717939,16.506135380090786,1,66.91074374434788,57.378471229715856,-9.532272514632027,0.0,0.0,0.0,0.054474496384969984
124,92125,1.0,8,1,0,1,cloud_0,edge_0,1,1,1,0,16.79127480986258,0.2851394297717939,16.506135380090786,1,66.91074374434788,57.378471229715856,-9.532272514632027,0.0,0.0,0.0,0.054474496384969984
124,92125,2.0,8,1,0,1,cloud_0,edge_0,1,1,1,0,16.79127480986258,0.2851394297717939,16.506135380090786,1,66.91074374434788,57.378471229715856,-9.532272514632027,0.0,0.0,0.0,0.054474496384969984
124,92125,4.0,8,1,0,1,cloud_0,edge_0,1,1,1,0,16.79127480986258,0.2851394297717939,16.506135380090786,1,66.91074374434788,57.378471229715856,-9.532272514632027,0.0,0.0,0.0,0.054474496384969984
124,92125,8.0,8,1,0,1,cloud_0,edge_0,1,1,1,0,16.79127480986258,0.2851394297717939,16.506135380090786,1,66.91074374434788,57.378471229715856,-9.532272514632027,0.0,0.0,0.0,0.054474496384969984
125,92126,0.0,12,1,1,0,cloud_0,cloud_0,0,1,1,0,15.462265333263634,15.462265333263634,0.0,0,86.70123406557468,86.70123406557468,0.0,0.0,0.0,0.0,0.06786756199556208
125,92126,0.25,12,1,2,1,cloud_0,edge_4,1,1,1,0,15.462265333263634,4.889909229729772,10.572356103533862,1,86.70123406557468,126.44530575880782,39.74407169323314,0.0,0.14285714285714285,0.14285714285714285,0.06786756199556208
125,92126,0.5,12,1,2,1,cloud_0,edge_4,1,1,1,0,15.462265333263634,4.889909229729772,10.572356103533862,1,86.70123406557468,126.44530575880782,39.74407169323314,0.0,0.14285714285714285,0.14285714285714285,0.06786756199556208
125,92126,1.0,12,1,2,1,cloud_0,edge_4,1,1,1,0,15.462265333263634,4.889909229729772,10.572356103533862,1,86.70123406557468,126.44530575880782,39.74407169323314,0.0,0.14285714285714285,0.14285714285714285,0.06786756199556208
125,92126,2.0,12,1,2,1,cloud_0,edge_4,1,1,1,0,15.462265333263634,4.889909229729772,10.572356103533862,1,86.70123406557468,126.44530575880782,39.74407169323314,0.0,0.14285714285714285,0.14285714285714285,0.06786756199556208
125,92126,4.0,12,1,2,1,cloud_0,edge_4,1,1,1,0,15.462265333263634,4.889909229729772,10.572356103533862,1,86.70123406557468,126.44530575880782,39.74407169323314,0.0,0.14285714285714285,0.14285714285714285,0.06786756199556208
125,92126,8.0,12,1,2,1,cloud_0,edge_4,1,1,1,0,15.462265333263634,4.889909229729772,10.572356103533862,1,86.70123406557468,126.44530575880782,39.74407169323314,0.0,0.14285714285714285,0.14285714285714285,0.06786756199556208
126,92127,0.0,8,0,0,0,cloud_0,cloud_0,0,1,1,0,20.06634314533787,20.06634314533787,0.0,0,35.29065217571525,35.29065217571525,0.0,0.0,0.0,0.0,0.018113727697880028
126,92127,0.25,8,0,1,1,cloud_0,edge_5,1,1,1,0,20.06634314533787,2.1278056642302787,17.93853748110759,1,35.29065217571525,77.10216336895485,41.811511193239596,0.0,0.0,0.0,0.018113727697880028
126,92127,0.5,8,0,1,1,cloud_0,edge_5,1,1,1,0,20.06634314533787,2.1278056642302787,17.93853748110759,1,35.29065217571525,77.10216336895485,41.811511193239596,0.0,0.0,0.0,0.018113727697880028
126,92127,1.0,8,0,1,1,cloud_0,edge_5,1,1,1,0,20.06634314533787,2.1278056642302787,17.93853748110759,1,35.29065217571525,77.10216336895485,41.811511193239596,0.0,0.0,0.0,0.018113727697880028
126,92127,2.0,8,0,1,1,cloud_0,edge_5,1,1,1,0,20.06634314533787,2.1278056642302787,17.93853748110759,1,35.29065217571525,77.10216336895485,41.811511193239596,0.0,0.0,0.0,0.018113727697880028
126,92127,4.0,8,0,1,1,cloud_0,edge_5,1,1,1,0,20.06634314533787,2.1278056642302787,17.93853748110759,1,35.29065217571525,77.10216336895485,41.811511193239596,0.0,0.0,0.0,0.018113727697880028
126,92127,8.0,8,0,1,1,cloud_0,edge_5,1,1,1,0,20.06634314533787,2.1278056642302787,17.93853748110759,1,35.29065217571525,77.10216336895485,41.811511193239596,0.0,0.0,0.0,0.018113727697880028
127,92128,0.0,4,0,0,0,cloud_0,cloud_0,0,1,1,0,22.577954701965,22.577954701965,0.0,0,64.26963626983368,64.26963626983368,0.0,0.0,0.0,0.0,0.021801434357156455
127,92128,0.25,4,0,0,0,cloud_0,cloud_0,0,1,1,0,22.577954701965,22.577954701965,0.0,0,64.26963626983368,64.26963626983368,0.0,0.0,0.0,0.0,0.021801434357156455
127,92128,0.5,4,0,0,0,cloud_0,cloud_0,0,1,1,0,22.577954701965,22.577954701965,0.0,0,64.26963626983368,64.26963626983368,0.0,0.0,0.0,0.0,0.021801434357156455
127,92128,1.0,4,0,0,0,cloud_0,cloud_0,0,1,1,0,22.577954701965,22.577954701965,0.0,0,64.26963626983368,64.26963626983368,0.0,0.0,0.0,0.0,0.021801434357156455
127,92128,2.0,4,0,0,0,cloud_0,cloud_0,0,1,1,0,22.577954701965,22.577954701965,0.0,0,64.26963626983368,64.26963626983368,0.0,0.0,0.0,0.0,0.021801434357156455
127,92128,4.0,4,0,0,0,cloud_0,cloud_0,0,1,1,0,22.577954701965,22.577954701965,0.0,0,64.26963626983368,64.26963626983368,0.0,0.0,0.0,0.0,0.021801434357156455
127,92128,8.0,4,0,0,0,cloud_0,cloud_0,0,1,1,0,22.577954701965,22.577954701965,0.0,0,64.26963626983368,64.26963626983368,0.0,0.0,0.0,0.0,0.021801434357156455
128,92129,0.0,8,0,0,0,cloud_0,cloud_0,0,1,1,0,16.6369281420357,16.6369281420357,0.0,0,78.38086265353022,78.38086265353022,0.0,0.0,0.0,0.0,0.06841952151410993
128,92129,0.25,8,0,1,1,cloud_0,edge_4,1,1,1,0,16.6369281420357,4.595274317085632,12.041653824950068,1,78.38086265353022,103.80645807409651,25.425595420566296,0.0,0.0,0.0,0.06841952151410993
128,92129,0.5,8,0,1,1,cloud_0,edge_4,1,1,1,0,16.6369281420357,4.595274317085632,12.041653824950068,1,78.38086265353022,103.80645807409651,25.425595420566296,0.0,0.0,0.0,0.06841952151410993
128,92129,1.0,8,0,1,1,cloud_0,edge_4,1,1,1,0,16.6369281420357,4.595274317085632,12.041653824950068,1,78.38086265353022,103.80645807409651,25.425595420566296,0.0,0.0,0.0,0.06841952151410993
128,92129,2.0,8,0,1,1,cloud_0,edge_4,1,1,1,0,16.6369281420357,4.595274317085632,12.041653824950068,1,78.38086265353022,103.80645807409651,25.425595420566296,0.0,0.0,0.0,0.06841952151410993
128,92129,4.0,8,0,1,1,cloud_0,edge_4,1,1,1,0,16.6369281420357,4.595274317085632,12.041653824950068,1,78.38086265353022,103.80645807409651,25.425595420566296,0.0,0.0,0.0,0.06841952151410993
128,92129,8.0,8,0,1,1,cloud_0,edge_4,1,1,1,0,16.6369281420357,4.595274317085632,12.041653824950068,1,78.38086265353022,103.80645807409651,25.425595420566296,0.0,0.0,0.0,0.06841952151410993
129,92130,0.0,4,0,0,0,cloud_0,cloud_0,0,1,1,0,19.02027001625498,19.02027001625498,0.0,0,81.31101511238555,81.31101511238555,0.0,0.0,0.0,0.0,0.03286605289497072
129,92130,0.25,4,0,0,0,cloud_0,cloud_0,0,1,1,0,19.02027001625498,19.02027001625498,0.0,0,81.31101511238555,81.31101511238555,0.0,0.0,0.0,0.0,0.03286605289497072
129,92130,0.5,4,0,0,0,cloud_0,cloud_0,0,1,1,0,19.02027001625498,19.02027001625498,0.0,0,81.31101511238555,81.31101511238555,0.0,0.0,0.0,0.0,0.03286605289497072
129,92130,1.0,4,0,0,0,cloud_0,cloud_0,0,1,1,0,19.02027001625498,19.02027001625498,0.0,0,81.31101511238555,81.31101511238555,0.0,0.0,0.0,0.0,0.03286605289497072
129,92130,2.0,4,0,0,0,cloud_0,cloud_0,0,1,1,0,19.02027001625498,19.02027001625498,0.0,0,81.31101511238555,81.31101511238555,0.0,0.0,0.0,0.0,0.03286605289497072
129,92130,4.0,4,0,0,0,cloud_0,cloud_0,0,1,1,0,19.02027001625498,19.02027001625498,0.0,0,81.31101511238555,81.31101511238555,0.0,0.0,0.0,0.0,0.03286605289497072
129,92130,8.0,4,0,0,0,cloud_0,cloud_0,0,1,1,0,19.02027001625498,19.02027001625498,0.0,0,81.31101511238555,81.31101511238555,0.0,0.0,0.0,0.0,0.03286605289497072
130,92131,0.0,4,0,0,0,cloud_0,cloud_0,0,1,1,0,26.267572881332722,26.267572881332722,0.0,0,60.89313490351967,60.89313490351967,0.0,0.0,0.0,0.0,0.01178616856201663
130,92131,0.25,4,0,0,0,cloud_0,cloud_0,0,1,1,0,26.267572881332722,26.267572881332722,0.0,0,60.89313490351967,60.89313490351967,0.0,0.0,0.0,0.0,0.01178616856201663
130,92131,0.5,4,0,0,0,cloud_0,cloud_0,0,1,1,0,26.267572881332722,26.267572881332722,0.0,0,60.89313490351967,60.89313490351967,0.0,0.0,0.0,0.0,0.01178616856201663
130,92131,1.0,4,0,0,0,cloud_0,cloud_0,0,1,1,0,26.267572881332722,26.267572881332722,0.0,0,60.89313490351967,60.89313490351967,0.0,0.0,0.0,0.0,0.01178616856201663
130,92131,2.0,4,0,0,0,cloud_0,cloud_0,0,1,1,0,26.267572881332722,26.267572881332722,0.0,0,60.89313490351967,60.89313490351967,0.0,0.0,0.0,0.0,0.01178616856201663
130,92131,4.0,4,0,0,0,cloud_0,cloud_0,0,1,1,0,26.267572881332722,26.267572881332722,0.0,0,60.89313490351967,60.89313490351967,0.0,0.0,0.0,0.0,0.01178616856201663
130,92131,8.0,4,0,0,0,cloud_0,cloud_0,0,1,1,0,26.267572881332722,26.267572881332722,0.0,0,60.89313490351967,60.89313490351967,0.0,0.0,0.0,0.0,0.01178616856201663
131,92132,0.0,12,1,1,0,cloud_0,cloud_0,0,1,1,0,21.085831653139632,21.085831653139632,0.0,0,60.59620961623153,60.59620961623153,0.0,0.0,0.0,0.0,0.030074577467029212
131,92132,0.25,12,1,0,1,cloud_0,edge_5,1,1,1,0,21.085831653139632,2.607785988434075,18.478045664705558,1,60.59620961623153,42.111458020574574,-18.48475159565696,0.0,0.6,0.6,0.030074577467029212
131,92132,0.5,12,1,0,1,cloud_0,edge_5,1,1,1,0,21.085831653139632,2.607785988434075,18.478045664705558,1,60.59620961623153,42.111458020574574,-18.48475159565696,0.0,0.6,0.6,0.030074577467029212
131,92132,1.0,12,1,0,1,cloud_0,edge_5,1,1,1,0,21.085831653139632,2.607785988434075,18.478045664705558,1,60.59620961623153,42.111458020574574,-18.48475159565696,0.0,0.6,0.6,0.030074577467029212
131,92132,2.0,12,1,0,1,cloud_0,edge_5,1,1,1,0,21.085831653139632,2.607785988434075,18.478045664705558,1,60.59620961623153,42.111458020574574,-18.48475159565696,0.0,0.6,0.6,0.030074577467029212
131,92132,4.0,12,1,0,1,cloud_0,edge_5,1,1,1,0,21.085831653139632,2.607785988434075,18.478045664705558,1,60.59620961623153,42.111458020574574,-18.48475159565696,0.0,0.6,0.6,0.030074577467029212
131,92132,8.0,12,1,0,1,cloud_0,edge_5,1,1,1,0,21.085831653139632,2.607785988434075,18.478045664705558,1,60.59620961623153,42.111458020574574,-18.48475159565696,0.0,0.6,0.6,0.030074577467029212
132,92133,0.0,10,0,0,0,cloud_0,cloud_0,0,1,1,0,19.75782948402171,19.75782948402171,0.0,0,68.99739624831811,68.99739624831811,0.0,0.0,0.0,0.0,0.04797696122745702
132,92133,0.25,10,0,1,1,cloud_0,edge_3,1,1,1,0,19.75782948402171,4.0014154170495315,15.756414066972177,1,68.99739624831811,73.97156595874245,4.974169710424334,0.0,0.16666666666666666,0.16666666666666666,0.04797696122745702
132,92133,0.5,10,0,1,1,cloud_0,edge_3,1,1,1,0,19.75782948402171,4.0014154170495315,15.756414066972177,1,68.99739624831811,73.97156595874245,4.974169710424334,0.0,0.16666666666666666,0.16666666666666666,0.04797696122745702
132,92133,1.0,10,0,2,1,cloud_0,edge_0,1,1,1,0,19.75782948402171,0.32037067387150203,19.437458810150208,1,68.99739624831811,95.66865729409943,26.67126104578132,0.0,0.0,0.0,0.04797696122745702
132,92133,2.0,10,0,2,1,cloud_0,edge_0,1,1,1,0,19.75782948402171,0.32037067387150203,19.437458810150208,1,68.99739624831811,95.66865729409943,26.67126104578132,0.0,0.0,0.0,0.04797696122745702
132,92133,4.0,10,0,2,1,cloud_0,edge_0,1,1,1,0,19.75782948402171,0.32037067387150203,19.437458810150208,1,68.99739624831811,95.66865729409943,26.67126104578132,0.0,0.0,0.0,0.04797696122745702
132,92133,8.0,10,0,2,1,cloud_0,edge_0,1,1,1,0,19.75782948402171,0.32037067387150203,19.437458810150208,1,68.99739624831811,95.66865729409943,26.67126104578132,0.0,0.0,0.0,0.04797696122745702
133,92134,0.0,8,0,0,0,cloud_0,cloud_0,0,1,1,0,22.954535522752337,22.954535522752337,0.0,0,89.03449740966246,89.03449740966246,0.0,0.0,0.0,0.0,0.05206862384915781
133,92134,0.25,8,0,1,1,cloud_0,edge_3,1,1,1,0,22.954535522752337,4.678685743697912,18.275849779054425,1,89.03449740966246,115.4198308429205,26.38533343325804,0.0,0.25,0.25,0.05206862384915781
133,92134,0.5,8,0,1,1,cloud_0,edge_3,1,1,1,0,22.954535522752337,4.678685743697912,18.275849779054425,1,89.03449740966246,115.4198308429205,26.38533343325804,0.0,0.25,0.25,0.05206862384915781
133,92134,1.0,8,0,1,1,cloud_0,edge_3,1,1,1,0,22.954535522752337,4.678685743697912,18.275849779054425,1,89.03449740966246,115.4198308429205,26.38533343325804,0.0,0.25,0.25,0.05206862384915781
133,92134,2.0,8,0,1,1,cloud_0,edge_3,1,1,1,0,22.954535522752337,4.678685743697912,18.275849779054425,1,89.03449740966246,115.4198308429205,26.38533343325804,0.0,0.25,0.25,0.05206862384915781
133,92134,4.0,8,0,1,1,cloud_0,edge_3,1,1,1,0,22.954535522752337,4.678685743697912,18.275849779054425,1,89.03449740966246,115.4198308429205,26.38533343325804,0.0,0.25,0.25,0.05206862384915781
133,92134,8.0,8,0,1,1,cloud_0,edge_3,1,1,1,0,22.954535522752337,4.678685743697912,18.275849779054425,1,89.03449740966246,115.4198308429205,26.38533343325804,0.0,0.25,0.25,0.05206862384915781
134,92135,0.0,4,0,0,0,cloud_0,cloud_0,0,1,1,0,19.60691789101959,19.60691789101959,0.0,0,83.75885055531157,83.75885055531157,0.0,0.0,0.0,0.0,0.0482789838998752
134,92135,0.25,4,0,0,0,cloud_0,cloud_0,0,1,1,0,19.60691789101959,19.60691789101959,0.0,0,83.75885055531157,83.75885055531157,0.0,0.0,0.0,0.0,0.0482789838998752
134,92135,0.5,4,0,0,0,cloud_0,cloud_0,0,1,1,0,19.60691789101959,19.60691789101959,0.0,0,83.75885055531157,83.75885055531157,0.0,0.0,0.0,0.0,0.0482789838998752
134,92135,1.0,4,0,0,0,cloud_0,cloud_0,0,1,1,0,19.60691789101959,19.60691789101959,0.0,0,83.75885055531157,83.75885055531157,0.0,0.0,0.0,0.0,0.0482789838998752
134,92135,2.0,4,0,0,0,cloud_0,cloud_0,0,1,1,0,19.60691789101959,19.60691789101959,0.0,0,83.75885055531157,83.75885055531157,0.0,0.0,0.0,0.0,0.0482789838998752
134,92135,4.0,4,0,0,0,cloud_0,cloud_0,0,1,1,0,19.60691789101959,19.60691789101959,0.0,0,83.75885055531157,83.75885055531157,0.0,0.0,0.0,0.0,0.0482789838998752
134,92135,8.0,4,0,0,0,cloud_0,cloud_0,0,1,1,0,19.60691789101959,19.60691789101959,0.0,0,83.75885055531157,83.75885055531157,0.0,0.0,0.0,0.0,0.0482789838998752
135,92136,0.0,7,1,1,0,cloud_0,cloud_0,0,1,1,0,23.24453987601716,23.24453987601716,0.0,0,103.23632586250619,103.23632586250619,0.0,0.0,0.0,0.0,0.03602943008183875
135,92136,0.25,7,1,0,1,cloud_0,edge_4,1,1,1,0,23.24453987601716,3.54684440430838,19.69769547170878,1,103.23632586250619,14.761657027009814,-88.47466883549637,0.0,0.6666666666666666,0.6666666666666666,0.03602943008183875
135,92136,0.5,7,1,0,1,cloud_0,edge_4,1,1,1,0,23.24453987601716,3.54684440430838,19.69769547170878,1,103.23632586250619,14.761657027009814,-88.47466883549637,0.0,0.6666666666666666,0.6666666666666666,0.03602943008183875
135,92136,1.0,7,1,0,1,cloud_0,edge_4,1,1,1,0,23.24453987601716,3.54684440430838,19.69769547170878,1,103.23632586250619,14.761657027009814,-88.47466883549637,0.0,0.6666666666666666,0.6666666666666666,0.03602943008183875
135,92136,2.0,7,1,0,1,cloud_0,edge_4,1,1,1,0,23.24453987601716,3.54684440430838,19.69769547170878,1,103.23632586250619,14.761657027009814,-88.47466883549637,0.0,0.6666666666666666,0.6666666666666666,0.03602943008183875
135,92136,4.0,7,1,0,1,cloud_0,edge_4,1,1,1,0,23.24453987601716,3.54684440430838,19.69769547170878,1,103.23632586250619,14.761657027009814,-88.47466883549637,0.0,0.6666666666666666,0.6666666666666666,0.03602943008183875
135,92136,8.0,7,1,0,1,cloud_0,edge_4,1,1,1,0,23.24453987601716,3.54684440430838,19.69769547170878,1,103.23632586250619,14.761657027009814,-88.47466883549637,0.0,0.6666666666666666,0.6666666666666666,0.03602943008183875
136,92137,0.0,6,1,1,0,cloud_0,cloud_0,0,1,1,0,12.53859755846586,12.53859755846586,0.0,0,61.644869615381104,61.644869615381104,0.0,0.0,0.0,0.0,0.034542750258156646
136,92137,0.25,6,1,0,1,cloud_0,edge_2,1,1,1,0,12.53859755846586,4.279016352645671,8.259581205820188,1,61.644869615381104,53.33439369298576,-8.31047592239534,0.0,0.0,0.0,0.034542750258156646
136,92137,0.5,6,1,0,1,cloud_0,edge_2,1,1,1,0,12.53859755846586,4.279016352645671,8.259581205820188,1,61.644869615381104,53.33439369298576,-8.31047592239534,0.0,0.0,0.0,0.034542750258156646
136,92137,1.0,6,1,0,1,cloud_0,edge_2,1,1,1,0,12.53859755846586,4.279016352645671,8.259581205820188,1,61.644869615381104,53.33439369298576,-8.31047592239534,0.0,0.0,0.0,0.034542750258156646
136,92137,2.0,6,1,0,1,cloud_0,edge_2,1,1,1,0,12.53859755846586,4.279016352645671,8.259581205820188,1,61.644869615381104,53.33439369298576,-8.31047592239534,0.0,0.0,0.0,0.034542750258156646
136,92137,4.0,6,1,0,1,cloud_0,edge_2,1,1,1,0,12.53859755846586,4.279016352645671,8.259581205820188,1,61.644869615381104,53.33439369298576,-8.31047592239534,0.0,0.0,0.0,0.034542750258156646
136,92137,8.0,6,1,0,1,cloud_0,edge_2,1,1,1,0,12.53859755846586,4.279016352645671,8.259581205820188,1,61.644869615381104,53.33439369298576,-8.31047592239534,0.0,0.0,0.0,0.034542750258156646
137,92138,0.0,4,0,0,0,cloud_0,cloud_0,0,1,1,0,19.043551603365774,19.043551603365774,0.0,0,112.46620437670225,112.46620437670225,0.0,0.0,0.0,0.0,0.07105884600000291
137,92138,0.25,4,0,0,0,cloud_0,cloud_0,0,1,1,0,19.043551603365774,19.043551603365774,0.0,0,112.46620437670225,112.46620437670225,0.0,0.0,0.0,0.0,0.07105884600000291
137,92138,0.5,4,0,0,0,cloud_0,cloud_0,0,1,1,0,19.043551603365774,19.043551603365774,0.0,0,112.46620437670225,112.46620437670225,0.0,0.0,0.0,0.0,0.07105884600000291
137,92138,1.0,4,0,0,0,cloud_0,cloud_0,0,1,1,0,19.043551603365774,19.043551603365774,0.0,0,112.46620437670225,112.46620437670225,0.0,0.0,0.0,0.0,0.07105884600000291
137,92138,2.0,4,0,0,0,cloud_0,cloud_0,0,1,1,0,19.043551603365774,19.043551603365774,0.0,0,112.46620437670225,112.46620437670225,0.0,0.0,0.0,0.0,0.07105884600000291
137,92138,4.0,4,0,0,0,cloud_0,cloud_0,0,1,1,0,19.043551603365774,19.043551603365774,0.0,0,112.46620437670225,112.46620437670225,0.0,0.0,0.0,0.0,0.07105884600000291
137,92138,8.0,4,0,0,0,cloud_0,cloud_0,0,1,1,0,19.043551603365774,19.043551603365774,0.0,0,112.46620437670225,112.46620437670225,0.0,0.0,0.0,0.0,0.07105884600000291
138,92139,0.0,8,1,1,0,cloud_0,cloud_0,0,1,1,0,13.12701959610337,13.12701959610337,0.0,0,77.59360136085417,77.59360136085417,0.0,0.0,0.0,0.0,0.031129217701194277
138,92139,0.25,8,1,0,1,cloud_0,edge_5,1,1,1,0,13.12701959610337,1.6359368159055094,11.49108278019786,1,77.59360136085417,40.48396936140154,-37.109631999452624,0.0,0.0,0.0,0.031129217701194277
138,92139,0.5,8,1,0,1,cloud_0,edge_5,1,1,1,0,13.12701959610337,1.6359368159055094,11.49108278019786,1,77.59360136085417,40.48396936140154,-37.109631999452624,0.0,0.0,0.0,0.031129217701194277
138,92139,1.0,8,1,0,1,cloud_0,edge_5,1,1,1,0,13.12701959610337,1.6359368159055094,11.49108278019786,1,77.59360136085417,40.48396936140154,-37.109631999452624,0.0,0.0,0.0,0.031129217701194277
138,92139,2.0,8,1,0,1,cloud_0,edge_5,1,1,1,0,13.12701959610337,1.6359368159055094,11.49108278019786,1,77.59360136085417,40.48396936140154,-37.109631999452624,0.0,0.0,0.0,0.031129217701194277
138,92139,4.0,8,1,0,1,cloud_0,edge_5,1,1,1,0,13.12701959610337,1.6359368159055094,11.49108278019786,1,77.59360136085417,40.48396936140154,-37.109631999452624,0.0,0.0,0.0,0.031129217701194277
138,92139,8.0,8,1,0,1,cloud_0,edge_5,1,1,1,0,13.12701959610337,1.6359368159055094,11.49108278019786,1,77.59360136085417,40.48396936140154,-37.109631999452624,0.0,0.0,0.0,0.031129217701194277
139,92140,0.0,12,0,0,0,cloud_0,cloud_0,0,1,1,0,16.90225375807411,16.90225375807411,0.0,0,78.44956286017126,78.44956286017126,0.0,0.0,0.0,0.0,0.06539847712047116
139,92140,0.25,12,0,2,1,cloud_0,edge_4,1,1,1,0,16.90225375807411,3.0773279810388834,13.824925777035226,1,78.44956286017126,144.70718379956844,66.25762093939719,0.0,0.25,0.25,0.06539847712047116
139,92140,0.5,12,0,2,1,cloud_0,edge_4,1,1,1,0,16.90225375807411,3.0773279810388834,13.824925777035226,1,78.44956286017126,144.70718379956844,66.25762093939719,0.0,0.25,0.25,0.06539847712047116
139,92140,1.0,12,0,2,1,cloud_0,edge_4,1,1,1,0,16.90225375807411,3.0773279810388834,13.824925777035226,1,78.44956286017126,144.70718379956844,66.25762093939719,0.0,0.25,0.25,0.06539847712047116
139,92140,2.0,12,0,2,1,cloud_0,edge_4,1,1,1,0,16.90225375807411,3.0773279810388834,13.824925777035226,1,78.44956286017126,144.70718379956844,66.25762093939719,0.0,0.25,0.25,0.06539847712047116
139,92140,4.0,12,0,2,1,cloud_0,edge_4,1,1,1,0,16.90225375807411,3.0773279810388834,13.824925777035226,1,78.44956286017126,144.70718379956844,66.25762093939719,0.0,0.25,0.25,0.06539847712047116
139,92140,8.0,12,0,2,1,cloud_0,edge_4,1,1,1,0,16.90225375807411,3.0773279810388834,13.824925777035226,1,78.44956286017126,144.70718379956844,66.25762093939719,0.0,0.25,0.25,0.06539847712047116
140,92141,0.0,4,0,0,0,cloud_0,cloud_0,0,1,1,0,14.379044518968062,14.379044518968062,0.0,0,43.27016071535549,43.27016071535549,0.0,0.0,0.0,0.0,0.025782799748097045
140,92141,0.25,4,0,0,0,cloud_0,cloud_0,0,1,1,0,14.379044518968062,14.379044518968062,0.0,0,43.27016071535549,43.27016071535549,0.0,0.0,0.0,0.0,0.025782799748097045
140,92141,0.5,4,0,0,0,cloud_0,cloud_0,0,1,1,0,14.379044518968062,14.379044518968062,0.0,0,43.27016071535549,43.27016071535549,0.0,0.0,0.0,0.0,0.025782799748097045
140,92141,1.0,4,0,0,0,cloud_0,cloud_0,0,1,1,0,14.379044518968062,14.379044518968062,0.0,0,43.27016071535549,43.27016071535549,0.0,0.0,0.0,0.0,0.025782799748097045
140,92141,2.0,4,0,0,0,cloud_0,cloud_0,0,1,1,0,14.379044518968062,14.379044518968062,0.0,0,43.27016071535549,43.27016071535549,0.0,0.0,0.0,0.0,0.025782799748097045
140,92141,4.0,4,0,0,0,cloud_0,cloud_0,0,1,1,0,14.379044518968062,14.379044518968062,0.0,0,43.27016071535549,43.27016071535549,0.0,0.0,0.0,0.0,0.025782799748097045
140,92141,8.0,4,0,0,0,cloud_0,cloud_0,0,1,1,0,14.379044518968062,14.379044518968062,0.0,0,43.27016071535549,43.27016071535549,0.0,0.0,0.0,0.0,0.025782799748097045
141,92142,0.0,4,0,0,0,cloud_0,cloud_0,0,1,1,0,15.515893521237434,15.515893521237434,0.0,0,42.24046365055797,42.24046365055797,0.0,0.0,0.0,0.0,0.04244008516400249
141,92142,0.25,4,0,0,0,cloud_0,cloud_0,0,1,1,0,15.515893521237434,15.515893521237434,0.0,0,42.24046365055797,42.24046365055797,0.0,0.0,0.0,0.0,0.04244008516400249
141,92142,0.5,4,0,0,0,cloud_0,cloud_0,0,1,1,0,15.515893521237434,15.515893521237434,0.0,0,42.24046365055797,42.24046365055797,0.0,0.0,0.0,0.0,0.04244008516400249
141,92142,1.0,4,0,0,0,cloud_0,cloud_0,0,1,1,0,15.515893521237434,15.515893521237434,0.0,0,42.24046365055797,42.24046365055797,0.0,0.0,0.0,0.0,0.04244008516400249
141,92142,2.0,4,0,0,0,cloud_0,cloud_0,0,1,1,0,15.515893521237434,15.515893521237434,0.0,0,42.24046365055797,42.24046365055797,0.0,0.0,0.0,0.0,0.04244008516400249
141,92142,4.0,4,0,0,0,cloud_0,cloud_0,0,1,1,0,15.515893521237434,15.515893521237434,0.0,0,42.24046365055797,42.24046365055797,0.0,0.0,0.0,0.0,0.04244008516400249
141,92142,8.0,4,0,0,0,cloud_0,cloud_0,0,1,1,0,15.515893521237434,15.515893521237434,0.0,0,42.24046365055797,42.24046365055797,0.0,0.0,0.0,0.0,0.04244008516400249
142,92143,0.0,4,0,0,0,cloud_0,cloud_0,0,1,1,0,17.011964117774912,17.011964117774912,0.0,0,105.00771214019204,105.00771214019204,0.0,0.0,0.0,0.0,0.049851692665493656
142,92143,0.25,4,0,0,0,cloud_0,cloud_0,0,1,1,0,17.011964117774912,17.011964117774912,0.0,0,105.00771214019204,105.00771214019204,0.0,0.0,0.0,0.0,0.049851692665493656
142,92143,0.5,4,0,0,0,cloud_0,cloud_0,0,1,1,0,17.011964117774912,17.011964117774912,0.0,0,105.00771214019204,105.00771214019204,0.0,0.0,0.0,0.0,0.049851692665493656
142,92143,1.0,4,0,0,0,cloud_0,cloud_0,0,1,1,0,17.011964117774912,17.011964117774912,0.0,0,105.00771214019204,105.00771214019204,0.0,0.0,0.0,0.0,0.049851692665493656
142,92143,2.0,4,0,0,0,cloud_0,cloud_0,0,1,1,0,17.011964117774912,17.011964117774912,0.0,0,105.00771214019204,105.00771214019204,0.0,0.0,0.0,0.0,0.049851692665493656
142,92143,4.0,4,0,0,0,cloud_0,cloud_0,0,1,1,0,17.011964117774912,17.011964117774912,0.0,0,105.00771214019204,105.00771214019204,0.0,0.0,0.0,0.0,0.049851692665493656
142,92143,8.0,4,0,0,0,cloud_0,cloud_0,0,1,1,0,17.011964117774912,17.011964117774912,0.0,0,105.00771214019204,105.00771214019204,0.0,0.0,0.0,0.0,0.049851692665493656
143,92144,0.0,4,0,0,0,cloud_0,cloud_0,0,1,1,0,18.653668067935218,18.653668067935218,0.0,0,65.8772521913427,65.8772521913427,0.0,0.0,0.0,0.0,0.019889227593040636
143,92144,0.25,4,0,0,0,cloud_0,cloud_0,0,1,1,0,18.653668067935218,18.653668067935218,0.0,0,65.8772521913427,65.8772521913427,0.0,0.0,0.0,0.0,0.019889227593040636
143,92144,0.5,4,0,0,0,cloud_0,cloud_0,0,1,1,0,18.653668067935218,18.653668067935218,0.0,0,65.8772521913427,65.8772521913427,0.0,0.0,0.0,0.0,0.019889227593040636
143,92144,1.0,4,0,0,0,cloud_0,cloud_0,0,1,1,0,18.653668067935218,18.653668067935218,0.0,0,65.8772521913427,65.8772521913427,0.0,0.0,0.0,0.0,0.019889227593040636
143,92144,2.0,4,0,0,0,cloud_0,cloud_0,0,1,1,0,18.653668067935218,18.653668067935218,0.0,0,65.8772521913427,65.8772521913427,0.0,0.0,0.0,0.0,0.019889227593040636
143,92144,4.0,4,0,0,0,cloud_0,cloud_0,0,1,1,0,18.653668067935218,18.653668067935218,0.0,0,65.8772521913427,65.8772521913427,0.0,0.0,0.0,0.0,0.019889227593040636
143,92144,8.0,4,0,0,0,cloud_0,cloud_0,0,1,1,0,18.653668067935218,18.653668067935218,0.0,0,65.8772521913427,65.8772521913427,0.0,0.0,0.0,0.0,0.019889227593040636
144,92145,0.0,12,2,2,0,cloud_0,cloud_0,0,1,1,0,26.946187734256487,26.946187734256487,0.0,0,100.28367982098723,100.28367982098723,0.0,0.0,0.0,0.0,0.0327929468783784
144,92145,0.25,12,2,1,1,cloud_0,edge_3,1,1,1,0,26.946187734256487,6.184789029042761,20.761398705213725,1,100.28367982098723,96.69808351009115,-3.5855963108960793,0.0,0.0,0.0,0.0327929468783784
144,92145,0.5,12,2,1,1,cloud_0,edge_3,1,1,1,0,26.946187734256487,6.184789029042761,20.761398705213725,1,100.28367982098723,96.69808351009115,-3.5855963108960793,0.0,0.0,0.0,0.0327929468783784
144,92145,1.0,12,2,0,1,cloud_0,edge_5,1,1,1,0,26.946187734256487,2.68144310900128,24.264744625255208,1,100.28367982098723,78.9741482382251,-21.309531582762133,0.0,0.14285714285714285,0.14285714285714285,0.0327929468783784
144,92145,2.0,12,2,0,1,cloud_0,edge_5,1,1,1,0,26.946187734256487,2.68144310900128,24.264744625255208,1,100.28367982098723,78.9741482382251,-21.309531582762133,0.0,0.14285714285714285,0.14285714285714285,0.0327929468783784
144,92145,4.0,12,2,0,1,cloud_0,edge_5,1,1,1,0,26.946187734256487,2.68144310900128,24.264744625255208,1,100.28367982098723,78.9741482382251,-21.309531582762133,0.0,0.14285714285714285,0.14285714285714285,0.0327929468783784
144,92145,8.0,12,2,0,1,cloud_0,edge_5,1,1,1,0,26.946187734256487,2.68144310900128,24.264744625255208,1,100.28367982098723,78.9741482382251,-21.309531582762133,0.0,0.14285714285714285,0.14285714285714285,0.0327929468783784
145,92146,0.0,8,0,0,0,cloud_0,cloud_0,0,1,1,0,12.721596160060416,12.721596160060416,0.0,0,63.71290630105321,63.71290630105321,0.0,0.0,0.0,0.0,0.015261014488220407
145,92146,0.25,8,0,1,1,cloud_0,edge_5,1,1,1,0,12.721596160060416,1.4268620814713913,11.294734078589025,1,63.71290630105321,112.09178625831495,48.378879957261745,0.0,0.4,0.4,0.015261014488220407
145,92146,0.5,8,0,1,1,cloud_0,edge_5,1,1,1,0,12.721596160060416,1.4268620814713913,11.294734078589025,1,63.71290630105321,112.09178625831495,48.378879957261745,0.0,0.4,0.4,0.015261014488220407
145,92146,1.0,8,0,1,1,cloud_0,edge_5,1,1,1,0,12.721596160060416,1.4268620814713913,11.294734078589025,1,63.71290630105321,112.09178625831495,48.378879957261745,0.0,0.4,0.4,0.015261014488220407
145,92146,2.0,8,0,1,1,cloud_0,edge_5,1,1,1,0,12.721596160060416,1.4268620814713913,11.294734078589025,1,63.71290630105321,112.09178625831495,48.378879957261745,0.0,0.4,0.4,0.015261014488220407
145,92146,4.0,8,0,1,1,cloud_0,edge_5,1,1,1,0,12.721596160060416,1.4268620814713913,11.294734078589025,1,63.71290630105321,112.09178625831495,48.378879957261745,0.0,0.4,0.4,0.015261014488220407
145,92146,8.0,8,0,1,1,cloud_0,edge_5,1,1,1,0,12.721596160060416,1.4268620814713913,11.294734078589025,1,63.71290630105321,112.09178625831495,48.378879957261745,0.0,0.4,0.4,0.015261014488220407
146,92147,0.0,4,0,0,0,cloud_0,cloud_0,0,1,1,0,17.523770801156722,17.523770801156722,0.0,0,69.6154839884372,69.6154839884372,0.0,0.0,0.0,0.0,0.02808374546960765
146,92147,0.25,4,0,0,0,cloud_0,cloud_0,0,1,1,0,17.523770801156722,17.523770801156722,0.0,0,69.6154839884372,69.6154839884372,0.0,0.0,0.0,0.0,0.02808374546960765
146,92147,0.5,4,0,0,0,cloud_0,cloud_0,0,1,1,0,17.523770801156722,17.523770801156722,0.0,0,69.6154839884372,69.6154839884372,0.0,0.0,0.0,0.0,0.02808374546960765
146,92147,1.0,4,0,0,0,cloud_0,cloud_0,0,1,1,0,17.523770801156722,17.523770801156722,0.0,0,69.6154839884372,69.6154839884372,0.0,0.0,0.0,0.0,0.02808374546960765
146,92147,2.0,4,0,0,0,cloud_0,cloud_0,0,1,1,0,17.523770801156722,17.523770801156722,0.0,0,69.6154839884372,69.6154839884372,0.0,0.0,0.0,0.0,0.02808374546960765
146,92147,4.0,4,0,0,0,cloud_0,cloud_0,0,1,1,0,17.523770801156722,17.523770801156722,0.0,0,69.6154839884372,69.6154839884372,0.0,0.0,0.0,0.0,0.02808374546960765
146,92147,8.0,4,0,0,0,cloud_0,cloud_0,0,1,1,0,17.523770801156722,17.523770801156722,0.0,0,69.6154839884372,69.6154839884372,0.0,0.0,0.0,0.0,0.02808374546960765
147,92148,0.0,8,0,0,0,cloud_0,cloud_0,0,1,1,0,14.780968234235237,14.780968234235237,0.0,0,53.51192428684037,53.51192428684037,0.0,0.0,0.0,0.0,0.020462425087589782
147,92148,0.25,8,0,0,0,cloud_0,cloud_0,0,1,1,0,14.780968234235237,14.780968234235237,0.0,0,53.51192428684037,53.51192428684037,0.0,0.0,0.0,0.0,0.020462425087589782
147,92148,0.5,8,0,1,1,cloud_0,edge_3,1,1,1,0,14.780968234235237,4.780913527344039,10.000054706891198,1,53.51192428684037,84.06974636465948,30.55782207781911,0.0,0.0,0.0,0.020462425087589782
147,92148,1.0,8,0,1,1,cloud_0,edge_3,1,1,1,0,14.780968234235237,4.780913527344039,10.000054706891198,1,53.51192428684037,84.06974636465948,30.55782207781911,0.0,0.0,0.0,0.020462425087589782
147,92148,2.0,8,0,1,1,cloud_0,edge_3,1,1,1,0,14.780968234235237,4.780913527344039,10.000054706891198,1,53.51192428684037,84.06974636465948,30.55782207781911,0.0,0.0,0.0,0.020462425087589782
147,92148,4.0,8,0,1,1,cloud_0,edge_3,1,1,1,0,14.780968234235237,4.780913527344039,10.000054706891198,1,53.51192428684037,84.06974636465948,30.55782207781911,0.0,0.0,0.0,0.020462425087589782
147,92148,8.0,8,0,1,1,cloud_0,edge_3,1,1,1,0,14.780968234235237,4.780913527344039,10.000054706891198,1,53.51192428684037,84.06974636465948,30.55782207781911,0.0,0.0,0.0,0.020462425087589782
148,92149,0.0,8,0,0,0,cloud_0,cloud_0,0,1,1,0,14.901433664076677,14.901433664076677,0.0,0,47.98626067449305,47.98626067449305,0.0,0.0,0.0,0.0,0.02863413497830103
148,92149,0.25,8,0,1,1,cloud_0,edge_5,1,1,1,0,14.901433664076677,2.197230769413007,12.70420289466367,1,47.98626067449305,117.33243581593052,69.34617514143747,0.0,0.3333333333333333,0.3333333333333333,0.02863413497830103
148,92149,0.5,8,0,1,1,cloud_0,edge_5,1,1,1,0,14.901433664076677,2.197230769413007,12.70420289466367,1,47.98626067449305,117.33243581593052,69.34617514143747,0.0,0.3333333333333333,0.3333333333333333,0.02863413497830103
148,92149,1.0,8,0,1,1,cloud_0,edge_5,1,1,1,0,14.901433664076677,2.197230769413007,12.70420289466367,1,47.98626067449305,117.33243581593052,69.34617514143747,0.0,0.3333333333333333,0.3333333333333333,0.02863413497830103
148,92149,2.0,8,0,1,1,cloud_0,edge_5,1,1,1,0,14.901433664076677,2.197230769413007,12.70420289466367,1,47.98626067449305,117.33243581593052,69.34617514143747,0.0,0.3333333333333333,0.3333333333333333,0.02863413497830103
148,92149,4.0,8,0,1,1,cloud_0,edge_5,1,1,1,0,14.901433664076677,2.197230769413007,12.70420289466367,1,47.98626067449305,117.33243581593052,69.34617514143747,0.0,0.3333333333333333,0.3333333333333333,0.02863413497830103
148,92149,8.0,8,0,1,1,cloud_0,edge_5,1,1,1,0,14.901433664076677,2.197230769413007,12.70420289466367,1,47.98626067449305,117.33243581593052,69.34617514143747,0.0,0.3333333333333333,0.3333333333333333,0.02863413497830103
149,92150,0.0,8,1,1,0,cloud_0,cloud_0,0,1,1,0,18.008310488761957,18.008310488761957,0.0,0,116.3728686111247,116.3728686111247,0.0,0.0,0.0,0.0,0.04403710976543132
149,92150,0.25,8,1,0,1,cloud_0,edge_4,1,1,1,0,18.008310488761957,2.255911129365677,15.75239935939628,1,116.3728686111247,88.36025041411384,-28.012618197010866,0.0,0.0,0.0,0.04403710976543132
149,92150,0.5,8,1,0,1,cloud_0,edge_4,1,1,1,0,18.008310488761957,2.255911129365677,15.75239935939628,1,116.3728686111247,88.36025041411384,-28.012618197010866,0.0,0.0,0.0,0.04403710976543132
149,92150,1.0,8,1,0,1,cloud_0,edge_4,1,1,1,0,18.008310488761957,2.255911129365677,15.75239935939628,1,116.3728686111247,88.36025041411384,-28.012618197010866,0.0,0.0,0.0,0.04403710976543132
149,92150,2.0,8,1,0,1,cloud_0,edge_4,1,1,1,0,18.008310488761957,2.255911129365677,15.75239935939628,1,116.3728686111247,88.36025041411384,-28.012618197010866,0.0,0.0,0.0,0.04403710976543132
149,92150,4.0,8,1,0,1,cloud_0,edge_4,1,1,1,0,18.008310488761957,2.255911129365677,15.75239935939628,1,116.3728686111247,88.36025041411384,-28.012618197010866,0.0,0.0,0.0,0.04403710976543132
149,92150,8.0,8,1,0,1,cloud_0,edge_4,1,1,1,0,18.008310488761957,2.255911129365677,15.75239935939628,1,116.3728686111247,88.36025041411384,-28.012618197010866,0.0,0.0,0.0,0.04403710976543132
150,92151,0.0,12,2,2,0,cloud_0,cloud_0,0,1,1,0,15.55496521865808,15.55496521865808,0.0,0,66.37368781817851,66.37368781817851,0.0,0.0,0.0,0.0,0.042703651246510356
150,92151,0.25,12,2,1,1,cloud_0,edge_0,1,1,1,0,15.55496521865808,0.22160067025198488,15.333364548406095,1,66.37368781817851,45.705068684763624,-20.668619133414886,0.0,0.0,0.0,0.042703651246510356
150,92151,0.5,12,2,1,1,cloud_0,edge_0,1,1,1,0,15.55496521865808,0.22160067025198488,15.333364548406095,1,66.37368781817851,45.705068684763624,-20.668619133414886,0.0,0.0,0.0,0.042703651246510356
150,92151,1.0,12,2,1,1,cloud_0,edge_0,1,1,1,0,15.55496521865808,0.22160067025198488,15.333364548406095,1,66.37368781817851,45.705068684763624,-20.668619133414886,0.0,0.0,0.0,0.042703651246510356
150,92151,2.0,12,2,1,1,cloud_0,edge_0,1,1,1,0,15.55496521865808,0.22160067025198488,15.333364548406095,1,66.37368781817851,45.705068684763624,-20.668619133414886,0.0,0.0,0.0,0.042703651246510356
150,92151,4.0,12,2,1,1,cloud_0,edge_0,1,1,1,0,15.55496521865808,0.22160067025198488,15.333364548406095,1,66.37368781817851,45.705068684763624,-20.668619133414886,0.0,0.0,0.0,0.042703651246510356
150,92151,8.0,12,2,1,1,cloud_0,edge_0,1,1,1,0,15.55496521865808,0.22160067025198488,15.333364548406095,1,66.37368781817851,45.705068684763624,-20.668619133414886,0.0,0.0,0.0,0.042703651246510356
151,92152,0.0,4,0,0,0,cloud_0,cloud_0,0,1,1,0,27.813122590772583,27.813122590772583,0.0,0,96.27672059971837,96.27672059971837,0.0,0.0,0.0,0.0,0.02119123802580442
151,92152,0.25,4,0,0,0,cloud_0,cloud_0,0,1,1,0,27.813122590772583,27.813122590772583,0.0,0,96.27672059971837,96.27672059971837,0.0,0.0,0.0,0.0,0.02119123802580442
151,92152,0.5,4,0,0,0,cloud_0,cloud_0,0,1,1,0,27.813122590772583,27.813122590772583,0.0,0,96.27672059971837,96.27672059971837,0.0,0.0,0.0,0.0,0.02119123802580442
151,92152,1.0,4,0,0,0,cloud_0,cloud_0,0,1,1,0,27.813122590772583,27.813122590772583,0.0,0,96.27672059971837,96.27672059971837,0.0,0.0,0.0,0.0,0.02119123802580442
151,92152,2.0,4,0,0,0,cloud_0,cloud_0,0,1,1,0,27.813122590772583,27.813122590772583,0.0,0,96.27672059971837,96.27672059971837,0.0,0.0,0.0,0.0,0.02119123802580442
151,92152,4.0,4,0,0,0,cloud_0,cloud_0,0,1,1,0,27.813122590772583,27.813122590772583,0.0,0,96.27672059971837,96.27672059971837,0.0,0.0,0.0,0.0,0.02119123802580442
151,92152,8.0,4,0,0,0,cloud_0,cloud_0,0,1,1,0,27.813122590772583,27.813122590772583,0.0,0,96.27672059971837,96.27672059971837,0.0,0.0,0.0,0.0,0.02119123802580442
152,92153,0.0,8,1,1,0,cloud_0,cloud_0,0,1,1,0,18.53444690255297,18.53444690255297,0.0,0,99.86440405055882,99.86440405055882,0.0,0.0,0.0,0.0,0.03616995312152917
152,92153,0.25,8,1,0,1,cloud_0,edge_1,1,1,1,0,18.53444690255297,1.3129847267697266,17.22146217578324,1,99.86440405055882,77.35517910808434,-22.509224942474475,0.0,0.3333333333333333,0.3333333333333333,0.03616995312152917
152,92153,0.5,8,1,0,1,cloud_0,edge_1,1,1,1,0,18.53444690255297,1.3129847267697266,17.22146217578324,1,99.86440405055882,77.35517910808434,-22.509224942474475,0.0,0.3333333333333333,0.3333333333333333,0.03616995312152917
152,92153,1.0,8,1,0,1,cloud_0,edge_1,1,1,1,0,18.53444690255297,1.3129847267697266,17.22146217578324,1,99.86440405055882,77.35517910808434,-22.509224942474475,0.0,0.3333333333333333,0.3333333333333333,0.03616995312152917
152,92153,2.0,8,1,0,1,cloud_0,edge_1,1,1,1,0,18.53444690255297,1.3129847267697266,17.22146217578324,1,99.86440405055882,77.35517910808434,-22.509224942474475,0.0,0.3333333333333333,0.3333333333333333,0.03616995312152917
152,92153,4.0,8,1,0,1,cloud_0,edge_1,1,1,1,0,18.53444690255297,1.3129847267697266,17.22146217578324,1,99.86440405055882,77.35517910808434,-22.509224942474475,0.0,0.3333333333333333,0.3333333333333333,0.03616995312152917
152,92153,8.0,8,1,0,1,cloud_0,edge_1,1,1,1,0,18.53444690255297,1.3129847267697266,17.22146217578324,1,99.86440405055882,77.35517910808434,-22.509224942474475,0.0,0.3333333333333333,0.3333333333333333,0.03616995312152917
153,92154,0.0,8,0,0,0,cloud_0,cloud_0,0,1,1,0,23.953457904522395,23.953457904522395,0.0,0,116.12179998632364,116.12179998632364,0.0,0.0,0.0,0.0,0.041541538339851206
153,92154,0.25,8,0,1,1,cloud_0,edge_4,1,1,1,0,23.953457904522395,3.3245262540310097,20.628931650491385,1,116.12179998632364,141.78690024166184,25.665100255338203,0.0,0.25,0.25,0.041541538339851206
153,92154,0.5,8,0,1,1,cloud_0,edge_4,1,1,1,0,23.953457904522395,3.3245262540310097,20.628931650491385,1,116.12179998632364,141.78690024166184,25.665100255338203,0.0,0.25,0.25,0.041541538339851206
153,92154,1.0,8,0,1,1,cloud_0,edge_4,1,1,1,0,23.953457904522395,3.3245262540310097,20.628931650491385,1,116.12179998632364,141.78690024166184,25.665100255338203,0.0,0.25,0.25,0.041541538339851206
153,92154,2.0,8,0,1,1,cloud_0,edge_4,1,1,1,0,23.953457904522395,3.3245262540310097,20.628931650491385,1,116.12179998632364,141.78690024166184,25.665100255338203,0.0,0.25,0.25,0.041541538339851206
153,92154,4.0,8,0,1,1,cloud_0,edge_4,1,1,1,0,23.953457904522395,3.3245262540310097,20.628931650491385,1,116.12179998632364,141.78690024166184,25.665100255338203,0.0,0.25,0.25,0.041541538339851206
153,92154,8.0,8,0,1,1,cloud_0,edge_4,1,1,1,0,23.953457904522395,3.3245262540310097,20.628931650491385,1,116.12179998632364,141.78690024166184,25.665100255338203,0.0,0.25,0.25,0.041541538339851206
154,92155,0.0,8,0,0,0,cloud_0,cloud_0,0,1,1,0,12.83087301275261,12.83087301275261,0.0,0,62.85518609727572,62.85518609727572,0.0,0.0,0.0,0.0,0.039459953914131624
154,92155,0.25,8,0,1,1,cloud_0,edge_0,1,1,1,0,12.83087301275261,0.2703292857276357,12.560543727024974,1,62.85518609727572,93.97348541338168,31.11829931610596,0.0,0.0,0.0,0.039459953914131624
154,92155,0.5,8,0,1,1,cloud_0,edge_0,1,1,1,0,12.83087301275261,0.2703292857276357,12.560543727024974,1,62.85518609727572,93.97348541338168,31.11829931610596,0.0,0.0,0.0,0.039459953914131624
154,92155,1.0,8,0,1,1,cloud_0,edge_0,1,1,1,0,12.83087301275261,0.2703292857276357,12.560543727024974,1,62.85518609727572,93.97348541338168,31.11829931610596,0.0,0.0,0.0,0.039459953914131624
154,92155,2.0,8,0,1,1,cloud_0,edge_0,1,1,1,0,12.83087301275261,0.2703292857276357,12.560543727024974,1,62.85518609727572,93.97348541338168,31.11829931610596,0.0,0.0,0.0,0.039459953914131624
154,92155,4.0,8,0,1,1,cloud_0,edge_0,1,1,1,0,12.83087301275261,0.2703292857276357,12.560543727024974,1,62.85518609727572,93.97348541338168,31.11829931610596,0.0,0.0,0.0,0.039459953914131624
154,92155,8.0,8,0,1,1,cloud_0,edge_0,1,1,1,0,12.83087301275261,0.2703292857276357,12.560543727024974,1,62.85518609727572,93.97348541338168,31.11829931610596,0.0,0.0,0.0,0.039459953914131624
155,92156,0.0,4,0,0,0,cloud_0,cloud_0,0,1,1,0,17.37047412735305,17.37047412735305,0.0,0,57.50260743117825,57.50260743117825,0.0,0.0,0.0,0.0,0.0327741611928956
155,92156,0.25,4,0,0,0,cloud_0,cloud_0,0,1,1,0,17.37047412735305,17.37047412735305,0.0,0,57.50260743117825,57.50260743117825,0.0,0.0,0.0,0.0,0.0327741611928956
155,92156,0.5,4,0,0,0,cloud_0,cloud_0,0,1,1,0,17.37047412735305,17.37047412735305,0.0,0,57.50260743117825,57.50260743117825,0.0,0.0,0.0,0.0,0.0327741611928956
155,92156,1.0,4,0,0,0,cloud_0,cloud_0,0,1,1,0,17.37047412735305,17.37047412735305,0.0,0,57.50260743117825,57.50260743117825,0.0,0.0,0.0,0.0,0.0327741611928956
155,92156,2.0,4,0,0,0,cloud_0,cloud_0,0,1,1,0,17.37047412735305,17.37047412735305,0.0,0,57.50260743117825,57.50260743117825,0.0,0.0,0.0,0.0,0.0327741611928956
155,92156,4.0,4,0,0,0,cloud_0,cloud_0,0,1,1,0,17.37047412735305,17.37047412735305,0.0,0,57.50260743117825,57.50260743117825,0.0,0.0,0.0,0.0,0.0327741611928956
155,92156,8.0,4,0,0,0,cloud_0,cloud_0,0,1,1,0,17.37047412735305,17.37047412735305,0.0,0,57.50260743117825,57.50260743117825,0.0,0.0,0.0,0.0,0.0327741611928956
156,92157,0.0,8,1,1,0,cloud_0,cloud_0,0,1,1,0,25.42414675108576,25.42414675108576,0.0,0,41.8259592615879,41.8259592615879,0.0,0.0,0.0,0.0,0.0077884758098429475
156,92157,0.25,8,1,0,1,cloud_0,edge_0,1,1,1,0,25.42414675108576,0.06637794411330698,25.357768806972455,1,41.8259592615879,36.210045502564,-5.615913759023897,0.0,0.0,0.0,0.0077884758098429475
156,92157,0.5,8,1,0,1,cloud_0,edge_0,1,1,1,0,25.42414675108576,0.06637794411330698,25.357768806972455,1,41.8259592615879,36.210045502564,-5.615913759023897,0.0,0.0,0.0,0.0077884758098429475
156,92157,1.0,8,1,0,1,cloud_0,edge_0,1,1,1,0,25.42414675108576,0.06637794411330698,25.357768806972455,1,41.8259592615879,36.210045502564,-5.615913759023897,0.0,0.0,0.0,0.0077884758098429475
156,92157,2.0,8,1,0,1,cloud_0,edge_0,1,1,1,0,25.42414675108576,0.06637794411330698,25.357768806972455,1,41.8259592615879,36.210045502564,-5.615913759023897,0.0,0.0,0.0,0.0077884758098429475
156,92157,4.0,8,1,0,1,cloud_0,edge_0,1,1,1,0,25.42414675108576,0.06637794411330698,25.357768806972455,1,41.8259592615879,36.210045502564,-5.615913759023897,0.0,0.0,0.0,0.0077884758098429475
156,92157,8.0,8,1,0,1,cloud_0,edge_0,1,1,1,0,25.42414675108576,0.06637794411330698,25.357768806972455,1,41.8259592615879,36.210045502564,-5.615913759023897,0.0,0.0,0.0,0.0077884758098429475
157,92158,0.0,4,0,0,0,cloud_0,cloud_0,0,1,1,0,20.638636721166705,20.638636721166705,0.0,0,66.72013189871751,66.72013189871751,0.0,0.0,0.0,0.0,0.01164911553477737
157,92158,0.25,4,0,0,0,cloud_0,cloud_0,0,1,1,0,20.638636721166705,20.638636721166705,0.0,0,66.72013189871751,66.72013189871751,0.0,0.0,0.0,0.0,0.01164911553477737
157,92158,0.5,4,0,0,0,cloud_0,cloud_0,0,1,1,0,20.638636721166705,20.638636721166705,0.0,0,66.72013189871751,66.72013189871751,0.0,0.0,0.0,0.0,0.01164911553477737
157,92158,1.0,4,0,0,0,cloud_0,cloud_0,0,1,1,0,20.638636721166705,20.638636721166705,0.0,0,66.72013189871751,66.72013189871751,0.0,0.0,0.0,0.0,0.01164911553477737
157,92158,2.0,4,0,0,0,cloud_0,cloud_0,0,1,1,0,20.638636721166705,20.638636721166705,0.0,0,66.72013189871751,66.72013189871751,0.0,0.0,0.0,0.0,0.01164911553477737
157,92158,4.0,4,0,0,0,cloud_0,cloud_0,0,1,1,0,20.638636721166705,20.638636721166705,0.0,0,66.72013189871751,66.72013189871751,0.0,0.0,0.0,0.0,0.01164911553477737
157,92158,8.0,4,0,0,0,cloud_0,cloud_0,0,1,1,0,20.638636721166705,20.638636721166705,0.0,0,66.72013189871751,66.72013189871751,0.0,0.0,0.0,0.0,0.01164911553477737
158,92159,0.0,12,1,1,0,cloud_0,cloud_0,0,1,1,0,19.255019848697145,19.255019848697145,0.0,0,54.937195260334235,54.937195260334235,0.0,0.0,0.0,0.0,0.0239790815459662
158,92159,0.25,12,1,0,1,cloud_0,edge_5,1,1,1,0,19.255019848697145,2.58839181090895,16.666628037788197,1,54.937195260334235,39.14265370012733,-15.794541560206902,0.0,0.4,0.4,0.0239790815459662
158,92159,0.5,12,1,0,1,cloud_0,edge_5,1,1,1,0,19.255019848697145,2.58839181090895,16.666628037788197,1,54.937195260334235,39.14265370012733,-15.794541560206902,0.0,0.4,0.4,0.0239790815459662
158,92159,1.0,12,1,0,1,cloud_0,edge_5,1,1,1,0,19.255019848697145,2.58839181090895,16.666628037788197,1,54.937195260334235,39.14265370012733,-15.794541560206902,0.0,0.4,0.4,0.0239790815459662
158,92159,2.0,12,1,0,1,cloud_0,edge_5,1,1,1,0,19.255019848697145,2.58839181090895,16.666628037788197,1,54.937195260334235,39.14265370012733,-15.794541560206902,0.0,0.4,0.4,0.0239790815459662
158,92159,4.0,12,1,0,1,cloud_0,edge_5,1,1,1,0,19.255019848697145,2.58839181090895,16.666628037788197,1,54.937195260334235,39.14265370012733,-15.794541560206902,0.0,0.4,0.4,0.0239790815459662
158,92159,8.0,12,1,0,1,cloud_0,edge_5,1,1,1,0,19.255019848697145,2.58839181090895,16.666628037788197,1,54.937195260334235,39.14265370012733,-15.794541560206902,0.0,0.4,0.4,0.0239790815459662
159,92160,0.0,4,0,0,0,cloud_0,cloud_0,0,1,1,0,16.865354976665103,16.865354976665103,0.0,0,50.692682239842256,50.692682239842256,0.0,0.0,0.0,0.0,0.030733737805244764
159,92160,0.25,4,0,0,0,cloud_0,cloud_0,0,1,1,0,16.865354976665103,16.865354976665103,0.0,0,50.692682239842256,50.692682239842256,0.0,0.0,0.0,0.0,0.030733737805244764
159,92160,0.5,4,0,0,0,cloud_0,cloud_0,0,1,1,0,16.865354976665103,16.865354976665103,0.0,0,50.692682239842256,50.692682239842256,0.0,0.0,0.0,0.0,0.030733737805244764
159,92160,1.0,4,0,0,0,cloud_0,cloud_0,0,1,1,0,16.865354976665103,16.865354976665103,0.0,0,50.692682239842256,50.692682239842256,0.0,0.0,0.0,0.0,0.030733737805244764
159,92160,2.0,4,0,0,0,cloud_0,cloud_0,0,1,1,0,16.865354976665103,16.865354976665103,0.0,0,50.692682239842256,50.692682239842256,0.0,0.0,0.0,0.0,0.030733737805244764
159,92160,4.0,4,0,0,0,cloud_0,cloud_0,0,1,1,0,16.865354976665103,16.865354976665103,0.0,0,50.692682239842256,50.692682239842256,0.0,0.0,0.0,0.0,0.030733737805244764
159,92160,8.0,4,0,0,0,cloud_0,cloud_0,0,1,1,0,16.865354976665103,16.865354976665103,0.0,0,50.692682239842256,50.692682239842256,0.0,0.0,0.0,0.0,0.030733737805244764
160,92161,0.0,7,1,1,0,cloud_0,cloud_0,0,1,1,0,21.536175683574214,21.536175683574214,0.0,0,56.34457340356791,56.34457340356791,0.0,0.0,0.0,0.0,0.019045485866709844
160,92161,0.25,7,1,0,1,cloud_0,edge_5,1,1,1,0,21.536175683574214,2.1834171006561887,19.352758582918025,1,56.34457340356791,17.48928551132282,-38.85528789224509,0.0,0.6666666666666666,0.6666666666666666,0.019045485866709844
160,92161,0.5,7,1,0,1,cloud_0,edge_5,1,1,1,0,21.536175683574214,2.1834171006561887,19.352758582918025,1,56.34457340356791,17.48928551132282,-38.85528789224509,0.0,0.6666666666666666,0.6666666666666666,0.019045485866709844
160,92161,1.0,7,1,0,1,cloud_0,edge_5,1,1,1,0,21.536175683574214,2.1834171006561887,19.352758582918025,1,56.34457340356791,17.48928551132282,-38.85528789224509,0.0,0.6666666666666666,0.6666666666666666,0.019045485866709844
160,92161,2.0,7,1,0,1,cloud_0,edge_5,1,1,1,0,21.536175683574214,2.1834171006561887,19.352758582918025,1,56.34457340356791,17.48928551132282,-38.85528789224509,0.0,0.6666666666666666,0.6666666666666666,0.019045485866709844
160,92161,4.0,7,1,0,1,cloud_0,edge_5,1,1,1,0,21.536175683574214,2.1834171006561887,19.352758582918025,1,56.34457340356791,17.48928551132282,-38.85528789224509,0.0,0.6666666666666666,0.6666666666666666,0.019045485866709844
160,92161,8.0,7,1,0,1,cloud_0,edge_5,1,1,1,0,21.536175683574214,2.1834171006561887,19.352758582918025,1,56.34457340356791,17.48928551132282,-38.85528789224509,0.0,0.6666666666666666,0.6666666666666666,0.019045485866709844
161,92162,0.0,4,0,0,0,cloud_0,cloud_0,0,1,1,0,18.56970738095032,18.56970738095032,0.0,0,61.35637431365813,61.35637431365813,0.0,0.0,0.0,0.0,0.018631705484323503
161,92162,0.25,4,0,0,0,cloud_0,cloud_0,0,1,1,0,18.56970738095032,18.56970738095032,0.0,0,61.35637431365813,61.35637431365813,0.0,0.0,0.0,0.0,0.018631705484323503
161,92162,0.5,4,0,0,0,cloud_0,cloud_0,0,1,1,0,18.56970738095032,18.56970738095032,0.0,0,61.35637431365813,61.35637431365813,0.0,0.0,0.0,0.0,0.018631705484323503
161,92162,1.0,4,0,0,0,cloud_0,cloud_0,0,1,1,0,18.56970738095032,18.56970738095032,0.0,0,61.35637431365813,61.35637431365813,0.0,0.0,0.0,0.0,0.018631705484323503
161,92162,2.0,4,0,0,0,cloud_0,cloud_0,0,1,1,0,18.56970738095032,18.56970738095032,0.0,0,61.35637431365813,61.35637431365813,0.0,0.0,0.0,0.0,0.018631705484323503
161,92162,4.0,4,0,0,0,cloud_0,cloud_0,0,1,1,0,18.56970738095032,18.56970738095032,0.0,0,61.35637431365813,61.35637431365813,0.0,0.0,0.0,0.0,0.018631705484323503
161,92162,8.0,4,0,0,0,cloud_0,cloud_0,0,1,1,0,18.56970738095032,18.56970738095032,0.0,0,61.35637431365813,61.35637431365813,0.0,0.0,0.0,0.0,0.018631705484323503
162,92163,0.0,12,2,2,0,cloud_0,cloud_0,0,1,1,0,24.531148329739946,24.531148329739946,0.0,0,82.2765827705079,82.2765827705079,0.0,0.0,0.0,0.0,0.046864955244603566
162,92163,0.25,12,2,0,1,cloud_0,edge_5,1,1,1,0,24.531148329739946,1.4574150733319275,23.07373325640802,1,82.2765827705079,43.755364750680215,-38.521218019827685,0.0,0.4,0.4,0.046864955244603566
162,92163,0.5,12,2,0,1,cloud_0,edge_5,1,1,1,0,24.531148329739946,1.4574150733319275,23.07373325640802,1,82.2765827705079,43.755364750680215,-38.521218019827685,0.0,0.4,0.4,0.046864955244603566
162,92163,1.0,12,2,0,1,cloud_0,edge_5,1,1,1,0,24.531148329739946,1.4574150733319275,23.07373325640802,1,82.2765827705079,43.755364750680215,-38.521218019827685,0.0,0.4,0.4,0.046864955244603566
162,92163,2.0,12,2,0,1,cloud_0,edge_5,1,1,1,0,24.531148329739946,1.4574150733319275,23.07373325640802,1,82.2765827705079,43.755364750680215,-38.521218019827685,0.0,0.4,0.4,0.046864955244603566
162,92163,4.0,12,2,0,1,cloud_0,edge_5,1,1,1,0,24.531148329739946,1.4574150733319275,23.07373325640802,1,82.2765827705079,43.755364750680215,-38.521218019827685,0.0,0.4,0.4,0.046864955244603566
162,92163,8.0,12,2,0,1,cloud_0,edge_5,1,1,1,0,24.531148329739946,1.4574150733319275,23.07373325640802,1,82.2765827705079,43.755364750680215,-38.521218019827685,0.0,0.4,0.4,0.046864955244603566
163,92164,0.0,4,0,0,0,cloud_0,cloud_0,0,1,1,0,13.662127337681724,13.662127337681724,0.0,0,48.803310218257884,48.803310218257884,0.0,0.0,0.0,0.0,0.017292674734737924
163,92164,0.25,4,0,0,0,cloud_0,cloud_0,0,1,1,0,13.662127337681724,13.662127337681724,0.0,0,48.803310218257884,48.803310218257884,0.0,0.0,0.0,0.0,0.017292674734737924
163,92164,0.5,4,0,0,0,cloud_0,cloud_0,0,1,1,0,13.662127337681724,13.662127337681724,0.0,0,48.803310218257884,48.803310218257884,0.0,0.0,0.0,0.0,0.017292674734737924
163,92164,1.0,4,0,0,0,cloud_0,cloud_0,0,1,1,0,13.662127337681724,13.662127337681724,0.0,0,48.803310218257884,48.803310218257884,0.0,0.0,0.0,0.0,0.017292674734737924
163,92164,2.0,4,0,0,0,cloud_0,cloud_0,0,1,1,0,13.662127337681724,13.662127337681724,0.0,0,48.803310218257884,48.803310218257884,0.0,0.0,0.0,0.0,0.017292674734737924
163,92164,4.0,4,0,0,0,cloud_0,cloud_0,0,1,1,0,13.662127337681724,13.662127337681724,0.0,0,48.803310218257884,48.803310218257884,0.0,0.0,0.0,0.0,0.017292674734737924
163,92164,8.0,4,0,0,0,cloud_0,cloud_0,0,1,1,0,13.662127337681724,13.662127337681724,0.0,0,48.803310218257884,48.803310218257884,0.0,0.0,0.0,0.0,0.017292674734737924
164,92165,0.0,8,0,0,0,cloud_0,cloud_0,0,1,1,0,18.357997613655353,18.357997613655353,0.0,0,44.964079026231964,44.964079026231964,0.0,0.0,0.0,0.0,0.02042963912077395
164,92165,0.25,8,0,1,1,cloud_0,edge_0,1,1,1,0,18.357997613655353,0.138371297545091,18.21962631611026,1,44.964079026231964,60.26468288078087,15.300603854548903,0.0,0.0,0.0,0.02042963912077395
164,92165,0.5,8,0,1,1,cloud_0,edge_0,1,1,1,0,18.357997613655353,0.138371297545091,18.21962631611026,1,44.964079026231964,60.26468288078087,15.300603854548903,0.0,0.0,0.0,0.02042963912077395
164,92165,1.0,8,0,1,1,cloud_0,edge_0,1,1,1,0,18.357997613655353,0.138371297545091,18.21962631611026,1,44.964079026231964,60.26468288078087,15.300603854548903,0.0,0.0,0.0,0.02042963912077395
164,92165,2.0,8,0,1,1,cloud_0,edge_0,1,1,1,0,18.357997613655353,0.138371297545091,18.21962631611026,1,44.964079026231964,60.26468288078087,15.300603854548903,0.0,0.0,0.0,0.02042963912077395
164,92165,4.0,8,0,1,1,cloud_0,edge_0,1,1,1,0,18.357997613655353,0.138371297545091,18.21962631611026,1,44.964079026231964,60.26468288078087,15.300603854548903,0.0,0.0,0.0,0.02042963912077395
164,92165,8.0,8,0,1,1,cloud_0,edge_0,1,1,1,0,18.357997613655353,0.138371297545091,18.21962631611026,1,44.964079026231964,60.26468288078087,15.300603854548903,0.0,0.0,0.0,0.02042963912077395
165,92166,0.0,6,1,1,0,cloud_0,cloud_0,0,1,1,0,13.735458398825505,13.735458398825505,0.0,0,88.73643241159253,88.73643241159253,0.0,0.0,0.0,0.0,0.04121744740801688
165,92166,0.25,6,1,0,1,cloud_0,edge_2,1,1,1,0,13.735458398825505,3.0286674272680645,10.70679097155744,1,88.73643241159253,82.43781121830042,-6.298621193292107,0.0,0.14285714285714285,0.14285714285714285,0.04121744740801688
165,92166,0.5,6,1,0,1,cloud_0,edge_2,1,1,1,0,13.735458398825505,3.0286674272680645,10.70679097155744,1,88.73643241159253,82.43781121830042,-6.298621193292107,0.0,0.14285714285714285,0.14285714285714285,0.04121744740801688
165,92166,1.0,6,1,0,1,cloud_0,edge_2,1,1,1,0,13.735458398825505,3.0286674272680645,10.70679097155744,1,88.73643241159253,82.43781121830042,-6.298621193292107,0.0,0.14285714285714285,0.14285714285714285,0.04121744740801688
165,92166,2.0,6,1,0,1,cloud_0,edge_2,1,1,1,0,13.735458398825505,3.0286674272680645,10.70679097155744,1,88.73643241159253,82.43781121830042,-6.298621193292107,0.0,0.14285714285714285,0.14285714285714285,0.04121744740801688
165,92166,4.0,6,1,0,1,cloud_0,edge_2,1,1,1,0,13.735458398825505,3.0286674272680645,10.70679097155744,1,88.73643241159253,82.43781121830042,-6.298621193292107,0.0,0.14285714285714285,0.14285714285714285,0.04121744740801688
165,92166,8.0,6,1,0,1,cloud_0,edge_2,1,1,1,0,13.735458398825505,3.0286674272680645,10.70679097155744,1,88.73643241159253,82.43781121830042,-6.298621193292107,0.0,0.14285714285714285,0.14285714285714285,0.04121744740801688
166,92167,0.0,4,0,0,0,cloud_0,cloud_0,0,1,1,0,15.639790095165552,15.639790095165552,0.0,0,106.58405033964601,106.58405033964601,0.0,0.0,0.0,0.0,0.06005887575849263
166,92167,0.25,4,0,0,0,cloud_0,cloud_0,0,1,1,0,15.639790095165552,15.639790095165552,0.0,0,106.58405033964601,106.58405033964601,0.0,0.0,0.0,0.0,0.06005887575849263
166,92167,0.5,4,0,0,0,cloud_0,cloud_0,0,1,1,0,15.639790095165552,15.639790095165552,0.0,0,106.58405033964601,106.58405033964601,0.0,0.0,0.0,0.0,0.06005887575849263
166,92167,1.0,4,0,0,0,cloud_0,cloud_0,0,1,1,0,15.639790095165552,15.639790095165552,0.0,0,106.58405033964601,106.58405033964601,0.0,0.0,0.0,0.0,0.06005887575849263
166,92167,2.0,4,0,0,0,cloud_0,cloud_0,0,1,1,0,15.639790095165552,15.639790095165552,0.0,0,106.58405033964601,106.58405033964601,0.0,0.0,0.0,0.0,0.06005887575849263
166,92167,4.0,4,0,0,0,cloud_0,cloud_0,0,1,1,0,15.639790095165552,15.639790095165552,0.0,0,106.58405033964601,106.58405033964601,0.0,0.0,0.0,0.0,0.06005887575849263
166,92167,8.0,4,0,0,0,cloud_0,cloud_0,0,1,1,0,15.639790095165552,15.639790095165552,0.0,0,106.58405033964601,106.58405033964601,0.0,0.0,0.0,0.0,0.06005887575849263
167,92168,0.0,8,1,1,0,cloud_0,cloud_0,0,1,1,0,15.581585323098722,15.581585323098722,0.0,0,46.81098232274133,46.81098232274133,0.0,0.0,0.0,0.0,0.023977385558777035
167,92168,0.25,8,1,0,1,cloud_0,edge_5,1,1,1,0,15.581585323098722,1.257620172088131,14.32396515101059,1,46.81098232274133,46.14740784541188,-0.6635744773294547,0.0,0.4,0.4,0.023977385558777035
167,92168,0.5,8,1,0,1,cloud_0,edge_5,1,1,1,0,15.581585323098722,1.257620172088131,14.32396515101059,1,46.81098232274133,46.14740784541188,-0.6635744773294547,0.0,0.4,0.4,0.023977385558777035
167,92168,1.0,8,1,0,1,cloud_0,edge_5,1,1,1,0,15.581585323098722,1.257620172088131,14.32396515101059,1,46.81098232274133,46.14740784541188,-0.6635744773294547,0.0,0.4,0.4,0.023977385558777035
167,92168,2.0,8,1,0,1,cloud_0,edge_5,1,1,1,0,15.581585323098722,1.257620172088131,14.32396515101059,1,46.81098232274133,46.14740784541188,-0.6635744773294547,0.0,0.4,0.4,0.023977385558777035
167,92168,4.0,8,1,0,1,cloud_0,edge_5,1,1,1,0,15.581585323098722,1.257620172088131,14.32396515101059,1,46.81098232274133,46.14740784541188,-0.6635744773294547,0.0,0.4,0.4,0.023977385558777035
167,92168,8.0,8,1,0,1,cloud_0,edge_5,1,1,1,0,15.581585323098722,1.257620172088131,14.32396515101059,1,46.81098232274133,46.14740784541188,-0.6635744773294547,0.0,0.4,0.4,0.023977385558777035
168,92169,0.0,7,1,1,0,cloud_0,cloud_0,0,1,1,0,16.174817981443386,16.174817981443386,0.0,0,85.51918624172062,85.51918624172062,0.0,0.0,0.0,0.0,0.021220339730517537
168,92169,0.25,7,1,0,1,cloud_0,edge_4,1,1,1,0,16.174817981443386,2.8845978515734134,13.290220129869972,1,85.51918624172062,56.609711503441645,-28.909474738278973,0.0,0.25,0.25,0.021220339730517537
168,92169,0.5,7,1,0,1,cloud_0,edge_4,1,1,1,0,16.174817981443386,2.8845978515734134,13.290220129869972,1,85.51918624172062,56.609711503441645,-28.909474738278973,0.0,0.25,0.25,0.021220339730517537
168,92169,1.0,7,1,0,1,cloud_0,edge_4,1,1,1,0,16.174817981443386,2.8845978515734134,13.290220129869972,1,85.51918624172062,56.609711503441645,-28.909474738278973,0.0,0.25,0.25,0.021220339730517537
168,92169,2.0,7,1,0,1,cloud_0,edge_4,1,1,1,0,16.174817981443386,2.8845978515734134,13.290220129869972,1,85.51918624172062,56.609711503441645,-28.909474738278973,0.0,0.25,0.25,0.021220339730517537
168,92169,4.0,7,1,0,1,cloud_0,edge_4,1,1,1,0,16.174817981443386,2.8845978515734134,13.290220129869972,1,85.51918624172062,56.609711503441645,-28.909474738278973,0.0,0.25,0.25,0.021220339730517537
168,92169,8.0,7,1,0,1,cloud_0,edge_4,1,1,1,0,16.174817981443386,2.8845978515734134,13.290220129869972,1,85.51918624172062,56.609711503441645,-28.909474738278973,0.0,0.25,0.25,0.021220339730517537
169,92170,0.0,8,0,0,0,cloud_0,cloud_0,0,1,1,0,16.488634181831618,16.488634181831618,0.0,0,97.55828616843449,97.55828616843449,0.0,0.0,0.0,0.0,0.053293349153081454
169,92170,0.25,8,0,1,1,cloud_0,edge_3,1,1,1,0,16.488634181831618,1.4325508300537837,15.056083351777835,1,97.55828616843449,104.36358406939415,6.805297900959658,0.0,0.42857142857142855,0.42857142857142855,0.053293349153081454
169,92170,0.5,8,0,1,1,cloud_0,edge_3,1,1,1,0,16.488634181831618,1.4325508300537837,15.056083351777835,1,97.55828616843449,104.36358406939415,6.805297900959658,0.0,0.42857142857142855,0.42857142857142855,0.053293349153081454
169,92170,1.0,8,0,1,1,cloud_0,edge_3,1,1,1,0,16.488634181831618,1.4325508300537837,15.056083351777835,1,97.55828616843449,104.36358406939415,6.805297900959658,0.0,0.42857142857142855,0.42857142857142855,0.053293349153081454
169,92170,2.0,8,0,1,1,cloud_0,edge_3,1,1,1,0,16.488634181831618,1.4325508300537837,15.056083351777835,1,97.55828616843449,104.36358406939415,6.805297900959658,0.0,0.42857142857142855,0.42857142857142855,0.053293349153081454
169,92170,4.0,8,0,1,1,cloud_0,edge_3,1,1,1,0,16.488634181831618,1.4325508300537837,15.056083351777835,1,97.55828616843449,104.36358406939415,6.805297900959658,0.0,0.42857142857142855,0.42857142857142855,0.053293349153081454
169,92170,8.0,8,0,1,1,cloud_0,edge_3,1,1,1,0,16.488634181831618,1.4325508300537837,15.056083351777835,1,97.55828616843449,104.36358406939415,6.805297900959658,0.0,0.42857142857142855,0.42857142857142855,0.053293349153081454
170,92171,0.0,4,0,0,0,cloud_0,cloud_0,0,1,1,0,15.094664281209365,15.094664281209365,0.0,0,60.54920429634178,60.54920429634178,0.0,0.0,0.0,0.0,0.02443377188280295
170,92171,0.25,4,0,0,0,cloud_0,cloud_0,0,1,1,0,15.094664281209365,15.094664281209365,0.0,0,60.54920429634178,60.54920429634178,0.0,0.0,0.0,0.0,0.02443377188280295
170,92171,0.5,4,0,0,0,cloud_0,cloud_0,0,1,1,0,15.094664281209365,15.094664281209365,0.0,0,60.54920429634178,60.54920429634178,0.0,0.0,0.0,0.0,0.02443377188280295
170,92171,1.0,4,0,0,0,cloud_0,cloud_0,0,1,1,0,15.094664281209365,15.094664281209365,0.0,0,60.54920429634178,60.54920429634178,0.0,0.0,0.0,0.0,0.02443377188280295
170,92171,2.0,4,0,0,0,cloud_0,cloud_0,0,1,1,0,15.094664281209365,15.094664281209365,0.0,0,60.54920429634178,60.54920429634178,0.0,0.0,0.0,0.0,0.02443377188280295
170,92171,4.0,4,0,0,0,cloud_0,cloud_0,0,1,1,0,15.094664281209365,15.094664281209365,0.0,0,60.54920429634178,60.54920429634178,0.0,0.0,0.0,0.0,0.02443377188280295
170,92171,8.0,4,0,0,0,cloud_0,cloud_0,0,1,1,0,15.094664281209365,15.094664281209365,0.0,0,60.54920429634178,60.54920429634178,0.0,0.0,0.0,0.0,0.02443377188280295
171,92172,0.0,4,0,0,0,cloud_0,cloud_0,0,1,1,0,16.178363248119187,16.178363248119187,0.0,0,73.9161776064224,73.9161776064224,0.0,0.0,0.0,0.0,0.0379726113126348
171,92172,0.25,4,0,0,0,cloud_0,cloud_0,0,1,1,0,16.178363248119187,16.178363248119187,0.0,0,73.9161776064224,73.9161776064224,0.0,0.0,0.0,0.0,0.0379726113126348
171,92172,0.5,4,0,0,0,cloud_0,cloud_0,0,1,1,0,16.178363248119187,16.178363248119187,0.0,0,73.9161776064224,73.9161776064224,0.0,0.0,0.0,0.0,0.0379726113126348
171,92172,1.0,4,0,0,0,cloud_0,cloud_0,0,1,1,0,16.178363248119187,16.178363248119187,0.0,0,73.9161776064224,73.9161776064224,0.0,0.0,0.0,0.0,0.0379726113126348
171,92172,2.0,4,0,0,0,cloud_0,cloud_0,0,1,1,0,16.178363248119187,16.178363248119187,0.0,0,73.9161776064224,73.9161776064224,0.0,0.0,0.0,0.0,0.0379726113126348
171,92172,4.0,4,0,0,0,cloud_0,cloud_0,0,1,1,0,16.178363248119187,16.178363248119187,0.0,0,73.9161776064224,73.9161776064224,0.0,0.0,0.0,0.0,0.0379726113126348
171,92172,8.0,4,0,0,0,cloud_0,cloud_0,0,1,1,0,16.178363248119187,16.178363248119187,0.0,0,73.9161776064224,73.9161776064224,0.0,0.0,0.0,0.0,0.0379726113126348
172,92173,0.0,6,1,1,0,cloud_0,cloud_0,0,1,1,0,16.637294418197115,16.637294418197115,0.0,0,67.33954798818294,67.33954798818294,0.0,0.0,0.0,0.0,0.021915116390151285
172,92173,0.25,6,1,1,0,cloud_0,cloud_0,0,1,1,0,16.637294418197115,16.637294418197115,0.0,0,67.33954798818294,67.33954798818294,0.0,0.0,0.0,0.0,0.021915116390151285
172,92173,0.5,6,1,0,1,cloud_0,edge_0,1,1,1,0,16.637294418197115,0.22360066164653877,16.413693756550575,1,67.33954798818294,62.05482859342662,-5.284719394756323,0.0,0.0,0.0,0.021915116390151285
172,92173,1.0,6,1,0,1,cloud_0,edge_0,1,1,1,0,16.637294418197115,0.22360066164653877,16.413693756550575,1,67.33954798818294,62.05482859342662,-5.284719394756323,0.0,0.0,0.0,0.021915116390151285
172,92173,2.0,6,1,0,1,cloud_0,edge_0,1,1,1,0,16.637294418197115,0.22360066164653877,16.413693756550575,1,67.33954798818294,62.05482859342662,-5.284719394756323,0.0,0.0,0.0,0.021915116390151285
172,92173,4.0,6,1,0,1,cloud_0,edge_0,1,1,1,0,16.637294418197115,0.22360066164653877,16.413693756550575,1,67.33954798818294,62.05482859342662,-5.284719394756323,0.0,0.0,0.0,0.021915116390151285
172,92173,8.0,6,1,0,1,cloud_0,edge_0,1,1,1,0,16.637294418197115,0.22360066164653877,16.413693756550575,1,67.33954798818294,62.05482859342662,-5.284719394756323,0.0,0.0,0.0,0.021915116390151285
173,92174,0.0,4,0,0,0,cloud_0,cloud_0,0,1,1,0,16.960118857706618,16.960118857706618,0.0,0,58.71869681450847,58.71869681450847,0.0,0.0,0.0,0.0,0.01742904917097173
173,92174,0.25,4,0,0,0,cloud_0,cloud_0,0,1,1,0,16.960118857706618,16.960118857706618,0.0,0,58.71869681450847,58.71869681450847,0.0,0.0,0.0,0.0,0.01742904917097173
173,92174,0.5,4,0,0,0,cloud_0,cloud_0,0,1,1,0,16.960118857706618,16.960118857706618,0.0,0,58.71869681450847,58.71869681450847,0.0,0.0,0.0,0.0,0.01742904917097173
173,92174,1.0,4,0,0,0,cloud_0,cloud_0,0,1,1,0,16.960118857706618,16.960118857706618,0.0,0,58.71869681450847,58.71869681450847,0.0,0.0,0.0,0.0,0.01742904917097173
173,92174,2.0,4,0,0,0,cloud_0,cloud_0,0,1,1,0,16.960118857706618,16.960118857706618,0.0,0,58.71869681450847,58.71869681450847,0.0,0.0,0.0,0.0,0.01742904917097173
173,92174,4.0,4,0,0,0,cloud_0,cloud_0,0,1,1,0,16.960118857706618,16.960118857706618,0.0,0,58.71869681450847,58.71869681450847,0.0,0.0,0.0,0.0,0.01742904917097173
173,92174,8.0,4,0,0,0,cloud_0,cloud_0,0,1,1,0,16.960118857706618,16.960118857706618,0.0,0,58.71869681450847,58.71869681450847,0.0,0.0,0.0,0.0,0.01742904917097173
174,92175,0.0,8,1,1,0,cloud_0,cloud_0,0,1,1,0,20.907847603154018,20.907847603154018,0.0,0,54.527065769800586,54.527065769800586,0.0,0.0,0.0,0.0,0.009973417833388037
174,92175,0.25,8,1,0,1,cloud_0,edge_4,1,1,1,0,20.907847603154018,3.150909344213181,17.756938258940835,1,54.527065769800586,29.9686604789173,-24.558405290883286,0.0,0.2,0.2,0.009973417833388037
174,92175,0.5,8,1,0,1,cloud_0,edge_4,1,1,1,0,20.907847603154018,3.150909344213181,17.756938258940835,1,54.527065769800586,29.9686604789173,-24.558405290883286,0.0,0.2,0.2,0.009973417833388037
174,92175,1.0,8,1,0,1,cloud_0,edge_4,1,1,1,0,20.907847603154018,3.150909344213181,17.756938258940835,1,54.527065769800586,29.9686604789173,-24.558405290883286,0.0,0.2,0.2,0.009973417833388037
174,92175,2.0,8,1,0,1,cloud_0,edge_4,1,1,1,0,20.907847603154018,3.150909344213181,17.756938258940835,1,54.527065769800586,29.9686604789173,-24.558405290883286,0.0,0.2,0.2,0.009973417833388037
174,92175,4.0,8,1,0,1,cloud_0,edge_4,1,1,1,0,20.907847603154018,3.150909344213181,17.756938258940835,1,54.527065769800586,29.9686604789173,-24.558405290883286,0.0,0.2,0.2,0.009973417833388037
174,92175,8.0,8,1,0,1,cloud_0,edge_4,1,1,1,0,20.907847603154018,3.150909344213181,17.756938258940835,1,54.527065769800586,29.9686604789173,-24.558405290883286,0.0,0.2,0.2,0.009973417833388037
175,92176,0.0,8,0,0,0,cloud_0,cloud_0,0,1,1,0,17.123377089456266,17.123377089456266,0.0,0,54.89203541538447,54.89203541538447,0.0,0.0,0.0,0.0,0.060332830843705054
175,92176,0.25,8,0,1,1,cloud_0,edge_5,1,1,1,0,17.123377089456266,1.199056249722577,15.924320839733689,1,54.89203541538447,80.07803219751622,25.185996782131753,0.0,0.14285714285714285,0.14285714285714285,0.060332830843705054
175,92176,0.5,8,0,1,1,cloud_0,edge_5,1,1,1,0,17.123377089456266,1.199056249722577,15.924320839733689,1,54.89203541538447,80.07803219751622,25.185996782131753,0.0,0.14285714285714285,0.14285714285714285,0.060332830843705054
175,92176,1.0,8,0,1,1,cloud_0,edge_5,1,1,1,0,17.123377089456266,1.199056249722577,15.924320839733689,1,54.89203541538447,80.07803219751622,25.185996782131753,0.0,0.14285714285714285,0.14285714285714285,0.060332830843705054
175,92176,2.0,8,0,1,1,cloud_0,edge_5,1,1,1,0,17.123377089456266,1.199056249722577,15.924320839733689,1,54.89203541538447,80.07803219751622,25.185996782131753,0.0,0.14285714285714285,0.14285714285714285,0.060332830843705054
175,92176,4.0,8,0,1,1,cloud_0,edge_5,1,1,1,0,17.123377089456266,1.199056249722577,15.924320839733689,1,54.89203541538447,80.07803219751622,25.185996782131753,0.0,0.14285714285714285,0.14285714285714285,0.060332830843705054
175,92176,8.0,8,0,1,1,cloud_0,edge_5,1,1,1,0,17.123377089456266,1.199056249722577,15.924320839733689,1,54.89203541538447,80.07803219751622,25.185996782131753,0.0,0.14285714285714285,0.14285714285714285,0.060332830843705054
176,92177,0.0,4,0,0,0,cloud_0,cloud_0,0,1,1,0,15.76312509525048,15.76312509525048,0.0,0,56.184449601126246,56.184449601126246,0.0,0.0,0.0,0.0,0.013146776035346022
176,92177,0.25,4,0,0,0,cloud_0,cloud_0,0,1,1,0,15.76312509525048,15.76312509525048,0.0,0,56.184449601126246,56.184449601126246,0.0,0.0,0.0,0.0,0.013146776035346022
176,92177,0.5,4,0,0,0,cloud_0,cloud_0,0,1,1,0,15.76312509525048,15.76312509525048,0.0,0,56.184449601126246,56.184449601126246,0.0,0.0,0.0,0.0,0.013146776035346022
176,92177,1.0,4,0,0,0,cloud_0,cloud_0,0,1,1,0,15.76312509525048,15.76312509525048,0.0,0,56.184449601126246,56.184449601126246,0.0,0.0,0.0,0.0,0.013146776035346022
176,92177,2.0,4,0,0,0,cloud_0,cloud_0,0,1,1,0,15.76312509525048,15.76312509525048,0.0,0,56.184449601126246,56.184449601126246,0.0,0.0,0.0,0.0,0.013146776035346022
176,92177,4.0,4,0,0,0,cloud_0,cloud_0,0,1,1,0,15.76312509525048,15.76312509525048,0.0,0,56.184449601126246,56.184449601126246,0.0,0.0,0.0,0.0,0.013146776035346022
176,92177,8.0,4,0,0,0,cloud_0,cloud_0,0,1,1,0,15.76312509525048,15.76312509525048,0.0,0,56.184449601126246,56.184449601126246,0.0,0.0,0.0,0.0,0.013146776035346022
177,92178,0.0,8,0,0,0,cloud_0,cloud_0,0,1,1,0,15.828013820240605,15.828013820240605,0.0,0,70.24126999461566,70.24126999461566,0.0,0.0,0.0,0.0,0.060271225655714605
177,92178,0.25,8,0,1,1,cloud_0,edge_1,1,1,1,0,15.828013820240605,3.7467669715541194,12.081246848686485,1,70.24126999461566,87.01059540264218,16.769325408026518,0.0,0.42857142857142855,0.42857142857142855,0.060271225655714605
177,92178,0.5,8,0,1,1,cloud_0,edge_1,1,1,1,0,15.828013820240605,3.7467669715541194,12.081246848686485,1,70.24126999461566,87.01059540264218,16.769325408026518,0.0,0.42857142857142855,0.42857142857142855,0.060271225655714605
177,92178,1.0,8,0,1,1,cloud_0,edge_1,1,1,1,0,15.828013820240605,3.7467669715541194,12.081246848686485,1,70.24126999461566,87.01059540264218,16.769325408026518,0.0,0.42857142857142855,0.42857142857142855,0.060271225655714605
177,92178,2.0,8,0,1,1,cloud_0,edge_1,1,1,1,0,15.828013820240605,3.7467669715541194,12.081246848686485,1,70.24126999461566,87.01059540264218,16.769325408026518,0.0,0.42857142857142855,0.42857142857142855,0.060271225655714605
177,92178,4.0,8,0,1,1,cloud_0,edge_1,1,1,1,0,15.828013820240605,3.7467669715541194,12.081246848686485,1,70.24126999461566,87.01059540264218,16.769325408026518,0.0,0.42857142857142855,0.42857142857142855,0.060271225655714605
177,92178,8.0,8,0,1,1,cloud_0,edge_1,1,1,1,0,15.828013820240605,3.7467669715541194,12.081246848686485,1,70.24126999461566,87.01059540264218,16.769325408026518,0.0,0.42857142857142855,0.42857142857142855,0.060271225655714605
178,92179,0.0,4,0,0,0,cloud_0,cloud_0,0,1,1,0,20.364988720508872,20.364988720508872,0.0,0,112.364790101968,112.364790101968,0.0,0.0,0.0,0.0,0.10966910227032534
178,92179,0.25,4,0,0,0,cloud_0,cloud_0,0,1,1,0,20.364988720508872,20.364988720508872,0.0,0,112.364790101968,112.364790101968,0.0,0.0,0.0,0.0,0.10966910227032534
178,92179,0.5,4,0,0,0,cloud_0,cloud_0,0,1,1,0,20.364988720508872,20.364988720508872,0.0,0,112.364790101968,112.364790101968,0.0,0.0,0.0,0.0,0.10966910227032534
178,92179,1.0,4,0,0,0,cloud_0,cloud_0,0,1,1,0,20.364988720508872,20.364988720508872,0.0,0,112.364790101968,112.364790101968,0.0,0.0,0.0,0.0,0.10966910227032534
178,92179,2.0,4,0,0,0,cloud_0,cloud_0,0,1,1,0,20.364988720508872,20.364988720508872,0.0,0,112.364790101968,112.364790101968,0.0,0.0,0.0,0.0,0.10966910227032534
178,92179,4.0,4,0,0,0,cloud_0,cloud_0,0,1,1,0,20.364988720508872,20.364988720508872,0.0,0,112.364790101968,112.364790101968,0.0,0.0,0.0,0.0,0.10966910227032534
178,92179,8.0,4,0,0,0,cloud_0,cloud_0,0,1,1,0,20.364988720508872,20.364988720508872,0.0,0,112.364790101968,112.364790101968,0.0,0.0,0.0,0.0,0.10966910227032534
179,92180,0.0,4,0,0,0,cloud_0,cloud_0,0,1,1,0,19.004597397579822,19.004597397579822,0.0,0,71.3467154710639,71.3467154710639,0.0,0.0,0.0,0.0,0.03598168894575374
179,92180,0.25,4,0,0,0,cloud_0,cloud_0,0,1,1,0,19.004597397579822,19.004597397579822,0.0,0,71.3467154710639,71.3467154710639,0.0,0.0,0.0,0.0,0.03598168894575374
179,92180,0.5,4,0,0,0,cloud_0,cloud_0,0,1,1,0,19.004597397579822,19.004597397579822,0.0,0,71.3467154710639,71.3467154710639,0.0,0.0,0.0,0.0,0.03598168894575374
179,92180,1.0,4,0,0,0,cloud_0,cloud_0,0,1,1,0,19.004597397579822,19.004597397579822,0.0,0,71.3467154710639,71.3467154710639,0.0,0.0,0.0,0.0,0.03598168894575374
179,92180,2.0,4,0,0,0,cloud_0,cloud_0,0,1,1,0,19.004597397579822,19.004597397579822,0.0,0,71.3467154710639,71.3467154710639,0.0,0.0,0.0,0.0,0.03598168894575374
179,92180,4.0,4,0,0,0,cloud_0,cloud_0,0,1,1,0,19.004597397579822,19.004597397579822,0.0,0,71.3467154710639,71.3467154710639,0.0,0.0,0.0,0.0,0.03598168894575374
179,92180,8.0,4,0,0,0,cloud_0,cloud_0,0,1,1,0,19.004597397579822,19.004597397579822,0.0,0,71.3467154710639,71.3467154710639,0.0,0.0,0.0,0.0,0.03598168894575374
180,92181,0.0,12,1,1,0,cloud_0,cloud_0,0,1,1,0,18.545299759083505,18.545299759083505,0.0,0,40.124346858341646,40.124346858341646,0.0,0.0,0.0,0.0,0.012324926787976266
180,92181,0.25,12,1,2,1,cloud_0,edge_1,1,1,1,0,18.545299759083505,3.2286300099680716,15.316669749115434,1,40.124346858341646,69.91521902161641,29.790872163274763,0.0,0.5,0.5,0.012324926787976266
180,92181,0.5,12,1,2,1,cloud_0,edge_1,1,1,1,0,18.545299759083505,3.2286300099680716,15.316669749115434,1,40.124346858341646,69.91521902161641,29.790872163274763,0.0,0.5,0.5,0.012324926787976266
180,92181,1.0,12,1,2,1,cloud_0,edge_1,1,1,1,0,18.545299759083505,3.2286300099680716,15.316669749115434,1,40.124346858341646,69.91521902161641,29.790872163274763,0.0,0.5,0.5,0.012324926787976266
180,92181,2.0,12,1,2,1,cloud_0,edge_1,1,1,1,0,18.545299759083505,3.2286300099680716,15.316669749115434,1,40.124346858341646,69.91521902161641,29.790872163274763,0.0,0.5,0.5,0.012324926787976266
180,92181,4.0,12,1,2,1,cloud_0,edge_1,1,1,1,0,18.545299759083505,3.2286300099680716,15.316669749115434,1,40.124346858341646,69.91521902161641,29.790872163274763,0.0,0.5,0.5,0.012324926787976266
180,92181,8.0,12,1,2,1,cloud_0,edge_1,1,1,1,0,18.545299759083505,3.2286300099680716,15.316669749115434,1,40.124346858341646,69.91521902161641,29.790872163274763,0.0,0.5,0.5,0.012324926787976266
181,92182,0.0,8,1,1,0,cloud_0,cloud_0,0,1,1,0,15.69728093957783,15.69728093957783,0.0,0,50.9270340583977,50.9270340583977,0.0,0.0,0.0,0.0,0.026091246216055866
181,92182,0.25,8,1,0,1,cloud_0,edge_2,1,1,1,0,15.69728093957783,2.281422390597712,13.415858548980118,1,50.9270340583977,44.99645822670061,-5.930575831697091,0.0,0.16666666666666666,0.16666666666666666,0.026091246216055866
181,92182,0.5,8,1,0,1,cloud_0,edge_2,1,1,1,0,15.69728093957783,2.281422390597712,13.415858548980118,1,50.9270340583977,44.99645822670061,-5.930575831697091,0.0,0.16666666666666666,0.16666666666666666,0.026091246216055866
181,92182,1.0,8,1,0,1,cloud_0,edge_2,1,1,1,0,15.69728093957783,2.281422390597712,13.415858548980118,1,50.9270340583977,44.99645822670061,-5.930575831697091,0.0,0.16666666666666666,0.16666666666666666,0.026091246216055866
181,92182,2.0,8,1,0,1,cloud_0,edge_2,1,1,1,0,15.69728093957783,2.281422390597712,13.415858548980118,1,50.9270340583977,44.99645822670061,-5.930575831697091,0.0,0.16666666666666666,0.16666666666666666,0.026091246216055866
181,92182,4.0,8,1,0,1,cloud_0,edge_2,1,1,1,0,15.69728093957783,2.281422390597712,13.415858548980118,1,50.9270340583977,44.99645822670061,-5.930575831697091,0.0,0.16666666666666666,0.16666666666666666,0.026091246216055866
181,92182,8.0,8,1,0,1,cloud_0,edge_2,1,1,1,0,15.69728093957783,2.281422390597712,13.415858548980118,1,50.9270340583977,44.99645822670061,-5.930575831697091,0.0,0.16666666666666666,0.16666666666666666,0.026091246216055866
182,92183,0.0,11,1,1,0,cloud_0,cloud_0,0,1,1,0,13.569913898969215,13.569913898969215,0.0,0,57.01789330448731,57.01789330448731,0.0,0.0,0.0,0.0,0.02244573481193605
182,92183,0.25,11,1,0,1,cloud_0,edge_5,1,1,1,0,13.569913898969215,1.5600502702479873,12.009863628721227,1,57.01789330448731,35.34144995150265,-21.676443352984656,0.0,0.4,0.4,0.02244573481193605
182,92183,0.5,11,1,0,1,cloud_0,edge_5,1,1,1,0,13.569913898969215,1.5600502702479873,12.009863628721227,1,57.01789330448731,35.34144995150265,-21.676443352984656,0.0,0.4,0.4,0.02244573481193605
182,92183,1.0,11,1,0,1,cloud_0,edge_5,1,1,1,0,13.569913898969215,1.5600502702479873,12.009863628721227,1,57.01789330448731,35.34144995150265,-21.676443352984656,0.0,0.4,0.4,0.02244573481193605
182,92183,2.0,11,1,0,1,cloud_0,edge_5,1,1,1,0,13.569913898969215,1.5600502702479873,12.009863628721227,1,57.01789330448731,35.34144995150265,-21.676443352984656,0.0,0.4,0.4,0.02244573481193605
182,92183,4.0,11,1,0,1,cloud_0,edge_5,1,1,1,0,13.569913898969215,1.5600502702479873,12.009863628721227,1,57.01789330448731,35.34144995150265,-21.676443352984656,0.0,0.4,0.4,0.02244573481193605
182,92183,8.0,11,1,0,1,cloud_0,edge_5,1,1,1,0,13.569913898969215,1.5600502702479873,12.009863628721227,1,57.01789330448731,35.34144995150265,-21.676443352984656,0.0,0.4,0.4,0.02244573481193605
183,92184,0.0,4,0,0,0,cloud_0,cloud_0,0,1,1,0,12.89825518966976,12.89825518966976,0.0,0,77.34280035366385,77.34280035366385,0.0,0.0,0.0,0.0,0.029351972465447244
183,92184,0.25,4,0,0,0,cloud_0,cloud_0,0,1,1,0,12.89825518966976,12.89825518966976,0.0,0,77.34280035366385,77.34280035366385,0.0,0.0,0.0,0.0,0.029351972465447244
183,92184,0.5,4,0,0,0,cloud_0,cloud_0,0,1,1,0,12.89825518966976,12.89825518966976,0.0,0,77.34280035366385,77.34280035366385,0.0,0.0,0.0,0.0,0.029351972465447244
183,92184,1.0,4,0,0,0,cloud_0,cloud_0,0,1,1,0,12.89825518966976,12.89825518966976,0.0,0,77.34280035366385,77.34280035366385,0.0,0.0,0.0,0.0,0.029351972465447244
183,92184,2.0,4,0,0,0,cloud_0,cloud_0,0,1,1,0,12.89825518966976,12.89825518966976,0.0,0,77.34280035366385,77.34280035366385,0.0,0.0,0.0,0.0,0.029351972465447244
183,92184,4.0,4,0,0,0,cloud_0,cloud_0,0,1,1,0,12.89825518966976,12.89825518966976,0.0,0,77.34280035366385,77.34280035366385,0.0,0.0,0.0,0.0,0.029351972465447244
183,92184,8.0,4,0,0,0,cloud_0,cloud_0,0,1,1,0,12.89825518966976,12.89825518966976,0.0,0,77.34280035366385,77.34280035366385,0.0,0.0,0.0,0.0,0.029351972465447244
184,92185,0.0,8,0,0,0,cloud_0,cloud_0,0,1,1,0,14.946923282541977,14.946923282541977,0.0,0,67.3594917684108,67.3594917684108,0.0,0.0,0.0,0.0,0.07191441255413047
184,92185,0.25,8,0,1,1,cloud_0,edge_0,1,1,1,0,14.946923282541977,0.4045583172394812,14.542364965302497,1,67.3594917684108,105.72226200806415,38.362770239653344,0.0,0.0,0.0,0.07191441255413047
184,92185,0.5,8,0,1,1,cloud_0,edge_0,1,1,1,0,14.946923282541977,0.4045583172394812,14.542364965302497,1,67.3594917684108,105.72226200806415,38.362770239653344,0.0,0.0,0.0,0.07191441255413047
184,92185,1.0,8,0,1,1,cloud_0,edge_0,1,1,1,0,14.946923282541977,0.4045583172394812,14.542364965302497,1,67.3594917684108,105.72226200806415,38.362770239653344,0.0,0.0,0.0,0.07191441255413047
184,92185,2.0,8,0,1,1,cloud_0,edge_0,1,1,1,0,14.946923282541977,0.4045583172394812,14.542364965302497,1,67.3594917684108,105.72226200806415,38.362770239653344,0.0,0.0,0.0,0.07191441255413047
184,92185,4.0,8,0,1,1,cloud_0,edge_0,1,1,1,0,14.946923282541977,0.4045583172394812,14.542364965302497,1,67.3594917684108,105.72226200806415,38.362770239653344,0.0,0.0,0.0,0.07191441255413047
184,92185,8.0,8,0,1,1,cloud_0,edge_0,1,1,1,0,14.946923282541977,0.4045583172394812,14.542364965302497,1,67.3594917684108,105.72226200806415,38.362770239653344,0.0,0.0,0.0,0.07191441255413047
185,92186,0.0,8,0,0,0,cloud_0,cloud_0,0,1,1,0,17.291252121209144,17.291252121209144,0.0,0,53.5936390012394,53.5936390012394,0.0,0.0,0.0,0.0,0.03134403944104594
185,92186,0.25,8,0,1,1,cloud_0,edge_3,1,1,1,0,17.291252121209144,5.358959782630226,11.932292338578918,1,53.5936390012394,90.16530382399162,36.57166482275222,0.0,0.16666666666666666,0.16666666666666666,0.03134403944104594
185,92186,0.5,8,0,1,1,cloud_0,edge_3,1,1,1,0,17.291252121209144,5.358959782630226,11.932292338578918,1,53.5936390012394,90.16530382399162,36.57166482275222,0.0,0.16666666666666666,0.16666666666666666,0.03134403944104594
185,92186,1.0,8,0,1,1,cloud_0,edge_3,1,1,1,0,17.291252121209144,5.358959782630226,11.932292338578918,1,53.5936390012394,90.16530382399162,36.57166482275222,0.0,0.16666666666666666,0.16666666666666666,0.03134403944104594
185,92186,2.0,8,0,1,1,cloud_0,edge_3,1,1,1,0,17.291252121209144,5.358959782630226,11.932292338578918,1,53.5936390012394,90.16530382399162,36.57166482275222,0.0,0.16666666666666666,0.16666666666666666,0.03134403944104594
185,92186,4.0,8,0,1,1,cloud_0,edge_3,1,1,1,0,17.291252121209144,5.358959782630226,11.932292338578918,1,53.5936390012394,90.16530382399162,36.57166482275222,0.0,0.16666666666666666,0.16666666666666666,0.03134403944104594
185,92186,8.0,8,0,1,1,cloud_0,edge_3,1,1,1,0,17.291252121209144,5.358959782630226,11.932292338578918,1,53.5936390012394,90.16530382399162,36.57166482275222,0.0,0.16666666666666666,0.16666666666666666,0.03134403944104594
186,92187,0.0,4,0,0,0,cloud_0,cloud_0,0,1,1,0,20.36009454075921,20.36009454075921,0.0,0,61.26525046935974,61.26525046935974,0.0,0.0,0.0,0.0,0.02720875077068262
186,92187,0.25,4,0,0,0,cloud_0,cloud_0,0,1,1,0,20.36009454075921,20.36009454075921,0.0,0,61.26525046935974,61.26525046935974,0.0,0.0,0.0,0.0,0.02720875077068262
186,92187,0.5,4,0,0,0,cloud_0,cloud_0,0,1,1,0,20.36009454075921,20.36009454075921,0.0,0,61.26525046935974,61.26525046935974,0.0,0.0,0.0,0.0,0.02720875077068262
186,92187,1.0,4,0,0,0,cloud_0,cloud_0,0,1,1,0,20.36009454075921,20.36009454075921,0.0,0,61.26525046935974,61.26525046935974,0.0,0.0,0.0,0.0,0.02720875077068262
186,92187,2.0,4,0,0,0,cloud_0,cloud_0,0,1,1,0,20.36009454075921,20.36009454075921,0.0,0,61.26525046935974,61.26525046935974,0.0,0.0,0.0,0.0,0.02720875077068262
186,92187,4.0,4,0,0,0,cloud_0,cloud_0,0,1,1,0,20.36009454075921,20.36009454075921,0.0,0,61.26525046935974,61.26525046935974,0.0,0.0,0.0,0.0,0.02720875077068262
186,92187,8.0,4,0,0,0,cloud_0,cloud_0,0,1,1,0,20.36009454075921,20.36009454075921,0.0,0,61.26525046935974,61.26525046935974,0.0,0.0,0.0,0.0,0.02720875077068262
187,92188,0.0,4,0,0,0,cloud_0,cloud_0,0,1,1,0,15.587914476483803,15.587914476483803,0.0,0,37.08250056210389,37.08250056210389,0.0,0.0,0.0,0.0,0.00943792992806837
187,92188,0.25,4,0,0,0,cloud_0,cloud_0,0,1,1,0,15.587914476483803,15.587914476483803,0.0,0,37.08250056210389,37.08250056210389,0.0,0.0,0.0,0.0,0.00943792992806837
187,92188,0.5,4,0,0,0,cloud_0,cloud_0,0,1,1,0,15.587914476483803,15.587914476483803,0.0,0,37.08250056210389,37.08250056210389,0.0,0.0,0.0,0.0,0.00943792992806837
187,92188,1.0,4,0,0,0,cloud_0,cloud_0,0,1,1,0,15.587914476483803,15.587914476483803,0.0,0,37.08250056210389,37.08250056210389,0.0,0.0,0.0,0.0,0.00943792992806837
187,92188,2.0,4,0,0,0,cloud_0,cloud_0,0,1,1,0,15.587914476483803,15.587914476483803,0.0,0,37.08250056210389,37.08250056210389,0.0,0.0,0.0,0.0,0.00943792992806837
187,92188,4.0,4,0,0,0,cloud_0,cloud_0,0,1,1,0,15.587914476483803,15.587914476483803,0.0,0,37.08250056210389,37.08250056210389,0.0,0.0,0.0,0.0,0.00943792992806837
187,92188,8.0,4,0,0,0,cloud_0,cloud_0,0,1,1,0,15.587914476483803,15.587914476483803,0.0,0,37.08250056210389,37.08250056210389,0.0,0.0,0.0,0.0,0.00943792992806837
188,92189,0.0,6,0,0,0,cloud_0,cloud_0,0,1,1,0,21.456652697919537,21.456652697919537,0.0,0,73.84809219357562,73.84809219357562,0.0,0.0,0.0,0.0,0.08675614037011985
188,92189,0.25,6,0,1,1,cloud_0,edge_3,1,1,1,0,21.456652697919537,5.655367753551789,15.801284944367747,1,73.84809219357562,94.98043800792789,21.132345814352263,0.0,0.4,0.4,0.08675614037011985
188,92189,0.5,6,0,1,1,cloud_0,edge_3,1,1,1,0,21.456652697919537,5.655367753551789,15.801284944367747,1,73.84809219357562,94.98043800792789,21.132345814352263,0.0,0.4,0.4,0.08675614037011985
188,92189,1.0,6,0,1,1,cloud_0,edge_3,1,1,1,0,21.456652697919537,5.655367753551789,15.801284944367747,1,73.84809219357562,94.98043800792789,21.132345814352263,0.0,0.4,0.4,0.08675614037011985
188,92189,2.0,6,0,1,1,cloud_0,edge_3,1,1,1,0,21.456652697919537,5.655367753551789,15.801284944367747,1,73.84809219357562,94.98043800792789,21.132345814352263,0.0,0.4,0.4,0.08675614037011985
188,92189,4.0,6,0,1,1,cloud_0,edge_3,1,1,1,0,21.456652697919537,5.655367753551789,15.801284944367747,1,73.84809219357562,94.98043800792789,21.132345814352263,0.0,0.4,0.4,0.08675614037011985
188,92189,8.0,6,0,1,1,cloud_0,edge_3,1,1,1,0,21.456652697919537,5.655367753551789,15.801284944367747,1,73.84809219357562,94.98043800792789,21.132345814352263,0.0,0.4,0.4,0.08675614037011985
189,92190,0.0,12,0,0,0,cloud_0,cloud_0,0,1,1,0,20.566798301528802,20.566798301528802,0.0,0,36.2250803870511,36.2250803870511,0.0,0.0,0.0,0.0,0.0118877912589278
189,92190,0.25,12,0,1,1,cloud_0,edge_2,1,1,1,0,20.566798301528802,1.1169265006510325,19.44987180087777,1,36.2250803870511,62.92590511573657,26.70082472868547,0.0,0.0,0.0,0.0118877912589278
189,92190,0.5,12,0,1,1,cloud_0,edge_2,1,1,1,0,20.566798301528802,1.1169265006510325,19.44987180087777,1,36.2250803870511,62.92590511573657,26.70082472868547,0.0,0.0,0.0,0.0118877912589278
189,92190,1.0,12,0,1,1,cloud_0,edge_2,1,1,1,0,20.566798301528802,1.1169265006510325,19.44987180087777,1,36.2250803870511,62.92590511573657,26.70082472868547,0.0,0.0,0.0,0.0118877912589278
189,92190,2.0,12,0,1,1,cloud_0,edge_2,1,1,1,0,20.566798301528802,1.1169265006510325,19.44987180087777,1,36.2250803870511,62.92590511573657,26.70082472868547,0.0,0.0,0.0,0.0118877912589278
189,92190,4.0,12,0,1,1,cloud_0,edge_2,1,1,1,0,20.566798301528802,1.1169265006510325,19.44987180087777,1,36.2250803870511,62.92590511573657,26.70082472868547,0.0,0.0,0.0,0.0118877912589278
189,92190,8.0,12,0,1,1,cloud_0,edge_2,1,1,1,0,20.566798301528802,1.1169265006510325,19.44987180087777,1,36.2250803870511,62.92590511573657,26.70082472868547,0.0,0.0,0.0,0.0118877912589278
190,92191,0.0,12,0,0,0,cloud_0,cloud_0,0,1,1,0,16.012260695225248,16.012260695225248,0.0,0,50.297358403230845,50.297358403230845,0.0,0.0,0.0,0.0,0.02774057898159395
190,92191,0.25,12,0,1,1,cloud_0,edge_4,1,1,1,0,16.012260695225248,3.0713212929773004,12.940939402247947,1,50.297358403230845,56.421958788110594,6.124600384879749,0.0,0.3333333333333333,0.3333333333333333,0.02774057898159395
190,92191,0.5,12,0,1,1,cloud_0,edge_4,1,1,1,0,16.012260695225248,3.0713212929773004,12.940939402247947,1,50.297358403230845,56.421958788110594,6.124600384879749,0.0,0.3333333333333333,0.3333333333333333,0.02774057898159395
190,92191,1.0,12,0,1,1,cloud_0,edge_4,1,1,1,0,16.012260695225248,3.0713212929773004,12.940939402247947,1,50.297358403230845,56.421958788110594,6.124600384879749,0.0,0.3333333333333333,0.3333333333333333,0.02774057898159395
190,92191,2.0,12,0,1,1,cloud_0,edge_4,1,1,1,0,16.012260695225248,3.0713212929773004,12.940939402247947,1,50.297358403230845,56.421958788110594,6.124600384879749,0.0,0.3333333333333333,0.3333333333333333,0.02774057898159395
190,92191,4.0,12,0,1,1,cloud_0,edge_4,1,1,1,0,16.012260695225248,3.0713212929773004,12.940939402247947,1,50.297358403230845,56.421958788110594,6.124600384879749,0.0,0.3333333333333333,0.3333333333333333,0.02774057898159395
190,92191,8.0,12,0,1,1,cloud_0,edge_4,1,1,1,0,16.012260695225248,3.0713212929773004,12.940939402247947,1,50.297358403230845,56.421958788110594,6.124600384879749,0.0,0.3333333333333333,0.3333333333333333,0.02774057898159395
191,92192,0.0,10,2,2,0,edge_2,edge_2,0,1,1,0,5.206530819957699,5.206530819957699,0.0,0,81.77092848406907,81.77092848406907,0.0,0.0,0.0,0.0,0.014296573642424346
191,92192,0.25,10,2,2,0,edge_2,edge_2,0,1,1,0,5.206530819957699,5.206530819957699,0.0,0,81.77092848406907,81.77092848406907,0.0,0.0,0.0,0.0,0.014296573642424346
191,92192,0.5,10,2,2,0,edge_2,edge_2,0,1,1,0,5.206530819957699,5.206530819957699,0.0,0,81.77092848406907,81.77092848406907,0.0,0.0,0.0,0.0,0.014296573642424346
191,92192,1.0,10,2,2,0,edge_2,edge_2,0,1,1,0,5.206530819957699,5.206530819957699,0.0,0,81.77092848406907,81.77092848406907,0.0,0.0,0.0,0.0,0.014296573642424346
191,92192,2.0,10,2,2,0,edge_2,edge_2,0,1,1,0,5.206530819957699,5.206530819957699,0.0,0,81.77092848406907,81.77092848406907,0.0,0.0,0.0,0.0,0.014296573642424346
191,92192,4.0,10,2,2,0,edge_2,edge_2,0,1,1,0,5.206530819957699,5.206530819957699,0.0,0,81.77092848406907,81.77092848406907,0.0,0.0,0.0,0.0,0.014296573642424346
191,92192,8.0,10,2,2,0,edge_2,edge_2,0,1,1,0,5.206530819957699,5.206530819957699,0.0,0,81.77092848406907,81.77092848406907,0.0,0.0,0.0,0.0,0.014296573642424346
192,92193,0.0,4,0,0,0,cloud_0,cloud_0,0,1,1,0,15.072552249605081,15.072552249605081,0.0,0,67.4140729041253,67.4140729041253,0.0,0.0,0.0,0.0,0.034392952626484216
192,92193,0.25,4,0,0,0,cloud_0,cloud_0,0,1,1,0,15.072552249605081,15.072552249605081,0.0,0,67.4140729041253,67.4140729041253,0.0,0.0,0.0,0.0,0.034392952626484216
192,92193,0.5,4,0,0,0,cloud_0,cloud_0,0,1,1,0,15.072552249605081,15.072552249605081,0.0,0,67.4140729041253,67.4140729041253,0.0,0.0,0.0,0.0,0.034392952626484216
192,92193,1.0,4,0,0,0,cloud_0,cloud_0,0,1,1,0,15.072552249605081,15.072552249605081,0.0,0,67.4140729041253,67.4140729041253,0.0,0.0,0.0,0.0,0.034392952626484216
192,92193,2.0,4,0,0,0,cloud_0,cloud_0,0,1,1,0,15.072552249605081,15.072552249605081,0.0,0,67.4140729041253,67.4140729041253,0.0,0.0,0.0,0.0,0.034392952626484216
192,92193,4.0,4,0,0,0,cloud_0,cloud_0,0,1,1,0,15.072552249605081,15.072552249605081,0.0,0,67.4140729041253,67.4140729041253,0.0,0.0,0.0,0.0,0.034392952626484216
192,92193,8.0,4,0,0,0,cloud_0,cloud_0,0,1,1,0,15.072552249605081,15.072552249605081,0.0,0,67.4140729041253,67.4140729041253,0.0,0.0,0.0,0.0,0.034392952626484216
193,92194,0.0,8,0,0,0,cloud_0,cloud_0,0,1,1,0,19.305391161777333,19.305391161777333,0.0,0,69.67085999600998,69.67085999600998,0.0,0.0,0.0,0.0,0.03190603237473111
193,92194,0.25,8,0,1,1,cloud_0,edge_3,1,1,1,0,19.305391161777333,5.357431261955622,13.947959899821711,1,69.67085999600998,125.79812299260652,56.12726299659654,0.0,0.5,0.5,0.03190603237473111
193,92194,0.5,8,0,1,1,cloud_0,edge_3,1,1,1,0,19.305391161777333,5.357431261955622,13.947959899821711,1,69.67085999600998,125.79812299260652,56.12726299659654,0.0,0.5,0.5,0.03190603237473111
193,92194,1.0,8,0,1,1,cloud_0,edge_3,1,1,1,0,19.305391161777333,5.357431261955622,13.947959899821711,1,69.67085999600998,125.79812299260652,56.12726299659654,0.0,0.5,0.5,0.03190603237473111
193,92194,2.0,8,0,1,1,cloud_0,edge_3,1,1,1,0,19.305391161777333,5.357431261955622,13.947959899821711,1,69.67085999600998,125.79812299260652,56.12726299659654,0.0,0.5,0.5,0.03190603237473111
193,92194,4.0,8,0,1,1,cloud_0,edge_3,1,1,1,0,19.305391161777333,5.357431261955622,13.947959899821711,1,69.67085999600998,125.79812299260652,56.12726299659654,0.0,0.5,0.5,0.03190603237473111
193,92194,8.0,8,0,1,1,cloud_0,edge_3,1,1,1,0,19.305391161777333,5.357431261955622,13.947959899821711,1,69.67085999600998,125.79812299260652,56.12726299659654,0.0,0.5,0.5,0.03190603237473111
194,92195,0.0,4,0,0,0,cloud_0,cloud_0,0,1,1,0,16.009370195381603,16.009370195381603,0.0,0,61.50398531076958,61.50398531076958,0.0,0.0,0.0,0.0,0.023434784422712476
194,92195,0.25,4,0,0,0,cloud_0,cloud_0,0,1,1,0,16.009370195381603,16.009370195381603,0.0,0,61.50398531076958,61.50398531076958,0.0,0.0,0.0,0.0,0.023434784422712476
194,92195,0.5,4,0,0,0,cloud_0,cloud_0,0,1,1,0,16.009370195381603,16.009370195381603,0.0,0,61.50398531076958,61.50398531076958,0.0,0.0,0.0,0.0,0.023434784422712476
194,92195,1.0,4,0,0,0,cloud_0,cloud_0,0,1,1,0,16.009370195381603,16.009370195381603,0.0,0,61.50398531076958,61.50398531076958,0.0,0.0,0.0,0.0,0.023434784422712476
194,92195,2.0,4,0,0,0,cloud_0,cloud_0,0,1,1,0,16.009370195381603,16.009370195381603,0.0,0,61.50398531076958,61.50398531076958,0.0,0.0,0.0,0.0,0.023434784422712476
194,92195,4.0,4,0,0,0,cloud_0,cloud_0,0,1,1,0,16.009370195381603,16.009370195381603,0.0,0,61.50398531076958,61.50398531076958,0.0,0.0,0.0,0.0,0.023434784422712476
194,92195,8.0,4,0,0,0,cloud_0,cloud_0,0,1,1,0,16.009370195381603,16.009370195381603,0.0,0,61.50398531076958,61.50398531076958,0.0,0.0,0.0,0.0,0.023434784422712476
195,92196,0.0,4,0,0,0,cloud_0,cloud_0,0,1,1,0,13.93297325981233,13.93297325981233,0.0,0,32.16658101935296,32.16658101935296,0.0,0.0,0.0,0.0,0.02829778656796102
195,92196,0.25,4,0,0,0,cloud_0,cloud_0,0,1,1,0,13.93297325981233,13.93297325981233,0.0,0,32.16658101935296,32.16658101935296,0.0,0.0,0.0,0.0,0.02829778656796102
195,92196,0.5,4,0,0,0,cloud_0,cloud_0,0,1,1,0,13.93297325981233,13.93297325981233,0.0,0,32.16658101935296,32.16658101935296,0.0,0.0,0.0,0.0,0.02829778656796102
195,92196,1.0,4,0,0,0,cloud_0,cloud_0,0,1,1,0,13.93297325981233,13.93297325981233,0.0,0,32.16658101935296,32.16658101935296,0.0,0.0,0.0,0.0,0.02829778656796102
195,92196,2.0,4,0,0,0,cloud_0,cloud_0,0,1,1,0,13.93297325981233,13.93297325981233,0.0,0,32.16658101935296,32.16658101935296,0.0,0.0,0.0,0.0,0.02829778656796102
195,92196,4.0,4,0,0,0,cloud_0,cloud_0,0,1,1,0,13.93297325981233,13.93297325981233,0.0,0,32.16658101935296,32.16658101935296,0.0,0.0,0.0,0.0,0.02829778656796102
195,92196,8.0,4,0,0,0,cloud_0,cloud_0,0,1,1,0,13.93297325981233,13.93297325981233,0.0,0,32.16658101935296,32.16658101935296,0.0,0.0,0.0,0.0,0.02829778656796102
196,92197,0.0,8,0,0,0,cloud_0,cloud_0,0,1,1,0,13.964464208283463,13.964464208283463,0.0,0,72.89351272995339,72.89351272995339,0.0,0.0,0.0,0.0,0.0928477834169033
196,92197,0.25,8,0,1,1,cloud_0,edge_3,1,1,1,0,13.964464208283463,2.259894967220802,11.70456924106266,1,72.89351272995339,89.8660691653488,16.97255643539542,0.0,0.0,0.0,0.0928477834169033
196,92197,0.5,8,0,1,1,cloud_0,edge_3,1,1,1,0,13.964464208283463,2.259894967220802,11.70456924106266,1,72.89351272995339,89.8660691653488,16.97255643539542,0.0,0.0,0.0,0.0928477834169033
196,92197,1.0,8,0,1,1,cloud_0,edge_3,1,1,1,0,13.964464208283463,2.259894967220802,11.70456924106266,1,72.89351272995339,89.8660691653488,16.97255643539542,0.0,0.0,0.0,0.0928477834169033
196,92197,2.0,8,0,1,1,cloud_0,edge_3,1,1,1,0,13.964464208283463,2.259894967220802,11.70456924106266,1,72.89351272995339,89.8660691653488,16.97255643539542,0.0,0.0,0.0,0.0928477834169033
196,92197,4.0,8,0,1,1,cloud_0,edge_3,1,1,1,0,13.964464208283463,2.259894967220802,11.70456924106266,1,72.89351272995339,89.8660691653488,16.97255643539542,0.0,0.0,0.0,0.0928477834169033
196,92197,8.0,8,0,1,1,cloud_0,edge_3,1,1,1,0,13.964464208283463,2.259894967220802,11.70456924106266,1,72.89351272995339,89.8660691653488,16.97255643539542,0.0,0.0,0.0,0.0928477834169033
197,92198,0.0,4,0,0,0,cloud_0,cloud_0,0,1,1,0,17.445862565200347,17.445862565200347,0.0,0,58.338672294196414,58.338672294196414,0.0,0.0,0.0,0.0,0.01661944330805587
197,92198,0.25,4,0,0,0,cloud_0,cloud_0,0,1,1,0,17.445862565200347,17.445862565200347,0.0,0,58.338672294196414,58.338672294196414,0.0,0.0,0.0,0.0,0.01661944330805587
197,92198,0.5,4,0,0,0,cloud_0,cloud_0,0,1,1,0,17.445862565200347,17.445862565200347,0.0,0,58.338672294196414,58.338672294196414,0.0,0.0,0.0,0.0,0.01661944330805587
197,92198,1.0,4,0,0,0,cloud_0,cloud_0,0,1,1,0,17.445862565200347,17.445862565200347,0.0,0,58.338672294196414,58.338672294196414,0.0,0.0,0.0,0.0,0.01661944330805587
197,92198,2.0,4,0,0,0,cloud_0,cloud_0,0,1,1,0,17.445862565200347,17.445862565200347,0.0,0,58.338672294196414,58.338672294196414,0.0,0.0,0.0,0.0,0.01661944330805587
197,92198,4.0,4,0,0,0,cloud_0,cloud_0,0,1,1,0,17.445862565200347,17.445862565200347,0.0,0,58.338672294196414,58.338672294196414,0.0,0.0,0.0,0.0,0.01661944330805587
197,92198,8.0,4,0,0,0,cloud_0,cloud_0,0,1,1,0,17.445862565200347,17.445862565200347,0.0,0,58.338672294196414,58.338672294196414,0.0,0.0,0.0,0.0,0.01661944330805587
198,92199,0.0,8,1,1,0,cloud_0,cloud_0,0,1,1,0,15.861335621451047,15.861335621451047,0.0,0,42.829090180608574,42.829090180608574,0.0,0.0,0.0,0.0,0.011516368423804732
198,92199,0.25,8,1,0,1,cloud_0,edge_5,1,1,1,0,15.861335621451047,2.9033039227320474,12.958031698719001,1,42.829090180608574,25.300664791073565,-17.52842538953501,0.0,0.0,0.0,0.011516368423804732
198,92199,0.5,8,1,0,1,cloud_0,edge_5,1,1,1,0,15.861335621451047,2.9033039227320474,12.958031698719001,1,42.829090180608574,25.300664791073565,-17.52842538953501,0.0,0.0,0.0,0.011516368423804732
198,92199,1.0,8,1,0,1,cloud_0,edge_5,1,1,1,0,15.861335621451047,2.9033039227320474,12.958031698719001,1,42.829090180608574,25.300664791073565,-17.52842538953501,0.0,0.0,0.0,0.011516368423804732
198,92199,2.0,8,1,0,1,cloud_0,edge_5,1,1,1,0,15.861335621451047,2.9033039227320474,12.958031698719001,1,42.829090180608574,25.300664791073565,-17.52842538953501,0.0,0.0,0.0,0.011516368423804732
198,92199,4.0,8,1,0,1,cloud_0,edge_5,1,1,1,0,15.861335621451047,2.9033039227320474,12.958031698719001,1,42.829090180608574,25.300664791073565,-17.52842538953501,0.0,0.0,0.0,0.011516368423804732
198,92199,8.0,8,1,0,1,cloud_0,edge_5,1,1,1,0,15.861335621451047,2.9033039227320474,12.958031698719001,1,42.829090180608574,25.300664791073565,-17.52842538953501,0.0,0.0,0.0,0.011516368423804732
199,92200,0.0,8,1,1,0,cloud_0,cloud_0,0,1,1,0,14.29589086784748,14.29589086784748,0.0,0,56.25033382113958,56.25033382113958,0.0,0.0,0.0,0.0,0.014372178121428918
199,92200,0.25,8,1,0,1,cloud_0,edge_0,1,1,1,0,14.29589086784748,0.05572696380346238,14.240163904044017,1,56.25033382113958,22.713025556171054,-33.53730826496852,0.0,0.0,0.0,0.014372178121428918
199,92200,0.5,8,1,0,1,cloud_0,edge_0,1,1,1,0,14.29589086784748,0.05572696380346238,14.240163904044017,1,56.25033382113958,22.713025556171054,-33.53730826496852,0.0,0.0,0.0,0.014372178121428918
199,92200,1.0,8,1,0,1,cloud_0,edge_0,1,1,1,0,14.29589086784748,0.05572696380346238,14.240163904044017,1,56.25033382113958,22.713025556171054,-33.53730826496852,0.0,0.0,0.0,0.014372178121428918
199,92200,2.0,8,1,0,1,cloud_0,edge_0,1,1,1,0,14.29589086784748,0.05572696380346238,14.240163904044017,1,56.25033382113958,22.713025556171054,-33.53730826496852,0.0,0.0,0.0,0.014372178121428918
199,92200,4.0,8,1,0,1,cloud_0,edge_0,1,1,1,0,14.29589086784748,0.05572696380346238,14.240163904044017,1,56.25033382113958,22.713025556171054,-33.53730826496852,0.0,0.0,0.0,0.014372178121428918
199,92200,8.0,8,1,0,1,cloud_0,edge_0,1,1,1,0,14.29589086784748,0.05572696380346238,14.240163904044017,1,56.25033382113958,22.713025556171054,-33.53730826496852,0.0,0.0,0.0,0.014372178121428918
