episode_seed,request_id,handover_index,runtime_policy,lead_ms,prefetch_planner_ms,reactive_planner_ms,blocking_planner_ms,predicted_lead_ms,eta_relative_error,eta_error_bound,prediction_correct,had_prefetch_plan,accepted_prefetch,base_migration_ms,hidden_migration_ms,prefetched_mb,useful_prefetch_mb,wasted_prefetch_mb,wrong_anchor_waste_mb,residual_base_ms,delta_sync_ms,delta_tokens,changed_blocks
20007,r0004,0,reactive,2444.00987758916,0.0,60.009869,60.009869,2017.8182929937882,-0.17438210397732906,0.2,0,0,0,0.0,0.0,0.0,0.0,0.0,0.0,0.0,0.0,0,0
20007,r0000,0,reactive,1198.6422021300523,0.0,59.035571,59.035571,1360.08806706347,0.13469062297866657,0.2,1,0,0,0.0,0.0,0.0,0.0,0.0,0.0,0.0,0.0,0,0
20007,r0019,0,reactive,7120.9670027751745,0.0,60.040188,60.040188,5981.067657140301,-0.16007648191469404,0.2,1,0,0,0.0,0.0,0.0,0.0,0.0,0.0,0.0,0.0,0,0
20007,r0002,0,reactive,391.16501878674535,0.0,60.103166,60.103166,465.53669460841337,0.19012864711763455,0.2,0,0,0,0.0,0.0,0.0,0.0,0.0,0.0,0.0,0.0,0,0
20007,r0021,0,reactive,382.5064692987289,0.0,60.816886,60.816886,352.3558529506727,-0.07882380761646478,0.2,0,0,0,0.0,0.0,0.0,0.0,0.0,0.0,0.0,0.0,0,0
20007,r0021,1,reactive,6003.761737899957,0.0,60.058308,60.058308,7157.823240987452,0.19222306838098668,0.2,1,0,0,0.0,0.0,0.0,0.0,0.0,0.0,0.0,0.0,0,0
20007,r0012,0,reactive,3918.3392733011497,0.0,59.64256,59.64256,3987.500482910692,0.01765064349603271,0.2,0,0,0,0.0,0.0,0.0,0.0,0.0,0.0,0.0,0.0,0,0
20008,r0007,0,reactive,2184.5906656332754,0.0,61.586277,61.586277,1897.8636943487002,-0.13124974659793215,0.2,1,0,0,0.0,0.0,0.0,0.0,0.0,0.0,0.0,0.0,0,0
20008,r0000,0,reactive,4877.799604314538,0.0,61.572404,61.572404,4504.872209615069,-0.07645402127008359,0.2,1,0,0,0.0,0.0,0.0,0.0,0.0,0.0,0.0,0.0,0,0
20008,r0005,0,reactive,0.0,0.0,61.717053,61.717053,0.0,0.17349793046285877,0.2,1,0,0,0.0,0.0,0.0,0.0,0.0,0.0,0.0,0.0,0,0
20008,r0005,1,reactive,1954.0888229126376,0.0,61.322279,61.322279,1872.4310058902581,-0.04178818079552077,0.2,0,0,0,0.0,0.0,0.0,0.0,0.0,0.0,0.0,0.0,0,0
20008,r0023,0,reactive,333.05320795660555,0.0,61.227424,61.227424,295.59490567884455,-0.11246942345212761,0.2,1,0,0,0.0,0.0,0.0,0.0,0.0,0.0,0.0,0.0,0,0
20008,r0014,0,reactive,2748.7818609672486,0.0,61.853722,61.853722,3100.5116320380494,0.12795841534949337,0.2,1,0,0,0.0,0.0,0.0,0.0,0.0,0.0,0.0,0.0,0,0
20008,r0013,0,reactive,0.0,0.0,61.674987,61.674987,0.0,0.07685796536272183,0.2,1,0,0,0.0,0.0,0.0,0.0,0.0,0.0,0.0,0.0,0,0
20008,r0021,0,reactive,0.0,0.0,61.71462,61.71462,0.0,-0.06850582211156639,0.2,1,0,0,0.0,0.0,0.0,0.0,0.0,0.0,0.0,0.0,0,0
20008,r0017,0,reactive,0.0,0.0,61.209301,61.209301,0.0,0.19009236501371812,0.2,1,0,0,0.0,0.0,0.0,0.0,0.0,0.0,0.0,0.0,0,0
20008,r0004,0,reactive,0.0,0.0,60.922964,60.922964,0.0,-0.14848949480950255,0.2,1,0,0,0.0,0.0,0.0,0.0,0.0,0.0,0.0,0.0,0,0
20009,r0005,0,reactive,4790.8847234872665,0.0,63.626604,63.626604,5193.130927380651,0.08396073525237957,0.2,1,0,0,0.0,0.0,0.0,0.0,0.0,0.0,0.0,0.0,0,0
20009,r0007,0,reactive,771.6471100443687,0.0,63.253643,63.253643,735.2555521491597,-0.04716088147225289,0.2,1,0,0,0.0,0.0,0.0,0.0,0.0,0.0,0.0,0.0,0,0
20009,r0017,0,reactive,637.1147977992732,0.0,63.801746,63.801746,725.5953102755748,0.13887687553629519,0.2,1,0,0,0.0,0.0,0.0,0.0,0.0,0.0,0.0,0.0,0,0
20009,r0017,1,reactive,7283.9924131790485,0.0,62.827554,62.827554,5863.587474890941,-0.19500362681846642,0.2,0,0,0,0.0,0.0,0.0,0.0,0.0,0.0,0.0,0.0,0,0
20009,r0020,0,reactive,578.1434094536526,0.0,62.857168,62.857168,620.8036107807442,0.073788268843894,0.2,1,0,0,0.0,0.0,0.0,0.0,0.0,0.0,0.0,0.0,0,0
20009,r0019,0,reactive,0.0,0.0,63.150058,63.150058,0.0,0.12385384673663474,0.2,1,0,0,0.0,0.0,0.0,0.0,0.0,0.0,0.0,0.0,0,0
20009,r0014,0,reactive,54.814056181141495,0.0,63.142187,63.142187,63.98017220208522,0.16722199850806296,0.2,0,0,0,0.0,0.0,0.0,0.0,0.0,0.0,0.0,0.0,0,0
20009,r0015,0,reactive,1195.6770143922804,0.0,63.255139,63.255139,1113.3061301287228,-0.06889058104493526,0.2,1,0,0,0.0,0.0,0.0,0.0,0.0,0.0,0.0,0.0,0,0
20009,r0008,0,reactive,5219.074263121791,0.0,63.881407,63.881407,5071.854280930166,-0.028208064259956422,0.2,1,0,0,0.0,0.0,0.0,0.0,0.0,0.0,0.0,0.0,0,0
20010,r0005,0,reactive,2623.100525276028,0.0,63.734917,63.734917,2941.726125277076,0.12146907712106048,0.2,0,0,0,0.0,0.0,0.0,0.0,0.0,0.0,0.0,0.0,0,0
20010,r0005,1,reactive,8583.672686410313,0.0,62.965642,62.965642,8778.034816150592,0.022643236390874122,0.2,1,0,0,0.0,0.0,0.0,0.0,0.0,0.0,0.0,0.0,0,0
20010,r0021,0,reactive,7151.316301857785,0.0,63.501929,63.501929,7374.483803334529,0.031206492910790196,0.2,1,0,0,0.0,0.0,0.0,0.0,0.0,0.0,0.0,0.0,0,0
20010,r0002,0,reactive,2326.4402438824673,0.0,63.589831,63.589831,2018.652049811326,-0.1323000643925806,0.2,1,0,0,0.0,0.0,0.0,0.0,0.0,0.0,0.0,0.0,0,0
20010,r0002,1,reactive,3073.063739602745,0.0,63.259426,63.259426,3065.6496121590876,-0.0024126175282702944,0.2,1,0,0,0.0,0.0,0.0,0.0,0.0,0.0,0.0,0.0,0,0
20010,r0001,0,reactive,0.0,0.0,63.475287,63.475287,0.0,-0.023804265060425156,0.2,1,0,0,0.0,0.0,0.0,0.0,0.0,0.0,0.0,0.0,0,0
20010,r0001,1,reactive,4046.2952687113066,0.0,63.339816,63.339816,4642.8675796067655,0.14743667262954335,0.2,1,0,0,0.0,0.0,0.0,0.0,0.0,0.0,0.0,0.0,0,0
20010,r0006,0,reactive,3983.492481582485,0.0,63.436594,63.436594,3722.034649829385,-0.06563532703072489,0.2,1,0,0,0.0,0.0,0.0,0.0,0.0,0.0,0.0,0.0,0,0
20010,r0006,1,reactive,4822.312095387493,0.0,62.985182,62.985182,4209.773267702107,-0.1270218135137448,0.2,1,0,0,0.0,0.0,0.0,0.0,0.0,0.0,0.0,0.0,0,0
20010,r0009,0,reactive,4899.994464909287,0.0,63.448671,63.448671,4991.457365393818,0.018665919143283055,0.2,1,0,0,0.0,0.0,0.0,0.0,0.0,0.0,0.0,0.0,0,0
20010,r0012,0,reactive,154.7260324833478,0.0,63.52532,63.52532,124.75822161376726,-0.1936830563583785,0.2,1,0,0,0.0,0.0,0.0,0.0,0.0,0.0,0.0,0.0,0,0
20010,r0012,1,reactive,9696.259298285178,0.0,63.311398,63.311398,8815.941510439256,-0.09078942309243013,0.2,1,0,0,0.0,0.0,0.0,0.0,0.0,0.0,0.0,0.0,0,0
20010,r0013,0,reactive,0.0,0.0,63.376252,63.376252,0.0,-0.04034930427486691,0.2,0,0,0,0.0,0.0,0.0,0.0,0.0,0.0,0.0,0.0,0,0
20010,r0013,1,reactive,7094.6601952679775,0.0,63.235699,63.235699,5725.767305545229,-0.19294692797771737,0.2,1,0,0,0.0,0.0,0.0,0.0,0.0,0.0,0.0,0.0,0,0
20011,r0004,0,reactive,2094.9912845948197,0.0,61.506058,61.506058,2299.164724487557,0.09745789464333032,0.2,1,0,0,0.0,0.0,0.0,0.0,0.0,0.0,0.0,0.0,0,0
20011,r0004,1,reactive,3782.080351692358,0.0,60.640287,60.640287,4259.590148782773,0.12625585727620642,0.2,0,0,0,0.0,0.0,0.0,0.0,0.0,0.0,0.0,0.0,0,0
20011,r0021,0,reactive,0.0,0.0,62.397555,62.397555,0.0,-0.01015717263654764,0.2,1,0,0,0.0,0.0,0.0,0.0,0.0,0.0,0.0,0.0,0,0
20011,r0021,1,reactive,8268.872901288132,0.0,61.622166,61.622166,8075.704653125457,-0.02336089216374143,0.2,1,0,0,0.0,0.0,0.0,0.0,0.0,0.0,0.0,0.0,0,0
20011,r0000,0,reactive,2136.1381608162756,0.0,61.203201,61.203201,1809.5963290490988,-0.1528655017531246,0.2,1,0,0,0.0,0.0,0.0,0.0,0.0,0.0,0.0,0.0,0,0
20011,r0013,0,reactive,205.84483994282346,0.0,61.710581,61.710581,176.93208060936328,-0.14045899494731626,0.2,1,0,0,0.0,0.0,0.0,0.0,0.0,0.0,0.0,0.0,0,0
20011,r0013,1,reactive,9214.34294146806,0.0,61.688376,61.688376,7938.4890568590135,-0.1384639027127173,0.2,1,0,0,0.0,0.0,0.0,0.0,0.0,0.0,0.0,0.0,0,0
20011,r0008,0,reactive,7659.321834251366,0.0,61.024361,61.024361,7909.462407289091,0.03265831864110108,0.2,1,0,0,0.0,0.0,0.0,0.0,0.0,0.0,0.0,0.0,0,0
20011,r0015,0,reactive,0.0,0.0,61.328733,61.328733,0.0,0.12457843992571388,0.2,0,0,0,0.0,0.0,0.0,0.0,0.0,0.0,0.0,0.0,0,0
20011,r0023,0,reactive,0.0,0.0,61.323248,61.323248,0.0,-0.025851138068070018,0.2,1,0,0,0.0,0.0,0.0,0.0,0.0,0.0,0.0,0.0,0,0
20011,r0005,0,reactive,4602.132451883979,0.0,62.013078,62.013078,3975.450914367535,-0.1361719907170206,0.2,1,0,0,0.0,0.0,0.0,0.0,0.0,0.0,0.0,0.0,0,0
20012,r0015,0,reactive,0.0,0.0,43.910305,43.910305,0.0,-0.06907753786016899,0.2,1,0,0,0.0,0.0,0.0,0.0,0.0,0.0,0.0,0.0,0,0
20012,r0007,0,reactive,0.0,0.0,43.861953,43.861953,0.0,-0.1140495798882145,0.2,0,0,0,0.0,0.0,0.0,0.0,0.0,0.0,0.0,0.0,0,0
20012,r0007,1,reactive,3417.14088733021,0.0,63.966364,63.966364,3499.1685840118585,0.024004774572152915,0.2,1,0,0,0.0,0.0,0.0,0.0,0.0,0.0,0.0,0.0,0,0
20012,r0009,0,reactive,0.0,0.0,44.379984,44.379984,0.0,-0.11554082516188027,0.2,1,0,0,0.0,0.0,0.0,0.0,0.0,0.0,0.0,0.0,0,0
20012,r0005,0,reactive,6890.726248390416,0.0,43.940902,43.940902,8226.885087870638,0.19390682365190925,0.2,1,0,0,0.0,0.0,0.0,0.0,0.0,0.0,0.0,0.0,0,0
20012,r0002,0,reactive,428.60250648583315,0.0,43.448106,43.448106,457.8341799481484,0.0682022923803911,0.2,1,0,0,0.0,0.0,0.0,0.0,0.0,0.0,0.0,0.0,0,0
20012,r0013,0,reactive,0.0,0.0,44.22029,44.22029,0.0,0.07736289154136189,0.2,1,0,0,0.0,0.0,0.0,0.0,0.0,0.0,0.0,0.0,0,0
20012,r0013,1,reactive,1165.1534854457132,0.0,43.144219,43.144219,1054.0958388190954,-0.09531589444126674,0.2,1,0,0,0.0,0.0,0.0,0.0,0.0,0.0,0.0,0.0,0,0
20012,r0014,0,reactive,1967.8126251177346,0.0,43.97363,43.97363,1819.8570849302173,-0.07518781935788482,0.2,1,0,0,0.0,0.0,0.0,0.0,0.0,0.0,0.0,0.0,0,0
20012,r0014,1,reactive,1891.6817548193721,0.0,63.963274,63.963274,1985.0524190634976,0.0493585477611381,0.2,0,0,0,0.0,0.0,0.0,0.0,0.0,0.0,0.0,0.0,0,0
20012,r0010,0,reactive,0.0,0.0,43.590128,43.590128,0.0,0.06924845413763914,0.2,0,0,0,0.0,0.0,0.0,0.0,0.0,0.0,0.0,0.0,0,0
20013,r0006,0,reactive,3807.039471075053,0.0,67.90771,67.90771,4099.419166176489,0.07679975406687128,0.2,0,0,0,0.0,0.0,0.0,0.0,0.0,0.0,0.0,0.0,0,0
20013,r0002,0,reactive,787.1637727460584,0.0,68.646483,68.646483,658.6790948097645,-0.16322483628542625,0.2,1,0,0,0.0,0.0,0.0,0.0,0.0,0.0,0.0,0.0,0,0
20013,r0017,0,reactive,2765.8566028350797,0.0,68.266066,68.266066,2424.4186512068877,-0.12344745251008629,0.2,1,0,0,0.0,0.0,0.0,0.0,0.0,0.0,0.0,0.0,0,0
20013,r0020,0,reactive,1927.6225639405457,0.0,68.119467,68.119467,2275.3694712329016,0.18040196965814376,0.2,1,0,0,0.0,0.0,0.0,0.0,0.0,0.0,0.0,0.0,0,0
20013,r0023,0,reactive,760.6766467424095,0.0,67.835799,67.835799,894.2005416082571,0.17553305394304192,0.2,1,0,0,0.0,0.0,0.0,0.0,0.0,0.0,0.0,0.0,0,0
20013,r0016,0,reactive,1021.6409494005347,0.0,67.535663,67.535663,863.329439822257,-0.15495806982988475,0.2,1,0,0,0.0,0.0,0.0,0.0,0.0,0.0,0.0,0.0,0,0
20013,r0014,0,reactive,103.37759104867655,0.0,68.084305,68.084305,106.3196862317366,0.028459699565592717,0.2,1,0,0,0.0,0.0,0.0,0.0,0.0,0.0,0.0,0.0,0,0
20013,r0014,1,reactive,9356.170624499882,0.0,68.081531,68.081531,9175.242109274372,-0.01933788111470891,0.2,1,0,0,0.0,0.0,0.0,0.0,0.0,0.0,0.0,0.0,0,0
20013,r0007,0,reactive,0.0,0.0,67.325267,67.325267,0.0,-0.05832188500918206,0.2,1,0,0,0.0,0.0,0.0,0.0,0.0,0.0,0.0,0.0,0,0
20014,r0023,0,reactive,8033.333498555587,0.0,43.824364,43.824364,6982.195414486051,-0.13084706171585353,0.2,1,0,0,0.0,0.0,0.0,0.0,0.0,0.0,0.0,0.0,0,0
20014,r0004,0,reactive,3780.7314894615665,0.0,44.472279,44.472279,3882.0869106287196,0.026808415633237048,0.2,1,0,0,0.0,0.0,0.0,0.0,0.0,0.0,0.0,0.0,0,0
20014,r0011,0,reactive,0.0,0.0,43.892392,43.892392,0.0,0.06952214706627091,0.2,1,0,0,0.0,0.0,0.0,0.0,0.0,0.0,0.0,0.0,0,0
20014,r0008,0,reactive,0.0,0.0,44.074872,44.074872,0.0,-0.05853045650899233,0.2,1,0,0,0.0,0.0,0.0,0.0,0.0,0.0,0.0,0.0,0,0
20014,r0001,0,reactive,2005.3570377273827,0.0,43.92331,43.92331,1723.0509434431103,-0.14077597603477257,0.2,0,0,0,0.0,0.0,0.0,0.0,0.0,0.0,0.0,0.0,0,0
20014,r0000,0,reactive,5235.836193066334,0.0,43.920192,43.920192,4313.039412459032,-0.17624630461688906,0.2,1,0,0,0.0,0.0,0.0,0.0,0.0,0.0,0.0,0.0,0,0
20014,r0019,0,reactive,891.472239574894,0.0,44.179354,44.179354,921.6555407125794,0.03385781384743791,0.2,1,0,0,0.0,0.0,0.0,0.0,0.0,0.0,0.0,0.0,0,0
20014,r0012,0,reactive,1475.0097958172046,0.0,43.855238,43.855238,1257.593008181404,-0.14740023303733008,0.2,1,0,0,0.0,0.0,0.0,0.0,0.0,0.0,0.0,0.0,0,0
20014,r0022,0,reactive,2671.95438215552,0.0,44.056413,44.056413,2659.8028844368678,-0.004547793854492804,0.2,1,0,0,0.0,0.0,0.0,0.0,0.0,0.0,0.0,0.0,0,0
20014,r0015,0,reactive,0.0,0.0,44.315768,44.315768,0.0,0.16322912931208633,0.2,0,0,0,0.0,0.0,0.0,0.0,0.0,0.0,0.0,0.0,0,0
20014,r0015,1,reactive,1783.7198088574369,0.0,70.027972,70.027972,1603.4763177253583,-0.10104921761648976,0.2,1,0,0,0.0,0.0,0.0,0.0,0.0,0.0,0.0,0.0,0,0
20014,r0006,0,reactive,720.6307112945433,0.0,44.126975,44.126975,801.3769858757597,0.11204944962193392,0.2,1,0,0,0.0,0.0,0.0,0.0,0.0,0.0,0.0,0.0,0,0
20015,r0001,0,reactive,1818.1968261065635,0.0,64.166721,64.166721,1732.1808058042325,-0.04730842066561261,0.2,1,0,0,0.0,0.0,0.0,0.0,0.0,0.0,0.0,0.0,0,0
20015,r0001,1,reactive,4623.3482945080195,0.0,63.331461,63.331461,4496.87718030541,-0.02735487489723462,0.2,1,0,0,0.0,0.0,0.0,0.0,0.0,0.0,0.0,0.0,0,0
20015,r0013,0,reactive,153.06258091546442,0.0,63.683159,63.683159,129.8609763613284,-0.1515824730993537,0.2,1,0,0,0.0,0.0,0.0,0.0,0.0,0.0,0.0,0.0,0,0
20015,r0010,0,reactive,6647.610621599477,0.0,63.288636,63.288636,7141.52111055211,0.07429894996373809,0.2,0,0,0,0.0,0.0,0.0,0.0,0.0,0.0,0.0,0.0,0,0
20015,r0008,0,reactive,3901.9740058130265,0.0,63.900863,63.900863,3568.133899339108,-0.08555672230941945,0.2,1,0,0,0.0,0.0,0.0,0.0,0.0,0.0,0.0,0.0,0,0
20015,r0008,1,reactive,4619.064694835724,0.0,63.43009,63.43009,4114.040791377848,-0.10933466769203526,0.2,1,0,0,0.0,0.0,0.0,0.0,0.0,0.0,0.0,0.0,0,0
20015,r0016,0,reactive,605.4095606894552,0.0,63.548287,63.548287,544.4892167120614,-0.10062666322615771,0.2,1,0,0,0.0,0.0,0.0,0.0,0.0,0.0,0.0,0.0,0,0
20016,r0007,0,reactive,815.7664072119132,0.0,69.17139,69.17139,849.7875893251911,0.04170456372376713,0.2,1,0,0,0.0,0.0,0.0,0.0,0.0,0.0,0.0,0.0,0,0
20016,r0002,0,reactive,0.0,0.0,69.309117,69.309117,0.0,0.16834325035877878,0.2,1,0,0,0.0,0.0,0.0,0.0,0.0,0.0,0.0,0.0,0,0
20016,r0002,1,reactive,7819.439906877615,0.0,68.693364,68.693364,6736.174377639507,-0.13853492604826056,0.2,1,0,0,0.0,0.0,0.0,0.0,0.0,0.0,0.0,0.0,0,0
20016,r0019,0,reactive,1705.6792282444985,0.0,69.427474,69.427474,1637.7664843175648,-0.03981565982768637,0.2,1,0,0,0.0,0.0,0.0,0.0,0.0,0.0,0.0,0.0,0,0
20016,r0019,1,reactive,4565.36141443258,0.0,68.908956,68.908956,5413.9159758612195,0.18586799256376157,0.2,1,0,0,0.0,0.0,0.0,0.0,0.0,0.0,0.0,0.0,0,0
20016,r0004,0,reactive,5692.730767341065,0.0,68.62156,68.62156,5616.050670480583,-0.013469826695545223,0.2,1,0,0,0.0,0.0,0.0,0.0,0.0,0.0,0.0,0.0,0,0
20016,r0017,0,reactive,7849.5118462860955,0.0,69.011538,69.011538,8462.687641668455,0.07811642397513885,0.2,1,0,0,0.0,0.0,0.0,0.0,0.0,0.0,0.0,0.0,0,0
20016,r0023,0,reactive,0.0,0.0,69.21987,69.21987,0.0,0.16769917807014567,0.2,0,0,0,0.0,0.0,0.0,0.0,0.0,0.0,0.0,0.0,0,0
20016,r0020,0,reactive,0.0,0.0,68.675774,68.675774,0.0,0.07003845501378014,0.2,1,0,0,0.0,0.0,0.0,0.0,0.0,0.0,0.0,0.0,0,0
20017,r0020,0,reactive,4018.6741981259947,0.0,67.640536,67.640536,3819.851756097904,-0.04947463571961283,0.2,0,0,0,0.0,0.0,0.0,0.0,0.0,0.0,0.0,0.0,0,0
20017,r0010,0,reactive,392.9252508081263,0.0,68.069679,68.069679,339.5579349097624,-0.13582053021179913,0.2,1,0,0,0.0,0.0,0.0,0.0,0.0,0.0,0.0,0.0,0,0
20017,r0010,1,reactive,2951.2743743398896,0.0,67.87325,67.87325,2919.548001450524,-0.010750058742492019,0.2,1,0,0,0.0,0.0,0.0,0.0,0.0,0.0,0.0,0.0,0,0
20017,r0012,0,reactive,147.89626441971996,0.0,68.24738,68.24738,159.61886149009436,0.07926229317805111,0.2,1,0,0,0.0,0.0,0.0,0.0,0.0,0.0,0.0,0.0,0,0
20017,r0012,1,reactive,7196.7636945984195,0.0,141.999332,141.999332,8348.63176317377,0.1600536181895053,0.2,0,0,0,0.0,0.0,0.0,0.0,0.0,0.0,0.0,0.0,0,0
20017,r0001,0,reactive,6638.014897230212,0.0,68.350391,68.350391,7270.3703448884025,0.09526273403243612,0.2,1,0,0,0.0,0.0,0.0,0.0,0.0,0.0,0.0,0.0,0,0
20017,r0023,0,reactive,1244.911841625064,0.0,68.112772,68.112772,1338.0576020029546,0.07482116987199772,0.2,0,0,0,0.0,0.0,0.0,0.0,0.0,0.0,0.0,0.0,0,0
20017,r0023,1,reactive,5356.475137869122,0.0,67.759488,67.759488,6109.047395899178,0.14049766659225815,0.2,1,0,0,0.0,0.0,0.0,0.0,0.0,0.0,0.0,0.0,0,0
20017,r0003,0,reactive,4952.24330079167,0.0,67.763517,67.763517,4768.5757461519925,-0.037087748618957306,0.2,1,0,0,0.0,0.0,0.0,0.0,0.0,0.0,0.0,0.0,0,0
20018,r0017,0,reactive,5358.803136574814,0.0,58.414246,58.414246,5050.838122189859,-0.057468991962596444,0.2,1,0,0,0.0,0.0,0.0,0.0,0.0,0.0,0.0,0.0,0,0
20018,r0021,0,reactive,0.0,0.0,58.446885,58.446885,0.0,-0.18720754734177017,0.2,1,0,0,0.0,0.0,0.0,0.0,0.0,0.0,0.0,0.0,0,0
20018,r0002,0,reactive,3266.7144553598373,0.0,57.802298,57.802298,2624.3231527375865,-0.19664752196760032,0.2,0,0,0,0.0,0.0,0.0,0.0,0.0,0.0,0.0,0.0,0,0
20018,r0002,1,reactive,3487.9431534068535,0.0,57.693275,57.693275,4064.772829572377,0.16537817584615855,0.2,1,0,0,0.0,0.0,0.0,0.0,0.0,0.0,0.0,0.0,0,0
20018,r0014,0,reactive,0.0,0.0,57.959825,57.959825,0.0,0.060626685519762524,0.2,1,0,0,0.0,0.0,0.0,0.0,0.0,0.0,0.0,0.0,0,0
20018,r0010,0,reactive,253.43677400126762,0.0,57.953705,57.953705,248.9850063354964,-0.017565594745729107,0.2,1,0,0,0.0,0.0,0.0,0.0,0.0,0.0,0.0,0.0,0,0
20018,r0010,1,reactive,5575.824901587737,0.0,58.203631,58.203631,5682.332050714658,0.019101595011814826,0.2,1,0,0,0.0,0.0,0.0,0.0,0.0,0.0,0.0,0.0,0,0
20018,r0006,0,reactive,0.0,0.0,58.33731,58.33731,0.0,-0.03398670468385817,0.2,0,0,0,0.0,0.0,0.0,0.0,0.0,0.0,0.0,0.0,0,0
20018,r0006,1,reactive,2207.8838508250956,0.0,58.052846,58.052846,1820.4849047617445,-0.17546165117271842,0.2,1,0,0,0.0,0.0,0.0,0.0,0.0,0.0,0.0,0.0,0,0
20019,r0023,0,reactive,1739.7133880063993,0.0,63.496439,63.496439,1430.6829135539142,-0.17763298057194032,0.2,0,0,0,0.0,0.0,0.0,0.0,0.0,0.0,0.0,0.0,0,0
20019,r0023,1,reactive,3928.9917847872057,0.0,63.266096,63.266096,4461.96489328218,0.1356513674980464,0.2,1,0,0,0.0,0.0,0.0,0.0,0.0,0.0,0.0,0.0,0,0
20019,r0005,0,reactive,0.0,0.0,63.628519,63.628519,0.0,-0.19114967301492697,0.2,1,0,0,0.0,0.0,0.0,0.0,0.0,0.0,0.0,0.0,0,0
20019,r0022,0,reactive,5927.652587622371,0.0,64.04284,64.04284,5407.721838370621,-0.08771275670531474,0.2,1,0,0,0.0,0.0,0.0,0.0,0.0,0.0,0.0,0.0,0,0
20019,r0022,1,reactive,3596.05106832779,0.0,63.639757,63.639757,2918.058243166825,-0.18853815262313287,0.2,1,0,0,0.0,0.0,0.0,0.0,0.0,0.0,0.0,0.0,0,0
20019,r0009,0,reactive,0.0,0.0,63.412577,63.412577,0.0,0.08152198801262617,0.2,1,0,0,0.0,0.0,0.0,0.0,0.0,0.0,0.0,0.0,0,0
20019,r0009,1,reactive,5978.98555883197,0.0,63.667902,63.667902,4958.3998842860165,-0.17069545736540134,0.2,1,0,0,0.0,0.0,0.0,0.0,0.0,0.0,0.0,0.0,0,0
20019,r0009,2,reactive,6572.32763112762,0.0,63.393291,63.393291,6215.080914276789,-0.054356194167626715,0.2,1,0,0,0.0,0.0,0.0,0.0,0.0,0.0,0.0,0.0,0,0
20019,r0003,0,reactive,0.0,0.0,63.615213,63.615213,0.0,-0.11825549132057547,0.2,0,0,0,0.0,0.0,0.0,0.0,0.0,0.0,0.0,0.0,0,0
20020,r0008,0,reactive,1414.9534947296079,0.0,64.142124,64.142124,1686.3640274440345,0.19181586795988081,0.2,1,0,0,0.0,0.0,0.0,0.0,0.0,0.0,0.0,0.0,0,0
20020,r0008,1,reactive,5979.382239837851,0.0,64.216965,64.216965,5487.311529194517,-0.08229457340340192,0.2,0,0,0,0.0,0.0,0.0,0.0,0.0,0.0,0.0,0.0,0,0
20020,r0007,0,reactive,188.75306289747095,0.0,65.436869,65.436869,209.11016807536032,0.10785046274426374,0.2,0,0,0,0.0,0.0,0.0,0.0,0.0,0.0,0.0,0.0,0,0
20020,r0007,1,reactive,6396.742754124705,0.0,64.56556,64.56556,5725.4124963779705,-0.10494876588774066,0.2,0,0,0,0.0,0.0,0.0,0.0,0.0,0.0,0.0,0.0,0,0
20020,r0017,0,reactive,2713.972505002246,0.0,64.275805,64.275805,3219.2583591323696,0.1861794300416854,0.2,1,0,0,0.0,0.0,0.0,0.0,0.0,0.0,0.0,0.0,0,0
20020,r0017,1,reactive,3151.586218995395,0.0,64.690224,64.690224,3622.6112281120345,0.14945648837961473,0.2,1,0,0,0.0,0.0,0.0,0.0,0.0,0.0,0.0,0.0,0,0
20020,r0013,0,reactive,1957.7777245668913,0.0,64.649885,64.649885,2013.4919630407514,0.028457897837296964,0.2,1,0,0,0.0,0.0,0.0,0.0,0.0,0.0,0.0,0.0,0,0
20020,r0011,0,reactive,7113.624065668784,0.0,65.132561,65.132561,5866.652369599266,-0.17529344881852205,0.2,1,0,0,0.0,0.0,0.0,0.0,0.0,0.0,0.0,0.0,0,0
20020,r0004,0,reactive,0.0,0.0,64.363255,64.363255,0.0,-0.03243286274418572,0.2,0,0,0,0.0,0.0,0.0,0.0,0.0,0.0,0.0,0.0,0,0
20021,r0007,0,reactive,8131.69214896451,0.0,59.837002,59.837002,7547.0313398525695,-0.07189903385439794,0.2,1,0,0,0.0,0.0,0.0,0.0,0.0,0.0,0.0,0.0,0,0
20021,r0021,0,reactive,3938.931380042566,0.0,60.433165,60.433165,3385.6704388694397,-0.14045965460996365,0.2,1,0,0,0.0,0.0,0.0,0.0,0.0,0.0,0.0,0.0,0,0
20021,r0002,0,reactive,2212.229986324135,0.0,60.561556,60.561556,2094.6253630158053,-0.05316111979104973,0.2,1,0,0,0.0,0.0,0.0,0.0,0.0,0.0,0.0,0.0,0,0
20021,r0002,1,reactive,5977.731398098782,0.0,59.908627,59.908627,6576.067343100253,0.10009415029784907,0.2,1,0,0,0.0,0.0,0.0,0.0,0.0,0.0,0.0,0.0,0,0
20021,r0022,0,reactive,388.61482664336654,0.0,60.261193,60.261193,415.1349692328562,0.06824274518436552,0.2,1,0,0,0.0,0.0,0.0,0.0,0.0,0.0,0.0,0.0,0,0
20021,r0022,1,reactive,3377.3395523831787,0.0,51.770738,51.770738,2875.80980451243,-0.1484984675339648,0.2,1,0,0,0.0,0.0,0.0,0.0,0.0,0.0,0.0,0.0,0,0
20021,r0000,0,reactive,6964.448793265437,0.0,59.691947,59.691947,6955.63178587538,-0.0012660021850664227,0.2,1,0,0,0.0,0.0,0.0,0.0,0.0,0.0,0.0,0.0,0,0
20022,r0023,0,reactive,5106.43918213188,0.0,64.777394,64.777394,4809.877360321991,-0.05807605089033463,0.2,1,0,0,0.0,0.0,0.0,0.0,0.0,0.0,0.0,0.0,0,0
20022,r0001,0,reactive,4370.843322202312,0.0,64.886785,64.886785,4343.594650751055,-0.00623419085118973,0.2,0,0,0,0.0,0.0,0.0,0.0,0.0,0.0,0.0,0.0,0,0
20022,r0019,0,reactive,218.91911537668784,0.0,65.303822,65.303822,256.89782977647974,0.17348286071064678,0.2,1,0,0,0.0,0.0,0.0,0.0,0.0,0.0,0.0,0.0,0,0
20022,r0022,0,reactive,0.0,0.0,64.41159,64.41159,0.0,0.02102046083130782,0.2,0,0,0,0.0,0.0,0.0,0.0,0.0,0.0,0.0,0.0,0,0
20022,r0007,0,reactive,5240.357579897936,0.0,64.574412,64.574412,5930.394686005466,0.13167748490189257,0.2,1,0,0,0.0,0.0,0.0,0.0,0.0,0.0,0.0,0.0,0,0
20022,r0002,0,reactive,0.0,0.0,65.01496,65.01496,0.0,-0.05701172240949523,0.2,1,0,0,0.0,0.0,0.0,0.0,0.0,0.0,0.0,0.0,0,0
20022,r0009,0,reactive,3696.465328454564,0.0,66.154618,66.154618,3792.8824187568985,0.026083591143176127,0.2,1,0,0,0.0,0.0,0.0,0.0,0.0,0.0,0.0,0.0,0,0
20022,r0013,0,reactive,3037.2331127975413,0.0,65.393244,65.393244,2710.0347614016155,-0.10772908737800142,0.2,1,0,0,0.0,0.0,0.0,0.0,0.0,0.0,0.0,0.0,0,0
20022,r0006,0,reactive,0.0,0.0,64.623424,64.623424,0.0,0.0472017342751041,0.2,1,0,0,0.0,0.0,0.0,0.0,0.0,0.0,0.0,0.0,0,0
20022,r0006,1,reactive,3719.1808702787675,0.0,64.835786,64.835786,4385.991107483812,0.1792895426339038,0.2,1,0,0,0.0,0.0,0.0,0.0,0.0,0.0,0.0,0.0,0,0
20023,r0017,0,reactive,7739.176092322012,0.0,45.842121,45.842121,7844.267751982186,0.013579179282977666,0.2,1,0,0,0.0,0.0,0.0,0.0,0.0,0.0,0.0,0.0,0,0
20023,r0001,0,reactive,4788.589336292534,0.0,45.841275,45.841275,4933.837032298949,0.03033204265514855,0.2,0,0,0,0.0,0.0,0.0,0.0,0.0,0.0,0.0,0.0,0,0
20023,r0003,0,reactive,3545.0124233627503,0.0,45.489462,45.489462,4236.84585487804,0.195156842598319,0.2,1,0,0,0.0,0.0,0.0,0.0,0.0,0.0,0.0,0.0,0,0
20023,r0002,0,reactive,3737.8679418582615,0.0,45.514738,45.514738,3622.165273406009,-0.03095418839081071,0.2,1,0,0,0.0,0.0,0.0,0.0,0.0,0.0,0.0,0.0,0,0
20023,r0014,0,reactive,4181.80130934039,0.0,45.659372,45.659372,4555.929985907396,0.08946591406228716,0.2,1,0,0,0.0,0.0,0.0,0.0,0.0,0.0,0.0,0.0,0,0
20023,r0023,0,reactive,1565.9572883157343,0.0,46.118413,46.118413,1440.4100152554558,-0.08017285911757588,0.2,1,0,0,0.0,0.0,0.0,0.0,0.0,0.0,0.0,0.0,0,0
20023,r0023,1,reactive,3851.147892520232,0.0,62.308805,62.308805,4320.757318087268,0.12194011725156517,0.2,1,0,0,0.0,0.0,0.0,0.0,0.0,0.0,0.0,0.0,0,0
20023,r0000,0,reactive,0.0,0.0,45.357738,45.357738,0.0,0.015367682568628332,0.2,1,0,0,0.0,0.0,0.0,0.0,0.0,0.0,0.0,0.0,0,0
20023,r0000,1,reactive,0.0,0.0,45.544881,45.544881,0.0,0.19876994999572734,0.2,0,0,0,0.0,0.0,0.0,0.0,0.0,0.0,0.0,0.0,0,0
20023,r0007,0,reactive,3878.3307520939125,0.0,45.812463,45.812463,4359.479670753974,0.12406082652963224,0.2,1,0,0,0.0,0.0,0.0,0.0,0.0,0.0,0.0,0.0,0,0
20023,r0007,1,reactive,2127.6658186763852,0.0,45.633039,45.633039,1746.7091743240699,-0.1790490973762541,0.2,1,0,0,0.0,0.0,0.0,0.0,0.0,0.0,0.0,0.0,0,0
20023,r0015,0,reactive,16.660681147917785,0.0,45.628338,45.628338,14.779901264818443,-0.11288733434133312,0.2,1,0,0,0.0,0.0,0.0,0.0,0.0,0.0,0.0,0.0,0,0
20023,r0015,1,reactive,2951.374078190671,0.0,62.443699,62.443699,3434.236397973322,0.16360593641815424,0.2,1,0,0,0.0,0.0,0.0,0.0,0.0,0.0,0.0,0.0,0,0
20023,r0015,2,reactive,4404.327726019368,0.0,61.925261,61.925261,5269.902115142036,0.1965281520739544,0.2,1,0,0,0.0,0.0,0.0,0.0,0.0,0.0,0.0,0.0,0,0
20023,r0005,0,reactive,0.0,0.0,45.488131,45.488131,0.0,-0.0302805709267695,0.2,1,0,0,0.0,0.0,0.0,0.0,0.0,0.0,0.0,0.0,0,0
20023,r0005,1,reactive,4848.208841006504,0.0,62.01165,62.01165,5115.778628100504,0.055189410330445,0.2,1,0,0,0.0,0.0,0.0,0.0,0.0,0.0,0.0,0.0,0,0
20024,r0014,0,reactive,4211.097448547718,0.0,66.237544,66.237544,3793.3705153938067,-0.09919669118509065,0.2,0,0,0,0.0,0.0,0.0,0.0,0.0,0.0,0.0,0.0,0,0
20024,r0014,1,reactive,5520.282393871797,0.0,65.51923,65.51923,5217.193309826654,-0.054904633933512054,0.2,1,0,0,0.0,0.0,0.0,0.0,0.0,0.0,0.0,0.0,0,0
20024,r0014,2,reactive,3018.1222492132274,0.0,65.560693,65.560693,3441.6790453364006,0.14033785285986572,0.2,0,0,0,0.0,0.0,0.0,0.0,0.0,0.0,0.0,0.0,0,0
20024,r0019,0,reactive,1739.0520200151295,0.0,66.316777,66.316777,1494.3493176613388,-0.14071039827299814,0.2,1,0,0,0.0,0.0,0.0,0.0,0.0,0.0,0.0,0.0,0,0
20024,r0005,0,reactive,1116.2082895339809,0.0,66.318347,66.318347,1290.4042513416434,0.15606044448961215,0.2,1,0,0,0.0,0.0,0.0,0.0,0.0,0.0,0.0,0.0,0,0
20024,r0003,0,reactive,2610.575775479705,0.0,66.199864,66.199864,2645.685767544452,0.013449137310827641,0.2,1,0,0,0.0,0.0,0.0,0.0,0.0,0.0,0.0,0.0,0,0
20024,r0020,0,reactive,1400.2569770011069,0.0,66.387338,66.387338,1167.537734004064,-0.16619752432546453,0.2,1,0,0,0.0,0.0,0.0,0.0,0.0,0.0,0.0,0.0,0,0
20024,r0022,0,reactive,2681.3762846569407,0.0,66.349944,66.349944,2338.1908520407123,-0.1279885387888168,0.2,1,0,0,0.0,0.0,0.0,0.0,0.0,0.0,0.0,0.0,0,0
20024,r0012,0,reactive,3186.9111158367523,0.0,67.174886,67.174886,3506.3735547948386,0.10024202977314878,0.2,1,0,0,0.0,0.0,0.0,0.0,0.0,0.0,0.0,0.0,0,0
20024,r0012,1,reactive,9107.29335935858,0.0,66.108467,66.108467,7703.778113080501,-0.15410893125956454,0.2,1,0,0,0.0,0.0,0.0,0.0,0.0,0.0,0.0,0.0,0,0
20024,r0015,0,reactive,0.0,0.0,66.167867,66.167867,0.0,-0.15885455737272147,0.2,1,0,0,0.0,0.0,0.0,0.0,0.0,0.0,0.0,0.0,0,0
20024,r0009,0,reactive,5455.363849512334,0.0,66.668399,66.668399,4818.638178659299,-0.11671552776630173,0.2,1,0,0,0.0,0.0,0.0,0.0,0.0,0.0,0.0,0.0,0,0
20024,r0009,1,reactive,6161.523219506707,0.0,65.828287,65.828287,5632.959426406595,-0.08578459810501667,0.2,1,0,0,0.0,0.0,0.0,0.0,0.0,0.0,0.0,0.0,0,0
20025,r0005,0,reactive,4523.854884685781,0.0,46.352307,46.352307,3680.3529538436433,-0.1864564519294314,0.2,1,0,0,0.0,0.0,0.0,0.0,0.0,0.0,0.0,0.0,0,0
20025,r0021,0,reactive,7766.450428306982,0.0,46.581469,46.581469,6673.490215294053,-0.14072840908497045,0.2,1,0,0,0.0,0.0,0.0,0.0,0.0,0.0,0.0,0.0,0,0
20025,r0023,0,reactive,1770.5516289358857,0.0,46.524812,46.524812,1564.2694992212018,-0.11650726606524367,0.2,1,0,0,0.0,0.0,0.0,0.0,0.0,0.0,0.0,0.0,0,0
20025,r0007,0,reactive,7750.658275666516,0.0,46.513464,46.513464,7000.938298613749,-0.09672984543861794,0.2,1,0,0,0.0,0.0,0.0,0.0,0.0,0.0,0.0,0.0,0,0
20025,r0012,0,reactive,3095.103843716628,0.0,46.520865,46.520865,2813.7127674689095,-0.09091490639933474,0.2,1,0,0,0.0,0.0,0.0,0.0,0.0,0.0,0.0,0.0,0,0
20025,r0020,0,reactive,0.0,0.0,47.526476,47.526476,0.0,-0.12587769796609574,0.2,1,0,0,0.0,0.0,0.0,0.0,0.0,0.0,0.0,0.0,0,0
20025,r0020,1,reactive,5467.657546836708,0.0,61.771879,61.771879,6360.957701962057,0.163378951127282,0.2,1,0,0,0.0,0.0,0.0,0.0,0.0,0.0,0.0,0.0,0,0
20025,r0000,0,reactive,0.0,0.0,46.164825,46.164825,0.0,-0.13664430992958088,0.2,0,0,0,0.0,0.0,0.0,0.0,0.0,0.0,0.0,0.0,0,0
20025,r0013,0,reactive,0.0,0.0,46.190824,46.190824,0.0,-0.06355141557817853,0.2,1,0,0,0.0,0.0,0.0,0.0,0.0,0.0,0.0,0.0,0,0
20025,r0013,1,reactive,0.0,0.0,61.713224,61.713224,0.0,-0.037804163112665545,0.2,1,0,0,0.0,0.0,0.0,0.0,0.0,0.0,0.0,0.0,0,0
20025,r0003,0,reactive,0.0,0.0,26.118084,26.118084,0.0,0.1997667674341071,0.2,1,0,0,0.0,0.0,0.0,0.0,0.0,0.0,0.0,0.0,0,0
20025,r0008,0,reactive,0.0,0.0,25.854008,25.854008,0.0,0.09484775044007726,0.2,1,0,0,0.0,0.0,0.0,0.0,0.0,0.0,0.0,0.0,0,0
20026,r0000,0,reactive,0.0,0.0,66.653357,66.653357,0.0,-0.011481712097749508,0.2,1,0,0,0.0,0.0,0.0,0.0,0.0,0.0,0.0,0.0,0,0
20026,r0021,0,reactive,3152.6110733033966,0.0,66.208119,66.208119,2581.185970012909,-0.18125455059438453,0.2,1,0,0,0.0,0.0,0.0,0.0,0.0,0.0,0.0,0.0,0,0
20026,r0004,0,reactive,5493.548493459339,0.0,66.301205,66.301205,5230.339723036745,-0.047912341310169915,0.2,1,0,0,0.0,0.0,0.0,0.0,0.0,0.0,0.0,0.0,0,0
20026,r0005,0,reactive,5961.047343594844,0.0,65.933713,65.933713,6949.9295786744015,0.1658906863308362,0.2,1,0,0,0.0,0.0,0.0,0.0,0.0,0.0,0.0,0.0,0,0
20026,r0019,0,reactive,3285.931154859467,0.0,66.23313,66.23313,3446.160483132978,0.048762229250163214,0.2,1,0,0,0.0,0.0,0.0,0.0,0.0,0.0,0.0,0.0,0,0
20026,r0019,1,reactive,6042.0026107215635,0.0,66.609888,66.609888,6989.406811081013,0.15680301075644615,0.2,1,0,0,0.0,0.0,0.0,0.0,0.0,0.0,0.0,0.0,0,0
20026,r0003,0,reactive,5918.685812551463,0.0,65.700308,65.700308,4880.273974822726,-0.1754463525545872,0.2,1,0,0,0.0,0.0,0.0,0.0,0.0,0.0,0.0,0.0,0,0
20027,r0003,0,reactive,2187.924196110328,0.0,60.810183,60.810183,1894.5186142143787,-0.13410226113754908,0.2,0,0,0,0.0,0.0,0.0,0.0,0.0,0.0,0.0,0.0,0,0
20027,r0005,0,reactive,1591.767587967588,0.0,61.776213,61.776213,1724.8593894356388,0.08361258419514994,0.2,0,0,0,0.0,0.0,0.0,0.0,0.0,0.0,0.0,0.0,0,0
20027,r0005,1,reactive,5433.936568334333,0.0,60.860892,60.860892,5653.799507502712,0.040461079440935244,0.2,1,0,0,0.0,0.0,0.0,0.0,0.0,0.0,0.0,0.0,0,0
20027,r0017,0,reactive,2268.3591260362573,0.0,60.742997,60.742997,2648.677654879869,0.1676623972272776,0.2,1,0,0,0.0,0.0,0.0,0.0,0.0,0.0,0.0,0.0,0,0
20027,r0017,1,reactive,9313.720597226158,0.0,60.63833,60.63833,7933.340542429721,-0.14820930479786423,0.2,1,0,0,0.0,0.0,0.0,0.0,0.0,0.0,0.0,0.0,0,0
20027,r0021,0,reactive,0.0,0.0,60.657285,60.657285,0.0,-0.050681600686952155,0.2,1,0,0,0.0,0.0,0.0,0.0,0.0,0.0,0.0,0.0,0,0
20027,r0021,1,reactive,2184.3234034449306,0.0,60.559414,60.559414,2400.9876781589296,0.0991905659996567,0.2,1,0,0,0.0,0.0,0.0,0.0,0.0,0.0,0.0,0.0,0,0
20027,r0011,0,reactive,1920.9519493956977,0.0,61.01287,61.01287,1560.8458278099727,-0.18746232652982756,0.2,1,0,0,0.0,0.0,0.0,0.0,0.0,0.0,0.0,0.0,0,0
20027,r0011,1,reactive,6484.904624044291,0.0,60.648729,60.648729,5520.81299053221,-0.148667049001382,0.2,1,0,0,0.0,0.0,0.0,0.0,0.0,0.0,0.0,0.0,0,0
20027,r0001,0,reactive,0.0,0.0,62.02066,62.02066,0.0,-0.09504682658129382,0.2,1,0,0,0.0,0.0,0.0,0.0,0.0,0.0,0.0,0.0,0,0
20027,r0001,1,reactive,7923.557583533151,0.0,60.393335,60.393335,9290.363544671789,0.1724990254351344,0.2,0,0,0,0.0,0.0,0.0,0.0,0.0,0.0,0.0,0.0,0,0
20027,r0010,0,reactive,0.0,0.0,60.407637,60.407637,0.0,0.14302757635476437,0.2,1,0,0,0.0,0.0,0.0,0.0,0.0,0.0,0.0,0.0,0,0
20027,r0014,0,reactive,459.76237506677717,0.0,62.624834,62.624834,442.4496666622895,-0.037655774685723564,0.2,1,0,0,0.0,0.0,0.0,0.0,0.0,0.0,0.0,0.0,0,0
20027,r0014,1,reactive,3774.789152168134,0.0,60.708037,60.708037,4014.2831048945495,0.06344565035873784,0.2,1,0,0,0.0,0.0,0.0,0.0,0.0,0.0,0.0,0.0,0,0
20027,r0014,2,reactive,7151.792744912251,0.0,60.643819,60.643819,6692.531308341913,-0.06421626757809137,0.2,0,0,0,0.0,0.0,0.0,0.0,0.0,0.0,0.0,0.0,0,0
20028,r0000,0,reactive,2106.1906289653743,0.0,69.054098,69.054098,2423.2457494343075,0.15053486427516793,0.2,1,0,0,0.0,0.0,0.0,0.0,0.0,0.0,0.0,0.0,0,0
20028,r0019,0,reactive,4073.6741022912647,0.0,140.627872,140.627872,3393.7549151525923,-0.1669056409682472,0.2,0,0,0,0.0,0.0,0.0,0.0,0.0,0.0,0.0,0.0,0,0
20028,r0014,0,reactive,82.93136094605143,0.0,68.980702,68.980702,90.71955921943015,0.09391137664369331,0.2,0,0,0,0.0,0.0,0.0,0.0,0.0,0.0,0.0,0.0,0,0
20028,r0010,0,reactive,2656.0403416730405,0.0,68.224291,68.224291,2667.1798221006843,0.004194017783866549,0.2,1,0,0,0.0,0.0,0.0,0.0,0.0,0.0,0.0,0.0,0,0
20029,r0015,0,reactive,1584.363260017059,0.0,40.352748,40.352748,1609.859800749007,0.016092610435610333,0.2,1,0,0,0.0,0.0,0.0,0.0,0.0,0.0,0.0,0.0,0,0
20029,r0017,0,reactive,0.0,0.0,41.032953,41.032953,0.0,-0.18377320459200785,0.2,1,0,0,0.0,0.0,0.0,0.0,0.0,0.0,0.0,0.0,0,0
20029,r0000,0,reactive,335.37226503891725,0.0,40.634677,40.634677,376.48047839936015,0.12257487468641037,0.2,1,0,0,0.0,0.0,0.0,0.0,0.0,0.0,0.0,0.0,0,0
20029,r0000,1,reactive,1267.13257221789,0.0,58.058811,58.058811,1339.3990039538933,0.057031468782713035,0.2,1,0,0,0.0,0.0,0.0,0.0,0.0,0.0,0.0,0.0,0,0
20029,r0023,0,reactive,0.0,0.0,40.750029,40.750029,0.0,-0.17043676303502908,0.2,0,0,0,0.0,0.0,0.0,0.0,0.0,0.0,0.0,0.0,0,0
20029,r0023,1,reactive,2866.5286561138637,0.0,58.328291,58.328291,3142.54878914326,0.09629072866258903,0.2,1,0,0,0.0,0.0,0.0,0.0,0.0,0.0,0.0,0.0,0,0
20029,r0008,0,reactive,0.0,0.0,40.941823,40.941823,0.0,-0.14094808407661003,0.2,0,0,0,0.0,0.0,0.0,0.0,0.0,0.0,0.0,0.0,0,0
20029,r0008,1,reactive,596.3658558504358,0.0,57.939356,57.939356,497.5381103410477,-0.16571663944183512,0.2,1,0,0,0.0,0.0,0.0,0.0,0.0,0.0,0.0,0.0,0,0
20029,r0020,0,reactive,0.0,0.0,40.747095,40.747095,0.0,-0.13743647480718796,0.2,1,0,0,0.0,0.0,0.0,0.0,0.0,0.0,0.0,0.0,0,0
20029,r0005,0,reactive,0.0,0.0,41.055646,41.055646,0.0,-0.11827495630499284,0.2,1,0,0,0.0,0.0,0.0,0.0,0.0,0.0,0.0,0.0,0,0
20029,r0005,1,reactive,2309.3413378923397,0.0,58.263094,58.263094,2194.2520467590434,-0.04983641406529124,0.2,1,0,0,0.0,0.0,0.0,0.0,0.0,0.0,0.0,0.0,0,0
20029,r0005,2,reactive,6677.6442132985685,0.0,58.478035,58.478035,7484.865724698961,0.12088417495990655,0.2,1,0,0,0.0,0.0,0.0,0.0,0.0,0.0,0.0,0.0,0,0
20029,r0016,0,reactive,0.0,0.0,42.139198,42.139198,0.0,0.08366088927157567,0.2,1,0,0,0.0,0.0,0.0,0.0,0.0,0.0,0.0,0.0,0,0
20029,r0016,1,reactive,746.7870839609459,0.0,58.29845,58.29845,673.6798489299839,-0.09789568754082141,0.2,1,0,0,0.0,0.0,0.0,0.0,0.0,0.0,0.0,0.0,0,0
20029,r0016,2,reactive,4362.209213393726,0.0,59.630951,59.630951,3889.009105127395,-0.10847716950700513,0.2,1,0,0,0.0,0.0,0.0,0.0,0.0,0.0,0.0,0.0,0,0
20029,r0016,3,reactive,8047.386926925792,0.0,58.368753,58.368753,7470.380485395936,-0.071701093382157,0.2,1,0,0,0.0,0.0,0.0,0.0,0.0,0.0,0.0,0.0,0,0
20029,r0014,0,reactive,4131.22498240148,0.0,40.793613,40.793613,3932.927758258537,-0.04799961875416256,0.2,0,0,0,0.0,0.0,0.0,0.0,0.0,0.0,0.0,0.0,0,0
20029,r0014,1,reactive,2302.8550143948087,0.0,58.183732,58.183732,2611.6896121678374,0.13410944060418434,0.2,0,0,0,0.0,0.0,0.0,0.0,0.0,0.0,0.0,0.0,0,0
20030,r0017,0,reactive,3241.8244806377193,0.0,65.412067,65.412067,3684.0090329041473,0.13639990533338286,0.2,1,0,0,0.0,0.0,0.0,0.0,0.0,0.0,0.0,0.0,0,0
20030,r0005,0,reactive,0.0,0.0,66.058702,66.058702,0.0,0.17393761731047935,0.2,1,0,0,0.0,0.0,0.0,0.0,0.0,0.0,0.0,0.0,0,0
20030,r0005,1,reactive,5403.162282900608,0.0,65.34486,65.34486,6143.405996755207,0.13700193980796177,0.2,1,0,0,0.0,0.0,0.0,0.0,0.0,0.0,0.0,0.0,0,0
20030,r0006,0,reactive,1112.4702769154064,0.0,65.095994,65.095994,1221.4202700767287,0.09793519469429102,0.2,1,0,0,0.0,0.0,0.0,0.0,0.0,0.0,0.0,0.0,0,0
20030,r0009,0,reactive,5848.549602189054,0.0,65.235376,65.235376,5328.487171217221,-0.08892160729511117,0.2,0,0,0,0.0,0.0,0.0,0.0,0.0,0.0,0.0,0.0,0,0
20030,r0009,1,reactive,4958.556366452936,0.0,64.771458,64.771458,4288.483118285285,-0.13513474460046976,0.2,1,0,0,0.0,0.0,0.0,0.0,0.0,0.0,0.0,0.0,0,0
20030,r0013,0,reactive,863.3057650450937,0.0,64.879728,64.879728,700.4988785628584,-0.18858542717333915,0.2,1,0,0,0.0,0.0,0.0,0.0,0.0,0.0,0.0,0.0,0,0
20031,r0011,0,reactive,0.0,0.0,45.946377,45.946377,0.0,-0.0025688715739053403,0.2,0,0,0,0.0,0.0,0.0,0.0,0.0,0.0,0.0,0.0,0,0
20031,r0000,0,reactive,4832.010232607692,0.0,45.82232,45.82232,4824.695654014738,-0.0015137754766316736,0.2,1,0,0,0.0,0.0,0.0,0.0,0.0,0.0,0.0,0.0,0,0
20031,r0012,0,reactive,0.0,0.0,46.181959,46.181959,0.0,0.09162000534203812,0.2,0,0,0,0.0,0.0,0.0,0.0,0.0,0.0,0.0,0.0,0,0
20031,r0017,0,reactive,583.5389992011114,0.0,46.264569,46.264569,499.3196926294394,-0.1443250694246172,0.2,1,0,0,0.0,0.0,0.0,0.0,0.0,0.0,0.0,0.0,0,0
20031,r0017,1,reactive,3599.7886024034306,0.0,46.029474,46.029474,3055.0426672108533,-0.1513272014997972,0.2,1,0,0,0.0,0.0,0.0,0.0,0.0,0.0,0.0,0.0,0,0
20031,r0013,0,reactive,0.0,0.0,45.80683,45.80683,0.0,-0.01523924726801651,0.2,1,0,0,0.0,0.0,0.0,0.0,0.0,0.0,0.0,0.0,0,0
20032,r0015,0,reactive,4138.388897794848,0.0,65.608708,65.608708,4678.1546739083815,0.13042896389006586,0.2,0,0,0,0.0,0.0,0.0,0.0,0.0,0.0,0.0,0.0,0,0
20032,r0006,0,reactive,0.0,0.0,65.740479,65.740479,0.0,0.12317678297600171,0.2,1,0,0,0.0,0.0,0.0,0.0,0.0,0.0,0.0,0.0,0,0
20032,r0020,0,reactive,400.3002286647752,0.0,65.490608,65.490608,379.9837603524757,-0.05075307695942685,0.2,0,0,0,0.0,0.0,0.0,0.0,0.0,0.0,0.0,0.0,0,0
20032,r0010,0,reactive,306.4326274194791,0.0,65.261328,65.261328,314.37632389628436,0.02592314187852801,0.2,0,0,0,0.0,0.0,0.0,0.0,0.0,0.0,0.0,0.0,0,0
20032,r0009,0,reactive,0.0,0.0,64.916487,64.916487,0.0,0.029222269099495712,0.2,0,0,0,0.0,0.0,0.0,0.0,0.0,0.0,0.0,0.0,0,0
20032,r0009,1,reactive,1547.095732761416,0.0,64.373159,64.373159,1648.8828865664693,0.06579240809059261,0.2,1,0,0,0.0,0.0,0.0,0.0,0.0,0.0,0.0,0.0,0,0
20033,r0023,0,reactive,4296.476487837436,0.0,46.587464,46.587464,4016.106209066253,-0.0652558624642452,0.2,1,0,0,0.0,0.0,0.0,0.0,0.0,0.0,0.0,0.0,0,0
20033,r0006,0,reactive,4145.976403565006,0.0,46.460996,46.460996,3574.904545837671,-0.1377412223659273,0.2,1,0,0,0.0,0.0,0.0,0.0,0.0,0.0,0.0,0.0,0,0
20033,r0020,0,reactive,0.0,0.0,46.794029,46.794029,0.0,-0.005993230194523358,0.2,1,0,0,0.0,0.0,0.0,0.0,0.0,0.0,0.0,0.0,0,0
20033,r0005,0,reactive,0.0,0.0,46.450805,46.450805,0.0,0.17743804934921376,0.2,1,0,0,0.0,0.0,0.0,0.0,0.0,0.0,0.0,0.0,0,0
20033,r0000,0,reactive,2544.834219063312,0.0,46.85668,46.85668,2647.815252024989,0.04046669609762707,0.2,1,0,0,0.0,0.0,0.0,0.0,0.0,0.0,0.0,0.0,0,0
20033,r0000,1,reactive,3039.408952833186,0.0,62.498028,62.498028,2681.890073981056,-0.11762776395024721,0.2,0,0,0,0.0,0.0,0.0,0.0,0.0,0.0,0.0,0.0,0,0
20033,r0013,0,reactive,0.0,0.0,46.705351,46.705351,0.0,0.08031185323791373,0.2,1,0,0,0.0,0.0,0.0,0.0,0.0,0.0,0.0,0.0,0,0
20033,r0013,1,reactive,1594.5960917664997,0.0,63.552493,63.552493,1297.1069062623058,-0.1865608394754275,0.2,1,0,0,0.0,0.0,0.0,0.0,0.0,0.0,0.0,0.0,0,0
20033,r0014,0,reactive,507.62993140642357,0.0,46.66336,46.66336,559.4728839173979,0.10212745408321361,0.2,0,0,0,0.0,0.0,0.0,0.0,0.0,0.0,0.0,0.0,0,0
20033,r0014,1,reactive,1780.2412009515028,0.0,62.255653,62.255653,1749.584097501192,-0.017220758307315454,0.2,1,0,0,0.0,0.0,0.0,0.0,0.0,0.0,0.0,0.0,0,0
20033,r0004,0,reactive,2831.4662032718625,0.0,46.925684,46.925684,2757.1066073288043,-0.02626186950673573,0.2,1,0,0,0.0,0.0,0.0,0.0,0.0,0.0,0.0,0.0,0,0
20033,r0022,0,reactive,976.3235960899401,0.0,46.741152,46.741152,959.9172217357116,-0.01680423828732,0.2,1,0,0,0.0,0.0,0.0,0.0,0.0,0.0,0.0,0.0,0,0
20033,r0017,0,reactive,0.0,0.0,46.562364,46.562364,0.0,0.007677269026570066,0.2,1,0,0,0.0,0.0,0.0,0.0,0.0,0.0,0.0,0.0,0,0
20034,r0015,0,reactive,0.0,0.0,62.268517,62.268517,0.0,-0.11227136640385948,0.2,1,0,0,0.0,0.0,0.0,0.0,0.0,0.0,0.0,0.0,0,0
20034,r0015,1,reactive,339.1760701281073,0.0,62.053801,62.053801,364.89793929507516,0.07583633231334003,0.2,0,0,0,0.0,0.0,0.0,0.0,0.0,0.0,0.0,0.0,0,0
20034,r0010,0,reactive,0.0,0.0,61.651749,61.651749,0.0,-0.01160880639738937,0.2,0,0,0,0.0,0.0,0.0,0.0,0.0,0.0,0.0,0.0,0,0
20034,r0004,0,reactive,6302.454782178171,0.0,56.989829,56.989829,7467.801631716919,0.18490364307476964,0.2,1,0,0,0.0,0.0,0.0,0.0,0.0,0.0,0.0,0.0,0,0
20034,r0022,0,reactive,0.0,0.0,61.948001,61.948001,0.0,0.030450420036524845,0.2,1,0,0,0.0,0.0,0.0,0.0,0.0,0.0,0.0,0.0,0,0
20034,r0007,0,reactive,0.0,0.0,61.888401,61.888401,0.0,-0.08699108213477613,0.2,0,0,0,0.0,0.0,0.0,0.0,0.0,0.0,0.0,0.0,0,0
20034,r0007,1,reactive,3447.4144036083526,0.0,61.62399,61.62399,3846.329988593927,0.11571442776593255,0.2,1,0,0,0.0,0.0,0.0,0.0,0.0,0.0,0.0,0.0,0,0
20034,r0008,0,reactive,0.0,0.0,61.791161,61.791161,0.0,0.07813578973332458,0.2,0,0,0,0.0,0.0,0.0,0.0,0.0,0.0,0.0,0.0,0,0
20034,r0008,1,reactive,313.04538246037555,0.0,61.889283,61.889283,274.34984017107513,-0.12361000818850415,0.2,0,0,0,0.0,0.0,0.0,0.0,0.0,0.0,0.0,0.0,0,0
20034,r0020,0,reactive,709.9675339629757,0.0,61.447571,61.447571,572.2572905751957,-0.193966958769359,0.2,0,0,0,0.0,0.0,0.0,0.0,0.0,0.0,0.0,0.0,0,0
20034,r0013,0,reactive,3363.8990701601506,0.0,62.145717,62.145717,3870.949844916631,0.1507330523838638,0.2,1,0,0,0.0,0.0,0.0,0.0,0.0,0.0,0.0,0.0,0,0
20034,r0005,0,reactive,0.0,0.0,61.883213,61.883213,0.0,-0.11437645395904701,0.2,1,0,0,0.0,0.0,0.0,0.0,0.0,0.0,0.0,0.0,0,0
20034,r0023,0,reactive,0.0,0.0,61.630412,61.630412,0.0,-0.0395101375531714,0.2,0,0,0,0.0,0.0,0.0,0.0,0.0,0.0,0.0,0.0,0,0
20034,r0023,1,reactive,0.0,0.0,62.083053,62.083053,0.0,-0.01154287963903769,0.2,1,0,0,0.0,0.0,0.0,0.0,0.0,0.0,0.0,0.0,0,0
20035,r0021,0,reactive,3388.589252305891,0.0,35.008113,35.008113,3963.2775941198356,0.16959516159206273,0.2,1,0,0,0.0,0.0,0.0,0.0,0.0,0.0,0.0,0.0,0,0
20035,r0008,0,reactive,2026.6419609365666,0.0,35.101627,35.101627,2251.033774214661,0.11072099443475314,0.2,1,0,0,0.0,0.0,0.0,0.0,0.0,0.0,0.0,0.0,0,0
20035,r0008,1,reactive,4425.736935778239,0.0,52.118467,52.118467,4494.241317004277,0.015478638296876568,0.2,0,0,0,0.0,0.0,0.0,0.0,0.0,0.0,0.0,0.0,0,0
20035,r0013,0,reactive,3334.8743281687457,0.0,34.820311,34.820311,3481.005672824766,0.043819145873561144,0.2,1,0,0,0.0,0.0,0.0,0.0,0.0,0.0,0.0,0.0,0,0
20035,r0011,0,reactive,0.0,0.0,35.141366,35.141366,0.0,-0.1502574358098968,0.2,0,0,0,0.0,0.0,0.0,0.0,0.0,0.0,0.0,0.0,0,0
20035,r0012,0,reactive,2576.07562558103,0.0,34.902749,34.902749,2148.6135386163423,-0.16593537966039895,0.2,1,0,0,0.0,0.0,0.0,0.0,0.0,0.0,0.0,0.0,0,0
20035,r0010,0,reactive,0.0,0.0,36.908773,36.908773,0.0,0.08419817713503003,0.2,1,0,0,0.0,0.0,0.0,0.0,0.0,0.0,0.0,0.0,0,0
20035,r0010,1,reactive,0.0,0.0,54.559619,54.559619,0.0,-0.08513139407467225,0.2,1,0,0,0.0,0.0,0.0,0.0,0.0,0.0,0.0,0.0,0,0
20035,r0010,2,reactive,5822.606250023542,0.0,54.384674,54.384674,5638.537322396347,-0.03161280700140939,0.2,1,0,0,0.0,0.0,0.0,0.0,0.0,0.0,0.0,0.0,0,0
20035,r0018,0,reactive,0.0,0.0,36.624727,36.624727,0.0,-0.13226114913653692,0.2,1,0,0,0.0,0.0,0.0,0.0,0.0,0.0,0.0,0.0,0,0
20035,r0009,0,reactive,685.4866271565625,0.0,37.131016,37.131016,587.1511008926387,-0.14345360269364416,0.2,1,0,0,0.0,0.0,0.0,0.0,0.0,0.0,0.0,0.0,0,0
20035,r0007,0,reactive,5.881330784126476,0.0,37.165372,37.165372,7.0094925322073,0.19182082924594163,0.2,0,0,0,0.0,0.0,0.0,0.0,0.0,0.0,0.0,0.0,0,0
20035,r0007,1,reactive,3370.917090504452,0.0,54.41969,54.41969,3377.6848222779254,0.002007682654829146,0.2,1,0,0,0.0,0.0,0.0,0.0,0.0,0.0,0.0,0.0,0,0
20036,r0018,0,reactive,3467.536088511255,0.0,61.983467,61.983467,3018.965228821737,-0.12936299673296447,0.2,1,0,0,0.0,0.0,0.0,0.0,0.0,0.0,0.0,0.0,0,0
20036,r0018,1,reactive,4792.63569784687,0.0,61.066634,61.066634,4759.5383839465185,-0.006905868917852581,0.2,1,0,0,0.0,0.0,0.0,0.0,0.0,0.0,0.0,0.0,0,0
20036,r0000,0,reactive,1684.687849724036,0.0,61.481994,61.481994,1991.1934631242725,0.1819361452926988,0.2,0,0,0,0.0,0.0,0.0,0.0,0.0,0.0,0.0,0.0,0,0
20036,r0002,0,reactive,691.9051488783189,0.0,61.406547,61.406547,561.0568673432938,-0.18911303340804678,0.2,1,0,0,0.0,0.0,0.0,0.0,0.0,0.0,0.0,0.0,0,0
20036,r0002,1,reactive,9086.568928237113,0.0,61.131405,61.131405,8361.646863909798,-0.07977951524415028,0.2,1,0,0,0.0,0.0,0.0,0.0,0.0,0.0,0.0,0.0,0,0
20036,r0015,0,reactive,892.7387402968961,0.0,62.295686,62.295686,816.1084999114827,-0.08583725218413699,0.2,1,0,0,0.0,0.0,0.0,0.0,0.0,0.0,0.0,0.0,0,0
20036,r0015,1,reactive,4843.172454271815,0.0,61.993152,61.993152,4428.062985452768,-0.08571023905062645,0.2,1,0,0,0.0,0.0,0.0,0.0,0.0,0.0,0.0,0.0,0,0
20036,r0005,0,reactive,146.1637496979165,0.0,61.481863,61.481863,153.13305648255684,0.04768149968131036,0.2,0,0,0,0.0,0.0,0.0,0.0,0.0,0.0,0.0,0.0,0,0
20036,r0005,1,reactive,3877.178519252746,0.0,61.63411,61.63411,3800.846863269848,-0.019687423626191303,0.2,1,0,0,0.0,0.0,0.0,0.0,0.0,0.0,0.0,0.0,0,0
20036,r0010,0,reactive,0.0,0.0,61.41298,61.41298,0.0,0.12085531080929035,0.2,1,0,0,0.0,0.0,0.0,0.0,0.0,0.0,0.0,0.0,0,0
20037,r0007,0,reactive,2957.6592102367454,0.0,68.893551,68.893551,2667.1721975786845,-0.09821517355774359,0.2,1,0,0,0.0,0.0,0.0,0.0,0.0,0.0,0.0,0.0,0,0
20037,r0002,0,reactive,0.0,0.0,69.661119,69.661119,0.0,-0.04471576016231035,0.2,1,0,0,0.0,0.0,0.0,0.0,0.0,0.0,0.0,0.0,0,0
20037,r0023,0,reactive,1089.690127370437,0.0,68.889693,68.889693,1160.6659701894307,0.0651339688561442,0.2,1,0,0,0.0,0.0,0.0,0.0,0.0,0.0,0.0,0.0,0,0
20037,r0011,0,reactive,1167.1406983784182,0.0,69.37237,69.37237,1278.5876993630395,0.09548720316193388,0.2,1,0,0,0.0,0.0,0.0,0.0,0.0,0.0,0.0,0.0,0,0
20037,r0013,0,reactive,2495.906521943596,0.0,69.90231,69.90231,2166.400548863207,-0.13201855525574674,0.2,1,0,0,0.0,0.0,0.0,0.0,0.0,0.0,0.0,0.0,0,0
20038,r0015,0,reactive,7441.971044856329,0.0,42.510061,42.510061,8250.73630929554,0.10867621757252133,0.2,1,0,0,0.0,0.0,0.0,0.0,0.0,0.0,0.0,0.0,0,0
20038,r0015,1,reactive,4685.61936041933,0.0,63.624584,63.624584,5356.514123162674,0.14318166097967094,0.2,1,0,0,0.0,0.0,0.0,0.0,0.0,0.0,0.0,0.0,0,0
20038,r0004,0,reactive,892.0341103151768,0.0,42.631169,42.631169,857.9924220016077,-0.03816186838588656,0.2,1,0,0,0.0,0.0,0.0,0.0,0.0,0.0,0.0,0.0,0,0
20038,r0014,0,reactive,2171.6829212309312,0.0,41.729134,41.729134,2543.3698070483642,0.17115154435471502,0.2,1,0,0,0.0,0.0,0.0,0.0,0.0,0.0,0.0,0.0,0,0
20038,r0002,0,reactive,0.0,0.0,42.928494,42.928494,0.0,0.16103333381175217,0.2,1,0,0,0.0,0.0,0.0,0.0,0.0,0.0,0.0,0.0,0,0
20038,r0002,1,reactive,0.0,0.0,65.230011,65.230011,0.0,-0.05389321666270819,0.2,1,0,0,0.0,0.0,0.0,0.0,0.0,0.0,0.0,0.0,0,0
20038,r0002,2,reactive,5391.495948949494,0.0,64.133397,64.133397,5049.09458626497,-0.06350767318136255,0.2,1,0,0,0.0,0.0,0.0,0.0,0.0,0.0,0.0,0.0,0,0
20038,r0002,3,reactive,3243.3457042395385,0.0,64.35155,64.35155,3424.7176270789328,0.05592124287038336,0.2,1,0,0,0.0,0.0,0.0,0.0,0.0,0.0,0.0,0.0,0,0
20038,r0019,0,reactive,0.0,0.0,42.042732,42.042732,0.0,0.010939628071261615,0.2,1,0,0,0.0,0.0,0.0,0.0,0.0,0.0,0.0,0.0,0,0
20038,r0019,1,reactive,690.6370310413913,0.0,41.918247,41.918247,614.2250994921026,-0.11063978343887731,0.2,1,0,0,0.0,0.0,0.0,0.0,0.0,0.0,0.0,0.0,0,0
20038,r0018,0,reactive,0.0,0.0,42.789586,42.789586,0.0,0.08971724516699875,0.2,0,0,0,0.0,0.0,0.0,0.0,0.0,0.0,0.0,0.0,0,0
20038,r0018,1,reactive,0.0,0.0,65.190459,65.190459,0.0,-0.1719338758436403,0.2,1,0,0,0.0,0.0,0.0,0.0,0.0,0.0,0.0,0.0,0,0
20038,r0018,2,reactive,1487.6145840397585,0.0,65.360179,65.360179,1290.7731159761615,-0.13232020590242888,0.2,1,0,0,0.0,0.0,0.0,0.0,0.0,0.0,0.0,0.0,0,0
20038,r0018,3,reactive,5674.209797146672,0.0,64.311354,64.311354,5710.7046347564,0.006431703957805762,0.2,1,0,0,0.0,0.0,0.0,0.0,0.0,0.0,0.0,0.0,0,0
20038,r0016,0,reactive,0.0,0.0,41.54797,41.54797,0.0,0.03487665712747012,0.2,1,0,0,0.0,0.0,0.0,0.0,0.0,0.0,0.0,0.0,0,0
20038,r0016,1,reactive,1100.4382774671249,0.0,64.481009,64.481009,1313.5981865277047,0.19370455701632733,0.2,1,0,0,0.0,0.0,0.0,0.0,0.0,0.0,0.0,0.0,0,0
20038,r0010,0,reactive,0.0,0.0,42.169071,42.169071,0.0,0.05281310916494153,0.2,1,0,0,0.0,0.0,0.0,0.0,0.0,0.0,0.0,0.0,0,0
20038,r0007,0,reactive,223.27314486561227,0.0,42.334528,42.334528,181.44919325385982,-0.18732190849430733,0.2,1,0,0,0.0,0.0,0.0,0.0,0.0,0.0,0.0,0.0,0,0
20038,r0007,1,reactive,5816.473006413224,0.0,63.918211,63.918211,5055.848327202102,-0.1307707743803606,0.2,1,0,0,0.0,0.0,0.0,0.0,0.0,0.0,0.0,0.0,0,0
20038,r0023,0,reactive,0.0,0.0,42.11316,42.11316,0.0,-0.19592978412298848,0.2,1,0,0,0.0,0.0,0.0,0.0,0.0,0.0,0.0,0.0,0,0
20038,r0023,1,reactive,194.7014036516848,0.0,63.812473,63.812473,183.71604823369927,-0.05642155224334197,0.2,0,0,0,0.0,0.0,0.0,0.0,0.0,0.0,0.0,0.0,0,0
20038,r0005,0,reactive,2028.3931186555128,0.0,41.772961,41.772961,1818.4627944946676,-0.10349587672629959,0.2,1,0,0,0.0,0.0,0.0,0.0,0.0,0.0,0.0,0.0,0,0
20039,r0014,0,reactive,5084.899346475655,0.0,64.413767,64.413767,4416.407218697627,-0.1314661475534143,0.2,1,0,0,0.0,0.0,0.0,0.0,0.0,0.0,0.0,0.0,0,0
20039,r0004,0,reactive,0.0,0.0,64.985718,64.985718,0.0,-0.09164135192449666,0.2,0,0,0,0.0,0.0,0.0,0.0,0.0,0.0,0.0,0.0,0,0
20039,r0009,0,reactive,0.0,0.0,64.346038,64.346038,0.0,-0.18397967218932446,0.2,1,0,0,0.0,0.0,0.0,0.0,0.0,0.0,0.0,0.0,0,0
20039,r0011,0,reactive,2489.450790063989,0.0,65.126637,65.126637,2323.0680436391362,-0.06683512166174457,0.2,1,0,0,0.0,0.0,0.0,0.0,0.0,0.0,0.0,0.0,0,0
20039,r0010,0,reactive,7501.130753484051,0.0,64.108377,64.108377,7813.238184051434,0.04160805094917436,0.2,1,0,0,0.0,0.0,0.0,0.0,0.0,0.0,0.0,0.0,0,0
20039,r0022,0,reactive,547.9830640654582,0.0,65.034756,65.034756,637.2382039463895,0.16287937663392726,0.2,1,0,0,0.0,0.0,0.0,0.0,0.0,0.0,0.0,0.0,0,0
20039,r0022,1,reactive,4600.887672974441,0.0,64.55758,64.55758,5055.672243848515,0.09884713629186692,0.2,1,0,0,0.0,0.0,0.0,0.0,0.0,0.0,0.0,0.0,0,0
20039,r0022,2,reactive,5110.520942240444,0.0,64.587166,64.587166,5417.8409369521105,0.06013476868308021,0.2,1,0,0,0.0,0.0,0.0,0.0,0.0,0.0,0.0,0.0,0,0
20039,r0006,0,reactive,0.0,0.0,64.36166,64.36166,0.0,0.01947126146192754,0.2,1,0,0,0.0,0.0,0.0,0.0,0.0,0.0,0.0,0.0,0,0
20039,r0019,0,reactive,3719.1677924910546,0.0,64.520964,64.520964,3080.3368830851036,-0.1717671654115045,0.2,1,0,0,0.0,0.0,0.0,0.0,0.0,0.0,0.0,0.0,0,0
20039,r0012,0,reactive,0.0,0.0,65.276208,65.276208,0.0,-0.1255742437160728,0.2,1,0,0,0.0,0.0,0.0,0.0,0.0,0.0,0.0,0.0,0,0
20039,r0021,0,reactive,364.50287353719614,0.0,64.650736,64.650736,406.02379307923815,0.11391108975113456,0.2,1,0,0,0.0,0.0,0.0,0.0,0.0,0.0,0.0,0.0,0,0
20039,r0021,1,reactive,3157.0271579042455,0.0,64.408195,64.408195,2824.0024847745867,-0.1054867938959173,0.2,0,0,0,0.0,0.0,0.0,0.0,0.0,0.0,0.0,0.0,0,0
20040,r0012,0,reactive,233.67381863197807,0.0,60.399761,60.399761,226.02681861498348,-0.03272510400079587,0.2,1,0,0,0.0,0.0,0.0,0.0,0.0,0.0,0.0,0.0,0,0
20040,r0013,0,reactive,7191.265180414817,0.0,59.327647,59.327647,8117.341253226166,0.1287779061928473,0.2,1,0,0,0.0,0.0,0.0,0.0,0.0,0.0,0.0,0.0,0,0
20040,r0001,0,reactive,18.330105649441975,0.0,60.031226,60.031226,16.228928799454323,-0.11462982757284977,0.2,1,0,0,0.0,0.0,0.0,0.0,0.0,0.0,0.0,0.0,0,0
20040,r0023,0,reactive,1642.4906683754507,0.0,59.781772,59.781772,1524.1229139111254,-0.07206601336822219,0.2,0,0,0,0.0,0.0,0.0,0.0,0.0,0.0,0.0,0.0,0,0
20040,r0006,0,reactive,4747.043900846298,0.0,59.618371,59.618371,4581.198456101906,-0.03493657278265863,0.2,0,0,0,0.0,0.0,0.0,0.0,0.0,0.0,0.0,0.0,0,0
20040,r0016,0,reactive,5794.778436796045,0.0,60.268911,60.268911,5293.331888932002,-0.08653420546330577,0.2,1,0,0,0.0,0.0,0.0,0.0,0.0,0.0,0.0,0.0,0,0
20040,r0009,0,reactive,1874.3198479171188,0.0,60.222088,60.222088,1912.3319945689714,0.02028050158786643,0.2,1,0,0,0.0,0.0,0.0,0.0,0.0,0.0,0.0,0.0,0,0
20040,r0007,0,reactive,223.39612860731722,0.0,60.333028,60.333028,222.59330124598517,-0.0035937389172183976,0.2,0,0,0,0.0,0.0,0.0,0.0,0.0,0.0,0.0,0.0,0,0
20040,r0011,0,reactive,635.854276230275,0.0,60.318558,60.318558,676.2737899040786,0.06356725933091889,0.2,0,0,0,0.0,0.0,0.0,0.0,0.0,0.0,0.0,0.0,0,0
20040,r0011,1,reactive,3232.6824107648936,0.0,60.494941,60.494941,3672.5435496689333,0.13606691997930087,0.2,1,0,0,0.0,0.0,0.0,0.0,0.0,0.0,0.0,0.0,0,0
20041,r0005,0,reactive,2153.541400838558,0.0,67.7729,67.7729,1857.4483305300355,-0.13749123661761412,0.2,1,0,0,0.0,0.0,0.0,0.0,0.0,0.0,0.0,0.0,0,0
20041,r0003,0,reactive,0.0,0.0,66.995698,66.995698,0.0,-0.03914403107872372,0.2,1,0,0,0.0,0.0,0.0,0.0,0.0,0.0,0.0,0.0,0,0
20041,r0003,1,reactive,7106.46655159371,0.0,67.038978,67.038978,7260.199926516553,0.021632885176722016,0.2,1,0,0,0.0,0.0,0.0,0.0,0.0,0.0,0.0,0.0,0,0
20041,r0012,0,reactive,119.33462254978804,0.0,66.648593,66.648593,98.14667139338239,-0.17755074515416303,0.2,1,0,0,0.0,0.0,0.0,0.0,0.0,0.0,0.0,0.0,0,0
20041,r0008,0,reactive,783.6559705285399,0.0,66.678636,66.678636,890.1118218613492,0.1358451352843134,0.2,1,0,0,0.0,0.0,0.0,0.0,0.0,0.0,0.0,0.0,0,0
20041,r0008,1,reactive,4179.568279082054,0.0,66.340355,66.340355,4173.978525774892,-0.0013373996867421523,0.2,0,0,0,0.0,0.0,0.0,0.0,0.0,0.0,0.0,0.0,0,0
20041,r0008,2,reactive,8947.809909335687,0.0,66.320909,66.320909,9932.60392602416,0.11005978297113667,0.2,1,0,0,0.0,0.0,0.0,0.0,0.0,0.0,0.0,0.0,0,0
20041,r0010,0,reactive,1485.3081828006107,0.0,66.301183,66.301183,1501.0532480893723,0.010600537633256524,0.2,0,0,0,0.0,0.0,0.0,0.0,0.0,0.0,0.0,0.0,0,0
20042,r0002,0,reactive,6078.262850157979,0.0,61.973614,61.973614,6781.605604288172,0.11571443543477428,0.2,1,0,0,0.0,0.0,0.0,0.0,0.0,0.0,0.0,0.0,0,0
20042,r0016,0,reactive,974.9856812654998,0.0,62.79818,62.79818,976.3152848232743,0.0013637159840631519,0.2,1,0,0,0.0,0.0,0.0,0.0,0.0,0.0,0.0,0.0,0,0
20042,r0017,0,reactive,0.0,0.0,62.554553,62.554553,0.0,0.17226957033370138,0.2,0,0,0,0.0,0.0,0.0,0.0,0.0,0.0,0.0,0.0,0,0
20042,r0018,0,reactive,0.0,0.0,62.453522,62.453522,0.0,-0.11864989920633923,0.2,1,0,0,0.0,0.0,0.0,0.0,0.0,0.0,0.0,0.0,0,0
20042,r0018,1,reactive,3114.39657904625,0.0,121.967053,121.967053,3699.9807485108477,0.18802492059117487,0.2,1,0,0,0.0,0.0,0.0,0.0,0.0,0.0,0.0,0.0,0,0
20042,r0023,0,reactive,0.0,0.0,62.183564,62.183564,0.0,-0.15416291722757217,0.2,1,0,0,0.0,0.0,0.0,0.0,0.0,0.0,0.0,0.0,0,0
20042,r0014,0,reactive,0.0,0.0,62.383722,62.383722,0.0,0.08158025319526285,0.2,0,0,0,0.0,0.0,0.0,0.0,0.0,0.0,0.0,0.0,0,0
20042,r0010,0,reactive,0.0,0.0,62.571774,62.571774,0.0,0.18706228846160228,0.2,1,0,0,0.0,0.0,0.0,0.0,0.0,0.0,0.0,0.0,0,0
20042,r0001,0,reactive,3674.334550280306,0.0,62.343905,62.343905,3820.436429736778,0.03976281349920252,0.2,1,0,0,0.0,0.0,0.0,0.0,0.0,0.0,0.0,0.0,0,0
20042,r0001,1,reactive,4005.4462976106406,0.0,62.278971,62.278971,4027.502180222216,0.005506473179963001,0.2,1,0,0,0.0,0.0,0.0,0.0,0.0,0.0,0.0,0.0,0,0
20042,r0007,0,reactive,1870.4565641971385,0.0,62.20488,62.20488,1641.6088677174375,-0.12234857566870572,0.2,0,0,0,0.0,0.0,0.0,0.0,0.0,0.0,0.0,0.0,0,0
20043,r0014,0,reactive,2487.4037004959882,0.0,38.601321,38.601321,2514.06805334485,0.010719752826428841,0.2,1,0,0,0.0,0.0,0.0,0.0,0.0,0.0,0.0,0.0,0,0
20043,r0002,0,reactive,6815.641036098283,0.0,38.54824,38.54824,5846.895291715212,-0.14213567575701488,0.2,1,0,0,0.0,0.0,0.0,0.0,0.0,0.0,0.0,0.0,0,0
20043,r0023,0,reactive,4120.4680061766485,0.0,32.912742,32.912742,3959.519824613472,-0.03906065556677363,0.2,0,0,0,0.0,0.0,0.0,0.0,0.0,0.0,0.0,0.0,0,0
20043,r0023,1,reactive,1307.8017608652663,0.0,59.870767,59.870767,1456.7683650837,0.11390610463765899,0.2,1,0,0,0.0,0.0,0.0,0.0,0.0,0.0,0.0,0.0,0,0
20043,r0003,0,reactive,0.0,0.0,32.636797,32.636797,0.0,-0.11959666552939074,0.2,1,0,0,0.0,0.0,0.0,0.0,0.0,0.0,0.0,0.0,0,0
20043,r0003,1,reactive,6795.898925640649,0.0,59.96544,59.96544,7437.746145851317,0.09444625754938835,0.2,1,0,0,0.0,0.0,0.0,0.0,0.0,0.0,0.0,0.0,0,0
20043,r0017,0,reactive,0.0,0.0,38.976837,38.976837,0.0,-0.10618442249655127,0.2,1,0,0,0.0,0.0,0.0,0.0,0.0,0.0,0.0,0.0,0,0
20043,r0010,0,reactive,1786.9981196585286,0.0,38.645812,38.645812,1566.788911367581,-0.12322856183700215,0.2,1,0,0,0.0,0.0,0.0,0.0,0.0,0.0,0.0,0.0,0,0
20043,r0005,0,reactive,0.0,0.0,33.135493,33.135493,0.0,0.16962222597356963,0.2,0,0,0,0.0,0.0,0.0,0.0,0.0,0.0,0.0,0.0,0,0
20043,r0005,1,reactive,2941.3533360223446,0.0,59.985633,59.985633,3178.7214581111543,0.08070030865785338,0.2,1,0,0,0.0,0.0,0.0,0.0,0.0,0.0,0.0,0.0,0,0
20043,r0005,2,reactive,5741.3055747006365,0.0,59.788936,59.788936,6878.749463998693,0.1981158944596612,0.2,0,0,0,0.0,0.0,0.0,0.0,0.0,0.0,0.0,0.0,0,0
20043,r0004,0,reactive,2072.1219804503125,0.0,32.920974,32.920974,2349.186471111454,0.13371051186906002,0.2,0,0,0,0.0,0.0,0.0,0.0,0.0,0.0,0.0,0.0,0,0
20043,r0004,1,reactive,7210.272055305839,0.0,59.91028,59.91028,7669.251862754768,0.06365637855664236,0.2,1,0,0,0.0,0.0,0.0,0.0,0.0,0.0,0.0,0.0,0,0
20043,r0016,0,reactive,0.0,0.0,32.531507,32.531507,0.0,-0.07088622671962316,0.2,1,0,0,0.0,0.0,0.0,0.0,0.0,0.0,0.0,0.0,0,0
20044,r0015,0,reactive,3293.3734784337694,0.0,43.678829,43.678829,3800.121404906261,0.1538689522433045,0.2,0,0,0,0.0,0.0,0.0,0.0,0.0,0.0,0.0,0.0,0,0
20044,r0015,1,reactive,1537.3513084059923,0.0,65.509798,65.509798,1400.9153776708094,-0.08874739949754683,0.2,0,0,0,0.0,0.0,0.0,0.0,0.0,0.0,0.0,0.0,0,0
20044,r0015,2,reactive,8852.31772340427,0.0,64.97829,64.97829,8087.682932514092,-0.08637679021264599,0.2,1,0,0,0.0,0.0,0.0,0.0,0.0,0.0,0.0,0.0,0,0
20044,r0000,0,reactive,7250.4136092651825,0.0,43.564432,43.564432,6866.309406136398,-0.05297686778005928,0.2,1,0,0,0.0,0.0,0.0,0.0,0.0,0.0,0.0,0.0,0,0
20044,r0013,0,reactive,2876.539942055955,0.0,43.200562,43.200562,2424.059958436325,-0.15730008716521715,0.2,1,0,0,0.0,0.0,0.0,0.0,0.0,0.0,0.0,0.0,0,0
20044,r0021,0,reactive,3538.18063301445,0.0,43.244529,43.244529,3864.9592527514437,0.09235781143784777,0.2,1,0,0,0.0,0.0,0.0,0.0,0.0,0.0,0.0,0.0,0,0
20044,r0001,0,reactive,4526.698513635001,0.0,43.659451,43.659451,5425.3808054992205,0.19852930102529948,0.2,1,0,0,0.0,0.0,0.0,0.0,0.0,0.0,0.0,0.0,0,0
20044,r0009,0,reactive,0.0,0.0,44.005511,44.005511,0.0,-0.17041737288529357,0.2,0,0,0,0.0,0.0,0.0,0.0,0.0,0.0,0.0,0.0,0,0
20044,r0009,1,reactive,0.0,0.0,65.73312,65.73312,0.0,-0.0049863873243014,0.2,0,0,0,0.0,0.0,0.0,0.0,0.0,0.0,0.0,0.0,0,0
20044,r0009,2,reactive,5900.85649763469,0.0,65.900534,65.900534,5942.082816562291,0.006986497459161356,0.2,1,0,0,0.0,0.0,0.0,0.0,0.0,0.0,0.0,0.0,0,0
20044,r0009,3,reactive,4781.855103713955,0.0,65.600245,65.600245,4599.212022300965,-0.038195026292439316,0.2,1,0,0,0.0,0.0,0.0,0.0,0.0,0.0,0.0,0.0,0,0
20044,r0008,0,reactive,0.0,0.0,43.80108,43.80108,0.0,0.029002938952991247,0.2,1,0,0,0.0,0.0,0.0,0.0,0.0,0.0,0.0,0.0,0,0
20044,r0008,1,reactive,5551.508715228432,0.0,65.289646,65.289646,6015.516011160227,0.08358219715281512,0.2,1,0,0,0.0,0.0,0.0,0.0,0.0,0.0,0.0,0.0,0,0
20044,r0004,0,reactive,788.9401453556711,0.0,43.09154,43.09154,871.8252660870088,0.10505882001222205,0.2,1,0,0,0.0,0.0,0.0,0.0,0.0,0.0,0.0,0.0,0,0
20044,r0004,1,reactive,4959.311447841945,0.0,64.938345,64.938345,5077.643722168656,0.023860625728235607,0.2,1,0,0,0.0,0.0,0.0,0.0,0.0,0.0,0.0,0.0,0,0
20044,r0004,2,reactive,5397.422571607807,0.0,65.175715,65.175715,5860.44424065888,0.08578569917551332,0.2,1,0,0,0.0,0.0,0.0,0.0,0.0,0.0,0.0,0.0,0,0
20044,r0007,0,reactive,1172.37685180697,0.0,43.538012,43.538012,1222.9053856781027,0.04309922512821163,0.2,0,0,0,0.0,0.0,0.0,0.0,0.0,0.0,0.0,0.0,0,0
20044,r0017,0,reactive,3386.3572017210026,0.0,43.605346,43.605346,3976.246559493077,0.1741958460472755,0.2,1,0,0,0.0,0.0,0.0,0.0,0.0,0.0,0.0,0.0,0,0
20044,r0020,0,reactive,6452.16440924682,0.0,43.718732,43.718732,6113.17216335825,-0.052539306872395886,0.2,1,0,0,0.0,0.0,0.0,0.0,0.0,0.0,0.0,0.0,0,0
20044,r0020,1,reactive,4786.340486465429,0.0,65.742763,65.742763,4346.512871126684,-0.09189225392185688,0.2,1,0,0,0.0,0.0,0.0,0.0,0.0,0.0,0.0,0.0,0,0
20044,r0020,2,reactive,4386.4000419170625,0.0,65.55622,65.55622,4765.286155678523,0.08637746446762057,0.2,1,0,0,0.0,0.0,0.0,0.0,0.0,0.0,0.0,0.0,0,0
20045,r0015,0,reactive,5168.078632444183,0.0,62.439811,62.439811,4458.409052817835,-0.1373178757713132,0.2,1,0,0,0.0,0.0,0.0,0.0,0.0,0.0,0.0,0.0,0,0
20045,r0010,0,reactive,1067.2829342041077,0.0,62.334155,62.334155,1126.7218781640993,0.05569183395995764,0.2,1,0,0,0.0,0.0,0.0,0.0,0.0,0.0,0.0,0.0,0,0
20045,r0003,0,reactive,0.0,0.0,62.12602,62.12602,0.0,0.07127764737102982,0.2,0,0,0,0.0,0.0,0.0,0.0,0.0,0.0,0.0,0.0,0,0
20045,r0016,0,reactive,5126.521897434352,0.0,62.697302,62.697302,5056.179728613319,-0.013721226638324951,0.2,0,0,0,0.0,0.0,0.0,0.0,0.0,0.0,0.0,0.0,0,0
20046,r0005,0,reactive,2131.4076637237968,0.0,37.10516,37.10516,1976.5426359584387,-0.07265856757537997,0.2,1,0,0,0.0,0.0,0.0,0.0,0.0,0.0,0.0,0.0,0,0
20046,r0005,1,reactive,725.1090261328072,0.0,62.102887,62.102887,826.3213794078165,0.13958225539516556,0.2,0,0,0,0.0,0.0,0.0,0.0,0.0,0.0,0.0,0.0,0,0
20046,r0005,2,reactive,3456.7328394521574,0.0,62.146612,62.146612,3725.394600565091,0.07772129741895611,0.2,1,0,0,0.0,0.0,0.0,0.0,0.0,0.0,0.0,0.0,0,0
20046,r0005,3,reactive,3769.964068989597,0.0,62.980692,62.980692,3101.0734648065804,-0.17742625445294724,0.2,1,0,0,0.0,0.0,0.0,0.0,0.0,0.0,0.0,0.0,0,0
20046,r0017,0,reactive,0.0,0.0,37.399445,37.399445,0.0,-0.18478764612652793,0.2,1,0,0,0.0,0.0,0.0,0.0,0.0,0.0,0.0,0.0,0,0
20046,r0017,1,reactive,0.0,0.0,37.454971,37.454971,0.0,-0.04838380867301867,0.2,1,0,0,0.0,0.0,0.0,0.0,0.0,0.0,0.0,0.0,0,0
20046,r0000,0,reactive,0.0,0.0,36.791847,36.791847,0.0,0.18131074184170437,0.2,1,0,0,0.0,0.0,0.0,0.0,0.0,0.0,0.0,0.0,0,0
20046,r0000,1,reactive,1746.1579279527868,0.0,63.328774,63.328774,1700.0561487841244,-0.026401838247650744,0.2,1,0,0,0.0,0.0,0.0,0.0,0.0,0.0,0.0,0.0,0,0
20046,r0001,0,reactive,0.0,0.0,37.428931,37.428931,0.0,0.1411000812662005,0.2,1,0,0,0.0,0.0,0.0,0.0,0.0,0.0,0.0,0.0,0,0
20046,r0001,1,reactive,0.0,0.0,37.183942,37.183942,0.0,0.05734467058350229,0.2,1,0,0,0.0,0.0,0.0,0.0,0.0,0.0,0.0,0.0,0,0
20046,r0013,0,reactive,0.0,0.0,36.95733,36.95733,0.0,-0.13422686707560283,0.2,1,0,0,0.0,0.0,0.0,0.0,0.0,0.0,0.0,0.0,0,0
20046,r0013,1,reactive,0.0,0.0,62.86498,62.86498,0.0,-0.006436878640247917,0.2,1,0,0,0.0,0.0,0.0,0.0,0.0,0.0,0.0,0.0,0,0
20046,r0013,2,reactive,4353.971310277888,0.0,62.940576,62.940576,3943.351369640101,-0.09430928946832667,0.2,1,0,0,0.0,0.0,0.0,0.0,0.0,0.0,0.0,0.0,0,0
20046,r0013,3,reactive,3021.6074981367674,0.0,63.338953,63.338953,2604.7380400568936,-0.1379628089806273,0.2,1,0,0,0.0,0.0,0.0,0.0,0.0,0.0,0.0,0.0,0,0
20046,r0004,0,reactive,0.0,0.0,37.309364,37.309364,0.0,0.03611045518655426,0.2,1,0,0,0.0,0.0,0.0,0.0,0.0,0.0,0.0,0.0,0,0
20046,r0004,1,reactive,0.0,0.0,37.350645,37.350645,0.0,0.12437612884527344,0.2,1,0,0,0.0,0.0,0.0,0.0,0.0,0.0,0.0,0.0,0,0
20046,r0012,0,reactive,0.0,0.0,37.146054,37.146054,0.0,-0.04401302746800523,0.2,1,0,0,0.0,0.0,0.0,0.0,0.0,0.0,0.0,0.0,0,0
20046,r0012,1,reactive,0.0,0.0,37.872394,37.872394,0.0,-0.06318523013486951,0.2,1,0,0,0.0,0.0,0.0,0.0,0.0,0.0,0.0,0.0,0,0
20046,r0016,0,reactive,1803.5632250752315,0.0,37.474789,37.474789,1980.8856933755267,0.0983178553626245,0.2,0,0,0,0.0,0.0,0.0,0.0,0.0,0.0,0.0,0.0,0,0
20046,r0015,0,reactive,0.0,0.0,37.128423,37.128423,0.0,-0.02805183169870737,0.2,0,0,0,0.0,0.0,0.0,0.0,0.0,0.0,0.0,0.0,0,0
20046,r0015,1,reactive,3094.4649252962336,0.0,63.171265,63.171265,2634.901620929142,-0.14851139549532852,0.2,0,0,0,0.0,0.0,0.0,0.0,0.0,0.0,0.0,0.0,0,0
20046,r0022,0,reactive,0.0,0.0,37.599926,37.599926,0.0,0.024974333963332762,0.2,1,0,0,0.0,0.0,0.0,0.0,0.0,0.0,0.0,0.0,0,0
20046,r0022,1,reactive,0.0,0.0,62.95986,62.95986,0.0,0.05846526163909216,0.2,1,0,0,0.0,0.0,0.0,0.0,0.0,0.0,0.0,0.0,0,0
20046,r0022,2,reactive,1770.7917743636062,0.0,62.836607,62.836607,1661.6513659748682,-0.06163367707530784,0.2,1,0,0,0.0,0.0,0.0,0.0,0.0,0.0,0.0,0.0,0,0
20046,r0022,3,reactive,3902.6295111331638,0.0,62.545419,62.545419,4324.647991676685,0.10813695723347938,0.2,1,0,0,0.0,0.0,0.0,0.0,0.0,0.0,0.0,0.0,0,0
20046,r0014,0,reactive,0.0,0.0,37.065589,37.065589,0.0,-0.11875032774887179,0.2,1,0,0,0.0,0.0,0.0,0.0,0.0,0.0,0.0,0.0,0,0
20046,r0019,0,reactive,0.0,0.0,37.081196,37.081196,0.0,0.0701783786591782,0.2,1,0,0,0.0,0.0,0.0,0.0,0.0,0.0,0.0,0.0,0,0
20047,r0004,0,reactive,1182.2759459944473,0.0,63.305389,63.305389,1066.5556420052894,-0.09787926784877801,0.2,1,0,0,0.0,0.0,0.0,0.0,0.0,0.0,0.0,0.0,0,0
20047,r0015,0,reactive,0.0,0.0,63.378877,63.378877,0.0,0.11893811546486494,0.2,0,0,0,0.0,0.0,0.0,0.0,0.0,0.0,0.0,0.0,0,0
20047,r0010,0,reactive,3533.084037252611,0.0,62.433854,62.433854,3426.7724722318426,-0.030090301815588333,0.2,1,0,0,0.0,0.0,0.0,0.0,0.0,0.0,0.0,0.0,0,0
20047,r0010,1,reactive,3277.1678854993133,0.0,63.064111,63.064111,3375.028720614306,0.029861404277761794,0.2,1,0,0,0.0,0.0,0.0,0.0,0.0,0.0,0.0,0.0,0,0
20047,r0003,0,reactive,928.986892364479,0.0,63.464617,63.464617,1037.2169372457192,0.1165033067428653,0.2,1,0,0,0.0,0.0,0.0,0.0,0.0,0.0,0.0,0.0,0,0
20047,r0008,0,reactive,7368.602808350075,0.0,62.622683,62.622683,7862.511798767991,0.06702885245194934,0.2,1,0,0,0.0,0.0,0.0,0.0,0.0,0.0,0.0,0.0,0,0
20047,r0023,0,reactive,4307.9025116689845,0.0,62.090359,62.090359,3745.4980297875477,-0.13055181271118127,0.2,1,0,0,0.0,0.0,0.0,0.0,0.0,0.0,0.0,0.0,0,0
20047,r0023,1,reactive,3856.697231412909,0.0,63.08053,63.08053,3913.2555922379524,0.01466497301483094,0.2,1,0,0,0.0,0.0,0.0,0.0,0.0,0.0,0.0,0.0,0,0
20048,r0001,0,reactive,6531.275982714535,0.0,66.21094,66.21094,5388.298460745952,-0.17500064688638936,0.2,0,0,0,0.0,0.0,0.0,0.0,0.0,0.0,0.0,0.0,0,0
20048,r0003,0,reactive,3207.7675691302866,0.0,66.067616,66.067616,3148.0728664526464,-0.018609422718811552,0.2,0,0,0,0.0,0.0,0.0,0.0,0.0,0.0,0.0,0.0,0,0
20048,r0017,0,reactive,0.0,0.0,66.019649,66.019649,0.0,-0.14375895066639527,0.2,1,0,0,0.0,0.0,0.0,0.0,0.0,0.0,0.0,0.0,0,0
20048,r0004,0,reactive,377.51863418691937,0.0,65.618648,65.618648,358.0666257773294,-0.05152595566967097,0.2,1,0,0,0.0,0.0,0.0,0.0,0.0,0.0,0.0,0.0,0,0
20049,r0000,0,reactive,2416.936093215175,0.0,70.921128,70.921128,2228.299541881497,-0.07804780269665318,0.2,0,0,0,0.0,0.0,0.0,0.0,0.0,0.0,0.0,0.0,0,0
20049,r0000,1,reactive,9509.005157056163,0.0,70.483519,70.483519,8823.777489619986,-0.07206092079229803,0.2,1,0,0,0.0,0.0,0.0,0.0,0.0,0.0,0.0,0.0,0,0
20049,r0009,0,reactive,2604.1098268584255,0.0,70.562975,70.562975,2619.2241398664573,0.005804022876510467,0.2,1,0,0,0.0,0.0,0.0,0.0,0.0,0.0,0.0,0.0,0,0
20049,r0009,1,reactive,5324.863681601462,0.0,70.151823,70.151823,4572.580952736282,-0.14127736855771122,0.2,1,0,0,0.0,0.0,0.0,0.0,0.0,0.0,0.0,0.0,0,0
20049,r0020,0,reactive,0.0,0.0,70.378921,70.378921,0.0,0.025940958548011206,0.2,1,0,0,0.0,0.0,0.0,0.0,0.0,0.0,0.0,0.0,0,0
20049,r0014,0,reactive,2270.2210275383877,0.0,71.586939,71.586939,2289.344554949752,0.008423641213516658,0.2,1,0,0,0.0,0.0,0.0,0.0,0.0,0.0,0.0,0.0,0,0
20049,r0014,1,reactive,7082.6314586731205,0.0,70.511296,70.511296,5686.344085556898,-0.19714245775225,0.2,1,0,0,0.0,0.0,0.0,0.0,0.0,0.0,0.0,0.0,0,0
20049,r0007,0,reactive,0.0,0.0,70.770255,70.770255,0.0,-0.0379119349771142,0.2,0,0,0,0.0,0.0,0.0,0.0,0.0,0.0,0.0,0.0,0,0
20049,r0007,1,reactive,3947.915127584576,0.0,70.288157,70.288157,4306.822033447854,0.09091049180757466,0.2,1,0,0,0.0,0.0,0.0,0.0,0.0,0.0,0.0,0.0,0,0
20049,r0007,2,reactive,5691.728196206361,0.0,70.597187,70.597187,4698.456869794881,-0.1745113772427702,0.2,0,0,0,0.0,0.0,0.0,0.0,0.0,0.0,0.0,0.0,0,0
20049,r0006,0,reactive,0.0,0.0,72.812986,72.812986,0.0,-0.015490616784799627,0.2,0,0,0,0.0,0.0,0.0,0.0,0.0,0.0,0.0,0.0,0,0
20049,r0006,1,reactive,9403.219440399796,0.0,70.638252,70.638252,9583.279742476008,0.019148792944531756,0.2,1,0,0,0.0,0.0,0.0,0.0,0.0,0.0,0.0,0.0,0,0
20049,r0013,0,reactive,0.0,0.0,70.812552,70.812552,0.0,0.11597465192361261,0.2,1,0,0,0.0,0.0,0.0,0.0,0.0,0.0,0.0,0.0,0,0
20050,r0019,0,reactive,3513.5517697191463,0.0,55.921787,55.921787,3473.371551605284,-0.011435783716109649,0.2,1,0,0,0.0,0.0,0.0,0.0,0.0,0.0,0.0,0.0,0,0
20050,r0019,1,reactive,5723.336494683459,0.0,64.633501,64.633501,5458.372296784919,-0.04629540795734649,0.2,1,0,0,0.0,0.0,0.0,0.0,0.0,0.0,0.0,0.0,0,0
20050,r0000,0,reactive,1950.5455350917146,0.0,56.550979,56.550979,2138.7353111035636,0.09648058588029873,0.2,1,0,0,0.0,0.0,0.0,0.0,0.0,0.0,0.0,0.0,0,0
20050,r0000,1,reactive,6307.923223010679,0.0,65.241502,65.241502,5655.731472112365,-0.10339246814532932,0.2,1,0,0,0.0,0.0,0.0,0.0,0.0,0.0,0.0,0.0,0,0
20050,r0009,0,reactive,2202.351859810431,0.0,56.171964,56.171964,2211.015076228464,0.003933620497307055,0.2,1,0,0,0.0,0.0,0.0,0.0,0.0,0.0,0.0,0.0,0,0
20050,r0012,0,reactive,0.0,0.0,65.465219,65.465219,0.0,-0.1771941365304709,0.2,1,0,0,0.0,0.0,0.0,0.0,0.0,0.0,0.0,0.0,0,0
20050,r0012,1,reactive,5980.5374044658165,0.0,65.3281,65.3281,5645.415385501364,-0.056035435664060634,0.2,1,0,0,0.0,0.0,0.0,0.0,0.0,0.0,0.0,0.0,0,0
20050,r0012,2,reactive,3369.1171577427012,0.0,65.118609,65.118609,3831.3353890787894,0.1371926857081377,0.2,0,0,0,0.0,0.0,0.0,0.0,0.0,0.0,0.0,0.0,0,0
20050,r0003,0,reactive,0.0,0.0,64.820412,64.820412,0.0,0.08465456114829262,0.2,0,0,0,0.0,0.0,0.0,0.0,0.0,0.0,0.0,0.0,0,0
20050,r0003,1,reactive,6390.200516449386,0.0,65.068797,65.068797,5220.748988543839,-0.18300701596064065,0.2,1,0,0,0.0,0.0,0.0,0.0,0.0,0.0,0.0,0.0,0,0
20050,r0020,0,reactive,0.0,0.0,64.974936,64.974936,0.0,0.14396855510940681,0.2,0,0,0,0.0,0.0,0.0,0.0,0.0,0.0,0.0,0.0,0,0
20050,r0018,0,reactive,578.6272589059627,0.0,65.090434,65.090434,637.6643285224426,0.10202953405289633,0.2,1,0,0,0.0,0.0,0.0,0.0,0.0,0.0,0.0,0.0,0,0
20050,r0021,0,reactive,0.0,0.0,64.638545,64.638545,0.0,-0.08822042536641823,0.2,1,0,0,0.0,0.0,0.0,0.0,0.0,0.0,0.0,0.0,0,0
20050,r0006,0,reactive,1351.3983765470803,0.0,64.976283,64.976283,1264.9650819400206,-0.06395841234314856,0.2,1,0,0,0.0,0.0,0.0,0.0,0.0,0.0,0.0,0.0,0,0
20051,r0010,0,reactive,6393.418643407189,0.0,63.658314,63.658314,6395.952620092493,0.0003963414296227208,0.2,0,0,0,0.0,0.0,0.0,0.0,0.0,0.0,0.0,0.0,0,0
20051,r0004,0,reactive,0.0,0.0,63.346502,63.346502,0.0,-0.15646295436993946,0.2,1,0,0,0.0,0.0,0.0,0.0,0.0,0.0,0.0,0.0,0,0
20051,r0009,0,reactive,355.1603243666814,0.0,63.709393,63.709393,292.55875942013535,-0.17626283301260234,0.2,1,0,0,0.0,0.0,0.0,0.0,0.0,0.0,0.0,0.0,0,0
20051,r0001,0,reactive,0.0,0.0,63.500973,63.500973,0.0,-0.13008691745480555,0.2,1,0,0,0.0,0.0,0.0,0.0,0.0,0.0,0.0,0.0,0,0
20051,r0006,0,reactive,0.0,0.0,63.13954,63.13954,0.0,0.19069106848759226,0.2,1,0,0,0.0,0.0,0.0,0.0,0.0,0.0,0.0,0.0,0,0
20051,r0005,0,reactive,0.0,0.0,63.41021,63.41021,0.0,0.028447380281475254,0.2,1,0,0,0.0,0.0,0.0,0.0,0.0,0.0,0.0,0.0,0,0
20051,r0014,0,reactive,702.8663015583224,0.0,63.749355,63.749355,607.2332646911334,-0.1360614908627166,0.2,1,0,0,0.0,0.0,0.0,0.0,0.0,0.0,0.0,0.0,0,0
20051,r0012,0,reactive,391.735899266514,0.0,63.666779,63.666779,332.4700232044624,-0.15129038766429384,0.2,1,0,0,0.0,0.0,0.0,0.0,0.0,0.0,0.0,0.0,0,0
20051,r0012,1,reactive,9658.705483978982,0.0,63.417527,63.417527,8286.850044793693,-0.1420330541666068,0.2,1,0,0,0.0,0.0,0.0,0.0,0.0,0.0,0.0,0.0,0,0
20051,r0017,0,reactive,233.1913795202454,0.0,63.787516,63.787516,191.7699831921552,-0.17762833434627048,0.2,0,0,0,0.0,0.0,0.0,0.0,0.0,0.0,0.0,0.0,0,0
20051,r0017,1,reactive,4118.687774273098,0.0,63.260159,63.260159,4058.2531497892232,-0.014673271633109053,0.2,1,0,0,0.0,0.0,0.0,0.0,0.0,0.0,0.0,0.0,0,0
20051,r0017,2,reactive,3556.735438900083,0.0,63.384624,63.384624,2973.8844539857523,-0.16387245971113812,0.2,1,0,0,0.0,0.0,0.0,0.0,0.0,0.0,0.0,0.0,0,0
20051,r0000,0,reactive,521.0299102830686,0.0,63.447375,63.447375,437.578500924918,-0.16016625477952418,0.2,1,0,0,0.0,0.0,0.0,0.0,0.0,0.0,0.0,0.0,0,0
20051,r0000,1,reactive,8171.293887639546,0.0,63.223934,63.223934,6715.619518220971,-0.1781449045200205,0.2,1,0,0,0.0,0.0,0.0,0.0,0.0,0.0,0.0,0.0,0,0
20052,r0011,0,reactive,8371.375831650104,0.0,61.685908,61.685908,9041.421834766421,0.08004012919633074,0.2,1,0,0,0.0,0.0,0.0,0.0,0.0,0.0,0.0,0.0,0,0
20052,r0023,0,reactive,7689.966959431087,0.0,128.82396,128.82396,7502.446748490403,-0.024385047677052463,0.2,1,0,0,0.0,0.0,0.0,0.0,0.0,0.0,0.0,0.0,0,0
20052,r0020,0,reactive,0.0,0.0,63.052187,63.052187,0.0,-0.12700936837725202,0.2,1,0,0,0.0,0.0,0.0,0.0,0.0,0.0,0.0,0.0,0,0
20052,r0020,1,reactive,4316.4913946700835,0.0,62.206428,62.206428,4764.402294096347,0.1037673560473989,0.2,1,0,0,0.0,0.0,0.0,0.0,0.0,0.0,0.0,0.0,0,0
20052,r0017,0,reactive,2643.1701740737444,0.0,63.314938,63.314938,2577.9329249120224,-0.024681441173035168,0.2,0,0,0,0.0,0.0,0.0,0.0,0.0,0.0,0.0,0.0,0,0
20052,r0017,1,reactive,2985.734149476273,0.0,62.280114,62.280114,3177.5098463255977,0.06423066731609839,0.2,1,0,0,0.0,0.0,0.0,0.0,0.0,0.0,0.0,0.0,0,0
20052,r0017,2,reactive,6365.578747836833,0.0,62.050905,62.050905,6552.221376502535,0.029320606351641965,0.2,0,0,0,0.0,0.0,0.0,0.0,0.0,0.0,0.0,0.0,0,0
20052,r0016,0,reactive,5090.144025277223,0.0,61.778953,61.778953,4483.348412403191,-0.11920991034059863,0.2,1,0,0,0.0,0.0,0.0,0.0,0.0,0.0,0.0,0.0,0,0
20052,r0015,0,reactive,6753.485935357712,0.0,61.988379,61.988379,8089.094315982511,0.19776577509879062,0.2,1,0,0,0.0,0.0,0.0,0.0,0.0,0.0,0.0,0.0,0,0
20052,r0022,0,reactive,1776.164611495842,0.0,62.512851,62.512851,1428.6330647088575,-0.19566404179976427,0.2,1,0,0,0.0,0.0,0.0,0.0,0.0,0.0,0.0,0.0,0,0
20052,r0014,0,reactive,0.0,0.0,62.505043,62.505043,0.0,0.14798027241110756,0.2,1,0,0,0.0,0.0,0.0,0.0,0.0,0.0,0.0,0.0,0,0
20052,r0014,1,reactive,1409.0130416279062,0.0,62.312247,62.312247,1358.4278400084484,-0.035901159268912186,0.2,1,0,0,0.0,0.0,0.0,0.0,0.0,0.0,0.0,0.0,0,0
20052,r0004,0,reactive,0.0,0.0,62.976492,62.976492,0.0,-0.033140147273891474,0.2,1,0,0,0.0,0.0,0.0,0.0,0.0,0.0,0.0,0.0,0,0
20052,r0004,1,reactive,5061.873833838639,0.0,62.606666,62.606666,5280.448415623502,0.04318056691253189,0.2,1,0,0,0.0,0.0,0.0,0.0,0.0,0.0,0.0,0.0,0,0
20052,r0004,2,reactive,3115.9061333439095,0.0,62.024983,62.024983,2784.8271602039435,-0.10625447589612103,0.2,1,0,0,0.0,0.0,0.0,0.0,0.0,0.0,0.0,0.0,0,0
20053,r0014,0,reactive,3957.7616254716904,0.0,60.115134,60.115134,4153.2646795600285,0.04939737977904063,0.2,0,0,0,0.0,0.0,0.0,0.0,0.0,0.0,0.0,0.0,0,0
20053,r0006,0,reactive,926.8447475463072,0.0,60.038743,60.038743,875.5996397456342,-0.055289850793606155,0.2,1,0,0,0.0,0.0,0.0,0.0,0.0,0.0,0.0,0.0,0,0
20053,r0000,0,reactive,1536.2046212157584,0.0,59.655313,59.655313,1435.2821997289511,-0.06569594967559525,0.2,1,0,0,0.0,0.0,0.0,0.0,0.0,0.0,0.0,0.0,0,0
20053,r0007,0,reactive,5344.546765938423,0.0,59.759099,59.759099,5491.292761774336,0.0274571450606714,0.2,1,0,0,0.0,0.0,0.0,0.0,0.0,0.0,0.0,0.0,0,0
20054,r0008,0,reactive,7761.387963479157,0.0,24.126271,24.126271,7468.191188798552,-0.037776332797719914,0.2,1,0,0,0.0,0.0,0.0,0.0,0.0,0.0,0.0,0.0,0,0
20054,r0003,0,reactive,140.88661607359245,0.0,29.004816,29.004816,116.576012637059,-0.17255438532099288,0.2,1,0,0,0.0,0.0,0.0,0.0,0.0,0.0,0.0,0.0,0,0
20054,r0021,0,reactive,1788.646904411933,0.0,28.649797,28.649797,1909.81697318294,0.06774398483687599,0.2,1,0,0,0.0,0.0,0.0,0.0,0.0,0.0,0.0,0.0,0,0
20054,r0002,0,reactive,1700.4674489971367,0.0,28.50983,28.50983,1985.6642228469184,0.16771669108866422,0.2,1,0,0,0.0,0.0,0.0,0.0,0.0,0.0,0.0,0.0,0,0
20054,r0015,0,reactive,0.0,0.0,63.226003,63.226003,0.0,0.167324305771755,0.2,0,0,0,0.0,0.0,0.0,0.0,0.0,0.0,0.0,0.0,0,0
20054,r0015,1,reactive,1323.3888058792072,0.0,62.913958,62.913958,1396.4275220368968,0.05519067097531127,0.2,1,0,0,0.0,0.0,0.0,0.0,0.0,0.0,0.0,0.0,0,0
20054,r0020,0,reactive,0.0,0.0,64.101571,64.101571,0.0,0.12758882768806945,0.2,1,0,0,0.0,0.0,0.0,0.0,0.0,0.0,0.0,0.0,0,0
20054,r0020,1,reactive,5600.095148531131,0.0,63.343638,63.343638,5919.958002700854,0.057117396345242655,0.2,1,0,0,0.0,0.0,0.0,0.0,0.0,0.0,0.0,0.0,0,0
20054,r0023,0,reactive,2940.4069407153584,0.0,63.020073,63.020073,2721.500498982265,-0.07444766868895925,0.2,0,0,0,0.0,0.0,0.0,0.0,0.0,0.0,0.0,0.0,0,0
20054,r0013,0,reactive,1223.56338096967,0.0,63.034162,63.034162,1420.2080038092417,0.1607147009284729,0.2,1,0,0,0.0,0.0,0.0,0.0,0.0,0.0,0.0,0.0,0,0
20054,r0013,1,reactive,4657.337138179606,0.0,63.19117,63.19117,5393.123175080008,0.15798427622269906,0.2,0,0,0,0.0,0.0,0.0,0.0,0.0,0.0,0.0,0.0,0,0
20054,r0000,0,reactive,1307.3534668392422,0.0,62.493144,62.493144,1099.125173948013,-0.15927467067851042,0.2,0,0,0,0.0,0.0,0.0,0.0,0.0,0.0,0.0,0.0,0,0
20054,r0000,1,reactive,6185.34044552502,0.0,63.193666,63.193666,5838.86819429759,-0.056015065666772806,0.2,1,0,0,0.0,0.0,0.0,0.0,0.0,0.0,0.0,0.0,0,0
20055,r0007,0,reactive,8842.89735788365,0.0,65.003549,65.003549,8874.340370249749,0.0035557364394902535,0.2,1,0,0,0.0,0.0,0.0,0.0,0.0,0.0,0.0,0.0,0,0
20055,r0016,0,reactive,1083.9283847736224,0.0,65.65701,65.65701,1272.3839425077126,0.17386347694312748,0.2,1,0,0,0.0,0.0,0.0,0.0,0.0,0.0,0.0,0.0,0,0
20055,r0005,0,reactive,0.0,0.0,65.973832,65.973832,0.0,0.06905504445824218,0.2,1,0,0,0.0,0.0,0.0,0.0,0.0,0.0,0.0,0.0,0,0
20055,r0005,1,reactive,4690.534044405431,0.0,65.313632,65.313632,4883.471065615494,0.0411332738198939,0.2,1,0,0,0.0,0.0,0.0,0.0,0.0,0.0,0.0,0.0,0,0
20055,r0005,2,reactive,4913.603259767726,0.0,65.200302,65.200302,5866.509078295223,0.19393218543504115,0.2,1,0,0,0.0,0.0,0.0,0.0,0.0,0.0,0.0,0.0,0,0
20055,r0006,0,reactive,1478.5361214706209,0.0,65.096655,65.096655,1607.4837490412601,0.08721303842234313,0.2,0,0,0,0.0,0.0,0.0,0.0,0.0,0.0,0.0,0.0,0,0
20055,r0010,0,reactive,0.0,0.0,64.854306,64.854306,0.0,-0.033291135647567666,0.2,1,0,0,0.0,0.0,0.0,0.0,0.0,0.0,0.0,0.0,0,0
20055,r0013,0,reactive,1467.4755381709329,0.0,65.523128,65.523128,1468.5470267698827,0.000730157723981717,0.2,0,0,0,0.0,0.0,0.0,0.0,0.0,0.0,0.0,0.0,0,0
20055,r0000,0,reactive,7049.191909815094,0.0,65.128703,65.128703,6714.53909641673,-0.04747392576054041,0.2,1,0,0,0.0,0.0,0.0,0.0,0.0,0.0,0.0,0.0,0,0
20055,r0017,0,reactive,4218.463454665856,0.0,65.737107,65.737107,4851.122351956974,0.14997377696643582,0.2,1,0,0,0.0,0.0,0.0,0.0,0.0,0.0,0.0,0.0,0,0
20055,r0017,1,reactive,6881.295751523634,0.0,64.908166,64.908166,6483.695864179277,-0.05777979928508695,0.2,0,0,0,0.0,0.0,0.0,0.0,0.0,0.0,0.0,0.0,0,0
20055,r0008,0,reactive,5601.67726979802,0.0,65.043636,65.043636,5018.921708394282,-0.10403233412708719,0.2,1,0,0,0.0,0.0,0.0,0.0,0.0,0.0,0.0,0.0,0,0
20056,r0010,0,reactive,2822.429749717216,0.0,67.388543,67.388543,2596.490494703453,-0.08005132989984975,0.2,0,0,0,0.0,0.0,0.0,0.0,0.0,0.0,0.0,0.0,0,0
20056,r0002,0,reactive,2492.8361684816487,0.0,66.4461,66.4461,2803.1628541345585,0.12448739695634536,0.2,1,0,0,0.0,0.0,0.0,0.0,0.0,0.0,0.0,0.0,0,0
20056,r0017,0,reactive,3409.290654126886,0.0,66.243441,66.243441,2985.037181841906,-0.12444039400730716,0.2,1,0,0,0.0,0.0,0.0,0.0,0.0,0.0,0.0,0.0,0,0
20056,r0017,1,reactive,4331.652008185041,0.0,66.426141,66.426141,4968.348555896124,0.1469870032283268,0.2,0,0,0,0.0,0.0,0.0,0.0,0.0,0.0,0.0,0.0,0,0
20056,r0019,0,reactive,1861.6451334104968,0.0,66.005251,66.005251,2225.993845328028,0.19571329969318663,0.2,1,0,0,0.0,0.0,0.0,0.0,0.0,0.0,0.0,0.0,0,0
20056,r0020,0,reactive,0.0,0.0,65.959455,65.959455,0.0,0.0969725997873282,0.2,1,0,0,0.0,0.0,0.0,0.0,0.0,0.0,0.0,0.0,0,0
20056,r0014,0,reactive,1700.1268555053866,0.0,66.668897,66.668897,1366.7397121258637,-0.19609545152465638,0.2,1,0,0,0.0,0.0,0.0,0.0,0.0,0.0,0.0,0.0,0,0
20056,r0001,0,reactive,1281.0038565008617,0.0,66.322785,66.322785,1156.8403275598316,-0.0969267409390867,0.2,1,0,0,0.0,0.0,0.0,0.0,0.0,0.0,0.0,0.0,0,0
20057,r0008,0,reactive,4093.726730883796,0.0,59.268752,59.268752,3566.412930223589,-0.12881021018869165,0.2,0,0,0,0.0,0.0,0.0,0.0,0.0,0.0,0.0,0.0,0,0
20057,r0008,1,reactive,5998.427197428267,0.0,61.569625,61.569625,6914.214456474255,0.15267123012489286,0.2,0,0,0,0.0,0.0,0.0,0.0,0.0,0.0,0.0,0.0,0,0
20057,r0018,0,reactive,3520.8456949042957,0.0,59.482651,59.482651,3032.73473206627,-0.13863457962513556,0.2,0,0,0,0.0,0.0,0.0,0.0,0.0,0.0,0.0,0.0,0,0
20057,r0001,0,reactive,0.0,0.0,59.875846,59.875846,0.0,-0.18109412326402216,0.2,1,0,0,0.0,0.0,0.0,0.0,0.0,0.0,0.0,0.0,0,0
20057,r0011,0,reactive,0.0,0.0,60.774276,60.774276,0.0,-0.18772476391577297,0.2,1,0,0,0.0,0.0,0.0,0.0,0.0,0.0,0.0,0.0,0,0
20057,r0011,1,reactive,1491.8883799121322,0.0,62.476853,62.476853,1740.8827333740064,0.1668987819829652,0.2,0,0,0,0.0,0.0,0.0,0.0,0.0,0.0,0.0,0.0,0,0
20057,r0011,2,reactive,6847.926701072654,0.0,62.134072,62.134072,6043.662338118507,-0.11744640357031964,0.2,1,0,0,0.0,0.0,0.0,0.0,0.0,0.0,0.0,0.0,0,0
20057,r0020,0,reactive,0.0,0.0,59.655067,59.655067,0.0,-0.0843006735840099,0.2,1,0,0,0.0,0.0,0.0,0.0,0.0,0.0,0.0,0.0,0,0
20057,r0014,0,reactive,0.0,0.0,59.394191,59.394191,0.0,-0.1136722035877738,0.2,1,0,0,0.0,0.0,0.0,0.0,0.0,0.0,0.0,0.0,0,0
20057,r0014,1,reactive,1627.6960176947323,0.0,61.712411,61.712411,1454.1132335962109,-0.10664324432295579,0.2,1,0,0,0.0,0.0,0.0,0.0,0.0,0.0,0.0,0.0,0,0
20057,r0004,0,reactive,0.0,0.0,59.499539,59.499539,0.0,-0.082680042129876,0.2,0,0,0,0.0,0.0,0.0,0.0,0.0,0.0,0.0,0.0,0,0
20057,r0009,0,reactive,4156.306984531195,0.0,59.222772,59.222772,3988.7670428566726,-0.04030980923643676,0.2,1,0,0,0.0,0.0,0.0,0.0,0.0,0.0,0.0,0.0,0,0
20057,r0013,0,reactive,0.0,0.0,59.648967,59.648967,0.0,0.1498807965107447,0.2,1,0,0,0.0,0.0,0.0,0.0,0.0,0.0,0.0,0.0,0,0
20057,r0013,1,reactive,3665.0570263012414,0.0,61.682637,61.682637,4096.240053232682,0.1176470171779534,0.2,1,0,0,0.0,0.0,0.0,0.0,0.0,0.0,0.0,0.0,0,0
20057,r0007,0,reactive,32.79010304786789,0.0,60.274663,60.274663,29.18653160036193,-0.10989814341984112,0.2,1,0,0,0.0,0.0,0.0,0.0,0.0,0.0,0.0,0.0,0,0
20057,r0007,1,reactive,2092.1585909692367,0.0,63.14505,63.14505,2298.7073174549696,0.09872517665596514,0.2,1,0,0,0.0,0.0,0.0,0.0,0.0,0.0,0.0,0.0,0,0
20057,r0007,2,reactive,8435.017042371022,0.0,62.019432,62.019432,9662.035993546084,0.14546727588236813,0.2,1,0,0,0.0,0.0,0.0,0.0,0.0,0.0,0.0,0.0,0,0
20057,r0010,0,reactive,5442.505442540612,0.0,59.669821,59.669821,5371.675611198505,-0.013014195776172466,0.2,1,0,0,0.0,0.0,0.0,0.0,0.0,0.0,0.0,0.0,0,0
20058,r0003,0,reactive,3302.3632925854404,0.0,60.583114,60.583114,2957.848025085479,-0.10432385445704201,0.2,1,0,0,0.0,0.0,0.0,0.0,0.0,0.0,0.0,0.0,0,0
20058,r0013,0,reactive,0.0,0.0,59.861723,59.861723,0.0,0.1605794626677159,0.2,1,0,0,0.0,0.0,0.0,0.0,0.0,0.0,0.0,0.0,0,0
20058,r0013,1,reactive,1850.1797319307498,0.0,60.00111,60.00111,1657.8656654594693,-0.10394345108871766,0.2,1,0,0,0.0,0.0,0.0,0.0,0.0,0.0,0.0,0.0,0,0
20058,r0007,0,reactive,0.0,0.0,59.87032,59.87032,0.0,0.07559712274188701,0.2,0,0,0,0.0,0.0,0.0,0.0,0.0,0.0,0.0,0.0,0,0
20058,r0006,0,reactive,0.0,0.0,59.830628,59.830628,0.0,0.1539463791108377,0.2,1,0,0,0.0,0.0,0.0,0.0,0.0,0.0,0.0,0.0,0,0
20058,r0005,0,reactive,0.0,0.0,59.902867,59.902867,0.0,-0.050052403055843325,0.2,0,0,0,0.0,0.0,0.0,0.0,0.0,0.0,0.0,0.0,0,0
20058,r0002,0,reactive,382.0046176116248,0.0,60.95365,60.95365,375.7810610857979,-0.016291835854597453,0.2,1,0,0,0.0,0.0,0.0,0.0,0.0,0.0,0.0,0.0,0,0
20058,r0002,1,reactive,8050.249402154786,0.0,59.622271,59.622271,8569.666200435073,0.06452182688169333,0.2,1,0,0,0.0,0.0,0.0,0.0,0.0,0.0,0.0,0.0,0,0
20058,r0009,0,reactive,3660.7988526663703,0.0,59.786545,59.786545,3481.710003309292,-0.04892070189178449,0.2,1,0,0,0.0,0.0,0.0,0.0,0.0,0.0,0.0,0.0,0,0
20058,r0009,1,reactive,5560.855691529523,0.0,59.458511,59.458511,5075.625152329252,-0.08725825054935155,0.2,0,0,0,0.0,0.0,0.0,0.0,0.0,0.0,0.0,0.0,0,0
20058,r0017,0,reactive,4226.933382934041,0.0,59.891861,59.891861,3459.2787484214455,-0.18161029875984083,0.2,1,0,0,0.0,0.0,0.0,0.0,0.0,0.0,0.0,0.0,0,0
20058,r0011,0,reactive,0.0,0.0,59.558387,59.558387,0.0,0.16515507068670415,0.2,1,0,0,0.0,0.0,0.0,0.0,0.0,0.0,0.0,0.0,0,0
20058,r0020,0,reactive,0.0,0.0,60.134999,60.134999,0.0,-0.17899514296161345,0.2,0,0,0,0.0,0.0,0.0,0.0,0.0,0.0,0.0,0.0,0,0
20059,r0020,0,reactive,2559.477721254332,0.0,61.66081,61.66081,2384.2493954077077,-0.06846253217658402,0.2,0,0,0,0.0,0.0,0.0,0.0,0.0,0.0,0.0,0.0,0,0
20059,r0001,0,reactive,5298.087029770276,0.0,61.365285,61.365285,6008.983403495778,0.13417982183586852,0.2,1,0,0,0.0,0.0,0.0,0.0,0.0,0.0,0.0,0.0,0,0
20059,r0016,0,reactive,0.0,0.0,61.756651,61.756651,0.0,0.16989248441369525,0.2,1,0,0,0.0,0.0,0.0,0.0,0.0,0.0,0.0,0.0,0,0
20059,r0018,0,reactive,1049.024484777241,0.0,61.691964,61.691964,1095.0956112880779,0.04391806595498085,0.2,1,0,0,0.0,0.0,0.0,0.0,0.0,0.0,0.0,0.0,0,0
20059,r0015,0,reactive,3815.9137618666755,0.0,61.624638,61.624638,3638.9451185602447,-0.04637647870214465,0.2,1,0,0,0.0,0.0,0.0,0.0,0.0,0.0,0.0,0.0,0,0
20059,r0010,0,reactive,1297.7317526646111,0.0,61.889812,61.889812,1266.007874827076,-0.024445635835292634,0.2,0,0,0,0.0,0.0,0.0,0.0,0.0,0.0,0.0,0.0,0,0
20059,r0019,0,reactive,0.0,0.0,61.256077,61.256077,0.0,0.016250146963578793,0.2,0,0,0,0.0,0.0,0.0,0.0,0.0,0.0,0.0,0.0,0,0
20059,r0019,1,reactive,973.9041698813635,0.0,61.109144,61.109144,1033.2780606029398,0.06096481826215927,0.2,1,0,0,0.0,0.0,0.0,0.0,0.0,0.0,0.0,0.0,0,0
20059,r0004,0,reactive,0.0,0.0,61.637105,61.637105,0.0,0.15885651775302945,0.2,1,0,0,0.0,0.0,0.0,0.0,0.0,0.0,0.0,0.0,0,0
20059,r0004,1,reactive,0.0,0.0,61.494383,61.494383,0.0,0.11344682720198501,0.2,1,0,0,0.0,0.0,0.0,0.0,0.0,0.0,0.0,0.0,0,0
20059,r0004,2,reactive,1074.557694829633,0.0,61.570739,61.570739,1000.2600332622436,-0.06914255225650678,0.2,1,0,0,0.0,0.0,0.0,0.0,0.0,0.0,0.0,0.0,0,0
20059,r0005,0,reactive,0.0,0.0,61.011195,61.011195,0.0,0.07498243154276946,0.2,1,0,0,0.0,0.0,0.0,0.0,0.0,0.0,0.0,0.0,0,0
20060,r0022,0,reactive,3518.0878496864525,0.0,62.520802,62.520802,3583.73385258321,0.018659568976541724,0.2,1,0,0,0.0,0.0,0.0,0.0,0.0,0.0,0.0,0.0,0,0
20060,r0013,0,reactive,2973.482372131897,0.0,49.535228,49.535228,3100.302547743047,0.04265038757240841,0.2,1,0,0,0.0,0.0,0.0,0.0,0.0,0.0,0.0,0.0,0,0
20060,r0013,1,reactive,5142.638853033768,0.0,63.928689,63.928689,4647.861813568017,-0.09621073025065141,0.2,0,0,0,0.0,0.0,0.0,0.0,0.0,0.0,0.0,0.0,0,0
20060,r0015,0,reactive,1197.9648000226807,0.0,62.788046,62.788046,1046.3233773362354,-0.12658253621773724,0.2,0,0,0,0.0,0.0,0.0,0.0,0.0,0.0,0.0,0.0,0,0
20060,r0006,0,reactive,900.4617155395899,0.0,62.283299,62.283299,758.564640455863,-0.15758257417828916,0.2,1,0,0,0.0,0.0,0.0,0.0,0.0,0.0,0.0,0.0,0,0
20060,r0018,0,reactive,2328.5130556685,0.0,24.623998,24.623998,2528.4354990621123,0.08585841634296376,0.2,1,0,0,0.0,0.0,0.0,0.0,0.0,0.0,0.0,0.0,0,0
20060,r0018,1,reactive,6627.742246749309,0.0,63.204545,63.204545,5473.569208197642,-0.17414271641564688,0.2,1,0,0,0.0,0.0,0.0,0.0,0.0,0.0,0.0,0.0,0,0
20060,r0005,0,reactive,0.0,0.0,24.756391,24.756391,0.0,-0.15783979688005434,0.2,0,0,0,0.0,0.0,0.0,0.0,0.0,0.0,0.0,0.0,0,0
20060,r0005,1,reactive,1782.3706724760013,0.0,62.999054,62.999054,1620.511794399419,-0.09081100838117706,0.2,1,0,0,0.0,0.0,0.0,0.0,0.0,0.0,0.0,0.0,0,0
20060,r0021,0,reactive,2803.3188327693933,0.0,24.852818,24.852818,2906.4349463131466,0.03678358392144959,0.2,1,0,0,0.0,0.0,0.0,0.0,0.0,0.0,0.0,0.0,0,0
20060,r0023,0,reactive,2238.8010237681556,0.0,24.622415,24.622415,2243.4128299652984,0.0020599446525984555,0.2,0,0,0,0.0,0.0,0.0,0.0,0.0,0.0,0.0,0.0,0,0
20060,r0019,0,reactive,0.0,0.0,24.438891,24.438891,0.0,0.10745208354159697,0.2,1,0,0,0.0,0.0,0.0,0.0,0.0,0.0,0.0,0.0,0,0
20061,r0009,0,reactive,2041.2127288645856,0.0,43.382637,43.382637,1638.86036084555,-0.19711437339646715,0.2,1,0,0,0.0,0.0,0.0,0.0,0.0,0.0,0.0,0.0,0,0
20061,r0011,0,reactive,2280.501978117058,0.0,42.858162,42.858162,2301.0071311004563,0.008991508527577963,0.2,1,0,0,0.0,0.0,0.0,0.0,0.0,0.0,0.0,0.0,0,0
20061,r0007,0,reactive,6362.473627248106,0.0,43.049542,43.049542,5686.993503629734,-0.1061662748157481,0.2,1,0,0,0.0,0.0,0.0,0.0,0.0,0.0,0.0,0.0,0,0
20061,r0018,0,reactive,3156.1201497337097,0.0,42.882989,42.882989,2881.8596244742207,-0.08689799888721886,0.2,1,0,0,0.0,0.0,0.0,0.0,0.0,0.0,0.0,0.0,0,0
20061,r0004,0,reactive,0.0,0.0,43.304554,43.304554,0.0,0.03128787703245378,0.2,1,0,0,0.0,0.0,0.0,0.0,0.0,0.0,0.0,0.0,0,0
20061,r0004,1,reactive,2639.8548057868393,0.0,66.593557,66.593557,2431.499927798834,-0.07892664306054611,0.2,0,0,0,0.0,0.0,0.0,0.0,0.0,0.0,0.0,0.0,0,0
20061,r0004,2,reactive,4521.325539833793,0.0,66.740607,66.740607,4732.733562019915,0.04675797403296303,0.2,1,0,0,0.0,0.0,0.0,0.0,0.0,0.0,0.0,0.0,0,0
20061,r0006,0,reactive,0.0,0.0,43.126195,43.126195,0.0,0.15420373715394803,0.2,0,0,0,0.0,0.0,0.0,0.0,0.0,0.0,0.0,0.0,0,0
20061,r0006,1,reactive,873.250382221835,0.0,66.552738,66.552738,1028.9943963635642,0.17834978067282997,0.2,1,0,0,0.0,0.0,0.0,0.0,0.0,0.0,0.0,0.0,0,0
20061,r0013,0,reactive,0.0,0.0,42.798427,42.798427,0.0,-0.08108052971586362,0.2,1,0,0,0.0,0.0,0.0,0.0,0.0,0.0,0.0,0.0,0,0
20061,r0013,1,reactive,0.0,0.0,42.900439,42.900439,0.0,-0.10093582501006781,0.2,0,0,0,0.0,0.0,0.0,0.0,0.0,0.0,0.0,0.0,0,0
20061,r0012,0,reactive,29.734696219944453,0.0,42.933435,42.933435,27.794467644420884,-0.06525133336395636,0.2,1,0,0,0.0,0.0,0.0,0.0,0.0,0.0,0.0,0.0,0,0
20061,r0003,0,reactive,0.0,0.0,42.977495,42.977495,0.0,0.10841226175629276,0.2,1,0,0,0.0,0.0,0.0,0.0,0.0,0.0,0.0,0.0,0,0
20061,r0003,1,reactive,2377.6866179312856,0.0,66.675887,66.675887,2337.6383381757155,-0.016843380222417353,0.2,1,0,0,0.0,0.0,0.0,0.0,0.0,0.0,0.0,0.0,0,0
20061,r0003,2,reactive,4649.65280297034,0.0,66.457298,66.457298,5305.455903618611,0.14104345602521628,0.2,1,0,0,0.0,0.0,0.0,0.0,0.0,0.0,0.0,0.0,0,0
20061,r0020,0,reactive,1209.7635561729912,0.0,42.925734,42.925734,992.6002692559576,-0.1795088683312759,0.2,1,0,0,0.0,0.0,0.0,0.0,0.0,0.0,0.0,0.0,0,0
20062,r0011,0,reactive,2749.320323772463,0.0,68.858076,68.858076,3280.9784276733876,0.19337801394179244,0.2,1,0,0,0.0,0.0,0.0,0.0,0.0,0.0,0.0,0.0,0,0
20062,r0011,1,reactive,4376.038438644247,0.0,67.520091,67.520091,5184.8481792409875,0.18482692781083515,0.2,1,0,0,0.0,0.0,0.0,0.0,0.0,0.0,0.0,0.0,0,0
20062,r0003,0,reactive,0.0,0.0,68.663498,68.663498,0.0,-0.12858378722948674,0.2,1,0,0,0.0,0.0,0.0,0.0,0.0,0.0,0.0,0.0,0,0
20062,r0004,0,reactive,3603.9555170052627,0.0,68.745425,68.745425,3770.4730765409754,0.046204110663963405,0.2,1,0,0,0.0,0.0,0.0,0.0,0.0,0.0,0.0,0.0,0,0
20062,r0004,1,reactive,6435.479369708053,0.0,135.621477,135.621477,6897.040682551399,0.07172135692267545,0.2,1,0,0,0.0,0.0,0.0,0.0,0.0,0.0,0.0,0.0,0,0
20062,r0006,0,reactive,5630.707958049017,0.0,68.361456,68.361456,5548.36240655541,-0.01462436910369233,0.2,1,0,0,0.0,0.0,0.0,0.0,0.0,0.0,0.0,0.0,0,0
20062,r0010,0,reactive,1543.0387400546315,0.0,68.644505,68.644505,1797.3040850924149,0.16478221734652043,0.2,1,0,0,0.0,0.0,0.0,0.0,0.0,0.0,0.0,0.0,0,0
20062,r0010,1,reactive,4872.567319072481,0.0,68.530325,68.530325,4824.655065847832,-0.009833061318026026,0.2,0,0,0,0.0,0.0,0.0,0.0,0.0,0.0,0.0,0.0,0,0
20062,r0008,0,reactive,0.0,0.0,68.079077,68.079077,0.0,0.09511798437916236,0.2,1,0,0,0.0,0.0,0.0,0.0,0.0,0.0,0.0,0.0,0,0
20063,r0013,0,reactive,3932.1725321285467,0.0,61.358909,61.358909,4270.464340029919,0.08603178144837142,0.2,1,0,0,0.0,0.0,0.0,0.0,0.0,0.0,0.0,0.0,0,0
20063,r0020,0,reactive,3297.7287526929504,0.0,61.787653,61.787653,3190.5590940954553,-0.03249802110315461,0.2,1,0,0,0.0,0.0,0.0,0.0,0.0,0.0,0.0,0.0,0,0
20063,r0004,0,reactive,3663.2383023947914,0.0,61.090399,61.090399,3595.0747525413435,-0.018607457180409653,0.2,1,0,0,0.0,0.0,0.0,0.0,0.0,0.0,0.0,0.0,0,0
20064,r0009,0,reactive,30.06514464384327,0.0,71.072653,71.072653,31.748930899982444,0.05600459522432344,0.2,0,0,0,0.0,0.0,0.0,0.0,0.0,0.0,0.0,0.0,0,0
20064,r0009,1,reactive,3919.3738885314533,0.0,70.577443,70.577443,4212.988308985874,0.07491360324504143,0.2,1,0,0,0.0,0.0,0.0,0.0,0.0,0.0,0.0,0.0,0,0
20064,r0016,0,reactive,2228.923161853423,0.0,70.997045,70.997045,2177.130453545666,-0.02323665041225098,0.2,1,0,0,0.0,0.0,0.0,0.0,0.0,0.0,0.0,0.0,0,0
20064,r0016,1,reactive,3806.4740828353715,0.0,70.263123,70.263123,3063.8012283562052,-0.19510781850009684,0.2,1,0,0,0.0,0.0,0.0,0.0,0.0,0.0,0.0,0.0,0,0
20064,r0020,0,reactive,5198.582099205823,0.0,70.407242,70.407242,5630.923735841795,0.0831652993807715,0.2,1,0,0,0.0,0.0,0.0,0.0,0.0,0.0,0.0,0.0,0,0
20064,r0003,0,reactive,0.0,0.0,70.917049,70.917049,0.0,-0.05905426106454256,0.2,0,0,0,0.0,0.0,0.0,0.0,0.0,0.0,0.0,0.0,0,0
20064,r0004,0,reactive,2626.5005737098254,0.0,71.172292,71.172292,2208.805426555873,-0.15903105117695626,0.2,1,0,0,0.0,0.0,0.0,0.0,0.0,0.0,0.0,0.0,0,0
20064,r0004,1,reactive,3170.8138940204117,0.0,70.688899,70.688899,3369.9797605410627,0.06281222209106702,0.2,0,0,0,0.0,0.0,0.0,0.0,0.0,0.0,0.0,0.0,0,0
20065,r0007,0,reactive,3088.7324033302903,0.0,60.631203,60.631203,2741.0908165690726,-0.11255153939084793,0.2,1,0,0,0.0,0.0,0.0,0.0,0.0,0.0,0.0,0.0,0,0
20065,r0000,0,reactive,1445.0128544227482,0.0,60.849758,60.849758,1518.2490891373823,0.050682064516229086,0.2,1,0,0,0.0,0.0,0.0,0.0,0.0,0.0,0.0,0.0,0,0
20065,r0000,1,reactive,6611.80420086722,0.0,60.822554,60.822554,7309.612231465175,0.10553973006436407,0.2,1,0,0,0.0,0.0,0.0,0.0,0.0,0.0,0.0,0.0,0,0
20066,r0016,0,reactive,6305.182977843575,0.0,60.021725,60.021725,5142.962080148606,-0.18432786197942477,0.2,0,0,0,0.0,0.0,0.0,0.0,0.0,0.0,0.0,0.0,0,0
20066,r0001,0,reactive,0.0,0.0,60.522063,60.522063,0.0,0.11593569192561792,0.2,1,0,0,0.0,0.0,0.0,0.0,0.0,0.0,0.0,0.0,0,0
20066,r0005,0,reactive,309.9688972241638,0.0,59.647454,59.647454,275.0446209146937,-0.11267026021715175,0.2,1,0,0,0.0,0.0,0.0,0.0,0.0,0.0,0.0,0.0,0,0
20066,r0011,0,reactive,5152.667260975082,0.0,60.153332,60.153332,5285.8317798371745,0.02584380324160343,0.2,1,0,0,0.0,0.0,0.0,0.0,0.0,0.0,0.0,0.0,0,0
20066,r0006,0,reactive,2371.6404991099807,0.0,61.205687,61.205687,2712.125384724123,0.1435651338143018,0.2,1,0,0,0.0,0.0,0.0,0.0,0.0,0.0,0.0,0.0,0,0
20066,r0006,1,reactive,3862.184960747769,0.0,60.3009,60.3009,3498.7486038798556,-0.09410123040755339,0.2,1,0,0,0.0,0.0,0.0,0.0,0.0,0.0,0.0,0.0,0,0
20066,r0006,2,reactive,4507.005420185211,0.0,60.178513,60.178513,3992.4039878838494,-0.11417812590077037,0.2,1,0,0,0.0,0.0,0.0,0.0,0.0,0.0,0.0,0.0,0,0
20066,r0022,0,reactive,0.0,0.0,61.311151,61.311151,0.0,0.08923349061840419,0.2,1,0,0,0.0,0.0,0.0,0.0,0.0,0.0,0.0,0.0,0,0
20066,r0022,1,reactive,5071.654097913612,0.0,60.527824,60.527824,5489.558877540574,0.08240009502991946,0.2,1,0,0,0.0,0.0,0.0,0.0,0.0,0.0,0.0,0.0,0,0
20066,r0020,0,reactive,0.0,0.0,60.616032,60.616032,0.0,-0.10526543050763904,0.2,1,0,0,0.0,0.0,0.0,0.0,0.0,0.0,0.0,0.0,0,0
20066,r0020,1,reactive,907.0378077443856,0.0,60.634011,60.634011,1007.7690856833004,0.11105521410338187,0.2,1,0,0,0.0,0.0,0.0,0.0,0.0,0.0,0.0,0.0,0,0
20066,r0020,2,reactive,6777.284976393508,0.0,59.894984,59.894984,6106.912433519585,-0.09891461628202897,0.2,1,0,0,0.0,0.0,0.0,0.0,0.0,0.0,0.0,0.0,0,0
20066,r0002,0,reactive,926.818870199797,0.0,60.179659,60.179659,893.5563319229286,-0.035888930778564976,0.2,0,0,0,0.0,0.0,0.0,0.0,0.0,0.0,0.0,0.0,0,0
20066,r0012,0,reactive,3495.9888743733754,0.0,60.84371,60.84371,3251.4952722991798,-0.06993546342964813,0.2,1,0,0,0.0,0.0,0.0,0.0,0.0,0.0,0.0,0.0,0,0
20066,r0012,1,reactive,9075.843318751246,0.0,60.391581,60.391581,10405.29645840618,0.14648260144687625,0.2,0,0,0,0.0,0.0,0.0,0.0,0.0,0.0,0.0,0.0,0,0
20066,r0000,0,reactive,2232.0153208105694,0.0,60.022925,60.022925,1996.8167635873724,-0.10537497436970243,0.2,1,0,0,0.0,0.0,0.0,0.0,0.0,0.0,0.0,0.0,0,0
20066,r0015,0,reactive,3620.7135710390285,0.0,60.716263,60.716263,2975.254373920706,-0.17826850549050655,0.2,1,0,0,0.0,0.0,0.0,0.0,0.0,0.0,0.0,0.0,0,0
20067,r0017,0,reactive,2692.8933429444787,0.0,61.121673,61.121673,2504.587218252684,-0.06992706383458022,0.2,1,0,0,0.0,0.0,0.0,0.0,0.0,0.0,0.0,0.0,0,0
20067,r0017,1,reactive,5314.410474349799,0.0,60.699696,60.699696,5005.576205065881,-0.0581126111305324,0.2,0,0,0,0.0,0.0,0.0,0.0,0.0,0.0,0.0,0.0,0,0
20067,r0023,0,reactive,2914.792640800373,0.0,60.648616,60.648616,3254.6251662520745,0.11658891980679187,0.2,0,0,0,0.0,0.0,0.0,0.0,0.0,0.0,0.0,0.0,0,0
20067,r0007,0,reactive,0.0,0.0,61.127592,61.127592,0.0,-0.08348717627893594,0.2,1,0,0,0.0,0.0,0.0,0.0,0.0,0.0,0.0,0.0,0,0
20067,r0007,1,reactive,6478.234961312883,0.0,60.472425,60.472425,6353.479538542385,-0.019257625497611564,0.2,1,0,0,0.0,0.0,0.0,0.0,0.0,0.0,0.0,0.0,0,0
20067,r0012,0,reactive,3529.0471982818926,0.0,60.695809,60.695809,2964.424755347093,-0.159992885107823,0.2,1,0,0,0.0,0.0,0.0,0.0,0.0,0.0,0.0,0.0,0,0
20067,r0003,0,reactive,1451.9160359823109,0.0,60.63685,60.63685,1703.6804762700276,0.17340151499696232,0.2,1,0,0,0.0,0.0,0.0,0.0,0.0,0.0,0.0,0.0,0,0
20067,r0014,0,reactive,0.0,0.0,60.654476,60.654476,0.0,0.13317584573649593,0.2,1,0,0,0.0,0.0,0.0,0.0,0.0,0.0,0.0,0.0,0,0
20067,r0014,1,reactive,1085.9564035529802,0.0,39.910811,39.910811,1228.7430478516492,0.13148469296880294,0.2,1,0,0,0.0,0.0,0.0,0.0,0.0,0.0,0.0,0.0,0,0
20067,r0013,0,reactive,0.0,0.0,61.193825,61.193825,0.0,-0.11788698254341945,0.2,1,0,0,0.0,0.0,0.0,0.0,0.0,0.0,0.0,0.0,0,0
20067,r0013,1,reactive,4094.3004982834864,0.0,60.751438,60.751438,4472.408046346782,0.0923497306125467,0.2,1,0,0,0.0,0.0,0.0,0.0,0.0,0.0,0.0,0.0,0,0
20067,r0015,0,reactive,2754.4198209762108,0.0,60.983549,60.983549,2946.1181819041954,0.06959663863442705,0.2,1,0,0,0.0,0.0,0.0,0.0,0.0,0.0,0.0,0.0,0,0
20067,r0000,0,reactive,1431.5130466291012,0.0,61.040932,61.040932,1368.2169294920664,-0.04421623490340054,0.2,1,0,0,0.0,0.0,0.0,0.0,0.0,0.0,0.0,0.0,0,0
20067,r0000,1,reactive,6823.217576429175,0.0,60.609211,60.609211,7115.69958828581,0.042865702079765866,0.2,0,0,0,0.0,0.0,0.0,0.0,0.0,0.0,0.0,0.0,0,0
20068,r0022,0,reactive,0.0,0.0,33.883763,33.883763,0.0,0.06793436684798049,0.2,1,0,0,0.0,0.0,0.0,0.0,0.0,0.0,0.0,0.0,0,0
20068,r0022,1,reactive,3239.763397718396,0.0,65.654217,65.654217,3681.644428302169,0.13639299428315288,0.2,1,0,0,0.0,0.0,0.0,0.0,0.0,0.0,0.0,0.0,0,0
20068,r0022,2,reactive,3893.213764389988,0.0,65.464056,65.464056,4369.518159120372,0.12234221482698732,0.2,1,0,0,0.0,0.0,0.0,0.0,0.0,0.0,0.0,0.0,0,0
20068,r0005,0,reactive,0.0,0.0,33.549612,33.549612,0.0,-0.16899555814123263,0.2,1,0,0,0.0,0.0,0.0,0.0,0.0,0.0,0.0,0.0,0,0
20068,r0008,0,reactive,0.0,0.0,33.435282,33.435282,0.0,-0.000940897816775671,0.2,1,0,0,0.0,0.0,0.0,0.0,0.0,0.0,0.0,0.0,0,0
20068,r0015,0,reactive,1920.9281679710475,0.0,33.641862,33.641862,1884.7258810790734,-0.018846247088048218,0.2,1,0,0,0.0,0.0,0.0,0.0,0.0,0.0,0.0,0.0,0,0
20068,r0011,0,reactive,2879.6717885157777,0.0,33.660218,33.660218,2671.659051489651,-0.07223487685495544,0.2,1,0,0,0.0,0.0,0.0,0.0,0.0,0.0,0.0,0.0,0,0
20068,r0011,1,reactive,1385.8022588264248,0.0,65.554835,65.554835,1123.2256414395495,-0.18947625154633535,0.2,1,0,0,0.0,0.0,0.0,0.0,0.0,0.0,0.0,0.0,0,0
20068,r0019,0,reactive,3395.7115895310308,0.0,33.496647,33.496647,2826.867196218754,-0.16751846507401347,0.2,1,0,0,0.0,0.0,0.0,0.0,0.0,0.0,0.0,0.0,0,0
20068,r0006,0,reactive,0.0,0.0,33.662066,33.662066,0.0,-0.025875531493386783,0.2,0,0,0,0.0,0.0,0.0,0.0,0.0,0.0,0.0,0.0,0,0
20068,r0023,0,reactive,5160.820115847295,0.0,33.603099,33.603099,5394.9003447604855,0.04535717650657914,0.2,1,0,0,0.0,0.0,0.0,0.0,0.0,0.0,0.0,0.0,0,0
20068,r0020,0,reactive,5792.727721693904,0.0,33.476101,33.476101,5016.797505961574,-0.13394902246595375,0.2,1,0,0,0.0,0.0,0.0,0.0,0.0,0.0,0.0,0.0,0,0
20068,r0020,1,reactive,2173.954478839063,0.0,41.310208,41.310208,2542.4719933200336,0.16951482566358378,0.2,1,0,0,0.0,0.0,0.0,0.0,0.0,0.0,0.0,0.0,0,0
20069,r0021,0,reactive,675.5862266561016,0.0,67.28977,67.28977,737.2505987623516,0.09127535416384297,0.2,1,0,0,0.0,0.0,0.0,0.0,0.0,0.0,0.0,0.0,0,0
20069,r0015,0,reactive,3627.7130311299406,0.0,67.064624,67.064624,3449.572285018026,-0.049105523116978356,0.2,1,0,0,0.0,0.0,0.0,0.0,0.0,0.0,0.0,0.0,0,0
20069,r0009,0,reactive,3369.3678561754095,0.0,67.729446,67.729446,3442.4098341182553,0.02167824383110145,0.2,1,0,0,0.0,0.0,0.0,0.0,0.0,0.0,0.0,0.0,0,0
20069,r0009,1,reactive,5579.185086247515,0.0,67.385482,67.385482,6218.189414147635,0.11453363134971856,0.2,1,0,0,0.0,0.0,0.0,0.0,0.0,0.0,0.0,0.0,0,0
20069,r0014,0,reactive,5970.352221661582,0.0,67.85297,67.85297,5101.3459955964045,-0.14555359446168958,0.2,1,0,0,0.0,0.0,0.0,0.0,0.0,0.0,0.0,0.0,0,0
20069,r0011,0,reactive,138.38295138685498,0.0,67.796447,67.796447,131.59492933466797,-0.0490524445689183,0.2,1,0,0,0.0,0.0,0.0,0.0,0.0,0.0,0.0,0.0,0,0
20069,r0011,1,reactive,7972.47510939245,0.0,67.439549,67.439549,9291.018156207276,0.1653869129376695,0.2,1,0,0,0.0,0.0,0.0,0.0,0.0,0.0,0.0,0.0,0,0
20070,r0020,0,reactive,0.0,0.0,64.954196,64.954196,0.0,-0.012228393695124795,0.2,1,0,0,0.0,0.0,0.0,0.0,0.0,0.0,0.0,0.0,0,0
20070,r0007,0,reactive,4211.639627362118,0.0,64.690102,64.690102,3511.912786991838,-0.16614119494562274,0.2,1,0,0,0.0,0.0,0.0,0.0,0.0,0.0,0.0,0.0,0,0
20070,r0012,0,reactive,2370.5683457788255,0.0,65.430296,65.430296,2572.604059288229,0.08522669842831582,0.2,1,0,0,0.0,0.0,0.0,0.0,0.0,0.0,0.0,0.0,0,0
20070,r0009,0,reactive,160.2167641125052,0.0,65.011087,65.011087,164.01986305329683,0.023737209784870428,0.2,1,0,0,0.0,0.0,0.0,0.0,0.0,0.0,0.0,0.0,0,0
20070,r0009,1,reactive,6107.4868325984135,0.0,64.943332,64.943332,4978.447660312445,-0.18486149921106285,0.2,1,0,0,0.0,0.0,0.0,0.0,0.0,0.0,0.0,0.0,0,0
20070,r0023,0,reactive,37.507355627014476,0.0,64.853388,64.853388,42.92545463624741,0.14445430552642252,0.2,1,0,0,0.0,0.0,0.0,0.0,0.0,0.0,0.0,0.0,0,0
20070,r0023,1,reactive,6684.851656102943,0.0,64.86234,64.86234,6476.277599704932,-0.031200999981441935,0.2,1,0,0,0.0,0.0,0.0,0.0,0.0,0.0,0.0,0.0,0,0
20070,r0018,0,reactive,7377.010806095997,0.0,65.171882,65.171882,8693.256051465145,0.17842528362320798,0.2,1,0,0,0.0,0.0,0.0,0.0,0.0,0.0,0.0,0.0,0,0
20070,r0005,0,reactive,4004.1451458941665,0.0,65.157126,65.157126,4022.0911854056303,0.004481865381394945,0.2,0,0,0,0.0,0.0,0.0,0.0,0.0,0.0,0.0,0.0,0,0
20071,r0008,0,reactive,3901.4559969844922,0.0,63.826419,63.826419,4178.378708927884,0.070979324682229,0.2,1,0,0,0.0,0.0,0.0,0.0,0.0,0.0,0.0,0.0,0,0
20071,r0012,0,reactive,239.27791740978864,0.0,64.05414,64.05414,252.90826793985613,0.05696451506105388,0.2,0,0,0,0.0,0.0,0.0,0.0,0.0,0.0,0.0,0.0,0,0
20071,r0009,0,reactive,3611.0562081257212,0.0,63.659338,63.659338,2910.626438658627,-0.19396811600189534,0.2,1,0,0,0.0,0.0,0.0,0.0,0.0,0.0,0.0,0.0,0,0
20071,r0009,1,reactive,4193.078924922887,0.0,63.541507,63.541507,3615.385729092341,-0.13777303174448843,0.2,1,0,0,0.0,0.0,0.0,0.0,0.0,0.0,0.0,0.0,0,0
20072,r0009,0,reactive,4082.1265680085926,0.0,43.419715,43.419715,3889.393390550619,-0.04721391516089013,0.2,1,0,0,0.0,0.0,0.0,0.0,0.0,0.0,0.0,0.0,0,0
20072,r0009,1,reactive,1714.9601054827654,0.0,64.6045,64.6045,1411.9760112561994,-0.1766712200813997,0.2,1,0,0,0.0,0.0,0.0,0.0,0.0,0.0,0.0,0.0,0,0
20072,r0003,0,reactive,0.0,0.0,43.749946,43.749946,0.0,0.11528173754768217,0.2,1,0,0,0.0,0.0,0.0,0.0,0.0,0.0,0.0,0.0,0,0
20072,r0003,1,reactive,540.2302213407165,0.0,64.365648,64.365648,512.0907468721673,-0.052087930954166334,0.2,1,0,0,0.0,0.0,0.0,0.0,0.0,0.0,0.0,0.0,0,0
20072,r0021,0,reactive,0.0,0.0,44.014032,44.014032,0.0,-0.037139252056127725,0.2,0,0,0,0.0,0.0,0.0,0.0,0.0,0.0,0.0,0.0,0,0
20072,r0011,0,reactive,88.16389743506079,0.0,43.340648,43.340648,72.23222821958001,-0.1807051375787422,0.2,1,0,0,0.0,0.0,0.0,0.0,0.0,0.0,0.0,0.0,0,0
20072,r0023,0,reactive,0.0,0.0,43.307109,43.307109,0.0,-0.01315018684252861,0.2,1,0,0,0.0,0.0,0.0,0.0,0.0,0.0,0.0,0.0,0,0
20072,r0022,0,reactive,0.0,0.0,43.16331,43.16331,0.0,0.02249347080011338,0.2,0,0,0,0.0,0.0,0.0,0.0,0.0,0.0,0.0,0.0,0,0
20072,r0015,0,reactive,2284.6923023937816,0.0,43.755001,43.755001,2411.8122123181047,0.05563983814850426,0.2,0,0,0,0.0,0.0,0.0,0.0,0.0,0.0,0.0,0.0,0,0
20072,r0015,1,reactive,6699.376715469436,0.0,64.377862,64.377862,7783.872842210669,0.16188015285616614,0.2,1,0,0,0.0,0.0,0.0,0.0,0.0,0.0,0.0,0.0,0,0
20072,r0004,0,reactive,1564.818150426061,0.0,43.91561,43.91561,1480.0695360104503,-0.05415876240477907,0.2,1,0,0,0.0,0.0,0.0,0.0,0.0,0.0,0.0,0.0,0,0
20072,r0004,1,reactive,3769.265147289232,0.0,64.947178,64.947178,3484.9721276152036,-0.07542399076872736,0.2,1,0,0,0.0,0.0,0.0,0.0,0.0,0.0,0.0,0.0,0,0
20072,r0005,0,reactive,0.0,0.0,43.745802,43.745802,0.0,-0.065211701617479,0.2,1,0,0,0.0,0.0,0.0,0.0,0.0,0.0,0.0,0.0,0,0
20072,r0005,1,reactive,1210.3303230758538,0.0,64.609092,64.609092,1283.8778561878235,0.06076649631074316,0.2,1,0,0,0.0,0.0,0.0,0.0,0.0,0.0,0.0,0.0,0,0
20072,r0005,2,reactive,5330.832054244944,0.0,64.99266,64.99266,5211.670333863147,-0.02235330604476804,0.2,1,0,0,0.0,0.0,0.0,0.0,0.0,0.0,0.0,0.0,0,0
20072,r0007,0,reactive,1588.101744325275,0.0,43.127148,43.127148,1687.1251478698948,0.062353311995568206,0.2,1,0,0,0.0,0.0,0.0,0.0,0.0,0.0,0.0,0.0,0,0
20072,r0007,1,reactive,6414.354872379896,0.0,64.159969,64.159969,6166.414125400059,-0.03865404267660119,0.2,0,0,0,0.0,0.0,0.0,0.0,0.0,0.0,0.0,0.0,0,0
20073,r0015,0,reactive,6837.394570576557,0.0,39.162595,39.162595,6213.387612327276,-0.09126385084379632,0.2,1,0,0,0.0,0.0,0.0,0.0,0.0,0.0,0.0,0.0,0,0
20073,r0003,0,reactive,0.0,0.0,39.080393,39.080393,0.0,0.16677986721229798,0.2,1,0,0,0.0,0.0,0.0,0.0,0.0,0.0,0.0,0.0,0,0
20073,r0000,0,reactive,0.0,0.0,39.377983,39.377983,0.0,0.06147991501448674,0.2,1,0,0,0.0,0.0,0.0,0.0,0.0,0.0,0.0,0.0,0,0
20073,r0021,0,reactive,0.0,0.0,39.033284,39.033284,0.0,-0.14790102819647158,0.2,1,0,0,0.0,0.0,0.0,0.0,0.0,0.0,0.0,0.0,0,0
20073,r0021,1,reactive,0.0,0.0,43.026851,43.026851,0.0,0.18744045914012775,0.2,1,0,0,0.0,0.0,0.0,0.0,0.0,0.0,0.0,0.0,0,0
20073,r0017,0,reactive,0.0,0.0,38.973745,38.973745,0.0,0.14370583437914886,0.2,0,0,0,0.0,0.0,0.0,0.0,0.0,0.0,0.0,0.0,0,0
20073,r0002,0,reactive,0.0,0.0,38.494724,38.494724,0.0,0.13105143449794937,0.2,1,0,0,0.0,0.0,0.0,0.0,0.0,0.0,0.0,0.0,0,0
20073,r0023,0,reactive,0.0,0.0,38.99955,38.99955,0.0,0.197111330965829,0.2,1,0,0,0.0,0.0,0.0,0.0,0.0,0.0,0.0,0.0,0,0
20074,r0019,0,reactive,4818.696149544124,0.0,63.143968,63.143968,4769.194500216526,-0.010272830614621975,0.2,1,0,0,0.0,0.0,0.0,0.0,0.0,0.0,0.0,0.0,0,0
20074,r0018,0,reactive,0.0,0.0,63.724786,63.724786,0.0,-0.10284347483373418,0.2,1,0,0,0.0,0.0,0.0,0.0,0.0,0.0,0.0,0.0,0,0
20074,r0017,0,reactive,1730.0277811141386,0.0,63.225924,63.225924,1600.4606499259585,-0.07489309281769962,0.2,1,0,0,0.0,0.0,0.0,0.0,0.0,0.0,0.0,0.0,0,0
20074,r0008,0,reactive,1119.7117472166283,0.0,63.420207,63.420207,917.0783722922457,-0.18096923197250298,0.2,1,0,0,0.0,0.0,0.0,0.0,0.0,0.0,0.0,0.0,0,0
20074,r0014,0,reactive,6644.403074672773,0.0,63.38326,63.38326,6945.750201435359,0.045353528883770616,0.2,1,0,0,0.0,0.0,0.0,0.0,0.0,0.0,0.0,0.0,0,0
20074,r0023,0,reactive,0.0,0.0,64.064525,64.064525,0.0,0.005143784977733601,0.2,1,0,0,0.0,0.0,0.0,0.0,0.0,0.0,0.0,0.0,0,0
20074,r0023,1,reactive,5677.167588638513,0.0,64.280137,64.280137,6729.365929460621,0.1853386084511281,0.2,0,0,0,0.0,0.0,0.0,0.0,0.0,0.0,0.0,0.0,0,0
20075,r0020,0,reactive,5118.847559076128,0.0,59.136922,59.136922,5834.439182729291,0.13979545501103302,0.2,0,0,0,0.0,0.0,0.0,0.0,0.0,0.0,0.0,0.0,0,0
20075,r0007,0,reactive,333.12400071594675,0.0,59.722556,59.722556,286.5889767118855,-0.13969279878978594,0.2,1,0,0,0.0,0.0,0.0,0.0,0.0,0.0,0.0,0.0,0,0
20075,r0002,0,reactive,562.1429639375019,0.0,59.423835,59.423835,513.1714195236166,-0.08711581849369186,0.2,1,0,0,0.0,0.0,0.0,0.0,0.0,0.0,0.0,0.0,0,0
20075,r0015,0,reactive,386.5981377216922,0.0,59.172409,59.172409,369.2809810884765,-0.04479368870028583,0.2,1,0,0,0.0,0.0,0.0,0.0,0.0,0.0,0.0,0.0,0,0
20075,r0004,0,reactive,856.9419748542969,0.0,58.870672,58.870672,719.7683135932549,-0.16007345337981038,0.2,1,0,0,0.0,0.0,0.0,0.0,0.0,0.0,0.0,0.0,0,0
20075,r0003,0,reactive,2253.0731528901742,0.0,59.425268,59.425268,2134.139591921774,-0.05278726117518015,0.2,1,0,0,0.0,0.0,0.0,0.0,0.0,0.0,0.0,0.0,0,0
20075,r0003,1,reactive,5746.257864452244,0.0,58.675075,58.675075,5843.891561783979,0.01699083118697517,0.2,1,0,0,0.0,0.0,0.0,0.0,0.0,0.0,0.0,0.0,0,0
20076,r0020,0,reactive,5969.420025737902,0.0,66.107371,66.107371,4877.746672375259,-0.18287762440165986,0.2,0,0,0,0.0,0.0,0.0,0.0,0.0,0.0,0.0,0.0,0,0
20076,r0004,0,reactive,622.5978777940709,0.0,66.180337,66.180337,708.0630590114912,0.13727188007808883,0.2,1,0,0,0.0,0.0,0.0,0.0,0.0,0.0,0.0,0.0,0,0
20076,r0011,0,reactive,0.0,0.0,65.884628,65.884628,0.0,-0.16794180132384878,0.2,1,0,0,0.0,0.0,0.0,0.0,0.0,0.0,0.0,0.0,0,0
20076,r0011,1,reactive,1739.0451018141302,0.0,65.637791,65.637791,1736.045476169992,-0.0017248693786084401,0.2,1,0,0,0.0,0.0,0.0,0.0,0.0,0.0,0.0,0.0,0,0
20076,r0011,2,reactive,2384.627668681267,0.0,65.394124,65.394124,2711.7920102521825,0.1371972429355573,0.2,1,0,0,0.0,0.0,0.0,0.0,0.0,0.0,0.0,0.0,0,0
20076,r0015,0,reactive,2473.0866182643476,0.0,65.885457,65.885457,2659.7508929439373,0.07547825996106583,0.2,1,0,0,0.0,0.0,0.0,0.0,0.0,0.0,0.0,0.0,0,0
20076,r0015,1,reactive,3398.34026096826,0.0,124.885689,124.885689,2743.6750645087104,-0.1926426273374466,0.2,1,0,0,0.0,0.0,0.0,0.0,0.0,0.0,0.0,0.0,0,0
20076,r0005,0,reactive,4252.7926792941835,0.0,65.438071,65.438071,4734.603294480088,0.11329275878688455,0.2,1,0,0,0.0,0.0,0.0,0.0,0.0,0.0,0.0,0.0,0,0
20077,r0017,0,reactive,3147.125598180325,0.0,61.204696,61.204696,3776.2648018804357,0.19990915013492944,0.2,1,0,0,0.0,0.0,0.0,0.0,0.0,0.0,0.0,0.0,0,0
20077,r0011,0,reactive,858.207553013548,0.0,62.574938,62.574938,926.7480456977764,0.07986470457356398,0.2,1,0,0,0.0,0.0,0.0,0.0,0.0,0.0,0.0,0.0,0,0
20077,r0011,1,reactive,3095.043959290033,0.0,61.157813,61.157813,3176.6538567118705,0.02636792837041252,0.2,1,0,0,0.0,0.0,0.0,0.0,0.0,0.0,0.0,0.0,0,0
20077,r0011,2,reactive,3507.3342853562535,0.0,61.384713,61.384713,3084.8495332537696,-0.12045750924467998,0.2,1,0,0,0.0,0.0,0.0,0.0,0.0,0.0,0.0,0.0,0,0
20077,r0006,0,reactive,0.0,0.0,61.667637,61.667637,0.0,0.15972062438516804,0.2,1,0,0,0.0,0.0,0.0,0.0,0.0,0.0,0.0,0.0,0,0
20077,r0003,0,reactive,132.8291470588738,0.0,61.435071,61.435071,119.76422546078358,-0.09835884583599297,0.2,0,0,0,0.0,0.0,0.0,0.0,0.0,0.0,0.0,0.0,0,0
20077,r0004,0,reactive,891.2320772432322,0.0,61.336379,61.336379,797.2297361898503,-0.10547459349101392,0.2,1,0,0,0.0,0.0,0.0,0.0,0.0,0.0,0.0,0.0,0,0
20077,r0022,0,reactive,0.0,0.0,62.147038,62.147038,0.0,0.18167958292279768,0.2,0,0,0,0.0,0.0,0.0,0.0,0.0,0.0,0.0,0.0,0,0
20077,r0005,0,reactive,909.2532902362036,0.0,61.512097,61.512097,980.6656784524424,0.07853959835293789,0.2,1,0,0,0.0,0.0,0.0,0.0,0.0,0.0,0.0,0.0,0,0
20077,r0007,0,reactive,7816.026136699191,0.0,61.851974,61.851974,8027.608415987323,0.02707031368468349,0.2,1,0,0,0.0,0.0,0.0,0.0,0.0,0.0,0.0,0.0,0,0
20077,r0020,0,reactive,5705.011612183604,0.0,61.258506,61.258506,5197.299100156413,-0.08899412420877831,0.2,1,0,0,0.0,0.0,0.0,0.0,0.0,0.0,0.0,0.0,0,0
20078,r0013,0,reactive,3916.370250264838,0.0,60.811746,60.811746,3374.4662566497777,-0.13836893832456598,0.2,1,0,0,0.0,0.0,0.0,0.0,0.0,0.0,0.0,0.0,0,0
20078,r0008,0,reactive,0.0,0.0,60.981096,60.981096,0.0,0.11498668694087422,0.2,1,0,0,0.0,0.0,0.0,0.0,0.0,0.0,0.0,0.0,0,0
20078,r0021,0,reactive,1847.503066648902,0.0,60.759184,60.759184,1527.6610920498133,-0.17312121445039588,0.2,1,0,0,0.0,0.0,0.0,0.0,0.0,0.0,0.0,0.0,0,0
20078,r0011,0,reactive,1578.357733379784,0.0,61.094079,61.094079,1289.440315771097,-0.18304938829679607,0.2,1,0,0,0.0,0.0,0.0,0.0,0.0,0.0,0.0,0.0,0,0
20078,r0003,0,reactive,6859.601773907532,0.0,60.931782,60.931782,6099.858920112243,-0.11075611658466662,0.2,1,0,0,0.0,0.0,0.0,0.0,0.0,0.0,0.0,0.0,0,0
20078,r0020,0,reactive,0.0,0.0,61.244487,61.244487,0.0,-0.11564131151516062,0.2,1,0,0,0.0,0.0,0.0,0.0,0.0,0.0,0.0,0.0,0,0
20079,r0010,0,reactive,1676.663874406635,0.0,62.616783,62.616783,1702.0756868539931,0.015156175805571881,0.2,1,0,0,0.0,0.0,0.0,0.0,0.0,0.0,0.0,0.0,0,0
20079,r0010,1,reactive,3897.47677670779,0.0,55.708617,55.708617,4094.270955166141,0.05049271355109475,0.2,1,0,0,0.0,0.0,0.0,0.0,0.0,0.0,0.0,0.0,0,0
20079,r0022,0,reactive,2869.02181234853,0.0,62.779933,62.779933,3404.707896501769,0.18671384157750126,0.2,1,0,0,0.0,0.0,0.0,0.0,0.0,0.0,0.0,0.0,0,0
20079,r0020,0,reactive,0.0,0.0,62.522799,62.522799,0.0,0.1854846874012112,0.2,0,0,0,0.0,0.0,0.0,0.0,0.0,0.0,0.0,0.0,0,0
20080,r0020,0,reactive,7715.5994823783985,0.0,62.355657,62.355657,7738.753374548625,0.00300091940012015,0.2,1,0,0,0.0,0.0,0.0,0.0,0.0,0.0,0.0,0.0,0,0
20080,r0014,0,reactive,1516.9544814611309,0.0,63.319536,63.319536,1302.0593197706123,-0.14166223463971805,0.2,0,0,0,0.0,0.0,0.0,0.0,0.0,0.0,0.0,0.0,0,0
20080,r0014,1,reactive,0.0,0.0,56.015361,56.015361,0.0,0.04976671694021606,0.2,1,0,0,0.0,0.0,0.0,0.0,0.0,0.0,0.0,0.0,0,0
20080,r0014,2,reactive,7905.078340584743,0.0,56.120781,56.120781,6907.350016415897,-0.12621359095791623,0.2,1,0,0,0.0,0.0,0.0,0.0,0.0,0.0,0.0,0.0,0,0
20080,r0018,0,reactive,0.0,0.0,63.463609,63.463609,0.0,-0.09436447061316824,0.2,1,0,0,0.0,0.0,0.0,0.0,0.0,0.0,0.0,0.0,0,0
20080,r0018,1,reactive,4414.065074477363,0.0,62.721411,62.721411,4366.513191587139,-0.01077280966363059,0.2,0,0,0,0.0,0.0,0.0,0.0,0.0,0.0,0.0,0.0,0,0
20080,r0018,2,reactive,4067.192259391588,0.0,63.008986,63.008986,4030.316758621011,-0.009066574289776336,0.2,1,0,0,0.0,0.0,0.0,0.0,0.0,0.0,0.0,0.0,0,0
20080,r0000,0,reactive,2555.3175879621776,0.0,63.060756,63.060756,2134.2449028480637,-0.1647829166510423,0.2,1,0,0,0.0,0.0,0.0,0.0,0.0,0.0,0.0,0.0,0,0
20080,r0000,1,reactive,3564.2269665016247,0.0,62.788456,62.788456,3594.0229147693763,0.0083597224721626,0.2,1,0,0,0.0,0.0,0.0,0.0,0.0,0.0,0.0,0.0,0,0
20080,r0005,0,reactive,279.26056295269154,0.0,62.807397,62.807397,266.5017438757643,-0.04568786563353272,0.2,1,0,0,0.0,0.0,0.0,0.0,0.0,0.0,0.0,0.0,0,0
20080,r0001,0,reactive,382.1009512195378,0.0,62.783483,62.783483,365.5192770777289,-0.04339605564677554,0.2,0,0,0,0.0,0.0,0.0,0.0,0.0,0.0,0.0,0.0,0,0
20080,r0021,0,reactive,458.66198795953096,0.0,62.919917,62.919917,385.7687513088602,-0.1589258289638389,0.2,1,0,0,0.0,0.0,0.0,0.0,0.0,0.0,0.0,0.0,0,0
20080,r0011,0,reactive,0.0,0.0,62.466049,62.466049,0.0,-0.061084632036199515,0.2,1,0,0,0.0,0.0,0.0,0.0,0.0,0.0,0.0,0.0,0,0
20080,r0013,0,reactive,1348.010406757745,0.0,63.03104,63.03104,1104.0540211271918,-0.18097515004896778,0.2,1,0,0,0.0,0.0,0.0,0.0,0.0,0.0,0.0,0.0,0,0
20081,r0012,0,reactive,2465.090231709557,0.0,72.603667,72.603667,2081.2425791036976,-0.1557134289318321,0.2,1,0,0,0.0,0.0,0.0,0.0,0.0,0.0,0.0,0.0,0,0
20081,r0012,1,reactive,2509.3829589527213,0.0,69.662328,69.662328,2688.9431198716406,0.07155550342696898,0.2,0,0,0,0.0,0.0,0.0,0.0,0.0,0.0,0.0,0.0,0,0
20081,r0004,0,reactive,964.3778787464216,0.0,72.22828,72.22828,933.612765517883,-0.03190151278514369,0.2,1,0,0,0.0,0.0,0.0,0.0,0.0,0.0,0.0,0.0,0,0
20081,r0006,0,reactive,3403.7040948785652,0.0,71.380236,71.380236,2969.267572546458,-0.1276363955920226,0.2,1,0,0,0.0,0.0,0.0,0.0,0.0,0.0,0.0,0.0,0,0
20081,r0010,0,reactive,0.0,0.0,72.336658,72.336658,0.0,0.04798264150028447,0.2,0,0,0,0.0,0.0,0.0,0.0,0.0,0.0,0.0,0.0,0,0
20081,r0010,1,reactive,0.0,0.0,69.307213,69.307213,0.0,-0.10146672553711547,0.2,1,0,0,0.0,0.0,0.0,0.0,0.0,0.0,0.0,0.0,0,0
20081,r0010,2,reactive,4809.279016211258,0.0,69.536739,69.536739,3999.0558568001616,-0.16847081582914455,0.2,1,0,0,0.0,0.0,0.0,0.0,0.0,0.0,0.0,0.0,0,0
20081,r0008,0,reactive,0.0,0.0,71.867211,71.867211,0.0,-0.046972479863870376,0.2,1,0,0,0.0,0.0,0.0,0.0,0.0,0.0,0.0,0.0,0,0
20081,r0015,0,reactive,0.0,0.0,71.288025,71.288025,0.0,0.05467286204939875,0.2,1,0,0,0.0,0.0,0.0,0.0,0.0,0.0,0.0,0.0,0,0
20081,r0005,0,reactive,3559.241398320937,0.0,71.674236,71.674236,3955.2185578251765,0.1112532461807848,0.2,1,0,0,0.0,0.0,0.0,0.0,0.0,0.0,0.0,0.0,0,0
20081,r0005,1,reactive,3593.3172989255763,0.0,69.618167,69.618167,3117.7157643740416,-0.1323572328816446,0.2,1,0,0,0.0,0.0,0.0,0.0,0.0,0.0,0.0,0.0,0,0
20081,r0017,0,reactive,771.2102435086526,0.0,72.245103,72.245103,669.1759013879457,-0.1323041842085726,0.2,1,0,0,0.0,0.0,0.0,0.0,0.0,0.0,0.0,0.0,0,0
20081,r0016,0,reactive,3443.858645907094,0.0,72.233742,72.233742,3726.9226048899513,0.08219383781017531,0.2,1,0,0,0.0,0.0,0.0,0.0,0.0,0.0,0.0,0.0,0,0
20081,r0016,1,reactive,4514.6951991108435,0.0,44.85651,44.85651,4612.0361919598645,0.02156092240029661,0.2,1,0,0,0.0,0.0,0.0,0.0,0.0,0.0,0.0,0.0,0,0
20081,r0020,0,reactive,3370.0077042656703,0.0,72.020322,72.020322,3761.3301133691357,0.11611914376579613,0.2,0,0,0,0.0,0.0,0.0,0.0,0.0,0.0,0.0,0.0,0,0
20082,r0011,0,reactive,4642.933832894016,0.0,40.426658,40.426658,4171.249434420428,-0.10159188466822924,0.2,1,0,0,0.0,0.0,0.0,0.0,0.0,0.0,0.0,0.0,0,0
20082,r0001,0,reactive,2839.269219337166,0.0,40.849947,40.849947,2973.779622650706,0.04737500846958853,0.2,1,0,0,0.0,0.0,0.0,0.0,0.0,0.0,0.0,0.0,0,0
20082,r0003,0,reactive,3490.5521084050397,0.0,40.596298,40.596298,3458.9751479405236,-0.00904640855768371,0.2,1,0,0,0.0,0.0,0.0,0.0,0.0,0.0,0.0,0.0,0,0
20082,r0014,0,reactive,5689.259478007301,0.0,40.916163,40.916163,6362.106023062178,0.11826610258432874,0.2,0,0,0,0.0,0.0,0.0,0.0,0.0,0.0,0.0,0.0,0,0
20082,r0021,0,reactive,4080.1021877484345,0.0,40.955968,40.955968,3324.4883882880545,-0.18519482225942935,0.2,1,0,0,0.0,0.0,0.0,0.0,0.0,0.0,0.0,0.0,0,0
20082,r0019,0,reactive,2943.9475555819336,0.0,40.709293,40.709293,2470.0711241643016,-0.16096632921300802,0.2,0,0,0,0.0,0.0,0.0,0.0,0.0,0.0,0.0,0.0,0,0
20082,r0012,0,reactive,0.0,0.0,40.833789,40.833789,0.0,-0.09013324884857471,0.2,0,0,0,0.0,0.0,0.0,0.0,0.0,0.0,0.0,0.0,0,0
20082,r0009,0,reactive,0.0,0.0,41.200481,41.200481,0.0,0.1074250067318912,0.2,0,0,0,0.0,0.0,0.0,0.0,0.0,0.0,0.0,0.0,0,0
20082,r0000,0,reactive,430.5607991232464,0.0,41.539862,41.539862,507.62604288897296,0.17898806375929965,0.2,1,0,0,0.0,0.0,0.0,0.0,0.0,0.0,0.0,0.0,0,0
20082,r0000,1,reactive,874.3112460970588,0.0,58.606891,58.606891,742.0208647636554,-0.15130810901032105,0.2,1,0,0,0.0,0.0,0.0,0.0,0.0,0.0,0.0,0.0,0,0
20082,r0000,2,reactive,7817.6365823618835,0.0,59.614827,59.614827,7711.359679747982,-0.013594505384617456,0.2,1,0,0,0.0,0.0,0.0,0.0,0.0,0.0,0.0,0.0,0,0
20083,r0019,0,reactive,4654.130262518494,0.0,66.236848,66.236848,5391.068144349782,0.15834062225677975,0.2,1,0,0,0.0,0.0,0.0,0.0,0.0,0.0,0.0,0.0,0,0
20083,r0006,0,reactive,2056.90949294428,0.0,66.438586,66.438586,2343.399586610815,0.13928181801351425,0.2,1,0,0,0.0,0.0,0.0,0.0,0.0,0.0,0.0,0.0,0,0
20084,r0023,0,reactive,257.85761166694283,0.0,60.114663,60.114663,292.7305985820464,0.13524125461980396,0.2,1,0,0,0.0,0.0,0.0,0.0,0.0,0.0,0.0,0.0,0,0
20084,r0019,0,reactive,0.0,0.0,59.960454,59.960454,0.0,0.06707910627063374,0.2,1,0,0,0.0,0.0,0.0,0.0,0.0,0.0,0.0,0.0,0,0
20084,r0007,0,reactive,6921.621289433606,0.0,59.568498,59.568498,7027.192685404206,0.015252408584064403,0.2,1,0,0,0.0,0.0,0.0,0.0,0.0,0.0,0.0,0.0,0,0
20084,r0006,0,reactive,1387.5826825444165,0.0,60.025239,60.025239,1642.6529644868767,0.1838234832065912,0.2,0,0,0,0.0,0.0,0.0,0.0,0.0,0.0,0.0,0.0,0,0
20085,r0008,0,reactive,3933.451233906493,0.0,46.35004,46.35004,3347.051071215117,-0.14908031848382547,0.2,1,0,0,0.0,0.0,0.0,0.0,0.0,0.0,0.0,0.0,0,0
20085,r0018,0,reactive,0.0,0.0,46.577481,46.577481,0.0,0.19470429284974738,0.2,1,0,0,0.0,0.0,0.0,0.0,0.0,0.0,0.0,0.0,0,0
20085,r0003,0,reactive,6286.25620327401,0.0,46.204923,46.204923,7007.529494894835,0.11473813161563018,0.2,1,0,0,0.0,0.0,0.0,0.0,0.0,0.0,0.0,0.0,0,0
20085,r0003,1,reactive,3070.0058042351557,0.0,46.18153,46.18153,3632.8463871934628,0.18333534815532065,0.2,1,0,0,0.0,0.0,0.0,0.0,0.0,0.0,0.0,0.0,0,0
20085,r0023,0,reactive,929.1329198512285,0.0,46.713509,46.713509,926.6881032776644,-0.0026312882918361757,0.2,1,0,0,0.0,0.0,0.0,0.0,0.0,0.0,0.0,0.0,0,0
20085,r0014,0,reactive,4788.408202955277,0.0,46.38425,46.38425,4172.889979154932,-0.12854339014381938,0.2,0,0,0,0.0,0.0,0.0,0.0,0.0,0.0,0.0,0.0,0,0
20085,r0020,0,reactive,1382.1047629007262,0.0,46.123992,46.123992,1143.072249962642,-0.1729481869640683,0.2,1,0,0,0.0,0.0,0.0,0.0,0.0,0.0,0.0,0.0,0,0
20085,r0007,0,reactive,78.87848836703779,0.0,46.137745,46.137745,90.45958711406155,0.14682201683600404,0.2,1,0,0,0.0,0.0,0.0,0.0,0.0,0.0,0.0,0.0,0,0
20086,r0001,0,reactive,0.0,0.0,62.607781,62.607781,0.0,0.15234020591878844,0.2,1,0,0,0.0,0.0,0.0,0.0,0.0,0.0,0.0,0.0,0,0
20086,r0021,0,reactive,6547.529860608556,0.0,61.195053,61.195053,7380.897682977223,0.12727972840298118,0.2,1,0,0,0.0,0.0,0.0,0.0,0.0,0.0,0.0,0.0,0,0
20087,r0006,0,reactive,135.8750966536736,0.0,66.343205,66.343205,110.92403132897863,-0.18363236486441448,0.2,1,0,0,0.0,0.0,0.0,0.0,0.0,0.0,0.0,0.0,0,0
20087,r0023,0,reactive,5189.05927200443,0.0,65.729563,65.729563,4699.899388771554,-0.09426754592531816,0.2,1,0,0,0.0,0.0,0.0,0.0,0.0,0.0,0.0,0.0,0,0
20087,r0002,0,reactive,1260.9373692732843,0.0,65.548203,65.548203,1363.8742692169587,0.08163522031470927,0.2,1,0,0,0.0,0.0,0.0,0.0,0.0,0.0,0.0,0.0,0,0
20087,r0002,1,reactive,7651.2196943351155,0.0,65.423304,65.423304,7371.738968839717,-0.03652760431154839,0.2,1,0,0,0.0,0.0,0.0,0.0,0.0,0.0,0.0,0.0,0,0
20087,r0008,0,reactive,1091.165135727544,0.0,66.125075,66.125075,898.9989050236734,-0.1761110435183967,0.2,1,0,0,0.0,0.0,0.0,0.0,0.0,0.0,0.0,0.0,0,0
20087,r0011,0,reactive,4539.076391078132,0.0,65.987592,65.987592,4922.921623739573,0.08456461173817553,0.2,1,0,0,0.0,0.0,0.0,0.0,0.0,0.0,0.0,0.0,0,0
20087,r0011,1,reactive,4558.74603910117,0.0,65.565014,65.565014,3668.3910061286083,-0.19530700445601254,0.2,1,0,0,0.0,0.0,0.0,0.0,0.0,0.0,0.0,0.0,0,0
20088,r0012,0,reactive,3199.30518480359,0.0,65.642786,65.642786,2906.9554022267175,-0.09137914818677109,0.2,1,0,0,0.0,0.0,0.0,0.0,0.0,0.0,0.0,0.0,0,0
20088,r0005,0,reactive,4285.164724969069,0.0,65.614379,65.614379,3445.9134978115017,-0.19585040039823093,0.2,1,0,0,0.0,0.0,0.0,0.0,0.0,0.0,0.0,0.0,0,0
20088,r0005,1,reactive,2996.0469316928156,0.0,64.787494,64.787494,3009.247879899908,0.0044061219694024045,0.2,1,0,0,0.0,0.0,0.0,0.0,0.0,0.0,0.0,0.0,0,0
20088,r0016,0,reactive,3614.8809356426063,0.0,66.317297,66.317297,3297.410072429029,-0.08782332499068657,0.2,1,0,0,0.0,0.0,0.0,0.0,0.0,0.0,0.0,0.0,0,0
20088,r0020,0,reactive,1956.2728605288212,0.0,66.114025,66.114025,1965.2172460640522,0.004572156428532731,0.2,1,0,0,0.0,0.0,0.0,0.0,0.0,0.0,0.0,0.0,0,0
20088,r0007,0,reactive,630.5162617711467,0.0,65.467694,65.467694,517.3613894705984,-0.1794638444101211,0.2,1,0,0,0.0,0.0,0.0,0.0,0.0,0.0,0.0,0.0,0,0
20088,r0013,0,reactive,5009.9650597556465,0.0,65.044687,65.044687,4711.717197379111,-0.05953092662707751,0.2,1,0,0,0.0,0.0,0.0,0.0,0.0,0.0,0.0,0.0,0,0
20088,r0003,0,reactive,1100.9020157955893,0.0,65.690505,65.690505,1294.7160978925876,0.17605025634995747,0.2,1,0,0,0.0,0.0,0.0,0.0,0.0,0.0,0.0,0.0,0,0
20088,r0003,1,reactive,5661.415300973073,0.0,65.366377,65.366377,6499.325946723782,0.14800374132713612,0.2,1,0,0,0.0,0.0,0.0,0.0,0.0,0.0,0.0,0.0,0,0
20088,r0022,0,reactive,0.0,0.0,66.123402,66.123402,0.0,0.04059553751774861,0.2,1,0,0,0.0,0.0,0.0,0.0,0.0,0.0,0.0,0.0,0,0
20088,r0022,1,reactive,5222.539051373125,0.0,65.146265,65.146265,5104.676648797385,-0.0225680270489797,0.2,1,0,0,0.0,0.0,0.0,0.0,0.0,0.0,0.0,0.0,0,0
20089,r0017,0,reactive,0.0,0.0,67.344802,67.344802,0.0,-0.09628390378046654,0.2,1,0,0,0.0,0.0,0.0,0.0,0.0,0.0,0.0,0.0,0,0
20089,r0003,0,reactive,3009.552914937729,0.0,66.584141,66.584141,3566.2752023749417,0.1849850470061371,0.2,1,0,0,0.0,0.0,0.0,0.0,0.0,0.0,0.0,0.0,0,0
20089,r0000,0,reactive,910.3259076639551,0.0,67.033041,67.033041,840.4344794057037,-0.0767762706409227,0.2,1,0,0,0.0,0.0,0.0,0.0,0.0,0.0,0.0,0.0,0,0
20089,r0010,0,reactive,2331.1576396638266,0.0,67.809449,67.809449,2210.381262111518,-0.05180961402924497,0.2,1,0,0,0.0,0.0,0.0,0.0,0.0,0.0,0.0,0.0,0,0
20089,r0010,1,reactive,5773.649632615539,0.0,66.988762,66.988762,6750.900193900967,0.1692604545597824,0.2,1,0,0,0.0,0.0,0.0,0.0,0.0,0.0,0.0,0.0,0,0
20089,r0013,0,reactive,2649.2015028014357,0.0,66.859607,66.859607,3042.3217378058816,0.1483919719163435,0.2,1,0,0,0.0,0.0,0.0,0.0,0.0,0.0,0.0,0.0,0,0
20089,r0020,0,reactive,180.36603119434585,0.0,67.140502,67.140502,166.02860811730966,-0.07949070555080025,0.2,1,0,0,0.0,0.0,0.0,0.0,0.0,0.0,0.0,0.0,0,0
20090,r0014,0,reactive,4858.936235009165,0.0,60.472531,60.472531,4025.6170295793027,-0.17150239581777316,0.2,1,0,0,0.0,0.0,0.0,0.0,0.0,0.0,0.0,0.0,0,0
20090,r0014,1,reactive,3666.727898765931,0.0,60.361371,60.361371,4262.890584636515,0.16258710826926315,0.2,0,0,0,0.0,0.0,0.0,0.0,0.0,0.0,0.0,0.0,0,0
20090,r0010,0,reactive,3627.991059489548,0.0,60.177686,60.177686,3687.0411722615695,0.01627625641953201,0.2,0,0,0,0.0,0.0,0.0,0.0,0.0,0.0,0.0,0.0,0,0
20090,r0010,1,reactive,3526.559588379645,0.0,60.084838,60.084838,2988.6210377746033,-0.1525391921286688,0.2,1,0,0,0.0,0.0,0.0,0.0,0.0,0.0,0.0,0.0,0,0
20090,r0003,0,reactive,2375.562539534978,0.0,60.67495,60.67495,2248.2415508504196,-0.05359614262543544,0.2,1,0,0,0.0,0.0,0.0,0.0,0.0,0.0,0.0,0.0,0,0
20090,r0017,0,reactive,4231.035105568859,0.0,61.179299,61.179299,3935.2913232325463,-0.06989868317260159,0.2,1,0,0,0.0,0.0,0.0,0.0,0.0,0.0,0.0,0.0,0,0
20090,r0017,1,reactive,3961.7677026478414,0.0,60.103077,60.103077,3214.1412318130037,-0.18871032502364093,0.2,1,0,0,0.0,0.0,0.0,0.0,0.0,0.0,0.0,0.0,0,0
20090,r0002,0,reactive,437.15631701697566,0.0,61.040546,61.040546,402.3951558952195,-0.07951654767099328,0.2,1,0,0,0.0,0.0,0.0,0.0,0.0,0.0,0.0,0.0,0,0
20090,r0002,1,reactive,7139.062043515805,0.0,60.488161,60.488161,7344.291241659439,0.028747361613146033,0.2,1,0,0,0.0,0.0,0.0,0.0,0.0,0.0,0.0,0.0,0,0
20090,r0005,0,reactive,589.0455270165912,0.0,60.260782,60.260782,500.0873255135115,-0.15102092694538732,0.2,1,0,0,0.0,0.0,0.0,0.0,0.0,0.0,0.0,0.0,0,0
20090,r0018,0,reactive,730.1544659852952,0.0,60.439164,60.439164,613.0380638900912,-0.16039948743881652,0.2,0,0,0,0.0,0.0,0.0,0.0,0.0,0.0,0.0,0.0,0,0
20090,r0018,1,reactive,3020.8646836021217,0.0,60.256567,60.256567,3294.755507475407,0.09066636627586167,0.2,1,0,0,0.0,0.0,0.0,0.0,0.0,0.0,0.0,0.0,0,0
20090,r0012,0,reactive,1942.2564998066082,0.0,60.096043,60.096043,1643.3268646493264,-0.15390842310840325,0.2,1,0,0,0.0,0.0,0.0,0.0,0.0,0.0,0.0,0.0,0,0
20090,r0012,1,reactive,7654.487749376436,0.0,60.231302,60.231302,7139.823656017045,-0.06723690862282955,0.2,1,0,0,0.0,0.0,0.0,0.0,0.0,0.0,0.0,0.0,0,0
20091,r0016,0,reactive,4872.383152122893,0.0,53.839647,53.839647,4689.884065736532,-0.03745581590947883,0.2,1,0,0,0.0,0.0,0.0,0.0,0.0,0.0,0.0,0.0,0,0
20091,r0016,1,reactive,4012.1562478181677,0.0,103.056167,103.056167,3740.548219890946,-0.06769627381160034,0.2,1,0,0,0.0,0.0,0.0,0.0,0.0,0.0,0.0,0.0,0,0
20091,r0009,0,reactive,0.0,0.0,57.076771,57.076771,0.0,0.18257703175713935,0.2,1,0,0,0.0,0.0,0.0,0.0,0.0,0.0,0.0,0.0,0,0
20091,r0015,0,reactive,2258.0269566558927,0.0,51.0474,51.0474,2483.6232172485466,0.0999085772327355,0.2,0,0,0,0.0,0.0,0.0,0.0,0.0,0.0,0.0,0.0,0,0
20091,r0020,0,reactive,211.7007884423292,0.0,51.539476,51.539476,184.56115033716762,-0.1281980964967208,0.2,0,0,0,0.0,0.0,0.0,0.0,0.0,0.0,0.0,0.0,0,0
20091,r0020,1,reactive,3084.947950010046,0.0,45.369324,45.369324,3506.858250636573,0.1367641553320706,0.2,0,0,0,0.0,0.0,0.0,0.0,0.0,0.0,0.0,0.0,0,0
20091,r0020,2,reactive,3484.0859642669566,0.0,45.105882,45.105882,4175.942942952591,0.19857632268014358,0.2,1,0,0,0.0,0.0,0.0,0.0,0.0,0.0,0.0,0.0,0,0
20091,r0010,0,reactive,5120.4773635794845,0.0,51.502333,51.502333,6018.5108145555,0.17538080675123652,0.2,1,0,0,0.0,0.0,0.0,0.0,0.0,0.0,0.0,0.0,0,0
20091,r0010,1,reactive,5130.871786750882,0.0,45.576439,45.576439,5713.42880511912,0.1135395781809509,0.2,1,0,0,0.0,0.0,0.0,0.0,0.0,0.0,0.0,0.0,0,0
20091,r0002,0,reactive,2422.7140592929936,0.0,53.650608,53.650608,2194.6562910032553,-0.09413317573114305,0.2,0,0,0,0.0,0.0,0.0,0.0,0.0,0.0,0.0,0.0,0,0
20091,r0004,0,reactive,2191.9371436313522,0.0,54.164752,54.164752,2489.732861860812,0.13585960669296637,0.2,1,0,0,0.0,0.0,0.0,0.0,0.0,0.0,0.0,0.0,0,0
20091,r0004,1,reactive,6265.091680249105,0.0,47.570749,47.570749,5851.049810543367,-0.06608712064198802,0.2,1,0,0,0.0,0.0,0.0,0.0,0.0,0.0,0.0,0.0,0,0
20092,r0006,0,reactive,7835.63039738539,0.0,62.295419,62.295419,7858.47096077793,0.002914961813431205,0.2,1,0,0,0.0,0.0,0.0,0.0,0.0,0.0,0.0,0.0,0,0
20092,r0013,0,reactive,0.0,0.0,63.114522,63.114522,0.0,-0.15752768936223732,0.2,0,0,0,0.0,0.0,0.0,0.0,0.0,0.0,0.0,0.0,0,0
20092,r0013,1,reactive,5775.167414597265,0.0,61.718421,61.718421,6763.646364450188,0.17116022426543903,0.2,1,0,0,0.0,0.0,0.0,0.0,0.0,0.0,0.0,0.0,0,0
20092,r0021,0,reactive,0.0,0.0,62.224025,62.224025,0.0,0.0646361660830983,0.2,1,0,0,0.0,0.0,0.0,0.0,0.0,0.0,0.0,0.0,0,0
20092,r0021,1,reactive,8230.476877889421,0.0,61.628216,61.628216,7390.1151903561895,-0.10210364478281964,0.2,1,0,0,0.0,0.0,0.0,0.0,0.0,0.0,0.0,0.0,0,0
20093,r0004,0,reactive,3934.866719730951,0.0,60.591508,60.591508,3439.7482871720827,-0.12582851410853435,0.2,1,0,0,0.0,0.0,0.0,0.0,0.0,0.0,0.0,0.0,0,0
20093,r0004,1,reactive,6474.335891599462,0.0,60.394656,60.394656,6926.237942293007,0.06979898143373969,0.2,1,0,0,0.0,0.0,0.0,0.0,0.0,0.0,0.0,0.0,0,0
20093,r0003,0,reactive,0.0,0.0,61.264981,61.264981,0.0,-0.06903696846960142,0.2,1,0,0,0.0,0.0,0.0,0.0,0.0,0.0,0.0,0.0,0,0
20093,r0000,0,reactive,0.0,0.0,61.755334,61.755334,0.0,0.11329067850814745,0.2,1,0,0,0.0,0.0,0.0,0.0,0.0,0.0,0.0,0.0,0,0
20093,r0000,1,reactive,3349.842956795477,0.0,60.984664,60.984664,3483.0790849340933,0.03977384308966908,0.2,1,0,0,0.0,0.0,0.0,0.0,0.0,0.0,0.0,0.0,0,0
20093,r0000,2,reactive,6890.474138378468,0.0,60.983158,60.983158,6676.8448611165795,-0.031003567094464307,0.2,1,0,0,0.0,0.0,0.0,0.0,0.0,0.0,0.0,0.0,0,0
20093,r0007,0,reactive,0.0,0.0,60.916773,60.916773,0.0,0.07050187766046379,0.2,1,0,0,0.0,0.0,0.0,0.0,0.0,0.0,0.0,0.0,0,0
20093,r0018,0,reactive,2591.524402497769,0.0,60.752597,60.752597,2928.5899760708044,0.1300645956673856,0.2,1,0,0,0.0,0.0,0.0,0.0,0.0,0.0,0.0,0.0,0,0
20093,r0022,0,reactive,0.0,0.0,60.694002,60.694002,0.0,0.14748225839821422,0.2,1,0,0,0.0,0.0,0.0,0.0,0.0,0.0,0.0,0.0,0,0
20094,r0019,0,reactive,2228.131422257685,0.0,66.439531,66.439531,2230.1786189991844,0.0009187953282509542,0.2,1,0,0,0.0,0.0,0.0,0.0,0.0,0.0,0.0,0.0,0,0
20094,r0021,0,reactive,2978.1063753437775,0.0,66.356612,66.356612,2626.4279933692355,-0.11808791817718266,0.2,1,0,0,0.0,0.0,0.0,0.0,0.0,0.0,0.0,0.0,0,0
20094,r0017,0,reactive,1612.6181891771776,0.0,66.752076,66.752076,1304.8570772105616,-0.19084561617381232,0.2,1,0,0,0.0,0.0,0.0,0.0,0.0,0.0,0.0,0.0,0,0
20094,r0002,0,reactive,0.0,0.0,66.465019,66.465019,0.0,-0.10730010721297925,0.2,1,0,0,0.0,0.0,0.0,0.0,0.0,0.0,0.0,0.0,0,0
20094,r0002,1,reactive,2990.7042464395927,0.0,65.891182,65.891182,3288.9026859596233,0.09970843485277187,0.2,0,0,0,0.0,0.0,0.0,0.0,0.0,0.0,0.0,0.0,0,0
20094,r0020,0,reactive,459.62246303603024,0.0,65.948975,65.948975,444.6026724602468,-0.03267853898299569,0.2,1,0,0,0.0,0.0,0.0,0.0,0.0,0.0,0.0,0.0,0,0
20095,r0022,0,reactive,2346.218276934131,0.0,41.021737,41.021737,2492.000634965976,0.06213503639667439,0.2,1,0,0,0.0,0.0,0.0,0.0,0.0,0.0,0.0,0.0,0,0
20095,r0022,1,reactive,3421.836545363135,0.0,63.251086,63.251086,3542.541205621089,0.03527481767693397,0.2,0,0,0,0.0,0.0,0.0,0.0,0.0,0.0,0.0,0.0,0,0
20095,r0009,0,reactive,4429.523964189237,0.0,40.423656,40.423656,5151.559575370601,0.16300523871610267,0.2,1,0,0,0.0,0.0,0.0,0.0,0.0,0.0,0.0,0.0,0,0
20095,r0005,0,reactive,3910.31931221619,0.0,40.894486,40.894486,4648.025149905473,0.18865616303625737,0.2,1,0,0,0.0,0.0,0.0,0.0,0.0,0.0,0.0,0.0,0,0
20095,r0005,1,reactive,6267.055618176986,0.0,63.382482,63.382482,5210.272823436276,-0.1686250863444733,0.2,0,0,0,0.0,0.0,0.0,0.0,0.0,0.0,0.0,0.0,0,0
20095,r0014,0,reactive,2162.6488370922816,0.0,40.981734,40.981734,2380.6318700920283,0.10079446522294794,0.2,1,0,0,0.0,0.0,0.0,0.0,0.0,0.0,0.0,0.0,0,0
20095,r0006,0,reactive,2666.3319258568736,0.0,40.575151,40.575151,2733.746404422436,0.02528360325727194,0.2,1,0,0,0.0,0.0,0.0,0.0,0.0,0.0,0.0,0.0,0,0
20095,r0002,0,reactive,6939.866373009609,0.0,40.462711,40.462711,7363.552219137035,0.06105100924928697,0.2,1,0,0,0.0,0.0,0.0,0.0,0.0,0.0,0.0,0.0,0,0
20095,r0018,0,reactive,0.0,0.0,40.864218,40.864218,0.0,-0.07948681395941924,0.2,1,0,0,0.0,0.0,0.0,0.0,0.0,0.0,0.0,0.0,0,0
20095,r0003,0,reactive,0.0,0.0,40.181429,40.181429,0.0,0.13582949405312789,0.2,1,0,0,0.0,0.0,0.0,0.0,0.0,0.0,0.0,0.0,0,0
20095,r0001,0,reactive,0.0,0.0,41.070043,41.070043,0.0,0.11675819283382433,0.2,1,0,0,0.0,0.0,0.0,0.0,0.0,0.0,0.0,0.0,0,0
20095,r0001,1,reactive,3965.4904128562266,0.0,63.656487,63.656487,4556.474631661821,0.14903181127096088,0.2,1,0,0,0.0,0.0,0.0,0.0,0.0,0.0,0.0,0.0,0,0
20095,r0010,0,reactive,0.0,0.0,41.195643,41.195643,0.0,0.018438180370642432,0.2,0,0,0,0.0,0.0,0.0,0.0,0.0,0.0,0.0,0.0,0,0
20095,r0010,1,reactive,5519.145767137095,0.0,63.539161,63.539161,5373.117031027361,-0.02645857570554483,0.2,1,0,0,0.0,0.0,0.0,0.0,0.0,0.0,0.0,0.0,0,0
20096,r0000,0,reactive,6843.45715800185,0.0,62.518821,62.518821,6772.407035837137,-0.010382197261458087,0.2,1,0,0,0.0,0.0,0.0,0.0,0.0,0.0,0.0,0.0,0,0
20096,r0004,0,reactive,1132.3839346849309,0.0,62.852402,62.852402,1196.637958300074,0.05674225997653415,0.2,1,0,0,0.0,0.0,0.0,0.0,0.0,0.0,0.0,0.0,0,0
20096,r0004,1,reactive,9386.297439896265,0.0,62.257629,62.257629,8107.253324120628,-0.13626716220808072,0.2,0,0,0,0.0,0.0,0.0,0.0,0.0,0.0,0.0,0.0,0,0
20096,r0019,0,reactive,0.0,0.0,62.679762,62.679762,0.0,0.10606732170716426,0.2,1,0,0,0.0,0.0,0.0,0.0,0.0,0.0,0.0,0.0,0,0
20096,r0006,0,reactive,2655.9707414259174,0.0,62.997517,62.997517,2925.3773066583412,0.101434312144488,0.2,1,0,0,0.0,0.0,0.0,0.0,0.0,0.0,0.0,0.0,0,0
20096,r0003,0,reactive,333.1059569381032,0.0,63.35652,63.35652,300.3622254373214,-0.09829824660525706,0.2,1,0,0,0.0,0.0,0.0,0.0,0.0,0.0,0.0,0.0,0,0
20096,r0007,0,reactive,3655.5009393594883,0.0,62.959091,62.959091,3962.6095865085563,0.08401273922333585,0.2,1,0,0,0.0,0.0,0.0,0.0,0.0,0.0,0.0,0.0,0,0
20096,r0007,1,reactive,5449.833029679568,0.0,62.283036,62.283036,5012.071144694317,-0.08032574256884911,0.2,1,0,0,0.0,0.0,0.0,0.0,0.0,0.0,0.0,0.0,0,0
20096,r0021,0,reactive,0.0,0.0,63.153995,63.153995,0.0,0.1649233295284147,0.2,1,0,0,0.0,0.0,0.0,0.0,0.0,0.0,0.0,0.0,0,0
20096,r0021,1,reactive,6026.213389335004,0.0,62.552696,62.552696,6586.684731375849,0.09300555852083658,0.2,1,0,0,0.0,0.0,0.0,0.0,0.0,0.0,0.0,0.0,0,0
20096,r0005,0,reactive,156.61011222309025,0.0,62.768958,62.768958,168.95456628589864,0.07882284156225988,0.2,1,0,0,0.0,0.0,0.0,0.0,0.0,0.0,0.0,0.0,0,0
20096,r0022,0,reactive,0.0,0.0,62.599262,62.599262,0.0,0.10283492027111701,0.2,1,0,0,0.0,0.0,0.0,0.0,0.0,0.0,0.0,0.0,0,0
20097,r0011,0,reactive,2473.419658200718,0.0,64.523813,64.523813,2938.29232644349,0.18794734921001732,0.2,1,0,0,0.0,0.0,0.0,0.0,0.0,0.0,0.0,0.0,0,0
20097,r0021,0,reactive,1437.7367524452275,0.0,65.043251,65.043251,1247.1626566797897,-0.13255145313724442,0.2,1,0,0,0.0,0.0,0.0,0.0,0.0,0.0,0.0,0.0,0,0
20097,r0016,0,reactive,2023.783419763251,0.0,64.213448,64.213448,1625.3339112841277,-0.19688347309700527,0.2,1,0,0,0.0,0.0,0.0,0.0,0.0,0.0,0.0,0.0,0,0
20097,r0005,0,reactive,0.0,0.0,64.499237,64.499237,0.0,-0.025729652724097468,0.2,1,0,0,0.0,0.0,0.0,0.0,0.0,0.0,0.0,0.0,0,0
20097,r0017,0,reactive,1989.5454636912182,0.0,65.37981,65.37981,1682.0450181778338,-0.1545581395978137,0.2,0,0,0,0.0,0.0,0.0,0.0,0.0,0.0,0.0,0.0,0,0
20097,r0017,1,reactive,8141.208940656303,0.0,64.356014,64.356014,9475.606373524863,0.1639065454031926,0.2,1,0,0,0.0,0.0,0.0,0.0,0.0,0.0,0.0,0.0,0,0
20097,r0008,0,reactive,6137.415015564406,0.0,64.385607,64.385607,7073.207529722986,0.1524733966638107,0.2,1,0,0,0.0,0.0,0.0,0.0,0.0,0.0,0.0,0.0,0,0
20097,r0008,1,reactive,3647.754798598682,0.0,64.308529,64.308529,3054.9767309438917,-0.16250491065970546,0.2,1,0,0,0.0,0.0,0.0,0.0,0.0,0.0,0.0,0.0,0,0
20097,r0000,0,reactive,3670.036432195324,0.0,64.38505,64.38505,2977.855596088609,-0.18860326018416923,0.2,0,0,0,0.0,0.0,0.0,0.0,0.0,0.0,0.0,0.0,0,0
20097,r0009,0,reactive,4750.286373577124,0.0,64.603896,64.603896,5313.150035883024,0.11849046942448743,0.2,1,0,0,0.0,0.0,0.0,0.0,0.0,0.0,0.0,0.0,0,0
20097,r0009,1,reactive,7472.345484753983,0.0,64.576326,64.576326,6416.907338594535,-0.1412458977322295,0.2,1,0,0,0.0,0.0,0.0,0.0,0.0,0.0,0.0,0.0,0,0
20097,r0002,0,reactive,4119.065750831331,0.0,64.638821,64.638821,4920.703877197141,0.1946164919081516,0.2,1,0,0,0.0,0.0,0.0,0.0,0.0,0.0,0.0,0.0,0,0
20097,r0002,1,reactive,3472.300532386267,0.0,64.065296,64.065296,2983.504749689245,-0.14077001058462746,0.2,1,0,0,0.0,0.0,0.0,0.0,0.0,0.0,0.0,0.0,0,0
20098,r0008,0,reactive,6752.254842033879,0.0,69.800615,69.800615,6732.942454486798,-0.002860139020058605,0.2,1,0,0,0.0,0.0,0.0,0.0,0.0,0.0,0.0,0.0,0,0
20098,r0022,0,reactive,2353.4441492027418,0.0,69.671698,69.671698,2778.5707239934254,0.1806401800249649,0.2,0,0,0,0.0,0.0,0.0,0.0,0.0,0.0,0.0,0.0,0,0
20098,r0022,1,reactive,3396.214991095774,0.0,69.888091,69.888091,3299.7472009637336,-0.028404500417364892,0.2,1,0,0,0.0,0.0,0.0,0.0,0.0,0.0,0.0,0.0,0,0
20098,r0002,0,reactive,768.3160294511308,0.0,69.499785,69.499785,676.6088442753478,-0.11936128059347767,0.2,1,0,0,0.0,0.0,0.0,0.0,0.0,0.0,0.0,0.0,0,0
20098,r0002,1,reactive,5010.386705993566,0.0,69.658247,69.658247,4194.199222522364,-0.16289909968323513,0.2,0,0,0,0.0,0.0,0.0,0.0,0.0,0.0,0.0,0.0,0,0
20098,r0019,0,reactive,3610.2902766796014,0.0,69.585255,69.585255,2897.6034286206564,-0.19740430642447016,0.2,1,0,0,0.0,0.0,0.0,0.0,0.0,0.0,0.0,0.0,0,0
20098,r0007,0,reactive,3293.051583168759,0.0,69.401419,69.401419,2920.0390168962354,-0.11327261564290173,0.2,1,0,0,0.0,0.0,0.0,0.0,0.0,0.0,0.0,0.0,0,0
20099,r0013,0,reactive,1842.1457144211195,0.0,62.184406,62.184406,1705.9774700583014,-0.07391828089213243,0.2,0,0,0,0.0,0.0,0.0,0.0,0.0,0.0,0.0,0.0,0,0
20099,r0005,0,reactive,4125.54067733118,0.0,62.782547,62.782547,4658.765349096281,0.1292496459179372,0.2,1,0,0,0.0,0.0,0.0,0.0,0.0,0.0,0.0,0.0,0,0
20099,r0009,0,reactive,5321.050417009543,0.0,62.820915,62.820915,4891.51820375796,-0.08072319929135024,0.2,1,0,0,0.0,0.0,0.0,0.0,0.0,0.0,0.0,0.0,0,0
20099,r0021,0,reactive,0.0,0.0,62.696562,62.696562,0.0,0.164903396231031,0.2,0,0,0,0.0,0.0,0.0,0.0,0.0,0.0,0.0,0.0,0,0
20099,r0015,0,reactive,0.0,0.0,62.829677,62.829677,0.0,-0.141913550063524,0.2,0,0,0,0.0,0.0,0.0,0.0,0.0,0.0,0.0,0.0,0,0
20099,r0022,0,reactive,0.0,0.0,62.241253,62.241253,0.0,0.10355560991412682,0.2,1,0,0,0.0,0.0,0.0,0.0,0.0,0.0,0.0,0.0,0,0
20099,r0007,0,reactive,0.0,0.0,62.11349,62.11349,0.0,-0.15313071986031393,0.2,1,0,0,0.0,0.0,0.0,0.0,0.0,0.0,0.0,0.0,0,0
20099,r0007,1,reactive,7100.8556157377825,0.0,62.536668,62.536668,5850.269792020504,-0.17611762460647387,0.2,1,0,0,0.0,0.0,0.0,0.0,0.0,0.0,0.0,0.0,0,0
20100,r0022,0,reactive,3948.816147205751,0.0,63.479506,63.479506,3419.7681031078178,-0.13397636769498536,0.2,1,0,0,0.0,0.0,0.0,0.0,0.0,0.0,0.0,0.0,0,0
20100,r0001,0,reactive,3031.9192221975245,0.0,62.837996,62.837996,3196.0229591941534,0.05412536580631172,0.2,1,0,0,0.0,0.0,0.0,0.0,0.0,0.0,0.0,0.0,0,0
20100,r0008,0,reactive,2618.482765071687,0.0,63.727116,63.727116,2452.762123405939,-0.0632888036829263,0.2,1,0,0,0.0,0.0,0.0,0.0,0.0,0.0,0.0,0.0,0,0
20100,r0008,1,reactive,5563.276056735023,0.0,63.417195,63.417195,5670.769278767981,0.01932192847105324,0.2,1,0,0,0.0,0.0,0.0,0.0,0.0,0.0,0.0,0.0,0,0
20100,r0008,2,reactive,7030.449062051688,0.0,62.812031,62.812031,6534.36197816846,-0.07056264535944953,0.2,0,0,0,0.0,0.0,0.0,0.0,0.0,0.0,0.0,0.0,0,0
20100,r0020,0,reactive,396.62255873886534,0.0,63.38589,63.38589,456.9813131873572,0.15218184926347522,0.2,1,0,0,0.0,0.0,0.0,0.0,0.0,0.0,0.0,0.0,0,0
20100,r0020,1,reactive,4593.901465627154,0.0,63.627861,63.627861,3688.523395095705,-0.1970826055599449,0.2,1,0,0,0.0,0.0,0.0,0.0,0.0,0.0,0.0,0.0,0,0
20100,r0007,0,reactive,3629.3443251947865,0.0,63.169883,63.169883,3123.3564212883716,-0.13941578934626403,0.2,1,0,0,0.0,0.0,0.0,0.0,0.0,0.0,0.0,0.0,0,0
20100,r0007,1,reactive,5149.828234730845,0.0,62.977409,62.977409,4521.340281105101,-0.1220405662051351,0.2,0,0,0,0.0,0.0,0.0,0.0,0.0,0.0,0.0,0.0,0,0
20100,r0015,0,reactive,5927.597680178176,0.0,63.479498,63.479498,4833.447630113672,-0.18458574773442038,0.2,0,0,0,0.0,0.0,0.0,0.0,0.0,0.0,0.0,0.0,0,0
20100,r0015,1,reactive,3840.262201962061,0.0,63.246267,63.246267,4558.023580502917,0.18690426350943906,0.2,1,0,0,0.0,0.0,0.0,0.0,0.0,0.0,0.0,0.0,0,0
20100,r0018,0,reactive,0.0,0.0,63.199651,63.199651,0.0,0.073786515162509,0.2,1,0,0,0.0,0.0,0.0,0.0,0.0,0.0,0.0,0.0,0,0
20101,r0004,0,reactive,5990.8807516764555,0.0,63.144393,63.144393,5623.388005577016,-0.06134202320695534,0.2,0,0,0,0.0,0.0,0.0,0.0,0.0,0.0,0.0,0.0,0,0
20101,r0004,1,reactive,4584.845178491831,0.0,62.556624,62.556624,4859.467386822334,0.05989781500557456,0.2,0,0,0,0.0,0.0,0.0,0.0,0.0,0.0,0.0,0.0,0,0
20101,r0010,0,reactive,819.3644316307364,0.0,62.948507,62.948507,667.3420817339855,-0.18553691620978602,0.2,0,0,0,0.0,0.0,0.0,0.0,0.0,0.0,0.0,0.0,0,0
20101,r0015,0,reactive,0.0,0.0,62.666754,62.666754,0.0,0.014885246975452182,0.2,0,0,0,0.0,0.0,0.0,0.0,0.0,0.0,0.0,0.0,0,0
20101,r0007,0,reactive,4195.93967981539,0.0,62.588364,62.588364,4800.770329048545,0.14414665018725098,0.2,0,0,0,0.0,0.0,0.0,0.0,0.0,0.0,0.0,0.0,0,0
20101,r0007,1,reactive,0.0,0.0,57.646701,57.646701,0.0,0.08166645344751039,0.2,1,0,0,0.0,0.0,0.0,0.0,0.0,0.0,0.0,0.0,0,0
20101,r0018,0,reactive,1936.6207748207744,0.0,63.234152,63.234152,1725.9489195887238,-0.10878322590107876,0.2,1,0,0,0.0,0.0,0.0,0.0,0.0,0.0,0.0,0.0,0,0
20101,r0020,0,reactive,0.0,0.0,62.385927,62.385927,0.0,0.10302277997835557,0.2,1,0,0,0.0,0.0,0.0,0.0,0.0,0.0,0.0,0.0,0,0
20101,r0000,0,reactive,0.0,0.0,62.73696,62.73696,0.0,-0.05215992682199616,0.2,1,0,0,0.0,0.0,0.0,0.0,0.0,0.0,0.0,0.0,0,0
20101,r0002,0,reactive,1435.896071659423,0.0,62.63689,62.63689,1367.0748861074762,-0.047929085475115235,0.2,1,0,0,0.0,0.0,0.0,0.0,0.0,0.0,0.0,0.0,0,0
20101,r0002,1,reactive,3503.3960317287565,0.0,62.751493,62.751493,3510.8868638419053,0.0021381630981219257,0.2,1,0,0,0.0,0.0,0.0,0.0,0.0,0.0,0.0,0.0,0,0
20101,r0014,0,reactive,0.0,0.0,62.662808,62.662808,0.0,-0.017983361089233485,0.2,1,0,0,0.0,0.0,0.0,0.0,0.0,0.0,0.0,0.0,0,0
20101,r0005,0,reactive,4783.541836416196,0.0,63.299613,63.299613,4459.6912269143695,-0.06770100912182117,0.2,1,0,0,0.0,0.0,0.0,0.0,0.0,0.0,0.0,0.0,0,0
20101,r0005,1,reactive,7402.447114559975,0.0,62.606542,62.606542,8241.878272850978,0.1133991429185513,0.2,1,0,0,0.0,0.0,0.0,0.0,0.0,0.0,0.0,0.0,0,0
20101,r0001,0,reactive,0.0,0.0,62.69145,62.69145,0.0,0.15176532452040553,0.2,1,0,0,0.0,0.0,0.0,0.0,0.0,0.0,0.0,0.0,0,0
20102,r0006,0,reactive,5962.397095035994,0.0,62.579614,62.579614,7066.462233702777,0.1851713532441463,0.2,1,0,0,0.0,0.0,0.0,0.0,0.0,0.0,0.0,0.0,0,0
20102,r0020,0,reactive,6354.308233161537,0.0,62.259163,62.259163,6204.644497024499,-0.02355311241528707,0.2,1,0,0,0.0,0.0,0.0,0.0,0.0,0.0,0.0,0.0,0,0
20102,r0022,0,reactive,0.0,0.0,62.887236,62.887236,0.0,-0.1390216061172066,0.2,1,0,0,0.0,0.0,0.0,0.0,0.0,0.0,0.0,0.0,0,0
20102,r0000,0,reactive,7710.140620053862,0.0,62.579862,62.579862,8537.330357188852,0.10728594689745258,0.2,1,0,0,0.0,0.0,0.0,0.0,0.0,0.0,0.0,0.0,0,0
20102,r0003,0,reactive,0.0,0.0,63.148667,63.148667,0.0,0.01006514776761458,0.2,1,0,0,0.0,0.0,0.0,0.0,0.0,0.0,0.0,0.0,0,0
20102,r0019,0,reactive,4881.143216568911,0.0,62.351442,62.351442,5200.773774480124,0.06548272479001127,0.2,1,0,0,0.0,0.0,0.0,0.0,0.0,0.0,0.0,0.0,0,0
20103,r0021,0,reactive,3076.616721086498,0.0,52.129286,52.129286,3007.7139068798,-0.022395644454004326,0.2,1,0,0,0.0,0.0,0.0,0.0,0.0,0.0,0.0,0.0,0,0
20103,r0021,1,reactive,5191.562894282971,0.0,62.152017,62.152017,4277.5812018817605,-0.17605135698301974,0.2,1,0,0,0.0,0.0,0.0,0.0,0.0,0.0,0.0,0.0,0,0
20103,r0002,0,reactive,4283.1148114012285,0.0,52.622413,52.622413,4127.215878160239,-0.03639849504524184,0.2,1,0,0,0.0,0.0,0.0,0.0,0.0,0.0,0.0,0.0,0,0
20103,r0001,0,reactive,272.2845246039942,0.0,52.378973,52.378973,301.4301846057535,0.10704119172453214,0.2,0,0,0,0.0,0.0,0.0,0.0,0.0,0.0,0.0,0.0,0,0
20103,r0001,1,reactive,3280.20172889288,0.0,62.663284,62.663284,2834.0595816267773,-0.136010582317656,0.2,1,0,0,0.0,0.0,0.0,0.0,0.0,0.0,0.0,0.0,0,0
20103,r0005,0,reactive,1490.665929177423,0.0,52.072673,52.072673,1350.175758203628,-0.09424658350601747,0.2,1,0,0,0.0,0.0,0.0,0.0,0.0,0.0,0.0,0.0,0,0
20103,r0023,0,reactive,0.0,0.0,52.523163,52.523163,0.0,-0.11837749164400564,0.2,1,0,0,0.0,0.0,0.0,0.0,0.0,0.0,0.0,0.0,0,0
20103,r0009,0,reactive,42.39964679035256,0.0,52.694029,52.694029,46.633266086509394,0.09985034349673239,0.2,1,0,0,0.0,0.0,0.0,0.0,0.0,0.0,0.0,0.0,0,0
20103,r0010,0,reactive,0.0,0.0,52.544513,52.544513,0.0,0.19849987851608153,0.2,0,0,0,0.0,0.0,0.0,0.0,0.0,0.0,0.0,0.0,0,0
20103,r0007,0,reactive,4190.733467905928,0.0,52.310532,52.310532,3463.597317657921,-0.17351047395799912,0.2,1,0,0,0.0,0.0,0.0,0.0,0.0,0.0,0.0,0.0,0,0
20103,r0007,1,reactive,7382.69423353325,0.0,61.980937,61.980937,7968.015907422125,0.07928293592740976,0.2,0,0,0,0.0,0.0,0.0,0.0,0.0,0.0,0.0,0.0,0,0
20104,r0008,0,reactive,5739.74777439216,0.0,66.002193,66.002193,4668.8554012229615,-0.18657481395732695,0.2,1,0,0,0.0,0.0,0.0,0.0,0.0,0.0,0.0,0.0,0,0
20104,r0007,0,reactive,443.2885442767474,0.0,66.848681,66.848681,490.60737748206685,0.10674499446522595,0.2,1,0,0,0.0,0.0,0.0,0.0,0.0,0.0,0.0,0.0,0,0
20104,r0012,0,reactive,733.6507144021816,0.0,67.152099,67.152099,605.9420070022114,-0.17407289994126726,0.2,1,0,0,0.0,0.0,0.0,0.0,0.0,0.0,0.0,0.0,0,0
20104,r0003,0,reactive,4515.574691247632,0.0,66.071427,66.071427,4201.476812415419,-0.06955878272615376,0.2,1,0,0,0.0,0.0,0.0,0.0,0.0,0.0,0.0,0.0,0,0
20104,r0004,0,reactive,759.950268141838,0.0,65.974093,65.974093,683.6520737534688,-0.10039893080757332,0.2,1,0,0,0.0,0.0,0.0,0.0,0.0,0.0,0.0,0.0,0,0
20104,r0004,1,reactive,6740.399381137766,0.0,65.352855,65.352855,7831.629565843676,0.1618939951480609,0.2,1,0,0,0.0,0.0,0.0,0.0,0.0,0.0,0.0,0.0,0,0
20105,r0016,0,reactive,198.6242710793913,0.0,57.2385,57.2385,182.37684732949697,-0.08179979043648765,0.2,1,0,0,0.0,0.0,0.0,0.0,0.0,0.0,0.0,0.0,0,0
20105,r0006,0,reactive,2883.5358308057803,0.0,57.053447,57.053447,2714.06081466806,-0.05877333457318665,0.2,1,0,0,0.0,0.0,0.0,0.0,0.0,0.0,0.0,0.0,0,0
20105,r0015,0,reactive,0.0,0.0,57.26449,57.26449,0.0,-0.09564760804800759,0.2,1,0,0,0.0,0.0,0.0,0.0,0.0,0.0,0.0,0.0,0,0
20105,r0017,0,reactive,0.0,0.0,57.083196,57.083196,0.0,-0.12936021792866947,0.2,1,0,0,0.0,0.0,0.0,0.0,0.0,0.0,0.0,0.0,0,0
20105,r0021,0,reactive,5028.563304815785,0.0,57.137017,57.137017,4378.780272580075,-0.12921842539268064,0.2,1,0,0,0.0,0.0,0.0,0.0,0.0,0.0,0.0,0.0,0,0
20105,r0007,0,reactive,4767.891047616447,0.0,57.141306,57.141306,3871.4908191981485,-0.18800769972846282,0.2,1,0,0,0.0,0.0,0.0,0.0,0.0,0.0,0.0,0.0,0,0
20105,r0019,0,reactive,2487.241846613386,0.0,57.150353,57.150353,2810.1196161584353,0.12981358044642033,0.2,0,0,0,0.0,0.0,0.0,0.0,0.0,0.0,0.0,0.0,0,0
20105,r0008,0,reactive,2598.6129127965687,0.0,57.230734,57.230734,2590.602276459165,-0.003082658559093676,0.2,1,0,0,0.0,0.0,0.0,0.0,0.0,0.0,0.0,0.0,0,0
20105,r0002,0,reactive,1748.0802860668155,0.0,57.228157,57.228157,1673.714163018115,-0.042541594709030545,0.2,1,0,0,0.0,0.0,0.0,0.0,0.0,0.0,0.0,0.0,0,0
20105,r0002,1,reactive,0.0,0.0,43.810862,43.810862,0.0,-0.15863469692868482,0.2,1,0,0,0.0,0.0,0.0,0.0,0.0,0.0,0.0,0.0,0,0
20105,r0012,0,reactive,0.0,0.0,56.848793,56.848793,0.0,-0.13444429738921182,0.2,1,0,0,0.0,0.0,0.0,0.0,0.0,0.0,0.0,0.0,0,0
20105,r0012,1,reactive,2265.294503997444,0.0,64.523681,64.523681,2060.5717249288136,-0.09037358220194625,0.2,1,0,0,0.0,0.0,0.0,0.0,0.0,0.0,0.0,0.0,0,0
20106,r0011,0,reactive,3570.84842677342,0.0,63.091692,63.091692,3541.63379762191,-0.008181425157244238,0.2,0,0,0,0.0,0.0,0.0,0.0,0.0,0.0,0.0,0.0,0,0
20106,r0007,0,reactive,5480.950347305152,0.0,63.195648,63.195648,5750.907311604785,0.049253678138566626,0.2,1,0,0,0.0,0.0,0.0,0.0,0.0,0.0,0.0,0.0,0,0
20106,r0000,0,reactive,0.0,0.0,63.338788,63.338788,0.0,-0.04037245449061544,0.2,1,0,0,0.0,0.0,0.0,0.0,0.0,0.0,0.0,0.0,0,0
