episode_seed,request_id,handover_index,runtime_policy,lead_ms,prefetch_planner_ms,reactive_planner_ms,blocking_planner_ms,predicted_lead_ms,eta_relative_error,eta_error_bound,prediction_correct,had_prefetch_plan,accepted_prefetch,base_migration_ms,hidden_migration_ms,prefetched_mb,useful_prefetch_mb,wasted_prefetch_mb,wrong_anchor_waste_mb,residual_base_ms,delta_sync_ms,delta_tokens,changed_blocks
20007,r0004,0,prefetch,2444.00987758916,59.096614,58.345215,58.345215,2017.8182929937882,-0.17438210397732906,0.2,0,1,0,0.0,0.0,0.0,0.0,0.0,0.0,0.0,0.0,131,0
20007,r0000,0,prefetch,1420.3588484424936,51.391097,0.0,0.0,1611.6678665924746,0.13469062297866657,0.2,1,1,1,183.0748816658021,0.0,0.0,0.0,0.0,0.0,183.0748816658021,49.62596711378018,35,18
20007,r0002,0,prefetch,1035.3044506585393,90.677894,50.784371,50.784371,1232.1454852171132,0.19012864711763455,0.2,0,1,0,139.62189429509766,0.0,0.0,0.0,0.0,0.0,0.0,0.0,26,18
20007,r0021,0,prefetch,382.5064692987289,59.964102,60.045272,60.045272,352.3558529506727,-0.07882380761646478,0.2,0,1,0,0.0,0.0,0.0,0.0,0.0,0.0,0.0,0.0,19,0
20007,r0021,1,prefetch,6004.533351899954,59.88447,59.969349,59.969349,7158.743176998134,0.19222306838098668,0.2,1,1,0,0.0,0.0,0.0,0.0,0.0,0.0,0.0,0.0,286,0
20007,r0012,0,prefetch,3918.3392733011497,59.933972,60.229037,60.229037,3987.500482910692,0.01765064349603271,0.2,0,1,0,0.0,0.0,0.0,0.0,0.0,0.0,0.0,0.0,203,0
20008,r0014,0,prefetch,1049.6898807747912,62.480718,0.0,0.0,1250.0278817729084,0.19085446536861417,0.2,1,1,1,0.0,0.0,0.0,0.0,0.0,0.0,0.0,0.0,44,0
20009,r0005,0,prefetch,4480.248916122868,42.254513,0.0,0.0,4856.413909234221,0.08396073525237957,0.2,1,1,1,528.7690532117738,152.6040601004206,7.312014395445354,7.312014395445354,0.0,0.0,376.16499311135317,90.946923354181,138,4
20009,r0000,0,prefetch,338.82901932794266,45.96538,45.902856,45.902856,282.74849671353036,-0.16551274954443512,0.2,0,1,0,143.41129310381825,0.0,5.8828125,0.0,5.8828125,5.8828125,0.0,0.0,10,4
20009,r0017,0,prefetch,4879.760853008051,63.472912,63.239776,63.239776,3928.1897886647075,-0.19500362681846642,0.2,0,1,0,0.0,0.0,0.0,0.0,0.0,0.0,0.0,0.0,212,0
20009,r0019,0,prefetch,0.0,0.0,62.860233,62.860233,0.0,0.09816450925062609,0.2,1,0,0,0.0,0.0,0.0,0.0,0.0,0.0,0.0,0.0,0,0
20009,r0015,0,prefetch,4436.0917378978265,45.663456,0.0,0.0,4423.388670362541,-0.0028635718749371597,0.2,1,1,1,122.51840249555565,122.51840249555565,4.828125,4.828125,0.0,0.0,0.0,98.37550668156325,154,4
20009,r0008,0,prefetch,442.9883282531664,63.435481,63.335924,63.335924,430.4924850233904,-0.028208064259956422,0.2,1,1,0,0.0,0.0,0.0,0.0,0.0,0.0,0.0,0.0,19,0
20009,r0008,1,prefetch,6251.014740562416,63.435424,63.433041,63.433041,6639.8768925250015,0.06220784434234111,0.2,0,1,0,0.0,0.0,0.0,0.0,0.0,0.0,0.0,0.0,343,0
20010,r0005,0,prefetch,2623.100525276028,63.711806,63.951084,63.951084,2941.726125277076,0.12146907712106048,0.2,0,1,0,0.0,0.0,0.0,0.0,0.0,0.0,0.0,0.0,109,0
20010,r0005,1,prefetch,8583.456519410312,63.145601,63.035329,63.035329,8777.81375443011,0.022643236390874122,0.2,1,1,0,0.0,0.0,0.0,0.0,0.0,0.0,0.0,0.0,398,0
20010,r0021,0,prefetch,7151.316301857785,63.421544,0.0,0.0,7374.483803334529,0.031206492910790196,0.2,1,1,1,0.0,0.0,0.0,0.0,0.0,0.0,0.0,0.0,300,0
20010,r0002,0,prefetch,2326.4402438824673,63.098469,63.189702,63.189702,2018.652049811326,-0.1323000643925806,0.2,1,1,0,0.0,0.0,0.0,0.0,0.0,0.0,0.0,0.0,97,0
20010,r0002,1,prefetch,3073.4638686027447,63.121398,63.117733,63.117733,3066.0487758008485,-0.0024126175282702944,0.2,1,1,0,0.0,0.0,0.0,0.0,0.0,0.0,0.0,0.0,128,0
20010,r0001,0,prefetch,0.0,0.0,63.578187,63.578187,0.0,-0.023804265060425156,0.2,1,0,0,0.0,0.0,0.0,0.0,0.0,0.0,0.0,0.0,0,0
20010,r0001,1,prefetch,4045.8809068763003,63.762766,63.525679,63.525679,4642.3921256415415,0.14743667262954335,0.2,1,1,0,0.0,0.0,0.0,0.0,0.0,0.0,0.0,0.0,159,0
20010,r0006,0,prefetch,3983.181019747477,63.594193,63.497835,63.497835,3721.7436308937754,-0.06563532703072489,0.2,1,1,0,0.0,0.0,0.0,0.0,0.0,0.0,0.0,0.0,163,0
20010,r0006,1,prefetch,4822.250854387494,63.554237,63.220613,63.220613,4209.719805644989,-0.1270218135137448,0.2,1,1,0,0.0,0.0,0.0,0.0,0.0,0.0,0.0,0.0,190,0
20010,r0009,0,prefetch,4899.6830030742785,63.584109,0.0,0.0,4991.140089837381,0.018665919143283055,0.2,1,1,1,0.0,0.0,0.0,0.0,0.0,0.0,0.0,0.0,200,0
20010,r0012,0,prefetch,154.07894829437282,63.424923,0.0,0.0,124.23646666823413,-0.1936830563583785,0.2,1,1,1,0.0,0.0,0.0,0.0,0.0,0.0,0.0,0.0,6,0
20010,r0012,1,prefetch,9759.784618285179,62.851165,62.719138,62.719138,8873.699403284694,-0.09078942309243013,0.2,1,1,0,0.0,0.0,0.0,0.0,0.0,0.0,0.0,0.0,366,0
20010,r0013,0,prefetch,0.0,0.0,63.498315,63.498315,0.0,-0.04034930427486691,0.2,0,0,0,0.0,0.0,0.0,0.0,0.0,0.0,0.0,0.0,0,0
20010,r0013,1,prefetch,7093.891048079007,63.146648,63.398385,63.398385,5725.146562943533,-0.19294692797771737,0.2,1,1,0,0.0,0.0,0.0,0.0,0.0,0.0,0.0,0.0,296,0
20011,r0006,0,prefetch,4064.0955650690084,55.88918,0.0,0.0,3673.1513622350426,-0.09619463828413394,0.2,1,1,1,234.92937439566913,234.92937439566913,14.0625,14.0625,0.0,0.0,0.0,88.99945634327486,99,6
20011,r0004,0,prefetch,0.0,0.0,61.394974,61.394974,0.0,0.09745789464333032,0.2,1,0,0,0.0,0.0,0.0,0.0,0.0,0.0,0.0,0.0,0,0
20011,r0004,1,prefetch,3669.423168874144,61.394846,61.421607,61.421607,4132.709336769523,0.12625585727620642,0.2,0,1,0,0.0,0.0,0.0,0.0,0.0,0.0,0.0,0.0,155,0
20011,r0004,2,prefetch,4924.680124432318,61.176066,61.004508,61.004508,4114.236409540995,-0.16456778804181627,0.2,1,1,0,0.0,0.0,0.0,0.0,0.0,0.0,0.0,0.0,210,0
20011,r0021,0,prefetch,1971.658432876241,61.263871,0.0,0.0,2108.710084933915,0.06951084922845574,0.2,1,1,1,2834.588201968792,1910.394561876241,122.95528769936435,122.95528769936435,0.0,0.0,924.193640092551,286.28774553256017,88,28
20011,r0021,1,prefetch,4970.335907351546,56.301024,56.162314,56.162314,4919.851347478944,-0.01015717263654764,0.2,1,1,0,0.0,0.0,0.0,0.0,0.0,0.0,0.0,0.0,359,0
20011,r0000,0,prefetch,0.0,0.0,61.538072,61.538072,0.0,-0.1528655017531246,0.2,1,0,0,0.0,0.0,0.0,0.0,0.0,0.0,0.0,0.0,0,0
20011,r0000,1,prefetch,4073.6248846705384,0.0,60.994247,60.994247,4719.002207727246,0.15842826507794755,0.2,1,0,0,0.0,0.0,0.0,0.0,0.0,0.0,0.0,0.0,0,0
20011,r0013,0,prefetch,6864.838922985993,61.538951,61.456533,61.456533,5914.306534215186,-0.1384639027127173,0.2,1,1,0,0.0,0.0,0.0,0.0,0.0,0.0,0.0,0.0,279,0
20011,r0008,0,prefetch,5030.262394826477,60.990949,0.0,0.0,5194.542306965069,0.03265831864110108,0.2,1,1,1,0.0,0.0,0.0,0.0,0.0,0.0,0.0,0.0,215,0
20011,r0008,1,prefetch,3064.039130527497,60.67202,60.809947,60.809947,3351.2101968784427,0.09372304142261612,0.2,0,1,0,0.0,0.0,0.0,0.0,0.0,0.0,0.0,0.0,125,0
20011,r0019,0,prefetch,1374.9599511880442,61.523993,0.0,0.0,1482.7048227820176,0.07836218902294251,0.2,1,1,1,0.0,0.0,0.0,0.0,0.0,0.0,0.0,0.0,57,0
20011,r0023,0,prefetch,0.0,0.0,60.771111,60.771111,0.0,-0.025851138068070018,0.2,1,0,0,0.0,0.0,0.0,0.0,0.0,0.0,0.0,0.0,0,0
20011,r0005,0,prefetch,5732.826561465263,62.194175,0.0,0.0,4952.176156155126,-0.1361719907170206,0.2,1,1,1,0.0,0.0,0.0,0.0,0.0,0.0,0.0,0.0,245,0
20011,r0009,0,prefetch,1517.1971499309293,55.959449,55.76063,55.76063,1381.601533973409,-0.08937244310252841,0.2,0,1,0,240.26236143412874,0.0,14.44921875,0.0,14.44921875,14.44921875,0.0,0.0,36,6
20012,r0007,0,prefetch,4608.610146721517,66.182156,66.092706,66.092706,4083.000095619365,-0.1140495798882145,0.2,0,1,0,0.0,0.0,0.0,0.0,0.0,0.0,0.0,0.0,186,0
20012,r0013,0,prefetch,1275.4378940179267,67.854099,101.218784,101.218784,1055.658919431866,-0.17231648488481532,0.2,0,1,0,0.0,0.0,0.0,0.0,0.0,0.0,0.0,0.0,57,0
20012,r0014,0,prefetch,4484.4100319567515,67.974181,0.0,0.0,4689.0474247863585,0.04563306909299608,0.2,1,1,1,0.0,0.0,0.0,0.0,0.0,0.0,0.0,0.0,171,0
20013,r0006,0,prefetch,3807.039471075053,66.546799,66.29313,66.29313,4099.419166176489,0.07679975406687128,0.2,0,1,0,0.0,0.0,0.0,0.0,0.0,0.0,0.0,0.0,140,0
20013,r0002,0,prefetch,697.8187884444069,65.739367,0.0,0.0,583.917430943674,-0.16322483628542625,0.2,1,1,1,551.6160644063891,551.6160644063891,32.58984375,32.58984375,0.0,0.0,0.0,92.30151982749395,18,27
20013,r0017,0,prefetch,2676.511618533428,64.69342,0.0,0.0,2346.1030776118287,-0.12344745251008629,0.2,1,1,1,413.3776225633152,413.3776225633152,26.859375,26.859375,0.0,0.0,0.0,169.81067150657785,71,24
20013,r0020,0,prefetch,1604.611553914554,68.362934,67.766215,67.766215,1894.0866387769543,0.18040196965814376,0.2,1,1,0,0.0,0.0,0.0,0.0,0.0,0.0,0.0,0.0,57,0
20013,r0023,0,prefetch,437.6656367164178,69.195009,68.720128,68.720128,514.4904225351765,0.17553305394304192,0.2,1,1,0,0.0,0.0,0.0,0.0,0.0,0.0,0.0,0.0,16,0
20013,r0010,0,prefetch,3171.608039387931,0.0,68.019394,68.019394,3652.65509399812,0.15167292068758376,0.2,1,0,0,0.0,0.0,0.0,0.0,0.0,0.0,0.0,0.0,0,0
20013,r0003,0,prefetch,0.0,0.0,67.842127,67.842127,0.0,-0.05711727694752175,0.2,1,0,0,0.0,0.0,0.0,0.0,0.0,0.0,0.0,0.0,0,0
20013,r0016,0,prefetch,712.9690671345488,67.316578,67.165381,67.165381,602.4887566429657,-0.15495806982988475,0.2,1,1,0,0.0,0.0,0.0,0.0,0.0,0.0,0.0,0.0,23,0
20013,r0014,0,prefetch,0.0,0.0,67.496078,67.496078,0.0,0.028459699565592717,0.2,1,0,0,0.0,0.0,0.0,0.0,0.0,0.0,0.0,0.0,0,0
20013,r0014,1,prefetch,9151.464560282573,67.538571,67.512932,67.512932,8974.494626590356,-0.01933788111470891,0.2,1,1,0,0.0,0.0,0.0,0.0,0.0,0.0,0.0,0.0,326,0
20013,r0007,0,prefetch,0.0,0.0,67.088642,67.088642,0.0,-0.05832188500918206,0.2,1,0,0,0.0,0.0,0.0,0.0,0.0,0.0,0.0,0.0,0,0
20014,r0023,0,prefetch,8671.992469244073,43.471988,0.0,0.0,7537.287735421477,-0.13084706171585353,0.2,1,1,1,0.0,0.0,0.0,0.0,0.0,0.0,0.0,0.0,283,0
20014,r0016,0,prefetch,0.0,0.0,44.427978,44.427978,0.0,0.16347226206760984,0.2,1,0,0,0.0,0.0,0.0,0.0,0.0,0.0,0.0,0.0,0,0
20014,r0004,0,prefetch,0.0,0.0,43.968334,43.968334,0.0,0.01682780826649838,0.2,1,0,0,0.0,0.0,0.0,0.0,0.0,0.0,0.0,0.0,0,0
20014,r0011,0,prefetch,2706.9319677771127,44.365308,0.0,0.0,2895.123690139303,0.06952214706627091,0.2,1,1,1,0.0,0.0,0.0,0.0,0.0,0.0,0.0,0.0,87,0
20014,r0008,0,prefetch,1918.3367665007427,44.467242,44.414941,44.414941,1806.05563981947,-0.05853045650899233,0.2,1,1,0,0.0,0.0,0.0,0.0,0.0,0.0,0.0,0.0,58,0
20014,r0012,0,prefetch,0.0,0.0,44.505546,44.505546,0.0,-0.024798927408070937,0.2,1,0,0,0.0,0.0,0.0,0.0,0.0,0.0,0.0,0.0,0,0
20014,r0012,1,prefetch,6703.038480295931,67.956319,67.76309,67.76309,5715.009046242119,-0.14740023303733008,0.2,1,1,0,0.0,0.0,0.0,0.0,0.0,0.0,0.0,0.0,281,0
20014,r0000,0,prefetch,2613.2823349057544,43.971118,0.0,0.0,2152.70098045802,-0.17624630461688906,0.2,1,1,1,246.48904746904907,246.48904746904907,20.220703125,20.220703125,0.0,0.0,0.0,118.58179139688687,82,17
20014,r0022,0,prefetch,627.9025226115809,43.752575,0.0,0.0,576.0001780881211,-0.08265987578388266,0.2,1,1,1,223.27281161956503,223.27281161956503,18.029296875,18.029296875,0.0,0.0,0.0,46.469501775060664,19,17
20014,r0015,0,prefetch,5087.348495328726,44.249303,43.567393,43.567393,5917.751960728386,0.16322912931208633,0.2,0,1,0,1281.722109666496,0.0,41.52802874101151,0.0,41.52802874101151,41.52802874101151,0.0,0.0,169,17
20014,r0015,1,prefetch,2842.104783678369,67.454416,67.492666,67.492666,2554.912318903587,-0.10104921761648976,0.2,1,1,0,0.0,0.0,0.0,0.0,0.0,0.0,0.0,0.0,147,0
20015,r0001,0,prefetch,1818.1968261065635,62.920013,0.0,0.0,1732.1808058042325,-0.04730842066561261,0.2,1,1,1,0.0,0.0,0.0,0.0,0.0,0.0,0.0,0.0,98,0
20015,r0001,1,prefetch,4687.515015508019,66.989619,62.888156,62.888156,4559.2886286798885,-0.02735487489723462,0.2,1,1,0,0.0,0.0,0.0,0.0,0.0,0.0,0.0,0.0,221,0
20015,r0013,0,prefetch,209.28524176716928,62.955597,0.0,0.0,177.56126723690562,-0.1515824730993537,0.2,1,1,1,0.0,0.0,0.0,0.0,0.0,0.0,0.0,0.0,9,0
20015,r0010,0,prefetch,6647.610621599477,62.379931,61.17329,61.17329,7141.52111055211,0.07429894996373809,0.2,0,1,0,0.0,0.0,0.0,0.0,0.0,0.0,0.0,0.0,373,0
20015,r0008,0,prefetch,3904.089351813025,63.201195,0.0,0.0,3570.0682632687967,-0.08555672230941945,0.2,1,1,1,0.0,0.0,0.0,0.0,0.0,0.0,0.0,0.0,184,0
20015,r0008,1,prefetch,4682.965557835727,62.918906,63.014748,63.014748,4170.955074756511,-0.10933466769203526,0.2,1,1,0,0.0,0.0,0.0,0.0,0.0,0.0,0.0,0.0,216,0
20015,r0016,0,prefetch,607.5249066894539,63.25383,62.692712,62.692712,546.3917025025114,-0.10062666322615771,0.2,1,1,0,0.0,0.0,0.0,0.0,0.0,0.0,0.0,0.0,33,0
20016,r0006,0,prefetch,4938.351715339951,50.733236,0.0,0.0,4618.629874372869,-0.0647426225179411,0.2,1,1,1,2630.2457183907077,2630.2457183907077,122.126953125,122.126953125,0.0,0.0,0.0,270.06495631817967,101,19
20016,r0007,0,prefetch,5447.95161426353,50.601914,0.0,0.0,5675.156059524584,0.04170456372376713,0.2,1,1,1,459.63770829187666,232.43326303082358,10.189810278447169,10.189810278447169,0.0,0.0,227.20444526105308,303.2401879135767,115,19
20016,r0009,0,prefetch,0.0,0.0,68.991481,68.991481,0.0,0.022234975024836567,0.2,1,0,0,0.0,0.0,0.0,0.0,0.0,0.0,0.0,0.0,0,0
20016,r0002,0,prefetch,4324.480074396426,68.991624,0.0,0.0,3725.3885470927407,-0.13853492604826056,0.2,1,1,1,0.0,0.0,0.0,0.0,0.0,0.0,0.0,0.0,193,0
20016,r0002,1,prefetch,3403.361420479807,68.890222,69.100671,69.100671,3723.2496943524243,0.0939918610899455,0.2,1,1,0,0.0,0.0,0.0,0.0,0.0,0.0,0.0,0.0,155,0
20016,r0019,0,prefetch,2534.421111397758,69.268193,69.058811,69.058811,2391.4211078894077,-0.05642314249406019,0.2,1,1,0,0.0,0.0,0.0,0.0,0.0,0.0,0.0,0.0,138,0
20016,r0004,0,prefetch,1412.8852021962157,68.69481,68.802882,68.802882,1393.8538833819323,-0.013469826695545223,0.2,1,1,0,0.0,0.0,0.0,0.0,0.0,0.0,0.0,0.0,72,0
20016,r0017,0,prefetch,3569.666281141246,68.958525,68.695238,68.695238,3848.515845808633,0.07811642397513885,0.2,1,1,0,0.0,0.0,0.0,0.0,0.0,0.0,0.0,0.0,195,0
20016,r0022,0,prefetch,5391.919108541413,49.029563,0.0,0.0,4965.114667282604,-0.07915631385914193,0.2,1,1,1,236.56853719368615,236.56853719368615,9.0,9.0,0.0,0.0,0.0,342.1196273258875,100,24
20017,r0020,0,prefetch,4018.6741981259947,66.525757,66.156267,66.156267,3819.851756097904,-0.04947463571961283,0.2,0,1,0,0.0,0.0,0.0,0.0,0.0,0.0,0.0,0.0,224,0
20017,r0010,0,prefetch,394.4095198081268,67.774991,0.0,0.0,340.8406097072059,-0.13582053021179913,0.2,1,1,1,0.0,0.0,0.0,0.0,0.0,0.0,0.0,0.0,22,0
20017,r0010,1,prefetch,3019.34405333989,67.975611,67.725738,67.725738,2986.8859274026922,-0.010750058742492019,0.2,1,1,0,0.0,0.0,0.0,0.0,0.0,0.0,0.0,0.0,153,0
20017,r0012,0,prefetch,216.17785676906715,67.749695,0.0,0.0,233.3126094308997,0.07926229317805111,0.2,1,1,1,0.0,0.0,0.0,0.0,0.0,0.0,0.0,0.0,10,0
20017,r0012,1,prefetch,7265.01107459842,67.502408,104.696351,104.696351,8427.802383274724,0.1600536181895053,0.2,0,1,0,0.0,0.0,0.0,0.0,0.0,0.0,0.0,0.0,310,0
20017,r0001,0,prefetch,6706.296489579559,0.0,67.490176,67.490176,7345.156628409037,0.09526273403243612,0.2,1,0,0,0.0,0.0,0.0,0.0,0.0,0.0,0.0,0.0,0,0
20017,r0023,0,prefetch,1410.4263460622024,69.192238,67.686183,67.686183,1515.9560952928637,0.07482116987199772,0.2,0,1,0,0.0,0.0,0.0,0.0,0.0,0.0,0.0,0.0,61,0
20017,r0023,1,prefetch,5356.9017268691205,67.489486,67.645918,67.645918,6109.53391965827,0.14049766659225815,0.2,1,1,0,0.0,0.0,0.0,0.0,0.0,0.0,0.0,0.0,235,0
20017,r0003,0,prefetch,5117.757805228808,68.012624,67.782624,67.782624,4927.951690255775,-0.037087748618957306,0.2,1,1,0,0.0,0.0,0.0,0.0,0.0,0.0,0.0,0.0,277,0
20017,r0004,0,prefetch,0.0,0.0,66.140081,66.140081,0.0,-0.04671067629747183,0.2,1,0,0,0.0,0.0,0.0,0.0,0.0,0.0,0.0,0.0,0,0
20018,r0017,0,prefetch,5315.4077162965605,45.854409,0.0,0.0,5009.93659297079,-0.057468991962596444,0.2,1,1,1,604.6286843060052,604.6286843060052,96.6796875,96.6796875,0.0,0.0,0.0,116.54797829526827,206,15
20018,r0021,0,prefetch,3085.7351355930405,46.321124,46.225369,46.225369,3295.7152501909986,0.06804865141401789,0.2,1,1,0,0.0,0.0,0.0,0.0,0.0,0.0,0.0,0.0,104,0
20018,r0002,0,prefetch,262.844337342558,46.393532,46.136464,46.136464,211.15664974092797,-0.19664752196760032,0.2,0,1,0,2253.5345316814382,0.0,14.773234453591366,0.0,14.773234453591366,14.773234453591366,0.0,0.0,8,25
20018,r0002,1,prefetch,2917.9102691550434,55.192669,55.119533,55.119533,3400.468946750678,0.16537817584615855,0.2,1,1,0,0.0,0.0,0.0,0.0,0.0,0.0,0.0,0.0,117,0
20018,r0014,0,prefetch,3433.3010968918206,46.052542,46.477255,46.477255,3367.9655104639783,-0.019029961131865336,0.2,1,1,0,0.0,0.0,0.0,0.0,0.0,0.0,0.0,0.0,114,0
20018,r0010,0,prefetch,2895.3452625717255,46.289535,0.0,0.0,2950.650975196747,0.019101595011814826,0.2,1,1,1,578.9689603882147,523.6632477631938,83.70814884466066,83.70814884466066,0.0,0.0,55.305712625020874,55.40140215074642,94,15
20018,r0010,1,prefetch,5267.5581702180425,55.215898,54.907295,54.907295,6119.670402051162,0.1617660791390647,0.2,1,1,0,0.0,0.0,0.0,0.0,0.0,0.0,0.0,0.0,211,0
20018,r0006,0,prefetch,0.0,0.0,46.011996,46.011996,0.0,-0.17546165117271842,0.2,1,0,0,0.0,0.0,0.0,0.0,0.0,0.0,0.0,0.0,0,0
20018,r0006,1,prefetch,6644.48573932378,57.885202,57.754596,57.754596,5565.238854736492,-0.162427451412835,0.2,1,1,0,0.0,0.0,0.0,0.0,0.0,0.0,0.0,0.0,300,0
20019,r0016,0,prefetch,5689.808243891504,55.224676,0.0,0.0,5111.195412351468,-0.10169285268290484,0.2,1,1,1,27.681327224812694,27.681327224812694,3.8203125,3.8203125,0.0,0.0,0.0,29.780893809139283,177,4
20019,r0023,0,prefetch,285.895902718843,62.377166,61.93773,61.93773,235.11136138558942,-0.17763298057194032,0.2,0,1,0,0.0,0.0,0.0,0.0,0.0,0.0,0.0,0.0,10,0
20019,r0023,1,prefetch,3930.550493787203,62.028581,61.841229,61.841229,4463.735043289558,0.1356513674980464,0.2,1,1,0,0.0,0.0,0.0,0.0,0.0,0.0,0.0,0.0,129,0
20019,r0015,0,prefetch,1365.610125610874,55.802083,55.621337,55.621337,1584.6687273895018,0.16041079197522556,0.2,1,1,0,0.0,0.0,0.0,0.0,0.0,0.0,0.0,0.0,38,0
20019,r0003,0,prefetch,1592.6820663062754,56.179178,55.70108,55.70108,1404.3386660377575,-0.11825549132057547,0.2,0,1,0,0.0,0.0,0.0,0.0,0.0,0.0,0.0,0.0,45,0
20019,r0022,0,prefetch,4109.546940661472,63.783879,63.394895,63.394895,3749.0872496861616,-0.08771275670531474,0.2,1,1,0,0.0,0.0,0.0,0.0,0.0,0.0,0.0,0.0,140,0
20019,r0022,1,prefetch,3596.699013327794,63.175456,62.573401,62.573401,2918.5840258135268,-0.18853815262313287,0.2,1,1,0,0.0,0.0,0.0,0.0,0.0,0.0,0.0,0.0,116,0
20019,r0009,0,prefetch,4236.2924888710695,63.529103,0.0,0.0,3513.1766049496077,-0.17069545736540134,0.2,1,1,1,0.0,0.0,0.0,0.0,0.0,0.0,0.0,0.0,138,0
20019,r0009,1,prefetch,6635.9955331276215,63.342429,63.434854,63.434854,6275.288071433433,-0.054356194167626715,0.2,1,1,0,0.0,0.0,0.0,0.0,0.0,0.0,0.0,0.0,213,0
20020,r0008,0,prefetch,1690.8564942956837,63.372412,0.0,0.0,2015.1896003446116,0.19181586795988081,0.2,1,1,1,240.86798071315056,0.0,0.0,0.0,0.0,0.0,240.86798071315056,37.13117997307131,65,2
20020,r0021,0,prefetch,2312.6365361573316,46.962855,0.0,0.0,2418.447749325633,0.04575349888059668,0.2,1,1,1,9.60222172101131,0.0,0.0,0.0,0.0,0.0,9.60222172101131,8.695620198515902,144,1
20020,r0007,0,prefetch,3898.8378455461498,45.954494,45.938838,45.938838,4319.329311353151,0.10785046274426374,0.2,0,1,0,46.55702663796692,0.0,0.0,0.0,0.0,0.0,0.0,0.0,234,1
20020,r0017,0,prefetch,1002.5880683524992,63.789689,0.0,0.0,1152.431360339765,0.14945648837961473,0.2,1,1,1,300.08607186370483,150.24277987644018,6.805923301475229,6.805923301475229,0.0,0.0,149.84329198726465,30.13565073205814,36,2
20020,r0011,0,prefetch,3767.7794806473867,63.719078,0.0,0.0,3619.8346785027093,-0.03926578052260568,0.2,1,1,1,265.26150686006713,265.26150686006713,11.89453125,11.89453125,0.0,0.0,0.0,56.31411683824096,145,2
20021,r0007,0,prefetch,8055.75777428517,50.902911,0.0,0.0,7476.556573349011,-0.07189903385439794,0.2,1,1,1,432.13378403487434,432.13378403487434,40.25390625,40.25390625,0.0,0.0,0.0,125.54312878267427,261,6
20021,r0021,0,prefetch,2643.3745293839747,51.734542,0.0,0.0,2272.0870559819264,-0.14045965460996365,0.2,1,1,1,855.1263361330573,855.1263361330573,36.703125,36.703125,0.0,0.0,0.0,108.90512892247075,92,6
20021,r0002,0,prefetch,2569.7921872518455,51.091427,0.0,0.0,2433.179156947246,-0.05316111979104973,0.2,1,1,1,453.75670560758886,453.75670560758886,42.46875,42.46875,0.0,0.0,0.0,56.26254801634616,83,6
20021,r0017,0,prefetch,188.64522389451304,42.687757,0.0,0.0,222.07644340049154,0.17721741804962232,0.2,1,1,1,272.3511310665841,145.95746689451335,12.469479199867619,12.469479199867619,0.0,0.0,126.39366417207077,34.529451174640684,5,19
20021,r0023,0,prefetch,1099.7723723467716,41.867159,41.181803,41.181803,1128.5555703819991,0.02617195954268975,0.2,0,1,0,469.41861429807153,0.0,39.81520572864475,0.0,39.81520572864475,39.81520572864475,0.0,0.0,33,19
20021,r0022,0,prefetch,0.0,0.0,59.468339,59.468339,0.0,-0.04431396028232526,0.2,1,0,0,0.0,0.0,0.0,0.0,0.0,0.0,0.0,0.0,0,0
20021,r0022,1,prefetch,165.3904027975077,53.135417,0.0,0.0,176.67709791155758,0.06824274518436552,0.2,1,1,1,1384.7172856973814,112.25498579751002,13.132866822008367,13.132866822008367,0.0,0.0,1272.4622998998714,23.629050621444318,10,27
20021,r0022,2,prefetch,5957.211670729666,51.658756,51.721755,51.721755,5072.574866850861,-0.1484984675339648,0.2,1,1,0,0.0,0.0,0.0,0.0,0.0,0.0,0.0,0.0,449,0
20021,r0004,0,prefetch,0.0,0.0,59.317292,59.317292,0.0,-0.13592150216935583,0.2,1,0,0,0.0,0.0,0.0,0.0,0.0,0.0,0.0,0.0,0,0
20021,r0000,0,prefetch,0.0,0.0,59.335753,59.335753,0.0,0.027823270488199936,0.2,1,0,0,0.0,0.0,0.0,0.0,0.0,0.0,0.0,0.0,0,0
20021,r0003,0,prefetch,0.0,0.0,59.386618,59.386618,0.0,-0.11501345806691964,0.2,1,0,0,0.0,0.0,0.0,0.0,0.0,0.0,0.0,0.0,0,0
20022,r0002,0,prefetch,3632.3756596231033,69.531373,0.0,0.0,3091.8459128918516,-0.14880887809586774,0.2,1,1,1,0.0,0.0,0.0,0.0,0.0,0.0,0.0,0.0,107,0
20022,r0013,0,prefetch,0.0,0.0,52.290641,52.290641,0.0,-0.0828463156476126,0.2,1,0,0,0.0,0.0,0.0,0.0,0.0,0.0,0.0,0.0,0,0
20022,r0013,1,prefetch,3440.079222056109,0.0,52.394456,52.394456,4118.245295290996,0.19713676036494093,0.2,1,0,0,0.0,0.0,0.0,0.0,0.0,0.0,0.0,0.0,0,0
20022,r0006,0,prefetch,500.6393608075705,51.983268,51.903044,51.903044,524.2704068840674,0.0472017342751041,0.2,1,1,0,0.0,0.0,0.0,0.0,0.0,0.0,0.0,0.0,14,0
20023,r0017,0,prefetch,8048.72754332891,60.992804,0.0,0.0,8158.022657639613,0.013579179282977666,0.2,1,1,1,0.0,0.0,0.0,0.0,0.0,0.0,0.0,0.0,347,0
20023,r0023,0,prefetch,382.9089214400392,62.606639,62.472597,62.472597,314.6508458903831,-0.1782619096284097,0.2,1,1,0,0.0,0.0,0.0,0.0,0.0,0.0,0.0,0.0,15,0
20023,r0023,1,prefetch,5946.939654754275,62.324461,62.293525,62.293525,7102.913507499552,0.19438129859298892,0.2,0,1,0,0.0,0.0,0.0,0.0,0.0,0.0,0.0,0.0,266,0
20023,r0000,0,prefetch,0.0,0.0,62.04805,62.04805,0.0,-0.17469959357161216,0.2,1,0,0,0.0,0.0,0.0,0.0,0.0,0.0,0.0,0.0,0,0
20023,r0015,0,prefetch,0.0,0.0,62.777145,62.777145,0.0,-0.16118709762802902,0.2,1,0,0,0.0,0.0,0.0,0.0,0.0,0.0,0.0,0.0,0,0
20023,r0015,1,prefetch,7390.384293517012,62.139303,62.056661,62.056661,8279.590779966518,0.12031938409881254,0.2,1,1,0,0.0,0.0,0.0,0.0,0.0,0.0,0.0,0.0,283,0
20023,r0002,0,prefetch,1156.8005175966846,62.242475,0.0,0.0,951.6859145537263,-0.17731199106747889,0.2,1,1,1,0.0,0.0,0.0,0.0,0.0,0.0,0.0,0.0,48,0
20023,r0014,0,prefetch,356.5402787229759,62.392612,62.038342,62.038342,298.07919729794827,-0.16396767746527352,0.2,1,1,0,0.0,0.0,0.0,0.0,0.0,0.0,0.0,0.0,15,0
20023,r0005,0,prefetch,0.0,0.0,62.950761,62.950761,0.0,-0.0302805709267695,0.2,1,0,0,0.0,0.0,0.0,0.0,0.0,0.0,0.0,0.0,0,0
20023,r0005,1,prefetch,7241.60985002145,62.181573,62.028135,62.028135,7641.270027487277,0.055189410330445,0.2,1,1,0,0.0,0.0,0.0,0.0,0.0,0.0,0.0,0.0,301,0
20024,r0014,0,prefetch,3990.164898130342,43.344315,43.199852,43.199852,3594.353742952918,-0.09919669118509065,0.2,0,1,0,1375.885796706266,0.0,118.23046875,0.0,118.23046875,118.23046875,0.0,0.0,92,18
20024,r0014,1,prefetch,4059.5650699590433,62.784292,62.710624,62.710624,3836.6761358636695,-0.054904633933512054,0.2,1,1,0,0.0,0.0,0.0,0.0,0.0,0.0,0.0,0.0,110,0
20024,r0014,2,prefetch,3020.930855213228,62.688672,62.827447,62.827447,3444.8818050719706,0.14033785285986572,0.2,0,1,0,0.0,0.0,0.0,0.0,0.0,0.0,0.0,0.0,81,0
20024,r0019,0,prefetch,7292.811506883343,44.01916,43.597416,43.597416,6537.604105627187,-0.10355504191262202,0.2,1,1,0,0.0,0.0,0.0,0.0,0.0,0.0,0.0,0.0,162,0
20024,r0005,0,prefetch,3145.6780303622436,43.801037,43.659427,43.659427,3253.9621431715223,0.03442313922916296,0.2,1,1,0,0.0,0.0,0.0,0.0,0.0,0.0,0.0,0.0,67,0
20024,r0001,0,prefetch,401.9765331598428,43.220951,43.425216,43.425216,400.5096020501749,-0.00364929539079481,0.2,1,1,0,0.0,0.0,0.0,0.0,0.0,0.0,0.0,0.0,9,0
20024,r0020,0,prefetch,839.5215607859936,43.692989,0.0,0.0,914.4165537140356,0.08921151811505845,0.2,1,1,1,344.94314082384307,270.04814789579905,33.357911609043384,33.357911609043384,0.0,0.0,74.89499292804402,23.11771463717104,19,18
20024,r0022,0,prefetch,6634.0130736041465,43.392131,0.0,0.0,6064.287837134247,-0.08587942624604712,0.2,1,1,1,29.544741757693963,29.544741757693963,3.9140625,3.9140625,0.0,0.0,0.0,26.834682040569827,148,4
20024,r0010,0,prefetch,0.0,0.0,43.792619,43.792619,0.0,-0.012819112746077582,0.2,1,0,0,0.0,0.0,0.0,0.0,0.0,0.0,0.0,0.0,0,0
20024,r0012,0,prefetch,1234.1645833029688,65.555723,0.0,0.0,1043.9687983717427,-0.15410893125956454,0.2,1,1,1,194.33437353922287,194.33437353922287,6.826171875,6.826171875,0.0,0.0,0.0,32.79359223889129,29,1
20024,r0012,1,prefetch,3170.256673345677,63.895163,64.178424,64.178424,2693.6664214472635,-0.15033175575511112,0.2,1,1,0,0.0,0.0,0.0,0.0,0.0,0.0,0.0,0.0,82,0
20024,r0012,2,prefetch,6233.214336225923,64.287962,64.134981,64.134981,6257.477734240985,0.0038925980571612173,0.2,1,1,0,0.0,0.0,0.0,0.0,0.0,0.0,0.0,0.0,176,0
20024,r0015,0,prefetch,0.0,0.0,65.161989,65.161989,0.0,-0.13453054354922434,0.2,1,0,0,0.0,0.0,0.0,0.0,0.0,0.0,0.0,0.0,0,0
20024,r0009,0,prefetch,556.340690126679,65.313213,0.0,0.0,508.61522761469416,-0.08578459810501667,0.2,1,1,1,186.0866928038186,186.0866928038186,6.486328125,6.486328125,0.0,0.0,0.0,30.518369967055637,13,1
20024,r0009,1,prefetch,6255.323818466,63.703492,63.825906,63.825906,5911.670119988382,-0.05493779514069877,0.2,1,1,0,0.0,0.0,0.0,0.0,0.0,0.0,0.0,0.0,169,0
20024,r0009,2,prefetch,7935.847103916974,0.0,64.279388,64.279388,9231.690098362287,0.1632898136111658,0.2,1,0,0,0.0,0.0,0.0,0.0,0.0,0.0,0.0,0.0,0,0
20025,r0003,0,prefetch,1195.6849308028322,61.842108,0.0,0.0,1009.1130158906515,-0.15603769028594244,0.2,1,1,1,0.0,0.0,0.0,0.0,0.0,0.0,0.0,0.0,38,0
20025,r0020,0,prefetch,1600.8976827266997,104.635033,0.0,0.0,1605.1807928479454,0.0026754427640562906,0.2,1,1,1,0.0,0.0,0.0,0.0,0.0,0.0,0.0,0.0,52,0
20025,r0020,1,prefetch,8697.5000442198,62.090152,61.974941,61.974941,7602.678760593396,-0.12587769796609574,0.2,1,1,0,0.0,0.0,0.0,0.0,0.0,0.0,0.0,0.0,294,0
20025,r0013,0,prefetch,1560.7145885581558,61.63786,61.364876,61.364876,1706.96601964376,0.0937079925809603,0.2,0,1,0,0.0,0.0,0.0,0.0,0.0,0.0,0.0,0.0,57,0
20026,r0000,0,prefetch,0.0,0.0,57.169463,57.169463,0.0,-0.011481712097749508,0.2,1,0,0,0.0,0.0,0.0,0.0,0.0,0.0,0.0,0.0,0,0
20026,r0021,0,prefetch,1816.0557539376841,56.508546,56.729988,56.729988,1486.887384403363,-0.18125455059438453,0.2,1,1,0,0.0,0.0,0.0,0.0,0.0,0.0,0.0,0.0,74,0
20026,r0004,0,prefetch,4156.993174093626,56.606237,56.746638,56.746638,3957.821898312406,-0.047912341310169915,0.2,1,1,0,0.0,0.0,0.0,0.0,0.0,0.0,0.0,0.0,169,0
20026,r0005,0,prefetch,4478.935241106687,55.956217,55.468594,55.468594,5221.9488822852445,0.1658906863308362,0.2,1,1,0,0.0,0.0,0.0,0.0,0.0,0.0,0.0,0.0,195,0
20026,r0019,0,prefetch,134.98259896306627,56.606433,0.0,0.0,141.56465139848615,0.048762229250163214,0.2,1,1,1,0.0,0.0,0.0,0.0,0.0,0.0,0.0,0.0,5,0
20026,r0019,1,prefetch,6108.235740721564,57.096386,57.07491,57.07491,7066.025495276836,0.15680301075644615,0.2,1,1,0,0.0,0.0,0.0,0.0,0.0,0.0,0.0,0.0,249,0
20026,r0012,0,prefetch,0.0,0.0,56.520536,56.520536,0.0,0.08489520201809858,0.2,1,0,0,0.0,0.0,0.0,0.0,0.0,0.0,0.0,0.0,0,0
20026,r0003,0,prefetch,798.2428166284226,55.969304,0.0,0.0,658.1940259980656,-0.1754463525545872,0.2,1,1,1,0.0,0.0,0.0,0.0,0.0,0.0,0.0,0.0,35,0
20026,r0003,1,prefetch,4094.3799011860683,55.364853,55.548186,55.548186,4325.24479655064,0.05638580223044121,0.2,1,1,0,0.0,0.0,0.0,0.0,0.0,0.0,0.0,0.0,191,0
20027,r0003,0,prefetch,2187.924196110328,60.127546,60.251701,60.251701,1894.5186142143787,-0.13410226113754908,0.2,0,1,0,0.0,0.0,0.0,0.0,0.0,0.0,0.0,0.0,73,0
20027,r0005,0,prefetch,1592.3260699675884,61.721951,61.436288,61.436288,1725.4645675588858,0.08361258419514994,0.2,0,1,0,0.0,0.0,0.0,0.0,0.0,0.0,0.0,0.0,49,0
20027,r0005,1,prefetch,5434.2764933343315,60.600251,60.608681,60.608681,5654.1531862351385,0.040461079440935244,0.2,1,1,0,0.0,0.0,0.0,0.0,0.0,0.0,0.0,0.0,160,0
20027,r0017,0,prefetch,2268.9176080362577,60.752301,60.749185,60.749185,2649.3297733107975,0.1676623972272776,0.2,1,1,0,0.0,0.0,0.0,0.0,0.0,0.0,0.0,0.0,70,0
20027,r0017,1,prefetch,9313.714409226157,60.716257,60.314336,60.314336,7933.335271548897,-0.14820930479786423,0.2,1,1,0,0.0,0.0,0.0,0.0,0.0,0.0,0.0,0.0,274,0
20027,r0021,0,prefetch,0.0,0.0,60.561918,60.561918,0.0,-0.050681600686952155,0.2,1,0,0,0.0,0.0,0.0,0.0,0.0,0.0,0.0,0.0,0,0
20027,r0021,1,prefetch,2185.556816555818,60.645572,61.652663,61.652663,2402.3434342143973,0.0991905659996567,0.2,1,1,0,0.0,0.0,0.0,0.0,0.0,0.0,0.0,0.0,66,0
20027,r0011,0,prefetch,1922.0899955065834,60.558819,0.0,0.0,1561.7705331492134,-0.18746232652982756,0.2,1,1,1,0.0,0.0,0.0,0.0,0.0,0.0,0.0,0.0,63,0
20027,r0011,1,prefetch,6545.91749404429,60.837494,60.650857,60.650857,5572.755257198204,-0.148667049001382,0.2,1,1,0,0.0,0.0,0.0,0.0,0.0,0.0,0.0,0.0,202,0
20027,r0001,0,prefetch,0.0,0.0,62.134579,62.134579,0.0,-0.09504682658129382,0.2,1,0,0,0.0,0.0,0.0,0.0,0.0,0.0,0.0,0.0,0,0
20027,r0001,1,prefetch,7924.581710644034,60.292204,60.621382,60.621382,9291.56433271122,0.1724990254351344,0.2,0,1,0,0.0,0.0,0.0,0.0,0.0,0.0,0.0,0.0,216,0
20027,r0010,0,prefetch,0.0,0.0,60.893904,60.893904,0.0,0.14302757635476437,0.2,1,0,0,0.0,0.0,0.0,0.0,0.0,0.0,0.0,0.0,0,0
20027,r0014,0,prefetch,460.9004211776628,63.092127,62.624184,62.624184,443.54485876524166,-0.037655774685723564,0.2,1,1,0,0.0,0.0,0.0,0.0,0.0,0.0,0.0,0.0,13,0
20027,r0014,1,prefetch,3774.789802168132,60.796543,60.64375,60.64375,4014.28379613422,0.06344565035873784,0.2,1,1,0,0.0,0.0,0.0,0.0,0.0,0.0,0.0,0.0,103,0
20027,r0014,2,prefetch,7151.857031912245,60.337398,60.81143,60.81143,6692.591467070713,-0.06421626757809137,0.2,0,1,0,0.0,0.0,0.0,0.0,0.0,0.0,0.0,0.0,213,0
20028,r0000,0,prefetch,2106.1906289653743,68.551369,0.0,0.0,2423.2457494343075,0.15053486427516793,0.2,1,1,1,0.0,0.0,0.0,0.0,0.0,0.0,0.0,0.0,94,0
20028,r0019,0,prefetch,4142.728200291263,67.009208,67.406455,67.406455,3451.283494664417,-0.1669056409682472,0.2,0,1,0,0.0,0.0,0.0,0.0,0.0,0.0,0.0,0.0,191,0
20028,r0014,0,prefetch,139.57653326798754,68.578884,68.460414,68.460414,152.68435765433853,0.09391137664369331,0.2,0,1,0,0.0,0.0,0.0,0.0,0.0,0.0,0.0,0.0,6,0
20028,r0010,0,prefetch,2722.547963301644,67.498083,66.917733,66.917733,2733.966377877161,0.004194017783866549,0.2,1,1,0,0.0,0.0,0.0,0.0,0.0,0.0,0.0,0.0,120,0
20029,r0017,0,prefetch,2479.099900567821,52.930837,0.0,0.0,2023.5077673367443,-0.18377320459200785,0.2,1,1,1,980.155919115853,980.155919115853,59.326171875,59.326171875,0.0,0.0,0.0,191.49792254786345,58,25
20029,r0000,0,prefetch,618.8999149351257,58.624187,58.181529,58.181529,654.196686113372,0.057031468782713035,0.2,1,1,0,0.0,0.0,0.0,0.0,0.0,0.0,0.0,0.0,23,0
20029,r0023,0,prefetch,4034.103190048627,58.163683,57.666162,57.666162,3346.543700587454,-0.17043676303502908,0.2,0,1,0,0.0,0.0,0.0,0.0,0.0,0.0,0.0,0.0,172,0
20029,r0020,0,prefetch,0.0,0.0,58.365846,58.365846,0.0,-0.13743647480718796,0.2,1,0,0,0.0,0.0,0.0,0.0,0.0,0.0,0.0,0.0,0,0
20029,r0005,0,prefetch,4631.728985070804,58.109532,58.103223,58.103223,4400.900221532604,-0.04983641406529124,0.2,1,1,0,0.0,0.0,0.0,0.0,0.0,0.0,0.0,0.0,194,0
20029,r0016,0,prefetch,1966.7747577798618,59.415762,59.78911,59.78911,2131.316883012613,0.08366088927157567,0.2,1,1,0,0.0,0.0,0.0,0.0,0.0,0.0,0.0,0.0,88,0
20029,r0016,1,prefetch,4193.632665981364,58.96669,58.330946,58.330946,3783.0941128514705,-0.09789568754082141,0.2,1,1,0,0.0,0.0,0.0,0.0,0.0,0.0,0.0,0.0,175,0
20029,r0016,2,prefetch,4362.176717393726,58.362287,58.485183,58.485183,3888.9801342014957,-0.10847716950700513,0.2,1,1,0,0.0,0.0,0.0,0.0,0.0,0.0,0.0,0.0,175,0
20029,r0014,0,prefetch,623.4995838492614,57.920529,0.0,0.0,567.7553682140967,-0.08940537745193029,0.2,1,1,1,0.0,0.0,0.0,0.0,0.0,0.0,0.0,0.0,28,0
20029,r0014,1,prefetch,6985.038035969446,58.099353,57.883877,57.883877,6649.758873259589,-0.04799961875416256,0.2,0,1,0,0.0,0.0,0.0,0.0,0.0,0.0,0.0,0.0,281,0
20029,r0012,0,prefetch,0.0,0.0,57.720098,57.720098,0.0,0.04825365669197068,0.2,1,0,0,0.0,0.0,0.0,0.0,0.0,0.0,0.0,0.0,0,0
20030,r0017,0,prefetch,3241.8244806377193,63.85454,0.0,0.0,3684.0090329041473,0.13639990533338286,0.2,1,1,1,0.0,0.0,0.0,0.0,0.0,0.0,0.0,0.0,154,0
20030,r0005,0,prefetch,0.0,0.0,65.91681,65.91681,0.0,0.17393761731047935,0.2,1,0,0,0.0,0.0,0.0,0.0,0.0,0.0,0.0,0.0,0,0
20030,r0005,1,prefetch,5403.304174900608,64.871477,65.015899,65.015899,6143.56732823445,0.13700193980796177,0.2,1,1,0,0.0,0.0,0.0,0.0,0.0,0.0,0.0,0.0,232,0
20030,r0006,0,prefetch,1112.4702769154064,64.349326,0.0,0.0,1221.4202700767287,0.09793519469429102,0.2,1,1,1,0.0,0.0,0.0,0.0,0.0,0.0,0.0,0.0,50,0
20030,r0009,0,prefetch,5848.549602189054,64.690356,64.712496,64.712496,5328.487171217221,-0.08892160729511117,0.2,0,1,0,0.0,0.0,0.0,0.0,0.0,0.0,0.0,0.0,262,0
20030,r0009,1,prefetch,4959.079246452937,64.065951,64.078303,64.078303,4288.935339030028,-0.13513474460046976,0.2,1,1,0,0.0,0.0,0.0,0.0,0.0,0.0,0.0,0.0,201,0
20030,r0013,0,prefetch,864.4827815793105,63.449328,63.10212,63.10212,701.4539269311798,-0.18858542717333915,0.2,1,1,0,0.0,0.0,0.0,0.0,0.0,0.0,0.0,0.0,37,0
20031,r0003,0,prefetch,7681.938946803305,63.882813,63.44661,63.44661,6493.038063909581,-0.15476572921585935,0.2,1,1,0,0.0,0.0,0.0,0.0,0.0,0.0,0.0,0.0,388,0
20031,r0008,0,prefetch,263.58755468223535,99.07456,65.027238,65.027238,283.1037034388096,0.07404047880827169,0.2,1,1,0,0.0,0.0,0.0,0.0,0.0,0.0,0.0,0.0,11,0
20031,r0011,0,prefetch,1324.0342845506493,65.223673,64.631331,64.631331,1459.169384094618,0.10206314226208318,0.2,0,1,0,0.0,0.0,0.0,0.0,0.0,0.0,0.0,0.0,63,0
20031,r0000,0,prefetch,0.0,0.0,65.383739,65.383739,0.0,-0.0015137754766316736,0.2,1,0,0,0.0,0.0,0.0,0.0,0.0,0.0,0.0,0.0,0,0
20031,r0000,1,prefetch,4898.703668188915,65.116674,64.916602,64.916602,4208.042475122419,-0.14098856347476066,0.2,1,1,0,0.0,0.0,0.0,0.0,0.0,0.0,0.0,0.0,218,0
20031,r0017,0,prefetch,1812.270241680235,65.117324,0.0,0.0,1899.8676175998223,0.048335713904550964,0.2,1,1,1,0.0,0.0,0.0,0.0,0.0,0.0,0.0,0.0,85,0
20031,r0017,1,prefetch,4800.948721691217,64.734502,64.889719,64.889719,4108.051464129105,-0.1443250694246172,0.2,1,1,0,0.0,0.0,0.0,0.0,0.0,0.0,0.0,0.0,205,0
20032,r0015,0,prefetch,4138.388897794848,63.797597,63.745494,63.745494,4678.1546739083815,0.13042896389006586,0.2,0,1,0,0.0,0.0,0.0,0.0,0.0,0.0,0.0,0.0,188,0
20032,r0006,0,prefetch,0.0,0.0,64.407288,64.407288,0.0,0.12317678297600171,0.2,1,0,0,0.0,0.0,0.0,0.0,0.0,0.0,0.0,0.0,0,0
20032,r0020,0,prefetch,402.16344266477245,64.677764,64.825171,64.825171,381.7524105089392,-0.05075307695942685,0.2,0,1,0,0.0,0.0,0.0,0.0,0.0,0.0,0.0,0.0,18,0
20032,r0010,0,prefetch,308.29584141947635,65.176808,64.865333,64.865333,316.28783825715357,0.02592314187852801,0.2,0,1,0,499.22562523042274,0.0,14.780977107024396,0.0,14.780977107024396,14.780977107024396,0.0,0.0,13,28
20032,r0009,0,prefetch,0.0,0.0,63.528216,63.528216,0.0,0.029222269099495712,0.2,0,0,0,0.0,0.0,0.0,0.0,0.0,0.0,0.0,0.0,0,0
20032,r0009,1,prefetch,1550.0669934151156,63.067832,62.955594,62.955594,1652.0496336136407,0.06579240809059261,0.2,1,1,0,0.0,0.0,0.0,0.0,0.0,0.0,0.0,0.0,100,0
20033,r0006,0,prefetch,6064.331341230016,45.867563,0.0,0.0,5229.02292945699,-0.1377412223659273,0.2,1,1,1,186.58288310174225,186.58288310174225,25.2421875,25.2421875,0.0,0.0,0.0,51.2166637681817,280,4
20033,r0000,0,prefetch,5580.923884290147,63.221425,0.0,0.0,5806.765435059704,0.04046669609762707,0.2,1,1,1,0.0,0.0,0.0,0.0,0.0,0.0,0.0,0.0,235,0
20033,r0021,0,prefetch,0.0,0.0,63.118152,63.118152,0.0,-0.17755651941766823,0.2,1,0,0,0.0,0.0,0.0,0.0,0.0,0.0,0.0,0.0,0,0
20033,r0013,0,prefetch,313.9150857501809,63.430732,62.777734,62.777734,356.74421675471496,0.1364354022750543,0.2,1,1,0,0.0,0.0,0.0,0.0,0.0,0.0,0.0,0.0,14,0
20033,r0014,0,prefetch,0.0,0.0,63.612869,63.612869,0.0,-0.18449256344255854,0.2,1,0,0,0.0,0.0,0.0,0.0,0.0,0.0,0.0,0.0,0,0
20033,r0014,1,prefetch,2577.111732570629,63.470611,63.194395,63.194395,2840.305592706047,0.10212745408321361,0.2,0,1,0,0.0,0.0,0.0,0.0,0.0,0.0,0.0,0.0,179,0
20033,r0004,0,prefetch,0.0,0.0,63.592595,63.592595,0.0,-0.18676077907163902,0.2,0,0,0,0.0,0.0,0.0,0.0,0.0,0.0,0.0,0.0,0,0
20034,r0015,0,prefetch,97.34338211437853,61.409416,0.0,0.0,86.41450759402423,-0.11227136640385948,0.2,1,1,1,0.0,0.0,0.0,0.0,0.0,0.0,0.0,0.0,3,0
20034,r0010,0,prefetch,291.7133043279928,61.936972,61.763522,61.763522,288.32686105450637,-0.01160880639738937,0.2,0,1,0,0.0,0.0,0.0,0.0,0.0,0.0,0.0,0.0,10,0
20034,r0007,0,prefetch,3720.692274836474,61.091963,60.570755,60.570755,3397.0252275579473,-0.08699108213477613,0.2,0,1,0,4830.626992200963,0.0,130.13261559112976,0.0,130.13261559112976,130.13261559112976,0.0,0.0,130,28
20034,r0007,1,prefetch,1190.1259274168478,59.864014,59.8009,59.8009,1327.8406680772882,0.11571442776593255,0.2,1,1,0,0.0,0.0,0.0,0.0,0.0,0.0,0.0,0.0,136,0
20034,r0005,0,prefetch,1470.4379180085307,61.745289,0.0,0.0,1313.9679830739458,-0.10641043257813837,0.2,1,1,1,4734.9875892787595,1408.692629008532,50.078819526208235,50.078819526208235,0.0,0.0,3326.2949602702274,286.31594921104596,52,28
20034,r0005,1,prefetch,1033.7166518990998,61.577915,61.69371,61.69371,1161.1346883364745,0.12326205271365975,0.2,1,1,0,0.0,0.0,0.0,0.0,0.0,0.0,0.0,0.0,99,0
20034,r0023,0,prefetch,1342.9894762099066,61.842543,0.0,0.0,1186.8438001165687,-0.11626723727873248,0.2,1,1,1,0.0,0.0,0.0,0.0,0.0,0.0,0.0,0.0,44,0
20035,r0008,0,prefetch,5209.079345430919,50.948647,0.0,0.0,5785.833790646563,0.11072099443475314,0.2,1,1,1,850.9876015765021,274.23315636085863,18.285330066052428,18.285330066052428,0.0,0.0,576.7544452156435,155.90189597993347,170,9
20035,r0001,0,prefetch,0.0,0.0,52.007638,52.007638,0.0,0.10619902723123731,0.2,1,0,0,0.0,0.0,0.0,0.0,0.0,0.0,0.0,0.0,0,0
20035,r0013,0,prefetch,726.3182653359909,52.182583,51.824347,51.824347,601.0601673733721,-0.17245621367469677,0.2,0,1,0,353.073006728629,0.0,22.517578125,0.0,22.517578125,22.517578125,0.0,0.0,23,9
20035,r0010,0,prefetch,2177.2415452146015,51.580471,0.0,0.0,2371.1054579765278,0.08904106812954365,0.2,1,1,1,1038.9975800794766,845.1336673175538,48.12796812634816,48.12796812634816,0.0,0.0,193.86391276192285,101.15694831038648,87,9
20035,r0018,0,prefetch,0.0,0.0,52.122637,52.122637,0.0,-0.09387389281363574,0.2,1,0,0,0.0,0.0,0.0,0.0,0.0,0.0,0.0,0.0,0,0
20035,r0012,0,prefetch,2386.804525082349,52.00859,0.0,0.0,1990.749210037651,-0.16593537966039895,0.2,1,1,1,164.34112640108384,164.34112640108384,9.544921875,9.544921875,0.0,0.0,0.0,84.55203878293472,77,9
20035,r0007,0,prefetch,3020.290389615893,52.13654,52.190991,52.190991,3599.644996715562,0.19182082924594163,0.2,0,1,0,821.8338964852552,0.0,16.150343270644846,0.0,16.150343270644846,16.150343270644846,0.0,0.0,95,9
20036,r0018,0,prefetch,3573.936575256015,49.408112,0.0,0.0,3111.601429747349,-0.12936299673296447,0.2,1,1,1,668.1817024027644,668.1817024027644,126.0234375,126.0234375,0.0,0.0,0.0,91.48279979593374,150,19
20036,r0002,0,prefetch,2719.7762815050264,49.910553,0.0,0.0,2205.4311387183534,-0.18911303340804678,0.2,1,1,1,702.1752641020014,702.1752641020014,129.421875,129.421875,0.0,0.0,0.0,80.04910732352313,108,22
20036,r0008,0,prefetch,0.0,0.0,49.233023,49.233023,0.0,0.14254129375166508,0.2,1,0,0,0.0,0.0,0.0,0.0,0.0,0.0,0.0,0.0,0,0
20036,r0003,0,prefetch,0.0,0.0,49.448769,49.448769,0.0,-0.05528631594925382,0.2,1,0,0,0.0,0.0,0.0,0.0,0.0,0.0,0.0,0.0,0,0
20036,r0015,0,prefetch,4958.960247787316,61.719769,0.0,0.0,4533.2967264268855,-0.08583725218413699,0.2,1,1,1,0.0,0.0,0.0,0.0,0.0,0.0,0.0,0.0,220,0
20036,r0005,0,prefetch,0.0,0.0,61.877637,61.877637,0.0,-0.10315546017801341,0.2,0,0,0,0.0,0.0,0.0,0.0,0.0,0.0,0.0,0.0,0,0
20036,r0005,1,prefetch,4138.507620188335,61.556952,61.433595,61.433595,4335.837869961446,0.04768149968131036,0.2,0,1,0,0.0,0.0,0.0,0.0,0.0,0.0,0.0,0.0,189,0
20036,r0005,2,prefetch,3877.2267872527445,61.441891,60.989072,60.989072,3800.8941809972835,-0.019687423626191303,0.2,1,1,0,0.0,0.0,0.0,0.0,0.0,0.0,0.0,0.0,176,0
20036,r0010,0,prefetch,0.0,0.0,56.51427,56.51427,0.0,0.14798382676412353,0.2,1,0,0,0.0,0.0,0.0,0.0,0.0,0.0,0.0,0.0,0,0
20037,r0007,0,prefetch,2957.6592102367454,67.739511,0.0,0.0,2667.1721975786845,-0.09821517355774359,0.2,1,1,1,0.0,0.0,0.0,0.0,0.0,0.0,0.0,0.0,126,0
20037,r0002,0,prefetch,0.0,0.0,69.356773,69.356773,0.0,-0.04471576016231035,0.2,1,0,0,0.0,0.0,0.0,0.0,0.0,0.0,0.0,0.0,0,0
20037,r0023,0,prefetch,1158.5836783704372,69.31579,68.773806,68.773806,1234.0468315946541,0.0651339688561442,0.2,1,1,0,0.0,0.0,0.0,0.0,0.0,0.0,0.0,0.0,42,0
20037,r0011,0,prefetch,1224.5787762694908,69.458503,0.0,0.0,1341.510378666928,0.09548720316193388,0.2,1,1,1,0.0,0.0,0.0,0.0,0.0,0.0,0.0,0.0,52,0
20037,r0013,0,prefetch,2617.442826859444,69.316752,0.0,0.0,2271.8918063929427,-0.13201855525574674,0.2,1,1,1,0.0,0.0,0.0,0.0,0.0,0.0,0.0,0.0,108,0
20038,r0015,0,prefetch,7941.527544476061,35.380607,0.0,0.0,8804.582719757713,0.10867621757252133,0.2,1,1,1,3187.9671164746883,2324.911941193037,129.36837429424148,129.36837429424148,0.0,0.0,863.0551752816514,504.97834529599106,160,25
20038,r0015,1,prefetch,5717.530291801628,62.638082,61.992248,61.992248,6536.175775683368,0.14318166097967094,0.2,1,1,0,0.0,0.0,0.0,0.0,0.0,0.0,0.0,0.0,220,0
20038,r0017,0,prefetch,665.1679817934528,63.914455,63.822633,63.822633,755.8921365645326,0.13639284700154336,0.2,1,1,0,0.0,0.0,0.0,0.0,0.0,0.0,0.0,0.0,26,0
20038,r0004,0,prefetch,3514.159949456516,64.129676,0.0,0.0,3380.053039978403,-0.03816186838588656,0.2,1,1,1,0.0,0.0,0.0,0.0,0.0,0.0,0.0,0.0,134,0
20038,r0002,0,prefetch,0.0,0.0,36.618053,36.618053,0.0,-0.10123981907576801,0.2,0,0,0,0.0,0.0,0.0,0.0,0.0,0.0,0.0,0.0,0,0
20038,r0002,1,prefetch,0.0,0.0,65.569943,65.569943,0.0,0.16103333381175217,0.2,1,0,0,0.0,0.0,0.0,0.0,0.0,0.0,0.0,0.0,0,0
20038,r0002,2,prefetch,5018.726408433209,63.975855,63.592066,63.592066,4748.251098732663,-0.05389321666270819,0.2,1,1,0,0.0,0.0,0.0,0.0,0.0,0.0,0.0,0.0,172,0
20038,r0002,3,prefetch,5448.275810446525,63.770659,63.708302,63.708302,5102.268490874764,-0.06350767318136255,0.2,1,1,0,0.0,0.0,0.0,0.0,0.0,0.0,0.0,0.0,196,0
20038,r0019,0,prefetch,1305.7805064480453,35.793122,0.0,0.0,1320.0652595312906,0.010939628071261615,0.2,1,1,1,489.5397219659277,475.2549688826839,28.08931243025369,28.08931243025369,0.0,0.0,14.2847530832438,30.838460151691297,13,3
20038,r0018,0,prefetch,1410.4620921495953,36.495243,36.414882,36.414882,1537.0048654697384,0.08971724516699875,0.2,0,1,0,1754.5503696715082,0.0,83.66496968012706,0.0,83.66496968012706,83.66496968012706,0.0,0.0,15,18
20038,r0018,1,prefetch,1745.6608920183462,65.323951,64.756456,64.756456,1445.5226489449656,-0.1719338758436403,0.2,1,1,0,0.0,0.0,0.0,0.0,0.0,0.0,0.0,0.0,65,0
20038,r0018,2,prefetch,3446.4151101496645,64.109876,64.28488,64.28488,2990.384753149419,-0.13232020590242888,0.2,1,1,0,0.0,0.0,0.0,0.0,0.0,0.0,0.0,0.0,121,0
20038,r0016,0,prefetch,1431.81505344803,35.465653,0.0,0.0,1481.7519761370872,0.03487665712747012,0.2,1,1,1,724.1148466678493,674.1779239787938,38.88535428564774,38.88535428564774,0.0,0.0,49.93692268905545,86.93076819729492,16,18
20038,r0010,0,prefetch,0.0,0.0,73.579519,73.579519,0.0,-0.11292084154663971,0.2,1,0,0,0.0,0.0,0.0,0.0,0.0,0.0,0.0,0.0,0,0
20038,r0010,1,prefetch,1631.1157452964799,41.195061,41.175731,41.175731,1717.2600392134777,0.05281310916494153,0.2,1,1,0,0.0,0.0,0.0,0.0,0.0,0.0,0.0,0.0,32,0
20038,r0007,0,prefetch,5574.167965383356,35.693626,0.0,0.0,6670.58571195267,0.1966962160771396,0.2,1,1,1,3330.9237018086624,2234.5059552393504,124.50441409824566,124.50441409824566,0.0,0.0,1096.417746569312,356.91616762866045,102,25
20038,r0007,1,prefetch,6291.222880314126,63.624988,63.804501,63.804501,7021.117263156049,0.11601788662198514,0.2,1,1,0,0.0,0.0,0.0,0.0,0.0,0.0,0.0,0.0,224,0
20038,r0023,0,prefetch,0.0,0.0,35.495148,35.495148,0.0,-0.12700591476866752,0.2,1,0,0,0.0,0.0,0.0,0.0,0.0,0.0,0.0,0.0,0,0
20038,r0023,1,prefetch,508.87954823817563,63.655127,63.763441,63.763441,409.174888207266,-0.19592978412298848,0.2,1,1,0,0.0,0.0,0.0,0.0,0.0,0.0,0.0,0.0,18,0
20038,r0023,2,prefetch,3447.101770145884,64.116263,63.790359,63.790359,3252.6109375334813,-0.05642155224334197,0.2,0,1,0,0.0,0.0,0.0,0.0,0.0,0.0,0.0,0.0,123,0
20038,r0005,0,prefetch,2136.4651409196886,35.553407,35.925184,35.925184,2404.278469088325,0.12535347431568672,0.2,0,1,0,1127.8606099654507,0.0,45.127322403358725,0.0,45.127322403358725,45.127322403358725,0.0,0.0,39,25
20039,r0014,0,prefetch,5084.899346475655,63.700456,63.252984,63.252984,4416.407218697627,-0.1314661475534143,0.2,1,1,0,0.0,0.0,0.0,0.0,0.0,0.0,0.0,0.0,253,0
20039,r0004,0,prefetch,0.0,0.0,64.540872,64.540872,0.0,-0.09164135192449666,0.2,0,0,0,0.0,0.0,0.0,0.0,0.0,0.0,0.0,0.0,0,0
20039,r0009,0,prefetch,0.0,0.0,64.476627,64.476627,0.0,-0.18397967218932446,0.2,1,0,0,0.0,0.0,0.0,0.0,0.0,0.0,0.0,0.0,0,0
20039,r0011,0,prefetch,2490.480984063988,64.634171,0.0,0.0,2324.0293844978105,-0.06683512166174457,0.2,1,1,1,0.0,0.0,0.0,0.0,0.0,0.0,0.0,0.0,125,0
20039,r0010,0,prefetch,7502.16094748405,64.681604,64.625822,64.625822,7814.311242415872,0.04160805094917436,0.2,1,1,0,0.0,0.0,0.0,0.0,0.0,0.0,0.0,0.0,362,0
20039,r0022,0,prefetch,548.4494890337483,64.418069,0.0,0.0,637.7805999227611,0.16287937663392726,0.2,1,1,1,0.0,0.0,0.0,0.0,0.0,0.0,0.0,0.0,25,0
20039,r0022,1,prefetch,4665.922428974442,64.72585,64.527499,64.527499,5127.135499238557,0.09884713629186692,0.2,1,1,0,0.0,0.0,0.0,0.0,0.0,0.0,0.0,0.0,203,0
20039,r0022,2,prefetch,5110.551023240445,0.0,64.3924,64.3924,5417.872826866088,0.06013476868308021,0.2,1,0,0,0.0,0.0,0.0,0.0,0.0,0.0,0.0,0.0,0,0
20039,r0006,0,prefetch,0.0,0.0,64.636131,64.636131,0.0,0.01947126146192754,0.2,1,0,0,0.0,0.0,0.0,0.0,0.0,0.0,0.0,0.0,0,0
20039,r0019,0,prefetch,3719.6342174593447,64.674804,0.0,0.0,3080.723191558713,-0.1717671654115045,0.2,1,1,1,0.0,0.0,0.0,0.0,0.0,0.0,0.0,0.0,172,0
20039,r0012,0,prefetch,0.0,0.0,64.751969,64.751969,0.0,-0.1255742437160728,0.2,1,0,0,0.0,0.0,0.0,0.0,0.0,0.0,0.0,0.0,0,0
20039,r0021,0,prefetch,429.51867659434356,64.603063,0.0,0.0,478.4456171136704,0.11391108975113456,0.2,1,1,1,0.0,0.0,0.0,0.0,0.0,0.0,0.0,0.0,19,0
20039,r0021,1,prefetch,3221.677893904249,64.317286,64.181957,64.181957,2881.8334219109383,-0.1054867938959173,0.2,0,1,0,0.0,0.0,0.0,0.0,0.0,0.0,0.0,0.0,139,0
20040,r0012,0,prefetch,233.67381863197807,60.556143,0.0,0.0,226.02681861498348,-0.03272510400079587,0.2,1,1,1,306.65002484361867,173.11767563197827,5.927720355029342,5.927720355029342,0.0,0.0,133.5323492116404,86.32538251511889,10,28
20040,r0013,0,prefetch,7191.265180414817,60.55734,61.114995,61.114995,8117.341253226166,0.1287779061928473,0.2,1,1,0,0.0,0.0,0.0,0.0,0.0,0.0,0.0,0.0,312,0
20040,r0001,0,prefetch,16.542757649442137,60.326323,60.306845,60.306845,14.646464192507143,-0.11462982757284977,0.2,1,0,0,0.0,0.0,0.0,0.0,0.0,0.0,0.0,0.0,0,0
20040,r0023,0,prefetch,1640.7033203754509,60.45776,60.36634,60.36634,1522.464372955987,-0.07206601336822219,0.2,0,1,0,0.0,0.0,0.0,0.0,0.0,0.0,0.0,0.0,75,0
20040,r0006,0,prefetch,4745.256552846298,60.38512,59.589262,59.589262,4579.473551915396,-0.03493657278265863,0.2,0,1,0,0.0,0.0,0.0,0.0,0.0,0.0,0.0,0.0,215,0
20040,r0016,0,prefetch,5794.778436796045,59.577721,0.0,0.0,5293.331888932002,-0.08653420546330577,0.2,1,1,1,0.0,0.0,0.0,0.0,0.0,0.0,0.0,0.0,267,0
20040,r0011,0,prefetch,696.1231872302742,60.957387,60.945114,60.945114,740.3738303992069,0.06356725933091889,0.2,0,1,0,0.0,0.0,0.0,0.0,0.0,0.0,0.0,0.0,30,0
20040,r0011,1,prefetch,3232.0558547648907,60.076493,60.124742,60.124742,3671.8317401238155,0.13606691997930087,0.2,1,1,0,0.0,0.0,0.0,0.0,0.0,0.0,0.0,0.0,154,0
20041,r0005,0,prefetch,577.634722412593,67.099789,0.0,0.0,498.2150101148133,-0.13749123661761412,0.2,1,1,1,218.68687236620752,218.68687236620752,6.92578125,6.92578125,0.0,0.0,0.0,24.837735352776576,16,1
20041,r0005,1,prefetch,8617.943003633702,66.634029,66.533472,66.533472,8949.992494954438,0.03853001710277382,0.2,0,1,0,0.0,0.0,0.0,0.0,0.0,0.0,0.0,0.0,247,0
20041,r0003,0,prefetch,0.0,0.0,66.724033,66.724033,0.0,-0.03914403107872372,0.2,1,0,0,0.0,0.0,0.0,0.0,0.0,0.0,0.0,0.0,0,0
20041,r0003,1,prefetch,5321.307193956549,66.539794,66.549922,66.549922,5436.422421473476,0.021632885176722016,0.2,1,1,0,0.0,0.0,0.0,0.0,0.0,0.0,0.0,0.0,150,0
20041,r0003,2,prefetch,7758.954766063594,66.959242,66.677158,66.677158,8008.267058705367,0.032132200812952816,0.2,0,1,0,0.0,0.0,0.0,0.0,0.0,0.0,0.0,0.0,236,0
20041,r0018,0,prefetch,0.0,0.0,66.682563,66.682563,0.0,-0.17156714508589752,0.2,1,0,0,0.0,0.0,0.0,0.0,0.0,0.0,0.0,0.0,0,0
20041,r0002,0,prefetch,0.0,0.0,66.979638,66.979638,0.0,-0.1641697463578908,0.2,1,0,0,0.0,0.0,0.0,0.0,0.0,0.0,0.0,0.0,0,0
20041,r0012,0,prefetch,0.0,0.0,66.757612,66.757612,0.0,-0.17755074515416303,0.2,1,0,0,0.0,0.0,0.0,0.0,0.0,0.0,0.0,0.0,0,0
20041,r0008,0,prefetch,0.0,0.0,67.226245,67.226245,0.0,0.1358451352843134,0.2,1,0,0,0.0,0.0,0.0,0.0,0.0,0.0,0.0,0.0,0,0
20041,r0008,1,prefetch,270.55606180989344,66.654063,66.808683,66.808683,270.1942202175827,-0.0013373996867421523,0.2,0,1,0,0.0,0.0,0.0,0.0,0.0,0.0,0.0,0.0,9,0
20041,r0008,2,prefetch,8947.341581335688,66.852646,66.57909,66.57909,9932.08405394612,0.11005978297113667,0.2,1,1,0,0.0,0.0,0.0,0.0,0.0,0.0,0.0,0.0,321,0
20042,r0002,0,prefetch,5757.113776183874,60.967456,60.956477,60.956477,6423.294946528752,0.11571443543477428,0.2,1,1,0,0.0,0.0,0.0,0.0,0.0,0.0,0.0,0.0,186,0
20042,r0002,1,prefetch,5976.126009732465,0.0,60.583011,60.583011,6380.435767842601,0.06765415545985726,0.2,1,0,0,0.0,0.0,0.0,0.0,0.0,0.0,0.0,0.0,0,0
20042,r0016,0,prefetch,2532.3389896011486,62.412456,0.0,0.0,2833.0406242288414,0.11874462142015746,0.2,1,1,1,102.1361860359589,0.0,0.0,0.0,0.0,0.0,102.1361860359589,33.80749664874447,73,2
20042,r0017,0,prefetch,1532.4473454946456,62.265789,0.0,0.0,1618.6836306439554,0.05627357142341127,0.2,1,1,1,0.0,0.0,0.0,0.0,0.0,0.0,0.0,0.0,42,0
20042,r0008,0,prefetch,493.7770165450729,62.219533,0.0,0.0,421.7191958891798,-0.14593190497216182,0.2,1,1,1,106.43230123695142,106.43230123695142,5.015625,5.015625,0.0,0.0,0.0,21.53288178876583,13,2
20042,r0009,0,prefetch,0.0,0.0,62.27848,62.27848,0.0,-0.05300666444168925,0.2,0,0,0,0.0,0.0,0.0,0.0,0.0,0.0,0.0,0.0,0,0
20042,r0018,0,prefetch,0.0,0.0,63.304937,63.304937,0.0,-0.11864989920633923,0.2,1,0,0,0.0,0.0,0.0,0.0,0.0,0.0,0.0,0.0,0,0
20042,r0018,1,prefetch,0.0,0.0,61.854041,61.854041,0.0,0.18802492059117487,0.2,1,0,0,0.0,0.0,0.0,0.0,0.0,0.0,0.0,0.0,0,0
20042,r0023,0,prefetch,0.0,0.0,62.339446,62.339446,0.0,-0.19105161385220595,0.2,1,0,0,0.0,0.0,0.0,0.0,0.0,0.0,0.0,0.0,0,0
20042,r0014,0,prefetch,0.0,0.0,62.72544,62.72544,0.0,0.1073062982164883,0.2,1,0,0,0.0,0.0,0.0,0.0,0.0,0.0,0.0,0.0,0,0
20042,r0000,0,prefetch,0.0,0.0,97.725948,97.725948,0.0,-0.022980969523374917,0.2,1,0,0,0.0,0.0,0.0,0.0,0.0,0.0,0.0,0.0,0,0
20042,r0001,0,prefetch,69.52082976047313,62.485068,0.0,0.0,72.28517354854864,0.03976281349920252,0.2,1,1,1,0.0,0.0,0.0,0.0,0.0,0.0,0.0,0.0,2,0
20042,r0001,1,prefetch,4067.790202610642,62.50912,62.823063,62.823063,4090.189380263034,0.005506473179963001,0.2,1,1,0,0.0,0.0,0.0,0.0,0.0,0.0,0.0,0.0,138,0
20042,r0001,2,prefetch,5213.942655220129,62.737652,62.623531,62.623531,4262.241325520181,-0.1825300722759423,0.2,0,1,0,0.0,0.0,0.0,0.0,0.0,0.0,0.0,0.0,191,0
20042,r0007,0,prefetch,1212.8551898454025,62.542769,0.0,0.0,1131.3400468245136,-0.06720929563840117,0.2,1,1,1,0.0,0.0,0.0,0.0,0.0,0.0,0.0,0.0,40,0
20043,r0014,0,prefetch,2808.757048170999,54.866841,0.0,0.0,2838.8662294768824,0.010719752826428841,0.2,1,1,1,743.0121199997259,712.9029386938437,33.309963388260584,33.309963388260584,0.0,0.0,30.109181305882203,171.63158368127847,44,25
20043,r0002,0,prefetch,7136.9943837732935,54.646174,0.0,0.0,6122.572864161656,-0.14213567575701488,0.2,1,1,1,642.4302113418147,642.4302113418147,29.736328125,29.736328125,0.0,0.0,0.0,379.14227397257685,114,25
20043,r0023,0,prefetch,5294.085223627655,59.71916,59.549579,59.549579,5087.29478416639,-0.03906065556677363,0.2,0,1,0,0.0,0.0,0.0,0.0,0.0,0.0,0.0,0.0,191,0
20043,r0023,1,prefetch,3012.440043368937,60.111328,59.716477,59.716477,3355.575354163593,0.11390610463765899,0.2,1,1,0,0.0,0.0,0.0,0.0,0.0,0.0,0.0,0.0,129,0
20043,r0003,0,prefetch,313.43193254159996,61.208747,0.0,0.0,275.9465185391917,-0.11959666552939074,0.2,1,1,1,0.0,0.0,0.0,0.0,0.0,0.0,0.0,0.0,11,0
20043,r0003,1,prefetch,9237.396721013385,60.212163,60.087369,60.087369,10109.83427081209,0.09444625754938835,0.2,1,1,0,0.0,0.0,0.0,0.0,0.0,0.0,0.0,0.0,378,0
20043,r0010,0,prefetch,120.60287278976466,54.267192,54.065684,54.065684,105.01818914830567,-0.12922315431595288,0.2,1,1,0,0.0,0.0,0.0,0.0,0.0,0.0,0.0,0.0,1,0
20043,r0005,0,prefetch,2899.9837831120167,55.957904,55.695578,55.695578,3391.8854876907303,0.16962222597356963,0.2,0,1,0,3296.017625052,0.0,137.08515434129671,0.0,137.08515434129671,137.08515434129671,0.0,0.0,44,25
20043,r0005,1,prefetch,1658.1396997622069,59.676575,59.696353,59.696353,1791.952085330857,0.08070030865785338,0.2,1,1,0,0.0,0.0,0.0,0.0,0.0,0.0,0.0,0.0,66,0
20043,r0005,2,prefetch,5741.594854700634,59.572525,59.837773,59.837773,6879.096054964639,0.1981158944596612,0.2,0,1,0,0.0,0.0,0.0,0.0,0.0,0.0,0.0,0.0,243,0
20043,r0004,0,prefetch,5559.687286349639,54.766928,54.846326,54.846326,6303.075919239354,0.13371051186906002,0.2,0,1,0,3275.3095850341942,0.0,123.76825014998258,0.0,123.76825014998258,123.76825014998258,0.0,0.0,90,25
20043,r0004,1,prefetch,5260.979366933832,59.747516,59.883433,59.883433,5595.874261094057,0.06365637855664236,0.2,1,1,0,0.0,0.0,0.0,0.0,0.0,0.0,0.0,0.0,199,0
20043,r0016,0,prefetch,0.0,0.0,58.760376,58.760376,0.0,-0.07088622671962316,0.2,1,0,0,0.0,0.0,0.0,0.0,0.0,0.0,0.0,0.0,0,0
20044,r0015,0,prefetch,3744.3832527614677,53.432898,52.998197,52.998197,4320.527580661252,0.1538689522433045,0.2,0,1,0,240.9715660259642,0.0,0.0,0.0,0.0,0.0,0.0,0.0,86,2
20044,r0015,1,prefetch,2903.8610680489637,52.75459,52.927362,52.927362,2646.1509497574493,-0.08874739949754683,0.2,0,1,0,0.0,0.0,0.0,0.0,0.0,0.0,0.0,0.0,80,0
20044,r0000,0,prefetch,1209.0485911212218,65.426174,65.304771,65.304771,1345.3083980145673,0.11270002537034823,0.2,0,1,0,646.9889718372457,0.0,25.351570966881177,0.0,25.351570966881177,25.351570966881177,0.0,0.0,32,27
20044,r0021,0,prefetch,0.0,0.0,65.375138,65.375138,0.0,0.09235781143784777,0.2,1,0,0,0.0,0.0,0.0,0.0,0.0,0.0,0.0,0.0,0,0
20044,r0009,0,prefetch,2162.3638475745793,55.093543,54.18242,54.18242,2467.4448183827035,0.1410867884932127,0.2,1,1,0,0.0,0.0,0.0,0.0,0.0,0.0,0.0,0.0,56,0
20044,r0009,1,prefetch,7370.452254077136,54.076041,54.118304,54.118304,6114.39914396082,-0.17041737288529357,0.2,0,1,0,0.0,0.0,0.0,0.0,0.0,0.0,0.0,0.0,194,0
20044,r0009,2,prefetch,3185.851853896951,53.775965,53.795676,53.795676,3169.965962595577,-0.0049863873243014,0.2,0,1,0,0.0,0.0,0.0,0.0,0.0,0.0,0.0,0.0,89,0
20044,r0008,0,prefetch,5290.627662943174,54.258548,54.197867,54.197867,5914.199169562549,0.1178634268646459,0.2,1,1,0,0.0,0.0,0.0,0.0,0.0,0.0,0.0,0.0,138,0
20044,r0004,0,prefetch,645.7434595071027,54.057673,53.978701,53.978701,595.2482006713665,-0.07819708909522577,0.2,1,1,0,0.0,0.0,0.0,0.0,0.0,0.0,0.0,0.0,18,0
20044,r0004,1,prefetch,5696.494731098872,54.350092,54.248903,54.248903,6011.852760361193,0.055360014210262765,0.2,1,1,0,0.0,0.0,0.0,0.0,0.0,0.0,0.0,0.0,172,0
20044,r0004,2,prefetch,5928.103372177589,53.973605,54.009542,54.009542,6550.902917369041,0.10505882001222205,0.2,1,1,0,0.0,0.0,0.0,0.0,0.0,0.0,0.0,0.0,156,0
20044,r0002,0,prefetch,384.02909624994936,65.108292,0.0,0.0,364.39048506748065,-0.051138341792952874,0.2,1,1,1,94.94718198996041,94.94718198996041,4.359375,4.359375,0.0,0.0,0.0,27.68360700696234,9,2
20044,r0017,0,prefetch,807.5711961329216,64.669127,0.0,0.0,832.7331477775783,0.03115756451585372,0.2,1,1,1,100.02629099990835,74.86433935524838,3.5083435286833566,3.5083435286833566,0.0,0.0,25.16195164465998,30.85488678016021,20,2
20044,r0020,0,prefetch,0.0,0.0,53.997265,53.997265,0.0,-0.06891890772920678,0.2,1,0,0,0.0,0.0,0.0,0.0,0.0,0.0,0.0,0.0,0,0
20044,r0020,1,prefetch,885.3788179729454,64.526389,64.22496,64.22496,1057.2774641953722,0.19415265277746868,0.2,1,1,0,0.0,0.0,0.0,0.0,0.0,0.0,0.0,0.0,28,0
20044,r0020,2,prefetch,9865.106064581356,63.895372,63.767376,63.767376,9346.800229725583,-0.052539306872395886,0.2,1,1,0,0.0,0.0,0.0,0.0,0.0,0.0,0.0,0.0,363,0
20044,r0020,3,prefetch,6413.937947752202,63.729711,63.807961,63.807961,5824.5467332183225,-0.09189225392185688,0.2,1,1,0,0.0,0.0,0.0,0.0,0.0,0.0,0.0,0.0,208,0
20045,r0015,0,prefetch,5168.078632444183,62.334569,62.007506,62.007506,4458.409052817835,-0.1373178757713132,0.2,1,1,0,0.0,0.0,0.0,0.0,0.0,0.0,0.0,0.0,269,0
20045,r0010,0,prefetch,1067.7152392041062,62.153285,0.0,0.0,1127.1782590223777,0.05569183395995764,0.2,1,1,1,0.0,0.0,0.0,0.0,0.0,0.0,0.0,0.0,57,0
20045,r0003,0,prefetch,0.0,0.0,62.251556,62.251556,0.0,0.07127764737102982,0.2,0,0,0,0.0,0.0,0.0,0.0,0.0,0.0,0.0,0.0,0,0
20045,r0016,0,prefetch,0.0,0.0,62.701526,62.701526,0.0,-0.09088803838399069,0.2,1,0,0,0.0,0.0,0.0,0.0,0.0,0.0,0.0,0.0,0,0
20045,r0016,1,prefetch,5114.607546177962,61.969741,62.161072,62.161072,5044.428856870767,-0.013721226638324951,0.2,0,1,0,0.0,0.0,0.0,0.0,0.0,0.0,0.0,0.0,271,0
20046,r0005,0,prefetch,2763.9106773827084,61.841639,61.711731,61.711731,2563.088886657783,-0.07265856757537997,0.2,1,1,0,0.0,0.0,0.0,0.0,0.0,0.0,0.0,0.0,111,0
20046,r0005,1,prefetch,3478.5040024897175,61.381353,61.520462,61.520462,3964.041436558343,0.13958225539516556,0.2,0,1,0,0.0,0.0,0.0,0.0,0.0,0.0,0.0,0.0,135,0
20046,r0000,0,prefetch,0.0,0.0,63.200458,63.200458,0.0,0.04672765841477519,0.2,0,0,0,0.0,0.0,0.0,0.0,0.0,0.0,0.0,0.0,0,0
20046,r0013,0,prefetch,5868.901066025832,63.433237,0.0,0.0,5081.136862756519,-0.13422686707560283,0.2,1,1,1,0.0,0.0,0.0,0.0,0.0,0.0,0.0,0.0,218,0
20046,r0013,1,prefetch,3007.399998983641,92.044368,62.484327,62.484327,2988.041730167502,-0.006436878640247917,0.2,1,1,0,0.0,0.0,0.0,0.0,0.0,0.0,0.0,0.0,123,0
20046,r0022,0,prefetch,0.0,0.0,62.622883,62.622883,0.0,-0.18827508626165101,0.2,1,0,0,0.0,0.0,0.0,0.0,0.0,0.0,0.0,0.0,0,0
20046,r0022,1,prefetch,2553.4531315664717,62.65855,0.0,0.0,2424.6405476746004,-0.050446425782974286,0.2,1,1,1,0.0,0.0,0.0,0.0,0.0,0.0,0.0,0.0,91,0
20046,r0022,2,prefetch,7160.944726609014,62.4067,62.396162,62.396162,6444.110026538807,-0.10010337007721266,0.2,0,1,0,0.0,0.0,0.0,0.0,0.0,0.0,0.0,0.0,266,0
20046,r0016,0,prefetch,0.0,0.0,62.874387,62.874387,0.0,-0.12390267252619008,0.2,1,0,0,0.0,0.0,0.0,0.0,0.0,0.0,0.0,0.0,0,0
20046,r0015,0,prefetch,0.0,0.0,63.053722,63.053722,0.0,-0.02805183169870737,0.2,0,0,0,0.0,0.0,0.0,0.0,0.0,0.0,0.0,0.0,0,0
20046,r0015,1,prefetch,2089.4359810575406,62.689851,62.760772,62.760772,1779.1309277125345,-0.14851139549532852,0.2,0,1,0,0.0,0.0,0.0,0.0,0.0,0.0,0.0,0.0,77,0
20046,r0014,0,prefetch,0.0,0.0,62.867727,62.867727,0.0,0.1531240822536305,0.2,0,0,0,0.0,0.0,0.0,0.0,0.0,0.0,0.0,0.0,0,0
20047,r0004,0,prefetch,753.6813197485872,62.693043,0.0,0.0,679.9115439802947,-0.09787926784877801,0.2,1,1,1,0.0,0.0,0.0,0.0,0.0,0.0,0.0,0.0,36,0
20047,r0022,0,prefetch,7426.8073562282725,40.960191,0.0,0.0,7459.105878502477,0.004348910739837397,0.2,1,1,1,50.74241234332103,18.443890069116605,0.4344730833661828,0.4344730833661828,0.0,0.0,32.29852227420442,37.8688367777677,103,1
20047,r0010,0,prefetch,663.3123300515945,63.079768,0.0,0.0,683.1197677016893,0.029861404277761794,0.2,1,1,1,0.0,0.0,0.0,0.0,0.0,0.0,0.0,0.0,27,0
20047,r0010,1,prefetch,3724.995417979353,62.53529,62.533363,62.533363,3753.1146051082837,0.00754878435372261,0.2,1,1,0,0.0,0.0,0.0,0.0,0.0,0.0,0.0,0.0,173,0
20047,r0014,0,prefetch,0.0,0.0,62.659458,62.659458,0.0,-0.19666661177362102,0.2,1,0,0,0.0,0.0,0.0,0.0,0.0,0.0,0.0,0.0,0,0
20047,r0003,0,prefetch,5897.199762919379,62.796658,62.871489,62.871489,6510.215016464111,0.103950226919439,0.2,1,1,0,0.0,0.0,0.0,0.0,0.0,0.0,0.0,0.0,243,0
20047,r0008,0,prefetch,6546.356087926753,62.691192,62.75433,62.75433,5334.7282474319845,-0.18508431625486088,0.2,0,1,0,0.0,0.0,0.0,0.0,0.0,0.0,0.0,0.0,271,0
20047,r0001,0,prefetch,3910.0235184525845,62.972279,63.006335,63.006335,4202.4043972457275,0.07477726857992267,0.2,1,1,0,0.0,0.0,0.0,0.0,0.0,0.0,0.0,0.0,181,0
20047,r0023,0,prefetch,922.598952911485,62.987024,0.0,0.0,802.1519872034528,-0.13055181271118127,0.2,1,1,1,0.0,0.0,0.0,0.0,0.0,0.0,0.0,0.0,44,0
20047,r0023,1,prefetch,3918.7875904129105,63.095674,62.843926,62.843926,3976.25650467717,0.01466497301483094,0.2,1,1,0,0.0,0.0,0.0,0.0,0.0,0.0,0.0,0.0,185,0
20047,r0023,2,prefetch,3196.660388969496,62.816364,62.803484,62.803484,3111.9035747834446,-0.026514175380818156,0.2,0,1,0,0.0,0.0,0.0,0.0,0.0,0.0,0.0,0.0,146,0
20048,r0001,0,prefetch,6531.275982714535,64.365789,64.250549,64.250549,5388.298460745952,-0.17500064688638936,0.2,0,1,0,0.0,0.0,0.0,0.0,0.0,0.0,0.0,0.0,302,0
20048,r0003,0,prefetch,3209.727960130287,65.479169,65.479158,65.479158,3149.996775707834,-0.018609422718811552,0.2,0,1,0,0.0,0.0,0.0,0.0,0.0,0.0,0.0,0.0,142,0
20048,r0017,0,prefetch,0.0,0.0,66.054096,66.054096,0.0,-0.14375895066639527,0.2,1,0,0,0.0,0.0,0.0,0.0,0.0,0.0,0.0,0.0,0,0
20048,r0004,0,prefetch,379.8608342214793,65.622831,65.396493,65.396493,360.2881417167391,-0.05152595566967097,0.2,1,1,0,0.0,0.0,0.0,0.0,0.0,0.0,0.0,0.0,18,0
20049,r0000,0,prefetch,2416.936093215175,70.602547,70.336152,70.336152,2228.299541881497,-0.07804780269665318,0.2,0,1,0,0.0,0.0,0.0,0.0,0.0,0.0,0.0,0.0,98,0
20049,r0000,1,prefetch,9509.590133056163,70.242635,70.145549,70.145549,8824.320311710784,-0.07206092079229803,0.2,1,1,0,0.0,0.0,0.0,0.0,0.0,0.0,0.0,0.0,394,0
20049,r0009,0,prefetch,2604.1098268584255,70.273713,70.097316,70.097316,2619.2241398664573,0.005804022876510467,0.2,1,1,0,0.0,0.0,0.0,0.0,0.0,0.0,0.0,0.0,105,0
20049,r0009,1,prefetch,5325.329340601464,70.847992,70.010972,70.010972,4572.980824658117,-0.14127736855771122,0.2,1,1,0,0.0,0.0,0.0,0.0,0.0,0.0,0.0,0.0,218,0
20049,r0020,0,prefetch,0.0,0.0,70.087329,70.087329,0.0,0.025940958548011206,0.2,1,0,0,0.0,0.0,0.0,0.0,0.0,0.0,0.0,0.0,0,0
20049,r0014,0,prefetch,2271.3928920663384,70.274234,70.468492,70.468492,2290.526290844037,0.008423641213516658,0.2,1,1,0,0.0,0.0,0.0,0.0,0.0,0.0,0.0,0.0,93,0
20049,r0014,1,prefetch,7083.749905673121,69.872335,69.761877,69.761877,5687.242039166453,-0.19714245775225,0.2,1,1,0,0.0,0.0,0.0,0.0,0.0,0.0,0.0,0.0,267,0
20049,r0007,0,prefetch,0.0,0.0,70.335736,70.335736,0.0,-0.0379119349771142,0.2,0,0,0,0.0,0.0,0.0,0.0,0.0,0.0,0.0,0.0,0,0
20049,r0007,1,prefetch,3949.5215111125253,70.943643,70.446533,70.446533,4308.574454092361,0.09091049180757466,0.2,1,1,0,0.0,0.0,0.0,0.0,0.0,0.0,0.0,0.0,155,0
20049,r0007,2,prefetch,5691.569820206361,70.101853,69.886923,69.886923,4698.326132208763,-0.1745113772427702,0.2,0,1,0,0.0,0.0,0.0,0.0,0.0,0.0,0.0,0.0,214,0
20049,r0006,0,prefetch,0.0,0.0,70.140178,70.140178,0.0,-0.015490616784799627,0.2,0,0,0,0.0,0.0,0.0,0.0,0.0,0.0,0.0,0.0,0,0
20049,r0006,1,prefetch,9407.064112927746,70.002447,69.865806,69.865806,9587.198035842135,0.019148792944531756,0.2,1,1,0,0.0,0.0,0.0,0.0,0.0,0.0,0.0,0.0,355,0
20049,r0013,0,prefetch,0.0,0.0,70.743755,70.743755,0.0,0.11597465192361261,0.2,1,0,0,0.0,0.0,0.0,0.0,0.0,0.0,0.0,0.0,0,0
20050,r0019,0,prefetch,3566.1646347991446,64.094279,0.0,0.0,3525.382747339542,-0.011435783716109649,0.2,1,1,1,637.5140764810667,637.5140764810667,30.029296875,30.029296875,0.0,0.0,0.0,102.15852852014314,114,5
20050,r0000,0,prefetch,3960.298371591969,65.891228,0.0,0.0,4342.390278743955,0.09648058588029873,0.2,1,1,1,641.617395084777,259.5254879327913,12.229392445292442,12.229392445292442,0.0,0.0,382.09190715198565,104.65815216597663,118,5
20050,r0012,0,prefetch,2149.3647067170896,98.529319,64.914891,64.914891,1768.509883421286,-0.1771941365304709,0.2,1,1,0,0.0,0.0,0.0,0.0,0.0,0.0,0.0,0.0,103,0
20050,r0012,1,prefetch,7879.8049421764445,65.297341,65.158733,65.158733,7438.256639293769,-0.056035435664060634,0.2,1,1,0,0.0,0.0,0.0,0.0,0.0,0.0,0.0,0.0,332,0
20050,r0003,0,prefetch,3550.3356251121804,65.35348,65.171268,65.171268,3850.8877293852015,0.08465456114829262,0.2,0,1,0,0.0,0.0,0.0,0.0,0.0,0.0,0.0,0.0,153,0
20050,r0020,0,prefetch,1020.100444106647,64.839105,65.04111,65.04111,1166.962831111145,0.14396855510940681,0.2,0,1,0,0.0,0.0,0.0,0.0,0.0,0.0,0.0,0.0,45,0
20050,r0018,0,prefetch,73.15585881030347,64.892687,0.0,0.0,83.99104153933575,0.14811093609232878,0.2,1,1,1,0.0,0.0,0.0,0.0,0.0,0.0,0.0,0.0,3,0
20050,r0021,0,prefetch,0.0,0.0,64.996954,64.996954,0.0,-0.05215719851703238,0.2,1,0,0,0.0,0.0,0.0,0.0,0.0,0.0,0.0,0.0,0,0
20050,r0006,0,prefetch,116.03911614717799,65.419564,0.0,0.0,97.5527293660817,-0.15931168208528163,0.2,1,1,1,564.2405299862386,50.619552147174545,2.3654720845082347,2.3654720845082347,0.0,0.0,513.620977839064,25.51652760542981,3,5
20051,r0010,0,prefetch,6393.418643407189,62.064236,62.124977,62.124977,6395.952620092493,0.0003963414296227208,0.2,0,1,0,0.0,0.0,0.0,0.0,0.0,0.0,0.0,0.0,227,0
20051,r0004,0,prefetch,0.0,0.0,63.390704,63.390704,0.0,-0.15646295436993946,0.2,1,0,0,0.0,0.0,0.0,0.0,0.0,0.0,0.0,0.0,0,0
20051,r0009,0,prefetch,356.6936613666803,63.192547,63.035255,63.035255,293.82182609655143,-0.17626283301260234,0.2,1,1,0,0.0,0.0,0.0,0.0,0.0,0.0,0.0,0.0,11,0
20051,r0001,0,prefetch,0.0,0.0,63.464474,63.464474,0.0,-0.13008691745480555,0.2,1,0,0,0.0,0.0,0.0,0.0,0.0,0.0,0.0,0.0,0,0
20051,r0006,0,prefetch,0.0,0.0,62.778506,62.778506,0.0,0.19069106848759226,0.2,1,0,0,0.0,0.0,0.0,0.0,0.0,0.0,0.0,0.0,0,0
20051,r0005,0,prefetch,0.0,0.0,62.778517,62.778517,0.0,0.028447380281475254,0.2,1,0,0,0.0,0.0,0.0,0.0,0.0,0.0,0.0,0.0,0,0
20051,r0014,0,prefetch,704.4361375583212,63.045458,63.073604,63.073604,608.5895064645623,-0.1360614908627166,0.2,1,1,0,0.0,0.0,0.0,0.0,0.0,0.0,0.0,0.0,26,0
20051,r0012,0,prefetch,394.10767856882376,63.468942,63.180314,63.180314,334.4829750966715,-0.15129038766429384,0.2,1,1,0,0.0,0.0,0.0,0.0,0.0,0.0,0.0,0.0,13,0
20051,r0012,1,prefetch,9659.19194897898,62.978034,62.522884,62.522884,8287.267415683995,-0.1420330541666068,0.2,1,1,0,0.0,0.0,0.0,0.0,0.0,0.0,0.0,0.0,324,0
20051,r0017,0,prefetch,235.56315882255512,62.573105,63.420781,63.420781,193.7204672875587,-0.17762833434627048,0.2,0,1,0,0.0,0.0,0.0,0.0,0.0,0.0,0.0,0.0,7,0
20051,r0017,1,prefetch,4119.054509273097,62.795147,62.778086,62.778086,4058.6145035869504,-0.014673271633109053,0.2,1,1,0,0.0,0.0,0.0,0.0,0.0,0.0,0.0,0.0,139,0
20051,r0017,2,prefetch,3557.217511900086,62.93696,62.85849,62.85849,2974.2875284974843,-0.16387245971113812,0.2,1,1,0,0.0,0.0,0.0,0.0,0.0,0.0,0.0,0.0,124,0
20051,r0000,0,prefetch,523.4016895853783,62.892371,0.0,0.0,439.5704012192132,-0.16016625477952418,0.2,1,1,1,0.0,0.0,0.0,0.0,0.0,0.0,0.0,0.0,17,0
20051,r0000,1,prefetch,8234.741262639545,63.183074,62.869431,62.869431,6767.764066659551,-0.1781449045200205,0.2,1,1,0,0.0,0.0,0.0,0.0,0.0,0.0,0.0,0.0,309,0
20052,r0011,0,prefetch,8371.375831650104,0.0,60.792833,60.792833,9041.421834766421,0.08004012919633074,0.2,1,0,0,0.0,0.0,0.0,0.0,0.0,0.0,0.0,0.0,0,0
20052,r0023,0,prefetch,7689.966959431087,60.493519,0.0,0.0,7502.446748490403,-0.024385047677052463,0.2,1,1,1,0.0,0.0,0.0,0.0,0.0,0.0,0.0,0.0,372,0
20052,r0020,0,prefetch,0.0,0.0,63.180184,63.180184,0.0,-0.12700936837725202,0.2,1,0,0,0.0,0.0,0.0,0.0,0.0,0.0,0.0,0.0,0,0
20052,r0020,1,prefetch,4445.1873576700855,61.639391,61.603759,61.603759,4906.452696910833,0.1037673560473989,0.2,1,1,0,0.0,0.0,0.0,0.0,0.0,0.0,0.0,0.0,210,0
20052,r0017,0,prefetch,2771.994134073746,63.797679,63.355631,63.355631,2703.5773239216064,-0.024681441173035168,0.2,0,1,0,0.0,0.0,0.0,0.0,0.0,0.0,0.0,0.0,121,0
20052,r0017,1,prefetch,2985.693456476274,61.792746,61.610589,61.610589,3177.4665395870534,0.06423066731609839,0.2,1,1,0,0.0,0.0,0.0,0.0,0.0,0.0,0.0,0.0,148,0
20052,r0017,2,prefetch,6366.248272836834,61.772347,61.414745,61.414745,6552.910532381504,0.029320606351641965,0.2,0,1,0,0.0,0.0,0.0,0.0,0.0,0.0,0.0,0.0,301,0
20052,r0016,0,prefetch,5218.967985277224,61.939999,0.0,0.0,4596.815279681872,-0.11920991034059863,0.2,1,1,1,0.0,0.0,0.0,0.0,0.0,0.0,0.0,0.0,229,0
20052,r0015,0,prefetch,6882.309895357714,62.062259,61.989765,61.989765,8243.39524628321,0.19776577509879062,0.2,1,1,0,0.0,0.0,0.0,0.0,0.0,0.0,0.0,0.0,302,0
20052,r0022,0,prefetch,1896.2175285228877,62.027609,0.0,0.0,1525.1959427605398,-0.19566404179976427,0.2,1,1,1,0.0,0.0,0.0,0.0,0.0,0.0,0.0,0.0,88,0
20052,r0014,0,prefetch,0.0,0.0,62.063381,62.063381,0.0,0.14798027241110756,0.2,1,0,0,0.0,0.0,0.0,0.0,0.0,0.0,0.0,0.0,0,0
20052,r0014,1,prefetch,1529.5076206549493,62.064752,61.909488,61.909488,1474.596523962801,-0.035901159268912186,0.2,1,1,0,0.0,0.0,0.0,0.0,0.0,0.0,0.0,0.0,68,0
20052,r0004,0,prefetch,12.001923820527736,62.965578,62.968988,62.968988,11.60417829754542,-0.033140147273891474,0.2,1,0,0,0.0,0.0,0.0,0.0,0.0,0.0,0.0,0.0,0,0
20052,r0004,1,prefetch,5169.932331045158,62.107038,62.097912,62.097912,5393.172939999115,0.04318056691253189,0.2,1,1,0,0.0,0.0,0.0,0.0,0.0,0.0,0.0,0.0,251,0
20052,r0004,2,prefetch,3116.4148873439117,62.394321,62.099564,62.099564,2785.2818568143152,-0.10625447589612103,0.2,1,1,0,0.0,0.0,0.0,0.0,0.0,0.0,0.0,0.0,143,0
20053,r0019,0,prefetch,829.5695498046716,41.564863,0.0,0.0,704.8075770104707,-0.15039362621684593,0.2,1,1,1,413.8342182189368,413.8342182189368,21.59765625,21.59765625,0.0,0.0,0.0,48.39668176160665,15,19
20053,r0019,1,prefetch,3167.7991423591684,59.477446,59.311391,59.311391,3294.9426302758197,0.04013622145940832,0.2,1,1,0,0.0,0.0,0.0,0.0,0.0,0.0,0.0,0.0,165,0
20053,r0014,0,prefetch,2640.996654871211,59.904367,59.678058,59.678058,2682.23452279464,0.015614509714492575,0.2,1,1,0,0.0,0.0,0.0,0.0,0.0,0.0,0.0,0.0,138,0
20053,r0014,1,prefetch,4424.072560602741,59.49821,59.395404,59.395404,4981.247344974288,0.12594160171180324,0.2,1,1,0,0.0,0.0,0.0,0.0,0.0,0.0,0.0,0.0,208,0
20053,r0000,0,prefetch,958.1871246290902,95.301075,0.0,0.0,854.8383603804298,-0.10785864430047135,0.2,1,1,1,0.0,0.0,0.0,0.0,0.0,0.0,0.0,0.0,44,0
20053,r0007,0,prefetch,5344.546765938423,58.898593,0.0,0.0,5491.292761774336,0.0274571450606714,0.2,1,1,1,0.0,0.0,0.0,0.0,0.0,0.0,0.0,0.0,265,0
20054,r0003,0,prefetch,0.0,0.0,62.441186,62.441186,0.0,-0.11686013518749268,0.2,1,0,0,0.0,0.0,0.0,0.0,0.0,0.0,0.0,0.0,0,0
20054,r0021,0,prefetch,2116.802710093043,62.347068,62.439533,62.439533,1872.668309074,-0.11533167444230658,0.2,1,1,0,0.0,0.0,0.0,0.0,0.0,0.0,0.0,0.0,91,0
20054,r0020,0,prefetch,1725.03519098562,62.683909,62.527851,62.527851,1468.6044921360246,-0.14865244499915417,0.2,0,1,0,0.0,0.0,0.0,0.0,0.0,0.0,0.0,0.0,72,0
20054,r0020,1,prefetch,4269.071133366848,62.515681,62.375764,62.375764,4813.756914590102,0.12758882768806945,0.2,1,1,0,0.0,0.0,0.0,0.0,0.0,0.0,0.0,0.0,197,0
20054,r0019,0,prefetch,0.0,0.0,62.871659,62.871659,0.0,0.013566852590212036,0.2,1,0,0,0.0,0.0,0.0,0.0,0.0,0.0,0.0,0.0,0,0
20054,r0023,0,prefetch,0.0,0.0,63.43001,63.43001,0.0,-0.07444766868895925,0.2,0,0,0,0.0,0.0,0.0,0.0,0.0,0.0,0.0,0.0,0,0
20054,r0023,1,prefetch,5732.38303980463,62.45931,62.530504,62.530504,5473.3201551651755,-0.045192877524158626,0.2,1,1,0,0.0,0.0,0.0,0.0,0.0,0.0,0.0,0.0,238,0
20054,r0023,2,prefetch,3665.524881350655,0.0,62.251053,62.251053,4381.715545999247,0.19538556900606674,0.2,1,0,0,0.0,0.0,0.0,0.0,0.0,0.0,0.0,0.0,0,0
20054,r0013,0,prefetch,0.0,0.0,64.282737,64.282737,0.0,0.03746039280167368,0.2,1,0,0,0.0,0.0,0.0,0.0,0.0,0.0,0.0,0.0,0,0
20054,r0013,1,prefetch,7681.309053657096,62.505025,0.0,0.0,8915.808340954767,0.1607147009284729,0.2,1,1,1,0.0,0.0,0.0,0.0,0.0,0.0,0.0,0.0,317,0
20054,r0000,0,prefetch,2989.481128189582,62.754502,62.259448,62.259448,2530.324541594908,-0.15359072926235098,0.2,1,1,0,0.0,0.0,0.0,0.0,0.0,0.0,0.0,0.0,120,0
20054,r0000,1,prefetch,4777.641300337087,62.290986,62.67728,62.67728,4016.6840556058473,-0.15927467067851042,0.2,0,1,0,0.0,0.0,0.0,0.0,0.0,0.0,0.0,0.0,232,0
20055,r0007,0,prefetch,8842.89735788365,64.259067,63.888089,63.888089,8874.340370249749,0.0035557364394902535,0.2,1,1,0,0.0,0.0,0.0,0.0,0.0,0.0,0.0,0.0,327,0
20055,r0016,0,prefetch,961.3279917470663,62.815309,0.0,0.0,1128.4678188749656,0.17386347694312748,0.2,1,1,1,729.5394911176859,562.3996639897869,33.12748347416052,33.12748347416052,0.0,0.0,167.13982712789903,49.654672198450626,13,19
20055,r0005,0,prefetch,0.0,0.0,63.646023,63.646023,0.0,0.06905504445824218,0.2,1,0,0,0.0,0.0,0.0,0.0,0.0,0.0,0.0,0.0,0,0
20055,r0005,1,prefetch,3971.9597895351435,64.662696,64.636507,64.636507,4135.339499159701,0.0411332738198939,0.2,1,1,0,0.0,0.0,0.0,0.0,0.0,0.0,0.0,0.0,149,0
20055,r0005,2,prefetch,4914.280384767728,64.836048,64.865973,64.865973,5867.317519626288,0.19393218543504115,0.2,1,1,0,0.0,0.0,0.0,0.0,0.0,0.0,0.0,0.0,166,0
20055,r0006,0,prefetch,1355.9357284440648,62.549031,62.009955,62.009955,1474.1910032270848,0.08721303842234313,0.2,0,1,0,764.1716936899793,0.0,38.110556945575304,0.0,38.110556945575304,38.110556945575304,0.0,0.0,18,19
20055,r0006,1,prefetch,2977.964223051924,0.0,64.697212,64.697212,3454.513856263947,0.1600253050466932,0.2,1,0,0,0.0,0.0,0.0,0.0,0.0,0.0,0.0,0.0,0,0
20055,r0010,0,prefetch,0.0,0.0,61.72692,61.72692,0.0,-0.033291135647567666,0.2,1,0,0,0.0,0.0,0.0,0.0,0.0,0.0,0.0,0.0,0,0
20055,r0004,0,prefetch,3219.609869067028,62.16887,0.0,0.0,3316.575266481207,0.030117126408945177,0.2,1,1,1,0.0,0.0,0.0,0.0,0.0,0.0,0.0,0.0,46,0
20055,r0022,0,prefetch,156.43422629645647,65.139955,64.774776,64.774776,136.1600286756006,-0.129602057688031,0.2,1,1,0,0.0,0.0,0.0,0.0,0.0,0.0,0.0,0.0,5,0
20055,r0013,0,prefetch,670.3507883235143,65.018694,64.975026,64.975026,670.8402501293859,0.000730157723981717,0.2,0,1,0,0.0,0.0,0.0,0.0,0.0,0.0,0.0,0.0,22,0
20055,r0013,1,prefetch,5410.295512339329,0.0,64.839859,64.839859,6431.472764789166,0.18874703796138748,0.2,1,0,0,0.0,0.0,0.0,0.0,0.0,0.0,0.0,0.0,0,0
20055,r0000,0,prefetch,6252.067159967675,64.961792,0.0,0.0,5955.256987765457,-0.04747392576054041,0.2,1,1,1,0.0,0.0,0.0,0.0,0.0,0.0,0.0,0.0,210,0
20055,r0015,0,prefetch,1931.377051365278,64.827102,64.952446,64.952446,1721.7532833970345,-0.10853591111070822,0.2,1,1,0,0.0,0.0,0.0,0.0,0.0,0.0,0.0,0.0,74,0
20055,r0017,0,prefetch,3484.606665868305,64.986241,64.837026,64.837026,4007.2062887909933,0.14997377696643582,0.2,1,1,0,0.0,0.0,0.0,0.0,0.0,0.0,0.0,0.0,115,0
20055,r0017,1,prefetch,6882.195832523634,65.028002,64.765074,64.765074,6484.543938679756,-0.05777979928508695,0.2,0,1,0,0.0,0.0,0.0,0.0,0.0,0.0,0.0,0.0,238,0
20055,r0008,0,prefetch,4867.820481000468,64.882661,0.0,0.0,4361.409754250349,-0.10403233412708719,0.2,1,1,1,0.0,0.0,0.0,0.0,0.0,0.0,0.0,0.0,153,0
20056,r0010,0,prefetch,1491.5132382193851,46.456242,46.900739,46.900739,1372.115619936692,-0.08005132989984975,0.2,0,1,0,0.0,0.0,0.0,0.0,0.0,0.0,0.0,0.0,55,0
20056,r0002,0,prefetch,1161.9196569838177,46.719655,46.675972,46.675972,1306.564010554143,0.12448739695634536,0.2,1,1,0,0.0,0.0,0.0,0.0,0.0,0.0,0.0,0.0,43,0
20056,r0011,0,prefetch,0.0,0.0,66.748071,66.748071,0.0,0.03920079187978334,0.2,0,0,0,0.0,0.0,0.0,0.0,0.0,0.0,0.0,0.0,0,0
20056,r0022,0,prefetch,0.0,0.0,66.163992,66.163992,0.0,-0.09757978745871006,0.2,1,0,0,0.0,0.0,0.0,0.0,0.0,0.0,0.0,0.0,0,0
20056,r0017,0,prefetch,826.9122739076975,66.559422,66.57207,66.57207,724.0109847331453,-0.12444039400730716,0.2,1,1,0,0.0,0.0,0.0,0.0,0.0,0.0,0.0,0.0,36,0
20056,r0017,1,prefetch,4331.323379185042,66.950603,66.534627,66.534627,4967.97162270424,0.1469870032283268,0.2,0,1,0,0.0,0.0,0.0,0.0,0.0,0.0,0.0,0.0,211,0
20056,r0019,0,prefetch,0.0,0.0,66.495618,66.495618,0.0,0.19571329969318663,0.2,1,0,0,0.0,0.0,0.0,0.0,0.0,0.0,0.0,0.0,0,0
20056,r0019,1,prefetch,6917.8474304035135,66.775142,67.288734,67.288734,7837.968735338768,0.13300688027483493,0.2,0,1,0,0.0,0.0,0.0,0.0,0.0,0.0,0.0,0.0,336,0
20056,r0020,0,prefetch,0.0,0.0,66.393735,66.393735,0.0,0.0969725997873282,0.2,1,0,0,0.0,0.0,0.0,0.0,0.0,0.0,0.0,0.0,0,0
20056,r0014,0,prefetch,4545.549608486121,66.614934,0.0,0.0,4697.7953305147585,0.033493358370659754,0.2,1,1,1,0.0,0.0,0.0,0.0,0.0,0.0,0.0,0.0,199,0
20056,r0014,1,prefetch,4092.790575392919,66.982333,66.848658,66.848658,3290.2129595153865,-0.19609545152465638,0.2,1,1,0,0.0,0.0,0.0,0.0,0.0,0.0,0.0,0.0,195,0
20057,r0008,0,prefetch,4555.308895374933,61.005672,60.991912,60.991912,3968.538599087271,-0.12881021018869165,0.2,0,1,0,0.0,0.0,0.0,0.0,0.0,0.0,0.0,0.0,222,0
20057,r0018,0,prefetch,1621.8399132565337,61.424416,61.784729,61.784729,1408.261562343874,-0.13168892266549925,0.2,0,1,0,0.0,0.0,0.0,0.0,0.0,0.0,0.0,0.0,79,0
20057,r0001,0,prefetch,0.0,0.0,61.987898,61.987898,0.0,-0.17493954901675215,0.2,1,0,0,0.0,0.0,0.0,0.0,0.0,0.0,0.0,0.0,0,0
20057,r0011,0,prefetch,787.0256386706569,62.29093,62.107787,62.107787,673.8535228881657,-0.1437972414388521,0.2,1,1,0,0.0,0.0,0.0,0.0,0.0,0.0,0.0,0.0,37,0
20057,r0014,0,prefetch,0.0,0.0,62.32136,62.32136,0.0,-0.1136722035877738,0.2,1,0,0,0.0,0.0,0.0,0.0,0.0,0.0,0.0,0.0,0,0
20057,r0004,0,prefetch,1453.9766136459111,100.311863,61.911107,61.911107,1333.7617659738128,-0.082680042129876,0.2,0,1,0,0.0,0.0,0.0,0.0,0.0,0.0,0.0,0.0,66,0
20057,r0013,0,prefetch,0.0,0.0,62.177041,62.177041,0.0,-0.19657552307047643,0.2,1,0,0,0.0,0.0,0.0,0.0,0.0,0.0,0.0,0.0,0,0
20057,r0007,0,prefetch,2664.8418287043132,62.010827,62.124142,62.124142,2953.840136633432,0.1084485783794657,0.2,1,1,0,0.0,0.0,0.0,0.0,0.0,0.0,0.0,0.0,122,0
20057,r0007,1,prefetch,3730.8681016568335,62.07094,61.764997,61.764997,3694.391150836372,-0.009777067917319915,0.2,1,1,0,0.0,0.0,0.0,0.0,0.0,0.0,0.0,0.0,183,0
20057,r0010,0,prefetch,4101.222593685918,0.0,61.673397,61.673397,4867.791986442963,0.18691240849429275,0.2,1,0,0,0.0,0.0,0.0,0.0,0.0,0.0,0.0,0.0,0,0
20058,r0003,0,prefetch,3302.3632925854404,58.409225,58.252053,58.252053,2957.848025085479,-0.10432385445704201,0.2,1,1,0,0.0,0.0,0.0,0.0,0.0,0.0,0.0,0.0,161,0
20058,r0013,0,prefetch,0.0,0.0,59.726725,59.726725,0.0,0.1605794626677159,0.2,1,0,0,0.0,0.0,0.0,0.0,0.0,0.0,0.0,0.0,0,0
20058,r0013,1,prefetch,1852.64579093075,59.594984,59.031782,59.031782,1660.0753937764212,-0.10394345108871766,0.2,1,1,0,0.0,0.0,0.0,0.0,0.0,0.0,0.0,0.0,71,0
20058,r0007,0,prefetch,0.0,0.0,59.445631,59.445631,0.0,0.07559712274188701,0.2,0,0,0,0.0,0.0,0.0,0.0,0.0,0.0,0.0,0.0,0,0
20058,r0006,0,prefetch,0.0,0.0,59.536719,59.536719,0.0,0.1539463791108377,0.2,1,0,0,0.0,0.0,0.0,0.0,0.0,0.0,0.0,0.0,0,0
20058,r0005,0,prefetch,0.0,0.0,59.537375,59.537375,0.0,-0.050052403055843325,0.2,0,0,0,0.0,0.0,0.0,0.0,0.0,0.0,0.0,0.0,0,0
20058,r0002,0,prefetch,384.33567861162555,61.490165,0.0,0.0,378.07414482261964,-0.016291835854597453,0.2,1,1,1,0.0,0.0,0.0,0.0,0.0,0.0,0.0,0.0,16,0
20058,r0002,1,prefetch,8111.203052154786,59.790171,59.592487,59.592487,8634.55269128818,0.06452182688169333,0.2,1,1,0,0.0,0.0,0.0,0.0,0.0,0.0,0.0,0.0,369,0
20058,r0009,0,prefetch,3663.129913666371,59.670485,59.542567,59.542567,3483.92702716902,-0.04892070189178449,0.2,1,1,0,0.0,0.0,0.0,0.0,0.0,0.0,0.0,0.0,154,0
20058,r0009,1,prefetch,5561.099669529522,59.705289,59.657412,59.657412,5075.847841235798,-0.08725825054935155,0.2,0,1,0,0.0,0.0,0.0,0.0,0.0,0.0,0.0,0.0,216,0
20058,r0017,0,prefetch,4229.264443934042,60.050181,60.117569,60.117569,3461.186464736809,-0.18161029875984083,0.2,1,1,0,0.0,0.0,0.0,0.0,0.0,0.0,0.0,0.0,178,0
20058,r0011,0,prefetch,0.0,0.0,59.492432,59.492432,0.0,0.16515507068670415,0.2,1,0,0,0.0,0.0,0.0,0.0,0.0,0.0,0.0,0.0,0,0
20058,r0020,0,prefetch,0.0,0.0,58.703702,58.703702,0.0,-0.17899514296161345,0.2,0,0,0,0.0,0.0,0.0,0.0,0.0,0.0,0.0,0.0,0,0
20059,r0020,0,prefetch,2559.477721254332,61.978549,61.568644,61.568644,2384.2493954077077,-0.06846253217658402,0.2,0,1,0,0.0,0.0,0.0,0.0,0.0,0.0,0.0,0.0,110,0
20059,r0001,0,prefetch,5298.087029770276,61.552888,0.0,0.0,6008.983403495778,0.13417982183586852,0.2,1,1,1,0.0,0.0,0.0,0.0,0.0,0.0,0.0,0.0,230,0
20059,r0016,0,prefetch,0.0,0.0,61.764536,61.764536,0.0,0.16989248441369525,0.2,1,0,0,0.0,0.0,0.0,0.0,0.0,0.0,0.0,0.0,0,0
20059,r0018,0,prefetch,1110.3897697772409,61.589931,0.0,0.0,1159.1559409220538,0.04391806595498085,0.2,1,1,1,731.1234029581911,682.3572318133793,31.083253903457948,31.083253903457948,0.0,0.0,48.76617114481189,236.22606804205947,48,28
20059,r0015,0,prefetch,3877.2790468666753,61.50791,0.0,0.0,3697.464497727391,-0.04637647870214465,0.2,1,1,1,0.0,0.0,0.0,0.0,0.0,0.0,0.0,0.0,168,0
20059,r0010,0,prefetch,1423.9641141111606,61.471539,61.875811,61.875811,1389.154405935074,-0.024445635835292634,0.2,0,1,0,0.0,0.0,0.0,0.0,0.0,0.0,0.0,0.0,61,0
20059,r0019,0,prefetch,0.0,0.0,61.327355,61.327355,0.0,0.016250146963578793,0.2,0,0,0,0.0,0.0,0.0,0.0,0.0,0.0,0.0,0.0,0,0
20059,r0019,1,prefetch,1100.0652533279099,61.058372,61.063808,61.063808,1167.130531573562,0.06096481826215927,0.2,1,1,0,0.0,0.0,0.0,0.0,0.0,0.0,0.0,0.0,44,0
20059,r0004,0,prefetch,0.0,0.0,61.767373,61.767373,0.0,0.15885651775302945,0.2,1,0,0,0.0,0.0,0.0,0.0,0.0,0.0,0.0,0.0,0,0
20059,r0004,1,prefetch,0.0,0.0,60.952236,60.952236,0.0,0.11344682720198501,0.2,1,0,0,0.0,0.0,0.0,0.0,0.0,0.0,0.0,0.0,0,0
20059,r0004,2,prefetch,1201.2019352761854,61.487095,61.129028,61.129028,1118.1477676957347,-0.06914255225650678,0.2,1,1,0,0.0,0.0,0.0,0.0,0.0,0.0,0.0,0.0,66,0
20059,r0005,0,prefetch,0.0,0.0,61.101524,61.101524,0.0,0.07498243154276946,0.2,1,0,0,0.0,0.0,0.0,0.0,0.0,0.0,0.0,0.0,0,0
20060,r0022,0,prefetch,3500.5717999707163,61.769205,61.319012,61.319012,3565.8909609296065,0.018659568976541724,0.2,1,1,0,0.0,0.0,0.0,0.0,0.0,0.0,0.0,0.0,66,0
20060,r0013,0,prefetch,2885.7909049557184,63.329024,0.0,0.0,3008.871005505011,0.04265038757240841,0.2,1,1,1,2300.630205034713,2177.550104485421,141.6979403414035,141.6979403414035,0.0,0.0,123.08010054929218,145.99460516945612,52,25
20060,r0001,0,prefetch,378.1371915031159,63.593927,0.0,0.0,344.5417032053838,-0.08884470782730527,0.2,1,1,1,863.4660471864437,314.5432645031142,20.010488684529086,20.010488684529086,0.0,0.0,548.9227826833295,43.221499180458615,6,25
20060,r0015,0,prefetch,154.53918787640941,63.324603,0.0,0.0,129.6699200338103,-0.16092531728902287,0.2,1,1,1,932.32553542956,91.21458487640848,5.818540247148415,5.818540247148415,0.0,0.0,841.1109505531515,33.70281297408266,2,25
20060,r0006,0,prefetch,3433.373489749556,62.856791,0.0,0.0,2892.3336571193254,-0.15758257417828916,0.2,1,1,1,923.4404401723838,923.4404401723838,58.88671875,58.88671875,0.0,0.0,0.0,168.2073433123969,62,25
20060,r0018,0,prefetch,7588.845747355081,63.106511,0.0,0.0,8240.412025094023,0.08585841634296376,0.2,1,1,1,2509.4299435783564,1857.8636658394134,121.03034255341127,121.03034255341127,0.0,0.0,651.566277738943,341.466700827335,140,25
20060,r0005,0,prefetch,2888.6099060064807,62.813596,62.962395,62.962395,2432.672305176705,-0.15783979688005434,0.2,0,1,0,0.0,0.0,0.0,0.0,0.0,0.0,0.0,0.0,54,0
20060,r0021,0,prefetch,2827.6637186544904,63.219148,0.0,0.0,2942.6588232313843,0.040667885582806346,0.2,1,1,1,0.0,0.0,0.0,0.0,0.0,0.0,0.0,0.0,53,0
20060,r0023,0,prefetch,3665.0076144163613,63.177804,0.0,0.0,3776.9238101218443,0.030536415603956424,0.2,1,1,1,912.3340711009133,800.4178753954329,51.02049810946293,51.02049810946293,0.0,0.0,111.91619570548039,185.9775338267495,70,25
20060,r0019,0,prefetch,0.0,0.0,62.536572,62.536572,0.0,-0.18538020754823342,0.2,0,0,0,0.0,0.0,0.0,0.0,0.0,0.0,0.0,0.0,0,0
20061,r0009,0,prefetch,3241.662718803582,59.178507,0.0,0.0,2602.684403223926,-0.19711437339646715,0.2,1,1,1,0.0,0.0,0.0,0.0,0.0,0.0,0.0,0.0,76,0
20061,r0004,0,prefetch,3434.19582044707,58.506992,0.0,0.0,3541.644516982585,0.03128787703245378,0.2,1,1,1,3312.208495783198,3204.759799247684,142.52042510375614,142.52042510375614,0.0,0.0,107.44869653551405,293.46431415096873,81,23
20061,r0004,1,prefetch,4541.376211458199,64.896434,64.605877,64.605877,4182.9406322127825,-0.07892664306054611,0.2,0,1,0,0.0,0.0,0.0,0.0,0.0,0.0,0.0,0.0,213,0
20061,r0006,0,prefetch,1661.0308245530905,66.772674,66.498856,66.498856,1917.1679852270806,0.15420373715394803,0.2,0,1,0,0.0,0.0,0.0,0.0,0.0,0.0,0.0,0.0,71,0
20061,r0006,1,prefetch,6572.358186577498,0.0,65.976058,65.976058,7744.536827656873,0.17834978067282997,0.2,1,0,0,0.0,0.0,0.0,0.0,0.0,0.0,0.0,0.0,0,0
20061,r0013,0,prefetch,1854.8230347605167,66.218772,0.0,0.0,1704.4330005729482,-0.08108052971586362,0.2,1,1,1,0.0,0.0,0.0,0.0,0.0,0.0,0.0,0.0,78,0
20061,r0003,0,prefetch,0.0,0.0,59.690125,59.690125,0.0,-0.016843380222417353,0.2,1,0,0,0.0,0.0,0.0,0.0,0.0,0.0,0.0,0.0,0,0
20061,r0003,1,prefetch,1431.059714459625,66.591487,66.324726,66.324726,1632.9013223654697,0.14104345602521628,0.2,1,1,0,0.0,0.0,0.0,0.0,0.0,0.0,0.0,0.0,67,0
20061,r0003,2,prefetch,4573.837312262709,66.567466,66.432199,66.432199,5254.5440165237505,0.14882617325194952,0.2,0,1,0,0.0,0.0,0.0,0.0,0.0,0.0,0.0,0.0,237,0
20061,r0020,0,prefetch,3073.242164922005,59.381494,0.0,0.0,2496.564342577863,-0.1876447710259687,0.2,1,1,1,630.5375281079272,630.5375281079272,26.14453125,26.14453125,0.0,0.0,0.0,275.5666213744931,75,23
20062,r0019,0,prefetch,2890.9881489059544,64.920142,0.0,0.0,3276.969738015628,0.13351199286504928,0.2,1,1,1,49.330585058327756,0.0,0.0,0.0,0.0,0.0,49.330585058327756,13.009675492247652,63,3
20062,r0014,0,prefetch,478.9372073395334,64.924568,0.0,0.0,540.3767537297605,0.12828309316688918,0.2,1,1,1,49.79475003680802,0.0,0.0,0.0,0.0,0.0,49.79475003680802,6.551072806392256,10,3
20062,r0011,0,prefetch,2763.7427840623222,65.247432,0.0,0.0,3298.1898746902543,0.19337801394179244,0.2,1,1,1,3117.7219026312737,2583.274812003341,136.85125736978094,136.85125736978094,0.0,0.0,534.4470906279325,264.5718423766091,72,27
20062,r0011,1,prefetch,3645.8775816397065,66.902586,66.513065,66.513065,4319.733934228571,0.18482692781083515,0.2,1,1,0,0.0,0.0,0.0,0.0,0.0,0.0,0.0,0.0,144,0
20062,r0011,2,prefetch,3573.158811397345,67.205563,66.990542,66.990542,4164.510937525741,0.16549841676282445,0.2,0,1,0,0.0,0.0,0.0,0.0,0.0,0.0,0.0,0.0,154,0
20062,r0022,0,prefetch,0.0,0.0,66.454246,66.454246,0.0,-0.17289612222567802,0.2,1,0,0,0.0,0.0,0.0,0.0,0.0,0.0,0.0,0.0,0,0
20062,r0023,0,prefetch,3388.4199924738314,66.175221,66.267419,66.267419,3506.9595162478704,0.03498371631537195,0.2,0,1,0,27.282748580515552,0.0,0.0,0.0,0.0,0.0,0.0,0.0,72,3
20062,r0008,0,prefetch,2311.935944056986,66.16666,0.0,0.0,2531.842631069422,0.09511798437916236,0.2,1,1,1,28.443161026716197,0.0,0.0,0.0,0.0,0.0,28.443161026716197,11.385098067566751,49,3
20062,r0004,0,prefetch,0.0,0.0,69.814274,69.814274,0.0,0.046204110663963405,0.2,1,0,0,0.0,0.0,0.0,0.0,0.0,0.0,0.0,0.0,0,0
20062,r0004,1,prefetch,5000.103443765998,68.686705,68.321585,68.321585,5358.717647506639,0.07172135692267545,0.2,1,1,0,0.0,0.0,0.0,0.0,0.0,0.0,0.0,0.0,192,0
20062,r0006,0,prefetch,592.4453641016953,68.225037,0.0,0.0,583.7812244233007,-0.01462436910369233,0.2,1,1,1,0.0,0.0,0.0,0.0,0.0,0.0,0.0,0.0,20,0
20062,r0006,1,prefetch,8634.070761614028,68.394604,68.20789,68.20789,8607.278872941735,-0.0031030425174885523,0.2,1,1,0,0.0,0.0,0.0,0.0,0.0,0.0,0.0,0.0,322,0
20062,r0021,0,prefetch,0.0,0.0,68.402804,68.402804,0.0,-0.026504894472111434,0.2,1,0,0,0.0,0.0,0.0,0.0,0.0,0.0,0.0,0.0,0,0
20062,r0010,0,prefetch,1457.9879701797909,68.58223,68.464682,68.464682,1443.6514850680687,-0.009833061318026026,0.2,0,1,0,0.0,0.0,0.0,0.0,0.0,0.0,0.0,0.0,57,0
20063,r0013,0,prefetch,3932.1725321285467,60.142433,0.0,0.0,4270.464340029919,0.08603178144837142,0.2,1,1,1,0.0,0.0,0.0,0.0,0.0,0.0,0.0,0.0,175,0
20063,r0020,0,prefetch,3359.0876616929527,61.3069,0.0,0.0,3249.923959975909,-0.03249802110315461,0.2,1,1,1,0.0,0.0,0.0,0.0,0.0,0.0,0.0,0.0,144,0
20063,r0011,0,prefetch,0.0,0.0,61.03011,61.03011,0.0,-0.1362941841999703,0.2,0,0,0,0.0,0.0,0.0,0.0,0.0,0.0,0.0,0.0,0,0
20063,r0004,0,prefetch,3663.2383023947914,96.254666,59.887255,59.887255,3595.0747525413435,-0.018607457180409653,0.2,1,1,0,0.0,0.0,0.0,0.0,0.0,0.0,0.0,0.0,162,0
20064,r0009,0,prefetch,1697.097820620791,71.175568,0.0,0.0,1824.2335334228017,0.07491360324504143,0.2,1,1,1,0.0,0.0,0.0,0.0,0.0,0.0,0.0,0.0,78,0
20064,r0002,0,prefetch,2376.047954267866,70.483622,69.928525,69.928525,2240.293391588346,-0.057134605568745805,0.2,0,1,0,0.0,0.0,0.0,0.0,0.0,0.0,0.0,0.0,119,0
20064,r0016,0,prefetch,0.0,0.0,70.901596,70.901596,0.0,-0.19510781850009684,0.2,1,0,0,0.0,0.0,0.0,0.0,0.0,0.0,0.0,0.0,0,0
20064,r0016,1,prefetch,5631.625314050962,70.481117,70.837386,70.837386,5815.718802328117,0.032689228776964174,0.2,1,1,0,0.0,0.0,0.0,0.0,0.0,0.0,0.0,0.0,249,0
20064,r0020,0,prefetch,0.0,0.0,70.55467,70.55467,0.0,0.0831652993807715,0.2,1,0,0,0.0,0.0,0.0,0.0,0.0,0.0,0.0,0.0,0,0
20064,r0020,1,prefetch,5821.8627515180815,70.576462,70.771469,70.771469,4969.2201565872665,-0.14645528953915724,0.2,1,1,0,0.0,0.0,0.0,0.0,0.0,0.0,0.0,0.0,286,0
20064,r0004,0,prefetch,1067.2355943710427,70.477884,0.0,0.0,1210.8802012707363,0.13459503005458523,0.2,1,1,1,0.0,0.0,0.0,0.0,0.0,0.0,0.0,0.0,46,0
20064,r0004,1,prefetch,8663.140835626415,70.565503,0.0,0.0,7285.432442042731,-0.15903105117695626,0.2,1,1,1,0.0,0.0,0.0,0.0,0.0,0.0,0.0,0.0,369,0
20064,r0012,0,prefetch,0.0,0.0,70.598338,70.598338,0.0,-0.06821255260188061,0.2,1,0,0,0.0,0.0,0.0,0.0,0.0,0.0,0.0,0.0,0,0
20065,r0007,0,prefetch,2151.892893747252,36.501577,0.0,0.0,1909.6940359517723,-0.11255153939084793,0.2,1,1,1,269.3621689188181,269.3621689188181,39.375,39.375,0.0,0.0,0.0,61.790866690073585,65,16
20065,r0023,0,prefetch,2586.127349799024,36.641506,0.0,0.0,2575.8130924404254,-0.00398830218449997,0.2,1,1,1,50.976008557175035,50.976008557175035,2.314453125,2.314453125,0.0,0.0,0.0,22.688362304864494,78,1
20065,r0000,0,prefetch,2851.5802945591167,39.43314,0.0,0.0,2996.1042710211696,0.050682064516229086,0.2,1,1,1,108.17594940175252,0.0,0.0,0.0,0.0,0.0,108.17594940175252,24.294600893323764,96,1
20066,r0006,0,prefetch,3132.376880160684,60.443421,0.0,0.0,3582.076986117778,0.1435651338143018,0.2,1,1,1,0.0,0.0,0.0,0.0,0.0,0.0,0.0,0.0,124,0
20066,r0006,1,prefetch,4180.706700052955,60.597417,60.468926,60.468926,3787.29705560487,-0.09410123040755339,0.2,1,1,0,0.0,0.0,0.0,0.0,0.0,0.0,0.0,0.0,174,0
20066,r0022,0,prefetch,4600.175875987759,60.383902,59.99982,59.99982,4219.350287186992,-0.08278500628391626,0.2,1,1,0,0.0,0.0,0.0,0.0,0.0,0.0,0.0,0.0,182,0
20066,r0020,0,prefetch,3703.8515011124,60.222469,60.095605,60.095605,3577.956782774813,-0.03399021756130782,0.2,1,1,0,0.0,0.0,0.0,0.0,0.0,0.0,0.0,0.0,147,0
20066,r0020,1,prefetch,4087.5855321935505,60.145202,59.847793,59.847793,3763.0353374780348,-0.07939899780919078,0.2,0,1,0,0.0,0.0,0.0,0.0,0.0,0.0,0.0,0.0,153,0
20066,r0002,0,prefetch,0.0,0.0,60.610466,60.610466,0.0,0.14610520731585752,0.2,1,0,0,0.0,0.0,0.0,0.0,0.0,0.0,0.0,0.0,0,0
20066,r0012,0,prefetch,7730.167038594049,60.718596,0.0,0.0,7189.554224361384,-0.06993546342964813,0.2,1,1,1,0.0,0.0,0.0,0.0,0.0,0.0,0.0,0.0,305,0
20066,r0000,0,prefetch,0.0,0.0,61.044062,61.044062,0.0,-0.01462585711807357,0.2,0,0,0,0.0,0.0,0.0,0.0,0.0,0.0,0.0,0.0,0,0
20066,r0000,1,prefetch,3138.999476409859,60.295558,60.359501,60.359501,3268.9435942128684,0.04139666756224786,0.2,1,1,0,0.0,0.0,0.0,0.0,0.0,0.0,0.0,0.0,140,0
20067,r0017,0,prefetch,4920.740674796401,53.875171,53.45413,53.45413,4576.647727516498,-0.06992706383458022,0.2,1,1,0,0.0,0.0,0.0,0.0,0.0,0.0,0.0,0.0,309,0
20067,r0023,0,prefetch,6591.910948976356,33.790576,0.0,0.0,5760.609469579185,-0.12610933094086502,0.2,1,1,1,129.57778208606513,129.57778208606513,17.279296875,17.279296875,0.0,0.0,0.0,39.32999270857247,272,3
20067,r0007,0,prefetch,4621.176614485588,33.673238,0.0,0.0,4235.367627855933,-0.08348717627893594,0.2,1,1,1,156.61403966328868,156.61403966328868,21.0234375,21.0234375,0.0,0.0,0.0,29.683252915760313,196,3
20067,r0012,0,prefetch,0.0,0.0,33.738385,33.738385,0.0,-0.159992885107823,0.2,1,0,0,0.0,0.0,0.0,0.0,0.0,0.0,0.0,0.0,0,0
20067,r0003,0,prefetch,3001.6199543675066,33.371805,33.487671,33.487671,2576.045241291775,-0.1417816777425468,0.2,0,1,0,99.63842062946038,0.0,6.123046875,0.0,6.123046875,6.123046875,0.0,0.0,83,5
20067,r0014,0,prefetch,204.288067739275,33.697478,0.0,0.0,231.14882160316358,0.13148469296880294,0.2,1,1,1,385.9382762944397,170.59058973927677,13.700745008231234,13.700745008231234,0.0,0.0,215.3476865551629,23.20220224491372,5,5
20067,r0013,0,prefetch,1210.1698354130458,33.626253,0.0,0.0,1154.6400549573768,-0.045885939998426745,0.2,1,1,1,392.3454579877666,392.3454579877666,31.552734375,31.552734375,0.0,0.0,0.0,38.93880458741531,29,5
20067,r0013,1,prefetch,4992.807464286881,39.758916,39.739022,39.739022,4404.22045790184,-0.11788698254341945,0.2,1,1,0,0.0,0.0,0.0,0.0,0.0,0.0,0.0,0.0,268,0
20067,r0000,0,prefetch,3555.0420283254934,52.750395,52.464692,52.464692,3397.851454909592,-0.04421623490340054,0.2,1,1,0,0.0,0.0,0.0,0.0,0.0,0.0,0.0,0.0,236,0
20068,r0022,0,prefetch,2459.2857030937857,58.618632,58.026375,58.026375,2626.355720231753,0.06793436684798049,0.2,1,1,0,0.0,0.0,0.0,0.0,0.0,0.0,0.0,0.0,100,0
20068,r0011,0,prefetch,3263.2552122735797,65.923821,0.0,0.0,2626.4785468510036,-0.1951354166317014,0.2,1,1,1,0.0,0.0,0.0,0.0,0.0,0.0,0.0,0.0,138,0
20068,r0020,0,prefetch,5598.41631211224,57.518466,57.111636,57.111636,4661.701079479204,-0.1673178949922751,0.2,1,1,0,0.0,0.0,0.0,0.0,0.0,0.0,0.0,0.0,239,0
20068,r0023,0,prefetch,3171.177245670173,58.43765,58.296757,58.296757,3315.012891735683,0.04535717650657914,0.2,1,1,0,0.0,0.0,0.0,0.0,0.0,0.0,0.0,0.0,130,0
20069,r0023,0,prefetch,3515.625970220489,45.36111,0.0,0.0,3857.9839104354114,0.09738178723075341,0.2,1,1,1,445.2014066198378,102.84346640491458,4.671070602199272,4.671070602199272,0.0,0.0,342.35794021492325,159.69129067535454,59,17
20069,r0021,0,prefetch,675.5862266561016,67.907621,71.264797,71.264797,737.2505987623516,0.09127535416384297,0.2,1,1,0,0.0,0.0,0.0,0.0,0.0,0.0,0.0,0.0,37,0
20069,r0015,0,prefetch,3627.7130311299406,67.332353,0.0,0.0,3449.572285018026,-0.049105523116978356,0.2,1,1,1,0.0,0.0,0.0,0.0,0.0,0.0,0.0,0.0,205,0
20069,r0009,0,prefetch,3436.4324801754083,67.378332,0.0,0.0,3510.9283013897675,0.02167824383110145,0.2,1,1,1,0.0,0.0,0.0,0.0,0.0,0.0,0.0,0.0,152,0
20069,r0014,0,prefetch,6174.397159447406,67.296355,0.0,0.0,5275.6914592557905,-0.14555359446168958,0.2,1,1,1,0.0,0.0,0.0,0.0,0.0,0.0,0.0,0.0,324,0
20069,r0011,0,prefetch,342.427889172679,68.688342,68.475615,68.475615,325.63096412018444,-0.0490524445689183,0.2,1,1,0,0.0,0.0,0.0,0.0,0.0,0.0,0.0,0.0,15,0
20069,r0011,1,prefetch,7971.795941392447,67.050881,66.887864,66.887864,9290.226662708386,0.1653869129376695,0.2,1,1,0,0.0,0.0,0.0,0.0,0.0,0.0,0.0,0.0,389,0
20070,r0002,0,prefetch,3019.812094531004,52.535985,52.018099,52.018099,3085.8129274076855,0.021855940307084654,0.2,0,1,0,211.7530759974306,0.0,15.329736250557747,0.0,15.329736250557747,15.329736250557747,0.0,0.0,93,21
20070,r0001,0,prefetch,1750.385998914997,65.300554,0.0,0.0,1926.3266605293516,0.10051535017042768,0.2,1,1,1,0.0,0.0,0.0,0.0,0.0,0.0,0.0,0.0,84,0
20070,r0020,0,prefetch,0.0,0.0,64.909692,64.909692,0.0,-0.012228393695124795,0.2,1,0,0,0.0,0.0,0.0,0.0,0.0,0.0,0.0,0.0,0,0
20070,r0007,0,prefetch,1791.593383768668,52.459231,0.0,0.0,1493.93591813267,-0.16614119494562274,0.2,1,1,1,3280.5371724051133,1739.1341527686673,83.48104699706903,83.48104699706903,0.0,0.0,1541.403019636446,191.1271682152177,50,25
20070,r0007,1,prefetch,4566.907806277981,65.427653,65.210717,65.210717,4513.9052369039655,-0.011605789217192936,0.2,1,1,0,0.0,0.0,0.0,0.0,0.0,0.0,0.0,0.0,222,0
20070,r0012,0,prefetch,2242.166574885483,52.193823,0.0,0.0,2014.4302403777222,-0.10156976607297447,0.2,1,1,1,3078.5952501800175,2189.9727518854816,105.0359458998978,105.0359458998978,0.0,0.0,888.622498294536,230.3099292439676,63,25
20070,r0012,1,prefetch,5908.162309644831,0.0,64.877796,64.877796,6411.695477074473,0.08522669842831582,0.2,1,0,0,0.0,0.0,0.0,0.0,0.0,0.0,0.0,0.0,0,0
20070,r0009,0,prefetch,2881.344233979631,52.487809,0.0,0.0,2755.9795745674883,-0.04350908785341234,0.2,1,1,1,1128.0788706068174,1128.0788706068174,134.490234375,134.490234375,0.0,0.0,0.0,111.27875641306802,81,21
20070,r0009,1,prefetch,4066.2867400098003,51.379091,51.803287,51.803287,4162.80904140285,0.023737209784870428,0.2,1,1,0,0.0,0.0,0.0,0.0,0.0,0.0,0.0,0.0,157,0
20070,r0023,0,prefetch,1972.8381191786539,51.184889,0.0,0.0,1911.2835970587726,-0.031200999981441935,0.2,1,1,1,1142.1543479178297,1142.1543479178297,148.974609375,148.974609375,0.0,0.0,0.0,104.63684077097382,64,25
20070,r0023,1,prefetch,7120.615078091883,0.0,63.677404,63.677404,8402.129052657501,0.17997237043587339,0.2,1,0,0,0.0,0.0,0.0,0.0,0.0,0.0,0.0,0.0,0,0
20070,r0018,0,prefetch,1234.1444150354946,65.471847,65.134778,65.134778,1454.3469823202006,0.17842528362320798,0.2,1,1,0,0.0,0.0,0.0,0.0,0.0,0.0,0.0,0.0,54,0
20070,r0018,1,prefetch,7507.7940308373,101.807562,64.502144,64.502144,6732.580793532546,-0.10325446251197956,0.2,1,1,0,0.0,0.0,0.0,0.0,0.0,0.0,0.0,0.0,355,0
20070,r0005,0,prefetch,6304.348570937967,64.729454,64.799228,64.799228,7474.383688371119,0.18559175532057753,0.2,0,1,0,0.0,0.0,0.0,0.0,0.0,0.0,0.0,0.0,300,0
20071,r0008,0,prefetch,3901.4559969844922,62.482147,0.0,0.0,4178.378708927884,0.070979324682229,0.2,1,1,1,0.0,0.0,0.0,0.0,0.0,0.0,0.0,0.0,201,0
20071,r0012,0,prefetch,590.6155461242888,64.46637,63.609231,63.609231,624.2596742967784,0.05696451506105388,0.2,0,1,0,0.0,0.0,0.0,0.0,0.0,0.0,0.0,0.0,28,0
20071,r0006,0,prefetch,244.64889789079461,64.800667,63.694125,63.694125,232.91281459937946,-0.0479711267559188,0.2,0,1,0,0.0,0.0,0.0,0.0,0.0,0.0,0.0,0.0,11,0
20071,r0009,0,prefetch,3433.197627701349,62.718944,62.463055,62.463055,3426.9143181532345,-0.0018301624984873865,0.2,1,1,0,0.0,0.0,0.0,0.0,0.0,0.0,0.0,0.0,166,0
20072,r0009,0,prefetch,5708.105752457019,62.944682,0.0,0.0,5438.603731731124,-0.04721391516089013,0.2,1,1,1,0.0,0.0,0.0,0.0,0.0,0.0,0.0,0.0,301,0
20072,r0003,0,prefetch,270.7224033460989,64.381419,64.383146,64.383146,227.14362383885046,-0.16097219501829008,0.2,1,1,0,0.0,0.0,0.0,0.0,0.0,0.0,0.0,0.0,14,0
20072,r0015,0,prefetch,4658.875744858222,64.854168,64.723378,64.723378,4151.872477671741,-0.10882523916763312,0.2,1,1,0,0.0,0.0,0.0,0.0,0.0,0.0,0.0,0.0,237,0
20072,r0015,1,prefetch,3485.5595241994124,64.327808,64.393456,64.393456,3832.504878105445,0.09953792253360577,0.2,1,1,0,0.0,0.0,0.0,0.0,0.0,0.0,0.0,0.0,161,0
20072,r0004,0,prefetch,3034.764205850235,64.360456,0.0,0.0,2870.4051322710643,-0.05415876240477907,0.2,1,1,1,0.0,0.0,0.0,0.0,0.0,0.0,0.0,0.0,143,0
20072,r0005,0,prefetch,0.0,0.0,64.930755,64.930755,0.0,-0.065211701617479,0.2,1,0,0,0.0,0.0,0.0,0.0,0.0,0.0,0.0,0.0,0,0
20072,r0005,1,prefetch,5649.185173388894,64.087973,64.248187,64.248187,5992.4663633863365,0.06076649631074316,0.2,1,1,0,0.0,0.0,0.0,0.0,0.0,0.0,0.0,0.0,253,0
20072,r0007,0,prefetch,0.0,0.0,64.867384,64.867384,0.0,0.0612206102341164,0.2,1,0,0,0.0,0.0,0.0,0.0,0.0,0.0,0.0,0.0,0,0
20072,r0007,1,prefetch,2981.180415749448,64.053146,63.79216,63.79216,3167.066888327751,0.062353311995568206,0.2,1,1,0,0.0,0.0,0.0,0.0,0.0,0.0,0.0,0.0,133,0
20073,r0015,0,prefetch,8806.936954895387,64.198376,0.0,0.0,8003.181974253097,-0.09126385084379632,0.2,1,1,1,511.31257897059305,511.31257897059305,30.029296875,30.029296875,0.0,0.0,0.0,181.1839620435162,341,5
20073,r0014,0,prefetch,0.0,0.0,67.171017,67.171017,0.0,0.10083151386936284,0.2,1,0,0,0.0,0.0,0.0,0.0,0.0,0.0,0.0,0.0,0,0
20073,r0016,0,prefetch,1107.2962563164801,0.0,66.617671,66.617671,1216.7150718197038,0.09881620648408501,0.2,1,0,0,0.0,0.0,0.0,0.0,0.0,0.0,0.0,0.0,0,0
20073,r0013,0,prefetch,234.16775871223217,66.581501,66.387077,66.387077,244.41409233442806,0.04375638080384753,0.2,1,1,0,0.0,0.0,0.0,0.0,0.0,0.0,0.0,0.0,10,0
20073,r0000,0,prefetch,0.0,0.0,66.957565,66.957565,0.0,0.16602118824458034,0.2,0,0,0,0.0,0.0,0.0,0.0,0.0,0.0,0.0,0.0,0,0
20073,r0021,0,prefetch,2500.003404737752,66.996601,0.0,0.0,2130.250330682359,-0.14790102819647158,0.2,1,1,1,0.0,0.0,0.0,0.0,0.0,0.0,0.0,0.0,101,0
20074,r0019,0,prefetch,3787.5869162698573,58.614887,58.516424,58.516424,3748.6776774408586,-0.010272830614621975,0.2,1,1,0,0.0,0.0,0.0,0.0,0.0,0.0,0.0,0.0,128,0
20074,r0003,0,prefetch,570.358099267436,58.886629,58.883948,58.883948,672.6606243044276,0.17936542878656087,0.2,1,1,0,0.0,0.0,0.0,0.0,0.0,0.0,0.0,0.0,24,0
20074,r0006,0,prefetch,2770.46918803468,58.50085,0.0,0.0,3031.4435220913847,0.09419860548668846,0.2,1,1,1,0.0,0.0,0.0,0.0,0.0,0.0,0.0,0.0,97,0
20074,r0017,0,prefetch,4598.225071304398,48.186992,0.0,0.0,5098.243659585273,0.10874165151272874,0.2,1,1,1,71.70521511132183,0.0,0.0,0.0,0.0,0.0,71.70521511132183,45.976048991159146,127,3
20074,r0014,0,prefetch,1770.6490063670462,63.473478,62.927896,62.927896,1850.9541872203338,0.045353528883770616,0.2,1,1,0,0.0,0.0,0.0,0.0,0.0,0.0,0.0,0.0,72,0
20074,r0023,0,prefetch,879.4780453327876,62.81695,62.873002,62.873002,1042.4792824180847,0.1853386084511281,0.2,0,1,0,0.0,0.0,0.0,0.0,0.0,0.0,0.0,0.0,35,0
20074,r0023,1,prefetch,7948.967731445951,62.551348,63.527514,63.527514,8027.6860179908535,0.00990295711397765,0.2,0,1,0,0.0,0.0,0.0,0.0,0.0,0.0,0.0,0.0,339,0
20075,r0020,0,prefetch,4979.154737243518,47.92162,47.999305,47.999305,5675.217939306815,0.13979545501103302,0.2,0,1,0,657.2241229644453,0.0,0.0,0.0,0.0,0.0,0.0,0.0,168,6
20075,r0007,0,prefetch,0.0,0.0,59.424326,59.424326,0.0,-0.13969279878978594,0.2,1,0,0,0.0,0.0,0.0,0.0,0.0,0.0,0.0,0.0,0,0
20075,r0023,0,prefetch,927.0955152807,58.776782,0.0,0.0,961.3481331509241,0.03694615851944155,0.2,1,1,1,0.0,0.0,0.0,0.0,0.0,0.0,0.0,0.0,40,0
20075,r0002,0,prefetch,0.0,0.0,41.982193,41.982193,0.0,-0.08711581849369186,0.2,1,0,0,0.0,0.0,0.0,0.0,0.0,0.0,0.0,0.0,0,0
20075,r0015,0,prefetch,0.0,0.0,41.899678,41.899678,0.0,-0.04479368870028583,0.2,1,0,0,0.0,0.0,0.0,0.0,0.0,0.0,0.0,0.0,0,0
20075,r0021,0,prefetch,2475.6845684924956,41.519307,0.0,0.0,2819.143053771141,0.13873273261455327,0.2,1,1,1,216.23215024651924,0.0,0.0,0.0,0.0,0.0,216.23215024651924,69.0844589937548,81,4
20075,r0004,0,prefetch,31.689161245467403,41.418724,41.522498,41.522498,26.616567770195783,-0.16007345337981038,0.2,1,0,0,0.0,0.0,0.0,0.0,0.0,0.0,0.0,0.0,0,0
20075,r0003,0,prefetch,86.74592221387138,42.095086,0.0,0.0,82.16684256208589,-0.05278726117518015,0.2,1,1,1,954.6083481188786,44.65083621387021,2.5997930760489285,2.5997930760489285,0.0,0.0,909.9575119050083,22.843857333635363,2,9
20075,r0003,1,prefetch,4872.881763213598,0.0,42.188884,42.188884,4955.67607464645,0.01699083118697517,0.2,1,0,0,0.0,0.0,0.0,0.0,0.0,0.0,0.0,0.0,0,0
20076,r0020,0,prefetch,5858.543775160411,64.350456,64.42486,64.42486,4787.147207105943,-0.18287762440165986,0.2,0,1,0,0.0,0.0,0.0,0.0,0.0,0.0,0.0,0.0,296,0
20076,r0004,0,prefetch,496.3309939178471,65.914634,0.0,0.0,564.4632825939764,0.13727188007808883,0.2,1,1,1,0.0,0.0,0.0,0.0,0.0,0.0,0.0,0.0,22,0
20076,r0011,0,prefetch,1690.6628459379062,65.43805,0.0,0.0,1687.7466733653969,-0.0017248693786084401,0.2,1,1,1,2276.633149006797,1625.2247959379056,99.31745034701946,99.31745034701946,0.0,0.0,651.4083530688913,271.81838711157314,85,28
20076,r0011,1,prefetch,4034.8955894077044,0.0,64.795335,64.795335,4588.472139807282,0.1371972429355573,0.2,1,0,0,0.0,0.0,0.0,0.0,0.0,0.0,0.0,0.0,0,0
20076,r0000,0,prefetch,0.0,0.0,65.338398,65.338398,0.0,-0.17120896050229883,0.2,1,0,0,0.0,0.0,0.0,0.0,0.0,0.0,0.0,0.0,0,0
20076,r0015,0,prefetch,5257.727467156852,65.933409,65.454632,65.454632,5654.571587727353,0.07547825996106583,0.2,1,1,0,0.0,0.0,0.0,0.0,0.0,0.0,0.0,0.0,218,0
20076,r0015,1,prefetch,3398.7710859682593,65.546125,65.455167,65.455167,2744.022894248787,-0.1926426273374466,0.2,1,1,0,0.0,0.0,0.0,0.0,0.0,0.0,0.0,0.0,160,0
20076,r0005,0,prefetch,7037.433528186688,65.553346,65.490291,65.490291,7834.723787374277,0.11329275878688455,0.2,1,1,0,0.0,0.0,0.0,0.0,0.0,0.0,0.0,0.0,335,0
20077,r0017,0,prefetch,3138.342474647557,58.604107,0.0,0.0,3765.7258515867015,0.19990915013492944,0.2,1,1,1,2447.7545682507152,1820.3711913115712,105.63597004157863,105.63597004157863,0.0,0.0,627.383376939144,170.2493500972295,59,23
20077,r0006,0,prefetch,4963.786334442226,60.147898,0.0,0.0,4649.041374946213,-0.06340824086485997,0.2,1,1,1,101.14838987168427,101.14838987168427,4.6875,4.6875,0.0,0.0,0.0,33.24104308807589,92,2
20077,r0004,0,prefetch,282.3987020511522,60.000876,0.0,0.0,265.07062070179256,-0.06136034345590202,0.2,1,1,1,224.8070508303337,222.39782605115397,11.24536698906215,11.24536698906215,0.0,0.0,2.4092247791797377,17.452295968714953,5,2
20077,r0022,0,prefetch,4945.087386099465,59.70841,59.625686,59.625686,5843.508799922804,0.18167958292279768,0.2,0,1,0,177.88657019445907,0.0,0.0,0.0,0.0,0.0,0.0,0.0,89,2
20077,r0009,0,prefetch,0.0,0.0,59.700618,59.700618,0.0,0.19941937091685075,0.2,1,0,0,0.0,0.0,0.0,0.0,0.0,0.0,0.0,0.0,0,0
20077,r0019,0,prefetch,0.0,0.0,61.702251,61.702251,0.0,-0.11333247974052561,0.2,1,0,0,0.0,0.0,0.0,0.0,0.0,0.0,0.0,0.0,0,0
20077,r0011,0,prefetch,0.0,0.0,63.475819,63.475819,0.0,0.18636007561921736,0.2,1,0,0,0.0,0.0,0.0,0.0,0.0,0.0,0.0,0.0,0,0
20077,r0011,1,prefetch,2905.333980767078,62.56456,61.679663,61.679663,2398.944384606585,-0.174296517891824,0.2,1,1,0,0.0,0.0,0.0,0.0,0.0,0.0,0.0,0.0,147,0
20077,r0011,2,prefetch,3770.257239138664,61.210013,61.128078,61.128078,3226.01813589848,-0.14435065533207966,0.2,1,1,0,0.0,0.0,0.0,0.0,0.0,0.0,0.0,0.0,176,0
20077,r0011,3,prefetch,4469.096658484465,0.0,61.457308,61.457308,5031.832100848245,0.12591704439765072,0.2,1,0,0,0.0,0.0,0.0,0.0,0.0,0.0,0.0,0.0,0,0
20077,r0007,0,prefetch,0.0,0.0,61.843292,61.843292,0.0,0.12403117278948372,0.2,0,0,0,0.0,0.0,0.0,0.0,0.0,0.0,0.0,0.0,0,0
20077,r0007,1,prefetch,7579.681479043567,61.262896,61.076674,61.076674,7784.865834311262,0.02707031368468349,0.2,1,1,0,0.0,0.0,0.0,0.0,0.0,0.0,0.0,0.0,344,0
20077,r0020,0,prefetch,5542.5102465279815,61.391294,60.680055,60.680055,5049.259401220044,-0.08899412420877831,0.2,1,1,0,0.0,0.0,0.0,0.0,0.0,0.0,0.0,0.0,258,0
20078,r0013,0,prefetch,3916.370250264838,58.410904,59.666088,59.666088,3374.4662566497777,-0.13836893832456598,0.2,1,1,0,0.0,0.0,0.0,0.0,0.0,0.0,0.0,0.0,167,0
20078,r0008,0,prefetch,0.0,0.0,43.119016,43.119016,0.0,0.11498668694087422,0.2,1,0,0,0.0,0.0,0.0,0.0,0.0,0.0,0.0,0.0,0,0
20078,r0002,0,prefetch,1213.3291479994223,43.303538,0.0,0.0,1304.266829386672,0.07494889703852481,0.2,1,1,1,208.73992424903892,117.80224286178964,6.249728274959316,6.249728274959316,0.0,0.0,90.93768138724928,31.528719910071363,15,5
20078,r0021,0,prefetch,1512.5807297099873,43.127611,0.0,0.0,1250.7209168283284,-0.17312121445039588,0.2,1,1,1,1415.3743943499167,1415.3743943499167,52.828125,52.828125,0.0,0.0,0.0,128.11041830312922,19,23
20078,r0011,0,prefetch,248.20352792135054,60.382743,60.084581,60.084581,202.77002396224057,-0.18304938829679607,0.2,1,1,0,0.0,0.0,0.0,0.0,0.0,0.0,0.0,0.0,10,0
20078,r0016,0,prefetch,4201.0208399018775,42.312058,0.0,0.0,4810.260341977559,0.14502177572866093,0.2,1,1,1,216.0463700990653,0.0,0.0,0.0,0.0,0.0,216.0463700990653,54.59340393433014,55,5
20078,r0020,0,prefetch,0.0,0.0,43.683666,43.683666,0.0,0.0727528455553802,0.2,1,0,0,0.0,0.0,0.0,0.0,0.0,0.0,0.0,0.0,0,0
20078,r0020,1,prefetch,1800.575381702387,60.067086,60.235779,60.235779,1592.354483080412,-0.11564131151516062,0.2,1,1,0,0.0,0.0,0.0,0.0,0.0,0.0,0.0,0.0,85,0
20078,r0009,0,prefetch,1407.5609985714436,43.286574,0.0,0.0,1667.0786817825208,0.18437402249313933,0.2,1,1,1,1491.0706207584603,1231.5529375473816,46.08232071771366,46.08232071771366,0.0,0.0,259.51768321107875,124.61840107155649,18,23
20078,r0010,0,prefetch,8335.519884438727,43.36552,0.0,0.0,9235.54514554158,0.1079747002683153,0.2,1,1,1,285.2511937239028,0.0,0.0,0.0,0.0,0.0,285.2511937239028,441.6456637309213,109,23
20078,r0003,0,prefetch,696.8122576035166,60.67248,60.199003,60.199003,667.3800994621781,-0.04223828989828887,0.2,0,1,0,0.0,0.0,0.0,0.0,0.0,0.0,0.0,0.0,28,0
20078,r0005,0,prefetch,712.9794540881703,99.047061,0.0,0.0,640.3144800005649,-0.10191734652513458,0.2,1,1,1,0.0,0.0,0.0,0.0,0.0,0.0,0.0,0.0,32,0
20079,r0010,0,prefetch,1676.663874406635,61.863182,0.0,0.0,1702.0756868539931,0.015156175805571881,0.2,1,1,1,3226.528888538919,1614.8006924066349,89.17077052661199,89.17077052661199,0.0,0.0,1611.7281961322842,293.9183799229625,73,28
20079,r0010,1,prefetch,5491.693799798317,55.636478,55.506124,55.506124,5768.984321741857,0.05049271355109475,0.2,1,1,0,0.0,0.0,0.0,0.0,0.0,0.0,0.0,0.0,414,0
20079,r0022,0,prefetch,2869.02181234853,61.87022,0.0,0.0,3404.707896501769,0.18671384157750126,0.2,1,1,1,0.0,0.0,0.0,0.0,0.0,0.0,0.0,0.0,126,0
20079,r0013,0,prefetch,245.07533827691077,62.190368,61.64718,61.64718,236.78579733830057,-0.033824459845257226,0.2,1,1,0,0.0,0.0,0.0,0.0,0.0,0.0,0.0,0.0,11,0
20079,r0020,0,prefetch,1539.1191435819492,61.997017,60.233617,60.233617,1824.602176802467,0.1854846874012112,0.2,0,1,0,0.0,0.0,0.0,0.0,0.0,0.0,0.0,0.0,68,0
20080,r0020,0,prefetch,7715.5994823783985,59.919016,0.0,0.0,7738.753374548625,0.00300091940012015,0.2,1,1,1,0.0,0.0,0.0,0.0,0.0,0.0,0.0,0.0,351,0
20080,r0014,0,prefetch,1579.310138461131,61.329067,61.285893,61.285893,1355.5815350575647,-0.14166223463971805,0.2,0,1,0,3484.0773561825285,0.0,71.69499276528552,0.0,71.69499276528552,71.69499276528552,0.0,0.0,68,28
20080,r0014,1,prefetch,0.0,0.0,54.290214,54.290214,0.0,0.04976671694021606,0.2,1,0,0,0.0,0.0,0.0,0.0,0.0,0.0,0.0,0.0,0,0
20080,r0014,2,prefetch,7898.664210032592,54.305101,54.257801,54.257801,6901.745436313605,-0.12621359095791623,0.2,1,1,0,0.0,0.0,0.0,0.0,0.0,0.0,0.0,0.0,490,0
20080,r0018,0,prefetch,0.0,0.0,61.83232,61.83232,0.0,-0.09436447061316824,0.2,1,0,0,0.0,0.0,0.0,0.0,0.0,0.0,0.0,0.0,0,0
20080,r0018,1,prefetch,4451.598984557855,61.123017,61.141072,61.141072,4403.642755998402,-0.01077280966363059,0.2,0,1,0,0.0,0.0,0.0,0.0,0.0,0.0,0.0,0.0,193,0
20080,r0018,2,prefetch,4068.772598391588,61.456411,61.215025,61.215025,4031.8827693600642,-0.009066574289776336,0.2,1,1,0,0.0,0.0,0.0,0.0,0.0,0.0,0.0,0.0,159,0
20080,r0000,0,prefetch,2591.2202090426726,61.340002,61.431504,61.431504,2164.2313853114974,-0.1647829166510423,0.2,1,1,0,0.0,0.0,0.0,0.0,0.0,0.0,0.0,0.0,97,0
20080,r0000,1,prefetch,3565.8562185016235,61.085203,61.239868,61.239868,3595.665786863932,0.0083597224721626,0.2,1,1,0,0.0,0.0,0.0,0.0,0.0,0.0,0.0,0.0,156,0
20080,r0005,0,prefetch,315.16318403318655,61.181791,0.0,0.0,300.764050828442,-0.04568786563353272,0.2,1,1,1,0.0,0.0,0.0,0.0,0.0,0.0,0.0,0.0,11,0
20080,r0001,0,prefetch,418.00357230003283,61.026302,61.186058,61.186058,399.86386601594967,-0.04339605564677554,0.2,0,1,0,0.0,0.0,0.0,0.0,0.0,0.0,0.0,0.0,16,0
20080,r0021,0,prefetch,494.56460904002597,60.700894,0.0,0.0,415.965518572163,-0.1589258289638389,0.2,1,1,1,761.125621723575,433.86371504002454,18.704078201326244,18.704078201326244,0.0,0.0,327.2619066835505,147.1498552533662,20,28
20080,r0011,0,prefetch,0.0,0.0,60.331736,60.331736,0.0,-0.061084632036199515,0.2,1,0,0,0.0,0.0,0.0,0.0,0.0,0.0,0.0,0.0,0,0
20080,r0013,0,prefetch,1383.91302783824,61.131064,61.169126,61.169126,1133.4591599704931,-0.18097515004896778,0.2,1,1,0,0.0,0.0,0.0,0.0,0.0,0.0,0.0,0.0,54,0
20081,r0012,0,prefetch,2465.090231709557,68.868179,0.0,0.0,2081.2425791036976,-0.1557134289318321,0.2,1,1,1,2859.9235338148355,2396.222052709557,153.95719395268577,153.95719395268577,0.0,0.0,463.7014811052786,246.93377139830878,82,28
20081,r0010,0,prefetch,1168.3244718683854,71.010243,69.718861,69.718861,1224.3837661580553,0.04798264150028447,0.2,0,1,0,3222.419223398631,0.0,70.61636690820828,0.0,70.61636690820828,70.61636690820828,0.0,0.0,37,28
20081,r0010,1,prefetch,1998.4174618307406,67.794631,67.928291,67.928291,1795.644585722582,-0.10146672553711547,0.2,1,1,0,0.0,0.0,0.0,0.0,0.0,0.0,0.0,0.0,133,0
20081,r0010,2,prefetch,4867.434224162331,67.470103,67.508777,67.508777,4047.4136094230034,-0.16847081582914455,0.2,1,1,0,0.0,0.0,0.0,0.0,0.0,0.0,0.0,0.0,258,0
20081,r0005,0,prefetch,6873.28307454475,69.851071,70.199665,70.199665,7637.958128507298,0.1112532461807848,0.2,1,1,0,0.0,0.0,0.0,0.0,0.0,0.0,0.0,0.0,229,0
20081,r0017,0,prefetch,1002.0278724153468,69.986841,69.721734,69.721734,915.6882868856126,-0.0861648541987322,0.2,1,1,0,0.0,0.0,0.0,0.0,0.0,0.0,0.0,0.0,33,0
20081,r0016,0,prefetch,783.7714112908288,70.317301,0.0,0.0,848.1925915507194,0.08219383781017531,0.2,1,1,1,2925.649491570063,713.4541102908261,41.60891724013172,41.60891724013172,0.0,0.0,2212.195381279237,119.66934304417651,25,28
20081,r0016,1,prefetch,5490.339104056897,43.653843,43.761284,43.761284,5608.715879430782,0.02156092240029661,0.2,1,1,0,0.0,0.0,0.0,0.0,0.0,0.0,0.0,0.0,351,0
20082,r0014,0,prefetch,3764.5586962206344,0.0,57.029347,57.029347,4209.778381172591,0.11826610258432874,0.2,0,0,0,0.0,0.0,0.0,0.0,0.0,0.0,0.0,0.0,0,0
20082,r0021,0,prefetch,1938.4527570891933,56.935457,56.813667,56.813667,1690.7364890698325,-0.12779071716523788,0.2,0,1,0,0.0,0.0,0.0,0.0,0.0,0.0,0.0,0.0,68,0
20082,r0012,0,prefetch,1195.1233309011768,56.191272,55.854649,55.854649,1087.4029823123235,-0.09013324884857471,0.2,0,1,0,0.0,0.0,0.0,0.0,0.0,0.0,0.0,0.0,43,0
20082,r0000,0,prefetch,4088.72934136762,56.345437,0.0,0.0,4820.563089414846,0.17898806375929965,0.2,1,1,1,0.0,0.0,0.0,0.0,0.0,0.0,0.0,0.0,144,0
20082,r0000,1,prefetch,4837.525407857378,55.131786,55.685853,55.685853,4105.568586105096,-0.15130810901032105,0.2,1,1,0,0.0,0.0,0.0,0.0,0.0,0.0,0.0,0.0,182,0
20083,r0019,0,prefetch,4654.130262518494,63.686275,0.0,0.0,5391.068144349782,0.15834062225677975,0.2,1,1,1,0.0,0.0,0.0,0.0,0.0,0.0,0.0,0.0,169,0
20083,r0006,0,prefetch,2056.90949294428,63.844777,0.0,0.0,2343.399586610815,0.13928181801351425,0.2,1,1,1,3419.0522675164216,1993.0647159442815,105.10483100530254,105.10483100530254,0.0,0.0,1425.98755157214,280.02231068803076,74,28
20084,r0009,0,prefetch,3156.2677609508737,45.9158,0.0,0.0,2770.569224201028,-0.1222008289416003,0.2,1,1,1,770.3642343135075,770.3642343135075,52.541015625,52.541015625,0.0,0.0,0.0,117.63057987532726,59,21
20084,r0004,0,prefetch,445.2777329421915,58.517116,0.0,0.0,394.1227224113253,-0.11488337894836397,0.2,1,1,1,0.0,0.0,0.0,0.0,0.0,0.0,0.0,0.0,20,0
20084,r0019,0,prefetch,0.0,0.0,58.113591,58.113591,0.0,0.06707910627063374,0.2,1,0,0,0.0,0.0,0.0,0.0,0.0,0.0,0.0,0.0,0,0
20084,r0019,1,prefetch,601.9831763886759,58.497115,58.347454,58.347454,633.6064391415732,0.05253180486306397,0.2,1,1,0,0.0,0.0,0.0,0.0,0.0,0.0,0.0,0.0,29,0
20084,r0003,0,prefetch,0.0,0.0,58.532004,58.532004,0.0,-0.16041800998845088,0.2,1,0,0,0.0,0.0,0.0,0.0,0.0,0.0,0.0,0.0,0,0
20084,r0007,0,prefetch,6921.621289433606,57.54824,57.180107,57.180107,7027.192685404206,0.015252408584064403,0.2,1,1,0,0.0,0.0,0.0,0.0,0.0,0.0,0.0,0.0,332,0
20084,r0018,0,prefetch,5408.453340118933,46.823366,0.0,0.0,5757.525486032742,0.06454195385665151,0.2,1,1,1,82.68623967560647,0.0,0.0,0.0,0.0,0.0,82.68623967560647,33.70606473808236,99,1
20084,r0006,0,prefetch,1386.1557066971873,46.371754,88.285772,88.285772,1640.9636769689582,0.1838234832065912,0.2,0,1,0,841.3135445785271,0.0,40.059150223506535,0.0,40.059150223506535,40.059150223506535,0.0,0.0,25,21
20084,r0010,0,prefetch,0.0,0.0,57.117015,57.117015,0.0,0.10093459905620922,0.2,1,0,0,0.0,0.0,0.0,0.0,0.0,0.0,0.0,0.0,0,0
20085,r0008,0,prefetch,3971.148310884585,43.476235,0.0,0.0,3379.1282559514057,-0.14908031848382547,0.2,1,1,1,0.0,0.0,0.0,0.0,0.0,0.0,0.0,0.0,292,0
20085,r0014,0,prefetch,3610.1591938372403,45.000006,44.633278,44.633278,3167.0130883503875,-0.12274974085445588,0.2,1,1,0,0.0,0.0,0.0,0.0,0.0,0.0,0.0,0.0,249,0
20085,r0023,0,prefetch,590.8698321983829,45.21717,45.026975,45.026975,589.3150833269201,-0.0026312882918361757,0.2,1,1,0,0.0,0.0,0.0,0.0,0.0,0.0,0.0,0.0,43,0
20085,r0020,0,prefetch,3106.0558112328035,44.023164,0.0,0.0,2568.8690900708816,-0.1729481869640683,0.2,1,1,1,0.0,0.0,0.0,0.0,0.0,0.0,0.0,0.0,261,0
20086,r0001,0,prefetch,0.0,0.0,60.190817,60.190817,0.0,0.15234020591878844,0.2,1,0,0,0.0,0.0,0.0,0.0,0.0,0.0,0.0,0.0,0,0
20086,r0021,0,prefetch,6547.529860608556,59.876225,0.0,0.0,7380.897682977223,0.12727972840298118,0.2,1,1,1,0.0,0.0,0.0,0.0,0.0,0.0,0.0,0.0,257,0
20087,r0006,0,prefetch,135.8750966536736,64.09535,0.0,0.0,110.92403132897863,-0.18363236486441448,0.2,1,1,1,0.0,0.0,0.0,0.0,0.0,0.0,0.0,0.0,6,0
20087,r0023,0,prefetch,5189.05927200443,64.427624,63.966527,63.966527,4699.899388771554,-0.09426754592531816,0.2,1,1,0,0.0,0.0,0.0,0.0,0.0,0.0,0.0,0.0,228,0
20087,r0002,0,prefetch,1260.9373692732843,64.201463,64.311352,64.311352,1363.8742692169587,0.08163522031470927,0.2,1,1,0,0.0,0.0,0.0,0.0,0.0,0.0,0.0,0.0,57,0
20087,r0002,1,prefetch,7652.456545335113,64.576071,64.143781,64.143781,7372.930640635795,-0.03652760431154839,0.2,1,1,0,0.0,0.0,0.0,0.0,0.0,0.0,0.0,0.0,336,0
20087,r0008,0,prefetch,1092.928171727548,64.329371,64.116646,64.116646,900.4514509139561,-0.1761110435183967,0.2,1,1,0,0.0,0.0,0.0,0.0,0.0,0.0,0.0,0.0,50,0
20087,r0011,0,prefetch,4540.8394270781355,64.004306,64.023638,64.023638,4924.833750194397,0.08456461173817553,0.2,1,1,0,0.0,0.0,0.0,0.0,0.0,0.0,0.0,0.0,199,0
20087,r0011,1,prefetch,4560.709993101173,64.391277,64.107198,64.107198,3669.971386155981,-0.19530700445601254,0.2,1,1,0,0.0,0.0,0.0,0.0,0.0,0.0,0.0,0.0,207,0
20088,r0012,0,prefetch,3173.984128358299,62.645624,0.0,0.0,2883.9481623505867,-0.09137914818677109,0.2,1,1,1,0.0,0.0,0.0,0.0,0.0,0.0,0.0,0.0,134,0
20088,r0005,0,prefetch,4293.665704147402,56.867948,0.0,0.0,3452.749556813981,-0.19585040039823093,0.2,1,1,1,0.0,0.0,0.0,0.0,0.0,0.0,0.0,0.0,301,0
20088,r0001,0,prefetch,1195.3381167938733,57.130986,0.0,0.0,1289.650518771757,0.07890018786554542,0.2,1,1,1,0.0,0.0,0.0,0.0,0.0,0.0,0.0,0.0,71,0
20088,r0016,0,prefetch,3608.312884127128,56.574809,0.0,0.0,3291.41884903635,-0.08782332499068657,0.2,1,1,1,0.0,0.0,0.0,0.0,0.0,0.0,0.0,0.0,252,0
20088,r0003,0,prefetch,1899.697988338492,56.491554,0.0,0.0,1689.966203284235,-0.1104026989246285,0.2,1,1,1,0.0,0.0,0.0,0.0,0.0,0.0,0.0,0.0,133,0
20088,r0022,0,prefetch,0.0,0.0,64.24515,64.24515,0.0,0.04059553751774861,0.2,1,0,0,0.0,0.0,0.0,0.0,0.0,0.0,0.0,0.0,0,0
20088,r0022,1,prefetch,3942.5119655400485,57.698937,57.456067,57.456067,3853.537248860815,-0.0225680270489797,0.2,1,1,0,0.0,0.0,0.0,0.0,0.0,0.0,0.0,0.0,201,0
20089,r0017,0,prefetch,0.0,0.0,65.693007,65.693007,0.0,-0.09628390378046654,0.2,1,0,0,0.0,0.0,0.0,0.0,0.0,0.0,0.0,0.0,0,0
20089,r0003,0,prefetch,3009.552914937729,64.931854,0.0,0.0,3566.2752023749417,0.1849850470061371,0.2,1,1,1,0.0,0.0,0.0,0.0,0.0,0.0,0.0,0.0,148,0
20089,r0000,0,prefetch,910.3259076639551,65.881523,65.625898,65.625898,840.4344794057037,-0.0767762706409227,0.2,1,1,0,0.0,0.0,0.0,0.0,0.0,0.0,0.0,0.0,46,0
20089,r0010,0,prefetch,2397.741780663826,65.869881,65.983062,65.983062,2273.5157044658386,-0.05180961402924497,0.2,1,1,0,0.0,0.0,0.0,0.0,0.0,0.0,0.0,0.0,123,0
20089,r0010,1,prefetch,5775.47601961554,0.0,65.518195,65.518195,6753.03571599479,0.1692604545597824,0.2,1,0,0,0.0,0.0,0.0,0.0,0.0,0.0,0.0,0.0,0,0
20089,r0013,0,prefetch,2720.082877542758,64.213193,63.97367,63.97367,3123.72133951721,0.1483919719163435,0.2,1,1,0,0.0,0.0,0.0,0.0,0.0,0.0,0.0,0.0,142,0
20089,r0020,0,prefetch,231.36409455223475,55.387414,0.0,0.0,212.97279943715554,-0.07949070555080025,0.2,1,1,1,368.2431126520969,175.97668055223767,24.455974326805002,24.455974326805002,0.0,0.0,192.26643209985923,19.199359906402805,7,22
20090,r0014,0,prefetch,4745.779419554852,54.087089,0.0,0.0,3931.866879078514,-0.17150239581777316,0.2,1,1,1,0.0,0.0,0.0,0.0,0.0,0.0,0.0,0.0,128,0
20090,r0014,1,prefetch,3727.2004297659314,53.866989,53.880777,53.880777,4333.195169581529,0.16258710826926315,0.2,0,1,0,0.0,0.0,0.0,0.0,0.0,0.0,0.0,0.0,96,0
20090,r0020,0,prefetch,419.05493196434327,54.890369,0.0,0.0,493.28733622370066,0.17714241880268272,0.2,1,1,1,785.4301467163514,364.1645629643426,14.018163173906386,14.018163173906386,0.0,0.0,421.26558375200875,79.43709522003853,10,24
20090,r0010,0,prefetch,910.873322218773,58.981839,58.539244,58.539244,771.9294415159648,-0.1525391921286688,0.2,1,1,0,0.0,0.0,0.0,0.0,0.0,0.0,0.0,0.0,32,0
20090,r0010,1,prefetch,8304.926177190555,58.690661,58.85419,58.85419,7858.4809481253305,-0.05375667640386547,0.2,1,1,0,0.0,0.0,0.0,0.0,0.0,0.0,0.0,0.0,322,0
20090,r0003,0,prefetch,1249.703592839076,58.610314,58.398634,58.398634,1120.2437687850918,-0.10359242367214248,0.2,1,1,0,0.0,0.0,0.0,0.0,0.0,0.0,0.0,0.0,54,0
20090,r0003,1,prefetch,8539.47514416117,59.000429,58.940487,58.940487,8081.792216388347,-0.05359614262543544,0.2,1,1,0,0.0,0.0,0.0,0.0,0.0,0.0,0.0,0.0,326,0
20090,r0017,0,prefetch,0.0,0.0,59.007446,59.007446,0.0,-0.06989868317260159,0.2,1,0,0,0.0,0.0,0.0,0.0,0.0,0.0,0.0,0.0,0,0
20090,r0017,1,prefetch,3017.437260895429,58.69526,58.553012,58.553012,2448.015694653408,-0.18871032502364093,0.2,1,1,0,0.0,0.0,0.0,0.0,0.0,0.0,0.0,0.0,120,0
20090,r0023,0,prefetch,1056.2805954867654,58.99407,59.04125,59.04125,1229.194814015087,0.16370102723380786,0.2,1,1,0,0.0,0.0,0.0,0.0,0.0,0.0,0.0,0.0,40,0
20090,r0002,0,prefetch,1288.0373253296566,59.141437,58.964969,58.964969,1211.9682641954507,-0.05905811861060553,0.2,1,1,0,0.0,0.0,0.0,0.0,0.0,0.0,0.0,0.0,55,0
20090,r0002,1,prefetch,5682.918660819712,58.721789,58.6335,58.6335,5231.032588216264,-0.07951654767099328,0.2,1,1,0,0.0,0.0,0.0,0.0,0.0,0.0,0.0,0.0,226,0
20090,r0005,0,prefetch,191.28417098416685,59.157438,58.872119,58.872119,216.06561621140074,0.12955303671878377,0.2,0,1,0,0.0,0.0,0.0,0.0,0.0,0.0,0.0,0.0,8,0
20090,r0012,0,prefetch,4424.421834219618,55.556867,54.870185,54.870185,4126.937387643342,-0.06723690862282955,0.2,1,1,0,0.0,0.0,0.0,0.0,0.0,0.0,0.0,0.0,128,0
20090,r0012,1,prefetch,7448.71164579707,54.791086,54.853341,54.853341,7132.423138249016,-0.04246217635858135,0.2,1,1,0,0.0,0.0,0.0,0.0,0.0,0.0,0.0,0.0,221,0
20090,r0012,2,prefetch,4829.228395441882,54.87842,55.089682,55.089682,4849.206185486836,0.004136849287105615,0.2,0,1,0,0.0,0.0,0.0,0.0,0.0,0.0,0.0,0.0,121,0
20091,r0016,0,prefetch,5052.980555137401,54.980941,0.0,0.0,4863.717045669998,-0.03745581590947883,0.2,1,1,1,0.0,0.0,0.0,0.0,0.0,0.0,0.0,0.0,194,0
20091,r0009,0,prefetch,2431.146762869117,51.742157,0.0,0.0,2875.0183225997384,0.18257703175713935,0.2,1,1,1,244.31685871328045,0.0,0.0,0.0,0.0,0.0,244.31685871328045,51.933969820982114,57,5
20091,r0018,0,prefetch,0.0,0.0,58.616409,58.616409,0.0,-0.1734057100002688,0.2,1,0,0,0.0,0.0,0.0,0.0,0.0,0.0,0.0,0.0,0,0
20091,r0015,0,prefetch,1255.4153326143569,58.389595,58.778917,58.778917,1380.8420923320186,0.0999085772327355,0.2,0,1,0,0.0,0.0,0.0,0.0,0.0,0.0,0.0,0.0,49,0
20091,r0020,0,prefetch,0.0,0.0,58.948525,58.948525,0.0,-0.1281980964967208,0.2,0,0,0,0.0,0.0,0.0,0.0,0.0,0.0,0.0,0.0,0,0
20091,r0020,1,prefetch,4488.741597243163,58.556363,58.705199,58.705199,5102.640550294053,0.1367641553320706,0.2,0,1,0,0.0,0.0,0.0,0.0,0.0,0.0,0.0,0.0,162,0
20091,r0020,2,prefetch,3848.2036911869473,58.766715,58.975271,58.975271,4612.365829107006,0.19857632268014358,0.2,1,1,0,0.0,0.0,0.0,0.0,0.0,0.0,0.0,0.0,139,0
20091,r0010,0,prefetch,4117.865739537949,59.228449,59.071387,59.071387,4840.060355031392,0.17538080675123652,0.2,1,1,0,0.0,0.0,0.0,0.0,0.0,0.0,0.0,0.0,160,0
20091,r0000,0,prefetch,1530.6232545262683,58.728855,58.892106,58.892106,1734.7507781686409,0.133362356176635,0.2,0,1,0,0.0,0.0,0.0,0.0,0.0,0.0,0.0,0.0,60,0
20091,r0004,0,prefetch,0.0,0.0,56.201248,56.201248,0.0,-0.09971776479454056,0.2,1,0,0,0.0,0.0,0.0,0.0,0.0,0.0,0.0,0.0,0,0
20091,r0004,1,prefetch,99.04716674195515,52.920781,0.0,0.0,83.30816586786004,-0.1589040998527449,0.2,1,1,1,321.7400038251775,46.12638574195444,2.7595040230617207,2.7595040230617207,0.0,0.0,275.61361808322306,8.03679810230063,5,3
20091,r0004,2,prefetch,5182.756077877573,52.819098,52.181264,52.181264,5886.883280203602,0.13585960669296637,0.2,1,1,0,0.0,0.0,0.0,0.0,0.0,0.0,0.0,0.0,292,0
20091,r0019,0,prefetch,0.0,0.0,54.831817,54.831817,0.0,-0.14950069637963814,0.2,1,0,0,0.0,0.0,0.0,0.0,0.0,0.0,0.0,0.0,0,0
20092,r0003,0,prefetch,829.8233409448239,60.914287,61.004223,61.004223,749.2023214556895,-0.09715443698816745,0.2,1,1,0,0.0,0.0,0.0,0.0,0.0,0.0,0.0,0.0,36,0
20092,r0008,0,prefetch,0.0,0.0,60.763565,60.763565,0.0,-0.14085693260532228,0.2,0,0,0,0.0,0.0,0.0,0.0,0.0,0.0,0.0,0.0,0,0
20092,r0000,0,prefetch,8119.687613830696,57.535875,0.0,0.0,8530.81380561952,0.05063325232962568,0.2,1,1,1,233.90272206530994,0.0,0.0,0.0,0.0,0.0,233.90272206530994,481.5877981398055,141,23
20092,r0022,0,prefetch,1104.5306988001794,90.92438,59.573155,59.573155,1171.8563293664035,0.060954060072171745,0.2,1,1,0,0.0,0.0,0.0,0.0,0.0,0.0,0.0,0.0,49,0
20092,r0018,0,prefetch,0.0,0.0,59.737468,59.737468,0.0,0.1301635630157515,0.2,0,0,0,0.0,0.0,0.0,0.0,0.0,0.0,0.0,0.0,0,0
20092,r0017,0,prefetch,0.0,0.0,60.460345,60.460345,0.0,-0.11583378625819143,0.2,1,0,0,0.0,0.0,0.0,0.0,0.0,0.0,0.0,0.0,0,0
20092,r0006,0,prefetch,569.4636633576702,60.579017,0.0,0.0,571.1236281904944,0.002914961813431205,0.2,1,1,1,0.0,0.0,0.0,0.0,0.0,0.0,0.0,0.0,23,0
20092,r0006,1,prefetch,7972.257468276854,0.0,60.135735,60.135735,9400.64844952439,0.17917020203265877,0.2,1,0,0,0.0,0.0,0.0,0.0,0.0,0.0,0.0,0.0,0,0
20092,r0013,0,prefetch,2272.955849291684,59.89151,60.210315,60.210315,2456.488104081334,0.08074607117724864,0.2,1,1,0,0.0,0.0,0.0,0.0,0.0,0.0,0.0,0.0,94,0
20092,r0013,1,prefetch,3000.7495623947943,59.994205,60.621599,60.621599,2528.0484174759977,-0.15752768936223732,0.2,0,1,0,0.0,0.0,0.0,0.0,0.0,0.0,0.0,0.0,131,0
20092,r0021,0,prefetch,1456.3300389156611,60.293947,59.902318,59.902318,1552.9524702084111,0.06634652085092746,0.2,0,1,0,0.0,0.0,0.0,0.0,0.0,0.0,0.0,0.0,60,0
20092,r0021,1,prefetch,3408.7589552701647,60.102433,59.866875,59.866875,3629.0880652402557,0.0646361660830983,0.2,1,1,0,0.0,0.0,0.0,0.0,0.0,0.0,0.0,0.0,144,0
20093,r0004,0,prefetch,3934.866719730951,58.4342,58.236749,58.236749,3439.7482871720827,-0.12582851410853435,0.2,1,1,0,0.0,0.0,0.0,0.0,0.0,0.0,0.0,0.0,160,0
20093,r0004,1,prefetch,6476.690650599463,58.235962,58.127605,58.127605,6928.75706107273,0.06979898143373969,0.2,1,1,0,0.0,0.0,0.0,0.0,0.0,0.0,0.0,0.0,233,0
20093,r0003,0,prefetch,0.0,0.0,59.603795,59.603795,0.0,-0.06903696846960142,0.2,1,0,0,0.0,0.0,0.0,0.0,0.0,0.0,0.0,0.0,0,0
20093,r0000,0,prefetch,0.0,0.0,60.701508,60.701508,0.0,0.11329067850814745,0.2,1,0,0,0.0,0.0,0.0,0.0,0.0,0.0,0.0,0.0,0,0
20093,r0000,1,prefetch,3355.508330247758,59.236068,59.462118,59.462118,3488.9697920611093,0.03977384308966908,0.2,1,1,0,0.0,0.0,0.0,0.0,0.0,0.0,0.0,0.0,107,0
20093,r0000,2,prefetch,6891.996684378468,59.410487,59.186313,59.186313,6678.320202759514,-0.031003567094464307,0.2,1,1,0,0.0,0.0,0.0,0.0,0.0,0.0,0.0,0.0,235,0
20093,r0007,0,prefetch,0.0,0.0,59.234657,59.234657,0.0,0.07050187766046379,0.2,1,0,0,0.0,0.0,0.0,0.0,0.0,0.0,0.0,0.0,0,0
20093,r0018,0,prefetch,2596.135949950047,59.224577,59.348158,59.348158,2933.8013225778636,0.1300645956673856,0.2,1,1,0,0.0,0.0,0.0,0.0,0.0,0.0,0.0,0.0,99,0
20093,r0022,0,prefetch,0.0,0.0,58.298774,58.298774,0.0,0.14748225839821422,0.2,1,0,0,0.0,0.0,0.0,0.0,0.0,0.0,0.0,0.0,0,0
20094,r0019,0,prefetch,1995.5121246267129,56.850095,56.492937,56.492937,1997.345591844288,0.0009187953282509542,0.2,1,1,0,0.0,0.0,0.0,0.0,0.0,0.0,0.0,0.0,93,0
20094,r0019,1,prefetch,6831.799305146932,56.528432,56.314806,56.314806,7333.605500040014,0.07345154218962963,0.2,0,1,0,0.0,0.0,0.0,0.0,0.0,0.0,0.0,0.0,302,0
20094,r0001,0,prefetch,0.0,0.0,63.522798,63.522798,0.0,-0.12035675946411942,0.2,1,0,0,0.0,0.0,0.0,0.0,0.0,0.0,0.0,0.0,0,0
20094,r0014,0,prefetch,2756.734406921856,64.058679,0.0,0.0,3166.2998784967763,0.14856907163292427,0.2,1,1,1,18.788270757058836,0.0,0.0,0.0,0.0,0.0,18.788270757058836,7.025195415651647,90,1
20094,r0021,0,prefetch,2978.1063753437775,63.905081,63.45881,63.45881,2626.4279933692355,-0.11808791817718266,0.2,1,1,0,0.0,0.0,0.0,0.0,0.0,0.0,0.0,0.0,155,0
20094,r0017,0,prefetch,1615.5159911771698,64.951428,0.0,0.0,1307.2018464023156,-0.19084561617381232,0.2,1,1,1,0.0,0.0,0.0,0.0,0.0,0.0,0.0,0.0,82,0
20094,r0002,0,prefetch,0.0,0.0,64.927246,64.927246,0.0,-0.10730010721297925,0.2,1,0,0,0.0,0.0,0.0,0.0,0.0,0.0,0.0,0.0,0,0
20094,r0002,1,prefetch,2327.512533947396,64.924246,64.929823,64.929823,2559.5851658075003,0.09970843485277187,0.2,0,1,0,0.0,0.0,0.0,0.0,0.0,0.0,0.0,0.0,134,0
20094,r0006,0,prefetch,1860.2146445704857,63.877439,0.0,0.0,2155.965689135692,0.15898759072155028,0.2,1,1,1,18.314834288209628,0.0,0.0,0.0,0.0,0.0,18.314834288209628,5.786976958661417,56,1
20094,r0020,0,prefetch,316.465630442799,63.755144,0.0,0.0,306.1239960015957,-0.03267853898299569,0.2,1,1,1,106.33257122450499,106.33257122450499,4.7109375,4.7109375,0.0,0.0,0.0,20.065146617570413,10,2
20095,r0022,0,prefetch,2632.715012975064,60.522065,0.0,0.0,2796.2988561283405,0.06213503639667439,0.2,1,1,1,0.0,0.0,0.0,0.0,0.0,0.0,0.0,0.0,130,0
20095,r0022,1,prefetch,5381.792250562073,59.743166,59.747855,59.747855,5571.633990975786,0.03527481767693397,0.2,0,1,0,0.0,0.0,0.0,0.0,0.0,0.0,0.0,0.0,260,0
20095,r0005,0,prefetch,8663.960850492824,0.0,60.551422,60.551422,10298.470461243149,0.18865616303625737,0.2,1,0,0,0.0,0.0,0.0,0.0,0.0,0.0,0.0,0.0,0,0
20095,r0001,0,prefetch,0.0,0.0,62.903691,62.903691,0.0,-0.042454738483156035,0.2,1,0,0,0.0,0.0,0.0,0.0,0.0,0.0,0.0,0.0,0,0
20095,r0001,1,prefetch,6738.93875485679,61.494029,61.440131,61.440131,6113.527209540482,-0.09280564315346695,0.2,1,1,0,0.0,0.0,0.0,0.0,0.0,0.0,0.0,0.0,283,0
20095,r0011,0,prefetch,780.3236079546768,61.394662,61.293646,61.293646,931.7065196836588,0.19400016888605348,0.2,1,1,0,0.0,0.0,0.0,0.0,0.0,0.0,0.0,0.0,35,0
20095,r0010,0,prefetch,0.0,0.0,63.051931,63.051931,0.0,0.015106685399538439,0.2,1,0,0,0.0,0.0,0.0,0.0,0.0,0.0,0.0,0.0,0,0
20095,r0010,1,prefetch,1525.3902812735323,61.421245,61.32913,61.32913,1524.9425694789666,-0.00029350638984787514,0.2,1,1,0,0.0,0.0,0.0,0.0,0.0,0.0,0.0,0.0,63,0
20096,r0000,0,prefetch,3707.112961297117,59.826153,0.0,0.0,3668.6249832624226,-0.010382197261458087,0.2,1,1,1,0.0,0.0,0.0,0.0,0.0,0.0,0.0,0.0,173,0
20096,r0004,0,prefetch,2592.680939379494,62.388825,61.566173,61.566173,2239.3836652592695,-0.13626716220808072,0.2,0,1,0,0.0,0.0,0.0,0.0,0.0,0.0,0.0,0.0,105,0
20096,r0004,1,prefetch,7305.087617351939,60.764194,60.464631,60.464631,6192.861613102341,-0.15225361590567413,0.2,0,1,0,0.0,0.0,0.0,0.0,0.0,0.0,0.0,0.0,315,0
20096,r0003,0,prefetch,4424.665937303784,60.515813,60.478466,60.478466,3868.2976057982532,-0.12574244912251142,0.2,1,1,0,0.0,0.0,0.0,0.0,0.0,0.0,0.0,0.0,179,0
20096,r0003,1,prefetch,3337.941637533884,60.651259,60.616508,60.616508,2984.5734059297324,-0.10586411326988482,0.2,1,1,0,0.0,0.0,0.0,0.0,0.0,0.0,0.0,0.0,152,0
20096,r0007,0,prefetch,30.65088418808591,60.959233,61.003783,61.003783,31.51532296568714,0.028202735434863457,0.2,1,0,0,0.0,0.0,0.0,0.0,0.0,0.0,0.0,0.0,0,0
20096,r0007,1,prefetch,8149.799885183216,0.0,61.282727,61.282727,9561.509787447503,0.17322019217071244,0.2,1,0,0,0.0,0.0,0.0,0.0,0.0,0.0,0.0,0.0,0,0
20096,r0021,0,prefetch,2668.7785562103527,60.859865,60.840745,60.840745,3005.3563304954523,0.12611678608623028,0.2,1,1,0,0.0,0.0,0.0,0.0,0.0,0.0,0.0,0.0,115,0
20096,r0019,0,prefetch,1310.8777963381217,60.826209,60.759372,60.759372,1201.0176942620697,-0.08380651681105689,0.2,1,1,0,0.0,0.0,0.0,0.0,0.0,0.0,0.0,0.0,58,0
20096,r0006,0,prefetch,239.20875207202334,60.857911,60.612906,60.612906,203.057918903103,-0.1511267161246496,0.2,1,1,0,0.0,0.0,0.0,0.0,0.0,0.0,0.0,0.0,11,0
20096,r0022,0,prefetch,0.0,0.0,60.711615,60.711615,0.0,-0.16119486034195896,0.2,1,0,0,0.0,0.0,0.0,0.0,0.0,0.0,0.0,0.0,0,0
20097,r0011,0,prefetch,2483.1706500898604,62.877417,0.0,0.0,2949.875991410365,0.18794734921001732,0.2,1,1,1,2161.6065725164194,1694.901231195915,98.69468129924043,98.69468129924043,0.0,0.0,466.70534132050443,117.08271930213475,40,23
20097,r0011,1,prefetch,8366.7057896218,61.514369,61.531174,61.531174,9140.793357212224,0.09251999377707482,0.2,1,1,0,0.0,0.0,0.0,0.0,0.0,0.0,0.0,0.0,341,0
20097,r0021,0,prefetch,0.0,0.0,63.105036,63.105036,0.0,-0.13255145313724442,0.2,1,0,0,0.0,0.0,0.0,0.0,0.0,0.0,0.0,0.0,0,0
20097,r0021,1,prefetch,4748.625019681023,62.738122,62.623313,62.623313,4400.929367550089,-0.07322027969988873,0.2,1,1,0,0.0,0.0,0.0,0.0,0.0,0.0,0.0,0.0,191,0
20097,r0016,0,prefetch,25.065341193401764,62.880725,62.637498,62.637498,20.13038976488339,-0.19688347309700527,0.2,1,0,0,0.0,0.0,0.0,0.0,0.0,0.0,0.0,0.0,0,0
20097,r0020,0,prefetch,2799.0442724745735,62.896251,0.0,0.0,3213.8524644646322,0.14819636690609972,0.2,1,1,1,956.3894912592293,541.5812992691717,31.060068080220425,31.060068080220425,0.0,0.0,414.8081919900576,128.51741646776273,45,23
20097,r0017,0,prefetch,0.0,0.0,65.061684,65.061684,0.0,-0.1545581395978137,0.2,0,0,0,0.0,0.0,0.0,0.0,0.0,0.0,0.0,0.0,0,0
20097,r0017,1,prefetch,7650.00158319846,63.189023,62.802265,62.802265,8903.886915029474,0.1639065454031926,0.2,1,1,0,0.0,0.0,0.0,0.0,0.0,0.0,0.0,0.0,281,0
20097,r0017,2,prefetch,3221.8565110283234,62.652832,62.434545,62.434545,3306.0193303388846,0.026122460457960905,0.2,0,1,0,0.0,0.0,0.0,0.0,0.0,0.0,0.0,0.0,119,0
20097,r0008,0,prefetch,3656.3440684153466,62.680418,0.0,0.0,4213.839267898211,0.1524733966638107,0.2,1,1,1,0.0,0.0,0.0,0.0,0.0,0.0,0.0,0.0,142,0
20097,r0008,1,prefetch,3712.1404055986823,62.789142,62.469164,62.469164,3108.8993606305858,-0.16250491065970546,0.2,1,1,0,0.0,0.0,0.0,0.0,0.0,0.0,0.0,0.0,137,0
20097,r0000,0,prefetch,1188.9654850462648,63.149741,62.934951,62.934951,964.7227183200872,-0.18860326018416923,0.2,0,1,0,0.0,0.0,0.0,0.0,0.0,0.0,0.0,0.0,43,0
20097,r0000,1,prefetch,8193.395277140575,62.198867,62.593612,62.593612,8427.747718072102,0.028602604049308533,0.2,1,1,0,0.0,0.0,0.0,0.0,0.0,0.0,0.0,0.0,321,0
20097,r0003,0,prefetch,232.4994313604402,62.946279,62.704196,62.704196,218.34682391372786,-0.0608715787556994,0.2,1,1,0,0.0,0.0,0.0,0.0,0.0,0.0,0.0,0.0,8,0
20097,r0009,0,prefetch,2357.488233280783,64.660278,0.0,0.0,2636.8281207049286,0.11849046942448743,0.2,1,1,1,0.0,0.0,0.0,0.0,0.0,0.0,0.0,0.0,87,0
20097,r0009,1,prefetch,7536.949380753984,63.095834,62.906241,62.906241,6472.386199307016,-0.1412458977322295,0.2,1,1,0,0.0,0.0,0.0,0.0,0.0,0.0,0.0,0.0,301,0
20097,r0002,0,prefetch,1726.2676105349892,63.006591,62.769533,62.769533,2062.227756991976,0.1946164919081516,0.2,1,1,0,0.0,0.0,0.0,0.0,0.0,0.0,0.0,0.0,68,0
20097,r0002,1,prefetch,3474.169820386269,62.77681,62.73063,62.73063,2985.1108979977007,-0.14077001058462746,0.2,1,1,0,0.0,0.0,0.0,0.0,0.0,0.0,0.0,0.0,134,0
20097,r0002,2,prefetch,3242.2402512461995,94.876583,62.529497,62.529497,3038.0098207809115,-0.06299052958422477,0.2,1,1,0,0.0,0.0,0.0,0.0,0.0,0.0,0.0,0.0,132,0
20098,r0008,0,prefetch,6752.254842033879,66.901609,0.0,0.0,6732.942454486798,-0.002860139020058605,0.2,1,1,1,0.0,0.0,0.0,0.0,0.0,0.0,0.0,0.0,374,0
20098,r0022,0,prefetch,2423.244764202742,68.418097,67.703983,67.703983,2860.980134652879,0.1806401800249649,0.2,0,1,0,0.0,0.0,0.0,0.0,0.0,0.0,0.0,0.0,116,0
20098,r0022,1,prefetch,3398.182706095773,67.928608,67.684717,67.684717,3301.6590240021937,-0.028404500417364892,0.2,1,1,0,0.0,0.0,0.0,0.0,0.0,0.0,0.0,0.0,149,0
20098,r0002,0,prefetch,838.1166444511309,68.129604,67.794505,67.794505,738.0779684827356,-0.11936128059347767,0.2,1,1,0,0.0,0.0,0.0,0.0,0.0,0.0,0.0,0.0,40,0
20098,r0002,1,prefetch,5012.091985993564,68.0188,67.991358,67.991358,4195.626713945654,-0.16289909968323513,0.2,0,1,0,0.0,0.0,0.0,0.0,0.0,0.0,0.0,0.0,218,0
20098,r0019,0,prefetch,3680.0908916796016,67.475741,0.0,0.0,2953.62510162858,-0.19740430642447016,0.2,1,1,1,0.0,0.0,0.0,0.0,0.0,0.0,0.0,0.0,189,0
20098,r0007,0,prefetch,3371.006764632886,67.002123,0.0,0.0,2989.164011053004,-0.11327261564290173,0.2,1,1,1,0.0,0.0,0.0,0.0,0.0,0.0,0.0,0.0,176,0
20099,r0013,0,prefetch,1931.06646987365,48.543673,48.497132,48.497132,1788.325356132151,-0.07391828089213243,0.2,0,1,0,83.17485934648514,0.0,4.5234375,0.0,4.5234375,4.5234375,0.0,0.0,62,2
20099,r0005,0,prefetch,3631.468631063797,49.565994,0.0,0.0,4100.834665790889,0.1292496459179372,0.2,1,1,1,43.84542790125228,0.0,0.0,0.0,0.0,0.0,43.84542790125228,36.22210198235252,115,2
20099,r0009,0,prefetch,0.0,0.0,60.919822,60.919822,0.0,-0.08072319929135024,0.2,1,0,0,0.0,0.0,0.0,0.0,0.0,0.0,0.0,0.0,0,0
20099,r0009,1,prefetch,6831.279482176724,60.75898,60.942919,60.942919,5520.5642038842525,-0.1918696609781838,0.2,1,1,0,0.0,0.0,0.0,0.0,0.0,0.0,0.0,0.0,307,0
20099,r0015,0,prefetch,0.0,0.0,60.136347,60.136347,0.0,-0.17244187104392547,0.2,1,0,0,0.0,0.0,0.0,0.0,0.0,0.0,0.0,0.0,0,0
20099,r0022,0,prefetch,1324.2180346499226,60.334307,60.420403,60.420403,1448.450056124036,0.09381538253023114,0.2,1,1,0,0.0,0.0,0.0,0.0,0.0,0.0,0.0,0.0,53,0
20099,r0007,0,prefetch,4903.730125499715,61.082152,60.434106,60.434106,4040.096824085499,-0.17611762460647387,0.2,1,1,0,0.0,0.0,0.0,0.0,0.0,0.0,0.0,0.0,229,0
20099,r0007,1,prefetch,4014.046891219594,60.616065,60.711056,60.711056,3246.6579060406957,-0.19117588956359738,0.2,1,1,0,0.0,0.0,0.0,0.0,0.0,0.0,0.0,0.0,178,0
20100,r0022,0,prefetch,3948.816147205751,61.195629,60.78491,60.78491,3419.7681031078178,-0.13397636769498536,0.2,1,1,0,0.0,0.0,0.0,0.0,0.0,0.0,0.0,0.0,167,0
20100,r0001,0,prefetch,3034.6138181975257,0.0,61.902335,61.902335,3198.863401188355,0.05412536580631172,0.2,1,0,0,0.0,0.0,0.0,0.0,0.0,0.0,0.0,0.0,0,0
20100,r0008,0,prefetch,2621.994319527297,62.032809,61.71281,61.71281,2456.051435780986,-0.0632888036829263,0.2,1,1,0,0.0,0.0,0.0,0.0,0.0,0.0,0.0,0.0,102,0
20100,r0008,1,prefetch,5565.290362735021,62.323338,62.138889,62.138889,5672.822505044429,0.01932192847105324,0.2,1,1,0,0.0,0.0,0.0,0.0,0.0,0.0,0.0,0.0,218,0
20100,r0008,2,prefetch,7031.727368051688,61.714296,61.62021,61.62021,6535.550083515522,-0.07056264535944953,0.2,0,1,0,0.0,0.0,0.0,0.0,0.0,0.0,0.0,0.0,277,0
20100,r0020,0,prefetch,400.1341131944755,61.789485,61.7674,61.7674,461.0272624938115,0.15218184926347522,0.2,1,1,0,0.0,0.0,0.0,0.0,0.0,0.0,0.0,0.0,15,0
20100,r0020,1,prefetch,4595.519955627155,62.215911,62.200193,62.200193,3689.822908869433,-0.1970826055599449,0.2,1,1,0,0.0,0.0,0.0,0.0,0.0,0.0,0.0,0.0,180,0
20100,r0007,0,prefetch,3632.8558796503967,61.909734,0.0,0.0,3126.3784096077206,-0.13941578934626403,0.2,1,1,1,0.0,0.0,0.0,0.0,0.0,0.0,0.0,0.0,142,0
20100,r0007,1,prefetch,5212.998117730844,61.572229,61.467451,61.467451,4576.800875816668,-0.1220405662051351,0.2,0,1,0,0.0,0.0,0.0,0.0,0.0,0.0,0.0,0.0,204,0
20100,r0015,0,prefetch,5931.109234633786,62.125157,61.870486,61.870486,4836.311001664383,-0.18458574773442038,0.2,0,1,0,0.0,0.0,0.0,0.0,0.0,0.0,0.0,0.0,231,0
20100,r0015,1,prefetch,3841.871213962062,61.804399,61.91778,61.91778,4559.933323705756,0.18690426350943906,0.2,1,1,0,0.0,0.0,0.0,0.0,0.0,0.0,0.0,0.0,151,0
20100,r0018,0,prefetch,0.0,0.0,61.877736,61.877736,0.0,0.073786515162509,0.2,1,0,0,0.0,0.0,0.0,0.0,0.0,0.0,0.0,0.0,0,0
20101,r0004,0,prefetch,6246.151058676071,60.522206,60.318603,60.318603,5862.999515480615,-0.06134202320695534,0.2,0,1,0,0.0,0.0,0.0,0.0,0.0,0.0,0.0,0.0,272,0
20101,r0010,0,prefetch,0.0,0.0,61.395413,61.395413,0.0,-0.06214381637277211,0.2,1,0,0,0.0,0.0,0.0,0.0,0.0,0.0,0.0,0.0,0,0
20101,r0007,0,prefetch,6962.518557572461,60.026709,60.213121,60.213121,7966.142284513102,0.14414665018725098,0.2,0,1,0,0.0,0.0,0.0,0.0,0.0,0.0,0.0,0.0,303,0
20101,r0005,0,prefetch,6784.527744661624,61.45517,0.0,0.0,6445.487043059442,-0.0499726310160577,0.2,1,1,1,0.0,0.0,0.0,0.0,0.0,0.0,0.0,0.0,285,0
20101,r0001,0,prefetch,0.0,0.0,61.042518,61.042518,0.0,0.15176532452040553,0.2,1,0,0,0.0,0.0,0.0,0.0,0.0,0.0,0.0,0.0,0,0
20102,r0006,0,prefetch,5695.828463275429,57.534484,0.0,0.0,6750.532727666668,0.1851713532441463,0.2,1,1,1,52.85017593633606,0.0,0.0,0.0,0.0,0.0,52.85017593633606,8.786855920457608,169,1
20102,r0006,1,prefetch,5758.292392294412,57.333568,57.265586,57.265586,4790.442283957189,-0.16807936144965013,0.2,0,1,0,0.0,0.0,0.0,0.0,0.0,0.0,0.0,0.0,199,0
20102,r0004,0,prefetch,1245.1692120172247,58.926506,0.0,0.0,1236.4639549013857,-0.0069912241901130545,0.2,1,1,1,276.7732356647672,276.7732356647672,29.390625,29.390625,0.0,0.0,0.0,70.53512365477954,36,24
20102,r0020,0,prefetch,0.0,0.0,98.678122,98.678122,0.0,-0.02355311241528707,0.2,1,0,0,0.0,0.0,0.0,0.0,0.0,0.0,0.0,0.0,0,0
20102,r0020,1,prefetch,7651.351543575693,0.0,60.769177,60.769177,9137.440822361308,0.1942257221253127,0.2,1,0,0,0.0,0.0,0.0,0.0,0.0,0.0,0.0,0.0,0,0
20102,r0002,0,prefetch,0.0,0.0,60.185584,60.185584,0.0,0.1885030040837597,0.2,1,0,0,0.0,0.0,0.0,0.0,0.0,0.0,0.0,0.0,0,0
20102,r0000,0,prefetch,3223.30584099306,56.889578,0.0,0.0,3569.12126028409,0.10728594689745258,0.2,1,1,1,1344.775942050535,998.960522759502,118.56507816773964,118.56507816773964,0.0,0.0,345.81541929103287,143.50442580186836,95,24
20102,r0000,1,prefetch,5407.97178384132,39.451926,39.515765,39.515765,6338.29696109289,0.17202848210697458,0.2,1,1,0,0.0,0.0,0.0,0.0,0.0,0.0,0.0,0.0,240,0
20102,r0003,0,prefetch,825.3295774529106,58.908338,0.0,0.0,906.1224140420148,0.09789160451324541,0.2,1,1,1,20.679214333345232,0.0,0.0,0.0,0.0,0.0,20.679214333345232,2.1062880470824874,28,1
20102,r0019,0,prefetch,1999.0683706318887,58.681174,0.0,0.0,1715.985503173133,-0.14160739653405435,0.2,1,1,1,1305.7408266872562,1305.7408266872562,122.63671875,122.63671875,0.0,0.0,0.0,119.31879100870677,60,23
20102,r0019,1,prefetch,4872.23415264803,40.848267,40.780241,40.780241,3987.34168692281,-0.18161944561804086,0.2,1,1,0,0.0,0.0,0.0,0.0,0.0,0.0,0.0,0.0,227,0
20103,r0021,0,prefetch,3351.383535373151,60.123093,59.64388,59.64388,3276.32714128593,-0.022395644454004326,0.2,1,1,0,0.0,0.0,0.0,0.0,0.0,0.0,0.0,0.0,158,0
20103,r0004,0,prefetch,196.47082655676968,60.605176,0.0,0.0,158.96686245720383,-0.19088820847775675,0.2,1,1,1,0.0,0.0,0.0,0.0,0.0,0.0,0.0,0.0,10,0
20103,r0005,0,prefetch,1258.724651170587,59.907963,0.0,0.0,1140.0941532229556,-0.09424658350601747,0.2,1,1,1,0.0,0.0,0.0,0.0,0.0,0.0,0.0,0.0,62,0
20103,r0007,0,prefetch,7218.531216587668,60.055175,59.60522,59.60522,5966.04044391693,-0.17351047395799912,0.2,1,1,0,0.0,0.0,0.0,0.0,0.0,0.0,0.0,0.0,341,0
20104,r0003,0,prefetch,4367.134683683114,63.448969,63.167309,63.167309,4063.3621110849504,-0.06955878272615376,0.2,1,1,0,0.0,0.0,0.0,0.0,0.0,0.0,0.0,0.0,309,0
20104,r0004,0,prefetch,0.0,0.0,65.084077,65.084077,0.0,0.16095468541565316,0.2,1,0,0,0.0,0.0,0.0,0.0,0.0,0.0,0.0,0.0,0,0
20104,r0004,1,prefetch,3888.649025896979,64.062396,64.019891,64.019891,3498.2328214110107,-0.10039893080757332,0.2,1,1,0,0.0,0.0,0.0,0.0,0.0,0.0,0.0,0.0,224,0
20105,r0002,0,prefetch,6248.7411048928025,62.655275,0.0,0.0,7211.3215536950975,0.15404389982625283,0.2,1,1,1,0.0,0.0,0.0,0.0,0.0,0.0,0.0,0.0,301,0
20105,r0021,0,prefetch,0.0,0.0,64.294716,64.294716,0.0,-0.12921842539268064,0.2,1,0,0,0.0,0.0,0.0,0.0,0.0,0.0,0.0,0.0,0,0
20105,r0007,0,prefetch,0.0,0.0,63.932746,63.932746,0.0,-0.18800769972846282,0.2,1,0,0,0.0,0.0,0.0,0.0,0.0,0.0,0.0,0.0,0,0
20105,r0019,0,prefetch,128.75877357723584,64.222118,0.0,0.0,153.04506532945783,0.18861853897399755,0.2,1,1,1,0.0,0.0,0.0,0.0,0.0,0.0,0.0,0.0,6,0
20105,r0012,0,prefetch,2648.9869164905067,63.843726,63.910606,63.910606,3119.627772146907,0.17766824468877535,0.2,1,1,0,0.0,0.0,0.0,0.0,0.0,0.0,0.0,0.0,110,0
20106,r0011,0,prefetch,3570.84842677342,60.341813,60.255879,60.255879,3541.63379762191,-0.008181425157244238,0.2,0,1,0,0.0,0.0,0.0,0.0,0.0,0.0,0.0,0.0,195,0
20106,r0007,0,prefetch,5483.786160305153,60.770786,60.42597,60.42597,5753.88279882555,0.049253678138566626,0.2,1,1,0,0.0,0.0,0.0,0.0,0.0,0.0,0.0,0.0,300,0
20106,r0000,0,prefetch,0.0,0.0,61.661071,61.661071,0.0,-0.04037245449061544,0.2,1,0,0,0.0,0.0,0.0,0.0,0.0,0.0,0.0,0.0,0,0
