episode,arrival_rate_rps,reward,served_requests,dropped_requests,completion_ratio,batches,mean_batch_size,makespan_ms,avg_e2e_ms,p95_e2e_ms,slo_satisfaction,throughput_rps,goodput_rps,mapping_steps,replay_size,loss,epsilon
1,0.4,-262.14177927940955,12,0,1.0,4,3.0,68147.05591484376,28184.271910626398,50229.562235824014,0.08333333333333337,0.1760897787718833,0.014674148230990275,30,30,,0.99905
2,0.1,-594.9749489983027,12,0,1.0,9,1.3333333333333333,189786.47418509072,25464.663813387335,60691.8219116219,0.25,0.06322895270343085,0.01580723817585771,91,121,4.387123465538025,0.9961683333333333
3,0.4,-421.02211715718727,12,0,1.0,5,2.4,116854.96561820424,37409.56870490769,82486.97214014524,0.0,0.10269139986063701,0.0,47,168,13.941438436508179,0.99468
4,0.6,-392.9726290298033,12,0,1.0,5,2.4,98093.36294770525,42502.718126830856,88303.01888906115,0.0,0.12233243554303816,0.0,54,222,6.046142101287842,0.99297
5,0.2,-533.0242625170265,12,0,1.0,7,1.7142857142857142,113900.20319967937,31568.13509359829,63615.859358113645,0.08333333333333337,0.10535538710991325,0.008779615592492771,72,294,6.236845016479492,0.99069
6,0.2,-651.0189140182931,12,0,1.0,7,1.7142857142857142,164379.60889165293,57537.940504961494,127251.98871799876,0.16666666666666663,0.07300175539357516,0.012166959232262527,71,365,16.501549243927002,0.9884416666666667
7,0.4,-495.50378196670124,12,0,1.0,3,4.0,124434.14703452995,64423.118550830295,108059.44833053845,0.0,0.09643655126811816,0.0,39,404,7.041836261749268,0.9872066666666667
8,0.6,-281.1606922268327,12,0,1.0,4,3.0,95160.57832283745,37344.18731144244,86454.44453528142,0.08333333333333337,0.12610263841912925,0.010508553201594105,33,437,12.504703044891357,0.9861616666666667
9,0.6,-436.8058396712927,12,0,1.0,5,2.4,146891.8630159812,77429.40397075696,135231.9956620182,0.0,0.08169274834981467,0.0,35,472,15.456264019012451,0.9850533333333333
10,0.4,-362.49035122225996,12,0,1.0,3,4.0,73642.66339528713,48459.036883071036,66951.4892844185,0.0,0.16294902230230796,0.0,26,498,2.2643434070050716,0.98423
11,0.2,-409.66597623757235,12,0,1.0,5,2.4,138823.07850984734,43202.48050238154,112537.4432895035,0.0,0.08644095872826207,0.0,66,564,0.027541478164494038,0.98214
12,0.6,-319.87694780179754,12,0,1.0,4,3.0,85204.20155076223,29242.193823926234,69050.54602792431,0.0,0.14083812513460084,0.0,32,596,14.561169147491455,0.9811266666666667
13,0.2,-480.9489259971658,12,0,1.0,4,3.0,120859.15779116526,44344.851094483136,91378.14592235355,0.0,0.09928912479048563,0.0,33,629,13.047461748123169,0.9800816666666666
14,0.1,-480.7260715177465,12,0,1.0,11,1.0909090909090908,112263.3612526526,13907.144943272784,26520.257625514416,0.16666666666666663,0.10689150820091323,0.01781525136681887,97,726,13.223538875579834,0.97701
15,0.4,-327.97788155912866,12,0,1.0,5,2.4,81421.92389047936,30917.79031439898,77152.37925188424,0.0,0.14738045266703845,0.0,46,772,10.85794448852539,0.9755533333333334
16,0.4,-442.9402669489209,12,0,1.0,5,2.4,132913.69370178357,40026.6160184195,107176.1209698951,0.08333333333333337,0.0902841510591393,0.007523679254928274,53,825,6.149602128192782,0.973875
17,0.6,-429.0364572172977,12,0,1.0,4,3.0,110523.58933938116,41831.425878734226,91513.34657914196,0.0,0.10857410686466211,0.0,39,864,7.5975947342813015,0.97264
18,0.1,-761.1843973566464,12,0,1.0,10,1.2,195110.58123767658,20061.8639736835,37623.98001686312,0.08333333333333337,0.06150358388498694,0.005125298657082245,92,956,1.949638871010393,0.9697266666666666
19,0.1,-759.8870957140768,12,0,1.0,7,1.7142857142857142,229088.15302179803,38540.64898318488,95666.04295608273,0.0,0.05238158255550729,0.0,58,1014,26.42704200744629,0.96789
20,0.6,-725.2413305350274,12,0,1.0,5,2.4,172838.6722491637,96506.13038528386,165866.56775548248,0.0,0.06942890641222259,0.0,43,1057,0.5763053949922323,0.9665283333333333
21,0.6,-354.96166466566063,12,0,1.0,4,3.0,122025.73118063569,29397.532117840117,93978.55584623857,0.16666666666666663,0.09833991473680499,0.016389985789467498,35,1092,0.5780807919800282,0.96542
22,0.2,-397.73887990430643,12,0,1.0,5,2.4,110935.93587003648,42934.8231821702,86561.928581285,0.0,0.10817053920253779,0.0,50,1142,4.396226206794381,0.9638366666666667
23,0.6,-382.2639445849733,12,0,1.0,4,3.0,87420.88305491439,38187.913163896614,77828.25354305316,0.0,0.137266973069376,0.0,36,1178,20.72058894438669,0.9626966666666666
24,0.1,-349.8331461779349,12,0,1.0,6,2.0,82948.34257897027,21185.830528767387,33157.90599873554,0.08333333333333337,0.14466835173440026,0.012055695977866689,54,1232,1.2128034895285964,0.9609866666666667
25,0.4,-384.7929987115119,12,0,1.0,3,4.0,127426.53592454616,49891.541432573875,108040.59498481436,0.0,0.09417190785995809,0.0,24,1256,10.047124862670898,0.9602266666666667
26,0.4,-707.7574095577052,12,0,1.0,3,4.0,184062.3307832869,87518.1125187053,170326.74080476098,0.0,0.06519530611686472,0.0,35,1291,8.383794069290161,0.9591183333333333
27,0.2,-692.729224669197,12,0,1.0,4,3.0,150459.44338127895,59463.47531153058,129494.0291477933,0.0,0.07975571177404149,0.0,51,1342,11.832965570501983,0.9575033333333334
28,0.2,-454.67075454553066,12,0,1.0,5,2.4,108971.47471020679,34329.825965520235,71677.15154301297,0.0,0.11012056165994075,0.0,52,1394,14.222110748291016,0.9558566666666667
29,0.4,-338.72646463442993,12,0,1.0,7,1.7142857142857142,75852.25092411698,18463.6837973036,60386.000757688395,0.33333333333333337,0.15820229266505048,0.05273409755501683,60,1454,13.208079152740538,0.9539566666666667
30,0.2,-552.7959098557984,12,0,1.0,4,3.0,223936.3290469448,90014.84966364551,168957.7767815436,0.0,0.05358666032917055,0.0,48,1502,15.353516340255737,0.9524366666666667
31,0.1,-489.07350294683636,12,0,1.0,7,1.7142857142857142,135211.86664992291,23054.834332840663,41173.800276987124,0.08333333333333337,0.08874960680092675,0.007395800566743897,68,1570,6.150015950202942,0.9502833333333334
32,0.6,-508.85957871272115,12,0,1.0,5,2.4,109467.44311990378,43143.84535716701,74169.29420941732,0.08333333333333337,0.1096216341406271,0.009135136178385593,45,1615,1.0611901581287384,0.9488583333333334
33,0.1,-737.8704503174216,12,0,1.0,6,2.0,191193.1333705093,43555.38407527717,78233.30619812809,0.08333333333333337,0.06276376033204834,0.005230313361004028,57,1672,4.242419242858887,0.9470533333333333
34,0.1,-780.980446851255,12,0,1.0,4,3.0,215952.24304057285,62123.465936261935,130136.2273057765,0.0,0.05556784144050522,0.0,48,1720,3.0035680532455444,0.9455333333333333
35,0.4,-297.4062588404776,12,0,1.0,4,3.0,87481.19788173346,39543.19811051628,66364.33426339772,0.08333333333333337,0.13717233291915934,0.011431027743263279,39,1759,14.80101964250207,0.9442983333333334
36,0.2,-309.4323597052163,12,0,1.0,7,1.7142857142857142,92739.20765403629,15769.000828920738,52823.06340500726,0.25,0.12939511026195105,0.03234877756548776,68,1827,8.137301303446293,0.942145
37,0.2,-533.819954522724,12,0,1.0,5,2.4,131021.93382958646,64712.509718849986,100853.40735202853,0.08333333333333337,0.09158771855411467,0.007632309879509556,42,1869,21.48143780231476,0.940815
38,0.2,-492.55650187269043,12,0,1.0,5,2.4,123796.99269500014,46052.47792258698,84475.30009120534,0.0,0.09693288777672102,0.0,51,1920,13.189840316772461,0.9392
39,0.6,-220.0496381427231,12,0,1.0,4,3.0,67133.53372863171,26628.142177153994,56506.20878807877,0.0,0.17874822511960417,0.0,42,1962,14.580774784088135,0.93787
40,0.6,-303.8453256138811,12,0,1.0,5,2.4,84863.73313045819,16844.32716695869,56775.45451032679,0.0,0.14140315959884536,0.0,48,2010,5.639049768447876,0.93635
41,0.4,-349.18604212803643,12,0,1.0,4,3.0,103367.9436418587,47094.094883961945,89986.65953990063,0.0,0.1160901492011554,0.0,43,2053,12.828479528427124,0.9349883333333333
42,0.1,-387.04804504701343,12,0,1.0,10,1.2,131182.44054126527,13770.443883715468,29365.679975866435,0.25,0.09147565749262938,0.022868914373157346,85,2138,10.415083229541779,0.9322966666666667
43,0.6,-358.82412020461527,12,0,1.0,3,4.0,81842.35741247659,41573.55634222045,74840.44185806377,0.0,0.14662334247682168,0.0,30,2168,7.2962305545806885,0.9313466666666667
44,0.6,-427.6019652637321,12,0,1.0,5,2.4,107535.35829040108,57123.83230038235,102052.78916022154,0.0,0.11159120303104207,0.0,49,2217,11.537493228912354,0.929795
45,0.1,-685.6864597506006,12,0,1.0,10,1.2,186835.37174226088,25575.74723630364,58658.27055985916,0.16666666666666663,0.06422766678546278,0.010704611130910464,109,2326,17.64293622970581,0.9263433333333333
46,0.4,-515.6984423448871,12,0,1.0,4,3.0,142668.11386457382,72126.91111947394,119606.43535451723,0.0,0.08411129631524301,0.0,39,2365,10.137253761291504,0.9251083333333333
47,0.1,-606.6432740879658,12,0,1.0,6,2.0,135795.44644511072,30546.243164652547,52568.39031998983,0.0,0.08836820610807791,0.0,50,2415,0.4809482842683792,0.923525
48,0.2,-392.6432096934078,12,0,1.0,5,2.4,95076.2560885247,32257.51478123432,51718.18100546048,0.08333333333333337,0.1262144776591424,0.010517873138261866,46,2461,19.73097876831889,0.9220683333333334
49,0.6,-468.8351291541124,12,0,1.0,4,3.0,127918.18718664044,47849.22966413806,113945.24177903829,0.0,0.09380995981823341,0.0,31,2492,7.86586450971663,0.9210866666666667
50,0.6,-264.81873267741264,12,0,1.0,3,4.0,112187.1430068019,31359.875724173446,88398.99490807217,0.16666666666666663,0.1069641286726808,0.017827354778780134,31,2523,5.258153080940247,0.920105
51,0.4,-237.1139389907896,12,0,1.0,7,1.7142857142857142,77621.71967916269,15657.936675096294,48259.60712079642,0.08333333333333337,0.15459590498123635,0.012882992081769696,69,2592,2.8978099320083857,0.91792
52,0.1,-766.644674187807,12,0,1.0,5,2.4,191674.4473113611,69848.26158492967,98191.05489397196,0.0,0.0626061541761322,0.0,51,2643,12.621861457824707,0.916305
53,0.6,-523.4370223291667,12,0,1.0,4,3.0,135726.92622718317,83851.92369108944,116183.88909876041,0.0,0.08841281780679315,0.0,37,2680,6.456295728683472,0.9151333333333334
54,0.1,-470.7805653401624,12,0,1.0,7,1.7142857142857142,165970.674961735,33881.207759717654,97454.57030435083,0.0,0.0723019292580851,0.0,72,2752,14.543307781219482,0.9128533333333333
55,0.1,-825.1687394754163,12,0,1.0,7,1.7142857142857142,224246.8990912797,48327.75990593108,90594.42204456433,0.0,0.05351244565087788,0.0,74,2826,4.028723359107971,0.91051
56,0.4,-291.8476135523577,12,0,1.0,4,3.0,87136.9446138984,35826.01884628488,72289.18961597243,0.0,0.13771426176545087,0.0,37,2863,5.699627757072449,0.9093383333333334
57,0.6,-415.71569824354884,12,0,1.0,4,3.0,108365.48096891902,63727.03066233671,102144.25903017608,0.0,0.11073637003873767,0.0,30,2893,14.192837476730347,0.9083883333333334
58,0.6,-462.17271137665085,12,0,1.0,4,3.0,128190.98009966906,57274.94744723808,105811.0107735536,0.08333333333333337,0.09361033038884599,0.007800860865737165,49,2942,4.795487907715142,0.9068366666666667
59,0.1,-583.219902995068,12,0,1.0,6,2.0,148998.11578492608,49174.89623008838,72926.9770023888,0.08333333333333337,0.08053793121331553,0.006711494267776294,61,3003,8.492275019176304,0.9049050000000001
60,0.4,-707.0185803455668,12,0,1.0,5,2.4,177352.91346972625,84501.41404727245,154344.03272978414,0.0,0.06766170211265446,0.0,52,3055,11.620128378272057,0.9032583333333334
61,0.6,-369.4505389331126,12,0,1.0,5,2.4,103217.11415942307,32835.67335210648,90064.32664558922,0.08333333333333337,0.11625978983936236,0.009688315819946863,39,3094,2.9151381216943264,0.9020233333333334
62,0.2,-401.0560345319926,12,0,1.0,4,3.0,109771.01423325315,56977.3044413221,97440.34649023584,0.0,0.10931847613707131,0.0,36,3130,6.8683630637824535,0.9008833333333334
63,0.6,-442.7766849645275,12,0,1.0,3,4.0,107742.02175758767,67911.8458299738,101591.6795732304,0.0,0.11137715632438376,0.0,27,3157,4.952673673629761,0.9000283333333333
64,0.6,-247.63323287511247,12,0,1.0,4,3.0,71202.55385642468,26619.8919401395,58608.75531457611,0.0,0.16853328076121005,0.0,34,3191,0.7284677177667618,0.8989516666666667
65,0.2,-233.6654238162347,12,0,1.0,5,2.4,66520.80342277036,21723.145971308742,36592.467965685886,0.0,0.18039469432944866,0.0,47,3238,0.05323744937777519,0.8974633333333333
66,0.4,-605.1307535225087,12,0,1.0,4,3.0,138439.06132437542,102815.9060222197,137367.31432278478,0.0,0.08668073797382156,0.0,42,3280,10.092100492678583,0.8961333333333333
67,0.4,-316.3544353783815,12,0,1.0,5,2.4,93058.61062718193,42867.43335311432,69325.48097843667,0.08333333333333337,0.1289509903395749,0.010745915861631242,39,3319,7.555200275965035,0.8948983333333334
68,0.2,-379.68408981476057,12,0,1.0,4,3.0,140760.04895710462,51921.37152075558,115764.41120175956,0.08333333333333337,0.08525146225017934,0.007104288520848278,44,3363,9.224292278289795,0.893505
69,0.4,-402.0255223436612,12,0,1.0,4,3.0,99870.93339574002,47490.44236398787,93276.22564852254,0.08333333333333337,0.12015508008170732,0.010012923340142275,39,3402,14.038767218589783,0.89227
70,0.1,-743.6198448134727,12,0,1.0,5,2.4,176692.78067232243,73594.35919323584,134536.01171686794,0.08333333333333337,0.06791448951303819,0.005659540792753183,46,3448,0.23292110115289688,0.8908133333333333
71,0.4,-517.5938694422188,12,0,1.0,3,4.0,126137.85648207835,75009.92026386932,100971.17119348112,0.0,0.09513400920765575,0.0,31,3479,4.08415468968451,0.8898316666666667
72,0.4,-494.49170471921076,12,0,1.0,5,2.4,121890.6087405122,58935.55130308025,98865.48065328928,0.08333333333333337,0.0984489299380422,0.008204077494836851,64,3543,3.1613351702690125,0.887805
73,0.1,-738.800939894504,12,0,1.0,7,1.7142857142857142,197159.50842812075,41082.000658896846,91466.9765510589,0.0,0.060864424423004125,0.0,70,3613,14.448773384094238,0.8855883333333333
74,0.4,-405.4990436967015,12,0,1.0,6,2.0,99731.57710931417,26249.212253471476,67802.14859964703,0.08333333333333337,0.12032297440605991,0.010026914533838326,69,3682,5.631924986839294,0.8834033333333333
75,0.6,-351.1138019363479,12,0,1.0,4,3.0,96798.84505482134,42655.820962736536,88848.61230713825,0.0,0.12396842124721513,0.0,48,3730,2.1408464908599854,0.8818833333333334
76,0.6,-668.936419900027,12,0,1.0,5,2.4,142548.59284814313,58045.94691841077,121037.6090269182,0.0,0.08418182010946673,0.0,46,3776,0.9973191898316145,0.8804266666666667
77,0.2,-443.22673353600635,12,0,1.0,6,2.0,141682.45915292055,38077.45081408883,92379.26648746067,0.0,0.08469644070087867,0.0,61,3837,1.6296140486374497,0.878495
78,0.1,-486.0685420468259,12,0,1.0,6,2.0,138514.08159894252,27071.66527048843,55221.66340982782,0.0,0.08663379103032377,0.0,63,3900,9.608008861541748,0.8765000000000001
79,0.1,-779.0603881904726,12,0,1.0,6,2.0,225462.0269157794,59197.792813751825,169449.6610757314,0.08333333333333337,0.05322404027034921,0.004435336689195767,68,3968,4.210779666900635,0.8743466666666666
80,0.1,-684.7374632366846,12,0,1.0,7,1.7142857142857142,181229.0336676602,42485.98610781767,102404.66291712965,0.0,0.06621455600765236,0.0,79,4047,14.894312769174576,0.871845
81,0.2,-437.33717333868424,12,0,1.0,5,2.4,130323.70141387521,42953.78545288512,77937.27314454925,0.0,0.09207841605028565,0.0,53,4100,8.88561012223363,0.8701666666666666
82,0.2,-383.1526954187509,12,0,1.0,7,1.7142857142857142,104713.83209072083,19408.43632158387,44462.79259949043,0.0,0.11459804077844817,0.0,81,4181,9.788065791130066,0.8676016666666666
83,0.4,-482.2224208816008,12,0,1.0,4,3.0,103924.96176884948,55136.166340899574,88306.23693443481,0.0,0.11546792797182329,0.0,34,4215,36.54225158691406,0.866525
84,0.4,-546.4854191828321,12,0,1.0,5,2.4,114796.89149149176,72225.42100615588,106862.17663653962,0.0,0.10453244721255704,0.0,52,4267,26.243953943252563,0.8648783333333334
85,0.2,-444.022519206802,12,0,1.0,4,3.0,140920.70881900607,47509.05136741207,99420.69870336045,0.08333333333333337,0.08515426938004127,0.007096189115003438,43,4310,7.591384649276733,0.8635166666666667
86,0.1,-890.1178679474364,12,0,1.0,7,1.7142857142857142,212398.57498258865,43602.903869470356,92868.89343695596,0.0,0.056497554190199716,0.0,79,4389,11.357699353247881,0.861015
87,0.4,-493.3338095978496,12,0,1.0,6,2.0,115414.77739892491,47778.09917536442,95741.06633369993,0.0,0.10397282107578522,0.0,53,4442,30.532687187194824,0.8593366666666666
88,0.2,-409.8536731440119,12,0,1.0,5,2.4,109220.2484347904,41037.507087804675,81432.39764062138,0.0,0.10986973726913432,0.0,54,4496,1.3990158438682556,0.8576266666666666
89,0.2,-435.4416344059607,12,0,1.0,4,3.0,131637.29334945497,55917.93605013284,116183.14101246503,0.0,0.09115957715830446,0.0,38,4534,10.55558443069458,0.8564233333333333
90,0.4,-298.99575722522434,12,0,1.0,4,3.0,97401.07889653096,44885.3601258972,81429.21687856613,0.0,0.1232019207174038,0.0,45,4579,12.420786380767822,0.8549983333333333
91,0.4,-571.7455816750526,12,0,1.0,5,2.4,164435.05423634418,80082.7612435677,134610.9287333494,0.08333333333333337,0.07297714015864451,0.006081428346553709,50,4629,3.2242534421384335,0.853415
92,0.6,-530.8827312349155,12,0,1.0,5,2.4,120048.8726866245,45018.09867910461,87399.10155079652,0.0,0.0999592893414734,0.0,48,4677,1.196043461561203,0.851895
93,0.2,-509.25548614339215,12,0,1.0,6,2.0,118688.44516369418,44749.0274045062,79386.64777767999,0.0,0.10110504003527633,0.0,59,4736,1.3310497030615807,0.8500266666666667
94,0.4,-546.2368314624179,12,0,1.0,3,4.0,181533.00043660658,76819.44212284073,148680.2347704561,0.0,0.06610368346878362,0.0,33,4769,10.253228187561035,0.8489816666666666
95,0.2,-357.07126956431085,12,0,1.0,5,2.4,112268.9634070265,32226.429520221096,59391.0622356558,0.0,0.10688617437834973,0.0,48,4817,4.8527896627783775,0.8474616666666667
96,0.2,-656.0160589973773,12,0,1.0,7,1.7142857142857142,158031.89102410118,43955.392975574556,111486.75025059158,0.0,0.07593404041574052,0.0,70,4887,17.80911350250244,0.845245
97,0.2,-631.4676068506817,12,0,1.0,4,3.0,173177.01452157408,65655.35814738901,123103.92377444799,0.08333333333333337,0.06929326061632193,0.005774438384693494,48,4935,9.233941020444036,0.8437250000000001
98,0.4,-506.75034048431905,12,0,1.0,3,4.0,122072.04512713087,67740.2987992363,105545.72997709565,0.0,0.09830260472414225,0.0,37,4972,25.35926580429077,0.8425533333333333
99,0.1,-442.2801233989202,12,0,1.0,5,2.4,137783.96423030243,36943.0747085835,75225.55554150321,0.0,0.08709286357839366,0.0,58,5030,5.405934810638428,0.8407166666666667
100,0.4,-387.73688900990896,12,0,1.0,4,3.0,132168.94186454747,52343.83684762281,89947.87046600423,0.08333333333333337,0.09079288848584509,0.00756607404048709,37,5067,7.966042757034302,0.839545
101,0.2,-506.25860688792545,12,0,1.0,5,2.4,156623.909557925,43943.046059166976,73157.29331736686,0.0,0.07661665472321759,0.0,51,5118,15.44875168800354,0.8379300000000001
102,0.2,-351.1746571970707,12,0,1.0,6,2.0,87100.16005752939,29453.238335456757,44206.72715515906,0.0,0.13777242191144123,0.0,69,5187,16.106459617614746,0.835745
103,0.2,-556.6780081269995,12,0,1.0,6,2.0,137933.03462571735,42956.059279275185,80535.29228839144,0.08333333333333337,0.08699873842812289,0.00724989486901024,65,5252,13.509139060974121,0.8336866666666667
104,0.4,-300.70556589116643,12,0,1.0,5,2.4,80175.71772004827,22376.808279946814,45554.83738087197,0.25,0.14967125136192388,0.03741781284048097,53,5305,21.999412298202515,0.8320083333333333
105,0.1,-534.565007730272,12,0,1.0,6,2.0,167816.54293521127,31227.61945846384,59496.69115325922,0.16666666666666663,0.07150665715139196,0.01191777619189866,55,5360,11.180868946015835,0.8302666666666667
106,0.1,-663.8605804889435,12,0,1.0,6,2.0,162252.52885003155,34367.16433842733,73537.55670027337,0.0,0.07395878563527034,0.0,60,5420,0.5120054818689823,0.8283666666666667
107,0.4,-252.55789624036404,12,0,1.0,4,3.0,64671.36284903752,26122.297498821645,59543.31154942214,0.16666666666666663,0.18555353515607242,0.030925589192678737,42,5462,10.705895185470581,0.8270366666666666
108,0.2,-736.8519044921712,12,0,1.0,5,2.4,203810.39283943872,89783.96698289888,186101.8258359432,0.0,0.058878253620037756,0.0,57,5519,7.060657965019345,0.8252316666666667
109,0.2,-356.27394933296733,12,0,1.0,5,2.4,98834.87745570934,36795.6743355416,81036.85493988922,0.0,0.12141462921707505,0.0,56,5575,10.322377417236567,0.8234583333333334
110,0.1,-636.8879997604635,12,0,1.0,5,2.4,168323.6994343389,42374.07822473106,71139.597471437,0.0,0.07129120878596813,0.0,47,5622,12.506136417388916,0.82197
111,0.2,-665.2762858001755,12,0,1.0,8,1.5,158005.00107342724,31845.654042717953,85892.05868927097,0.0,0.07594696318772483,0.0,89,5711,13.240792155265808,0.8191516666666667
112,0.2,-553.5124078085812,12,0,1.0,6,2.0,133628.26595969102,39620.706549982,86113.09386094505,0.0,0.08980135986812701,0.0,70,5781,0.47616744600236416,0.816935
113,0.6,-457.31660434187893,12,0,1.0,5,2.4,120471.99096187371,58895.99385108578,101823.47718034295,0.08333333333333337,0.0996082151891861,0.00830068459909884,61,5842,13.595669984817505,0.8150033333333333
114,0.1,-779.9530380353141,12,0,1.0,7,1.7142857142857142,215623.16306723355,59237.70068807055,122330.90370417519,0.16666666666666663,0.05565264802398931,0.009275441337331552,68,5910,17.20306396484375,0.81285
115,0.4,-354.77346611120504,12,0,1.0,5,2.4,96864.79270922365,34004.97939028309,66582.88092104896,0.0,0.12388402085391896,0.0,48,5958,2.7474798653274775,0.81133
116,0.2,-408.62274191065615,12,0,1.0,4,3.0,93903.38205508175,44203.81246741271,77144.56469568417,0.0,0.1277909244308267,0.0,43,6001,10.210019826889038,0.8099683333333334
117,0.2,-376.7322364125545,12,0,1.0,4,3.0,100587.61182345742,37933.721724466996,57625.41677259343,0.0,0.11929898505853137,0.0,37,6038,8.320579700171947,0.8087966666666666
118,0.4,-358.16229951797743,12,0,1.0,5,2.4,90571.1125114421,35261.324807843965,74751.09982732206,0.0,0.13249257591358402,0.0,61,6099,5.82461466267705,0.8068649999999999
119,0.6,-331.12627344507104,12,0,1.0,5,2.4,97529.32381027687,41371.035649995945,84769.65219407265,0.08333333333333337,0.12303991795681388,0.010253326496401156,55,6154,0.25952309742569923,0.8051233333333333
120,0.4,-485.4932752363935,12,0,1.0,5,2.4,113364.86845091265,56460.32914653132,89099.93545489917,0.0,0.10585289926213814,0.0,60,6214,14.153699854388833,0.8032233333333334
121,0.4,-638.5321951571356,12,0,1.0,6,2.0,158915.85356066504,92927.70921624696,145917.81288337754,0.0,0.0755116606123824,0.0,67,6281,15.228272914886475,0.8011016666666666
122,0.4,-1004.2009718558311,12,0,1.0,4,3.0,281492.5910395521,150241.07241863865,236302.68821792453,0.0,0.04262989642350444,0.0,61,6342,1.7755547724664211,0.7991699999999999
123,0.6,-417.456846522811,12,0,1.0,4,3.0,125027.2737711096,55844.78521022072,99038.21222830232,0.08333333333333337,0.09597905831305804,0.007998254859421504,37,6379,12.240038394927979,0.7979983333333334
124,0.1,-627.0236031182512,12,0,1.0,7,1.7142857142857142,180355.5128955689,28852.41244149655,61501.66607481738,0.0,0.0665352547717704,0.0,81,6460,5.522443771362305,0.7954333333333333
125,0.4,-265.7243606686272,12,0,1.0,3,4.0,73987.86582766028,37099.66810215724,66948.5155015681,0.0,0.16218875711257255,0.0,34,6494,14.971756935119629,0.7943566666666667
126,0.1,-448.5259256204809,12,0,1.0,8,1.5,114671.79771222241,16047.147536399068,34463.20612285936,0.0,0.1046464801233422,0.0,82,6576,3.984486535191536,0.79176
127,0.6,-447.6168586751938,12,0,1.0,4,3.0,129475.26034786679,41080.10988947719,103696.63214589475,0.0,0.09268179857494845,0.0,42,6618,1.6910856440663338,0.79043
128,0.1,-823.5145474030714,12,0,1.0,9,1.3333333333333333,216176.2079859107,27065.931089013742,68132.0598177116,0.16666666666666663,0.05551027151323748,0.009251711918872913,94,6712,6.0982715636491776,0.7874533333333333
129,0.2,-297.4146847627462,12,0,1.0,6,2.0,82350.45505459103,20888.380510332638,52496.66985341283,0.0,0.14571868476069824,0.0,62,6774,0.966651514172554,0.78549
130,0.4,-423.7680052147995,12,0,1.0,4,3.0,147745.43832825514,45147.38288097404,84423.05124038257,0.0,0.08122078174311453,0.0,45,6819,5.740894556045532,0.784065
131,0.4,-432.0287816207832,12,0,1.0,3,4.0,152976.49850906356,77479.79243550372,120806.98339684107,0.08333333333333337,0.07844342181285463,0.006536951817737885,38,6857,6.811155557632446,0.7828616666666667
132,0.4,-394.6757261437881,12,0,1.0,4,3.0,107129.65163173778,54979.827583809114,102510.44061891502,0.0,0.11201380586254917,0.0,40,6897,0.2573242634534836,0.781595
133,0.4,-439.41558405973007,12,0,1.0,4,3.0,105297.47872306412,54812.35442342482,91809.69980330307,0.0,0.11396284265799374,0.0,39,6936,0.8920690938830376,0.78036
134,0.1,-628.3180687054476,12,0,1.0,7,1.7142857142857142,171351.03266280697,33006.93068164195,63129.36017792649,0.0,0.07003167599003732,0.0,69,7005,7.601628914475441,0.7781750000000001
135,0.4,-431.30112414779626,12,0,1.0,4,3.0,115882.35996368868,65176.68476140248,92182.21900848372,0.0,0.10355329321701902,0.0,46,7051,15.306619048118591,0.7767183333333334
136,0.1,-764.0495841367817,12,0,1.0,8,1.5,209237.36732979945,43267.18308559905,76533.22664165271,0.0,0.057351132606661165,0.0,79,7130,11.717020988464355,0.7742166666666667
137,0.2,-371.39745975211576,12,0,1.0,5,2.4,111134.78035999961,55794.00239823074,104761.77018228965,0.0,0.10797699838995788,0.0,59,7189,9.525687545537949,0.7723483333333333
138,0.1,-870.316943059268,12,0,1.0,7,1.7142857142857142,223357.26369391324,45599.1762918035,92275.24952932767,0.0,0.05372558654033607,0.0,78,7267,1.8649382591247559,0.7698783333333333
139,0.4,-527.9320719131433,12,0,1.0,6,2.0,125833.80175131814,58438.49136456169,115827.66743729071,0.0,0.09536388341596218,0.0,57,7324,13.126112937927246,0.7680733333333334
140,0.6,-651.6873900877331,12,0,1.0,5,2.4,165083.65185889398,63839.12819227928,138305.42652783982,0.0,0.07269042006810618,0.0,55,7379,18.469703435897827,0.7663316666666666
141,0.1,-853.8734539327651,12,0,1.0,6,2.0,201418.34944459167,60634.95505980873,118765.0733676391,0.08333333333333337,0.05957749149017373,0.004964790957514478,65,7444,10.420032501220703,0.7642733333333334
142,0.6,-298.65373308473625,12,0,1.0,4,3.0,97703.08976492516,36324.36861870786,87386.55216868088,0.08333333333333337,0.12282109019143764,0.01023509084928647,47,7491,1.3381503224372864,0.762785
143,0.6,-619.6200006627153,12,0,1.0,5,2.4,152882.22219796784,90323.80546526167,143164.90795333512,0.0,0.07849179471280283,0.0,57,7548,6.237530410289764,0.76098
144,0.1,-679.0338341470655,12,0,1.0,6,2.0,228908.3733107848,57568.669270715596,127261.48352950612,0.08333333333333337,0.0524227219233602,0.004368560160280016,69,7617,11.523536562919617,0.758795
145,0.2,-596.478930702707,12,0,1.0,5,2.4,134935.39282290507,46443.77419937061,96607.16728571744,0.08333333333333337,0.08893144896201775,0.007410954080168146,56,7673,3.7635908126831055,0.7570216666666667
146,0.6,-366.423486136829,12,0,1.0,6,2.0,84136.68850006483,30855.20932684903,71817.5633699817,0.0,0.142625057081855,0.0,57,7730,3.268429808318615,0.7552166666666666
147,0.1,-665.6911923177556,12,0,1.0,8,1.5,220776.32449863545,42583.01169847827,89023.40160301408,0.0,0.05435365421202203,0.0,98,7828,3.037356413900852,0.7521133333333333
148,0.2,-551.1840015560813,12,0,1.0,4,3.0,185066.36319617875,71967.59321296801,145320.65462771783,0.0,0.0648416048856996,0.0,46,7874,9.300490379333496,0.7506566666666666
149,0.6,-446.5515668613915,12,0,1.0,5,2.4,99232.72886806948,25491.406518926244,76540.40917680394,0.08333333333333337,0.12092784444086058,0.010077320370071715,51,7925,1.4344462230801582,0.7490416666666666
150,0.6,-514.2203405593934,12,0,1.0,5,2.4,137724.85246059907,65217.58150466758,128836.31996956098,0.0,0.08713024400177168,0.0,59,7984,9.060571193695068,0.7471733333333334
151,0.2,-667.7442553457951,12,0,1.0,5,2.4,182921.80958513077,82161.88917919136,129779.00086469275,0.08333333333333337,0.06560180017470944,0.005466816681225787,47,8031,0.15532184392213821,0.745685
152,0.1,-640.8499375852114,12,0,1.0,7,1.7142857142857142,172424.5791669881,33506.01400152405,58940.624375063875,0.0,0.06959564615424323,0.0,64,8095,1.8388908505439758,0.7436583333333333
153,0.4,-398.34276412771624,12,0,1.0,4,3.0,100794.0036562818,48997.27077973956,92641.22335877462,0.08333333333333337,0.11905470131855529,0.009921225109879608,40,8135,8.250044107437134,0.7423916666666667
154,0.6,-296.5658254490498,12,0,1.0,4,3.0,91878.27157398226,28120.949260686004,89057.16656381989,0.0,0.13060759409625328,0.0,47,8182,13.544007778167725,0.7409033333333334
155,0.1,-732.2062103251899,12,0,1.0,6,2.0,217926.7525747424,52933.11313942659,111533.83469738365,0.0,0.05506437304380222,0.0,72,8254,22.329116821289062,0.7386233333333334
156,0.6,-299.1418080378289,12,0,1.0,4,3.0,82775.42190646498,41472.39323223681,75081.76659488802,0.0,0.1449705688430054,0.0,42,8296,8.979322671890259,0.7372933333333334
157,0.4,-536.5842621432795,12,0,1.0,5,2.4,180823.3378720103,51273.083167062745,122079.6595589478,0.0,0.06636311518866991,0.0,66,8362,6.401656821370125,0.7352033333333333
158,0.6,-567.6470620022677,12,0,1.0,5,2.4,140553.0623163771,56532.57227569076,120815.93191840206,0.0,0.08537700852784459,0.0,58,8420,3.3548209965229034,0.7333666666666667
159,0.6,-397.2865215105474,12,0,1.0,4,3.0,104407.32453865232,58567.5136487651,95512.21587255027,0.0,0.11493446511559173,0.0,47,8467,1.6860631331801414,0.7318783333333334
160,0.6,-335.12140624830266,12,0,1.0,4,3.0,103043.17351783489,34586.534016461745,88315.00323799373,0.0,0.11645604061217137,0.0,53,8520,11.374075770378113,0.7302
161,0.6,-553.4872518226908,12,0,1.0,5,2.4,162334.3698419907,72617.10397304146,154514.0489619997,0.08333333333333337,0.07392149925909272,0.006160124938257727,54,8574,15.184735342860222,0.7284900000000001
162,0.1,-465.7119025863826,12,0,1.0,5,2.4,115590.11139952535,38358.42460366151,73956.93865425313,0.08333333333333337,0.10381510887659959,0.008651259073049965,59,8633,6.240905702114105,0.7266216666666667
163,0.4,-699.7014785649105,12,0,1.0,3,4.0,161889.19177269726,104030.06034483232,146231.19593024274,0.0,0.07412477552453757,0.0,37,8670,6.666708946228027,0.72545
164,0.2,-445.6339169026677,12,0,1.0,4,3.0,99744.1595820672,40695.41344548939,87125.35884843959,0.0,0.1203077959680103,0.0,41,8711,15.66921091079712,0.7241516666666667
165,0.6,-535.4577024922132,12,0,1.0,5,2.4,158043.72818515188,49984.35462526524,143163.55609213695,0.08333333333333337,0.07592835310706998,0.006327362758922498,54,8765,3.3193161487579346,0.7224416666666666
166,0.6,-313.5568674547787,12,0,1.0,4,3.0,75700.33317745528,37323.48543964023,64333.71831896419,0.0,0.1585197778703276,0.0,37,8802,14.775397777557373,0.7212700000000001
167,0.2,-480.1731076790638,12,0,1.0,6,2.0,134197.8052659574,34784.464908985385,72863.41376415202,0.08333333333333337,0.08942024034013094,0.007451686695010911,72,8874,19.871959686279297,0.71899
168,0.6,-649.6967046052303,12,0,1.0,4,3.0,149094.1521219663,84324.79238561395,130627.35878052375,0.0,0.0804860541423745,0.0,51,8925,13.076202869415283,0.7173750000000001
169,0.1,-787.6160592282499,12,0,1.0,4,3.0,260531.75946854413,90077.19930020405,161182.77550279768,0.0,0.04605964364758703,0.0,54,8979,12.323742628097534,0.715665
170,0.1,-900.121806066324,12,0,1.0,10,1.2,239332.4154105665,23348.679270149485,43361.84152064463,0.0,0.05013946806751779,0.0,112,9091,4.438199646770954,0.7121183333333334
171,0.6,-525.9163236682394,12,0,1.0,4,3.0,124458.96773831561,83359.58009942815,116425.9380659419,0.0,0.09641731904149252,0.0,53,9144,13.576830387115479,0.71044
172,0.1,-608.6596992341645,12,0,1.0,5,2.4,182682.1849289477,48076.5428247857,98353.86584374239,0.0,0.06568785021192554,0.0,59,9203,9.021048784255981,0.7085716666666666
173,0.1,-707.9696727891239,12,0,1.0,8,1.5,163487.26341397088,28269.85076252113,61334.10539094306,0.0,0.07340021326073853,0.0,96,9299,16.523577511310577,0.7055316666666667
174,0.4,-425.9546880380735,12,0,1.0,5,2.4,103791.9177768338,52763.04804189773,80742.31952904676,0.0,0.11561593866876581,0.0,66,9365,10.661421537399292,0.7034416666666667
175,0.4,-283.14409138308474,12,0,1.0,6,2.0,91063.94456794731,20529.921550887153,63668.02469635352,0.0,0.13177553483910645,0.0,73,9438,6.961381494998932,0.70113
176,0.1,-952.7397839374571,12,0,1.0,8,1.5,212705.293085759,29913.74882664788,74762.43432597345,0.0,0.05641608549516354,0.0,88,9526,8.832437515258789,0.6983433333333333
177,0.2,-337.895879169526,12,0,1.0,4,3.0,106447.75301652757,35430.40476704009,52292.35706249094,0.08333333333333337,0.11273136031473416,0.009394280026227848,41,9567,4.915371373295784,0.697045
178,0.6,-394.31300511975627,12,0,1.0,5,2.4,95748.11048437863,40564.879964592204,87996.21202785942,0.08333333333333337,0.1253288439771123,0.010444070331426025,73,9640,22.235557556152344,0.6947333333333333
179,0.2,-586.2483630149633,12,0,1.0,5,2.4,155080.1574244169,54284.41662017413,126351.5068361967,0.08333333333333337,0.07737933852593987,0.006448278210494989,70,9710,18.102639198303223,0.6925166666666667
180,0.2,-415.7783482727876,12,0,1.0,4,3.0,103720.70141303664,48708.16075701545,73749.11351443971,0.0,0.115695322500892,0.0,39,9749,10.398136377334595,0.6912816666666667
181,0.6,-341.9596361913419,12,0,1.0,4,3.0,133615.37153591696,53728.9040030938,97300.06842871552,0.0,0.08981002606256495,0.0,37,9786,0.3124544024467468,0.69011
182,0.6,-545.6744887739675,12,0,1.0,4,3.0,129784.13749332464,87029.81095182337,121830.57997798869,0.0,0.0924612223941251,0.0,47,9833,12.351970195770264,0.6886216666666667
183,0.1,-512.91838863193,12,0,1.0,10,1.2,134955.5463173533,20527.207826743568,52333.14200661972,0.16666666666666663,0.08891816844475238,0.014819694740792063,113,9946,9.426303267478943,0.6850433333333333
184,0.6,-719.4145138744962,12,0,1.0,4,3.0,148050.66720384476,74210.52264322901,133951.78072436634,0.0,0.08105333279908629,0.0,38,9984,13.889630317687988,0.68384
185,0.1,-635.0695938181603,12,0,1.0,8,1.5,158068.08174105638,39749.877855239065,82542.43457639616,0.0,0.07591665482256016,0.0,102,10086,4.458229839801788,0.6806099999999999
186,0.4,-371.38593891593644,12,0,1.0,4,3.0,109847.7509771933,51006.679556418654,98650.5075124443,0.08333333333333337,0.10924210913058613,0.009103509094215511,48,10134,2.3586074113845825,0.67909
187,0.2,-416.90790955516286,12,0,1.0,4,3.0,94198.79437507104,47307.68775219315,77201.68138449127,0.0,0.1273901654433032,0.0,46,10180,7.501626014709473,0.6776333333333333
188,0.1,-775.403066520465,12,0,1.0,7,1.7142857142857142,218339.83268644067,44941.54870397236,104743.8459365405,0.08333333333333337,0.05496019600433276,0.004580016333694397,69,10249,16.15831685066223,0.6754483333333333
189,0.1,-808.8265705863776,12,0,1.0,5,2.4,244065.60781522084,97822.50992185617,176744.22483633354,0.0,0.04916710759627001,0.0,63,10312,7.783708572387695,0.6734533333333333
190,0.2,-453.02720113837984,12,0,1.0,5,2.4,115100.81245908319,49292.156047645636,87014.03561461676,0.08333333333333337,0.10425643176294555,0.008688035980245463,71,10383,6.589214280247688,0.671205
191,0.6,-699.2066068565812,12,0,1.0,4,3.0,166301.65901808566,105023.24694118746,152955.9253725289,0.0,0.07215802939581603,0.0,51,10434,4.1138624250888824,0.66959
192,0.1,-728.1515532166195,12,0,1.0,5,2.4,164301.8687603599,42823.16139381374,78898.69934547754,0.0,0.0730362964860882,0.0,59,10493,1.6272318363189697,0.6677216666666667
193,0.6,-644.6056528266745,12,0,1.0,4,3.0,147182.79748322372,100237.69631483655,145703.84508295663,0.0,0.08153126727576836,0.0,53,10546,0.39007768034935,0.6660433333333333
194,0.6,-281.7583184260393,12,0,1.0,4,3.0,100440.63310968716,31805.776714045463,87700.5387204368,0.08333333333333337,0.11947355993759304,0.00995612999479942,47,10593,5.593965649604797,0.664555
195,0.2,-485.3607501483185,12,0,1.0,5,2.4,152352.20424621092,54337.258402962296,106224.30979416911,0.08333333333333337,0.07876485974963139,0.006563738312469283,60,10653,2.7903364822268486,0.662655
196,0.4,-544.0719497853426,12,0,1.0,4,3.0,132934.57718276218,71508.42706981447,104096.88612440423,0.0,0.09026996778650045,0.0,36,10689,2.995978593826294,0.6615150000000001
197,0.2,-571.9212336434738,12,0,1.0,4,3.0,169764.81981578993,61683.01980990751,138941.00933542452,0.0,0.07068602324687222,0.0,49,10738,5.818751037120819,0.6599633333333333
198,0.6,-154.9879500130964,12,0,1.0,3,4.0,53871.47689662073,20426.694200646627,49460.93971911215,0.0,0.22275238570176903,0.0,34,10772,18.44822359085083,0.6588866666666666
199,0.6,-639.5329860858534,12,0,1.0,4,3.0,145324.81454429196,56295.12040047432,98987.98892980292,0.0,0.08257364743680888,0.0,49,10821,6.581342309713364,0.657335
200,0.4,-507.8844608665224,12,0,1.0,5,2.4,143009.1670138624,57977.64366204247,94624.73588384126,0.0,0.0839107048210189,0.0,56,10877,10.263545870780945,0.6555616666666667
201,0.4,-354.17183238156315,12,0,1.0,4,3.0,88545.78572502988,38810.635830227664,67619.62041946033,0.08333333333333337,0.13552310707665755,0.011293592256388128,59,10936,4.684115052223206,0.6536933333333333
202,0.6,-264.5894663671063,12,0,1.0,5,2.4,93921.94185883572,33453.83005125152,62138.778273972996,0.08333333333333337,0.12776567181751788,0.01064713931812649,64,11000,27.256869316101074,0.6516666666666667
203,0.2,-422.2972691619489,12,0,1.0,4,3.0,109370.50296429693,41269.058918353025,67990.18581543856,0.0,0.1097187968854573,0.0,55,11055,12.221893310546875,0.6499250000000001
204,0.2,-583.341823531743,12,0,1.0,5,2.4,152878.46349218048,55389.04974789959,108679.57051589542,0.0,0.07849372453049139,0.0,61,11116,12.101712465286255,0.6479933333333334
205,0.4,-431.4368641292101,12,0,1.0,4,3.0,106593.11534861728,54894.922242309236,78210.97176979705,0.0,0.112577627183083,0.0,48,11164,14.031692117452621,0.6464733333333333
206,0.4,-293.59332300335643,12,0,1.0,5,2.4,68579.79849175815,27479.754685912634,44577.920382189295,0.08333333333333337,0.17497864187282713,0.01458155348940226,58,11222,7.763966798782349,0.6446366666666667
207,0.4,-656.287302126543,12,0,1.0,4,3.0,155523.91109426031,89252.9684104396,149641.43170314186,0.0,0.07715855340550824,0.0,53,11275,11.885714508593082,0.6429583333333333
208,0.1,-514.6268628320554,12,0,1.0,9,1.3333333333333333,138803.55127900568,27313.28946089485,72100.11660959157,0.08333333333333337,0.08645311945858711,0.007204426621548926,118,11393,17.103233814239502,0.6392216666666667
209,0.6,-480.9265903629922,12,0,1.0,4,3.0,141869.7315113631,79019.93607888023,132263.40302983814,0.0,0.08458463882437713,0.0,52,11445,4.148717185482383,0.637575
210,0.6,-617.1105759657166,12,0,1.0,4,3.0,152952.64741287613,87624.27426607574,126720.96532009356,0.0,0.07845565410585888,0.0,50,11495,10.253147602081299,0.6359916666666667
211,0.1,-659.0616773707704,12,0,1.0,6,2.0,165821.30228199868,41805.5251590178,76950.91775716082,0.0,0.07236705920685983,0.0,75,11570,7.3706240355968475,0.6336166666666667
212,0.2,-487.9018997428703,12,0,1.0,4,3.0,162120.98316577997,51308.54726280354,103961.56321723707,0.0,0.07401879612171589,0.0,58,11628,9.150142170488834,0.63178
213,0.6,-394.03138260358037,12,0,1.0,6,2.0,101761.44129739521,23575.991273127758,74482.4985806611,0.0,0.11792285807873247,0.0,66,11694,3.7333275005221367,0.6296900000000001
214,0.2,-710.8308888493613,12,0,1.0,4,3.0,162649.98769016226,122996.88716165682,151353.01582683282,0.0,0.07377805661356228,0.0,49,11743,7.273459315299988,0.6281383333333334
215,0.6,-218.91506821355736,12,0,1.0,5,2.4,61640.20344331331,22665.803409910393,44105.78888485661,0.16666666666666663,0.1946781374762278,0.03244635624603797,54,11797,0.19454741850495338,0.6264283333333334
216,0.2,-566.5099769681899,12,0,1.0,5,2.4,136252.1143500912,52677.71024534184,103044.9265715336,0.0,0.08807202777908281,0.0,54,11851,7.743610262870789,0.6247183333333333
217,0.4,-432.76306907257765,12,0,1.0,4,3.0,110595.87237595858,56888.16175933544,82816.26398164788,0.0,0.10850314520968117,0.0,41,11892,10.801792860031128,0.6234200000000001
218,0.2,-465.9665578920488,12,0,1.0,4,3.0,104027.52811971889,64097.598556008306,84362.68776991103,0.0,0.11535408191368285,0.0,57,11949,13.973223686218262,0.621615
219,0.2,-860.4417722849731,12,0,1.0,5,2.4,200226.6910120289,78375.85277797874,150580.40854571757,0.0,0.05993206969234228,0.0,72,12021,1.6983710378408432,0.619335
220,0.6,-390.28373715789246,12,0,1.0,4,3.0,88100.98404314634,44738.25784873698,80563.97882771457,0.0,0.1362073321919214,0.0,43,12064,8.71489803493023,0.6179733333333333
221,0.2,-415.5772719581517,12,0,1.0,5,2.4,138162.93802860397,45733.55497925051,85734.88889444602,0.0,0.08685397235484114,0.0,68,12132,6.819424629211426,0.61582
222,0.2,-695.8891178665015,12,0,1.0,12,1.0,152702.08460399474,13322.597407026842,46715.70009638828,0.41666666666666663,0.07858438888453836,0.03274349536855765,148,12280,5.184728339314461,0.6111333333333333
223,0.2,-563.6338054194603,12,0,1.0,5,2.4,148936.0432086795,56341.96276531662,134639.31059636624,0.08333333333333337,0.08057149727810602,0.006714291439842168,71,12351,2.3787349462509155,0.608885
224,0.1,-529.9838182558109,12,0,1.0,6,2.0,162268.25661613353,45109.581095686626,75201.11082346484,0.16666666666666663,0.07395161721856386,0.01232526953642731,66,12417,4.9128113985061646,0.606795
225,0.4,-375.48987623736656,12,0,1.0,6,2.0,113313.09216290977,28715.447853378897,65006.52906788048,0.0,0.10590126675519232,0.0,87,12504,9.981833696365356,0.60404
226,0.4,-222.8919063653385,12,0,1.0,4,3.0,52003.941454081505,19611.85575109231,28571.436189447726,0.25,0.23075174043482402,0.057687935108706005,52,12556,10.495717886835337,0.6023933333333333
227,0.1,-365.72436088099874,12,0,1.0,5,2.4,99540.80105262776,37885.87372842877,81995.07854691807,0.0,0.12055358077393344,0.0,55,12611,10.378569841384888,0.6006516666666667
228,0.4,-576.9647574214948,12,0,1.0,4,3.0,133083.9696928921,64781.94979661579,112549.83178646422,0.0,0.09016863584465883,0.0,53,12664,7.541718447580934,0.5989733333333334
229,0.6,-438.7485772708055,12,0,1.0,4,3.0,138729.871279505,63890.467923924145,115641.33955399889,0.0,0.08649903506234131,0.0,47,12711,19.10588550567627,0.597485
230,0.2,-280.74930613363483,12,0,1.0,5,2.4,78585.1231421054,30400.14125486948,49285.03088753171,0.08333333333333337,0.1527006578369854,0.012725054819748784,54,12765,2.5705515146255493,0.595775
231,0.2,-360.74714494757876,12,0,1.0,4,3.0,110338.02152396928,54976.35146578005,94525.64646195616,0.08333333333333337,0.10875670810712498,0.009063059008927081,46,12811,7.601309955120087,0.5943183333333333
232,0.2,-560.7935452262607,12,0,1.0,5,2.4,175253.24418972753,55123.21127026335,152314.27199276676,0.0,0.06847234158478066,0.0,50,12861,0.8532706499099731,0.592735
233,0.6,-372.3571620958783,12,0,1.0,6,2.0,83458.24384670783,33158.78376997637,75564.56478762715,0.0,0.1437844776849251,0.0,86,12947,0.7310604024678469,0.5900116666666667
234,0.1,-855.5677021070758,12,0,1.0,7,1.7142857142857142,229840.93900161222,46132.775569834805,93282.2715431007,0.0,0.052210019903877206,0.0,88,13035,7.264723435044289,0.587225
235,0.4,-448.2182747529267,12,0,1.0,5,2.4,125382.32273437106,59511.601196352625,110255.87415341554,0.0,0.09570727147416642,0.0,76,13111,1.4409922175109386,0.5848183333333333
236,0.4,-319.1999490145978,12,0,1.0,3,4.0,92947.24380202315,45201.03257116477,67328.39608034737,0.0,0.12910549586128556,0.0,36,13147,7.3724294900894165,0.5836783333333333
237,0.4,-500.88621426105294,12,0,1.0,5,2.4,141922.56754176397,54463.66063128607,126316.47993200681,0.08333333333333337,0.0845531490012589,0.007046095750104908,57,13204,17.051491171121597,0.5818733333333334
238,0.6,-512.9224569767899,12,0,1.0,4,3.0,137961.2652403543,77021.58644974814,125433.81872763118,0.0,0.08698093612793242,0.0,54,13258,7.879468724131584,0.5801633333333334
239,0.4,-404.28866197922923,12,0,1.0,3,4.0,106295.9478592189,47974.12146248302,87020.86912911807,0.0,0.11289235612154389,0.0,40,13298,2.352096915245056,0.5788966666666667
240,0.4,-470.3362159724288,12,0,1.0,4,3.0,148048.64952164105,58445.37682128288,128400.12033532509,0.0,0.0810544374350804,0.0,49,13347,24.87822723388672,0.577345
241,0.2,-417.12542803068106,12,0,1.0,5,2.4,109231.435302421,32810.466359152844,96178.69415490735,0.0,0.10985848503021577,0.0,72,13419,27.27152729034424,0.575065
242,0.2,-379.78932921541497,12,0,1.0,4,3.0,112604.17497568068,37930.57970008009,56765.93039321278,0.08333333333333337,0.10656798473583827,0.00888066539465319,52,13471,3.783904731273651,0.5734183333333334
243,0.6,-354.5470264770121,12,0,1.0,4,3.0,101454.55623563487,31303.95320043288,81370.79110249506,0.0,0.11827955732347015,0.0,49,13520,1.383928120136261,0.5718666666666667
244,0.6,-457.4734547614668,12,0,1.0,4,3.0,142818.25575339154,71485.23181663589,135887.87411277258,0.0,0.0840228718429439,0.0,54,13574,25.6643648147583,0.5701566666666666
245,0.4,-455.55638311490156,12,0,1.0,3,4.0,125298.30006090316,60048.31052633134,109317.95931366643,0.0,0.0957714509627602,0.0,43,13617,9.400296777486801,0.5687949999999999
246,0.2,-441.44126678458406,12,0,1.0,5,2.4,101539.00246662296,28783.637742408344,61317.199193005144,0.0,0.11818118859247743,0.0,60,13677,7.11178058385849,0.5668949999999999
247,0.4,-310.29226877893865,12,0,1.0,4,3.0,81888.93652994941,23798.13640522084,38363.846236413076,0.0,0.14653994188349503,0.0,51,13728,7.340055700391531,0.56528
248,0.6,-219.1376129745238,12,0,1.0,5,2.4,47977.38930072883,16634.30494107896,33403.36215988104,0.16666666666666663,0.25011781955834156,0.04168630325972359,72,13800,11.36181640625,0.563
249,0.4,-338.9717586060412,12,0,1.0,4,3.0,85724.16594145935,31416.13278519418,63141.901459172914,0.0,0.13998386415558417,0.0,49,13849,6.148260831832886,0.5614483333333333
250,0.1,-584.162169364929,12,0,1.0,8,1.5,198650.52211040727,21811.268740671312,43808.28759217578,0.16666666666666663,0.0604075935593593,0.010067932259893216,92,13941,4.991547703742981,0.558535
251,0.4,-679.4388578798794,12,0,1.0,5,2.4,172442.36663678123,73910.59141172701,143238.906641468,0.0,0.06958846734733024,0.0,82,14023,3.1631736159324646,0.5559383333333334
252,0.6,-352.09697971396827,12,0,1.0,5,2.4,83233.10271205135,43941.263610193295,74798.79844036854,0.0,0.14417340708197,0.0,64,14087,3.459208607673645,0.5539116666666667
253,0.1,-425.377981223275,12,0,1.0,6,2.0,107629.19473747244,22842.90099895882,53637.459699637206,0.08333333333333337,0.1114939123094828,0.009291159359123566,90,14177,11.722735404968262,0.5510616666666667
254,0.2,-590.2005970824673,12,0,1.0,4,3.0,139196.51769323708,82346.10005700476,124235.2123564338,0.0,0.08620905320667391,0.0,69,14246,11.093742370605469,0.5488766666666667
255,0.4,-210.78800086792177,12,0,1.0,4,3.0,67863.80887334386,24135.812253759505,57415.54058317446,0.08333333333333337,0.17682473470352864,0.014735394558627386,65,14311,5.870469629764557,0.5468183333333334
256,0.1,-544.2428625679592,12,0,1.0,7,1.7142857142857142,138557.85972688269,37583.969234759534,95385.60976724335,0.16666666666666663,0.0866064186012523,0.014434403100208716,85,14396,19.48536777496338,0.5441266666666666
257,0.4,-365.9368480530004,12,0,1.0,4,3.0,111884.39086176423,34543.53055438744,76633.0836450418,0.08333333333333337,0.10725356689680046,0.008937797241400038,60,14456,16.64292287826538,0.5422266666666666
258,0.6,-273.6505828314182,12,0,1.0,5,2.4,72049.80987109439,27830.071030866337,59755.41698206373,0.0,0.16655144574939776,0.0,70,14526,4.458231538534164,0.54001
259,0.2,-609.8504950664492,12,0,1.0,7,1.7142857142857142,169786.98615761055,41766.0852962391,92871.89601076003,0.0,0.07067679491560437,0.0,89,14615,7.31554102897644,0.5371916666666667
260,0.4,-463.96082865445896,12,0,1.0,4,3.0,126499.63806663579,63839.76339753945,95029.87869753421,0.0,0.0948619314916838,0.0,66,14681,2.998506188392639,0.5351016666666667
261,0.1,-480.0553346596733,12,0,1.0,7,1.7142857142857142,155283.76348989276,31806.589741410862,54718.63527164285,0.08333333333333337,0.0772778797364804,0.006439823311373366,87,14768,11.589695692062378,0.5323466666666667
262,0.1,-421.9919852479391,12,0,1.0,6,2.0,147349.2021085256,29948.28847932302,65775.32138944129,0.16666666666666663,0.08143919226085637,0.013573198710142727,68,14836,5.044403553009033,0.5301933333333333
263,0.4,-264.1269124529538,12,0,1.0,4,3.0,98487.45340092329,30517.65982285311,78321.91091616127,0.33333333333333337,0.12184293111073075,0.04061431037024358,51,14887,1.400145709514618,0.5285783333333334
264,0.6,-325.5231102267858,12,0,1.0,3,4.0,106901.49248972688,38792.693962234036,89035.10251428928,0.0,0.11225287618087454,0.0,47,14934,2.7945521622896194,0.5270900000000001
265,0.6,-207.10322630481335,12,0,1.0,4,3.0,52545.55512126492,24598.98952588493,41486.27289682538,0.0,0.22837326529915486,0.0,48,14982,2.098919153213501,0.5255700000000001
266,0.4,-401.8176343564219,12,0,1.0,3,4.0,91206.4956628923,44633.7042621648,84986.41311957632,0.0,0.1315695764077278,0.0,28,15010,4.931317985057831,0.5246833333333334
267,0.2,-377.50063167121436,12,0,1.0,5,2.4,90811.24906251318,30072.55444628513,51895.67527084176,0.08333333333333337,0.13214221942635512,0.011011851618862926,82,15092,12.793811976909637,0.5220866666666667
268,0.1,-522.0415494731647,12,0,1.0,4,3.0,122956.53929032933,49301.64822493858,93600.47026327476,0.0,0.09759545990201607,0.0,60,15152,6.682843565940857,0.5201866666666667
269,0.1,-837.4105492816982,12,0,1.0,7,1.7142857142857142,197977.15792380806,41313.15797580193,61715.329660557865,0.0,0.06061305317160996,0.0,78,15230,9.721227765083313,0.5177166666666666
270,0.4,-424.50448150159804,12,0,1.0,5,2.4,91298.6994186534,42017.8749205811,76974.13737537757,0.0,0.13143670256433312,0.0,66,15296,8.434252917766571,0.5156266666666667
271,0.6,-469.2007237492859,12,0,1.0,3,4.0,113872.8144387569,59809.09434185584,101999.89664481922,0.0,0.10538072725385954,0.0,42,15338,9.304717779159546,0.5142966666666667
272,0.6,-314.04548782390407,12,0,1.0,4,3.0,84370.43685442793,29673.045655558362,70545.70562265888,0.0,0.14222991426137457,0.0,47,15385,10.781646251678467,0.5128083333333333
273,0.4,-720.0796237181685,12,0,1.0,7,1.7142857142857142,185383.95892310826,61487.258054868675,165005.53085046244,0.08333333333333337,0.06473051967229398,0.005394209972691166,94,15479,11.015522241592407,0.5098316666666667
274,0.2,-370.1748496946906,12,0,1.0,4,3.0,112536.6632163143,44034.78806104579,75559.25595569632,0.0,0.10663191583114555,0.0,58,15537,0.8111271411180496,0.507995
275,0.4,-213.0704290790308,12,0,1.0,4,3.0,58010.69956083127,19186.227630120757,31877.76581771588,0.08333333333333337,0.206858391483739,0.017238199290311583,47,15584,15.169816017150879,0.5065066666666667
276,0.2,-626.9133804865837,12,0,1.0,4,3.0,150246.26794201043,52251.00283576581,96432.13838666581,0.0,0.07986887238112005,0.0,62,15646,7.006442844867706,0.5045433333333333
277,0.6,-300.5452354070138,12,0,1.0,5,2.4,114348.78730673445,43082.36184655895,104781.34275620087,0.0,0.10494208362534399,0.0,84,15730,2.868251919746399,0.5018833333333333
278,0.6,-378.6208463573428,12,0,1.0,6,2.0,97779.756924646,42062.75116748942,75607.16229263673,0.16666666666666663,0.12272478862110286,0.020454131436850476,80,15810,8.547583639621735,0.49934999999999996
279,0.6,-525.7655407908562,12,0,1.0,3,4.0,145020.43418868585,84169.43115572321,133703.00385256452,0.0,0.08274695953803876,0.0,52,15862,12.985246762633324,0.4977033333333333
280,0.1,-370.9917761122064,12,0,1.0,5,2.4,112715.08256690469,34189.577972263614,50432.04552988335,0.08333333333333337,0.1064631256680056,0.008871927139000466,74,15936,7.012059926986694,0.49536
281,0.2,-515.4898582474777,12,0,1.0,6,2.0,121340.8055224109,31044.36498156226,89434.82102801332,0.0,0.09889500855327414,0.0,103,16039,10.459371834993362,0.4920983333333334
282,0.1,-802.820486013798,12,0,1.0,9,1.3333333333333333,179067.71719847422,32475.17259864153,73623.84231503081,0.08333333333333337,0.06701375428101033,0.005584479523417528,121,16160,13.749821186065674,0.48826666666666674
283,0.6,-320.82619147619835,12,0,1.0,4,3.0,101246.23416697534,33408.9354230923,90147.62746788794,0.08333333333333337,0.11852292679063592,0.009876910565886327,58,16218,4.555330276489258,0.48643000000000003
284,0.6,-307.67483293616954,12,0,1.0,5,2.4,69334.55258400366,36793.21364640071,65100.75163494534,0.0,0.1730738795128325,0.0,67,16285,14.047115325927734,0.48430833333333345
285,0.4,-385.84304366204856,12,0,1.0,5,2.4,94141.28545362336,38891.1241029014,85860.52047268367,0.0,0.12746798540276505,0.0,69,16354,0.797141432762146,0.48212333333333335
286,0.4,-294.0099686174957,12,0,1.0,5,2.4,95856.91262518015,35374.265090296256,74644.37580657518,0.0,0.12518658979684041,0.0,55,16409,1.6094117164611816,0.4803816666666666
287,0.1,-592.0418713576113,12,0,1.0,7,1.7142857142857142,145445.7363327321,40726.430681174796,96984.89481953946,0.0,0.0825049967263938,0.0,92,16501,0.6341265961527824,0.4774683333333333
288,0.4,-281.16813294370144,12,0,1.0,4,3.0,73790.10383013076,29657.60472156511,62400.832920805624,0.25,0.1626234329148624,0.0406558582287156,63,16564,4.718686163425446,0.4754733333333333
289,0.4,-423.0274696884535,12,0,1.0,3,4.0,105776.2325904376,43372.06619335258,70857.3435254252,0.0,0.11344703537006881,0.0,34,16598,1.3795440196990967,0.4743966666666667
290,0.4,-346.5829857655764,12,0,1.0,3,4.0,128448.35153761254,33715.57502224527,68696.20221249189,0.0,0.09342276375174913,0.0,58,16656,5.66764497756958,0.47256
291,0.2,-419.5366910613995,12,0,1.0,5,2.4,122118.35710784413,34979.94235535364,71852.5562892372,0.16666666666666663,0.09826532459327685,0.016377554098879473,70,16726,6.272509336471558,0.47034333333333334
292,0.6,-495.1316216262069,12,0,1.0,4,3.0,130630.81483809509,73308.50516531216,119630.24170892572,0.0,0.09186193942733113,0.0,51,16777,10.373468399047852,0.4687283333333333
293,0.4,-337.54389964194723,12,0,1.0,5,2.4,94273.68703221691,33091.40207349717,75925.9168574759,0.0,0.12728896447954924,0.0,64,16841,9.374167442321777,0.4667016666666667
294,0.4,-342.40292777818877,12,0,1.0,5,2.4,93527.7701131847,35671.53205297248,84671.85853120766,0.0,0.12830413881864108,0.0,57,16898,25.770347595214844,0.4648966666666666
295,0.4,-400.40046804596335,12,0,1.0,5,2.4,93532.60597424209,43620.40748631032,78724.70477368622,0.08333333333333337,0.12829750518556787,0.010691458765463988,72,16970,19.499305367469788,0.4626166666666667
296,0.2,-394.88020579425245,12,0,1.0,7,1.7142857142857142,107035.03882380818,17702.65789913769,35586.04488087517,0.16666666666666663,0.1121128196137095,0.01868546993561825,90,17060,9.390665024518967,0.45976666666666666
297,0.4,-282.95394253941777,12,0,1.0,4,3.0,99382.22177291503,45565.947326692294,86477.96494814008,0.0,0.12074594214063344,0.0,58,17118,12.592395782470703,0.45793000000000006
298,0.2,-432.6971018411499,12,0,1.0,5,2.4,136849.92886595227,62811.59678680603,99843.86596222813,0.08333333333333337,0.08768729439205103,0.007307274532670919,70,17188,7.485031366348267,0.4557133333333334
299,0.6,-388.71742348671415,12,0,1.0,5,2.4,124004.48619645154,50707.40844442594,106383.70158254587,0.08333333333333337,0.09677069248115144,0.008064224373429286,82,17270,2.369167923927307,0.4531166666666667
300,0.4,-309.9539341991681,12,0,1.0,6,2.0,71498.75197009265,19160.492837978676,39309.59513133454,0.08333333333333337,0.16783509738770688,0.01398625811564224,106,17376,10.332805439829826,0.44975999999999994
301,0.4,-418.32779513841126,12,0,1.0,4,3.0,114394.409819138,51582.791307740605,94924.34919867176,0.0,0.1049002308676837,0.0,59,17435,3.9093079566955566,0.4478916666666667
302,0.1,-710.2168752770688,12,0,1.0,6,2.0,188481.8727694599,63620.14910806786,120889.10293512025,0.0,0.0636665999954155,0.0,85,17520,3.125353157520294,0.44520000000000004
303,0.1,-531.0551939130114,12,0,1.0,8,1.5,145806.80678736544,26820.865139082653,46294.3894661003,0.08333333333333337,0.08230068447695978,0.006858390373079981,130,17650,5.916653871536255,0.44108333333333327
304,0.2,-378.9420347770992,12,0,1.0,5,2.4,104188.88525171073,47746.68380753158,81887.82816650745,0.0,0.11517543326247429,0.0,64,17714,6.55029571056366,0.43905666666666665
305,0.6,-338.7864994900895,12,0,1.0,4,3.0,75802.5035606839,44498.76073226611,63616.18206348043,0.0,0.15830611703204986,0.0,58,17772,17.124535083770752,0.43721999999999994
306,0.4,-553.4021967439339,12,0,1.0,5,2.4,140642.76162916175,78704.25225781671,129020.20158103794,0.0,0.08532255667476772,0.0,80,17852,1.6752948015928268,0.4346866666666668
307,0.1,-490.1808542401507,12,0,1.0,9,1.3333333333333333,185574.41992316622,12810.172249809884,31304.49672916008,0.16666666666666663,0.0646640846565404,0.010777347442756734,116,17968,4.609340138733387,0.43101333333333336
308,0.1,-618.7096631397378,12,0,1.0,8,1.5,204771.81852484675,27396.253333479963,64880.44454617353,0.0,0.058601813894346676,0.0,112,18080,1.4092610776424408,0.42746666666666666
309,0.4,-589.8491217970162,12,0,1.0,5,2.4,171457.15407625813,75939.45338556728,133342.02915369946,0.0,0.069988330697842,0.0,92,18172,11.07624340057373,0.42455333333333334
310,0.4,-586.1788845332626,12,0,1.0,3,4.0,148090.97461831378,88468.98175910428,125462.44777359518,0.0,0.0810312716958513,0.0,38,18210,15.108510971069336,0.42335
311,0.4,-458.45906823057777,12,0,1.0,4,3.0,112520.11932225923,64146.010598562825,98304.61443409251,0.0,0.10664759397945384,0.0,57,18267,4.721662282943726,0.42154500000000006
312,0.1,-602.7384062675854,12,0,1.0,5,2.4,160058.11550802473,45089.29519172533,82172.01838204268,0.0,0.07497276824678324,0.0,66,18333,6.848877429962158,0.419455
313,0.1,-701.7042593701997,12,0,1.0,9,1.3333333333333333,177852.35811321324,23756.400790677337,44724.25372120893,0.0,0.06747169465338948,0.0,135,18468,8.14357428252697,0.41518
314,0.4,-611.3467316579511,12,0,1.0,4,3.0,162488.2122171321,101491.51234188331,148468.4569443224,0.0,0.0738515110497029,0.0,59,18527,6.93821656703949,0.41331166666666663
315,0.4,-369.7621596119592,12,0,1.0,7,1.7142857142857142,107432.45349649126,24399.803347419027,81345.92429858935,0.25,0.11169809130712927,0.027924522826782316,113,18640,0.5721694827079773,0.4097333333333334
316,0.1,-672.6424445789288,12,0,1.0,10,1.2,167837.2685929624,22233.331125907735,63779.30625151166,0.0,0.07149782703567646,0.0,157,18797,5.325494766235352,0.4047616666666667
317,0.2,-435.08950666462437,12,0,1.0,5,2.4,113763.9288127539,36519.12840978162,78810.18958577955,0.08333333333333337,0.10548158915776384,0.008790132429813654,90,18887,12.181697845458984,0.40191166666666667
318,0.4,-334.5094185635454,12,0,1.0,5,2.4,108079.14122849735,35727.18188093589,80779.18289526468,0.0,0.11102974971488713,0.0,81,18968,3.827315751463175,0.39934666666666674
319,0.2,-301.3113839138731,12,0,1.0,5,2.4,95406.02618689675,29560.686941314852,61043.69023211453,0.08333333333333337,0.12577821841664866,0.010481518201387386,67,19035,6.503334626555443,0.39722500000000005
320,0.2,-456.9145157276525,12,0,1.0,7,1.7142857142857142,129916.2238512366,32858.75361102153,86123.86346930954,0.0,0.09236721668989442,0.0,117,19152,14.857818603515625,0.3935200000000001
321,0.6,-290.7465678682716,12,0,1.0,5,2.4,78626.25206901983,38619.7753733026,60326.52855648963,0.16666666666666663,0.15262078102700533,0.025436796837834223,77,19229,9.369223594665527,0.39108166666666666
322,0.6,-581.1785187115258,12,0,1.0,4,3.0,131298.3571983718,66793.57456532809,128134.80286895295,0.0,0.09139489827637241,0.0,63,19292,1.7106657028198242,0.3890866666666667
323,0.1,-903.6746737647669,12,0,1.0,7,1.7142857142857142,267416.7672385998,31915.09114341521,72299.84195516966,0.08333333333333337,0.04487377558226604,0.00373948129852217,110,19402,0.5876753330230713,0.3856033333333333
324,0.1,-720.0372883743756,12,0,1.0,9,1.3333333333333333,175107.46038642485,35054.274171107296,72568.21811988171,0.25,0.06852934748478766,0.017132336871196915,125,19527,14.660221571102738,0.381645
325,0.1,-511.5775803396786,12,0,1.0,8,1.5,144299.1703961935,23054.582832639335,44058.89596707835,0.08333333333333337,0.0831605612634662,0.006930046771955517,121,19648,2.2599990367889404,0.37781333333333333
326,0.4,-260.889784162761,12,0,1.0,5,2.4,63438.23537253398,27273.349632977886,46789.70638975727,0.0,0.18916036881434886,0.0,74,19722,3.710345759987831,0.3754700000000001
327,0.6,-317.24701942454624,12,0,1.0,4,3.0,76886.5949520496,36375.858526397555,71590.15778028705,0.0,0.1560740205426422,0.0,60,19782,10.09957218170166,0.37357000000000007
328,0.4,-295.55100316379605,12,0,1.0,7,1.7142857142857142,93230.06233482732,23708.551520298362,58353.737870217694,0.0,0.12871384722347484,0.0,111,19893,0.6693437770009041,0.370055
329,0.4,-375.51399340027405,12,0,1.0,3,4.0,99414.97618329513,48975.02193773406,92070.61602167187,0.0,0.12070615978296015,0.0,50,19943,17.482295989990234,0.36847166666666675
330,0.1,-443.3078068671356,12,0,1.0,9,1.3333333333333333,141693.48205217117,20191.650008869565,38740.39659981445,0.25,0.0846898518280582,0.02117246295701455,144,20000,5.62755560874939,0.36391166666666674
331,0.1,-432.9444145370811,12,0,1.0,5,2.4,163770.6387686511,42226.14379503643,88453.14719268269,0.08333333333333337,0.07327320751891112,0.006106100626575926,70,20000,21.443702816963196,0.361695
332,0.2,-326.23724447937843,12,0,1.0,3,4.0,85283.4381849278,29670.761673908146,59757.64803982501,0.0,0.14070727277644826,0.0,43,20000,0.7896221578121185,0.3603333333333334
333,0.4,-710.178241293891,12,0,1.0,6,2.0,178498.84749800424,52922.45227648106,124338.69797204419,0.0,0.06722732481583205,0.0,93,20000,4.932409346103668,0.3573883333333334
334,0.6,-628.3499823071435,12,0,1.0,5,2.4,169859.2152087072,118647.34084238757,163273.7433364242,0.0,0.07064674109824136,0.0,80,20000,1.1909799575805664,0.35485500000000003
335,0.2,-394.2937843949064,12,0,1.0,6,2.0,85403.06855050739,31378.65275177732,74735.64003100524,0.08333333333333337,0.14051017374045754,0.011709181145038128,91,20000,1.618392825126648,0.35197333333333336
336,0.6,-338.13372705483505,12,0,1.0,3,4.0,79622.84346824184,47135.98612331741,73000.29925393449,0.0,0.1507105182043177,0.0,55,20000,2.0672343373298645,0.3502316666666667
337,0.1,-928.5269937050499,12,0,1.0,9,1.3333333333333333,232229.5978230367,36887.94686417342,94790.8221560639,0.08333333333333337,0.05167299996421742,0.0043060833303514515,152,20000,2.5768070220947266,0.34541833333333327
338,0.6,-447.4813153590028,12,0,1.0,4,3.0,117904.05964447018,61295.678013892066,105191.9387349312,0.0,0.10177766597846584,0.0,57,20000,8.29108452796936,0.34361333333333344
339,0.2,-523.6292546467016,12,0,1.0,5,2.4,135711.0538245609,69546.77232980028,117373.15175166055,0.0,0.08842315833397685,0.0,91,20000,0.29798449203372,0.34073166666666677
340,0.4,-359.13982014025754,12,0,1.0,5,2.4,113658.10695569777,41296.25191638427,92958.91852251791,0.08333333333333337,0.1055797982336396,0.008798316519469966,70,20000,4.231724977493286,0.338515
341,0.2,-590.3686603939932,12,0,1.0,5,2.4,151284.67578020235,61728.818932256654,117778.66767787794,0.0,0.07932065781358116,0.0,83,20000,1.9819042533636093,0.3358866666666668
342,0.4,-626.2845337903677,12,0,1.0,5,2.4,167485.83563931964,92941.75996873726,146941.82651696325,0.0,0.07164784982678757,0.0,87,20000,3.936217725276947,0.3331316666666667
343,0.2,-298.72149453176297,12,0,1.0,4,3.0,100143.42176228348,23915.824994447077,66836.55131805914,0.0,0.11982814036937073,0.0,70,20000,0.6190991289913654,0.33091499999999996
344,0.6,-344.2864361011863,12,0,1.0,4,3.0,86956.12190586573,35894.908853231136,63499.707737568824,0.0,0.13800063453830874,0.0,61,20000,2.736738294363022,0.3289833333333333
345,0.6,-450.2848393547727,12,0,1.0,5,2.4,103706.37180359413,52506.302446175636,86116.89819773019,0.0,0.11571130868146058,0.0,70,20000,9.078031998127699,0.32676666666666665
346,0.4,-402.36502424736204,12,0,1.0,6,2.0,110503.22536712633,27258.558804898305,85801.19149568665,0.16666666666666663,0.10859411533131491,0.018099019221885816,120,20000,6.037484779953957,0.32296666666666674
347,0.6,-389.1137512786828,12,0,1.0,6,2.0,89265.08198140247,39530.10636621927,75662.19131671304,0.0,0.1344310645734923,0.0,112,20000,1.310249075293541,0.31942000000000004
348,0.1,-707.4536419907687,12,0,1.0,7,1.7142857142857142,163416.50584109832,32543.313525048612,78038.62142003988,0.0,0.07343199475619965,0.0,116,20000,4.034771025180817,0.3157466666666666
349,0.2,-452.4535994757366,12,0,1.0,4,3.0,114562.50097477078,44761.46210713437,66593.27545895785,0.08333333333333337,0.10474631662102651,0.008728859718418877,50,20000,9.420828342437744,0.31416333333333335
350,0.2,-324.67050829215236,12,0,1.0,5,2.4,113703.7014210534,36296.62060228179,72870.18247298266,0.16666666666666663,0.10553746140209713,0.017589576900349523,85,20000,14.093817234039307,0.3114716666666667
351,0.2,-460.8209659865621,12,0,1.0,6,2.0,109343.35729702054,26010.169738313576,43923.31194079425,0.0,0.10974603575965912,0.0,96,20000,12.044692277908325,0.30843166666666666
352,0.2,-412.68954509775506,12,0,1.0,6,2.0,106142.86358141956,25983.11447528969,47341.82038965191,0.0,0.11305517483796823,0.0,99,20000,4.39696991443634,0.30529666666666677
353,0.4,-375.34277592807604,12,0,1.0,5,2.4,104962.69888588595,39743.87010834977,87905.76508396708,0.0,0.11432632856598171,0.0,92,20000,1.9875620901584625,0.30238333333333345
354,0.2,-467.00300137546486,12,0,1.0,7,1.7142857142857142,103296.76433840462,22867.374293138044,49708.454714470776,0.08333333333333337,0.1161701441168814,0.009680845343073449,113,20000,5.60265052318573,0.2988050000000001
355,0.2,-540.8515407564406,12,0,1.0,5,2.4,147874.9595656568,40331.24132154769,83184.133245992,0.08333333333333337,0.08114964180038861,0.0067624701500323845,77,20000,1.918725311756134,0.29636666666666667
356,0.6,-287.1804079313913,12,0,1.0,3,4.0,82091.56296086572,32531.257322627192,74421.46045767452,0.08333333333333337,0.1461782376554407,0.012181519804620056,53,20000,5.3138344287872314,0.29468833333333344
357,0.1,-344.4254773760466,12,0,1.0,8,1.5,116624.46823271501,19758.910346363646,48440.31644556866,0.16666666666666663,0.10289435983583599,0.01714905997263933,136,20000,0.31404347717761993,0.29038166666666665
358,0.6,-344.80344757400036,12,0,1.0,5,2.4,93259.49477798255,41424.14370299741,81626.57266993143,0.0,0.12867322548302135,0.0,82,20000,9.229560852050781,0.28778499999999996
359,0.6,-459.64340562164443,12,0,1.0,5,2.4,121785.3485419579,63500.55831433469,113216.33529582147,0.0,0.09853402025503684,0.0,90,20000,5.914717674255371,0.28493500000000005
360,0.2,-329.07195303247096,12,0,1.0,5,2.4,109384.10638204418,32510.77965525875,68204.31241496418,0.08333333333333337,0.10970515184434368,0.00914209598702864,89,20000,0.8122342675924301,0.2821166666666667
361,0.1,-368.2085998523424,12,0,1.0,6,2.0,127585.40916024288,23486.330477380427,39840.41376443606,0.0,0.09405464213332117,0.0,109,20000,0.45039939880371094,0.27866500000000005
362,0.1,-921.7659783186016,12,0,1.0,4,3.0,214773.16255695675,68166.39918477598,112718.5204773761,0.0,0.055872902634274246,0.0,84,20000,22.839412689208984,0.27600500000000006
363,0.4,-427.6795815154509,12,0,1.0,4,3.0,115120.7544003783,51244.748275484766,94512.74010344312,0.0,0.10423837180796451,0.0,72,20000,0.7210517823696136,0.2737250000000001
364,0.6,-313.890588457396,12,0,1.0,5,2.4,74036.94632816933,42623.88092900494,67490.66093017196,0.16666666666666663,0.16208123909932626,0.027013539849887712,98,20000,0.48818815499544144,0.27062166666666665
365,0.1,-862.2017389275877,12,0,1.0,10,1.2,199194.98626402626,27520.752756338406,70195.40557609238,0.08333333333333337,0.06024248011992834,0.005020206676660695,179,20000,2.254003167152405,0.2649533333333334
366,0.4,-265.0264996973417,12,0,1.0,6,2.0,61392.137509803884,20091.254142041493,36953.254510593215,0.08333333333333337,0.1954647693783864,0.016288730781532198,121,20000,7.600268483161926,0.2611216666666667
367,0.6,-352.4644707693514,12,0,1.0,4,3.0,98006.08079563019,41648.61342022928,74800.42680989343,0.08333333333333337,0.12244138223446893,0.010203448519539077,55,20000,0.2620261386036873,0.25938000000000005
368,0.4,-424.9211149479943,12,0,1.0,6,2.0,92747.30758342151,33669.09099916723,74935.38539636119,0.08333333333333337,0.12938380975864563,0.010781984146553802,102,20000,2.705179363489151,0.25615
369,0.2,-422.55637879815407,12,0,1.0,6,2.0,120419.93997861729,24022.626445188205,53534.491101295236,0.08333333333333337,0.09965127039700247,0.008304272533083539,108,20000,11.099642038345337,0.2527300000000001
370,0.1,-495.9935909212592,12,0,1.0,7,1.7142857142857142,126177.56084112538,21698.758595576666,59482.0267763423,0.0,0.09510407333923361,0.0,132,20000,0.7135342508554459,0.24855000000000005
371,0.2,-509.80098487355406,12,0,1.0,7,1.7142857142857142,136203.29068645622,38465.40648409367,107705.54731219124,0.16666666666666663,0.08810359822821266,0.014683933038035444,115,20000,5.56076286919415,0.2449083333333334
372,0.4,-246.45121810800123,12,0,1.0,5,2.4,73969.82197400586,25133.14533080654,61261.90848436624,0.0,0.16222832068214232,0.0,96,20000,19.420033413916826,0.24186833333333335
373,0.2,-394.5123232576202,12,0,1.0,4,3.0,112814.32716025229,45840.61295780792,90582.75463771883,0.0,0.10636946832962137,0.0,68,20000,2.5308565497398376,0.239715
374,0.2,-508.76773854691,12,0,1.0,4,3.0,171307.65673418884,59912.813324192946,136353.27134172578,0.0,0.07004940834967999,0.0,69,20000,4.8175225257873535,0.23753000000000002
375,0.6,-281.51182885923413,12,0,1.0,4,3.0,84344.91410709007,31741.38354344814,66910.46301119043,0.08333333333333337,0.142272952993514,0.011856079416126167,80,20000,7.480844736099243,0.23499666666666663
376,0.6,-417.837778143317,12,0,1.0,4,3.0,122866.60860026206,69675.70394268919,110718.4982822912,0.0,0.09766689368826939,0.0,86,20000,16.228601932525635,0.23227333333333333
377,0.2,-383.2186722669882,12,0,1.0,6,2.0,99512.86167627826,39017.3512698124,68402.18878249876,0.0,0.12058742757329974,0.0,128,20000,8.896364212036133,0.22821999999999998
378,0.1,-415.7982170881582,12,0,1.0,7,1.7142857142857142,124326.12724226387,24289.526598803433,60896.09552971051,0.16666666666666663,0.09652033941841211,0.016086723236402017,125,20000,12.590796947479248,0.2242616666666667
379,0.2,-208.83731496484342,12,0,1.0,4,3.0,58036.02681390953,21562.151516967704,37554.36005951471,0.0,0.20676811730199202,0.0,74,20000,8.019696950912476,0.22191833333333344
380,0.4,-363.84306008472765,12,0,1.0,4,3.0,84631.54942868219,42263.022734149294,69636.45385031107,0.08333333333333337,0.1417910942314985,0.011815924519291542,76,20000,10.664185643196106,0.21951166666666666
381,0.2,-327.2645724569826,12,0,1.0,4,3.0,103160.6538871099,36454.583859141094,67044.40955241141,0.0,0.11632341932547037,0.0,51,20000,15.686107158660889,0.21789666666666663
382,0.1,-499.4585429221825,12,0,1.0,5,2.4,148326.1948585965,45521.08327209254,90920.10219035324,0.0,0.08090276981378734,0.0,104,20000,24.373306393623352,0.21460333333333337
383,0.4,-347.3006763010118,12,0,1.0,4,3.0,95381.01776525515,29061.29077482149,60811.63338032111,0.0,0.12581119683094105,0.0,71,20000,5.529480040073395,0.21235500000000007
384,0.1,-582.8070785868514,12,0,1.0,8,1.5,131758.851163825,26887.36450120492,48637.564923058155,0.16666666666666663,0.09107547534001766,0.015179245890002942,141,20000,10.436630249023438,0.20789000000000002
385,0.1,-810.9799442717891,12,0,1.0,6,2.0,228569.36164634075,41497.38234309294,93806.86096679914,0.0,0.05250047475114919,0.0,127,20000,15.4406156539917,0.20386833333333343
386,0.4,-562.5749248316547,12,0,1.0,4,3.0,127838.53189291188,88765.9195864965,114366.87795839165,0.0,0.0938684121470684,0.0,85,20000,8.92772352695465,0.20117666666666667
387,0.1,-679.6649803004967,12,0,1.0,7,1.7142857142857142,168354.12513181544,34297.00378350041,86127.00314497878,0.0,0.07127832472536337,0.0,148,20000,7.008799031376839,0.19649000000000005
388,0.6,-533.8985602487277,12,0,1.0,4,3.0,139557.84186968894,82909.14091799223,130302.60622893287,0.0,0.085985852455392,0.0,88,20000,9.568570971488953,0.19370333333333334
389,0.4,-433.8596976010114,12,0,1.0,6,2.0,97030.91131885014,37277.578559825786,77586.46038510212,0.16666666666666663,0.12367192925321693,0.02061198820886949,122,20000,4.3713905811309814,0.18984
390,0.6,-378.2362999944298,12,0,1.0,4,3.0,100600.05354812961,48727.91841405436,77513.23102600394,0.0,0.11928423074107905,0.0,77,20000,6.202526807785034,0.1874016666666667
391,0.2,-219.84694012057693,12,0,1.0,4,3.0,59812.77596115041,24482.377069496943,42517.77038647584,0.0,0.20062603360516557,0.0,78,20000,9.822630286216736,0.18493166666666672
392,0.4,-346.24641161566274,12,0,1.0,5,2.4,97353.60995303001,27019.626780590697,74473.20774717438,0.0,0.12326199311755993,0.0,122,20000,0.8101831488311291,0.1810683333333334
393,0.2,-752.3034284673042,12,0,1.0,5,2.4,187425.10005513264,49249.47853654908,89996.00369954889,0.0,0.06402557606462582,0.0,108,20000,4.4772937297821045,0.1776483333333333
394,0.1,-595.5644084823978,12,0,1.0,8,1.5,161107.46360431373,26176.59243273374,60562.37302459005,0.08333333333333337,0.07448444492598104,0.006207037077165086,148,20000,2.726230502128601,0.17296166666666668
395,0.6,-448.6414859206115,12,0,1.0,4,3.0,90977.92466253291,58388.27332209597,85494.57136701289,0.0,0.13190012900944875,0.0,88,20000,9.532721996307373,0.17017499999999997
396,0.1,-485.4343489421973,12,0,1.0,6,2.0,124054.30129050466,34712.6438550399,55114.57340248961,0.0,0.09673183335980387,0.0,128,20000,3.2418630123138428,0.16612166666666672
397,0.1,-554.2726702356193,12,0,1.0,6,2.0,118199.85398688502,30959.48953899454,51129.21494491387,0.0,0.10152296805147891,0.0,113,20000,3.8220742642879486,0.16254333333333337
398,0.2,-406.3011107092976,12,0,1.0,6,2.0,108960.86739638867,27498.69146896221,52934.464596242535,0.0,0.11013128186971206,0.0,134,20000,16.52938985824585,0.1583
399,0.2,-476.96344058771797,12,0,1.0,4,3.0,120880.99448103597,49469.22877075611,84002.05245588197,0.0,0.09927118858939055,0.0,91,20000,11.941572666168213,0.15541833333333333
400,0.1,-432.8030222845798,12,0,1.0,6,2.0,121900.85139840758,30082.812136945413,54826.059308274904,0.08333333333333337,0.09844065781608445,0.00820338815134037,128,20000,1.5772739052772522,0.15136500000000008
401,0.6,-363.5209848005742,12,0,1.0,6,2.0,75529.27896518848,26224.54807577768,61629.639002394695,0.16666666666666663,0.1588787840213702,0.026479797336895032,111,20000,9.146410763263702,0.14785000000000004
402,0.2,-551.0827949129555,12,0,1.0,6,2.0,140030.0115349507,34937.070970836,82021.48254396132,0.08333333333333337,0.08569591524317534,0.007141326270264612,125,20000,10.761599063873291,0.14389166666666675
403,0.6,-322.49472142732196,12,0,1.0,4,3.0,91010.0347531301,33116.41739799643,74044.59771895956,0.0,0.13185359210718559,0.0,89,20000,2.575802743434906,0.14107333333333338
404,0.4,-320.4735815260034,12,0,1.0,5,2.4,84406.01607584543,24830.975404950324,61706.72492472415,0.0,0.14216996083806466,0.0,107,20000,2.647215038537979,0.13768500000000006
405,0.1,-265.4587965031496,12,0,1.0,8,1.5,107519.8327614745,15070.832358297046,42269.02848987575,0.5,0.11160731645315326,0.05580365822657663,176,20000,1.2302958965301514,0.13211166666666674
406,0.4,-337.0408696473107,12,0,1.0,5,2.4,91331.22872432138,26810.783107252104,81517.21662668178,0.08333333333333337,0.1313898889526756,0.010949157412722964,124,20000,2.813725233078003,0.1281850000000001
407,0.2,-399.0480095252529,12,0,1.0,5,2.4,121430.17490031211,53596.168809438204,89764.84938444942,0.0,0.09882222445822365,0.0,122,20000,0.4464346766471863,0.12432166666666677
408,0.4,-200.75106243350075,12,0,1.0,6,2.0,47610.99796424623,14844.236722857459,24710.219807573227,0.16666666666666663,0.25204260597544026,0.0420071009959067,135,20000,0.8815349340438843,0.12004666666666675
409,0.2,-624.0332984300532,12,0,1.0,8,1.5,162085.95933531976,32681.879521580035,70009.27857199649,0.0,0.07403479023852197,0.0,171,20000,2.0044705867767334,0.11463166666666669
410,0.2,-444.6394821945323,12,0,1.0,5,2.4,166182.99548726284,51145.59784908221,100322.57873349637,0.0,0.07220955408111984,0.0,111,20000,5.001268148422241,0.11111666666666675
411,0.4,-276.73905634413916,12,0,1.0,5,2.4,68066.63026853865,35027.14315189715,58561.514021681185,0.08333333333333337,0.176297841580481,0.014691486798373418,125,20000,1.0858252346515656,0.10715833333333336
412,0.4,-239.68917078272653,12,0,1.0,3,4.0,54121.22651078236,23729.0107607469,37308.876351710926,0.08333333333333337,0.22172446512477478,0.0184770387603979,82,20000,3.7146172523498535,0.10456166666666666
413,0.2,-491.0813684861584,12,0,1.0,10,1.2,109311.26626132862,16885.85459886478,41820.54430708171,0.41666666666666663,0.10977825443272973,0.045740939346970724,229,20000,1.2359194457530975,0.09731000000000001
414,0.1,-1068.946369394722,12,0,1.0,7,1.7142857142857142,288703.3185548767,53897.11324303509,114538.54053461399,0.0,0.04156516128760411,0.0,161,20000,5.4124820828437805,0.09221166666666669
415,0.6,-219.47588911784487,12,0,1.0,4,3.0,50980.09154089137,23122.897836781824,42041.16876492389,0.16666666666666663,0.23538600338476723,0.03923100056412787,106,20000,2.9604943990707397,0.08885500000000013
416,0.6,-275.7241226789187,12,0,1.0,4,3.0,91524.85990047171,36985.84504723752,68802.41719818179,0.0,0.1311119188059872,0.0,83,20000,6.2810139656066895,0.08622666666666667
417,0.1,-485.13543736755406,12,0,1.0,4,3.0,126320.316763311,42894.68472593735,70209.85971123501,0.0,0.09499659522295728,0.0,90,20000,1.117539882659912,0.08337666666666677
418,0.1,-663.1058004496405,12,0,1.0,7,1.7142857142857142,177696.79847614368,25683.46165164709,53011.903987246216,0.0,0.06753076084041568,0.0,159,20000,0.6924707889556885,0.07834166666666675
419,0.4,-421.94997285108576,12,0,1.0,7,1.7142857142857142,93298.37511667804,17536.907951435667,49178.255247024936,0.0,0.12861960334242603,0.0,174,20000,13.636976480484009,0.07283166666666674
420,0.4,-315.87883255433593,12,0,1.0,4,3.0,68384.87861785348,28209.823747303715,52405.57564495959,0.0,0.17547738977586075,0.0,89,20000,0.32088862359523773,0.07001333333333337
421,0.4,-323.60567143529283,12,0,1.0,5,2.4,81681.79066743926,31265.6303739296,53013.719539854785,0.16666666666666663,0.1469115686855718,0.0244852614475953,135,20000,1.9938935190439224,0.06573833333333334
422,0.4,-439.54378599360155,12,0,1.0,5,2.4,115227.19490777585,46297.98026074541,97530.52910941307,0.0,0.10414208216736001,0.0,115,20000,2.219287693500519,0.0620966666666668
423,0.4,-371.9738190990409,12,0,1.0,5,2.4,90853.25307058194,27017.427528373035,64556.45291802885,0.25,0.13208112637064803,0.03302028159266201,133,20000,2.350214719772339,0.057884999999999964
424,0.1,-436.2178661927462,12,0,1.0,9,1.3333333333333333,174892.21619945203,17482.645962742354,37574.72290985535,0.25,0.06861368825193948,0.01715342206298487,223,20000,3.463392734527588,0.05082333333333344
425,0.2,-519.388200637783,12,0,1.0,6,2.0,124044.93632726782,28046.413864124956,50332.263706014186,0.08333333333333337,0.09673913627832735,0.008061594689860611,157,20000,0.14525600522756577,0.050000000000000044
426,0.6,-237.33131973987392,12,0,1.0,6,2.0,58799.66197584309,20580.93468808808,34168.87237858073,0.25,0.20408280586595906,0.051020701466489765,153,20000,12.749134957790375,0.050000000000000044
427,0.4,-167.27222562131377,12,0,1.0,4,3.0,47113.92291535308,19613.310590754223,28957.038642820487,0.16666666666666663,0.2547017793776103,0.04245029656293505,104,20000,9.97482168674469,0.050000000000000044
428,0.1,-436.09609593429343,12,0,1.0,10,1.2,150205.6434225169,13014.528314144716,30505.10627954347,0.5833333333333333,0.0798904736637952,0.04660277630388053,256,20000,0.6249353289604187,0.050000000000000044
429,0.4,-186.66159174551345,12,0,1.0,5,2.4,38808.792321398236,10154.65831014274,16416.552621173607,0.41666666666666663,0.30920828199499234,0.12883678416458014,140,20000,0.27584952861070633,0.050000000000000044
430,0.1,-315.77161628208836,12,0,1.0,10,1.2,82579.06823011921,7546.048346381484,16435.991663373778,0.8333333333333334,0.14531527488975973,0.12109606240813311,265,20000,15.158580839633942,0.050000000000000044
431,0.6,-292.34786203351314,12,0,1.0,5,2.4,69015.78977593916,29191.03430130718,59540.84146702216,0.16666666666666663,0.17387325478645083,0.028978875797741808,129,20000,9.703393936157227,0.050000000000000044
432,0.4,-571.7592972039818,12,0,1.0,4,3.0,124976.35625090916,64129.47686037462,119908.0954506802,0.0,0.09601816183461265,0.0,103,20000,2.6561790704727173,0.050000000000000044
433,0.6,-435.0697270506345,12,0,1.0,4,3.0,100297.33630092425,54720.97131246428,89343.58725686418,0.0,0.11964425420029245,0.0,106,20000,9.259719371795654,0.050000000000000044
434,0.6,-248.60395961721213,12,0,1.0,4,3.0,72691.81387780319,28653.425834469588,62375.683037319606,0.0,0.16508048650666923,0.0,112,20000,1.789886713027954,0.050000000000000044
435,0.2,-854.134763875226,12,0,1.0,8,1.5,184333.62340977596,27991.67817249297,69228.6154497937,0.16666666666666663,0.06509935506081736,0.010849892510136227,177,20000,6.433642148971558,0.050000000000000044
436,0.1,-579.9864105916607,12,0,1.0,8,1.5,163369.20954133943,25693.212989869116,49072.26580817623,0.0,0.07345325372932948,0.0,209,20000,1.713870633393526,0.050000000000000044
437,0.2,-131.34963774627212,12,0,1.0,9,1.3333333333333333,31576.883335448467,3606.8051009124683,9311.009455533318,0.6666666666666667,0.38002483882026133,0.25334989254684087,221,20000,0.1292698085308075,0.050000000000000044
438,0.4,-492.8228516678553,12,0,1.0,6,2.0,143504.46700640314,41574.86320387391,95097.82738478536,0.0,0.08362109034183976,0.0,142,20000,8.931239247322083,0.050000000000000044
439,0.4,-309.81812373207856,12,0,1.0,5,2.4,70138.27312757829,19759.288968833367,41986.38529774769,0.08333333333333337,0.1710906109446486,0.014257550912054051,119,20000,8.600221320986748,0.050000000000000044
440,0.1,-672.7518323303988,12,0,1.0,11,1.0909090909090908,178231.9839786904,12927.645879375092,28447.11541710669,0.41666666666666663,0.06732798307084284,0.02805332627951785,286,20000,10.237555503845215,0.050000000000000044
441,0.1,-618.4833202199018,12,0,1.0,11,1.0909090909090908,183294.33190890797,12852.737935492469,32213.30731900969,0.33333333333333337,0.06546847289289696,0.021822824297632323,263,20000,3.4344224482774734,0.050000000000000044
442,0.2,-553.0677643771969,12,0,1.0,6,2.0,128144.50913411229,26477.620033054376,42778.20373572818,0.0,0.09364427770714039,0.0,159,20000,0.35059987753629684,0.050000000000000044
443,0.1,-400.76058942607807,12,0,1.0,8,1.5,106214.70272487006,16078.842036640286,40281.43136335646,0.41666666666666663,0.11297870908779761,0.04707446211991567,208,20000,1.7864978909492493,0.050000000000000044
444,0.1,-494.23636758270493,12,0,1.0,10,1.2,207743.72378260057,13627.856322935191,30761.48287428118,0.25,0.057763477911649194,0.014440869477912299,227,20000,6.100512534379959,0.050000000000000044
445,0.2,-217.13345982644222,12,0,1.0,4,3.0,51725.041047273386,17124.980165320416,32780.340064356096,0.25,0.23199594929335612,0.05799898732333903,88,20000,7.737746346741915,0.050000000000000044
446,0.2,-423.7538162222897,12,0,1.0,7,1.7142857142857142,90788.8257224747,27387.813598679553,47271.325895341564,0.25,0.13217485637144227,0.03304371409286057,191,20000,7.571249723434448,0.050000000000000044
447,0.1,-615.7338383660714,12,0,1.0,10,1.2,141764.6123903292,15755.59000632099,34036.10878410657,0.16666666666666663,0.08464735872842276,0.014107893121403793,260,20000,3.2046749591827393,0.050000000000000044
448,0.6,-355.3737374500729,12,0,1.0,5,2.4,76249.43594882947,27528.5991897239,61123.936396368415,0.08333333333333337,0.15737821336872743,0.013114851114060619,127,20000,5.168896108865738,0.050000000000000044
449,0.6,-143.58509188347665,12,0,1.0,4,3.0,50128.34462941837,20569.08691578117,37736.97622337212,0.08333333333333337,0.2393855230750562,0.019948793589588017,103,20000,2.358034372329712,0.050000000000000044
450,0.1,-253.74456308539695,12,0,1.0,7,1.7142857142857142,72654.70053923097,12155.845432611386,23267.36686864704,0.41666666666666663,0.16516481261278376,0.06881867192199323,183,20000,0.9096086621284485,0.050000000000000044
451,0.2,-266.6467929720336,12,0,1.0,5,2.4,64771.37625499044,22727.267629084545,37168.298780759076,0.0,0.1852670221605093,0.0,128,20000,0.5233814716339111,0.050000000000000044
452,0.4,-288.82112359533744,12,0,1.0,7,1.7142857142857142,77087.14518379934,22027.271080967883,45571.750661026446,0.33333333333333337,0.15566797773336047,0.05188932591112015,183,20000,1.135688230395317,0.050000000000000044
453,0.1,-266.5143178813838,12,0,1.0,12,1.0,136889.85467323338,6616.90332966969,28939.021304009744,0.8333333333333334,0.08766171918762661,0.07305143265635551,301,20000,3.1966132521629333,0.050000000000000044
454,0.1,-473.76442112313885,12,0,1.0,4,3.0,127215.60789187053,35299.95671399403,54926.243437214114,0.0,0.0943280482548937,0.0,107,20000,3.0733249187469482,0.050000000000000044
455,0.6,-317.6380040609239,12,0,1.0,5,2.4,75328.88873941461,24036.41097361445,52086.41484736979,0.08333333333333337,0.15930143402900349,0.013275119502416957,111,20000,1.3720335699617863,0.050000000000000044
456,0.4,-406.5904069332298,12,0,1.0,6,2.0,92462.24026159583,26074.243815078196,50177.13392126284,0.0,0.12978270876900003,0.0,144,20000,1.3609565272927284,0.050000000000000044
457,0.2,-501.13773817361823,12,0,1.0,6,2.0,128994.14318978792,41570.07156008743,100099.97345155186,0.25,0.09302747941311186,0.023256869853277965,136,20000,1.0511214435100555,0.050000000000000044
458,0.1,-269.72980773358523,12,0,1.0,12,1.0,98938.43390272735,4695.762512166942,11753.262868973587,0.41666666666666663,0.12128754748430687,0.050536478118461195,295,20000,0.4551106244325638,0.050000000000000044
459,0.1,-461.65547284871826,12,0,1.0,8,1.5,121275.479553121,19105.95250772531,35787.11395857077,0.08333333333333337,0.09894827910982425,0.008245689925818686,194,20000,0.08215351030230522,0.050000000000000044
460,0.4,-588.651010661417,12,0,1.0,8,1.5,119954.67937361775,22804.930535570602,62239.08526303506,0.0,0.10003778145764626,0.0,205,20000,0.2491883523762226,0.050000000000000044
461,0.6,-255.17651582321423,12,0,1.0,3,4.0,76692.94191545295,32285.26751139414,67307.2985257933,0.08333333333333337,0.15646811427874183,0.013039009523228484,75,20000,3.574196517467499,0.050000000000000044
462,0.2,-409.43930552019884,12,0,1.0,4,3.0,109753.83108681897,37896.49842850848,63047.03351331727,0.0,0.10933559112399088,0.0,104,20000,0.5398827418684959,0.050000000000000044
463,0.6,-212.64888999847076,12,0,1.0,3,4.0,44151.84508796678,26658.63771104575,37166.85873718328,0.0,0.2717893210598916,0.0,82,20000,1.441015899181366,0.050000000000000044
464,0.6,-264.8854212173036,12,0,1.0,4,3.0,62071.2612754664,21982.327385799927,40934.22912534997,0.08333333333333337,0.19332618273608349,0.01611051522800696,107,20000,4.73247429728508,0.050000000000000044
465,0.2,-400.40518837567765,12,0,1.0,7,1.7142857142857142,114605.9974121677,23169.574257400123,45556.564743406554,0.08333333333333337,0.1047065622302761,0.00872554685252301,183,20000,0.21686179377138615,0.050000000000000044
466,0.6,-358.43942439056855,12,0,1.0,3,4.0,97003.77796014164,45509.15926844181,77298.28394524279,0.0,0.12370652207928168,0.0,81,20000,13.60212167724967,0.050000000000000044
467,0.6,-316.00220150407387,12,0,1.0,7,1.7142857142857142,80497.8535898008,22544.70793258926,53949.89473841351,0.25,0.14907229776770617,0.03726807444192654,192,20000,0.04076415114104748,0.050000000000000044
468,0.1,-271.8569105387131,12,0,1.0,12,1.0,164416.36788612301,4416.604856735435,8113.679027937877,0.41666666666666663,0.07298543420148632,0.03041059758395263,313,20000,5.72105610370636,0.050000000000000044
469,0.4,-175.99143017062403,12,0,1.0,4,3.0,52380.25153337245,20966.722528582377,34995.39483822192,0.08333333333333337,0.22909397432646103,0.019091164527205086,101,20000,0.05442111939191818,0.050000000000000044
470,0.6,-251.84996344498475,12,0,1.0,4,3.0,62245.21842155515,26086.923362796642,48581.909662087644,0.16666666666666663,0.19278589270472335,0.03213098211745389,87,20000,0.21855191886425018,0.050000000000000044
471,0.4,-497.4951840763599,12,0,1.0,5,2.4,119644.03496135426,75215.63548557252,107590.60059234832,0.0,0.10029752008845298,0.0,132,20000,6.867729306221008,0.050000000000000044
472,0.4,-317.25873599462375,12,0,1.0,3,4.0,71227.21984925747,41049.705291035185,64469.77660575575,0.0,0.16847491767046835,0.0,76,20000,0.07441440783441067,0.050000000000000044
473,0.4,-281.8105235956531,12,0,1.0,4,3.0,101317.40489332261,41926.81458839939,85671.66240757797,0.08333333333333337,0.11843966999189166,0.009869972499324305,106,20000,5.118367345072329,0.050000000000000044
474,0.6,-384.7658708919383,12,0,1.0,5,2.4,92938.3831387303,35714.63977587807,62739.109226991735,0.0,0.1291178046651344,0.0,124,20000,3.733350825496018,0.050000000000000044
475,0.6,-247.8407691331665,12,0,1.0,4,3.0,65347.90280992088,23283.334959595162,52820.00406019479,0.0,0.18363251893338808,0.0,98,20000,0.9599883072078228,0.050000000000000044
476,0.2,-335.94910279037185,12,0,1.0,4,3.0,68513.67716546582,34157.48615335911,52941.78841898067,0.16666666666666663,0.17514751063527176,0.02919125177254529,103,20000,1.417937159538269,0.050000000000000044
477,0.2,-428.51113377526525,12,0,1.0,5,2.4,121285.28326586043,32018.110655493267,67172.783749043,0.0,0.09894028093825444,0.0,131,20000,3.1483722627162933,0.050000000000000044
478,0.1,-380.64859971051834,12,0,1.0,11,1.0909090909090908,120009.28184506895,9478.741010827152,17002.32798496042,0.5,0.09999226572734521,0.049996132863672604,286,20000,3.1633126735687256,0.050000000000000044
479,0.1,-632.494346174,12,0,1.0,6,2.0,149596.96180535163,34317.83443125434,66710.85606962652,0.16666666666666663,0.08021553282354639,0.013369255470591064,154,20000,1.8704087734222412,0.050000000000000044
480,0.6,-312.50635587939274,12,0,1.0,5,2.4,89913.3716361452,36002.3765611172,76528.20929064661,0.0,0.1334617952995992,0.0,136,20000,3.4775171279907227,0.050000000000000044
481,0.2,-350.0898588327531,12,0,1.0,6,2.0,95846.0662140963,22224.97597219137,47836.0342730956,0.16666666666666663,0.12520075652552065,0.02086679275425344,160,20000,0.6951104556210339,0.050000000000000044
482,0.4,-333.0531729665284,12,0,1.0,5,2.4,74164.83862007469,36112.430933724616,59236.599257752634,0.0,0.1618017408690468,0.0,133,20000,0.4193083834834397,0.050000000000000044
483,0.6,-307.7627063353277,12,0,1.0,5,2.4,96989.63669804446,44499.77335928982,82424.11670958337,0.0,0.12372455871094058,0.0,114,20000,0.38026346475817263,0.050000000000000044
484,0.2,-624.6300333364186,12,0,1.0,9,1.3333333333333333,145200.2830115905,31927.699875458813,67087.91809169149,0.16666666666666663,0.08264446701555057,0.013774077835925096,226,20000,0.013751058839261532,0.050000000000000044
485,0.6,-329.29807521316854,12,0,1.0,5,2.4,87885.36614581579,33139.16912200721,70311.78810130477,0.0,0.1365415031677753,0.0,126,20000,3.952692985534668,0.050000000000000044
486,0.4,-368.3279866106262,12,0,1.0,8,1.5,83264.21051374258,18090.0673949622,41750.62809071954,0.41666666666666663,0.14411954339036728,0.060049809745986366,200,20000,0.7909976243972778,0.050000000000000044
487,0.1,-476.4782188743556,12,0,1.0,5,2.4,139952.7736768077,43665.01400408109,79727.19396120058,0.0,0.08574320954661138,0.0,125,20000,0.04179839789867401,0.050000000000000044
488,0.1,-235.1430704833435,12,0,1.0,7,1.7142857142857142,76092.4043350867,9223.93088535594,16046.165231590549,0.5833333333333333,0.15770299420630507,0.09199341328701129,176,20000,1.6890020640566945,0.050000000000000044
489,0.4,-361.81691117190064,12,0,1.0,3,4.0,96945.97814833572,41072.73109540642,85389.12755217725,0.0,0.12378027669842026,0.0,77,20000,1.568366825580597,0.050000000000000044
490,0.4,-391.41694007700517,12,0,1.0,4,3.0,117165.79998348921,52899.32373723894,92617.89164829662,0.0,0.10241896527562666,0.0,98,20000,8.592962980270386,0.050000000000000044
491,0.4,-385.0329643964685,12,0,1.0,6,2.0,95271.56865798007,19983.339306473037,50158.7696503155,0.16666666666666663,0.1259557302250304,0.020992621704171734,143,20000,5.069824278354645,0.050000000000000044
492,0.1,-840.9621595253716,12,0,1.0,10,1.2,216613.17355710713,21264.624579002437,41753.90739883951,0.08333333333333337,0.055398292739736635,0.004616524394978053,237,20000,0.04351632110774517,0.050000000000000044
493,0.4,-346.8241287795659,12,0,1.0,5,2.4,96755.53886145576,38586.66161672382,63052.33482220458,0.08333333333333337,0.12402390748071589,0.010335325623392991,116,20000,2.7105284947901964,0.050000000000000044
494,0.4,-340.1395102583744,12,0,1.0,4,3.0,105462.9992264927,43757.83581031117,84880.40895441687,0.0,0.1137839819463958,0.0,98,20000,6.697397947311401,0.050000000000000044
495,0.4,-255.44513779532446,12,0,1.0,3,4.0,69687.32999337491,29532.556926866626,52027.60560463362,0.08333333333333337,0.1721977295032085,0.014349810791934042,76,20000,3.722975492477417,0.050000000000000044
496,0.1,-532.3850079309589,12,0,1.0,10,1.2,133010.12906797303,14833.472067534569,28165.528163452334,0.5833333333333333,0.09021869299794125,0.05262757091546573,259,20000,1.7804266810417175,0.050000000000000044
497,0.2,-508.68419895163413,12,0,1.0,4,3.0,124696.39264219353,47242.44381464398,105959.29995909214,0.0,0.09623373816781576,0.0,102,20000,1.2206878960132599,0.050000000000000044
498,0.1,-307.4622985258378,12,0,1.0,9,1.3333333333333333,116762.61275892214,11008.419209851374,26818.873916350483,0.5,0.10277262315786136,0.05138631157893068,231,20000,2.254160100594163,0.050000000000000044
499,0.2,-514.0531193361871,12,0,1.0,5,2.4,117330.041707653,55107.30260456373,97103.1235735355,0.08333333333333337,0.10227559647425989,0.00852296637285499,120,20000,0.043311700224876404,0.050000000000000044
500,0.4,-267.09351665353023,12,0,1.0,5,2.4,62902.11801288479,17737.887842141874,29971.581348029944,0.25,0.19077259048005243,0.04769314762001311,139,20000,0.9469386897981167,0.050000000000000044
501,0.1,-451.05342862831486,12,0,1.0,7,1.7142857142857142,105144.94576579335,21507.047823554916,47811.81308685643,0.16666666666666663,0.11412816766989044,0.019021361278315073,167,20000,9.385207176208496,0.050000000000000044
502,0.6,-249.24974210675734,12,0,1.0,5,2.4,57127.5451702054,24414.331801063283,42723.02407234073,0.33333333333333337,0.21005628658202072,0.0700187621940069,114,20000,0.6094040349125862,0.050000000000000044
503,0.4,-432.6363533679486,12,0,1.0,4,3.0,104844.10659956752,52789.53122256764,96113.95781269041,0.0,0.11445564647550252,0.0,98,20000,1.2331713140010834,0.050000000000000044
504,0.2,-521.2359462486353,12,0,1.0,7,1.7142857142857142,140507.70565959104,26417.65469310673,61768.073332833505,0.08333333333333337,0.08540456869370909,0.007117047391142424,179,20000,0.6376402527093887,0.050000000000000044
505,0.4,-370.0491072546841,12,0,1.0,6,2.0,108412.7252300521,29249.022635687303,80862.22626491374,0.0,0.11068811317616052,0.0,130,20000,2.164487838745117,0.050000000000000044
506,0.2,-255.04994276071727,12,0,1.0,10,1.2,76258.22354765241,6156.167240868262,10925.129783388993,0.41666666666666663,0.15736007792656503,0.06556669913606877,265,20000,3.0906217098236084,0.050000000000000044
507,0.1,-529.1904458348528,12,0,1.0,9,1.3333333333333333,174606.19664250256,13541.160906567287,31182.917802605538,0.08333333333333337,0.06872608321324013,0.005727173601103344,235,20000,4.902588903903961,0.050000000000000044
508,0.2,-380.42075081403567,12,0,1.0,5,2.4,97183.86107946382,31097.482599856445,63741.01774071358,0.08333333333333337,0.12347729208029738,0.010289774340024782,118,20000,2.7509827613830566,0.050000000000000044
509,0.2,-246.35232447522858,12,0,1.0,6,2.0,72832.95648116995,16494.421932678164,34956.65775068159,0.33333333333333337,0.16476057789995727,0.054920192633319084,156,20000,3.070690870285034,0.050000000000000044
510,0.1,-399.0662366751732,12,0,1.0,5,2.4,93756.56281782905,19618.67292953683,41165.86041570092,0.08333333333333337,0.12799104019327426,0.010665920016106188,128,20000,3.3363823890686035,0.050000000000000044
511,0.6,-337.5687367600582,12,0,1.0,4,3.0,71020.79482743182,26661.3642213313,46774.16114997964,0.08333333333333337,0.1689645973289642,0.014080383110747016,103,20000,5.079339146614075,0.050000000000000044
512,0.4,-317.3300768766206,12,0,1.0,4,3.0,74355.1284649476,35602.09390437119,60931.51215324706,0.0,0.16138765741837197,0.0,100,20000,1.057768702507019,0.050000000000000044
513,0.6,-476.2694387736369,12,0,1.0,3,4.0,124869.45559896875,70885.71643561487,107918.22744849614,0.0,0.09610036291452449,0.0,72,20000,1.700748085975647,0.050000000000000044
514,0.4,-254.59551558451315,12,0,1.0,4,3.0,68083.50270239227,32038.24551859169,60040.46521208446,0.08333333333333337,0.1762541515006153,0.014687845958384608,106,20000,1.0067818611860275,0.050000000000000044
515,0.1,-569.7637418153467,12,0,1.0,6,2.0,154095.51643160058,37911.23112018126,58405.80392841202,0.08333333333333337,0.07787377775735949,0.006489481479779957,157,20000,2.5090992003679276,0.050000000000000044
516,0.6,-251.39736929727525,12,0,1.0,4,3.0,64097.321552987065,19784.460550207707,35285.442854876055,0.08333333333333337,0.18721531117458642,0.015601275931215536,102,20000,2.253967046737671,0.050000000000000044
517,0.2,-524.1182108311467,12,0,1.0,7,1.7142857142857142,129743.36253330181,43373.520836211435,91791.272938735,0.16666666666666663,0.09249028054841653,0.015415046758069423,160,20000,0.590988501906395,0.050000000000000044
518,0.2,-541.9527884518618,12,0,1.0,6,2.0,142881.06589882262,35035.80633829771,66063.4566063958,0.08333333333333337,0.08398593560673377,0.006998827967227814,157,20000,5.0032066106796265,0.050000000000000044
519,0.4,-260.8307758510789,12,0,1.0,5,2.4,75112.74693773476,20594.274288053475,43408.46722107973,0.08333333333333337,0.15975983423888737,0.013313319519907281,113,20000,5.264679193496704,0.050000000000000044
520,0.1,-618.3387122076591,12,0,1.0,8,1.5,140539.868692348,30606.7725054028,66021.84323292597,0.0,0.08538502356415938,0.0,179,20000,4.113111257553101,0.050000000000000044
521,0.2,-393.8507506618639,12,0,1.0,3,4.0,99528.85020324157,39046.56709865067,76070.2753981294,0.0,0.12056805615151343,0.0,76,20000,3.8172214031219482,0.050000000000000044
522,0.4,-343.76954747776495,12,0,1.0,3,4.0,96635.58360544035,35786.514739330705,68331.7134971081,0.0,0.1241778602900105,0.0,82,20000,1.5798354744911194,0.050000000000000044
523,0.1,-406.0815148667368,12,0,1.0,9,1.3333333333333333,102875.4451369781,15669.520342264614,29291.37586375413,0.33333333333333337,0.11664591082956739,0.038881970276522466,224,20000,0.8078877627849579,0.050000000000000044
524,0.4,-325.81802376493295,12,0,1.0,5,2.4,93295.7790624917,35955.70465545829,80089.65376469571,0.0,0.12862318231955724,0.0,132,20000,1.8230915814638138,0.050000000000000044
525,0.2,-425.09550396149916,12,0,1.0,9,1.3333333333333333,107843.14896174855,15282.79826042102,36824.36046725253,0.5833333333333333,0.11127271519358492,0.06490908386292453,235,20000,0.4797603487968445,0.050000000000000044
526,0.2,-565.7311012211187,12,0,1.0,8,1.5,127324.68230889192,32694.375318700662,73343.09312576386,0.0,0.09424724085223153,0.0,182,20000,3.133258581161499,0.050000000000000044
527,0.6,-170.80135291597153,12,0,1.0,5,2.4,49182.17637792536,12583.729896148412,33817.912052135136,0.41666666666666663,0.24399082927501375,0.10166284553125572,128,20000,7.573803782463074,0.050000000000000044
528,0.6,-440.0722259359078,12,0,1.0,4,3.0,104141.982341038,38921.06901756055,82094.99236440315,0.08333333333333337,0.11522730535993746,0.009602275446661455,104,20000,3.086091995239258,0.050000000000000044
529,0.2,-338.5637844631912,12,0,1.0,5,2.4,83698.95009502291,29227.073506344193,41480.76984467329,0.08333333333333337,0.14337097402508003,0.01194758116875667,111,20000,3.149169474840164,0.050000000000000044
530,0.6,-249.18960828790645,12,0,1.0,4,3.0,78816.59123935184,24861.1446624845,68079.71848259069,0.16666666666666663,0.15225220745157772,0.025375367908596288,105,20000,2.1145322173833847,0.050000000000000044
531,0.6,-340.0114761006619,12,0,1.0,4,3.0,93815.0518159934,40517.72909233352,75043.95213060576,0.0,0.12791124417365896,0.0,109,20000,1.65060256421566,0.050000000000000044
532,0.2,-349.8974093957852,12,0,1.0,7,1.7142857142857142,82592.22508661664,18839.352675465183,34295.079124838405,0.08333333333333337,0.14529212631594904,0.012107677192995754,161,20000,2.670423320494592,0.050000000000000044
533,0.1,-533.436672128701,12,0,1.0,7,1.7142857142857142,147327.33337874495,22207.28381326215,42334.39474316341,0.0,0.08145128079628468,0.0,188,20000,0.14627911895513535,0.050000000000000044
534,0.6,-198.6621341066125,12,0,1.0,5,2.4,47507.54391020902,16822.511856155863,30971.703707931294,0.33333333333333337,0.2525914625828781,0.0841971541942927,127,20000,0.566125214099884,0.050000000000000044
535,0.1,-376.4440422956832,12,0,1.0,5,2.4,92841.62744617857,33809.2217247123,68832.40509613506,0.0,0.12925236588465178,0.0,138,20000,1.0004108846187592,0.050000000000000044
536,0.4,-393.4576372507345,12,0,1.0,4,3.0,89343.42320568106,31740.63255825991,65395.626011294684,0.0,0.13431318802699468,0.0,111,20000,0.7544642090797424,0.050000000000000044
537,0.2,-382.70744516946684,12,0,1.0,5,2.4,104678.94244401726,36271.25044874111,66176.11308460448,0.0,0.11463623647533172,0.0,125,20000,6.863322973251343,0.050000000000000044
538,0.1,-512.9641429940609,12,0,1.0,6,2.0,119000.55349778917,22502.074050961033,37834.22160309813,0.0,0.10083986710383612,0.0,155,20000,2.5515875220298767,0.050000000000000044
539,0.4,-482.57353638023505,12,0,1.0,4,3.0,168785.0671444886,72405.42029628715,132223.4918293435,0.0,0.07109633691544164,0.0,107,20000,1.237755574285984,0.050000000000000044
540,0.6,-210.0549228897438,12,0,1.0,5,2.4,56917.81687247629,20491.779543799774,46829.9607706095,0.0,0.21083029285690738,0.0,124,20000,3.840501546859741,0.050000000000000044
541,0.2,-429.3275259373693,12,0,1.0,4,3.0,124412.95983808857,41415.710204957686,71429.47190858176,0.0,0.09645297415652548,0.0,105,20000,1.4987727999687195,0.050000000000000044
542,0.6,-215.4610156399849,12,0,1.0,5,2.4,74925.02923166593,15808.788354796174,47232.42911910335,0.25,0.1601600976743881,0.040040024418597026,124,20000,4.490103244781494,0.050000000000000044
543,0.2,-279.38589512873875,12,0,1.0,6,2.0,58547.88807495748,14176.636170972697,23894.705811354743,0.5833333333333333,0.20496042461235633,0.1195602476905412,146,20000,0.7730007469654083,0.050000000000000044
544,0.2,-506.76999405719545,12,0,1.0,5,2.4,112652.25651010142,42046.33515607049,69498.28772847606,0.08333333333333337,0.10652250005239772,0.008876875004366477,129,20000,0.3669227957725525,0.050000000000000044
545,0.2,-404.14500411986546,12,0,1.0,4,3.0,88537.99964398851,40429.97999216748,69025.23473182219,0.0,0.1355350250542369,0.0,103,20000,0.43837636709213257,0.050000000000000044
546,0.6,-583.7699648917819,12,0,1.0,4,3.0,147986.2578275517,65179.96999828011,133821.48469063643,0.0,0.08108861036261619,0.0,101,20000,0.035549264401197433,0.050000000000000044
547,0.2,-330.56487872242826,12,0,1.0,4,3.0,84847.84395108657,29128.986415204166,46366.923388790754,0.25,0.1414296397079672,0.0353574099269918,109,20000,0.7288085222244263,0.050000000000000044
548,0.1,-381.99692549748283,12,0,1.0,11,1.0909090909090908,105273.53793351866,10507.071006291455,25406.770242227623,0.5,0.11398875952642654,0.05699437976321327,272,20000,1.688721477985382,0.050000000000000044
549,0.1,-534.162432062557,12,0,1.0,9,1.3333333333333333,147537.91498594033,18630.018276643154,45470.33643591053,0.41666666666666663,0.08133502497404511,0.033889593739185465,233,20000,6.0822760462760925,0.050000000000000044
550,0.4,-202.98909897617472,12,0,1.0,6,2.0,51183.41703672931,10532.319782119781,18342.01709450117,0.5833333333333333,0.23445093537597889,0.13676304563598768,166,20000,3.8017118871212006,0.050000000000000044
551,0.2,-353.85541855117856,12,0,1.0,4,3.0,105551.47064789425,30540.701129483652,61453.97587539764,0.0,0.11368861017607622,0.0,109,20000,1.0194856524467468,0.050000000000000044
552,0.6,-252.84669674930572,12,0,1.0,6,2.0,60383.781414891855,22879.696733648798,47207.23609497968,0.16666666666666663,0.1987288592867183,0.03312147654778638,156,20000,2.5008582919836044,0.050000000000000044
553,0.1,-425.3478414243949,12,0,1.0,10,1.2,130994.58113941165,12928.860306457898,25720.377041447104,0.41666666666666663,0.0916068427840457,0.038169517826685706,251,20000,1.9255498051643372,0.050000000000000044
554,0.4,-299.9120051050102,12,0,1.0,4,3.0,97371.80725418846,43427.0238470407,76475.85672724093,0.0,0.12323895733673791,0.0,104,20000,0.49931174516677856,0.050000000000000044
555,0.2,-539.5012574098497,12,0,1.0,6,2.0,125928.30345990174,47780.08938220565,109084.54503071622,0.08333333333333337,0.09529231848836156,0.007941026540696797,160,20000,1.7682058215141296,0.050000000000000044
556,0.2,-346.11684362412757,12,0,1.0,7,1.7142857142857142,99756.06107083267,18815.5129861512,51252.21011578842,0.33333333333333337,0.1202934425355798,0.040097814178526606,175,20000,0.33851853013038635,0.050000000000000044
557,0.1,-426.98319514888783,12,0,1.0,6,2.0,109222.98173788219,27148.04640373027,54406.90767475444,0.16666666666666663,0.10986698778099735,0.018311164630166226,148,20000,0.37233588099479675,0.050000000000000044
558,0.6,-251.62080830536107,12,0,1.0,6,2.0,52386.80818528823,12275.926602766582,28301.541606886403,0.75,0.22906530127884286,0.17179897595913216,143,20000,0.08226791117340326,0.050000000000000044
559,0.1,-536.5346350834255,12,0,1.0,6,2.0,148458.2085906408,30037.150707811834,71878.59562950958,0.08333333333333337,0.08083082851342255,0.006735902376118545,151,20000,0.23799563385546207,0.050000000000000044
560,0.6,-237.1650739382766,12,0,1.0,5,2.4,54623.469888586,23470.874863873498,43230.5644390513,0.16666666666666663,0.21968578752825613,0.03661429792137602,119,20000,12.639299392700195,0.050000000000000044
561,0.2,-319.0110809413633,12,0,1.0,8,1.5,93968.95930678524,17627.925170986964,45145.522760884574,0.0,0.12770174415599295,0.0,205,20000,1.6219518892467022,0.050000000000000044
562,0.2,-505.6748009520511,12,0,1.0,5,2.4,104255.77596144435,31299.834593114952,60144.08868663367,0.0,0.11510153647926245,0.0,130,20000,0.1424781009554863,0.050000000000000044
563,0.6,-282.8506285629786,12,0,1.0,4,3.0,64610.49807679075,24073.661502876814,50961.81302318266,0.0,0.1857283314197297,0.0,92,20000,2.9321523439139128,0.050000000000000044
564,0.2,-144.30490846696176,12,0,1.0,5,2.4,46803.61012453229,9499.910012204511,20832.548191276375,0.33333333333333337,0.25639047859921715,0.08546349286640573,129,20000,1.337383933365345,0.050000000000000044
565,0.2,-463.8708104250098,12,0,1.0,6,2.0,141757.13346499836,34156.33128557669,85466.66774875832,0.08333333333333337,0.08465182461497045,0.007054318717914204,137,20000,0.4768788442015648,0.050000000000000044
566,0.4,-291.91439870220603,12,0,1.0,4,3.0,61178.1848881634,32281.31080822175,54327.312542707325,0.0,0.19614834964353003,0.0,105,20000,2.056482195854187,0.050000000000000044
567,0.6,-250.7161812897894,12,0,1.0,4,3.0,62841.606235021725,29663.69466349845,51304.080308826684,0.08333333333333337,0.1909562902501429,0.01591302418751191,94,20000,4.104633450508118,0.050000000000000044
568,0.6,-264.37791284076275,12,0,1.0,4,3.0,58550.876218893616,31716.867770665154,47304.97101282515,0.08333333333333337,0.2049499644571972,0.017079163704766434,108,20000,2.647798180580139,0.050000000000000044
569,0.2,-262.517079867128,12,0,1.0,4,3.0,85687.49509687145,35963.88144291201,60450.41219979906,0.08333333333333337,0.14004377168960017,0.01167031430746668,102,20000,0.21732373535633087,0.050000000000000044
570,0.2,-264.48515757030805,12,0,1.0,4,3.0,61423.57101082457,29708.496136124977,53050.530484059025,0.16666666666666663,0.19536474031907491,0.032560790053179155,108,20000,0.09750114008784294,0.050000000000000044
571,0.2,-317.3725447923958,12,0,1.0,5,2.4,93723.19185242726,24119.726464652795,46710.09004111367,0.0,0.12803661252696893,0.0,114,20000,1.4673982933163643,0.050000000000000044
572,0.2,-317.82485216942985,12,0,1.0,6,2.0,83559.22119334037,17195.45859676634,33827.946463222564,0.0,0.14361072097876845,0.0,154,20000,2.743442416191101,0.050000000000000044
573,0.6,-250.14154301036262,12,0,1.0,4,3.0,88908.00613707601,27817.09163739735,77746.2988667265,0.0,0.13497097192235666,0.0,99,20000,1.7631644308567047,0.050000000000000044
574,0.1,-395.15021962072785,12,0,1.0,8,1.5,133409.1162224815,16634.988339311836,39458.96757616639,0.5,0.08994887560748126,0.04497443780374063,201,20000,1.619133174419403,0.050000000000000044
575,0.4,-267.28792696035543,12,0,1.0,4,3.0,69028.9959023631,36436.97512577325,67618.15072525205,0.08333333333333337,0.17383999061746747,0.014486665884788955,103,20000,0.5226428583264351,0.050000000000000044
576,0.4,-329.333874120629,12,0,1.0,4,3.0,88968.61870786967,30977.73083978525,63561.60156619803,0.0,0.13487901885272888,0.0,100,20000,0.19749136455357075,0.050000000000000044
577,0.2,-412.2861076302669,12,0,1.0,4,3.0,106700.32230024428,38269.857394862694,82359.91456924364,0.0,0.11246451502023745,0.0,94,20000,4.08003568649292,0.050000000000000044
578,0.2,-271.9847491285758,12,0,1.0,6,2.0,53854.33572684712,12528.752393999237,23320.901742068298,0.41666666666666663,0.22282328503437163,0.09284303543098818,151,20000,1.2558886371552944,0.050000000000000044
579,0.1,-566.6439779299225,12,0,1.0,8,1.5,140949.22152043798,21965.508426094773,44338.173700761785,0.25,0.08513704347249601,0.021284260868124003,217,20000,2.981590467505157,0.050000000000000044
580,0.1,-687.1708266125349,12,0,1.0,6,2.0,160639.8734529277,43705.80510083729,82288.00942309,0.0,0.07470125406639068,0.0,156,20000,4.570748950354755,0.050000000000000044
581,0.4,-168.86679951270958,12,0,1.0,4,3.0,39976.7632384788,21134.994139531394,32980.643246515254,0.33333333333333337,0.30017437701033406,0.10005812567011135,103,20000,2.359393298625946,0.050000000000000044
582,0.4,-287.6333611022811,12,0,1.0,4,3.0,79453.87270747915,37552.97025371691,64872.01207376979,0.0,0.15103102707378058,0.0,104,20000,0.4009036235511303,0.050000000000000044
583,0.6,-222.5480556207056,12,0,1.0,6,2.0,55322.95165931772,17536.92062786605,37850.38890970083,0.16666666666666663,0.21690816632302573,0.03615136105383762,158,20000,7.19379186630249,0.050000000000000044
584,0.2,-261.0409213987466,12,0,1.0,4,3.0,57276.32498297226,24156.50397247377,36345.60784611598,0.08333333333333337,0.20951064865924082,0.017459220721603403,95,20000,5.577824903186411,0.050000000000000044
585,0.2,-443.3916646405164,12,0,1.0,7,1.7142857142857142,96154.64148317315,24883.310522068554,59529.67576582102,0.33333333333333337,0.12479896773469822,0.04159965591156607,179,20000,1.2390054948627949,0.050000000000000044
586,0.6,-279.20417622434,12,0,1.0,4,3.0,69176.2020677165,23692.437604593477,53715.05181343386,0.33333333333333337,0.17347006110935687,0.05782335370311895,102,20000,0.13179339654743671,0.050000000000000044
587,0.2,-199.92463021316678,12,0,1.0,6,2.0,52541.35974094723,14699.392103553495,23960.402924235113,0.33333333333333337,0.22839150069898173,0.07613050023299392,163,20000,0.13900044560432434,0.050000000000000044
588,0.6,-205.04945224532844,12,0,1.0,4,3.0,50316.423470201014,22358.055843084483,41913.376301492455,0.08333333333333337,0.23849071878303874,0.019874226565253228,109,20000,0.12092626933008432,0.050000000000000044
589,0.6,-274.78647960323724,12,0,1.0,3,4.0,68176.29451322288,31894.901283976422,55024.63439322232,0.0,0.17601425958509062,0.0,83,20000,3.7876124139875174,0.050000000000000044
590,0.6,-489.8129378048511,12,0,1.0,6,2.0,112573.69689330655,34959.18886652063,81369.44683449941,0.0,0.106596836838122,0.0,154,20000,0.8235180005431175,0.050000000000000044
591,0.4,-185.46191537142232,12,0,1.0,7,1.7142857142857142,50110.03027917061,13243.380222547954,26532.703397102217,0.41666666666666663,0.2394730143475502,0.09978042264481259,179,20000,0.7849159026518464,0.050000000000000044
592,0.4,-320.0240012775277,12,0,1.0,7,1.7142857142857142,66507.75997791979,9608.830191353176,24978.83729914265,0.08333333333333337,0.1804300731821961,0.015035839431849675,182,20000,0.5546764084137976,0.050000000000000044
593,0.2,-216.90284417464537,12,0,1.0,6,2.0,64158.55210991003,18351.422539070063,33080.0504731019,0.25,0.18703663978331053,0.04675915994582763,143,20000,1.3611459052190185,0.050000000000000044
594,0.4,-308.14402009115946,12,0,1.0,3,4.0,77359.5512915081,37186.66257561533,65967.77669859926,0.0,0.15511982424486037,0.0,76,20000,4.348055507987738,0.050000000000000044
595,0.2,-297.3719102066976,12,0,1.0,5,2.4,72661.45459840534,16808.744472156177,47417.75685195342,0.41666666666666663,0.16514946014118684,0.06881227505882785,126,20000,1.784508028998971,0.050000000000000044
596,0.1,-652.4679998655789,12,0,1.0,8,1.5,170128.45340698803,25526.239027400658,60890.497702597066,0.33333333333333337,0.0705349385108035,0.023511646170267835,206,20000,0.01559231337159872,0.050000000000000044
597,0.2,-398.60446933617754,12,0,1.0,6,2.0,124204.3802347368,24720.797347457603,59141.01689391752,0.0,0.09661495011142857,0.0,157,20000,0.023564642760902643,0.050000000000000044
598,0.1,-652.3366446323604,12,0,1.0,7,1.7142857142857142,178932.09219894768,28482.017816584023,57596.88393519886,0.08333333333333337,0.06706454863701959,0.005588712386418299,174,20000,3.7310001850128174,0.050000000000000044
599,0.6,-379.5549949551504,12,0,1.0,6,2.0,83857.18781636495,28838.25439045962,54592.17589621534,0.25,0.14310043435129563,0.03577510858782391,153,20000,0.12785648740828037,0.050000000000000044
600,0.6,-437.9262308317818,12,0,1.0,3,4.0,103364.14380633266,41735.548582901516,75607.85072491757,0.0,0.11609441686552056,0.0,64,20000,6.698910057544708,0.050000000000000044
601,0.1,-600.0543089179359,12,0,1.0,6,2.0,164416.80290353837,32534.540140640824,80275.7954977625,0.0,0.07298524109509827,0.0,153,20000,0.04312162660062313,0.050000000000000044
602,0.6,-219.28644545725797,12,0,1.0,4,3.0,62864.80388996222,23373.168172960173,54013.791577779055,0.08333333333333337,0.19088582573175053,0.015907152144312542,101,20000,0.21752462536096573,0.050000000000000044
603,0.6,-124.84134227703652,12,0,1.0,5,2.4,26740.59734721645,10610.218985591244,16357.939504033835,0.0,0.4487558689951679,0.0,120,20000,0.28428198816254735,0.050000000000000044
604,0.1,-579.8576226579428,12,0,1.0,9,1.3333333333333333,139780.60284962057,19664.54743764044,39069.043777137784,0.08333333333333337,0.08584882133402942,0.007154068444502451,224,20000,0.0500957015901804,0.050000000000000044
605,0.6,-367.65093771863064,12,0,1.0,5,2.4,85700.24787760212,30597.170045250095,57947.104308859874,0.08333333333333337,0.14002293222230244,0.011668577685191871,121,20000,1.0259817838668823,0.050000000000000044
606,0.6,-206.94968687796558,12,0,1.0,3,4.0,51284.34581182955,20752.219358920254,32396.69180174779,0.08333333333333337,0.23398953052906074,0.019499127544088397,78,20000,2.0697644473984838,0.050000000000000044
607,0.4,-435.7839414788788,12,0,1.0,5,2.4,148530.97737204222,44766.51186553813,97634.73737210922,0.0,0.08079122760999714,0.0,136,20000,0.43703090120106936,0.050000000000000044
608,0.4,-351.60556495979984,12,0,1.0,5,2.4,83454.36123288308,39250.83627785756,69931.39318927433,0.0,0.14379116708488693,0.0,135,20000,0.5174389444291592,0.050000000000000044
609,0.6,-320.52956210065105,12,0,1.0,4,3.0,82942.24597758951,42315.84540242705,76846.86813793429,0.0,0.14467898546227367,0.0,107,20000,0.21439388347789645,0.050000000000000044
610,0.6,-344.7392787246458,12,0,1.0,5,2.4,118186.75601637794,45887.71888105057,95908.10328429364,0.0,0.10153421926850313,0.0,131,20000,1.2430784180760384,0.050000000000000044
611,0.2,-456.93341069213477,12,0,1.0,7,1.7142857142857142,131398.229408679,23290.419498283183,50792.76170387443,0.16666666666666663,0.09132543150697421,0.015220905251162369,178,20000,1.5300008188933134,0.050000000000000044
612,0.1,-431.4962041372235,12,0,1.0,7,1.7142857142857142,102090.09974042184,22898.042936372305,43099.85205701778,0.08333333333333337,0.11754322927014134,0.009795269105845111,175,20000,0.4076784625649452,0.050000000000000044
613,0.2,-196.53430225565077,12,0,1.0,10,1.2,61820.9508602153,5401.197642182966,9472.66443854511,0.8333333333333334,0.19410895227304836,0.1617574602275403,231,20000,3.152721345424652,0.050000000000000044
614,0.4,-219.19003242235866,12,0,1.0,5,2.4,62207.792339471234,13046.817874756345,34402.30776789548,0.0,0.19290187850607785,0.0,134,20000,0.46292764274403453,0.050000000000000044
615,0.6,-532.2854081561823,12,0,1.0,3,4.0,116313.06851954582,59694.864075234065,105269.61691129066,0.0,0.10316983424767494,0.0,73,20000,2.4606526410207152,0.050000000000000044
616,0.4,-319.7308404411434,12,0,1.0,5,2.4,77087.56997655163,29319.888505844323,58120.831428385914,0.25,0.1556671199215404,0.0389167799803851,132,20000,5.714008808135986,0.050000000000000044
617,0.2,-246.98686629315148,12,0,1.0,3,4.0,61847.94327034377,22861.088828719487,33271.882319282224,0.0,0.19402423695072213,0.0,78,20000,0.034519479144364595,0.050000000000000044
618,0.6,-293.4716121578748,12,0,1.0,3,4.0,101152.54622281746,34600.53341937091,85070.19111169325,0.08333333333333337,0.11863270325955574,0.009886058604962979,74,20000,0.9252085641492158,0.050000000000000044
619,0.6,-292.1109776069876,12,0,1.0,4,3.0,96746.46251390465,48031.855292199434,75205.91897850305,0.0,0.1240355428838065,0.0,109,20000,1.0000117332674563,0.050000000000000044
620,0.2,-479.92653394542975,12,0,1.0,5,2.4,128820.87461074335,47961.86017458508,81079.67940252724,0.08333333333333337,0.09315260462452433,0.007762717052043695,130,20000,0.05466727912425995,0.050000000000000044
621,0.4,-285.9464047075894,12,0,1.0,4,3.0,84699.06749137578,27449.55762822188,71342.83366702576,0.08333333333333337,0.1416780651241746,0.011806505427014552,100,20000,0.04096038779243827,0.050000000000000044
622,0.1,-302.2978802625331,12,0,1.0,10,1.2,73867.32616997504,7936.884238882601,19475.67617731506,0.25,0.16245342321430414,0.040613355803576036,265,20000,3.4128489391878247,0.050000000000000044
623,0.1,-636.6112665593155,12,0,1.0,7,1.7142857142857142,188301.9029102441,32266.614720393587,68810.23091040275,0.08333333333333337,0.06372744945503771,0.0053106207879198095,167,20000,1.8895573019981384,0.050000000000000044
624,0.6,-273.91028512418916,12,0,1.0,5,2.4,87265.62559297336,27217.135244619236,56337.10680439295,0.0,0.1375111897549525,0.0,118,20000,0.014878153335303068,0.050000000000000044
625,0.6,-393.6806949411918,12,0,1.0,4,3.0,138136.5823952848,49730.429122104215,105170.62385527129,0.0,0.08687054357303697,0.0,96,20000,1.089858889579773,0.050000000000000044
626,0.1,-441.4246137766011,12,0,1.0,7,1.7142857142857142,113081.77176929555,22000.48292889597,43490.07860869023,0.0,0.10611789868734876,0.0,186,20000,2.3194971680641174,0.050000000000000044
627,0.6,-258.5632810035456,12,0,1.0,4,3.0,75144.69740868299,34684.75141493621,62841.89495823,0.16666666666666663,0.15969190659903298,0.026615317766505497,110,20000,0.362326018512249,0.050000000000000044
628,0.2,-518.1629110275793,12,0,1.0,9,1.3333333333333333,132724.24169627478,26529.284840942204,77509.49884652342,0.16666666666666663,0.09041302362428044,0.015068837270713408,226,20000,1.7000800371170044,0.050000000000000044
629,0.4,-504.880142620629,12,0,1.0,4,3.0,122033.13255136438,78557.75376071536,116056.00848256219,0.0,0.09833395037162664,0.0,93,20000,1.4831775426864624,0.050000000000000044
630,0.6,-295.1151700632949,12,0,1.0,4,3.0,68113.25516982152,35180.111272349764,63207.96998825504,0.0,0.17617716214092727,0.0,92,20000,5.982747316360474,0.050000000000000044
631,0.2,-388.74249504531656,12,0,1.0,5,2.4,110062.53865671116,38335.6030220962,69119.47735382216,0.08333333333333337,0.1090289225240244,0.009085743543668699,128,20000,2.6537357568740845,0.050000000000000044
632,0.2,-353.4514732239278,12,0,1.0,4,3.0,81022.56376234305,31118.87884478428,71362.58172765459,0.0,0.1481068907569826,0.0,100,20000,0.9251585304737091,0.050000000000000044
633,0.4,-197.6700196026374,12,0,1.0,5,2.4,52787.211854253845,18742.902066411098,29510.982666732023,0.25,0.22732778600112752,0.05683194650028188,136,20000,2.516469717025757,0.050000000000000044
634,0.6,-267.3063586429297,12,0,1.0,8,1.5,63203.73255212334,16460.671075713235,46512.647937490816,0.41666666666666663,0.18986220457951195,0.07910925190812998,194,20000,3.447459101676941,0.050000000000000044
635,0.4,-133.7544747047978,12,0,1.0,6,2.0,33028.746346471504,9725.666946454068,17485.099593217026,0.5,0.3633198751814561,0.18165993759072804,145,20000,1.125475525856018,0.050000000000000044
636,0.2,-639.1917527365738,12,0,1.0,7,1.7142857142857142,180286.33484034147,43158.5158143648,93847.72164488517,0.0,0.06656078515671748,0.0,163,20000,2.1399787068367004,0.050000000000000044
637,0.6,-195.37205227191032,12,0,1.0,6,2.0,49504.64157338549,13551.031693181629,39786.62072349914,0.41666666666666663,0.2424015126381886,0.10100063026591191,131,20000,2.7909441590309143,0.050000000000000044
638,0.2,-368.53745076174107,12,0,1.0,4,3.0,96153.4290533443,34188.033954618084,70151.14475471708,0.08333333333333337,0.12480054136543173,0.010400045113785977,105,20000,1.6614159047603607,0.050000000000000044
639,0.4,-384.923126612556,12,0,1.0,5,2.4,87704.02694747504,34971.44896936681,70880.12249323369,0.08333333333333337,0.13682382004177146,0.011401985003480955,128,20000,1.9382134675979614,0.050000000000000044
640,0.4,-213.6321601411176,12,0,1.0,5,2.4,44561.125153389476,16600.970136097687,34128.92555543854,0.33333333333333337,0.26929302073709505,0.08976434024569835,132,20000,1.6091453433036804,0.050000000000000044
641,0.4,-453.1110719412919,12,0,1.0,4,3.0,101464.8067519909,52068.3695147739,80706.41814851349,0.0,0.11826760809126108,0.0,97,20000,1.811195433139801,0.050000000000000044
642,0.1,-810.0544299052419,12,0,1.0,7,1.7142857142857142,179217.42934309138,56942.3969995217,97288.15469943205,0.0,0.06695777327007277,0.0,185,20000,4.522843360900879,0.050000000000000044
643,0.2,-361.0328338899561,12,0,1.0,4,3.0,74363.99617528036,28590.938022273258,56341.038093801704,0.16666666666666663,0.1613684123660499,0.026894735394341653,98,20000,1.6542410254478455,0.050000000000000044
644,0.1,-842.4764738307574,12,0,1.0,9,1.3333333333333333,186129.4041898502,27813.28724662201,53992.2127692676,0.08333333333333337,0.06447127498329128,0.005372606248607607,231,20000,2.6910747289657593,0.050000000000000044
645,0.6,-228.3555547451734,12,0,1.0,5,2.4,68735.45714038565,24745.523877976742,46432.2147657438,0.16666666666666663,0.17458238439428925,0.029097064065714873,115,20000,1.8574345707893372,0.050000000000000044
646,0.4,-314.9586778058689,12,0,1.0,4,3.0,87306.93746281009,38599.814812963166,71992.20670561765,0.0,0.13744612225244537,0.0,102,20000,2.610958158969879,0.050000000000000044
647,0.2,-367.5539305325502,12,0,1.0,8,1.5,90645.18105000185,15323.19866668747,29892.85613627748,0.16666666666666663,0.13238431277864113,0.022064052129773522,194,20000,1.4530465602874756,0.050000000000000044
648,0.6,-235.9201297492656,12,0,1.0,5,2.4,67017.94222604888,17256.747909988255,48355.897052621236,0.08333333333333337,0.17905652727331547,0.014921377272776289,129,20000,2.6267174184322357,0.050000000000000044
649,0.2,-476.240666393523,12,0,1.0,7,1.7142857142857142,114050.89606082349,23722.906393168243,56498.09359978646,0.0,0.1052161834274444,0.0,175,20000,2.4202698469161987,0.050000000000000044
650,0.6,-850.0949975737049,12,0,1.0,4,3.0,196644.6292445633,93714.4444104586,167864.68771236678,0.0,0.06102378715401285,0.0,95,20000,2.4500336050987244,0.050000000000000044
651,0.2,-326.87494790145996,12,0,1.0,5,2.4,86671.08926298482,23980.50057101597,41914.249437685154,0.08333333333333337,0.1384544731356563,0.01153787276130469,137,20000,1.120210975408554,0.050000000000000044
652,0.2,-242.87837349060692,12,0,1.0,6,2.0,69371.69626646966,14678.129482660843,28210.265346467462,0.33333333333333337,0.17298121057766494,0.05766040352588831,156,20000,1.0233155190944672,0.050000000000000044
653,0.2,-407.39734908092674,12,0,1.0,6,2.0,127396.76211477647,34633.70864195972,64699.81566507004,0.0,0.09419391671186081,0.0,135,20000,3.1848971843719482,0.050000000000000044
654,0.4,-341.89903669116063,12,0,1.0,6,2.0,77474.06460829606,33271.86928247446,63177.161680848476,0.08333333333333337,0.15489054383129677,0.012907545319274733,157,20000,0.5702683925628662,0.050000000000000044
655,0.4,-258.87332988371844,12,0,1.0,4,3.0,77005.52971271824,28179.206612358903,64428.94355445154,0.0,0.1558329647853598,0.0,101,20000,0.3513113856315613,0.050000000000000044
656,0.4,-344.1578766480317,12,0,1.0,6,2.0,84195.4025520327,32709.192050200727,68832.1347738593,0.08333333333333337,0.14252559684103902,0.011877133070086584,155,20000,0.6966432929039001,0.050000000000000044
657,0.4,-361.309402076672,12,0,1.0,4,3.0,86376.56157735013,41569.09875576215,75039.87656382105,0.08333333333333337,0.13892657661828794,0.011577214718190662,86,20000,4.306432247161865,0.050000000000000044
658,0.4,-495.4310977754884,12,0,1.0,4,3.0,126337.26492617678,53661.78123709294,110528.68929839208,0.0,0.09498385141558996,0.0,101,20000,1.7764403223991394,0.050000000000000044
659,0.4,-280.56771205205655,12,0,1.0,4,3.0,72222.07394856647,33928.58757247676,61251.72548591341,0.0,0.16615418727169062,0.0,94,20000,3.6611954867839813,0.050000000000000044
660,0.2,-321.59877219659296,12,0,1.0,5,2.4,98021.33702493714,27956.68214506679,59792.89200685483,0.16666666666666663,0.1224223252223864,0.020403720870397733,140,20000,0.6294340267777443,0.050000000000000044
661,0.6,-236.76198354925532,12,0,1.0,4,3.0,85815.78512821964,33239.50385204735,75855.16304860129,0.0,0.13983441370454727,0.0,104,20000,0.7808896154165268,0.050000000000000044
662,0.1,-591.839640400133,12,0,1.0,7,1.7142857142857142,119147.99189536179,26684.766371184425,38572.228751569004,0.08333333333333337,0.10071508389783561,0.008392923658152968,170,20000,1.3168185353279114,0.050000000000000044
663,0.6,-362.46552503632165,12,0,1.0,4,3.0,75866.98075016087,41628.65341767897,66923.76710872426,0.0,0.15817157716500474,0.0,102,20000,1.2533399313688278,0.050000000000000044
664,0.4,-896.6061575107425,12,0,1.0,4,3.0,199193.91791407985,118007.84337164061,178073.97727153372,0.0,0.06024280322241601,0.0,94,20000,0.7739690095186234,0.050000000000000044
665,0.1,-640.5006767824156,12,0,1.0,8,1.5,164380.0774415,28165.978052152048,49099.01083069401,0.08333333333333337,0.0730015473089833,0.006083462275748608,194,20000,1.2399531342089176,0.050000000000000044
666,0.6,-278.4607285302147,12,0,1.0,5,2.4,67058.31412280902,34423.70369937458,64276.9830433277,0.0,0.17894872778971868,0.0,110,20000,1.001663625240326,0.050000000000000044
667,0.2,-209.86977573559216,12,0,1.0,11,1.0909090909090908,83800.44747658017,4603.686389187,9730.23404727792,0.75,0.1431973260447524,0.1073979945335643,300,20000,0.26603439450263977,0.050000000000000044
668,0.1,-254.07765765859392,12,0,1.0,4,3.0,81869.94715807581,27166.85562287894,48776.118470734655,0.0,0.14657393117440526,0.0,95,20000,3.617612361907959,0.050000000000000044
669,0.6,-177.14219117958885,12,0,1.0,4,3.0,54090.579876923905,19940.73001940189,50927.430726847015,0.08333333333333337,0.22185008974398948,0.01848750747866579,88,20000,1.1387358605861664,0.050000000000000044
670,0.6,-452.9723401176804,12,0,1.0,5,2.4,104187.37740536076,47607.91817160496,87671.9585276788,0.08333333333333337,0.1151771001328858,0.009598091677740483,127,20000,1.235058518126607,0.050000000000000044
671,0.2,-322.6203390628057,12,0,1.0,6,2.0,79815.57748350421,17437.65935695281,43449.90106107328,0.16666666666666663,0.15034659120871594,0.025057765201452656,149,20000,1.8821874558925629,0.050000000000000044
672,0.4,-325.0394317455673,12,0,1.0,6,2.0,71177.12253326054,22508.53292979277,58373.149495017504,0.08333333333333337,0.1685934970803644,0.014049458090030366,149,20000,1.8015915155410767,0.050000000000000044
673,0.1,-369.88938140447306,12,0,1.0,10,1.2,130958.08989036054,11690.589718645395,30009.867504657537,0.5,0.0916323688750082,0.0458161844375041,255,20000,5.2880613803863525,0.050000000000000044
674,0.2,-372.2018697991966,12,0,1.0,6,2.0,92873.08462545692,23662.862856085678,43066.9824116748,0.16666666666666663,0.12920858662543816,0.021534764437573028,147,20000,0.2963704764842987,0.050000000000000044
675,0.6,-326.84386892050895,12,0,1.0,3,4.0,79940.39488269368,52814.441202597685,74612.7186642141,0.0,0.15011184292508273,0.0,68,20000,3.138821668922901,0.050000000000000044
676,0.1,-344.2151497496274,12,0,1.0,8,1.5,112935.43409137272,15488.298658841684,32164.42134600938,0.25,0.10625540244783718,0.026563850611959296,201,20000,0.2203361764550209,0.050000000000000044
677,0.1,-785.7245554424101,12,0,1.0,8,1.5,196311.29484694626,33485.865610860856,58956.2281857455,0.16666666666666663,0.06112740486662155,0.010187900811103592,203,20000,6.849257707595825,0.050000000000000044
678,0.1,-774.901052546569,12,0,1.0,10,1.2,157039.3396337802,18665.087693441426,40251.32659167442,0.33333333333333337,0.07641397389968851,0.025471324633229504,238,20000,1.2780084013938904,0.050000000000000044
679,0.4,-211.7828284430987,12,0,1.0,4,3.0,44114.40327617992,23636.157267009385,36002.13976086904,0.25,0.27202000047180824,0.06800500011795206,101,20000,1.8756529642269015,0.050000000000000044
680,0.6,-319.1575091279007,12,0,1.0,4,3.0,76403.1740397989,39810.52918939535,69832.26251251975,0.0,0.15706153770194317,0.0,102,20000,1.0361288711428642,0.050000000000000044
681,0.2,-300.20632792167936,12,0,1.0,5,2.4,87577.55177836952,32119.359981564674,73079.43624637081,0.08333333333333337,0.13702141423601474,0.011418451186334562,132,20000,1.2943715453147888,0.050000000000000044
682,0.4,-243.37480446081165,12,0,1.0,5,2.4,57457.17269332728,14213.66961891322,29051.87335468055,0.33333333333333337,0.20885120930069023,0.06961706976689674,125,20000,0.29213184863328934,0.050000000000000044
683,0.2,-432.13899024934017,12,0,1.0,11,1.0909090909090908,97855.07971450718,13390.885922239837,40620.41557716902,0.41666666666666663,0.12263032266705087,0.05109596777793786,282,20000,2.2378853112459183,0.050000000000000044
684,0.6,-306.7884317215162,12,0,1.0,4,3.0,72295.35778466379,27076.97770211296,66934.42673652069,0.0,0.16598576129525142,0.0,100,20000,1.8433006219565868,0.050000000000000044
685,0.2,-273.6683956416661,12,0,1.0,9,1.3333333333333333,73428.17784464917,10129.435072633185,28067.895321966334,0.5833333333333333,0.16342500048670974,0.09533125028391401,215,20000,4.034103691577911,0.050000000000000044
686,0.1,-531.1876313664442,12,0,1.0,7,1.7142857142857142,132364.30369281676,40865.00872466212,81408.7808568339,0.08333333333333337,0.09065888359031367,0.007554906965859473,184,20000,5.0331993997097015,0.050000000000000044
687,0.6,-193.76652171542975,12,0,1.0,4,3.0,58579.79499205927,13903.164789374472,31092.75999937755,0.25,0.20484878790761643,0.05121219697690411,103,20000,1.3971949145197868,0.050000000000000044
688,0.1,-422.7457996231667,12,0,1.0,10,1.2,98986.24563549364,12884.596486985633,37315.018356809014,0.33333333333333337,0.12122896391271094,0.04040965463757031,241,20000,0.015181477880105376,0.050000000000000044
689,0.6,-88.0051256803068,12,0,1.0,4,3.0,21060.096843552084,9543.531135163916,17167.125164663506,0.25,0.5697979496079102,0.14244948740197755,111,20000,0.31103648990392685,0.050000000000000044
690,0.2,-242.71964721434128,12,0,1.0,8,1.5,56732.701305197654,13140.960569850753,28525.259693052547,0.16666666666666663,0.21151822007284893,0.03525303667880816,207,20000,0.22414777148514986,0.050000000000000044
691,0.4,-240.58436089959105,12,0,1.0,7,1.7142857142857142,65827.23954124324,14026.865487176363,30646.153304712272,0.41666666666666663,0.18229535498722452,0.07595639791134355,193,20000,0.4020311329513788,0.050000000000000044
692,0.1,-487.75574686979013,12,0,1.0,4,3.0,137784.02039518848,41858.03111104795,66484.05560885959,0.08333333333333337,0.08709282807673864,0.007257735673061554,106,20000,2.2021362632513046,0.050000000000000044
693,0.6,-290.930467473936,12,0,1.0,4,3.0,85909.07214980498,34283.860650821334,73310.88704620764,0.25,0.13968257018391322,0.034920642545978306,94,20000,1.8752240538597107,0.050000000000000044
694,0.4,-333.05353629485467,12,0,1.0,4,3.0,113976.28583877618,44452.803291246615,95729.01324562314,0.0,0.10528505918305199,0.0,105,20000,1.5136679038405418,0.050000000000000044
695,0.1,-660.567013464915,12,0,1.0,12,1.0,172782.41778929837,13370.918106138195,44531.57401745743,0.5833333333333333,0.06945151105961225,0.04051338145144048,315,20000,2.131521910429001,0.050000000000000044
696,0.2,-360.18757168949423,12,0,1.0,6,2.0,84945.25802559366,34179.19383735862,54754.23954400235,0.16666666666666663,0.14126745010750863,0.023544575017918106,147,20000,3.305050790309906,0.050000000000000044
697,0.4,-387.7324790373742,12,0,1.0,4,3.0,117389.39438706537,49731.972326350726,93950.42709715819,0.0,0.1022238854085291,0.0,97,20000,1.8244753032922745,0.050000000000000044
698,0.2,-436.10739115037245,12,0,1.0,6,2.0,95295.51798268827,21769.057030831635,35158.811169537694,0.0,0.12592407548673973,0.0,150,20000,0.2180602177977562,0.050000000000000044
699,0.4,-204.77124814450315,12,0,1.0,6,2.0,52650.69061753324,9554.076296331377,20424.43151154652,0.6666666666666667,0.22791723829741886,0.1519448255316126,168,20000,0.046623826026916504,0.050000000000000044
700,0.1,-360.94367029128495,12,0,1.0,10,1.2,136997.95813716546,10956.294659957623,31161.536549310455,0.5833333333333333,0.08759254636470806,0.05109565204607971,241,20000,0.2977915592491627,0.050000000000000044
701,0.4,-235.05466701620676,12,0,1.0,7,1.7142857142857142,63800.42182218059,12994.015813723037,28769.440902264272,0.25,0.18808653073557155,0.04702163268389289,177,20000,0.9217319041490555,0.050000000000000044
702,0.1,-341.7505065118817,12,0,1.0,4,3.0,93232.20322977754,24572.742849425016,47592.993825455305,0.25,0.12871089156206175,0.03217772289051544,103,20000,0.6529986578971148,0.050000000000000044
703,0.6,-357.9048919875148,12,0,1.0,5,2.4,111268.85365183966,49148.70551376514,93850.36020096789,0.08333333333333337,0.10784689161576168,0.00898724096798014,135,20000,2.049150988459587,0.050000000000000044
704,0.1,-437.2791469799982,12,0,1.0,8,1.5,91096.81485375244,21109.501292190176,40562.932828441575,0.16666666666666663,0.1317279865302085,0.02195466442170142,201,20000,1.1864074766635895,0.050000000000000044
705,0.1,-462.35992660021196,12,0,1.0,6,2.0,132105.07605044852,31531.514286793594,62599.0352255643,0.0,0.0908367820432382,0.0,147,20000,3.2544283866882324,0.050000000000000044
706,0.2,-320.7857297340056,12,0,1.0,4,3.0,92621.99387293652,28585.216962393348,62864.478335956825,0.16666666666666663,0.12955886067905426,0.02159314344650904,100,20000,3.5634464621543884,0.050000000000000044
707,0.4,-131.45548055910712,12,0,1.0,5,2.4,37320.43541057189,8724.88467670032,17470.22334149247,0.5,0.3215396569730459,0.16076982848652294,133,20000,1.3102404847741127,0.050000000000000044
708,0.6,-251.74713875536614,12,0,1.0,4,3.0,88961.74627405037,28759.001428666103,79580.3138958569,0.0,0.13488943846755772,0.0,109,20000,5.097662761807442,0.050000000000000044
709,0.4,-283.4658116999453,12,0,1.0,6,2.0,73094.78067200026,18370.274695785232,35402.17583498796,0.16666666666666663,0.1641704084707204,0.027361734745120065,161,20000,1.4493083655834198,0.050000000000000044
710,0.4,-177.00065151239454,12,0,1.0,5,2.4,48494.26458322789,16334.336308967591,29937.895682143557,0.25,0.24745194309329296,0.06186298577332324,119,20000,0.16641126573085785,0.050000000000000044
711,0.4,-189.88499484481957,12,0,1.0,4,3.0,48587.69309379786,16608.861228747435,30356.282244731905,0.25,0.24697612164533453,0.06174403041133363,108,20000,0.67572668986395,0.050000000000000044
712,0.4,-188.3492861423469,12,0,1.0,6,2.0,39645.76974250222,7405.911748856277,14001.143872879455,0.25,0.30268046447173425,0.07567011611793356,147,20000,1.4769154964014888,0.050000000000000044
713,0.4,-381.2559903423072,12,0,1.0,4,3.0,112951.24134056817,49682.85600516724,88157.1694183695,0.0,0.1062405322648722,0.0,104,20000,1.2279652897268534,0.050000000000000044
714,0.6,-288.4878986926854,12,0,1.0,4,3.0,74717.14380148768,32604.52935128166,56238.38093695038,0.0,0.16060571094476273,0.0,85,20000,0.9371642097830772,0.050000000000000044
715,0.1,-415.87525048604203,12,0,1.0,11,1.0909090909090908,105454.46768891696,12200.121855953248,29257.45475378201,0.5,0.11379318736309144,0.05689659368154572,282,20000,0.04901660792529583,0.050000000000000044
716,0.1,-709.760476484074,12,0,1.0,5,2.4,180313.50137745574,46612.76772291193,64962.01146174258,0.0,0.06655075692241168,0.0,127,20000,1.7865087389945984,0.050000000000000044
717,0.6,-253.09996372506896,12,0,1.0,4,3.0,53915.48359134359,21704.012572813615,29352.343819671853,0.25,0.2225705715811601,0.05564264289529002,100,20000,0.17781567946076393,0.050000000000000044
718,0.6,-264.2188457551045,12,0,1.0,4,3.0,81579.8637674686,34831.978536550836,61303.52087406167,0.16666666666666663,0.14709512183305715,0.024515853638842858,107,20000,0.021526360884308815,0.050000000000000044
719,0.4,-537.7632139525249,12,0,1.0,4,3.0,127598.56242292559,83686.54148923406,105866.35276736031,0.08333333333333337,0.09404494668385044,0.00783707889032087,108,20000,0.025317196734249592,0.050000000000000044
720,0.4,-248.69265559622858,12,0,1.0,7,1.7142857142857142,55139.88968416117,11967.528717201158,21832.582072349163,0.25,0.21762829176364815,0.05440707294091204,181,20000,1.462258830666542,0.050000000000000044
721,0.6,-160.0609275803787,12,0,1.0,5,2.4,47551.10798281985,19412.15866578785,40110.91533051869,0.08333333333333337,0.2523600502502609,0.021030004187521743,128,20000,0.1373362708836794,0.050000000000000044
722,0.1,-538.2123083480557,12,0,1.0,8,1.5,150648.27112281186,17957.8641178532,38532.24239046942,0.25,0.07965574321272716,0.01991393580318179,200,20000,0.6822020122781396,0.050000000000000044
723,0.6,-332.5241464925069,12,0,1.0,6,2.0,66552.11471593144,31269.01567337225,58282.48596956075,0.08333333333333337,0.18030982262878276,0.015025818552398562,158,20000,0.997326685115695,0.050000000000000044
724,0.1,-689.5895802536135,12,0,1.0,9,1.3333333333333333,170661.83792618045,26010.69745009037,47268.28057833948,0.0,0.07031448943606586,0.0,222,20000,4.9692702293396,0.050000000000000044
725,0.2,-325.65701271117655,12,0,1.0,4,3.0,90077.00391497616,34038.8590874995,56482.70276550244,0.0,0.13321935098248627,0.0,97,20000,2.128912091255188,0.050000000000000044
726,0.4,-277.0984342473481,12,0,1.0,4,3.0,71018.35433388033,26493.79606318042,50436.92621146572,0.08333333333333337,0.16897040367317026,0.01408086697276419,95,20000,0.07809985429048538,0.050000000000000044
727,0.1,-643.8459740491687,12,0,1.0,8,1.5,155442.01434356548,30727.79865553974,65218.983064072934,0.0,0.07719920544439818,0.0,199,20000,0.07623066008090973,0.050000000000000044
728,0.2,-544.0323871384549,12,0,1.0,5,2.4,114708.23296952748,48751.42567045328,100392.30158700586,0.0,0.1046132408228085,0.0,130,20000,1.3369763977825642,0.050000000000000044
729,0.4,-426.92866812008776,12,0,1.0,5,2.4,123465.90798984523,48977.28212388078,86222.30540270482,0.0,0.09719282185157517,0.0,140,20000,1.2943211756646633,0.050000000000000044
730,0.4,-207.4284164432047,12,0,1.0,4,3.0,62060.25386409293,18762.319208414065,33324.91041837135,0.16666666666666663,0.19336047232869938,0.03222674538811657,98,20000,1.0759345218539238,0.050000000000000044
731,0.1,-389.1355571343655,12,0,1.0,5,2.4,109282.00362880617,38153.324087276764,60972.27778457936,0.0,0.10980764994719462,0.0,123,20000,4.2182005271315575,0.050000000000000044
732,0.1,-623.5918988559836,12,0,1.0,8,1.5,138017.71822625463,23890.199888884003,46504.041500783474,0.16666666666666663,0.08694535856858762,0.014490893094764604,203,20000,3.6993988882750273,0.050000000000000044
733,0.2,-343.16804353300245,12,0,1.0,4,3.0,90670.09171588508,33371.54121863853,68445.64759869566,0.0,0.13234794156381827,0.0,110,20000,0.06388645898550749,0.050000000000000044
734,0.2,-345.2578473895659,12,0,1.0,5,2.4,95447.91320348262,35067.779692025426,63427.555825873795,0.0,0.12572302104098967,0.0,133,20000,0.09341953694820404,0.050000000000000044
735,0.6,-354.87081316970097,12,0,1.0,3,4.0,98329.38568042847,46698.42980296605,85370.23031373549,0.0,0.12203879762861658,0.0,79,20000,1.1679756939411163,0.050000000000000044
736,0.1,-295.6589094543114,12,0,1.0,8,1.5,119363.96284774397,10647.012634488841,24594.37136449672,0.25,0.10053285525805418,0.025133213814513545,205,20000,0.8434525728225708,0.050000000000000044
737,0.4,-356.61833589900755,12,0,1.0,5,2.4,85987.99114010844,36911.68586018699,57292.78950284499,0.0,0.1395543708010024,0.0,133,20000,1.1786502245813608,0.050000000000000044
738,0.6,-243.75367123505947,12,0,1.0,3,4.0,66735.34181000198,29347.53743775986,59423.678419441334,0.0,0.17981476792558357,0.0,54,20000,4.7186136450618505,0.050000000000000044
739,0.6,-245.85325874521033,12,0,1.0,5,2.4,75340.4102376103,23352.808436262876,51423.27902844146,0.08333333333333337,0.15927707271773708,0.013273089393144758,131,20000,0.8686054488644004,0.050000000000000044
740,0.4,-354.44984592585314,12,0,1.0,4,3.0,100061.04918503456,46556.15274728585,93994.55996208003,0.08333333333333337,0.11992678567470745,0.00999389880622562,91,20000,1.2270440645515919,0.050000000000000044
741,0.1,-724.8026076143037,12,0,1.0,6,2.0,169878.27186562656,39004.358883879024,66500.64789640346,0.0,0.07063881606643597,0.0,154,20000,4.576706390827894,0.050000000000000044
742,0.1,-573.9550574000338,12,0,1.0,7,1.7142857142857142,136502.8426422041,33553.18481677719,51887.690770392925,0.08333333333333337,0.08791025716185213,0.007325854763487678,190,20000,2.1993657499551773,0.050000000000000044
743,0.1,-565.8793256970076,12,0,1.0,5,2.4,136328.30790247943,44120.43406312736,72230.25019375664,0.0,0.0880228045416953,0.0,132,20000,2.1240025777369738,0.050000000000000044
744,0.6,-182.6683759504693,12,0,1.0,5,2.4,46738.11244471784,19325.245961051354,38101.0946793439,0.25,0.25674977812152094,0.06418744453038024,117,20000,5.02984131872654,0.050000000000000044
745,0.6,-445.1203098947227,12,0,1.0,5,2.4,111683.12109161264,29581.75033167937,80628.54825499468,0.16666666666666663,0.10744685394453213,0.017907808990755354,133,20000,0.013020177371799946,0.050000000000000044
746,0.1,-402.74951854118405,12,0,1.0,8,1.5,121090.62367171167,12850.143703544958,33474.41315976008,0.41666666666666663,0.0990993326827117,0.04129138861779654,208,20000,0.4294229820370674,0.050000000000000044
747,0.2,-547.63288215119,12,0,1.0,7,1.7142857142857142,141352.38867223545,60164.016601292125,108945.17550654679,0.16666666666666663,0.08489421447150294,0.01414903574525049,184,20000,0.01384424651041627,0.050000000000000044
748,0.6,-121.86880356357636,12,0,1.0,4,3.0,27059.161557290172,11425.619377471492,21033.106984617516,0.25,0.44347272085993394,0.11086818021498349,93,20000,1.7247355207800865,0.050000000000000044
749,0.2,-501.9012396133135,12,0,1.0,6,2.0,115122.15845955197,28985.467388197954,54751.882583200895,0.08333333333333337,0.10423710049022565,0.008686425040852139,138,20000,0.941147930920124,0.050000000000000044
750,0.2,-392.18613769801294,12,0,1.0,5,2.4,98675.26363358357,19633.97755593107,39322.76102856986,0.0,0.12161102548010692,0.0,131,20000,0.026318457908928394,0.050000000000000044
751,0.1,-471.78256651407435,12,0,1.0,7,1.7142857142857142,152941.70786195833,19551.61972033906,44869.07534942492,0.41666666666666663,0.07846126584927982,0.03269219410386659,182,20000,5.459794521331787,0.050000000000000044
752,0.2,-689.444072470787,12,0,1.0,5,2.4,160671.14518388233,41732.76182572625,91618.06461023692,0.0,0.07468671481905749,0.0,134,20000,2.0318787693977356,0.050000000000000044
753,0.4,-275.8611042297853,12,0,1.0,5,2.4,80178.65511597467,27146.221370559706,52596.48768751944,0.08333333333333337,0.14966576806062112,0.012472147338385094,131,20000,5.678029477596283,0.050000000000000044
754,0.2,-454.24038599328446,12,0,1.0,5,2.4,105471.37440802538,40567.25853613098,77804.49628631468,0.0,0.11377494668436702,0.0,129,20000,1.6591996550559998,0.050000000000000044
755,0.4,-224.0421533083904,12,0,1.0,5,2.4,50863.909685027626,20379.612235370394,37903.91962366034,0.16666666666666663,0.23592366521389008,0.039320610868981684,132,20000,7.027263760566711,0.050000000000000044
756,0.2,-345.87408129914115,12,0,1.0,4,3.0,79862.57084142265,35352.84699069928,65253.269749317675,0.08333333333333337,0.15025812309282574,0.012521510257735478,101,20000,1.6967144906520844,0.050000000000000044
757,0.2,-523.0992932969391,12,0,1.0,8,1.5,127418.27601339815,20370.14259692149,57462.92088961341,0.33333333333333337,0.09417801256970537,0.03139267085656846,204,20000,1.8591585159301758,0.050000000000000044
758,0.1,-393.59490036002865,12,0,1.0,9,1.3333333333333333,118366.51273571058,13728.969455710312,32638.3664699366,0.5,0.10138002482842143,0.050690012414210714,233,20000,2.800622582435608,0.050000000000000044
759,0.2,-397.90273726523037,12,0,1.0,8,1.5,100813.07181313261,20515.013454558128,42329.60392824886,0.33333333333333337,0.11903218287250718,0.03967739429083573,207,20000,4.045499801635742,0.050000000000000044
760,0.2,-386.66639143310647,12,0,1.0,3,4.0,105666.06195774642,51386.7162211299,81896.9608279067,0.08333333333333337,0.11356531868102117,0.009463776556751765,77,20000,2.270714044570923,0.050000000000000044
761,0.6,-272.62430475443955,12,0,1.0,5,2.4,78935.64403648328,28603.564167772212,52833.52844633645,0.08333333333333337,0.1520225767012646,0.012668548058438717,124,20000,2.9214048385620117,0.050000000000000044
762,0.2,-571.4646716040608,12,0,1.0,5,2.4,156832.33395684254,53480.92643295685,101386.29705707906,0.08333333333333337,0.07651483400930695,0.006376236167442245,128,20000,4.264023423194885,0.050000000000000044
763,0.1,-506.7490082975622,12,0,1.0,6,2.0,132485.44489385543,30229.405935048704,62499.22480215532,0.08333333333333337,0.09057598749518597,0.007547998957932164,148,20000,3.4325376749038696,0.050000000000000044
764,0.6,-356.3305932561256,12,0,1.0,7,1.7142857142857142,108530.35528166138,34668.52218269679,76366.23127971737,0.25,0.11056814445006859,0.027642036112517147,174,20000,6.267613172531128,0.050000000000000044
765,0.6,-170.38182627731817,12,0,1.0,5,2.4,61180.317478054465,13434.983245554089,35082.23813407821,0.16666666666666663,0.19614151241213207,0.032690252068688676,123,20000,1.8133432865142822,0.050000000000000044
766,0.1,-667.6907234325056,12,0,1.0,8,1.5,154893.22763888203,40348.24275125583,78154.62033911186,0.25,0.07747272222886847,0.01936818055721712,211,20000,4.08952784538269,0.050000000000000044
767,0.4,-263.4180145184717,12,0,1.0,6,2.0,101576.46649434062,23773.91756478576,78590.35133673278,0.0,0.11813760031383436,0.0,149,20000,4.645976781845093,0.050000000000000044
768,0.2,-307.5313761866852,12,0,1.0,4,3.0,89068.39839159836,26793.34415221942,47266.85175141827,0.16666666666666663,0.13472791940459924,0.022454653234099876,99,20000,1.8009299039840698,0.050000000000000044
769,0.6,-194.34139146915928,12,0,1.0,4,3.0,40536.29579200907,18167.91414869515,29398.350910751727,0.41666666666666663,0.29603099556929824,0.12334624815387427,108,20000,3.038430154323578,0.050000000000000044
770,0.1,-670.2682285836687,12,0,1.0,9,1.3333333333333333,163305.96425390517,21613.978055336313,52879.7629264311,0.33333333333333337,0.0734817007745205,0.0244939002581735,222,20000,7.329368710517883,0.050000000000000044
771,0.6,-227.44305945836226,12,0,1.0,4,3.0,49180.24828833773,26736.35518033204,43711.3083009654,0.16666666666666663,0.24400039482609928,0.04066673247101655,105,20000,1.202268660068512,0.050000000000000044
772,0.1,-355.6374024969385,12,0,1.0,9,1.3333333333333333,134915.31485311422,13233.845220368867,29895.852929400702,0.5,0.08894468365629736,0.04447234182814868,227,20000,1.1625014692544937,0.050000000000000044
773,0.4,-292.55460622201684,12,0,1.0,5,2.4,87467.30492120219,24373.820267152052,60495.59143251971,0.33333333333333337,0.13719412082961283,0.04573137360987094,129,20000,2.300422102212906,0.050000000000000044
774,0.2,-455.75488959059624,12,0,1.0,5,2.4,110738.76379753456,34971.13877655603,53702.298108917596,0.25,0.1083631385116398,0.02709078462790995,126,20000,1.2025184333324432,0.050000000000000044
775,0.2,-316.6717054245829,12,0,1.0,5,2.4,96063.21214320013,23902.787664296367,54177.98371073071,0.0,0.12491774668237995,0.0,139,20000,1.375733494758606,0.050000000000000044
776,0.1,-421.7312542553051,12,0,1.0,10,1.2,92445.46431576676,12512.783482735196,21836.85333531731,0.41666666666666663,0.12980626025103295,0.05408594177126373,247,20000,14.79128086566925,0.050000000000000044
777,0.6,-251.39668072029642,12,0,1.0,4,3.0,99173.83102470735,23246.927656648735,66938.89605326875,0.0,0.12099966166488434,0.0,108,20000,1.1124247014522552,0.050000000000000044
778,0.1,-239.10467771309317,12,0,1.0,10,1.2,106095.54597962345,7629.5593830650405,20072.57560216614,0.6666666666666667,0.11310559636786922,0.07540373091191281,255,20000,2.642733931541443,0.050000000000000044
779,0.6,-218.3026133860143,12,0,1.0,6,2.0,46061.65245535562,16423.860457395396,25894.728291303014,0.41666666666666663,0.2605203973442067,0.10855016556008612,158,20000,5.5090828239917755,0.050000000000000044
780,0.6,-252.8149096096288,12,0,1.0,6,2.0,60241.24470873088,14931.817193508403,45335.12411806631,0.33333333333333337,0.19919907130107517,0.06639969043369172,157,20000,2.481579065322876,0.050000000000000044
781,0.2,-286.9876857987727,12,0,1.0,4,3.0,73114.77466463584,20992.13805884488,32280.337288828086,0.08333333333333337,0.16412551437164122,0.01367712619763677,108,20000,2.017074227333069,0.050000000000000044
782,0.4,-414.4303272887344,12,0,1.0,5,2.4,105741.69265929627,37373.685227260845,73865.99720972714,0.08333333333333337,0.11348409220821207,0.009457007684017672,119,20000,3.623646855354309,0.050000000000000044
783,0.6,-292.13152725219396,12,0,1.0,6,2.0,77293.34342437916,24058.251992107875,61114.593585847855,0.16666666666666663,0.15525269665350083,0.025875449442250138,148,20000,2.852723479270935,0.050000000000000044
784,0.4,-330.5335440397756,12,0,1.0,4,3.0,90883.18981713557,38926.01909108536,78921.64811757796,0.08333333333333337,0.13203761910365364,0.01100313492530447,107,20000,7.869956016540527,0.050000000000000044
785,0.6,-335.82495735737956,12,0,1.0,6,2.0,100313.1792516156,45609.13388515311,96090.8267825835,0.16666666666666663,0.11962535819845162,0.019937559699741935,150,20000,1.187126025557518,0.050000000000000044
786,0.1,-332.3749736184722,12,0,1.0,10,1.2,110326.14320484326,12779.94833082527,36144.997498544755,0.5,0.10876841745223997,0.05438420872611999,262,20000,1.3168866038322449,0.050000000000000044
787,0.2,-422.9952876605574,12,0,1.0,4,3.0,110820.27408946172,45530.512325108146,86970.5001412424,0.08333333333333337,0.10828343548683861,0.009023619623903217,104,20000,0.12211399339139462,0.050000000000000044
788,0.6,-205.41668954487415,12,0,1.0,4,3.0,53433.93530260606,21545.465950467973,46600.00677214746,0.08333333333333337,0.22457638450250433,0.01871469870854203,104,20000,2.4399834275245667,0.050000000000000044
789,0.1,-633.4825466357604,12,0,1.0,9,1.3333333333333333,134555.13143345658,18420.760247834656,35842.52932645711,0.33333333333333337,0.08918277491285813,0.02972759163761938,222,20000,0.7505809962749481,0.050000000000000044
790,0.2,-302.58706606423885,12,0,1.0,4,3.0,70002.50838234075,26519.635339326418,53841.040658539,0.0,0.17142242867153018,0.0,100,20000,2.447748899459839,0.050000000000000044
791,0.4,-275.0278338303537,12,0,1.0,6,2.0,67671.27627793659,13679.55025044499,32229.100568055434,0.41666666666666663,0.1773278214927425,0.07388659228864272,164,20000,2.197897434234619,0.050000000000000044
792,0.6,-223.30546442236255,12,0,1.0,6,2.0,46551.603126696136,11835.51347508541,34879.547224405396,0.25,0.2577784478730081,0.06444461196825202,148,20000,1.6122129783034325,0.050000000000000044
793,0.4,-296.8027245369909,12,0,1.0,5,2.4,83055.69325859088,28998.950559945864,58073.45564282702,0.25,0.14448136580641663,0.03612034145160416,139,20000,3.0199825763702393,0.050000000000000044
794,0.1,-339.77050372052133,12,0,1.0,7,1.7142857142857142,77836.01310002775,20554.60006243882,42234.587219163,0.25,0.15417028085159878,0.038542570212899696,175,20000,2.2427384555339813,0.050000000000000044
795,0.4,-279.63492180395053,12,0,1.0,5,2.4,70307.53627597612,29524.86236363373,50147.66702230815,0.08333333333333337,0.1706787157623722,0.014223226313531016,126,20000,6.697946846485138,0.050000000000000044
796,0.6,-412.51682372691863,12,0,1.0,5,2.4,109757.20970737003,43214.15339473902,97558.75684768324,0.0,0.1093322254819878,0.0,129,20000,1.9496252536773682,0.050000000000000044
797,0.1,-544.9087973673447,12,0,1.0,10,1.2,137170.54163296474,14581.269592713768,34765.272249812624,0.41666666666666663,0.0874823402834488,0.03645097511810366,263,20000,5.890471428632736,0.050000000000000044
798,0.2,-278.6727658002354,12,0,1.0,8,1.5,74833.22568084893,8870.203607168834,17708.00936277579,0.25,0.16035657812183554,0.040089144530458885,213,20000,0.5333532020449638,0.050000000000000044
799,0.4,-541.2842540089412,12,0,1.0,5,2.4,204129.03970962256,66473.36785340536,151056.06257963195,0.0,0.05878634425101998,0.0,127,20000,0.8039988577365875,0.050000000000000044
800,0.2,-414.88704793010845,12,0,1.0,8,1.5,89307.63873430758,18293.95648710558,33500.86974670084,0.25,0.1343670056679059,0.03359175141697648,195,20000,1.4664193391799927,0.050000000000000044
801,0.1,-595.6717309972988,12,0,1.0,7,1.7142857142857142,131653.74716208663,26509.291604875718,68982.08200166225,0.25,0.09114818422316608,0.02278704605579152,185,20000,1.9570780396461487,0.050000000000000044
802,0.2,-354.44898463445116,12,0,1.0,5,2.4,112850.893775897,32661.549049641642,84047.00680946806,0.16666666666666663,0.1063350018638753,0.017722500310645883,129,20000,2.27718049287796,0.050000000000000044
803,0.1,-455.54663175452873,12,0,1.0,9,1.3333333333333333,109362.97721012139,13040.114574067053,23325.563581477698,0.41666666666666663,0.10972634712517151,0.04571931130215479,228,20000,2.2743692994117737,0.050000000000000044
804,0.6,-198.88422924508114,12,0,1.0,4,3.0,54803.823351715095,25370.387844255947,46348.890069078494,0.08333333333333337,0.21896282533040567,0.01824690211086714,90,20000,4.516378328204155,0.050000000000000044
805,0.2,-308.0092368693721,12,0,1.0,9,1.3333333333333333,70041.94650032265,9028.851344581033,17782.3981191361,0.41666666666666663,0.17132590682562943,0.07138579451067893,225,20000,0.5474962592124939,0.050000000000000044
806,0.4,-363.9862119800369,12,0,1.0,5,2.4,94140.53166617107,44990.2826010348,77101.64067148863,0.08333333333333337,0.12746900604463168,0.010622417170385973,116,20000,1.123791292309761,0.050000000000000044
807,0.2,-345.34495096939185,12,0,1.0,5,2.4,83862.50022277578,35284.35636930998,70582.35655848945,0.0,0.14309136942164505,0.0,137,20000,5.196782231330872,0.050000000000000044
808,0.1,-630.4309621410497,12,0,1.0,6,2.0,159053.76339827522,37713.27682911359,62131.632784666544,0.0,0.07544618714837734,0.0,148,20000,0.8766641318798065,0.050000000000000044
809,0.1,-352.2686812715213,12,0,1.0,6,2.0,78779.19887599158,15900.242066525954,34514.47398425502,0.16666666666666663,0.15232447360742418,0.02538741226790403,132,20000,6.423375844955444,0.050000000000000044
810,0.2,-278.8619991634607,12,0,1.0,5,2.4,77479.28290702272,19105.65156891783,46688.072354267584,0.25,0.1548801118151846,0.03872002795379615,111,20000,0.24477608129382133,0.050000000000000044
811,0.2,-332.83255895106566,12,0,1.0,8,1.5,98913.01718568834,14637.870011446472,31920.689019536607,0.25,0.12131871356701748,0.03032967839175437,192,20000,1.6565983295440674,0.050000000000000044
812,0.4,-322.56410193103653,12,0,1.0,5,2.4,82079.5380753747,23904.620573377422,53520.63464871396,0.08333333333333337,0.14619965318250505,0.012183304431875422,119,20000,0.8497333526611328,0.050000000000000044
813,0.2,-520.732343179671,12,0,1.0,7,1.7142857142857142,107486.52816881808,43331.255316429066,85235.73324627784,0.0,0.1116418978679154,0.0,158,20000,4.137185096740723,0.050000000000000044
814,0.2,-512.0876224834637,12,0,1.0,9,1.3333333333333333,142979.38812029164,17894.19169445235,41208.508261953866,0.25,0.08392818124178948,0.02098204531044737,200,20000,2.358271688222885,0.050000000000000044
815,0.4,-219.12129472027652,12,0,1.0,7,1.7142857142857142,57222.65551070623,10880.879615026484,22261.674458683905,0.25,0.20970714995487805,0.05242678748871951,168,20000,2.848460187204182,0.050000000000000044
816,0.1,-465.7908271437573,12,0,1.0,8,1.5,109580.5862349767,18705.76017498843,39334.25716661549,0.25,0.10950844864315716,0.02737711216078929,192,20000,2.3065090775489807,0.050000000000000044
817,0.1,-436.1590206310695,12,0,1.0,7,1.7142857142857142,97277.30332131215,21057.10769861867,44838.62324719655,0.25,0.12335868275833425,0.030839670689583563,189,20000,0.4873959869146347,0.050000000000000044
818,0.6,-631.1281855065473,12,0,1.0,5,2.4,198535.32145365438,71841.54078778568,154131.23547763715,0.0,0.060442645228754685,0.0,120,20000,2.5207575112581253,0.050000000000000044
819,0.6,-305.63745918731917,12,0,1.0,4,3.0,65964.30425686136,30837.994121608954,60650.19740499252,0.0,0.18191657041166787,0.0,100,20000,1.3765657097101212,0.050000000000000044
820,0.6,-206.93025841272566,12,0,1.0,4,3.0,59404.8890334064,14852.92106462992,38191.8332743482,0.33333333333333337,0.20200357572003524,0.06733452524001174,103,20000,0.6786913275718689,0.050000000000000044
821,0.1,-245.62685453998026,12,0,1.0,8,1.5,92641.87814550161,9709.374255022944,19559.479925627726,0.33333333333333337,0.12953105269684864,0.04317701756561622,222,20000,4.466700077056885,0.050000000000000044
822,0.4,-462.4162958071308,12,0,1.0,4,3.0,101040.7007269357,47034.94406513597,79953.89169968909,0.0,0.11876402196012294,0.0,99,20000,7.356534481048584,0.050000000000000044
823,0.1,-621.7688719063609,12,0,1.0,6,2.0,192178.97523778997,40040.06921981909,105366.47866334114,0.0,0.062441794088827704,0.0,133,20000,3.763114482164383,0.050000000000000044
824,0.4,-328.5911068683274,12,0,1.0,6,2.0,76686.38439640182,22536.8651833687,45996.67972975913,0.25,0.15648149400251354,0.039120373500628386,154,20000,0.8709492683410645,0.050000000000000044
825,0.1,-769.8620085978016,12,0,1.0,8,1.5,181250.94058883784,30952.293789550287,55843.155038956895,0.16666666666666663,0.06620655297575327,0.011034425495958877,202,20000,3.7677534222602844,0.050000000000000044
826,0.2,-627.3231686238405,12,0,1.0,5,2.4,166042.17405853086,65305.789983653805,143579.8598528672,0.08333333333333337,0.07227079546531309,0.006022566288776092,133,20000,0.3500714525580406,0.050000000000000044
827,0.2,-580.5047078024388,12,0,1.0,5,2.4,118265.06516822505,52658.34340704821,98098.2353711466,0.08333333333333337,0.10146698843763127,0.008455582369802607,124,20000,3.9772296994924545,0.050000000000000044
828,0.2,-206.26943287917643,12,0,1.0,7,1.7142857142857142,49114.695484087264,11284.284735454325,20119.83854637909,0.25,0.24432605927258363,0.06108151481814591,179,20000,1.5075603723526,0.050000000000000044
829,0.1,-420.893827270752,12,0,1.0,10,1.2,116021.90530619197,11405.468492949542,26311.426230382956,0.08333333333333337,0.10342874449726497,0.008619062041438747,265,20000,0.619168758392334,0.050000000000000044
830,0.2,-326.26342955312396,12,0,1.0,7,1.7142857142857142,94910.51257149011,16438.108475930316,48015.50381417636,0.16666666666666663,0.12643488771553263,0.021072481285922106,162,20000,0.2810181602835655,0.050000000000000044
831,0.1,-542.8454861039446,12,0,1.0,6,2.0,120315.95521573548,38590.346788622606,70137.55346070514,0.0,0.09973739541429152,0.0,150,20000,6.988904118537903,0.050000000000000044
832,0.4,-213.4526279397042,12,0,1.0,4,3.0,61751.56579129041,22820.315109435833,42488.53089149571,0.25,0.19432705626538962,0.048581764066347406,102,20000,0.7086241841316223,0.050000000000000044
833,0.1,-421.96356337968166,12,0,1.0,12,1.0,171542.85579043778,7874.848400174858,20625.605958540993,0.5,0.06995336497521985,0.03497668248760993,319,20000,1.1605352461338043,0.050000000000000044
834,0.2,-318.7907688300515,12,0,1.0,5,2.4,80362.85907524145,21124.58265213552,37276.987212590786,0.0,0.14932271123859273,0.0,124,20000,2.08521169424057,0.050000000000000044
835,0.6,-350.93296727199515,12,0,1.0,4,3.0,94633.670338789,48192.08767532324,84437.62782155859,0.08333333333333337,0.1268047615298016,0.010567063460816801,101,20000,0.06590494513511658,0.050000000000000044
836,0.2,-266.85863929066704,12,0,1.0,8,1.5,63097.55612062979,9406.43891036079,23127.693919826175,0.33333333333333337,0.19018169225220738,0.06339389741740246,210,20000,4.2468074560165405,0.050000000000000044
837,0.1,-628.6730554034253,12,0,1.0,6,2.0,163788.53851603466,34709.28540605446,67368.82272543255,0.0,0.07326519980410728,0.0,138,20000,2.488095275592059,0.050000000000000044
838,0.1,-300.5039434726886,12,0,1.0,5,2.4,71934.39725930779,29742.04381976562,56564.55128816606,0.0,0.16681866335437026,0.0,133,20000,2.858282567933202,0.050000000000000044
839,0.2,-302.0110152086663,12,0,1.0,6,2.0,78715.55170943309,22727.6817340383,36040.917299227076,0.25,0.1524476388642519,0.03811190971606297,159,20000,1.8087122663855553,0.050000000000000044
840,0.6,-167.79818465633508,12,0,1.0,4,3.0,36513.32189271085,21794.93295943919,31039.913171352902,0.41666666666666663,0.328647172537746,0.1369363218907275,109,20000,2.1919729076325893,0.050000000000000044
841,0.2,-463.37117488119134,12,0,1.0,7,1.7142857142857142,117885.1013547833,37192.19157543945,71606.65409801212,0.08333333333333337,0.10179403386934517,0.008482836155778764,182,20000,0.07245015911757946,0.050000000000000044
842,0.4,-222.12289945406573,12,0,1.0,5,2.4,59842.65512389256,20269.038810472597,40272.7006450108,0.16666666666666663,0.20052586194841016,0.033420976991401695,112,20000,0.06126285158097744,0.050000000000000044
843,0.6,-375.34935005357715,12,0,1.0,5,2.4,86657.83886239851,39687.9200200962,75574.78856760026,0.0,0.13847564349088437,0.0,127,20000,1.7259856462478638,0.050000000000000044
844,0.4,-396.9420144941581,12,0,1.0,5,2.4,114114.97836854757,45193.42818568025,89846.67870798598,0.0,0.1051570983192461,0.0,130,20000,1.2000502571463585,0.050000000000000044
845,0.1,-502.777445354249,12,0,1.0,9,1.3333333333333333,153471.64007451752,19341.171942387224,46715.56240290566,0.41666666666666663,0.07819034183887948,0.03257930909953312,223,20000,2.601801401935518,0.050000000000000044
846,0.4,-321.53457100407104,12,0,1.0,4,3.0,88750.6788091941,26139.494541034288,46491.484845403684,0.0,0.13521023344282143,0.0,106,20000,3.403883209452033,0.050000000000000044
847,0.2,-384.2599842248121,12,0,1.0,7,1.7142857142857142,113888.99943235317,29888.39281752532,61927.58237735768,0.16666666666666663,0.10536575138784723,0.017560958564641207,169,20000,1.4634182043373585,0.050000000000000044
848,0.2,-511.02463757624355,12,0,1.0,5,2.4,116360.45199994072,38782.9128323496,59522.59201483951,0.0,0.10312782215736076,0.0,123,20000,2.7576690912246704,0.050000000000000044
849,0.1,-368.06166627032883,12,0,1.0,12,1.0,149989.28777866074,8067.760634865498,32234.93852142814,0.5833333333333333,0.0800057135927494,0.046669999595770485,316,20000,1.5078577022068202,0.050000000000000044
850,0.2,-592.020056707986,12,0,1.0,6,2.0,131899.47258768068,31383.950806858586,54751.93540122095,0.0,0.09097837743075851,0.0,159,20000,0.0734670776873827,0.050000000000000044
851,0.1,-728.8614723167166,12,0,1.0,6,2.0,175700.62592237105,37835.328530240484,59561.213770621245,0.0,0.06829799232076669,0.0,154,20000,1.7819728255271912,0.050000000000000044
852,0.1,-324.9191872539412,12,0,1.0,8,1.5,85812.2533762507,15680.68089821501,26345.37490375734,0.33333333333333337,0.13984016883212516,0.04661338961070839,190,20000,0.25737685710191727,0.050000000000000044
853,0.4,-522.4967612387597,12,0,1.0,6,2.0,124949.44001117004,26451.150973569926,73444.5641901459,0.0,0.09603884578376055,0.0,156,20000,0.046927670016884804,0.050000000000000044
854,0.4,-550.1175065649953,12,0,1.0,4,3.0,122589.61115711663,46445.98342897286,85820.26963311576,0.0,0.0978875769874189,0.0,105,20000,1.2040378972887993,0.050000000000000044
855,0.2,-441.2400375047702,12,0,1.0,3,4.0,107841.9661695202,52814.35727948319,82140.04186334326,0.0,0.11127393561368143,0.0,70,20000,1.5918178707361221,0.050000000000000044
856,0.2,-467.93470693271377,12,0,1.0,8,1.5,113057.82306245425,28858.125620893625,54993.992940044714,0.41666666666666663,0.10614037733037796,0.04422515722099081,206,20000,2.955448627471924,0.050000000000000044
857,0.4,-397.5848040253957,12,0,1.0,4,3.0,105455.01805849854,54545.66480872977,92653.31611266508,0.0,0.11379259347661673,0.0,103,20000,0.8933330560103059,0.050000000000000044
858,0.4,-396.11173186319786,12,0,1.0,6,2.0,80084.82199499954,23743.63948688736,51898.1872704143,0.08333333333333337,0.14984112720821524,0.012486760600684602,155,20000,0.9289324320852757,0.050000000000000044
859,0.1,-500.93881103782434,12,0,1.0,10,1.2,108883.63761433003,17230.577586382868,42133.31309689024,0.5,0.11020939659000423,0.055104698295002114,260,20000,6.117970414459705,0.050000000000000044
860,0.4,-496.7394249370865,12,0,1.0,5,2.4,145682.58559830533,66434.08504016319,122282.38694812935,0.0,0.08237086094207537,0.0,130,20000,1.34178027510643,0.050000000000000044
861,0.6,-396.85739013052086,12,0,1.0,5,2.4,107845.08925332285,62653.85775440326,102349.23863691303,0.0,0.11127071323398495,0.0,118,20000,0.15681611001491547,0.050000000000000044
862,0.6,-401.31628659854647,12,0,1.0,5,2.4,116350.58760363917,42011.222297362605,101640.28262479368,0.0,0.10313656550561906,0.0,131,20000,1.6787410974502563,0.050000000000000044
863,0.1,-541.6897991962738,12,0,1.0,4,3.0,162987.72763698426,55543.565757114564,95756.78763458307,0.0,0.07362517518329416,0.0,103,20000,5.591516494750977,0.050000000000000044
864,0.6,-389.7673351315741,12,0,1.0,5,2.4,110534.93925525594,38803.12222222719,84866.50504909363,0.08333333333333337,0.10856295829039775,0.009046913190866479,124,20000,2.620620279572904,0.050000000000000044
865,0.2,-365.51830404909026,12,0,1.0,7,1.7142857142857142,95014.97988936237,21180.71905992808,38142.52690384383,0.08333333333333337,0.1262958747554657,0.010524656229622141,182,20000,1.172658160328865,0.050000000000000044
866,0.1,-511.9728423381277,12,0,1.0,11,1.0909090909090908,164701.07062562293,12338.245010841463,32883.93955649343,0.41666666666666663,0.07285927137217488,0.0303580297384062,274,20000,0.7160279247909784,0.050000000000000044
867,0.2,-205.476494139509,12,0,1.0,9,1.3333333333333333,68655.18532273929,8138.579159334201,22374.72820049281,0.5,0.1747865065630444,0.0873932532815222,222,20000,5.051300346851349,0.050000000000000044
868,0.4,-270.94943004871766,12,0,1.0,5,2.4,85700.10714635412,19343.242999462094,44627.8527096545,0.0,0.1400231621590278,0.0,130,20000,2.1210196018218994,0.050000000000000044
869,0.2,-406.3852874873501,12,0,1.0,8,1.5,97516.52583224514,21765.807522570158,48382.26827095347,0.25,0.12305606560105775,0.030764016400264438,219,20000,2.387834906578064,0.050000000000000044
870,0.1,-498.8100424030142,12,0,1.0,8,1.5,232720.454862414,24455.696305916255,71638.42903080536,0.5833333333333333,0.05156401059414604,0.030079006179918523,208,20000,0.07301733642816544,0.050000000000000044
871,0.4,-268.8528069938424,12,0,1.0,6,2.0,73754.81420282493,14893.603491049931,33908.275612985606,0.5833333333333333,0.1627012437045822,0.09490905882767295,160,20000,0.02512141317129135,0.050000000000000044
872,0.1,-722.3776274744802,12,0,1.0,8,1.5,167367.12352834037,25896.08400561792,48805.60003709178,0.0,0.07169866905173904,0.0,208,20000,0.2329304120503366,0.050000000000000044
873,0.2,-397.13209581853783,12,0,1.0,4,3.0,99975.00685073402,40113.19670077239,71660.38599688056,0.0,0.12002999927688322,0.0,109,20000,0.01237806398421526,0.050000000000000044
874,0.4,-235.52235654919576,12,0,1.0,5,2.4,64269.506604847964,22209.31011526631,54510.527473532085,0.08333333333333337,0.18671374083794226,0.015559478403161854,126,20000,4.572392225265503,0.050000000000000044
875,0.1,-519.0377456862941,12,0,1.0,7,1.7142857142857142,108443.92382776509,27705.893546795127,64572.933176904335,0.0,0.11065626894005488,0.0,178,20000,3.4064730766694993,0.050000000000000044
876,0.1,-410.3803122229641,12,0,1.0,9,1.3333333333333333,159143.48633828983,13959.399574450346,32355.91604826505,0.41666666666666663,0.07540365161092243,0.03141818817121768,230,20000,1.4055477194488049,0.050000000000000044
877,0.1,-408.2185880009407,12,0,1.0,7,1.7142857142857142,122758.34091658647,23287.003711515903,47613.47286428919,0.16666666666666663,0.09775303177283835,0.016292171962139727,180,20000,1.2902722358703613,0.050000000000000044
878,0.6,-310.21677309213516,12,0,1.0,4,3.0,89207.33010511287,42968.59032918164,78202.37309337698,0.0,0.1345180938142686,0.0,109,20000,1.5862228274345398,0.050000000000000044
879,0.2,-612.2171893216953,12,0,1.0,6,2.0,127273.08214419067,25310.788873011374,40403.437754119725,0.0,0.0942854513918734,0.0,143,20000,1.6002148985862732,0.050000000000000044
880,0.4,-336.8714286067551,12,0,1.0,3,4.0,76290.40110039478,40822.29634696202,65105.0398246156,0.08333333333333337,0.1572937070314853,0.01310780891929044,76,20000,4.0360846519470215,0.050000000000000044
881,0.1,-798.6838419206273,12,0,1.0,6,2.0,204782.16982921842,54583.7956495352,94790.38023465719,0.0,0.05859885169694024,0.0,140,20000,3.216514326632023,0.050000000000000044
882,0.4,-233.89412784493837,12,0,1.0,6,2.0,70500.1682302102,21120.79696087947,52966.83542282573,0.08333333333333337,0.17021235978920476,0.014184363315767064,147,20000,6.495651483535767,0.050000000000000044
883,0.6,-351.9865564468946,12,0,1.0,4,3.0,85523.7919892188,40336.46049862844,76228.07282100209,0.08333333333333337,0.1403118327764598,0.01169265273137165,103,20000,4.730187177658081,0.050000000000000044
884,0.2,-363.4185733428962,12,0,1.0,7,1.7142857142857142,84386.08943549445,22559.170036120413,53476.721525933026,0.08333333333333337,0.14220353236267594,0.011850294363556328,181,20000,4.1601260006427765,0.050000000000000044
885,0.4,-300.6649757465281,12,0,1.0,5,2.4,108563.03567249395,24216.513637933283,68954.86513243883,0.25,0.11053486046761658,0.027633715116904146,134,20000,1.2945680618286133,0.050000000000000044
886,0.1,-461.01778578295205,12,0,1.0,6,2.0,114327.13607060723,25847.57708154776,47938.20068910533,0.25,0.10496195752326838,0.026240489380817095,152,20000,2.2248618602752686,0.050000000000000044
887,0.1,-350.91972210150976,12,0,1.0,5,2.4,96768.79109427756,28997.396289068518,72985.30244756414,0.08333333333333337,0.1240069227309963,0.010333910227583025,138,20000,3.3863218128681183,0.050000000000000044
888,0.2,-350.0821781189433,12,0,1.0,4,3.0,101435.27479817823,35563.23322474606,65539.92890626083,0.0,0.11830204062517628,0.0,98,20000,2.542962431907654,0.050000000000000044
889,0.6,-210.05822663148672,12,0,1.0,4,3.0,63828.20159190829,27693.18148837937,52856.04872394758,0.0,0.1880046703606526,0.0,103,20000,5.757238388061523,0.050000000000000044
890,0.4,-436.72201422851197,12,0,1.0,4,3.0,100924.32436558243,52864.356238502165,91672.31264784503,0.0,0.11890096936920672,0.0,107,20000,6.5736870765686035,0.050000000000000044
891,0.6,-307.40324978533675,12,0,1.0,5,2.4,81635.33059450783,34259.77723015866,63490.31344075384,0.08333333333333337,0.1469951785900812,0.012249598215840101,129,20000,6.498708724975586,0.050000000000000044
892,0.2,-507.9453376530146,12,0,1.0,5,2.4,149551.34148803764,46224.55570905269,103542.12949400223,0.0,0.08024000240051246,0.0,135,20000,2.039070427417755,0.050000000000000044
893,0.2,-468.1375887048726,12,0,1.0,7,1.7142857142857142,94688.10284077965,23170.76984284968,45731.5037070691,0.25,0.12673186641175282,0.031682966602938206,182,20000,0.8465810120105743,0.050000000000000044
894,0.2,-447.9639023388928,12,0,1.0,9,1.3333333333333333,118305.02075567585,15535.948110946405,43219.42657985952,0.16666666666666663,0.10143271962043321,0.0169054532700722,224,20000,5.08674430847168,0.050000000000000044
895,0.6,-339.3437225309517,12,0,1.0,5,2.4,87264.96903479175,38530.79989286486,84112.59846801632,0.08333333333333337,0.1375122243521992,0.011459352029349935,116,20000,2.814961314201355,0.050000000000000044
896,0.4,-354.55344549351383,12,0,1.0,3,4.0,100037.60046367059,53882.31143329474,91273.75910296236,0.0,0.11995489640275699,0.0,76,20000,4.762665271759033,0.050000000000000044
897,0.2,-372.0146076833176,12,0,1.0,4,3.0,104571.8935160062,36474.84397977161,58645.88167194192,0.0,0.11475358814424864,0.0,107,20000,3.9592268466949463,0.050000000000000044
898,0.1,-774.3544836194776,12,0,1.0,11,1.0909090909090908,193481.01999673885,15900.557998743847,43340.13904468997,0.25,0.06202158744150854,0.015505396860377135,272,20000,1.338552325963974,0.050000000000000044
899,0.6,-378.23041665714516,12,0,1.0,5,2.4,95865.77687598663,31169.930637635814,79109.53060011825,0.16666666666666663,0.12517501439041565,0.020862502398402604,125,20000,4.132554054260254,0.050000000000000044
900,0.2,-298.96365681180305,12,0,1.0,5,2.4,71574.09718779812,19899.722269940063,40167.74025887439,0.16666666666666663,0.16765841933729272,0.027943069889548786,132,20000,4.131054997444153,0.050000000000000044
901,0.4,-281.4280183742989,12,0,1.0,3,4.0,72083.0805826723,35799.073607635546,63697.41847029941,0.08333333333333337,0.16647457216034442,0.013872881013362034,84,20000,0.75886070728302,0.050000000000000044
902,0.4,-193.76271478675162,12,0,1.0,5,2.4,45665.51957318716,14145.342019480051,25062.84312696825,0.16666666666666663,0.26278032336340457,0.04379672056056742,121,20000,1.568268895149231,0.050000000000000044
903,0.4,-710.7939482289944,12,0,1.0,4,3.0,197660.34063031586,87602.44942617063,161070.57642841333,0.0,0.06071020601165309,0.0,108,20000,4.9286582469940186,0.050000000000000044
904,0.1,-423.04559764649866,12,0,1.0,8,1.5,95825.91644595079,22451.312321233,54188.98766289059,0.16666666666666663,0.12522708308006036,0.02087118051334339,192,20000,2.9468348026275635,0.050000000000000044
905,0.6,-326.0414096994198,12,0,1.0,4,3.0,93877.91039352817,49726.986878130876,86100.32306741795,0.08333333333333337,0.12782559762671566,0.01065213313555964,100,20000,2.215303987264633,0.050000000000000044
906,0.1,-456.98996232596664,12,0,1.0,6,2.0,112999.13110881834,26605.98111923288,38690.21247753882,0.0,0.10619550683486212,0.0,151,20000,0.7997283861041069,0.050000000000000044
907,0.1,-453.02632783560324,12,0,1.0,6,2.0,102475.8114769396,34129.632385866214,68793.89240389637,0.08333333333333337,0.11710080483432317,0.009758400402860265,138,20000,4.106253981590271,0.050000000000000044
908,0.2,-345.8090886611426,12,0,1.0,8,1.5,94685.49147240004,24504.558480431962,52971.536255949424,0.25,0.12673536159970072,0.03168384039992518,203,20000,3.497153341770172,0.050000000000000044
909,0.1,-395.6933096707449,12,0,1.0,8,1.5,107118.10444615068,15540.769089984233,32930.35397558212,0.25,0.11202588079807291,0.028006470199518227,206,20000,2.5302335023880005,0.050000000000000044
910,0.6,-235.5995927166577,12,0,1.0,4,3.0,69638.91624049534,30477.647219329545,54896.30955571275,0.0,0.1723174432893019,0.0,111,20000,1.803704857826233,0.050000000000000044
911,0.1,-262.03468235675933,12,0,1.0,4,3.0,72407.64468934342,20947.952537306253,41065.77629093571,0.08333333333333337,0.1657283571573776,0.013810696429781466,105,20000,5.932292342185974,0.050000000000000044
912,0.1,-459.5227722375556,12,0,1.0,8,1.5,131608.86764527598,20998.52045167892,56542.47975535481,0.16666666666666663,0.09117926637241099,0.01519654439540183,206,20000,4.837437391281128,0.050000000000000044
913,0.4,-312.65850705335833,12,0,1.0,5,2.4,103107.06474508089,24764.42682699398,65541.63062420979,0.25,0.11638387757103234,0.029095969392758086,127,20000,2.353047490119934,0.050000000000000044
914,0.6,-217.52483038048223,12,0,1.0,4,3.0,67257.28765250626,30086.75612692306,51782.6642117252,0.08333333333333337,0.178419327017759,0.014868277251479918,104,20000,2.1418422088027,0.050000000000000044
915,0.2,-418.19802753983623,12,0,1.0,7,1.7142857142857142,96454.39328903939,30417.340538031745,65696.83511112278,0.16666666666666663,0.12441112935146752,0.02073518822524459,174,20000,4.000453174114227,0.050000000000000044
916,0.1,-409.5755551988272,12,0,1.0,11,1.0909090909090908,110762.65519883408,11861.278948238998,26985.194409905664,0.33333333333333337,0.10833976468384911,0.036113254894616365,264,20000,0.31959966756403446,0.050000000000000044
917,0.4,-716.6951733831556,12,0,1.0,4,3.0,180978.29175059227,83658.36204635848,147454.2346831291,0.0,0.06630629499220439,0.0,87,20000,0.5887794867157936,0.050000000000000044
918,0.2,-412.9415217900598,12,0,1.0,7,1.7142857142857142,88202.6050750457,27298.592532812243,58050.71718453426,0.16666666666666663,0.13605040338423113,0.022675067230705188,178,20000,5.108252465724945,0.050000000000000044
919,0.4,-233.01922343526024,12,0,1.0,5,2.4,82891.35243386295,21760.09629415884,46682.64491364158,0.16666666666666663,0.14476781531070465,0.024127969218450774,129,20000,3.014559954404831,0.050000000000000044
920,0.2,-166.27918682827612,12,0,1.0,10,1.2,49222.38135425329,5957.450291503102,12835.167569913214,0.5833333333333333,0.24379153689530067,0.14221172985559205,236,20000,1.1189552545547485,0.050000000000000044
921,0.2,-311.57486926877255,12,0,1.0,4,3.0,86283.33348812224,25150.290096410212,48012.26078945384,0.08333333333333337,0.13907668508950133,0.011589723757458443,105,20000,0.405459389090538,0.050000000000000044
922,0.2,-387.28976822480195,12,0,1.0,12,1.0,87202.05089568815,8750.230560211132,21962.773659700077,0.5,0.13761144235419995,0.06880572117709997,324,20000,1.3051814138889313,0.050000000000000044
923,0.2,-481.7471563043788,12,0,1.0,5,2.4,114715.44143477018,29837.52666440228,57511.47089215469,0.08333333333333337,0.10460666715756373,0.008717222263130311,131,20000,2.179395943880081,0.050000000000000044
924,0.1,-566.8067773531496,12,0,1.0,11,1.0909090909090908,141578.70490437723,15796.805621952872,41962.47347604954,0.16666666666666663,0.08475850946725953,0.014126418244543255,299,20000,0.7367502152919769,0.050000000000000044
925,0.4,-342.14171570357814,12,0,1.0,4,3.0,81043.1264875505,34960.68670722003,66907.65293162288,0.16666666666666663,0.14806931223024064,0.024678218705040108,103,20000,4.04019233584404,0.050000000000000044
926,0.1,-275.3198044178471,12,0,1.0,9,1.3333333333333333,103957.96477452056,6430.84523106518,18898.915097613684,0.5,0.11543127095675043,0.057715635478375216,229,20000,0.6069231778383255,0.050000000000000044
927,0.2,-464.9896793823649,12,0,1.0,7,1.7142857142857142,105671.16135481272,20191.102777145414,38679.72675430706,0.33333333333333337,0.11355983833382435,0.03785327944460812,175,20000,0.28214186429977417,0.050000000000000044
928,0.4,-189.40258606838302,12,0,1.0,6,2.0,49637.20811396106,15774.817443142261,33433.278961908196,0.08333333333333337,0.24175412872636678,0.0201461773938639,155,20000,5.449303150177002,0.050000000000000044
929,0.6,-303.06053524900193,12,0,1.0,4,3.0,66957.05078954957,29289.898457889914,58689.21399874413,0.0,0.1792193631364797,0.0,89,20000,5.463518023490906,0.050000000000000044
930,0.1,-647.2804665682216,12,0,1.0,5,2.4,168083.98677234,46628.804758769424,90738.32928435439,0.0,0.07139288060946165,0.0,115,20000,1.9037192314863205,0.050000000000000044
931,0.2,-401.21919814531464,12,0,1.0,6,2.0,92727.39064409894,27622.703023460865,55576.89107273794,0.08333333333333337,0.1294116001393561,0.010784300011613008,161,20000,2.3244904428720474,0.050000000000000044
932,0.6,-507.249246550213,12,0,1.0,4,3.0,114479.01459739386,53703.118307480625,94620.1692805712,0.0,0.10482270521110149,0.0,104,20000,2.553728997707367,0.050000000000000044
933,0.4,-481.7650160360685,12,0,1.0,4,3.0,110412.22777229166,34741.15287141836,74069.05347322191,0.0,0.10868361450643099,0.0,92,20000,0.20866257697343826,0.050000000000000044
934,0.4,-398.2956341360831,12,0,1.0,4,3.0,89844.54353104823,32155.795820338575,81471.45599454141,0.08333333333333337,0.13356403770756622,0.011130336475630517,99,20000,2.7294486314058304,0.050000000000000044
935,0.1,-395.8826148541295,12,0,1.0,8,1.5,110103.45597909043,11595.117200142113,26244.705690498464,0.5,0.10898840452636564,0.05449420226318282,199,20000,10.524091720581055,0.050000000000000044
936,0.1,-384.7354065435669,12,0,1.0,6,2.0,90003.23317783851,18419.380848141547,35385.40421444648,0.08333333333333337,0.13332854361230614,0.011110711967692177,155,20000,2.9051169753074646,0.050000000000000044
937,0.1,-587.4569720969557,12,0,1.0,9,1.3333333333333333,161061.57729489772,24860.966984481547,52738.25334525237,0.08333333333333337,0.07450566548239156,0.006208805456865963,231,20000,0.3262406885623932,0.050000000000000044
938,0.2,-426.2137244697868,12,0,1.0,6,2.0,120123.08519834887,34223.70191909989,82478.17898012362,0.0,0.0998975341016711,0.0,149,20000,1.5179924815893173,0.050000000000000044
939,0.6,-419.07283878008315,12,0,1.0,5,2.4,101802.24998985807,60516.32051575886,86711.31367618815,0.08333333333333337,0.11787558724090563,0.009822965603408803,112,20000,0.5533492416143417,0.050000000000000044
940,0.4,-315.61639703275205,12,0,1.0,4,3.0,80201.86722626304,34538.31129307575,69808.97813103136,0.08333333333333337,0.14962245163377516,0.01246853763614793,97,20000,6.970029830932617,0.050000000000000044
941,0.2,-659.4245998838367,12,0,1.0,6,2.0,154585.3188402701,38684.7379629806,87644.37915926691,0.08333333333333337,0.07762703528398682,0.006468919606998902,146,20000,0.19453854858875275,0.050000000000000044
942,0.1,-696.0660691876244,12,0,1.0,8,1.5,200733.01418965362,45989.93040196973,108684.87549000845,0.08333333333333337,0.059780898764676224,0.004981741563723018,201,20000,0.15232588537037373,0.050000000000000044
943,0.2,-358.62529396174466,12,0,1.0,5,2.4,85486.73990676278,21395.39555410452,52375.54993391367,0.0,0.14037264741979816,0.0,130,20000,4.030535697937012,0.050000000000000044
944,0.2,-324.8720609115534,12,0,1.0,6,2.0,91630.57539077775,18505.589481877963,33219.94700380195,0.08333333333333337,0.1309606531315938,0.01091338776096615,141,20000,5.987700566649437,0.050000000000000044
945,0.2,-256.9466199788615,12,0,1.0,7,1.7142857142857142,77800.08288502651,16496.37589759933,42983.3141778333,0.33333333333333337,0.15424148092147513,0.051413826973825044,179,20000,0.5400985926389694,0.050000000000000044
946,0.6,-233.51032549551525,12,0,1.0,3,4.0,57552.226684707275,28569.460980051634,46088.21056450999,0.08333333333333337,0.20850626798056848,0.01737552233171404,77,20000,1.668656826019287,0.050000000000000044
947,0.4,-310.15333538462653,12,0,1.0,3,4.0,76858.44698323491,37744.72391481445,65015.83453601253,0.08333333333333337,0.15613117973379756,0.013010931644483128,70,20000,2.715627983212471,0.050000000000000044
948,0.2,-275.4832291539002,12,0,1.0,8,1.5,82077.8771417531,12983.065735387101,29710.721646889495,0.08333333333333337,0.14620261168883947,0.012183550974069954,219,20000,0.08368602022528648,0.050000000000000044
949,0.2,-361.07354208894407,12,0,1.0,6,2.0,100813.54695295877,23933.799817887735,46335.33396626304,0.08333333333333337,0.11903162186724164,0.009919301822270138,159,20000,1.467842847108841,0.050000000000000044
950,0.2,-314.04625704985693,12,0,1.0,6,2.0,92455.23846166275,17336.35971909339,42135.71429675041,0.33333333333333337,0.12979253744476454,0.04326417914825485,154,20000,2.642461758106947,0.050000000000000044
951,0.4,-237.11859486802663,12,0,1.0,4,3.0,68189.38018736512,25273.6614026506,52858.398969274815,0.0,0.17598048210773282,0.0,105,20000,1.6755251362919807,0.050000000000000044
952,0.6,-249.42286781179587,12,0,1.0,4,3.0,64197.77182392811,22173.64059070498,42115.10329422324,0.25,0.18692237532654213,0.04673059383163553,104,20000,0.6745714619755745,0.050000000000000044
953,0.1,-729.3261350290251,12,0,1.0,6,2.0,172326.3862002795,51415.33087518142,79028.8225543125,0.0,0.06963530231553441,0.0,157,20000,0.18657324463129044,0.050000000000000044
954,0.4,-407.69752846224765,12,0,1.0,4,3.0,90532.8446739561,40308.07200044243,73263.57087324836,0.16666666666666663,0.1325485799459484,0.0220914299909914,95,20000,1.6701343804597855,0.050000000000000044
955,0.1,-648.3641886793507,12,0,1.0,7,1.7142857142857142,167913.91484859877,36632.40699780848,59964.29898697523,0.16666666666666663,0.07146519102255412,0.011910865170425689,177,20000,0.09646744653582573,0.050000000000000044
956,0.2,-478.514905454112,12,0,1.0,4,3.0,122724.02586444365,52367.59775627719,82309.47808219132,0.0,0.0977803646472187,0.0,95,20000,0.9248420894145966,0.050000000000000044
957,0.6,-212.8113379859651,12,0,1.0,4,3.0,59704.437015409974,17637.061009960245,27747.23870713776,0.08333333333333337,0.20099008716726946,0.01674917393060579,74,20000,1.2862156834453344,0.050000000000000044
958,0.4,-301.0400535512243,12,0,1.0,4,3.0,86182.38189841171,34552.59694951462,65248.873871468844,0.08333333333333337,0.1392395955607854,0.011603299630065452,96,20000,1.4202786982059479,0.050000000000000044
959,0.6,-197.35531595117257,12,0,1.0,5,2.4,90618.77444161501,19355.359439715645,48760.01188326007,0.33333333333333337,0.1324228900020217,0.04414096333400724,135,20000,6.934015512466431,0.050000000000000044
960,0.4,-265.93407612910624,12,0,1.0,4,3.0,96491.49292666916,46102.17657088258,71037.11398436956,0.08333333333333337,0.12436329500176418,0.010363607916813683,110,20000,0.5041758716106415,0.050000000000000044
961,0.4,-235.50344877694556,12,0,1.0,4,3.0,65580.33562441789,20904.694575642858,46506.598841686915,0.08333333333333337,0.18298168019030348,0.015248473349191957,94,20000,0.09782054647803307,0.050000000000000044
962,0.4,-219.17058843870868,12,0,1.0,6,2.0,51936.15892946591,9711.801326986131,18385.317723431945,0.08333333333333337,0.23105289739075824,0.019254408115896522,156,20000,0.1809104923158884,0.050000000000000044
963,0.6,-283.62314707522074,12,0,1.0,4,3.0,74186.53193812867,28097.382828704005,57814.313888810575,0.0,0.1617544274748948,0.0,84,20000,1.5068822177127004,0.050000000000000044
964,0.4,-360.25443716374957,12,0,1.0,5,2.4,90527.5095358551,29802.075146475127,66965.3217414816,0.08333333333333337,0.1325563915491034,0.011046365962425283,124,20000,0.9517397731542587,0.050000000000000044
965,0.6,-160.25970387442356,12,0,1.0,5,2.4,35641.88078659211,11405.030973192554,24251.149315981915,0.41666666666666663,0.3366825693585228,0.1402844038993845,138,20000,0.03325082594528794,0.050000000000000044
966,0.1,-550.1747537324807,12,0,1.0,8,1.5,180191.6424481823,25702.715060208982,51775.23585919926,0.33333333333333337,0.06659576347138763,0.022198587823795878,206,20000,2.4111040718853474,0.050000000000000044
967,0.6,-430.92899283161717,12,0,1.0,5,2.4,109244.63736811117,61146.120819732,101415.83011183461,0.0,0.10984520878187139,0.0,128,20000,7.6002442836761475,0.050000000000000044
968,0.4,-354.57874529350784,12,0,1.0,7,1.7142857142857142,79583.58877954485,19595.467434783004,42925.239542017356,0.16666666666666663,0.15078485632560876,0.02513080938760146,161,20000,0.5363632515072823,0.050000000000000044
969,0.4,-315.73693957777493,12,0,1.0,5,2.4,78578.11815912134,27302.391695294205,58446.320931253525,0.33333333333333337,0.15271427060266193,0.050904756867553975,124,20000,2.785407543182373,0.050000000000000044
970,0.6,-282.310071343398,12,0,1.0,4,3.0,95289.71132781147,58310.47809862394,81382.65738623728,0.0,0.1259317489032801,0.0,95,20000,4.893966630101204,0.050000000000000044
971,0.6,-163.8256527394507,12,0,1.0,4,3.0,34391.29950098819,14466.502707937774,23451.44897406806,0.16666666666666663,0.3489254600471028,0.0581542433411838,106,20000,3.3484197854995728,0.050000000000000044
972,0.2,-256.0287746825304,12,0,1.0,8,1.5,63888.83340424281,10322.710782953116,26530.16431859897,0.25,0.1878262500752297,0.04695656251880743,215,20000,3.8414823822677135,0.050000000000000044
973,0.1,-410.62559232124266,12,0,1.0,5,2.4,121110.60313618141,39021.44553653987,70595.735791695,0.0,0.09908298438995254,0.0,128,20000,1.08303102850914,0.050000000000000044
974,0.1,-570.5191620351602,12,0,1.0,9,1.3333333333333333,164751.14327410783,17616.764812049092,40756.998564391375,0.33333333333333337,0.07283712732745516,0.024279042442485056,238,20000,8.706413507461548,0.050000000000000044
975,0.4,-478.63408598924116,12,0,1.0,4,3.0,127495.48025134264,57105.96653900854,118813.3887472364,0.0,0.09412098355442391,0.0,84,20000,1.9954876527190208,0.050000000000000044
976,0.6,-483.387307497279,12,0,1.0,5,2.4,114920.34065316358,66208.74290555374,106413.16094622374,0.0,0.10442015688255496,0.0,127,20000,2.0300344824790955,0.050000000000000044
977,0.4,-284.3315467391376,12,0,1.0,4,3.0,73322.13136383094,22972.57780776796,51896.2625436365,0.08333333333333337,0.1636613635855037,0.013638446965458644,100,20000,1.6293154172599316,0.050000000000000044
978,0.1,-410.0724649266345,12,0,1.0,12,1.0,123469.34997655466,8489.912198061827,17451.715248581488,0.5,0.09719011238237389,0.048595056191186946,309,20000,0.14469818025827408,0.050000000000000044
979,0.4,-328.7998337428764,12,0,1.0,8,1.5,72715.2376990033,19146.932893689478,42204.97640831403,0.5,0.16502730898952261,0.08251365449476131,212,20000,2.5510580390691757,0.050000000000000044
980,0.4,-284.93941103729424,12,0,1.0,5,2.4,69083.8289450621,19960.008730300106,33474.08596015077,0.16666666666666663,0.1737020107779901,0.028950335129665015,116,20000,0.2039036974310875,0.050000000000000044
981,0.1,-447.98720832656767,12,0,1.0,6,2.0,128792.93012143455,26987.338672216978,51869.51751662521,0.0,0.09317281615291771,0.0,143,20000,1.4619508180767298,0.050000000000000044
982,0.2,-298.20762022567277,12,0,1.0,8,1.5,69576.60964440515,12130.824517362773,29125.146151898538,0.5833333333333333,0.1724717553978279,0.10060852398206628,207,20000,1.7283523380756378,0.050000000000000044
983,0.4,-257.1518764474154,12,0,1.0,5,2.4,61156.97217228479,26283.50027458902,41179.401677982794,0.08333333333333337,0.19621638504592578,0.016351365420493816,123,20000,2.5488080978393555,0.050000000000000044
984,0.1,-457.3320862752788,12,0,1.0,10,1.2,129141.30098206359,18312.884211830202,47320.44515207813,0.5,0.09292147367840654,0.04646073683920327,256,20000,0.1706653367727995,0.050000000000000044
985,0.6,-291.8284799611321,12,0,1.0,4,3.0,61174.1632437708,35772.902520361946,55192.02827549369,0.0,0.19616124461206957,0.0,90,20000,0.11472140997648239,0.050000000000000044
986,0.2,-337.85994304647363,12,0,1.0,7,1.7142857142857142,81961.23889981625,17905.0301196947,27974.298474493626,0.16666666666666663,0.14641067120359136,0.024401778533931894,185,20000,0.06916284002363682,0.050000000000000044
987,0.6,-335.2018734682921,12,0,1.0,4,3.0,85444.57316482383,38930.515984539445,71927.038011503,0.25,0.14044192106679293,0.03511048026669823,104,20000,1.0933858919888735,0.050000000000000044
988,0.4,-524.9272806435057,12,0,1.0,4,3.0,168970.13870029824,86584.65549152064,136496.33924777823,0.0,0.07101846570229997,0.0,97,20000,2.622542627155781,0.050000000000000044
989,0.1,-696.4989311808276,12,0,1.0,5,2.4,182923.04119323293,66907.08657036826,115506.41494312344,0.08333333333333337,0.06560135848235574,0.005466779873529645,127,20000,1.5100719928741455,0.050000000000000044
990,0.6,-275.04633047195216,12,0,1.0,4,3.0,72915.69953167987,34489.58469521102,63033.12890486973,0.08333333333333337,0.16457361140430846,0.013714467617025704,90,20000,6.759259819984436,0.050000000000000044
991,0.1,-428.73350381236145,12,0,1.0,8,1.5,90735.29195633285,14043.223298933042,33589.63214195937,0.08333333333333337,0.13225283945496208,0.011021069954580173,202,20000,1.3457445073872805,0.050000000000000044
992,0.4,-444.5033978730911,12,0,1.0,5,2.4,103891.21021535945,49907.357161846194,86652.18403542279,0.0,0.11550544049996926,0.0,129,20000,0.5750670358538628,0.050000000000000044
993,0.4,-273.63129004430084,12,0,1.0,4,3.0,89825.72056924949,35737.13874841402,61293.685892003865,0.08333333333333337,0.13359202602498269,0.011132668835415225,106,20000,0.08926998265087605,0.050000000000000044
994,0.1,-446.77710105615336,12,0,1.0,10,1.2,146191.51874243622,10025.338084220271,24000.694605004654,0.6666666666666667,0.08208410517399366,0.05472273678266244,260,20000,1.4921916481107473,0.050000000000000044
995,0.4,-270.1714227162599,12,0,1.0,6,2.0,67422.51968417736,22655.188829627717,50878.9280802919,0.33333333333333337,0.1779820756656792,0.059327358555226396,156,20000,4.150603890419006,0.050000000000000044
996,0.2,-318.2124880555129,12,0,1.0,5,2.4,102226.0186058002,25425.201486583454,50668.69108873348,0.16666666666666663,0.11738694476866901,0.01956449079477817,139,20000,2.494755744934082,0.050000000000000044
997,0.6,-290.3136602089175,12,0,1.0,5,2.4,86868.99606925671,29616.332695654448,59139.08441723045,0.08333333333333337,0.13813904319134693,0.011511586932612245,115,20000,0.26236243173480034,0.050000000000000044
998,0.6,-291.5008775655334,12,0,1.0,4,3.0,65769.41028926279,32785.47697978766,59243.837284267735,0.16666666666666663,0.18245564233011022,0.030409273721685035,103,20000,0.2100491039454937,0.050000000000000044
999,0.1,-486.55735106305383,12,0,1.0,6,2.0,123284.18484961965,31505.184743570746,47631.954829845134,0.08333333333333337,0.09733608584618891,0.008111340487182409,154,20000,0.03016827581450343,0.050000000000000044
1000,0.4,-220.17184765820994,12,0,1.0,5,2.4,69315.5763026795,14720.752957203478,31971.585977592513,0.33333333333333337,0.17312126133958322,0.05770708711319441,132,20000,9.987638235092163,0.050000000000000044
1001,0.1,-360.1885576250253,12,0,1.0,7,1.7142857142857142,83386.27022588566,16918.877721131663,39521.4772472142,0.08333333333333337,0.14390858312157523,0.011992381926797937,190,20000,0.5818696450442076,0.050000000000000044
1002,0.6,-407.81276730908354,12,0,1.0,5,2.4,103838.69348250325,39689.22157488432,85013.10547519522,0.0,0.11556385772536701,0.0,116,20000,1.9947219491004944,0.050000000000000044
1003,0.2,-431.1537504744321,12,0,1.0,4,3.0,98508.89414254393,44122.92328781375,86845.58161152492,0.0,0.12181641164944772,0.0,92,20000,2.837592601776123,0.050000000000000044
1004,0.1,-501.04922497566736,12,0,1.0,11,1.0909090909090908,176532.6383762707,12505.582750319338,29452.555730319167,0.5,0.06797609841655788,0.03398804920827894,281,20000,0.7625234723091125,0.050000000000000044
1005,0.1,-499.8453007273009,12,0,1.0,8,1.5,124289.50275579792,25130.03200284099,58084.4483538591,0.16666666666666663,0.09654878114346803,0.016091463523911338,214,20000,3.724069595336914,0.050000000000000044
1006,0.4,-168.84131738574024,12,0,1.0,6,2.0,47470.31934580667,10975.676698081807,21595.186854413052,0.25,0.25278953597475706,0.06319738399368927,146,20000,1.2080961763858795,0.050000000000000044
1007,0.6,-333.06211269337314,12,0,1.0,5,2.4,77550.32428110877,31949.996448234477,67758.0754395617,0.0,0.1547382310936796,0.0,133,20000,5.522400498390198,0.050000000000000044
1008,0.2,-764.6954482766076,12,0,1.0,7,1.7142857142857142,155794.7854639226,30965.834482905095,72567.36161237131,0.16666666666666663,0.07702440081204669,0.012837400135341114,169,20000,1.4645910263061523,0.050000000000000044
1009,0.1,-358.76717994666546,12,0,1.0,4,3.0,88451.74971328756,28099.910828737902,44840.18656427415,0.0,0.13566718622183813,0.0,98,20000,3.431984782218933,0.050000000000000044
1010,0.2,-312.2768168224362,12,0,1.0,6,2.0,81290.91456458926,19199.95303268466,43036.841346038666,0.0,0.1476179726144607,0.0,158,20000,0.6110500320792198,0.050000000000000044
1011,0.2,-543.2002196791555,12,0,1.0,4,3.0,137932.75451284647,78175.50811114622,122687.54564697879,0.0,0.08699891510455098,0.0,103,20000,4.032918572425842,0.050000000000000044
1012,0.6,-222.26055737431585,12,0,1.0,5,2.4,47404.651375210255,19732.989133637395,37776.6269822809,0.33333333333333337,0.2531397162911163,0.08437990543037209,130,20000,1.7238281667232513,0.050000000000000044
1013,0.1,-570.8491702599656,12,0,1.0,11,1.0909090909090908,142126.92811569737,15640.864767319124,40631.87289982457,0.16666666666666663,0.08443157225090722,0.014071928708484536,275,20000,0.8712974488735199,0.050000000000000044
1014,0.6,-280.3665382960023,12,0,1.0,6,2.0,72267.86612843622,31649.874697506766,58400.84825730337,0.25,0.16604890448367893,0.04151222612091973,146,20000,0.8619507551193237,0.050000000000000044
1015,0.4,-227.43040302652827,12,0,1.0,4,3.0,45663.88142996722,25524.285340800066,39562.676079512385,0.5,0.2627897503282522,0.1313948751641261,104,20000,1.3996882438659668,0.050000000000000044
1016,0.1,-484.37763746173977,12,0,1.0,7,1.7142857142857142,136337.0492512804,22219.1357084731,38142.79852438662,0.08333333333333337,0.08801716089573725,0.007334763407978104,178,20000,1.9490150213241577,0.050000000000000044
1017,0.6,-195.3655840372638,12,0,1.0,4,3.0,60314.17209383489,19744.033332901843,51176.70756500683,0.0,0.1989582146851121,0.0,96,20000,4.490564584732056,0.050000000000000044
1018,0.1,-376.3522367381379,12,0,1.0,7,1.7142857142857142,92585.27525947039,18181.54346156175,37206.85043000407,0.16666666666666663,0.12961024273427907,0.021601707122379844,177,20000,0.792913943529129,0.050000000000000044
1019,0.2,-381.8103596775348,12,0,1.0,5,2.4,90284.70871985017,25376.712858843297,47452.23362013846,0.08333333333333337,0.13291287273502225,0.011076072727918522,133,20000,2.7483255863189697,0.050000000000000044
1020,0.4,-300.8835038942832,12,0,1.0,5,2.4,59905.05188535751,27538.979053602437,47294.807800354145,0.08333333333333337,0.20031699535065653,0.016693082945888043,126,20000,1.2567160874605179,0.050000000000000044
1021,0.6,-372.82166294754376,12,0,1.0,5,2.4,120026.8499821647,39691.433415721054,102985.22761617019,0.0,0.09997763002014243,0.0,119,20000,2.3863282203674316,0.050000000000000044
1022,0.1,-553.1739720015453,12,0,1.0,5,2.4,153923.37208365207,49320.14246434376,98247.93940799678,0.08333333333333337,0.07796086999366421,0.006496739166138684,117,20000,4.250365257263184,0.050000000000000044
1023,0.6,-255.7491632585884,12,0,1.0,5,2.4,74512.22146046805,20575.26195883557,53219.83712680298,0.25,0.16104740624820207,0.04026185156205052,137,20000,2.6463575661182404,0.050000000000000044
1024,0.1,-421.49680300571276,12,0,1.0,8,1.5,133828.15551261487,15488.472090969362,28503.861186293085,0.33333333333333337,0.08966722999383235,0.029889076664610784,200,20000,5.7853075712919235,0.050000000000000044
1025,0.2,-456.45405777529027,12,0,1.0,4,3.0,101999.12269558093,54055.14027524995,85129.30335333341,0.0,0.11764807071737585,0.0,109,20000,1.8838313221931458,0.050000000000000044
1026,0.2,-517.5628848561923,12,0,1.0,9,1.3333333333333333,132950.38244954878,22873.005503562643,42248.96107173414,0.5,0.09025923640764018,0.04512961820382009,211,20000,2.082743525505066,0.050000000000000044
1027,0.4,-203.1538690675254,12,0,1.0,6,2.0,69395.08398168611,16685.033136377806,50265.978085649454,0.41666666666666663,0.17292291199138674,0.07205121332974448,164,20000,6.0375460386276245,0.050000000000000044
1028,0.1,-476.89221280944486,12,0,1.0,10,1.2,159094.6341249952,13998.251828353788,36305.539762512235,0.33333333333333337,0.07542680534763989,0.025142268449213297,231,20000,2.485582321882248,0.050000000000000044
1029,0.2,-317.15322168243887,12,0,1.0,11,1.0909090909090908,64166.08735529632,6218.033800759676,14837.630210970847,0.0,0.18701467542433084,0.0,289,20000,4.294826984405518,0.050000000000000044
1030,0.1,-529.2064995876557,12,0,1.0,9,1.3333333333333333,116576.51865174214,21098.766529336714,44895.36936947873,0.16666666666666663,0.10293668175019456,0.017156113625032426,215,20000,1.680997371673584,0.050000000000000044
1031,0.4,-348.56903532252096,12,0,1.0,3,4.0,75582.69164799328,40152.41974587173,72524.84067886719,0.08333333333333337,0.15876650775930126,0.013230542313275105,66,20000,0.5137014389038086,0.050000000000000044
1032,0.6,-255.71657642818022,12,0,1.0,4,3.0,67236.50902012868,30864.40565909294,45328.29920068663,0.08333333333333337,0.17847446535940087,0.014872872113283406,106,20000,3.4330190420150757,0.050000000000000044
1033,0.4,-286.0132509764959,12,0,1.0,6,2.0,81653.82075719796,16604.953223174365,63756.272649340826,0.16666666666666663,0.14696189215300343,0.02449364869216724,159,20000,2.090619921684265,0.050000000000000044
1034,0.2,-326.37537477497597,12,0,1.0,5,2.4,83359.44900162533,25084.695532870606,41290.214651325216,0.16666666666666663,0.14395488626329606,0.023992481043882675,111,20000,1.9325826168060303,0.050000000000000044
1035,0.1,-347.45177422482897,12,0,1.0,5,2.4,88752.73789031575,22145.600711881096,44569.712869908006,0.16666666666666663,0.1352070965385889,0.022534516089764818,122,20000,4.507932662963867,0.050000000000000044
1036,0.4,-297.7973754372382,12,0,1.0,4,3.0,79607.82764866902,27815.625165400663,43419.88865822505,0.16666666666666663,0.1507389455840858,0.025123157597347633,102,20000,0.6050757765769958,0.050000000000000044
1037,0.2,-228.2538182183663,12,0,1.0,4,3.0,52031.164308092004,21735.94033575979,31862.444922957093,0.25,0.23063101046412166,0.057657752616030414,100,20000,1.6982940435409546,0.050000000000000044
1038,0.1,-398.55917132010893,12,0,1.0,8,1.5,115070.65681424706,14043.13674383351,24411.866242321033,0.41666666666666663,0.10428375341048947,0.04345156392103728,213,20000,2.53912515938282,0.050000000000000044
1039,0.6,-436.74535654101743,12,0,1.0,6,2.0,90979.48080133687,14600.630754762775,44955.81067356632,0.16666666666666663,0.13189787295228958,0.021982978825381597,151,20000,1.48646879196167,0.050000000000000044
1040,0.6,-226.6589743318859,12,0,1.0,3,4.0,51117.97804084977,31266.04534214202,45106.376812810435,0.0,0.2347510691915567,0.0,69,20000,0.9390064254403114,0.050000000000000044
1041,0.6,-271.8181409925356,12,0,1.0,4,3.0,77431.42365383866,25251.771083341475,68032.70172919132,0.0,0.15497584099249737,0.0,101,20000,3.011202096939087,0.050000000000000044
1042,0.6,-311.05071442032227,12,0,1.0,5,2.4,89158.20966936786,31411.925931219957,65764.54874909681,0.0,0.1345922046270389,0.0,132,20000,2.5858652591705322,0.050000000000000044
1043,0.1,-1008.9395127476544,12,0,1.0,6,2.0,225882.2432900422,88686.30469964624,196958.70265676038,0.0,0.05312502578873143,0.0,151,20000,2.678875505924225,0.050000000000000044
1044,0.1,-651.1211416960864,12,0,1.0,6,2.0,144330.0913677445,34366.07988214151,60164.12462795353,0.16666666666666663,0.0831427451218382,0.013857124186973033,146,20000,8.255425065755844,0.050000000000000044
1045,0.6,-276.46793769634655,12,0,1.0,7,1.7142857142857142,79063.0447483238,17711.020087064688,49864.111064040735,0.41666666666666663,0.1517776103639673,0.06324067098498638,170,20000,2.8431720435619354,0.050000000000000044
1046,0.4,-524.5879901040992,12,0,1.0,5,2.4,161787.45235540188,70339.05433857063,131687.06109385283,0.0,0.07417138860459555,0.0,129,20000,0.369368776679039,0.050000000000000044
1047,0.1,-565.5141005600483,12,0,1.0,8,1.5,156542.1234711201,22358.282895000648,40036.3147378779,0.33333333333333337,0.07665668341476048,0.02555222780492016,197,20000,3.4334948658943176,0.050000000000000044
1048,0.4,-266.4799171047843,12,0,1.0,5,2.4,57913.01039680526,16349.811025688228,37728.35315136763,0.08333333333333337,0.2072073255694885,0.01726727713079071,119,20000,0.6469209790229797,0.050000000000000044
1049,0.2,-336.22737648441887,12,0,1.0,9,1.3333333333333333,105899.46251535782,11159.987967079933,34146.68674629152,0.33333333333333337,0.11331502271090117,0.03777167423696706,230,20000,4.47828996181488,0.050000000000000044
1050,0.4,-260.9178086555114,12,0,1.0,6,2.0,67191.83273278002,16462.58297991041,35827.71957250042,0.25,0.1785931341942056,0.0446482835485514,146,20000,2.02957484126091,0.050000000000000044
1051,0.1,-571.5441411883676,12,0,1.0,10,1.2,182759.87564521458,15970.602389601017,34937.80235309567,0.16666666666666663,0.06565992648898046,0.010943321081496744,239,20000,0.43517501652240753,0.050000000000000044
1052,0.4,-546.3795663153967,12,0,1.0,5,2.4,147725.68307759432,72965.63420410299,117128.87693619155,0.08333333333333337,0.08123164334056175,0.006769303611713479,127,20000,4.2034886702895164,0.050000000000000044
1053,0.6,-172.04872691145667,12,0,1.0,4,3.0,42823.368273308246,18444.922617922046,34815.37112430282,0.0,0.28022083464834746,0.0,100,20000,0.4034958928823471,0.050000000000000044
1054,0.2,-445.91403878654967,12,0,1.0,5,2.4,99705.67787992358,50700.535479334445,83735.05629413991,0.08333333333333337,0.12035422911874392,0.010029519093228662,119,20000,0.8214004933834076,0.050000000000000044
1055,0.4,-331.7744193588052,12,0,1.0,5,2.4,80731.36675823748,24224.21140361801,56149.5448319723,0.16666666666666663,0.14864111041171707,0.024773518401952844,123,20000,3.6043341159820557,0.050000000000000044
1056,0.4,-343.9437622775446,12,0,1.0,7,1.7142857142857142,75547.65156858349,21074.542940049803,45471.528502642715,0.41666666666666663,0.15884014593234824,0.06618339413847844,174,20000,0.39273858070373535,0.050000000000000044
1057,0.1,-367.96811381100247,12,0,1.0,10,1.2,111124.6249742868,9212.632755119086,22223.760157254546,0.6666666666666667,0.10798686612239806,0.07199124408159871,237,20000,3.398592323064804,0.050000000000000044
1058,0.6,-216.15240957274062,12,0,1.0,4,3.0,62835.958834216304,20142.891203445535,43341.306444861606,0.16666666666666663,0.19097345250448527,0.031828908750747543,98,20000,0.2966337576508522,0.050000000000000044
1059,0.6,-320.5138671756938,12,0,1.0,4,3.0,105565.17787218853,44016.196411278004,78799.87425279063,0.0,0.11367384815595936,0.0,103,20000,3.8349666595458984,0.050000000000000044
1060,0.1,-681.2607863810559,12,0,1.0,8,1.5,174060.99362525652,29806.618755440082,50191.248783427654,0.0,0.0689413506729447,0.0,189,20000,0.5328876078128815,0.050000000000000044
1061,0.6,-367.24003777649096,12,0,1.0,4,3.0,80849.67551848812,47812.04172042662,66861.30267236083,0.0,0.14842360124569612,0.0,108,20000,2.2048414945602417,0.050000000000000044
1062,0.4,-225.65384471145265,12,0,1.0,4,3.0,53028.68270860323,22150.626196500398,39916.30205107895,0.25,0.2262926285750099,0.056573157143752474,91,20000,2.602935552597046,0.050000000000000044
1063,0.6,-258.10317424249547,12,0,1.0,7,1.7142857142857142,60400.23361538608,22479.038185973146,44884.37084226846,0.16666666666666663,0.19867472825375257,0.03311245470895876,174,20000,0.12969396263360977,0.050000000000000044
1064,0.6,-296.4418068850654,12,0,1.0,4,3.0,78607.29349276626,45270.7268335307,68262.82827832682,0.08333333333333337,0.1526575902413468,0.012721465853445569,97,20000,4.394027508795261,0.050000000000000044
1065,0.1,-437.0051283867156,12,0,1.0,9,1.3333333333333333,160499.78978978007,13309.745010560377,26064.295663118588,0.16666666666666663,0.07476645306338033,0.012461075510563387,240,20000,0.19698220863938332,0.050000000000000044
1066,0.4,-416.40758621064276,12,0,1.0,4,3.0,98336.84853529774,33473.94465908897,89686.40695562048,0.16666666666666663,0.12202953601561303,0.02033825600260217,107,20000,1.9304508417844772,0.050000000000000044
1067,0.4,-267.91538125184024,12,0,1.0,4,3.0,63068.47404711065,26487.260263023534,49593.07036411389,0.08333333333333337,0.19026938864949047,0.01585578238745754,102,20000,5.344335079193115,0.050000000000000044
1068,0.4,-269.9273777002222,12,0,1.0,10,1.2,67269.73758408827,8591.24909953539,20240.48637886154,0.41666666666666663,0.1783863061008645,0.07432762754202688,266,20000,0.13011950999498367,0.050000000000000044
1069,0.2,-537.3916966815522,12,0,1.0,5,2.4,143439.97531135572,36047.2720153871,70426.99498553903,0.25,0.0836586870149161,0.020914671753729026,126,20000,3.3888931274414062,0.050000000000000044
1070,0.4,-267.6444776448044,12,0,1.0,5,2.4,84079.88147392216,22272.03683607451,55461.15945548992,0.33333333333333337,0.1427214190795674,0.0475738063598558,122,20000,3.505000025033951,0.050000000000000044
1071,0.4,-362.69200945787765,12,0,1.0,4,3.0,148227.22040438713,57995.83982129825,109069.44344696047,0.08333333333333337,0.08095679030654501,0.006746399192212084,93,20000,0.4708927422761917,0.050000000000000044
1072,0.1,-451.8599071751054,12,0,1.0,8,1.5,151514.4070156429,17874.579512029988,41062.041907546845,0.25,0.07920038916669538,0.019800097291673844,213,20000,0.15437806397676468,0.050000000000000044
1073,0.4,-330.5330158032394,12,0,1.0,4,3.0,136168.73123996676,44769.202633597124,85029.64345468557,0.0,0.08812595880659782,0.0,108,20000,2.7248473167419434,0.050000000000000044
1074,0.2,-289.5474014412202,12,0,1.0,6,2.0,68774.8322777912,18862.450185667683,41298.38702858127,0.5,0.17448243205494587,0.08724121602747294,163,20000,0.08236097544431686,0.050000000000000044
1075,0.4,-259.7066437518664,12,0,1.0,5,2.4,54801.410905045646,11510.65258012092,28849.304831621135,0.41666666666666663,0.21897246442782994,0.09123852684492914,134,20000,2.9462356567382812,0.050000000000000044
1076,0.4,-288.79915070989927,12,0,1.0,4,3.0,81425.57311344515,24320.580997548055,46808.604338141406,0.41666666666666663,0.14737384756606073,0.06140576981919198,100,20000,6.36490535736084,0.050000000000000044
1077,0.6,-298.5263077264842,12,0,1.0,4,3.0,98086.48014383066,29684.006877591204,64067.02606448562,0.0,0.12234101970428148,0.0,109,20000,0.8644987940788269,0.050000000000000044
1078,0.6,-389.0542866062357,12,0,1.0,4,3.0,101135.81566906531,41372.54907397371,77328.6321338354,0.0,0.11865232826386818,0.0,102,20000,2.0764786303043365,0.050000000000000044
1079,0.2,-549.2115025657397,12,0,1.0,5,2.4,126966.66419680078,53964.85691182525,101413.13156656298,0.0,0.09451299737543524,0.0,121,20000,0.20142045710235834,0.050000000000000044
1080,0.4,-309.8041713167388,12,0,1.0,6,2.0,63983.3068618805,16938.140728598202,37945.77212837884,0.33333333333333337,0.18754891843749438,0.06251630614583145,153,20000,0.1047108881175518,0.050000000000000044
1081,0.1,-780.6896534910927,12,0,1.0,9,1.3333333333333333,164227.94810301237,23942.28719419539,50052.78893315808,0.0,0.07306917086044923,0.0,244,20000,2.7798560857772827,0.050000000000000044
1082,0.2,-224.20021974843291,12,0,1.0,3,4.0,58489.12694855912,24015.42019878079,45585.70811145377,0.08333333333333337,0.20516633819058264,0.01709719484921522,80,20000,0.9616113677620888,0.050000000000000044
1083,0.2,-392.03380124135805,12,0,1.0,6,2.0,107271.06520905007,25688.77064599461,49886.07744666311,0.33333333333333337,0.11186614001282057,0.03728871333760685,158,20000,1.2851731618866324,0.050000000000000044
1084,0.4,-177.03733264125052,12,0,1.0,5,2.4,35083.319592532745,13457.815401643422,25144.797747495366,0.5833333333333333,0.342042889309543,0.1995250187639001,125,20000,2.94968044757843,0.050000000000000044
1085,0.6,-444.83155654044333,12,0,1.0,6,2.0,112509.811204536,39507.74802803893,88388.35474975337,0.0,0.10665736500245947,0.0,157,20000,0.43296224623918533,0.050000000000000044
1086,0.2,-409.9385339527941,12,0,1.0,5,2.4,120868.97685946341,37288.43160475779,77924.88858567362,0.0,0.09928105881091905,0.0,127,20000,2.8515694588422775,0.050000000000000044
1087,0.4,-330.09375962092156,12,0,1.0,5,2.4,87036.71811621381,27881.018504977823,53601.15925756271,0.16666666666666663,0.1378728456187568,0.022978807603126133,125,20000,0.09668546356260777,0.050000000000000044
1088,0.4,-231.16891510979733,12,0,1.0,4,3.0,56872.50133124702,22709.295337989548,44610.02880702483,0.0,0.2109982806999722,0.0,103,20000,0.39129479974508286,0.050000000000000044
1089,0.4,-221.2018098658657,12,0,1.0,4,3.0,61657.73248637793,24623.453620283148,51401.83946210018,0.16666666666666663,0.19462279127198143,0.032437131878663567,97,20000,4.373580098152161,0.050000000000000044
1090,0.6,-394.4642978116633,12,0,1.0,4,3.0,87565.18340319436,55590.41164012701,77067.60749612756,0.0,0.1370407681868938,0.0,95,20000,0.8512482196092606,0.050000000000000044
1091,0.6,-180.20496423050855,12,0,1.0,4,3.0,49008.7192304654,19975.56353073387,38481.727757798864,0.0,0.24485438894188472,0.0,112,20000,0.10820712335407734,0.050000000000000044
1092,0.6,-213.8901944976841,12,0,1.0,6,2.0,45925.25456238751,18405.55366829559,38927.15326304861,0.16666666666666663,0.26129414228283715,0.043549023713806194,151,20000,3.372385859489441,0.050000000000000044
1093,0.4,-258.47384637706006,12,0,1.0,4,3.0,74792.52895837236,25637.2691066234,65904.62739077598,0.0,0.1604438326544473,0.0,112,20000,1.1016082279384136,0.050000000000000044
1094,0.6,-284.8851514703241,12,0,1.0,5,2.4,71814.42496055644,20578.32214951721,45314.141221850514,0.08333333333333337,0.1670973485701642,0.013924779047513684,120,20000,3.0746894665062428,0.050000000000000044
1095,0.6,-188.27503331182032,12,0,1.0,5,2.4,63665.02167995779,24475.64786803968,52276.28302266484,0.08333333333333337,0.18848654541144508,0.015707212117620425,123,20000,0.04906797036528587,0.050000000000000044
1096,0.1,-400.27742011606324,12,0,1.0,10,1.2,107450.6960257384,11607.735280115585,26224.994304530734,0.41666666666666663,0.1116791276728962,0.04653296986370675,250,20000,0.8352155182510614,0.050000000000000044
1097,0.4,-704.4674063475431,12,0,1.0,4,3.0,171942.68153903377,112840.9131341005,160340.82175872766,0.0,0.06979069939231933,0.0,99,20000,0.10541801899671555,0.050000000000000044
1098,0.1,-321.7200922089788,12,0,1.0,8,1.5,97956.12157643768,10414.890093926933,17094.30430538887,0.08333333333333337,0.12250382933583269,0.010208652444652725,195,20000,2.3669738322496414,0.050000000000000044
1099,0.4,-249.9210256849629,12,0,1.0,4,3.0,74330.05727183152,21172.899134427225,39813.2174239634,0.25,0.16144209274741914,0.040360523186854784,97,20000,5.4378721714019775,0.050000000000000044
1100,0.6,-324.86446199066637,12,0,1.0,4,3.0,78472.79054313619,37255.606809418336,68688.6054766863,0.16666666666666663,0.15291924649224303,0.025486541082040504,93,20000,0.6846608556807041,0.050000000000000044
1101,0.2,-357.35396520837406,12,0,1.0,7,1.7142857142857142,103573.34381315383,22019.92716013821,56629.24807318622,0.41666666666666663,0.11585992648502286,0.048274969368759524,183,20000,2.9098601639270782,0.050000000000000044
1102,0.6,-285.6755680357091,12,0,1.0,3,4.0,72943.15179653463,35026.63142011147,63671.15501519411,0.08333333333333337,0.16451167387820628,0.013709306156517189,73,20000,1.0641033947467804,0.050000000000000044
1103,0.6,-306.70952394390036,12,0,1.0,4,3.0,80877.55847516698,42377.67114820159,72297.32926235477,0.08333333333333337,0.14837243144134396,0.012364369286778663,101,20000,1.6008776221424341,0.050000000000000044
1104,0.2,-376.27636017049576,12,0,1.0,4,3.0,104702.64995365235,44545.148050697666,73718.09672298344,0.0,0.11461027973324378,0.0,93,20000,1.9411980211734772,0.050000000000000044
1105,0.2,-516.8377161581194,12,0,1.0,7,1.7142857142857142,128447.3650749189,27084.059767140487,55743.770795417615,0.16666666666666663,0.09342348122906853,0.015570580204844756,176,20000,0.0553241316229105,0.050000000000000044
1106,0.2,-555.4869496377173,12,0,1.0,5,2.4,156222.68895086888,38988.51728722332,71684.34828231247,0.0,0.07681342627365689,0.0,138,20000,1.4049035012722015,0.050000000000000044
1107,0.1,-568.2497156568156,12,0,1.0,5,2.4,127986.09869033482,43448.09828474003,73608.38182244069,0.0,0.09376018272917486,0.0,136,20000,1.5601944904774427,0.050000000000000044
1108,0.6,-329.9496310012901,12,0,1.0,4,3.0,71655.11690967542,23082.63563393476,43280.091629622526,0.0,0.1674688496444232,0.0,112,20000,1.5871842950582504,0.050000000000000044
1109,0.1,-566.8582633112543,12,0,1.0,7,1.7142857142857142,122325.13691810559,27501.373560727687,62987.699668816844,0.0,0.09809921576489856,0.0,173,20000,0.02620330173522234,0.050000000000000044
1110,0.1,-412.43541766093796,12,0,1.0,7,1.7142857142857142,92068.972766081,22485.418589156867,40700.566983787496,0.0,0.13033706838989412,0.0,177,20000,4.8333931574597955,0.050000000000000044
1111,0.2,-395.70771358071494,12,0,1.0,5,2.4,129706.61866753285,27149.590648618236,66116.53254836047,0.0,0.09251648160498804,0.0,132,20000,0.061390005983412266,0.050000000000000044
1112,0.6,-403.74837889507626,12,0,1.0,4,3.0,85785.08322590534,49044.84949674943,70024.46689219303,0.08333333333333337,0.13988445949745545,0.01165703829145462,104,20000,0.9778649918735027,0.050000000000000044
1113,0.6,-411.6356333844343,12,0,1.0,4,3.0,106176.94550995388,42386.1216340515,86774.65644103741,0.08333333333333337,0.11301888505424205,0.009418240421186838,96,20000,1.0727417767047882,0.050000000000000044
1114,0.6,-159.4137256752939,12,0,1.0,4,3.0,45725.92044317574,20132.34546173256,33318.060094085384,0.08333333333333337,0.26243320820436133,0.02186943401703011,105,20000,1.8199536856263876,0.050000000000000044
1115,0.6,-351.7649236133513,12,0,1.0,5,2.4,84018.57869390762,38084.24787127861,75090.40756444103,0.08333333333333337,0.14282555342572284,0.01190212945214357,121,20000,0.0836276262998581,0.050000000000000044
1116,0.1,-595.3185423027077,12,0,1.0,9,1.3333333333333333,141833.68725162448,17335.47470190116,32055.194221281392,0.16666666666666663,0.08460613435728444,0.01410102239288074,228,20000,0.5790496729314327,0.050000000000000044
1117,0.2,-242.0283702017026,12,0,1.0,10,1.2,57554.8327492083,6617.276809313167,14123.397099872147,0.33333333333333337,0.2084968268831442,0.0694989422943814,227,20000,5.532453080639243,0.050000000000000044
1118,0.4,-363.3335045701182,12,0,1.0,3,4.0,80474.57690804209,34098.33451820652,74290.595963222,0.08333333333333337,0.1491154158376296,0.0124262846531358,84,20000,1.29849745426327,0.050000000000000044
1119,0.6,-218.32594964593358,12,0,1.0,4,3.0,57605.059451840534,28170.05984992159,54802.84677881671,0.0,0.2083150354185875,0.0,104,20000,0.025113937444984913,0.050000000000000044
1120,0.6,-319.21369183859485,12,0,1.0,4,3.0,74738.35566538207,45721.08722059936,67774.90765296305,0.0,0.16056012864032354,0.0,112,20000,0.8233528742566705,0.050000000000000044
1121,0.2,-354.156247586627,12,0,1.0,4,3.0,90325.08654351084,38225.502677436016,68337.67413376109,0.0,0.1328534569874941,0.0,107,20000,0.6861602440476418,0.050000000000000044
1122,0.2,-531.1962289035685,12,0,1.0,6,2.0,130916.57041212503,35502.95595999473,64007.910755747434,0.0,0.09166142958239763,0.0,147,20000,0.03719254955649376,0.050000000000000044
1123,0.4,-399.7837235535501,12,0,1.0,4,3.0,90732.44471566539,32724.498428605104,66414.23254615277,0.08333333333333337,0.13225698963149554,0.011021415802624628,102,20000,0.04858236201107502,0.050000000000000044
1124,0.4,-253.244671973361,12,0,1.0,5,2.4,62760.40266049809,29602.518131394623,52351.29859384538,0.08333333333333337,0.19120336217270478,0.015933613514392063,139,20000,0.028269076719880104,0.050000000000000044
1125,0.4,-503.8019615844531,12,0,1.0,4,3.0,150699.82513552735,48075.31685825699,112999.37663262771,0.0,0.07962849319306217,0.0,98,20000,0.04247709270566702,0.050000000000000044
1126,0.2,-540.1780411885115,12,0,1.0,8,1.5,116388.13853044235,19956.903016046064,37422.15732839054,0.08333333333333337,0.1031032900046021,0.008591940833716841,192,20000,0.020800165832042694,0.050000000000000044
1127,0.1,-415.6615759385993,12,0,1.0,10,1.2,104713.498682151,12538.13440686148,24276.02679415506,0.6666666666666667,0.11459840565947461,0.0763989371063164,250,20000,2.8193551898002625,0.050000000000000044
1128,0.1,-445.6169143331954,12,0,1.0,8,1.5,134026.22734844047,22240.573700405675,53565.98808421434,0.08333333333333337,0.08953471449138445,0.007461226207615371,202,20000,3.966667890548706,0.050000000000000044
1129,0.2,-411.6847918104326,12,0,1.0,4,3.0,106089.07130509119,43718.094031347275,90579.7093627629,0.0,0.11311249926479584,0.0,99,20000,1.9593238234519958,0.050000000000000044
1130,0.6,-207.81174378114252,12,0,1.0,4,3.0,41141.74148259545,16836.13324512355,30916.703164990155,0.0,0.29167457593102775,0.0,90,20000,1.9736969470977783,0.050000000000000044
1131,0.2,-352.7735632064208,12,0,1.0,6,2.0,97593.21988855518,18166.28214390594,32410.83143656038,0.41666666666666663,0.12295936145669939,0.05123306727362474,147,20000,2.3052477836608887,0.050000000000000044
1132,0.6,-222.02893998917276,12,0,1.0,4,3.0,66614.10598140367,29252.966920328054,50567.08410375341,0.08333333333333337,0.18014202582483027,0.015011835485402523,103,20000,4.805609226226807,0.050000000000000044
1133,0.6,-274.5607040995923,12,0,1.0,5,2.4,69864.5015463017,24446.15077182998,46549.48667891038,0.08333333333333337,0.17176104794860905,0.014313420662384089,126,20000,4.551179647445679,0.050000000000000044
1134,0.2,-168.89387022892157,12,0,1.0,8,1.5,53652.595595612656,6549.017526387167,14460.935064406698,0.8333333333333334,0.22366112704864696,0.18638427254053913,200,20000,2.9998627454042435,0.050000000000000044
1135,0.1,-549.7472252232155,12,0,1.0,8,1.5,138749.58849891747,26096.669801925495,41931.37908602954,0.25,0.0864867429865828,0.0216216857466457,200,20000,0.41446249186992645,0.050000000000000044
1136,0.2,-475.578934375352,12,0,1.0,7,1.7142857142857142,124190.80435454365,33026.13125782137,80956.94079586417,0.0,0.09662551154546063,0.0,180,20000,0.4180315211415291,0.050000000000000044
1137,0.1,-378.00578427769403,12,0,1.0,11,1.0909090909090908,122413.42688425738,6997.636398824365,19003.215662528277,0.33333333333333337,0.09802846228090707,0.03267615409363569,280,20000,0.5234438627958298,0.050000000000000044
1138,0.4,-272.315366356337,12,0,1.0,4,3.0,78826.09316249122,27451.12277293443,58577.864931025426,0.0,0.15223385453422555,0.0,105,20000,1.1585855782032013,0.050000000000000044
1139,0.2,-257.59995737753894,12,0,1.0,5,2.4,83723.70084038882,28282.38154864778,79155.03912298518,0.08333333333333337,0.14332859010708146,0.011944049175590122,132,20000,0.9292667098343372,0.050000000000000044
1140,0.6,-286.79786590181004,12,0,1.0,6,2.0,56274.574979154946,15096.395932839447,31724.51770481682,0.5,0.213240171150915,0.1066200855754575,157,20000,3.813955396413803,0.050000000000000044
1141,0.1,-604.5000820778444,12,0,1.0,6,2.0,147284.73895402614,38230.119927732034,80531.3080490686,0.0,0.08147483632873677,0.0,156,20000,2.8391972184181213,0.050000000000000044
1142,0.1,-503.1428227833683,12,0,1.0,4,3.0,140627.84796074533,56957.259098089584,79793.3953050684,0.0,0.08533160518355984,0.0,101,20000,2.0275974720716476,0.050000000000000044
1143,0.2,-405.46676888856433,12,0,1.0,4,3.0,102014.86963993944,38179.29255680992,67902.45056350705,0.0,0.11762991064296698,0.0,96,20000,2.733202636241913,0.050000000000000044
1144,0.6,-239.78608806273124,12,0,1.0,7,1.7142857142857142,57580.489871426944,20005.284076160762,41744.96927687454,0.33333333333333337,0.20840392339132804,0.069467974463776,164,20000,1.8896322846412659,0.050000000000000044
1145,0.1,-523.8085869652408,12,0,1.0,6,2.0,139330.80330588613,31939.35557952595,81745.3352079562,0.0,0.08612596579706257,0.0,153,20000,0.5857928097248077,0.050000000000000044
1146,0.2,-574.1980819378083,12,0,1.0,7,1.7142857142857142,142407.25265873218,31588.583898027584,75517.47064853848,0.25,0.08426537115182652,0.02106634278795663,172,20000,1.761137455701828,0.050000000000000044
1147,0.1,-634.5882770504876,12,0,1.0,5,2.4,153632.65521414785,41005.87250894888,72728.30477769376,0.0,0.07810839422955526,0.0,129,20000,2.933637261390686,0.050000000000000044
1148,0.6,-208.87201160567952,12,0,1.0,5,2.4,44745.07163012639,18369.65134123811,31309.595373662753,0.33333333333333337,0.26818596021467817,0.08939532007155938,133,20000,0.9611442685127258,0.050000000000000044
1149,0.4,-181.92304332525796,12,0,1.0,4,3.0,58119.49195495307,17008.022455247843,33327.81255684858,0.16666666666666663,0.2064711785385339,0.03441186308975565,109,20000,1.7831292152404785,0.050000000000000044
1150,0.1,-393.27298151472536,12,0,1.0,5,2.4,126448.83698435022,33268.08029676651,62642.564444656,0.0,0.09490004246923335,0.0,138,20000,0.4093160592019558,0.050000000000000044
1151,0.1,-519.5030855354034,12,0,1.0,6,2.0,154487.5017006186,36226.5039950773,75694.91157506936,0.0,0.07767618653873247,0.0,144,20000,3.7532634288072586,0.050000000000000044
1152,0.4,-351.6771527433058,12,0,1.0,7,1.7142857142857142,80979.9707515584,16839.18011181206,37750.64648049808,0.5,0.14818479049363042,0.07409239524681521,184,20000,1.733225092291832,0.050000000000000044
1153,0.1,-468.4373288440919,12,0,1.0,8,1.5,114384.32292494591,17846.44731556987,37992.09756285526,0.25,0.10490948141445822,0.026227370353614554,203,20000,1.2355746626853943,0.050000000000000044
1154,0.4,-266.8180066277799,12,0,1.0,5,2.4,58370.49200604256,23781.80882126013,49604.28524791274,0.16666666666666663,0.20558332793833142,0.0342638879897219,122,20000,2.2042916268110275,0.050000000000000044
1155,0.4,-304.01543745336977,12,0,1.0,3,4.0,65795.92477267375,42671.8307564703,56524.029769898334,0.0,0.18238211623987718,0.0,75,20000,8.271081656217575,0.050000000000000044
1156,0.6,-247.1330343179995,12,0,1.0,4,3.0,79467.42933488298,38714.33134005806,71364.87464190091,0.0,0.1510052621613178,0.0,107,20000,5.274902880191803,0.050000000000000044
1157,0.2,-396.2643793885033,12,0,1.0,7,1.7142857142857142,101146.44611490902,18433.52489909624,37671.614613314436,0.16666666666666663,0.11863985795771025,0.019773309659618373,171,20000,5.540029525756836,0.050000000000000044
1158,0.2,-367.5636287921812,12,0,1.0,6,2.0,83063.29365831986,18477.019169634787,39593.28377755236,0.33333333333333337,0.14446814557296386,0.04815604852432129,159,20000,1.9152601957321167,0.050000000000000044
1159,0.6,-234.9083177026409,12,0,1.0,4,3.0,71686.39303777122,29898.31548770474,62731.18739932739,0.08333333333333337,0.16739578449256412,0.013949648707713676,105,20000,1.104659914970398,0.050000000000000044
1160,0.1,-578.6673214515095,12,0,1.0,6,2.0,141934.03519238945,31468.156193182207,51187.66673601998,0.08333333333333337,0.08454631747582024,0.007045526456318353,153,20000,6.447099685668945,0.050000000000000044
1161,0.1,-479.0312413612965,12,0,1.0,11,1.0909090909090908,176621.25948345353,13351.950993302367,29229.539923956007,0.25,0.06794199087411786,0.016985497718529464,271,20000,1.14418625831604,0.050000000000000044
1162,0.2,-570.3932588476769,12,0,1.0,10,1.2,136581.82143804748,23120.3806333469,66697.49182399714,0.33333333333333337,0.08785942282548276,0.02928647427516092,259,20000,2.2461593747138977,0.050000000000000044
1163,0.4,-393.9154682156901,12,0,1.0,5,2.4,109099.25844469303,52488.41612752076,92980.11267061633,0.0,0.10999158171256776,0.0,126,20000,1.5975110828876495,0.050000000000000044
1164,0.2,-456.702316078601,12,0,1.0,10,1.2,136810.24953706624,14839.085080603842,24200.955746711585,0.5,0.0877127264996971,0.04385636324984855,250,20000,2.7188671231269836,0.050000000000000044
1165,0.6,-230.96072316169187,12,0,1.0,5,2.4,65844.07745310449,27722.571103580223,60004.2954421676,0.08333333333333337,0.18224873768710098,0.015187394807258415,117,20000,1.7523453012108803,0.050000000000000044
1166,0.1,-337.77747465462085,12,0,1.0,8,1.5,98421.47807530996,17546.658280810057,31314.73022610372,0.25,0.12192460664752323,0.03048115166188081,214,20000,1.0963754802942276,0.050000000000000044
1167,0.4,-382.00756187830314,12,0,1.0,5,2.4,89498.38918928179,38483.75027459819,63257.561355003614,0.0,0.13408062545819655,0.0,120,20000,2.7710025310516357,0.050000000000000044
1168,0.2,-327.2820709536692,12,0,1.0,6,2.0,98340.86496776805,27461.800840272594,50278.08056980737,0.16666666666666663,0.12202455209167713,0.020337425348612857,146,20000,5.874233365058899,0.050000000000000044
1169,0.6,-329.2983140938668,12,0,1.0,4,3.0,84914.79358828002,34599.34837709378,71825.65272519317,0.0,0.1413181318932894,0.0,105,20000,1.6356921941041946,0.050000000000000044
1170,0.6,-373.70966378632824,12,0,1.0,5,2.4,96568.78245329078,35744.824712338224,74106.07230841502,0.0,0.12426375993509355,0.0,133,20000,0.39405059069395065,0.050000000000000044
1171,0.1,-565.5959051709231,12,0,1.0,11,1.0909090909090908,176647.35227343487,17254.639338739293,45144.0263014876,0.08333333333333337,0.06793195508203845,0.005660996256836537,270,20000,7.602384090423584,0.050000000000000044
1172,0.4,-267.55539495488995,12,0,1.0,6,2.0,72321.93315309501,19696.17687370512,50843.472755195704,0.25,0.16592476828015293,0.04148119207003823,153,20000,0.6397821009159088,0.050000000000000044
1173,0.4,-205.1699475717928,12,0,1.0,5,2.4,50159.046103476045,21140.414775363217,36853.329461515554,0.0,0.23923899938695992,0.0,116,20000,2.880806088447571,0.050000000000000044
1174,0.2,-429.9286680467969,12,0,1.0,5,2.4,112368.36705395866,31363.958324175564,57525.04036688187,0.0,0.10679162040539102,0.0,112,20000,5.437458395957947,0.050000000000000044
1175,0.6,-255.5733288904146,12,0,1.0,5,2.4,103308.1317073138,26095.323278124648,94221.70356214758,0.41666666666666663,0.11615736149403666,0.04839890062251527,128,20000,4.619235977530479,0.050000000000000044
1176,0.2,-361.4179709145019,12,0,1.0,5,2.4,85972.39238946623,42460.77865561773,65306.74036064344,0.08333333333333337,0.13957969141580268,0.01163164095131689,129,20000,2.7553948163986206,0.050000000000000044
1177,0.2,-396.65021897959014,12,0,1.0,3,4.0,89196.41520582973,49003.2713684128,68464.2045896374,0.0,0.13453455469380454,0.0,76,20000,1.771360980346799,0.050000000000000044
1178,0.2,-443.46151544018295,12,0,1.0,4,3.0,115177.43148379038,41892.78557273135,82129.99486848936,0.0,0.10418707767145191,0.0,88,20000,1.3227591663599014,0.050000000000000044
1179,0.1,-421.6370300996491,12,0,1.0,6,2.0,98792.16966521622,27508.993754255644,46860.73755335603,0.08333333333333337,0.12146711668207329,0.010122259723506107,159,20000,6.178208708763123,0.050000000000000044
1180,0.2,-272.6870308615188,12,0,1.0,5,2.4,69694.6795000361,21705.110686441083,40868.6453274353,0.0,0.17217957075179297,0.0,130,20000,1.2683258354663849,0.050000000000000044
1181,0.2,-605.8359373318484,12,0,1.0,6,2.0,156223.0127808876,42659.76227813683,84190.14329224399,0.0,0.07681326704939906,0.0,135,20000,0.38786064088344574,0.050000000000000044
1182,0.6,-294.99006169776385,12,0,1.0,6,2.0,61784.100592464114,11050.482546134497,28812.185353140296,0.16666666666666663,0.19422472585873743,0.03237078764312291,160,20000,0.8037991300225258,0.050000000000000044
1183,0.2,-337.4749255010525,12,0,1.0,5,2.4,86901.37099938563,26399.102207119067,51211.84091602665,0.08333333333333337,0.13808757976999966,0.01150729831416664,134,20000,0.3541622459888458,0.050000000000000044
1184,0.6,-401.43946720053793,12,0,1.0,4,3.0,101408.32363198262,51093.55686197048,86244.14716954727,0.0,0.11833348161388386,0.0,104,20000,1.4439088106155396,0.050000000000000044
1185,0.4,-393.0147048982507,12,0,1.0,5,2.4,99476.51961999468,38722.97146443582,87020.28787017714,0.0,0.12063148214111838,0.0,120,20000,1.5366784036159515,0.050000000000000044
1186,0.2,-249.24939210864423,12,0,1.0,4,3.0,78437.13984763698,26517.279902654594,49451.21021195959,0.0,0.15298875026944925,0.0,102,20000,1.4185359925031662,0.050000000000000044
1187,0.4,-358.73122970633455,12,0,1.0,3,4.0,87532.43935629875,50181.212451748004,74181.01847542527,0.0,0.13709203225965497,0.0,70,20000,2.465089663863182,0.050000000000000044
1188,0.6,-225.15623342312523,12,0,1.0,6,2.0,62653.68709803399,13892.873624581514,40031.405039731675,0.08333333333333337,0.1915290313437363,0.015960752611978025,155,20000,3.351789578795433,0.050000000000000044
1189,0.6,-165.567295376909,12,0,1.0,5,2.4,42838.11000809903,13970.3184788095,28075.906795631206,0.25,0.28012440319452153,0.07003110079863038,128,20000,0.9925514981150627,0.050000000000000044
1190,0.2,-389.1132965659218,12,0,1.0,5,2.4,109009.01694571292,38956.08189102391,71066.72464626005,0.0,0.11008263661322681,0.0,118,20000,1.6692668348550797,0.050000000000000044
1191,0.6,-385.3937653150613,12,0,1.0,3,4.0,128938.13807394145,49904.811705469234,105733.03388708325,0.08333333333333337,0.09306788650165264,0.007755657208471054,65,20000,1.7622185200452805,0.050000000000000044
1192,0.2,-355.3893795617995,12,0,1.0,6,2.0,93563.062812752,23713.85422333873,49318.61167870293,0.0,0.12825574152072844,0.0,147,20000,7.754916697740555,0.050000000000000044
1193,0.1,-503.0258937598353,12,0,1.0,8,1.5,144519.6578487779,21753.44527538835,56860.73148865453,0.33333333333333337,0.08303368675669388,0.02767789558556463,203,20000,0.32996936328709126,0.050000000000000044
1194,0.6,-303.58777256310316,12,0,1.0,4,3.0,80825.80224899603,41615.65042070712,61373.3669015653,0.0,0.1484674406699014,0.0,102,20000,0.5696382373571396,0.050000000000000044
1195,0.2,-392.3218327368824,12,0,1.0,5,2.4,101629.12120885891,38430.12682151944,71139.45116369572,0.0,0.11807639244797458,0.0,129,20000,0.1149817481637001,0.050000000000000044
1196,0.2,-437.4298827229528,12,0,1.0,5,2.4,118300.79945944005,38643.650086095644,84421.23167807572,0.0,0.10143633901742356,0.0,128,20000,0.3011777997016907,0.050000000000000044
1197,0.6,-246.2825994898903,12,0,1.0,5,2.4,56656.62240825262,29401.773127932993,47868.87700674177,0.08333333333333337,0.21180224817376472,0.017650187347813727,137,20000,0.14155505783855915,0.050000000000000044
1198,0.4,-356.8232452144085,12,0,1.0,4,3.0,88108.68433004936,32515.629179614345,62711.737376248275,0.0,0.13619542830816525,0.0,105,20000,6.848009347915649,0.050000000000000044
1199,0.1,-504.77957266221773,12,0,1.0,6,2.0,121473.59654291418,23815.197719533084,30072.87046327877,0.08333333333333337,0.09878689971742659,0.008232241643118882,148,20000,0.29576191306114197,0.050000000000000044
1200,0.6,-281.72186017352044,12,0,1.0,4,3.0,75335.5480527244,37881.036665460044,65277.29613919507,0.0,0.15928735252050824,0.0,107,20000,5.267976403236389,0.050000000000000044
