episode_seed,mapping_id,now_ms,node_id,group_size,proposal_weight,base_weight,baseline_batch_size,baseline_ids,result_ids,result_matches_baseline,proposal_exists,proposal_changed,risk_reducing,baseline_risk,proposal_risk,risk_reduction,baseline_utility,proposal_weighted_utility,proposal_reference_utility,absolute_utility_regret,relative_utility_regret,risk_reduction_per_regret,proposal_ids,selected_action
20007,0,0.0,edge_5,1,1.0,0.003,1,r0004,r0004,1,1,0,0,0.039823165509092734,0.039823165509092734,0.0,-0.4912829402470624,-0.5309866362596278,-0.49128294024706237,-5.551115123125783e-17,-1.1299222237055838e-16,,r0004,0
20007,0,0.0,cloud_0,1,1.0,0.003,1,r0004,r0004,1,1,0,0,0.031346301924011,0.031346301924011,0.0,-0.20543575471100783,-0.23668801772924677,-0.2054357547110078,-2.7755575615628914e-17,-1.3510586633117225e-16,,r0004,1
20007,0,0.0,edge_5,2,1.0,0.003,1,r0004,r0004,1,1,0,0,0.0624569137202424,0.0624569137202424,0.0,-0.4925611563474851,-0.5548306993265668,-0.49256115634748515,5.551115123125783e-17,1.1269900298856818e-16,,r0004,0
20007,0,0.0,cloud_0,2,1.0,0.003,1,r0004,r0004,1,1,0,0,0.05189757167219033,0.05189757167219033,0.0,-0.20549740852025233,-0.2572392874774261,-0.20549740852025233,0.0,0.0,,r0004,0
20007,0,0.0,edge_5,4,1.0,0.003,1,r0004,r0004,1,1,0,0,0.10772441014254175,0.10772441014254175,0.0,-0.4951175885483303,-0.6025188254604444,-0.4951175885483303,0.0,0.0,,r0004,0
20007,0,0.0,cloud_0,4,1.0,0.003,1,r0004,r0004,1,1,0,0,0.09300011116854899,0.09300011116854899,0.0,-0.20562071613874144,-0.29834182697378475,-0.2056207161387414,-5.551115123125783e-17,-2.699686698581576e-16,,r0004,0
20007,0,0.0,edge_5,8,1.0,0.003,1,r0004,r0004,1,1,0,0,0.1982594029871404,0.1982594029871404,0.0,-0.5002304529500209,-0.6978950777281998,-0.5002304529500208,-1.1102230246251565e-16,-2.2194231040469688e-16,,r0004,0
20007,0,0.0,cloud_0,8,1.0,0.003,1,r0004,r0004,1,1,0,0,0.17520519016126632,0.17520519016126632,0.0,-0.20586733137571955,-0.3805469059665021,-0.20586733137571958,2.7755575615628914e-17,1.3482263276135547e-16,,r0004,0
20007,1,4593.257290052205,edge_5,1,1.0,0.003,2,r0000|r0007,r0000|r0007,1,1,0,0,0.04075020745369708,0.04075020745369708,0.0,5.8756135822399695,5.834985625408634,5.8756135822399695,0.0,0.0,,r0000|r0007,0
20007,1,4593.257290052205,cloud_0,1,1.0,0.003,2,r0000|r0007,r0000|r0007,1,1,0,0,0.021010430191149728,0.021010430191149728,0.0,6.016986580876147,5.996039181975571,6.016986580876147,0.0,0.0,,r0000|r0007,1
20007,1,4593.257290052205,edge_5,2,1.0,0.003,2,r0000|r0007,r0000|r0007,1,1,0,0,0.04621577001601149,0.04621577001601149,0.0,5.824662611922056,5.778585489216092,5.824662611922055,8.881784197001252e-16,1.524858140078673e-16,,r0000|r0007,0
20007,1,4593.257290052205,cloud_0,2,1.0,0.003,2,r0000|r0007,r0000|r0007,1,1,0,0,0.024854901180091545,0.024854901180091545,0.0,5.9530549613053765,5.928274624828825,5.9530549613053765,0.0,0.0,,r0000|r0007,0
20007,1,4593.257290052205,edge_5,4,1.0,0.003,2,r0000|r0007,r0000|r0007,1,1,0,0,0.05714689514064032,0.05714689514064032,0.0,5.747234039944032,5.690258585488813,5.747234039944032,0.0,0.0,,r0000|r0007,0
20007,1,4593.257290052205,cloud_0,4,1.0,0.003,2,r0000|r0007,r0000|r0007,1,1,0,0,0.032543843157975184,0.032543843157975184,0.0,5.864464791805278,5.8320185801767765,5.864464791805278,0.0,0.0,,r0000|r0007,0
20007,1,4593.257290052205,edge_5,8,1.0,0.003,2,r0000|r0007,r0000|r0007,1,1,0,0,0.07900914538989798,0.07900914538989798,0.0,5.648322746113317,5.569550628159589,5.648322746113317,0.0,0.0,,r0000|r0007,0
20007,1,4593.257290052205,cloud_0,8,1.0,0.003,2,r0000|r0007,r0000|r0007,1,1,0,0,0.04792172711374246,0.04792172711374246,0.0,5.764492436488826,5.716714474556425,5.764492436488826,0.0,0.0,,r0000|r0007,0
20007,2,8114.35328975388,edge_5,1,1.0,0.003,1,r0019,r0019,1,1,0,0,0.019619844461836487,0.019619844461836487,0.0,-1.0334117976860955,-1.0529727826145465,-1.0334117976860955,0.0,0.0,,r0019,0
20007,2,8114.35328975388,cloud_0,1,1.0,0.003,1,r0019,r0019,1,1,0,0,0.011760901607322537,0.011760901607322537,0.0,-0.40104249457368585,-0.4127681134761864,-0.40104249457368585,0.0,0.0,,r0019,1
20007,2,8114.35328975388,edge_5,2,1.0,0.003,1,r0019,r0019,1,1,0,0,0.030770907261947963,0.030770907261947963,0.0,-1.0361477912619954,-1.0668263858021576,-1.0361477912619954,0.0,0.0,,r0019,0
20007,2,8114.35328975388,cloud_0,2,1.0,0.003,1,r0019,r0019,1,1,0,0,0.019471586650802584,0.019471586650802584,0.0,-0.4010656266288163,-0.42047879851966646,-0.4010656266288163,0.0,0.0,,r0019,0
20007,2,8114.35328975388,edge_5,4,1.0,0.003,1,r0019,r0019,1,1,0,0,0.053073032862170924,0.053073032862170924,0.0,-1.0416197784137953,-1.0945335921773798,-1.0416197784137953,0.0,0.0,,r0019,0
20007,2,8114.35328975388,cloud_0,4,1.0,0.003,1,r0019,r0019,1,1,0,0,0.03489295673776267,0.03489295673776267,0.0,-0.40111189073907716,-0.4359001686066265,-0.4011118907390771,-5.551115123125783e-17,-1.38393182832288e-16,,r0019,0
20007,2,8114.35328975388,edge_5,8,1.0,0.003,1,r0019,r0019,1,1,0,0,0.0976772840626168,0.0976772840626168,0.0,-1.052563752717395,-1.1499480049278241,-1.0525637527173952,2.220446049250313e-16,2.1095596760935438e-16,,r0019,0
20007,2,8114.35328975388,cloud_0,8,1.0,0.003,1,r0019,r0019,1,1,0,0,0.06573569691168285,0.06573569691168285,0.0,-0.4012044189595989,-0.4667429087805467,-0.4012044189595989,0.0,0.0,,r0019,0
20007,3,16610.580672123928,edge_5,1,1.0,0.003,1,r0002,r0002,1,1,0,0,0.03023232910457186,0.03023232910457186,0.0,-0.08920096779392997,-0.11934259991118812,-0.08920096779392997,0.0,0.0,,r0002,0
20007,3,16610.580672123928,cloud_0,1,1.0,0.003,1,r0002,r0002,1,1,0,0,0.01606766239827614,0.01606766239827614,0.0,0.11185449350798424,0.09583503409690292,0.11185449350798422,1.3877787807814457e-17,1.2407000713676159e-16,,r0002,1
20007,3,16610.580672123928,edge_5,2,1.0,0.003,1,r0002,r0002,1,1,0,0,0.03347059913679451,0.03347059913679451,0.0,-0.08988263621152992,-0.12325282355091405,-0.08988263621152992,0.0,0.0,,r0002,0
20007,3,16610.580672123928,cloud_0,2,1.0,0.003,1,r0002,r0002,1,1,0,0,0.018442609021757882,0.018442609021757882,0.0,0.11184736866811382,0.09346008747342122,0.11184736866811382,0.0,0.0,,r0002,0
20007,3,16610.580672123928,edge_5,4,1.0,0.003,1,r0002,r0002,1,1,0,0,0.03994713920123984,0.03994713920123984,0.0,-0.09124597304672968,-0.1310732708303658,-0.09124597304672968,0.0,0.0,,r0002,0
20007,3,16610.580672123928,cloud_0,4,1.0,0.003,1,r0002,r0002,1,1,0,0,0.02319250226872137,0.02319250226872137,0.0,0.11183311898837289,0.08871019422645768,0.11183311898837288,1.3877787807814457e-17,1.2409372047700206e-16,,r0002,0
20007,3,16610.580672123928,edge_5,8,1.0,0.003,1,r0002,r0002,1,1,0,0,0.052900219330130484,0.052900219330130484,0.0,-0.09397264671712924,-0.14671416538926932,-0.09397264671712922,-1.3877787807814457e-17,-1.476790139750829e-16,,r0002,0
20007,3,16610.580672123928,cloud_0,8,1.0,0.003,1,r0002,r0002,1,1,0,0,0.03269228876264835,0.03269228876264835,0.0,0.11180461962889113,0.07921040773253071,0.11180461962889111,1.3877787807814457e-17,1.2412535236807278e-16,,r0002,0
20007,4,20444.167387579073,edge_5,1,1.0,0.003,1,r0015,r0015,1,1,0,0,0.008904356341178659,0.008904356341178659,0.0,-0.30521118385444435,-0.31408882712659947,-0.30521118385444435,0.0,0.0,,r0015,0
20007,4,20444.167387579073,cloud_0,1,1.0,0.003,1,r0015,r0015,1,1,0,0,0.006159790359937656,0.006159790359937656,0.0,-0.11210995267462895,-0.11825126366348679,-0.11210995267462895,0.0,0.0,,r0015,1
20007,4,20444.167387579073,edge_5,2,1.0,0.003,1,r0015,r0015,1,1,0,0,0.010932352366225185,0.010932352366225185,0.0,-0.3059192918560631,-0.3168188471651896,-0.3059192918560631,0.0,0.0,,r0015,0
20007,4,20444.167387579073,cloud_0,2,1.0,0.003,1,r0015,r0015,1,1,0,0,0.008001195193558432,0.008001195193558432,0.0,-0.11211547688912983,-0.12009266849710759,-0.11211547688912983,0.0,0.0,,r0015,0
20007,4,20444.167387579073,edge_5,4,1.0,0.003,1,r0015,r0015,1,1,0,0,0.014988344416318237,0.014988344416318237,0.0,-0.30733550785930047,-0.32227888724236975,-0.30733550785930047,0.0,0.0,,r0015,0
20007,4,20444.167387579073,cloud_0,4,1.0,0.003,1,r0015,r0015,1,1,0,0,0.011684004860799986,0.011684004860799986,0.0,-0.11212652531813153,-0.12377547816434913,-0.11212652531813154,1.3877787807814457e-17,1.2376899906993136e-16,,r0015,0
20007,4,20444.167387579073,edge_5,8,1.0,0.003,1,r0015,r0015,1,1,0,0,0.023100328516504343,0.023100328516504343,0.0,-0.3101679398657753,-0.3331989673967301,-0.3101679398657753,0.0,0.0,,r0015,0
20007,4,20444.167387579073,cloud_0,8,1.0,0.003,1,r0015,r0015,1,1,0,0,0.019049624195283093,0.019049624195283093,0.0,-0.11214862217613498,-0.13114109749883224,-0.112148622176135,1.3877787807814457e-17,1.2374461262679356e-16,,r0015,0
20007,5,23242.70916234229,edge_5,1,1.0,0.003,1,r0006,r0006,1,1,0,0,0.024882074359389366,0.024882074359389366,0.0,1.1250556943380472,1.1002482662017359,1.125055694338047,2.220446049250313e-16,1.9736321147698953e-16,,r0006,0
20007,5,23242.70916234229,cloud_0,1,1.0,0.003,1,r0006,r0006,1,1,0,0,0.016343298224219524,0.016343298224219524,0.0,1.2935965685894446,1.2773023002598978,1.2935965685894446,0.0,0.0,,r0006,1
20007,5,23242.70916234229,edge_5,2,1.0,0.003,1,r0006,r0006,1,1,0,0,0.04139577177359538,0.04139577177359538,0.0,1.0701901607831381,1.0289185763248636,1.0701901607831381,0.0,0.0,,r0006,0
20007,5,23242.70916234229,cloud_0,2,1.0,0.003,1,r0006,r0006,1,1,0,0,0.028445038920447176,0.028445038920447176,0.0,1.252793760835432,1.2244340570317462,1.252793760835432,0.0,0.0,,r0006,0
20007,5,23242.70916234229,edge_5,4,1.0,0.003,1,r0006,r0006,1,1,0,0,0.07442316660200737,0.07442316660200737,0.0,0.9604590936733204,0.8862591965711191,0.9604590936733204,0.0,0.0,,r0006,0
20007,5,23242.70916234229,cloud_0,4,1.0,0.003,1,r0006,r0006,1,1,0,0,0.052648520312902465,0.052648520312902465,0.0,1.1711881453274073,1.1186975705754434,1.1711881453274071,2.220446049250313e-16,1.8958918412118868e-16,,r0006,0
20007,5,23242.70916234229,edge_5,8,1.0,0.003,1,r0006,r0006,1,1,0,0,0.1404779562588314,0.1404779562588314,0.0,0.7409969594536857,0.6009404370636308,0.7409969594536856,1.1102230246251565e-16,1.498282834309725e-16,,r0006,0
20007,5,23242.70916234229,cloud_0,8,1.0,0.003,1,r0006,r0006,1,1,0,0,0.10105548309781306,0.10105548309781306,0.0,1.0079769143113575,0.9072245976628379,1.0079769143113575,0.0,0.0,,r0006,0
20007,6,34655.09996831621,edge_5,1,1.0,0.003,1,r0005,r0005,1,1,0,0,0.018197386790745815,0.018197386790745815,0.0,-1.0548892926976587,-1.0730320873280323,-1.0548892926976587,0.0,0.0,,r0005,0
20007,6,34655.09996831621,cloud_0,1,1.0,0.003,1,r0005,r0005,1,1,0,0,0.011560614005981412,0.011560614005981412,0.0,-0.39537565015106096,-0.40690158231502443,-0.39537565015106096,0.0,0.0,,r0005,1
20007,6,34655.09996831621,edge_5,2,1.0,0.003,1,r0005,r0005,1,1,0,0,0.028539986768856527,0.028539986768856527,0.0,-1.0577407300612123,-1.0861950968697625,-1.0577407300612125,2.220446049250313e-16,2.0992347048239447e-16,,r0005,0
20007,6,34655.09996831621,cloud_0,2,1.0,0.003,1,r0005,r0005,1,1,0,0,0.01913998644574969,0.01913998644574969,0.0,-0.39539838826838025,-0.41448095475479274,-0.3953983882683803,5.551115123125783e-17,1.4039296284025093e-16,,r0005,0
20007,6,34655.09996831621,edge_5,4,1.0,0.003,1,r0005,r0005,1,1,0,0,0.04922518672507795,0.04922518672507795,0.0,-1.0634436047883198,-1.1125211159532225,-1.0634436047883198,0.0,0.0,,r0005,0
20007,6,34655.09996831621,cloud_0,4,1.0,0.003,1,r0005,r0005,1,1,0,0,0.03429873132528622,0.03429873132528622,0.0,-0.3954438645030189,-0.42963969963432924,-0.3954438645030189,0.0,0.0,,r0005,0
20007,6,34655.09996831621,edge_5,8,1.0,0.003,1,r0005,r0005,1,1,0,0,0.09059558663752078,0.09059558663752078,0.0,-1.0748493542425344,-1.1651731541201427,-1.0748493542425344,0.0,0.0,,r0005,0
20007,6,34655.09996831621,cloud_0,8,1.0,0.003,1,r0005,r0005,1,1,0,0,0.06461622108435931,0.06461622108435931,0.0,-0.3955348169722961,-0.45995718939340235,-0.3955348169722961,0.0,0.0,,r0005,0
20007,7,43498.603874511384,edge_5,1,1.0,0.003,2,r0011|r0023,r0011|r0023,1,1,0,0,0.035856153001533934,0.035856153001533934,0.0,6.042903154717305,6.007154570174776,6.042903154717305,0.0,0.0,,r0011|r0023,0
20007,7,43498.603874511384,cloud_0,1,1.0,0.003,2,r0011|r0023,r0011|r0023,1,1,0,0,0.025569702794938573,0.025569702794938573,0.0,6.291419833374045,6.265926839687491,6.291419833374045,0.0,0.0,,r0011|r0023,1
20007,7,43498.603874511384,edge_5,2,1.0,0.003,2,r0011|r0023,r0011|r0023,1,1,0,0,0.06160641997982764,0.06160641997982764,0.0,5.921681267151727,5.860259666431839,5.921681267151727,0.0,0.0,,r0011|r0023,0
20007,7,43498.603874511384,cloud_0,2,1.0,0.003,2,r0011|r0023,r0011|r0023,1,1,0,0,0.04568052995615969,0.04568052995615969,0.0,6.195718968824052,6.1501754804577615,6.195718968824052,0.0,0.0,,r0011|r0023,0
20007,7,43498.603874511384,edge_5,4,1.0,0.003,2,r0011|r0023,r0011|r0023,1,1,0,0,0.11310695393641501,0.11310695393641501,0.0,5.783277261226285,5.670509628151679,5.783277261226285,0.0,0.0,,r0011|r0023,0
20007,7,43498.603874511384,cloud_0,4,1.0,0.003,2,r0011|r0023,r0011|r0023,1,1,0,0,0.08590218427860194,0.08590218427860194,0.0,6.093014223784326,6.00736974605856,6.0930142237843254,8.881784197001252e-16,1.4576995672077787e-16,,r0011|r0023,0
20007,7,43498.603874511384,edge_5,8,1.0,0.003,2,r0011|r0023,r0011|r0023,1,1,0,0,0.21610802184958983,0.21610802184958983,0.0,5.580181178069485,5.364721480285444,5.580181178069485,0.0,0.0,,r0011|r0023,0
20007,7,43498.603874511384,cloud_0,8,1.0,0.003,2,r0011|r0023,r0011|r0023,1,1,0,0,0.16634549292348644,0.16634549292348644,0.0,5.944983164548952,5.779136708104236,5.944983164548952,0.0,0.0,,r0011|r0023,0
20007,8,47020.47523537526,edge_5,1,1.0,0.003,2,r0012|r0021,r0012|r0021,1,1,0,0,0.04735007238072831,0.04735007238072831,0.0,4.5795354342350665,4.5323274120714805,4.5795354342350665,0.0,0.0,,r0012|r0021,0
20007,8,47020.47523537526,cloud_0,1,1.0,0.003,2,r0012|r0021,r0012|r0021,1,1,0,0,0.030753440676126235,0.030753440676126235,0.0,5.180657454196138,5.1499962738420395,5.180657454196138,0.0,0.0,,r0012|r0021,1
20007,8,47020.47523537526,edge_5,2,1.0,0.003,2,r0012|r0021,r0012|r0021,1,1,0,0,0.07716436881851205,0.07716436881851205,0.0,4.485214751186785,4.408281875474728,4.485214751186785,0.0,0.0,,r0012|r0021,0
20007,8,47020.47523537526,cloud_0,2,1.0,0.003,2,r0012|r0021,r0012|r0021,1,1,0,0,0.05261400289653295,0.05261400289653295,0.0,5.101159375786496,5.048703214898653,5.101159375786497,-8.881784197001252e-16,-1.741130504402611e-16,,r0012|r0021,0
20007,8,47020.47523537526,edge_5,4,1.0,0.003,2,r0012|r0021,r0012|r0021,1,1,0,0,0.1367929616940795,0.1367929616940795,0.0,4.4114320872591675,4.275049504450171,4.4114320872591675,0.0,0.0,,r0012|r0021,0
20007,8,47020.47523537526,cloud_0,4,1.0,0.003,2,r0012|r0021,r0012|r0021,1,1,0,0,0.09633512733734634,0.09633512733734634,0.0,5.047481716746218,4.951435594790884,5.047481716746218,0.0,0.0,,r0012|r0021,0
20007,8,47020.47523537526,edge_5,8,1.0,0.003,2,r0012|r0021,r0012|r0021,1,1,0,0,0.2560501474452144,0.2560501474452144,0.0,4.356150646830553,4.1008686498276745,4.356150646830553,0.0,0.0,,r0012|r0021,0
20007,8,47020.47523537526,cloud_0,8,1.0,0.003,2,r0012|r0021,r0012|r0021,1,1,0,0,0.18377737621897317,0.18377737621897317,0.0,5.015497349184314,4.8322713050939985,5.015497349184315,-8.881784197001252e-16,-1.770868087178976e-16,,r0012|r0021,0
20008,0,0.0,cloud_0,1,1.0,0.003,1,r0012,r0012,1,1,0,0,0.016303609409217414,0.016303609409217414,0.0,-0.24470500394196246,-0.26095970252295225,-0.24470500394196248,2.7755575615628914e-17,1.1342463443130816e-16,,r0012,1
20008,0,0.0,cloud_0,2,1.0,0.003,1,r0012,r0012,1,1,0,0,0.029731936767822553,0.029731936767822553,0.0,-0.2447452889240383,-0.27438802988155736,-0.24474528892403827,-2.7755575615628914e-17,-1.1340596477934014e-16,,r0012,0
20008,0,0.0,cloud_0,4,1.0,0.003,1,r0012,r0012,1,1,0,0,0.05658859148503285,0.05658859148503285,0.0,-0.24482585888818992,-0.3012446845987677,-0.24482585888818995,2.7755575615628914e-17,1.1336864390744227e-16,,r0012,0
20008,0,0.0,cloud_0,8,1.0,0.003,1,r0012,r0012,1,1,0,0,0.11030190091945341,0.11030190091945341,0.0,-0.2449869988164932,-0.35495799403318823,-0.24498699881649316,-2.7755575615628914e-17,-1.1329407580693353e-16,,r0012,0
20008,1,1397.906754076533,cloud_0,1,1.0,0.003,1,r0007,r0007,1,1,0,0,0.02883686643618629,0.02883686643618629,0.0,-0.17021504375422092,-0.19896539959109866,-0.17021504375422092,0.0,0.0,,r0007,1
20008,1,1397.906754076533,cloud_0,2,1.0,0.003,1,r0007,r0007,1,1,0,0,0.054068770071358935,0.054068770071358935,0.0,-0.17029073946512643,-0.2241973032262713,-0.17029073946512643,0.0,0.0,,r0007,0
20008,1,1397.906754076533,cloud_0,4,1.0,0.003,1,r0007,r0007,1,1,0,0,0.10453257734170424,0.10453257734170424,0.0,-0.17044213088693747,-0.27466111049661657,-0.17044213088693744,-2.7755575615628914e-17,-1.6284457059528629e-16,,r0007,0
20008,1,1397.906754076533,cloud_0,8,1.0,0.003,1,r0007,r0007,1,1,0,0,0.20546019188239484,0.20546019188239484,0.0,-0.17074491373055956,-0.37558872503730717,-0.17074491373055953,-2.7755575615628914e-17,-1.6255579747123842e-16,,r0007,0
20008,2,3955.2375338600887,cloud_0,1,1.0,0.003,1,r0008,r0008,1,1,0,0,0.0020961183865978138,0.0020961183865978138,0.0,0.8755916773677325,0.8735018473362944,0.8755916773677325,0.0,0.0,,r0008,1
20008,2,3955.2375338600887,cloud_0,2,1.0,0.003,1,r0008,r0008,1,1,0,0,0.002415016235043161,0.002415016235043161,0.0,0.8755907206741872,0.8731829494878491,0.8755907206741872,0.0,0.0,,r0008,0
20008,2,3955.2375338600887,cloud_0,4,1.0,0.003,1,r0008,r0008,1,1,0,0,0.0030528119319338564,0.0030528119319338564,0.0,0.8755888072870964,0.8725451537909584,0.8755888072870965,-1.1102230246251565e-16,-1.2679730661074175e-16,,r0008,0
20008,2,3955.2375338600887,cloud_0,8,1.0,0.003,1,r0008,r0008,1,1,0,0,0.004328403325715247,0.004328403325715247,0.0,0.8755849805129151,0.871269562397177,0.8755849805129151,0.0,0.0,,r0008,0
20008,3,4814.420361599614,cloud_0,1,1.0,0.003,1,r0005,r0005,1,1,0,0,0.010883505947007396,0.010883505947007396,0.0,-0.12355284840200795,-0.13440370383117434,-0.12355284840200796,1.3877787807814457e-17,1.1232268609995817e-16,,r0005,1
20008,3,4814.420361599614,cloud_0,2,1.0,0.003,1,r0005,r0005,1,1,0,0,0.019847611808321473,0.019847611808321473,0.0,-0.12357974071959188,-0.1433678096924884,-0.12357974071959191,2.7755575615628914e-17,2.245964868837813e-16,,r0005,0
20008,3,4814.420361599614,cloud_0,4,1.0,0.003,1,r0005,r0005,1,1,0,0,0.03777582353094964,0.03777582353094964,0.0,-0.12363352535475976,-0.16129602141511656,-0.12363352535475977,1.3877787807814457e-17,1.1224939002582744e-16,,r0005,0
20008,3,4814.420361599614,cloud_0,8,1.0,0.003,1,r0005,r0005,1,1,0,0,0.07363224697620596,0.07363224697620596,0.0,-0.12374109462509554,-0.19715244486037287,-0.12374109462509553,-1.3877787807814457e-17,-1.121518105998712e-16,,r0005,0
20008,4,8613.606601615673,cloud_0,1,1.0,0.003,3,r0000|r0013|r0014,r0000|r0013|r0014,1,1,0,0,0.009399309162002331,0.009399309162002331,0.0,6.4602378290549405,6.450866717820424,6.4602378290549405,0.0,0.0,,r0000|r0013|r0014,1
20008,4,8613.606601615673,cloud_0,2,1.0,0.003,3,r0000|r0013|r0014,r0000|r0013|r0014,1,1,0,0,0.01520225917313569,0.01520225917313569,0.0,6.340618608300936,6.32546195590532,6.340618608300936,0.0,0.0,,r0000|r0013|r0014,0
20008,4,8613.606601615673,cloud_0,4,1.0,0.003,3,r0000|r0013|r0014,r0000|r0013|r0014,1,1,0,0,0.026808159195402415,0.026808159195402415,0.0,6.246177353650806,6.219449618932989,6.246177353650806,0.0,0.0,,r0000|r0013|r0014,0
20008,4,8613.606601615673,cloud_0,8,1.0,0.003,3,r0000|r0013|r0014,r0000|r0013|r0014,1,1,0,0,0.05001995923993585,0.05001995923993585,0.0,6.183788895948531,6.133918996586315,6.183788895948531,0.0,0.0,,r0000|r0013|r0014,0
20008,5,11699.340807509616,cloud_0,1,1.0,0.003,1,r0023,r0023,1,1,0,0,0.030275079782201217,0.030275079782201217,0.0,1.6738625532351332,1.6436782986922787,1.6738625532351332,0.0,0.0,,r0023,1
20008,5,11699.340807509616,cloud_0,2,1.0,0.003,1,r0023,r0023,1,1,0,0,0.055210888284424185,0.055210888284424185,0.0,1.653205541066133,1.5981602854465622,1.653205541066133,0.0,0.0,,r0023,0
20008,5,11699.340807509616,cloud_0,4,1.0,0.003,1,r0023,r0023,1,1,0,0,0.10508250528887017,0.10508250528887017,0.0,1.6118915167281331,1.5071242589551295,1.6118915167281331,0.0,0.0,,r0023,0
20008,5,11699.340807509616,cloud_0,8,1.0,0.003,1,r0023,r0023,1,1,0,0,0.20482573929776204,0.20482573929776204,0.0,1.5292634680521329,1.325052205972264,1.5292634680521329,0.0,0.0,,r0023,0
20008,6,14992.269270725785,cloud_0,1,1.0,0.003,1,r0003,r0003,1,1,0,0,0.014694101384873943,0.014694101384873943,0.0,-0.028388129929854185,-0.043038149010573505,-0.028388129929854185,0.0,0.0,,r0003,1
20008,6,14992.269270725785,cloud_0,2,1.0,0.003,1,r0003,r0003,1,1,0,0,0.02679677133261356,0.02679677133261356,0.0,-0.0284244379396974,-0.05514081895831312,-0.0284244379396974,0.0,0.0,,r0003,0
20008,6,14992.269270725785,cloud_0,4,1.0,0.003,1,r0003,r0003,1,1,0,0,0.05100211122809281,0.05100211122809281,0.0,-0.028497053959383838,-0.07934615885379237,-0.028497053959383838,0.0,0.0,,r0003,0
20008,6,14992.269270725785,cloud_0,8,1.0,0.003,1,r0003,r0003,1,1,0,0,0.09941279101905129,0.09941279101905129,0.0,-0.028642285998756713,-0.12775683864475085,-0.02864228599875672,6.938893903907228e-18,2.4226047823865827e-16,,r0003,0
20008,7,16468.221397378682,cloud_0,1,1.0,0.003,3,r0004|r0017|r0021,r0004|r0017|r0021,1,1,0,0,0.02924165128760756,0.02924165128760756,0.0,5.41250560938917,5.383351683055425,5.41250560938917,0.0,0.0,,r0004|r0017|r0021,1
20008,7,16468.221397378682,cloud_0,2,1.0,0.003,3,r0004|r0017|r0021,r0004|r0017|r0021,1,1,0,0,0.05600444769375703,0.05600444769375703,0.0,5.370225389601154,5.314388955250478,5.370225389601154,0.0,0.0,,r0004|r0017|r0021,0
20008,7,16468.221397378682,cloud_0,4,1.0,0.003,3,r0004|r0017|r0021,r0004|r0017|r0021,1,1,0,0,0.10953004050605597,0.10953004050605597,0.0,5.3467818551781265,5.237580404793588,5.3467818551781265,0.0,0.0,,r0004|r0017|r0021,0
20008,7,16468.221397378682,cloud_0,8,1.0,0.003,3,r0004|r0017|r0021,r0004|r0017|r0021,1,1,0,0,0.21658122613065386,0.21658122613065386,0.0,5.297929947507714,5.081998465055452,5.297929947507714,0.0,0.0,,r0004|r0017|r0021,0
20009,0,0.0,edge_5,1,1.0,0.003,1,r0005,r0005,1,1,0,0,0.02208385540730535,0.02208385540730535,0.0,-0.9594637898485182,-0.9814813936896016,-0.9594637898485182,0.0,0.0,,r0005,0
20009,0,0.0,cloud_0,1,1.0,0.003,1,r0005,r0005,1,1,0,0,0.014644217273391989,0.014644217273391989,0.0,-0.43973818800227116,-0.45433847262384297,-0.43973818800227116,0.0,0.0,,r0005,1
20009,0,0.0,edge_5,2,1.0,0.003,1,r0005,r0005,1,1,0,0,0.04221167885422936,0.04221167885422936,0.0,-0.9650855480539715,-1.0071705918716383,-0.9650855480539716,1.1102230246251565e-16,1.1503881980865267e-16,,r0005,0
20009,0,0.0,cloud_0,2,1.0,0.003,1,r0005,r0005,1,1,0,0,0.025768555387665083,0.025768555387665083,0.0,-0.43977156101661397,-0.465462810738116,-0.4397715610166139,-5.551115123125783e-17,-1.2622724194109652e-16,,r0005,0
20009,0,0.0,edge_5,4,1.0,0.003,1,r0005,r0005,1,1,0,0,0.0824673257480774,0.0824673257480774,0.0,-0.9763290644648785,-1.0585489882357118,-0.9763290644648785,0.0,0.0,,r0005,0
20009,0,0.0,cloud_0,4,1.0,0.003,1,r0005,r0005,1,1,0,0,0.04801723161621126,0.04801723161621126,0.0,-0.4398383070452996,-0.4877114869666622,-0.4398383070452996,0.0,0.0,,r0005,0
20009,0,0.0,edge_5,8,1.0,0.003,1,r0005,r0005,1,1,0,0,0.16297861953577344,0.16297861953577344,0.0,-0.9988160972866925,-1.1613057809638585,-0.9988160972866924,-1.1102230246251565e-16,-1.111538978637913e-16,,r0005,0
20009,0,0.0,cloud_0,8,1.0,0.003,1,r0005,r0005,1,1,0,0,0.09251458407330364,0.09251458407330364,0.0,-0.43997179910267087,-0.5322088394237545,-0.4399717991026708,-5.551115123125783e-17,-1.261697939378698e-16,,r0005,0
20009,1,9445.595437724969,edge_5,1,1.0,0.003,3,r0000|r0007|r0011,r0000|r0007|r0011,1,1,0,0,0.010438278569290268,0.010438278569290268,0.0,6.977922647761119,6.967515684027536,6.977922647761118,8.881784197001252e-16,1.272840735752637e-16,,r0000|r0007|r0011,0
20009,1,9445.595437724969,cloud_0,1,1.0,0.003,3,r0000|r0007|r0011,r0000|r0007|r0011,1,1,0,0,0.01108960531810183,0.01108960531810183,0.0,7.4596641377912345,7.4486078012890875,7.459664137791235,-8.881784197001252e-16,-1.1906412987155074e-16,,r0000|r0007|r0011,1
20009,1,9445.595437724969,edge_5,2,1.0,0.003,3,r0000|r0007|r0011,r0000|r0007|r0011,1,1,0,0,0.016609261230763697,0.016609261230763697,0.0,6.8511698048563705,6.834610371409298,6.851169804856369,1.7763568394002505e-15,2.592778883018052e-16,,r0000|r0007|r0011,0
20009,1,9445.595437724969,cloud_0,2,1.0,0.003,3,r0000|r0007|r0011,r0000|r0007|r0011,1,1,0,0,0.014500212421476352,0.014500212421476352,0.0,7.355906427665182,7.341449715880971,7.355906427665183,-8.881784197001252e-16,-1.2074357231621818e-16,,r0000|r0007|r0011,0
20009,1,9445.595437724969,edge_5,4,1.0,0.003,3,r0000|r0007|r0011,r0000|r0007|r0011,1,1,0,0,0.028951226553710557,0.028951226553710557,0.0,6.741834506364558,6.71297013349051,6.741834506364559,-8.881784197001252e-16,-1.3174135598577057e-16,,r0000|r0007|r0011,0
20009,1,9445.595437724969,cloud_0,4,1.0,0.003,3,r0000|r0007|r0011,r0000|r0007|r0011,1,1,0,0,0.02132142662822539,0.02132142662822539,0.0,7.230784489899431,7.209527027551092,7.230784489899432,-8.881784197001252e-16,-1.2283292648824031e-16,,r0000|r0007|r0011,0
20009,1,9445.595437724969,edge_5,8,1.0,0.003,3,r0000|r0007|r0011,r0000|r0007|r0011,1,1,0,0,0.05363515719960427,0.05363515719960427,0.0,6.65461348477268,6.601139233044675,6.65461348477268,0.0,0.0,,r0000|r0007|r0011,0
20009,1,9445.595437724969,cloud_0,8,1.0,0.003,3,r0000|r0007|r0011,r0000|r0007|r0011,1,1,0,0,0.03496385504172347,0.03496385504172347,0.0,7.109032114481808,7.07417315100521,7.109032114481808,0.0,0.0,,r0000|r0007|r0011,0
20009,2,13095.837861868044,edge_5,1,1.0,0.003,4,r0003|r0017|r0019|r0020,r0003|r0017|r0019|r0020,1,1,0,0,0.09580978291640165,0.09580978291640165,0.0,6.256636365209047,6.161114011641395,6.256636365209047,0.0,0.0,,r0003|r0017|r0019|r0020,0
20009,2,13095.837861868044,cloud_0,1,1.0,0.003,4,r0003|r0017|r0019|r0020,r0003|r0017|r0019|r0020,1,1,0,0,0.05916679276209726,0.05916679276209726,0.0,6.678421351277451,6.619432058893641,6.678421351277452,-8.881784197001252e-16,-1.3299227062548757e-16,,r0003|r0017|r0019|r0020,1
20009,2,13095.837861868044,edge_5,2,1.0,0.003,4,r0003|r0017|r0019|r0020,r0003|r0017|r0019|r0020,1,1,0,0,0.1866355065818132,0.1866355065818132,0.0,6.186043421830964,5.999967821768896,6.186043421830964,0.0,0.0,,r0003|r0017|r0019|r0020,0
20009,2,13095.837861868044,cloud_0,2,1.0,0.003,4,r0003|r0017|r0019|r0020,r0003|r0017|r0019|r0020,1,1,0,0,0.10936477180299459,0.10936477180299459,0.0,6.5795917592573,6.470555081769715,6.5795917592573,0.0,0.0,,r0003|r0017|r0019|r0020,0
20009,2,13095.837861868044,edge_5,4,1.0,0.003,4,r0003|r0017|r0019|r0020,r0003|r0017|r0019|r0020,1,1,0,0,0.36828695391263633,0.36828695391263633,0.0,6.09253950256995,5.7253574095190505,6.092539502569949,8.881784197001252e-16,1.4578131488937817e-16,,r0003|r0017|r0019|r0020,0
20009,2,13095.837861868044,cloud_0,4,1.0,0.003,4,r0003|r0017|r0019|r0020,r0003|r0017|r0019|r0020,1,1,0,0,0.20976072988478925,0.20976072988478925,0.0,6.493130526271564,6.283999078576429,6.493130526271563,8.881784197001252e-16,1.3678739648102043e-16,,r0003|r0017|r0019|r0020,0
20009,2,13095.837861868044,edge_5,8,1.0,0.003,4,r0003|r0017|r0019|r0020,r0003|r0017|r0019|r0020,1,1,0,0,0.7315898485742826,0.7315898485742826,0.0,5.931375585875164,5.201980506846604,5.931375585875164,0.0,0.0,,r0003|r0017|r0019|r0020,0
20009,2,13095.837861868044,cloud_0,8,1.0,0.003,4,r0003|r0017|r0019|r0020,r0003|r0017|r0019|r0020,1,1,0,0,0.41055264604837854,0.41055264604837854,0.0,6.390614557693356,5.981293569583123,6.390614557693357,-8.881784197001252e-16,-1.389816913039904e-16,,r0003|r0017|r0019|r0020,0
20009,3,24197.91233927206,edge_5,1,1.0,0.003,2,r0014|r0015,r0014|r0015,1,1,0,0,0.005780995832501433,0.005780995832501433,0.0,6.198706530846097,6.1929428780010936,6.198706530846097,0.0,0.0,,r0014|r0015,0
20009,3,24197.91233927206,cloud_0,1,1.0,0.003,2,r0014|r0015,r0014|r0015,1,1,0,0,0.0064557522498155315,0.0064557522498155315,0.0,6.518939734215787,6.512503349222722,6.518939734215787,0.0,0.0,,r0014|r0015,1
20009,3,24197.91233927206,edge_5,2,1.0,0.003,2,r0014|r0015,r0014|r0015,1,1,0,0,0.008946780669643054,0.008946780669643054,0.0,6.096825115442727,6.087905175115093,6.096825115442727,0.0,0.0,,r0014|r0015,0
20009,3,24197.91233927206,cloud_0,2,1.0,0.003,2,r0014|r0015,r0014|r0015,1,1,0,0,0.008205432786226655,0.008205432786226655,0.0,6.435054340044063,6.426873523556195,6.435054340044063,0.0,0.0,,r0014|r0015,0
20009,3,24197.91233927206,edge_5,4,1.0,0.003,2,r0014|r0015,r0014|r0015,1,1,0,0,0.0152783503439263,0.0152783503439263,0.0,6.0091508732538355,5.993918357960941,6.0091508732538355,0.0,0.0,,r0014|r0015,0
20009,3,24197.91233927206,cloud_0,4,1.0,0.003,2,r0014|r0015,r0014|r0015,1,1,0,0,0.0117047938590489,0.0117047938590489,0.0,6.33362826555696,6.321958586079488,6.33362826555696,0.0,0.0,,r0014|r0015,0
20009,3,24197.91233927206,edge_5,8,1.0,0.003,2,r0014|r0015,r0014|r0015,1,1,0,0,0.02794148969249279,0.02794148969249279,0.0,5.939647950960986,5.911790285737571,5.939647950960986,0.0,0.0,,r0014|r0015,0
20009,3,24197.91233927206,cloud_0,8,1.0,0.003,2,r0014|r0015,r0014|r0015,1,1,0,0,0.018703516004693388,0.018703516004693388,0.0,6.234239783256139,6.215592377799459,6.234239783256139,0.0,0.0,,r0014|r0015,0
20009,4,28327.449042543907,edge_5,1,1.0,0.003,2,r0008|r0021,r0008|r0021,1,1,0,0,0.07837515572128208,0.07837515572128208,0.0,5.218782482360567,5.140642452106448,5.218782482360567,0.0,0.0,,r0008|r0021,0
20009,4,28327.449042543907,cloud_0,1,1.0,0.003,2,r0008|r0021,r0008|r0021,1,1,0,0,0.05015650641910751,0.05015650641910751,0.0,5.621006573615809,5.5710005367159585,5.621006573615809,0.0,0.0,,r0008|r0021,1
20009,4,28327.449042543907,edge_5,2,1.0,0.003,2,r0008|r0021,r0008|r0021,1,1,0,0,0.15126452293646475,0.15126452293646475,0.0,5.159278590227098,5.008467860859444,5.159278590227099,-8.881784197001252e-16,-1.721516689140506e-16,,r0008|r0021,0
20009,4,28327.449042543907,cloud_0,2,1.0,0.003,2,r0008|r0021,r0008|r0021,1,1,0,0,0.09044133741314225,0.09044133741314225,0.0,5.543267678736759,5.453097665335857,5.54326767873676,-8.881784197001252e-16,-1.602265073914904e-16,,r0008|r0021,0
20009,4,28327.449042543907,edge_5,4,1.0,0.003,2,r0008|r0021,r0008|r0021,1,1,0,0,0.29704325736683007,0.29704325736683007,0.0,5.076295504581633,4.780143376986905,5.076295504581634,-8.881784197001252e-16,-1.7496586219192632e-16,,r0008|r0021,0
20009,4,28327.449042543907,cloud_0,4,1.0,0.003,2,r0008|r0021,r0008|r0021,1,1,0,0,0.17101099940121176,0.17101099940121176,0.0,5.471802208195005,5.301304241791996,5.471802208195005,0.0,0.0,,r0008|r0021,0
20009,4,28327.449042543907,edge_5,8,1.0,0.003,2,r0008|r0021,r0008|r0021,1,1,0,0,0.5886007262275605,0.5886007262275605,0.0,4.929854943158167,4.343020019109289,4.929854943158167,0.0,0.0,,r0008|r0021,0
20009,4,28327.449042543907,cloud_0,8,1.0,0.003,2,r0008|r0021,r0008|r0021,1,1,0,0,0.3321503233773508,0.3321503233773508,0.0,5.382064811397262,5.050910938990043,5.382064811397262,0.0,0.0,,r0008|r0021,0
20010,0,0.0,edge_2,1,1.0,0.003,1,r0020,r0020,1,1,0,0,0.014864686242400931,0.014864686242400931,0.0,-0.24894820397673592,-0.26376829616040964,-0.24894820397673592,0.0,0.0,,r0020,0
20010,0,0.0,edge_5,1,1.0,0.003,1,r0020,r0020,1,1,0,0,0.020205825598058526,0.020205825598058526,0.0,-0.24062121281992482,-0.2607664209411892,-0.24062121281992482,0.0,0.0,,r0020,0
20010,0,0.0,cloud_0,1,1.0,0.003,1,r0020,r0020,1,1,0,0,0.008792365259560144,0.008792365259560144,0.0,-0.07948160966685847,-0.08824759783063993,-0.07948160966685847,0.0,0.0,,r0020,1
20010,0,0.0,edge_2,2,1.0,0.003,1,r0020,r0020,1,1,0,0,0.021552384160345474,0.021552384160345474,0.0,-0.2501881686446657,-0.27167589565253014,-0.2501881686446657,0.0,0.0,,r0020,0
20010,0,0.0,edge_5,2,1.0,0.003,1,r0020,r0020,1,1,0,0,0.026632781656175643,0.026632781656175643,0.0,-0.24166320792838186,-0.268216091239589,-0.2416632079283819,2.7755575615628914e-17,1.1485230148833587e-16,,r0020,0
20010,0,0.0,cloud_0,2,1.0,0.003,1,r0020,r0020,1,1,0,0,0.012957493221737672,0.012957493221737672,0.0,-0.079494105050745,-0.09241272579281745,-0.07949410505074499,-1.3877787807814457e-17,-1.7457631353866531e-16,,r0020,0
20010,0,0.0,edge_2,4,1.0,0.003,1,r0020,r0020,1,1,0,0,0.034927779996234545,0.034927779996234545,0.0,-0.2526680979805251,-0.2874910946367709,-0.2526680979805251,0.0,0.0,,r0020,0
20010,0,0.0,edge_5,4,1.0,0.003,1,r0020,r0020,1,1,0,0,0.03948669377240987,0.03948669377240987,0.0,-0.24374719814529594,-0.2831154318363886,-0.24374719814529597,2.7755575615628914e-17,1.1387033708212724e-16,,r0020,0
20010,0,0.0,cloud_0,4,1.0,0.003,1,r0020,r0020,1,1,0,0,0.02128774914609273,0.02128774914609273,0.0,-0.07951909581851806,-0.1007429817171725,-0.07951909581851804,-1.3877787807814457e-17,-1.7452144877862984e-16,,r0020,0
20010,0,0.0,edge_2,8,1.0,0.003,1,r0020,r0020,1,1,0,0,0.061678571668012695,0.061678571668012695,0.0,-0.2576279566522439,-0.3191214926052526,-0.2576279566522439,0.0,0.0,,r0020,0
20010,0,0.0,edge_5,8,1.0,0.003,1,r0020,r0020,1,1,0,0,0.06519451800487831,0.06519451800487831,0.0,-0.24791517857912415,-0.31291411302998784,-0.24791517857912415,0.0,0.0,,r0020,0
20010,0,0.0,cloud_0,8,1.0,0.003,1,r0020,r0020,1,1,0,0,0.03794826099480284,0.03794826099480284,0.0,-0.07956907735406418,-0.11740349356588262,-0.07956907735406418,0.0,0.0,,r0020,0
20010,1,2323.045705585192,edge_2,1,1.0,0.003,1,r0017,r0017,1,1,0,0,0.01935143048102271,0.01935143048102271,0.0,-0.36373073602290407,-0.3830241122124837,-0.36373073602290407,0.0,0.0,,r0017,0
20010,1,2323.045705585192,edge_5,1,1.0,0.003,1,r0017,r0017,1,1,0,0,0.021609262186246442,0.021609262186246442,0.0,-0.34905533607933553,-0.3705997704790232,-0.3490553360793355,-5.551115123125783e-17,-1.5903252434061314e-16,,r0017,0
20010,1,2323.045705585192,cloud_0,1,1.0,0.003,1,r0017,r0017,1,1,0,0,0.011815358041352269,0.011815358041352269,0.0,-0.06633580998134504,-0.07811572194857325,-0.06633580998134503,-1.3877787807814457e-17,-2.0920507056018714e-16,,r0017,1
20010,1,2323.045705585192,edge_2,2,1.0,0.003,1,r0017,r0017,1,1,0,0,0.034542596127925304,0.034542596127925304,0.0,-0.3662762428435289,-0.4007152111830704,-0.3662762428435289,0.0,0.0,,r0017,0
20010,1,2323.045705585192,edge_5,2,1.0,0.003,1,r0017,r0017,1,1,0,0,0.036208150366026634,0.036208150366026634,0.0,-0.3511949718377921,-0.3872944977527206,-0.3511949718377921,0.0,0.0,,r0017,0
20010,1,2323.045705585192,cloud_0,2,1.0,0.003,1,r0017,r0017,1,1,0,0,0.0212764834675186,0.0212764834675186,0.0,-0.06636419335762354,-0.08757684737473959,-0.06636419335762354,0.0,0.0,,r0017,0
20010,1,2323.045705585192,edge_2,4,1.0,0.003,1,r0017,r0017,1,1,0,0,0.06492492742173049,0.06492492742173049,0.0,-0.3713672564847785,-0.4360974091242438,-0.3713672564847785,0.0,0.0,,r0017,0
20010,1,2323.045705585192,edge_5,4,1.0,0.003,1,r0017,r0017,1,1,0,0,0.06540592672558704,0.06540592672558704,0.0,-0.3554742433547052,-0.42068395230011546,-0.3554742433547052,0.0,0.0,,r0017,0
20010,1,2323.045705585192,cloud_0,4,1.0,0.003,1,r0017,r0017,1,1,0,0,0.04019873431985125,0.04019873431985125,0.0,-0.06642096011018055,-0.10649909822707224,-0.06642096011018053,-1.3877787807814457e-17,-2.0893687451662363e-16,,r0017,0
20010,1,2323.045705585192,edge_2,8,1.0,0.003,1,r0017,r0017,1,1,0,0,0.12568959000934088,0.12568959000934088,0.0,-0.38154928376727754,-0.5068618050065904,-0.38154928376727754,0.0,0.0,,r0017,0
20010,1,2323.045705585192,edge_5,8,1.0,0.003,1,r0017,r0017,1,1,0,0,0.12380147944470782,0.12380147944470782,0.0,-0.36403278638853137,-0.4874628613949051,-0.36403278638853137,0.0,0.0,,r0017,0
20010,1,2323.045705585192,cloud_0,8,1.0,0.003,1,r0017,r0017,1,1,0,0,0.07804323602451656,0.07804323602451656,0.0,-0.06653449361529452,-0.14434359993173754,-0.06653449361529452,0.0,0.0,,r0017,0
20010,2,6746.989711537868,edge_2,1,1.0,0.003,3,r0002|r0005|r0021,r0002|r0005|r0021,1,1,0,0,0.039379235457581076,0.039379235457581076,0.0,4.183117819581502,4.143856721830295,4.183117819581503,-8.881784197001252e-16,-2.1232450483285272e-16,,r0002|r0005|r0021,0
20010,2,6746.989711537868,edge_5,1,1.0,0.003,3,r0002|r0005|r0021,r0002|r0005|r0021,1,1,0,0,0.04214291958396484,0.04214291958396484,0.0,4.312638792386902,4.270622301561689,4.312638792386902,0.0,0.0,,r0002|r0005|r0021,0
20010,2,6746.989711537868,cloud_0,1,1.0,0.003,3,r0002|r0005|r0021,r0002|r0005|r0021,1,1,0,0,0.020028810649419092,0.020028810649419092,0.0,5.110235956765466,5.090267232547996,5.110235956765466,0.0,0.0,,r0002|r0005|r0021,1
20010,2,6746.989711537868,edge_2,2,1.0,0.003,3,r0002|r0005|r0021,r0002|r0005|r0021,1,1,0,0,0.07282115777874278,0.07282115777874278,0.0,4.104891090214603,4.032288395909196,4.104891090214603,0.0,0.0,,r0002|r0005|r0021,0
20010,2,6746.989711537868,edge_5,2,1.0,0.003,3,r0002|r0005|r0021,r0002|r0005|r0021,1,1,0,0,0.07428099876968419,0.07428099876968419,0.0,4.209763479107084,4.13570532333371,4.209763479107085,-8.881784197001252e-16,-2.109805988170416e-16,,r0002|r0005|r0021,0
20010,2,6746.989711537868,cloud_0,2,1.0,0.003,3,r0002|r0005|r0021,r0002|r0005|r0021,1,1,0,0,0.03727547189957328,0.03727547189957328,0.0,5.04609264363847,5.0089289981545955,5.04609264363847,0.0,0.0,,r0002|r0005|r0021,0
20010,2,6746.989711537868,edge_2,4,1.0,0.003,3,r0002|r0005|r0021,r0002|r0005|r0021,1,1,0,0,0.1397050024210662,0.1397050024210662,0.0,4.044450711480263,3.9051648240664596,4.044450711480263,0.0,0.0,,r0002|r0005|r0021,0
20010,2,6746.989711537868,edge_5,4,1.0,0.003,3,r0002|r0005|r0021,r0002|r0005|r0021,1,1,0,0,0.1385571571411229,0.1385571571411229,0.0,4.130726711431873,3.9925852257621735,4.130726711431873,0.0,0.0,,r0002|r0005|r0021,0
20010,2,6746.989711537868,cloud_0,4,1.0,0.003,3,r0002|r0005|r0021,r0002|r0005|r0021,1,1,0,0,0.0717687943998817,0.0717687943998817,0.0,5.008313107599372,4.9367596195826895,5.008313107599371,8.881784197001252e-16,1.7734083325430398e-16,,r0002|r0005|r0021,0
20010,2,6746.989711537868,edge_2,8,1.0,0.003,3,r0002|r0005|r0021,r0002|r0005|r0021,1,1,0,0,0.273472691705713,0.273472691705713,0.0,3.9826994473209423,3.710047173690347,3.9826994473209427,-4.440892098500626e-16,-1.1150457515662895e-16,,r0002|r0005|r0021,0
20010,2,6746.989711537868,edge_5,8,1.0,0.003,3,r0002|r0005|r0021,r0002|r0005|r0021,1,1,0,0,0.26710947388400036,0.26710947388400036,0.0,4.061123621234325,3.794815475771977,4.061123621234326,-8.881784197001252e-16,-2.1870263073404669e-16,,r0002|r0005|r0021,0
20010,2,6746.989711537868,cloud_0,8,1.0,0.003,3,r0002|r0005|r0021,r0002|r0005|r0021,1,1,0,0,0.14075543940049842,0.14075543940049842,0.0,4.987563329991438,4.847230156909141,4.987563329991438,0.0,0.0,,r0002|r0005|r0021,0
20010,3,23493.99621333595,edge_2,1,1.0,0.003,4,r0000|r0001|r0006|r0009,r0000|r0001|r0006|r0009,1,1,0,0,0.060834055870560594,0.060834055870560594,0.0,5.413918252955277,5.353266699252329,5.413918252955278,-8.881784197001252e-16,-1.6405464179576375e-16,,r0000|r0001|r0006|r0009,0
20010,3,23493.99621333595,edge_5,1,1.0,0.003,4,r0000|r0001|r0006|r0009,r0000|r0001|r0006|r0009,1,1,0,0,0.06957584282386291,0.06957584282386291,0.0,5.56199585259265,5.492628737297259,5.56199585259265,0.0,0.0,,r0000|r0001|r0006|r0009,0
20010,3,23493.99621333595,cloud_0,1,1.0,0.003,4,r0000|r0001|r0006|r0009,r0000|r0001|r0006|r0009,1,1,0,0,0.03116367161305115,0.03116367161305115,0.0,6.169825262818271,6.138755082220058,6.16982526281827,8.881784197001252e-16,1.4395519838343372e-16,,r0000|r0001|r0006|r0009,1
20010,3,23493.99621333595,edge_2,2,1.0,0.003,4,r0000|r0001|r0006|r0009,r0000|r0001|r0006|r0009,1,1,0,0,0.10869074199207135,0.10869074199207135,0.0,5.30049459690576,5.192129927139664,5.300494596905759,8.881784197001252e-16,1.6756519669289206e-16,,r0000|r0001|r0006|r0009,0
20010,3,23493.99621333595,edge_5,2,1.0,0.003,4,r0000|r0001|r0006|r0009,r0000|r0001|r0006|r0009,1,1,0,0,0.11673044396690928,0.11673044396690928,0.0,5.426966259238442,5.310586006603433,5.426966259238442,0.0,0.0,,r0000|r0001|r0006|r0009,0
20010,3,23493.99621333595,cloud_0,2,1.0,0.003,4,r0000|r0001|r0006|r0009,r0000|r0001|r0006|r0009,1,1,0,0,0.05616684447887439,0.05616684447887439,0.0,6.07207912687221,6.016080782926772,6.07207912687221,0.0,0.0,,r0000|r0001|r0006|r0009,0
20010,3,23493.99621333595,edge_2,4,1.0,0.003,4,r0000|r0001|r0006|r0009,r0000|r0001|r0006|r0009,1,1,0,0,0.2044041142350929,0.2044041142350929,0.0,5.208699490806975,5.004908588914588,5.208699490806976,-8.881784197001252e-16,-1.7051826876703173e-16,,r0000|r0001|r0006|r0009,0
20010,3,23493.99621333595,edge_5,4,1.0,0.003,4,r0000|r0001|r0006|r0009,r0000|r0001|r0006|r0009,1,1,0,0,0.21103964625300203,0.21103964625300203,0.0,5.310563130773355,5.100156603459112,5.310563130773355,0.0,0.0,,r0000|r0001|r0006|r0009,0
20010,3,23493.99621333595,cloud_0,4,1.0,0.003,4,r0000|r0001|r0006|r0009,r0000|r0001|r0006|r0009,1,1,0,0,0.10617319021052088,0.10617319021052088,0.0,6.006597615125222,5.900742944485333,6.006597615125222,0.0,0.0,,r0000|r0001|r0006|r0009,0
20010,3,23493.99621333595,edge_2,8,1.0,0.003,4,r0000|r0001|r0006|r0009,r0000|r0001|r0006|r0009,1,1,0,0,0.39583085872113594,0.39583085872113594,0.0,5.1194030768326915,4.724759710687719,5.1194030768326915,0.0,0.0,,r0000|r0001|r0006|r0009,0
20010,3,23493.99621333595,edge_5,8,1.0,0.003,4,r0000|r0001|r0006|r0009,r0000|r0001|r0006|r0009,1,1,0,0,0.39965805082518746,0.39965805082518746,0.0,5.205800815367363,4.807341738694651,5.205800815367363,0.0,0.0,,r0000|r0001|r0006|r0009,0
20010,3,23493.99621333595,cloud_0,8,1.0,0.003,4,r0000|r0001|r0006|r0009,r0000|r0001|r0006|r0009,1,1,0,0,0.20618588167381385,0.20618588167381385,0.0,5.964175220464436,5.7586078964356435,5.964175220464436,0.0,0.0,,r0000|r0001|r0006|r0009,0
20010,4,35271.9059833584,edge_2,1,1.0,0.003,3,r0011|r0012|r0013,r0011|r0012|r0013,1,1,0,0,0.3944557390671342,0.3944557390671342,0.0,5.02902322182254,4.635750849972608,5.02902322182254,0.0,0.0,,r0011|r0012|r0013,0
20010,4,35271.9059833584,edge_5,1,1.0,0.003,3,r0011|r0012|r0013,r0011|r0012|r0013,1,1,0,0,0.4495132688987264,0.4495132688987264,0.0,5.1311243108809155,4.682959581788885,5.1311243108809155,0.0,0.0,,r0011|r0012|r0013,0
20010,4,35271.9059833584,cloud_0,1,1.0,0.003,3,r0011|r0012|r0013,r0011|r0012|r0013,1,1,0,0,0.21429831037387095,0.21429831037387095,0.0,5.7547276312632505,5.541072215820502,5.754727631263251,-8.881784197001252e-16,-1.5433891516863263e-16,,r0011|r0012|r0013,1
20010,4,35271.9059833584,edge_2,2,1.0,0.003,3,r0011|r0012|r0013,r0011|r0012|r0013,1,1,0,0,0.747131640932554,0.747131640932554,0.0,4.947867311906181,4.202977065896425,4.947867311906181,0.0,0.0,,r0011|r0012|r0013,0
20010,4,35271.9059833584,edge_5,2,1.0,0.003,3,r0011|r0012|r0013,r0011|r0012|r0013,1,1,0,0,0.8217125586739876,0.8217125586739876,0.0,5.0275535750192075,4.208306154021241,5.027553575019207,8.881784197001252e-16,1.766621491839064e-16,,r0011|r0012|r0013,0
20010,4,35271.9059833584,cloud_0,2,1.0,0.003,3,r0011|r0012|r0013,r0011|r0012|r0013,1,1,0,0,0.40777146039697065,0.40777146039697065,0.0,5.6966656094590045,5.290117463443225,5.6966656094590045,0.0,0.0,,r0011|r0012|r0013,0
20010,4,35271.9059833584,edge_2,4,1.0,0.003,3,r0011|r0012|r0013,r0011|r0012|r0013,1,1,0,0,1.4524834446633934,1.4524834446633934,0.0,4.859003486969578,3.410877492640174,4.859003486969577,8.881784197001252e-16,1.8279024126695098e-16,,r0011|r0012|r0013,0
20010,4,35271.9059833584,edge_5,4,1.0,0.003,3,r0011|r0012|r0013,r0011|r0012|r0013,1,1,0,0,1.5661111382245103,1.5661111382245103,0.0,4.925467518993288,3.3640547141834514,4.925467518993289,-8.881784197001252e-16,-1.8032367816358256e-16,,r0011|r0012|r0013,0
20010,4,35271.9059833584,cloud_0,4,1.0,0.003,2,r0012|r0013,r0012|r0013,1,1,0,0,0.057339381833625885,0.057339381833625885,0.0,5.649771118961404,5.592603755273279,5.649771118961404,0.0,0.0,,r0012|r0013,0
20010,4,35271.9059833584,edge_2,8,1.0,0.003,3,r0011|r0012|r0013,r0011|r0012|r0013,1,1,0,0,2.8631870521250726,2.8631870521250726,0.0,4.72374062386389,1.8691431328951922,4.72374062386389,0.0,0.0,,r0011|r0012|r0013,0
20010,4,35271.9059833584,edge_5,8,1.0,0.003,3,r0011|r0012|r0013,r0011|r0012|r0013,1,1,0,0,3.054908297325555,3.054908297325555,0.0,4.787982849415573,1.742239276981995,4.787982849415573,0.0,0.0,,r0011|r0012|r0013,0
20010,4,35271.9059833584,cloud_0,8,1.0,0.003,2,r0012|r0013,r0012|r0013,1,1,0,0,0.1120432784101307,0.1120432784101307,0.0,5.633065561040907,5.521358412466007,5.633065561040907,0.0,0.0,,r0012|r0013,0
20011,0,0.0,edge_2,1,1.0,0.003,1,r0006,r0006,1,1,0,0,0.015978177265330754,0.015978177265330754,0.0,-0.28258094052788835,-0.2985111832614231,-0.28258094052788835,0.0,0.0,,r0006,0
20011,0,0.0,cloud_0,1,1.0,0.003,1,r0006,r0006,1,1,0,0,0.009364308790915932,0.009364308790915932,0.0,-0.09922219277302168,-0.10855840863756486,-0.09922219277302168,0.0,0.0,,r0006,1
20011,0,0.0,edge_2,2,1.0,0.003,1,r0006,r0006,1,1,0,0,0.021757329542970133,0.021757329542970133,0.0,-0.2840600722626904,-0.3057521298170316,-0.28406007226269037,-5.551115123125783e-17,-1.954204643724893e-16,,r0006,0
20011,0,0.0,cloud_0,2,1.0,0.003,1,r0006,r0006,1,1,0,0,0.012298346184521889,0.012298346184521889,0.0,-0.0992309948852025,-0.11149244603117082,-0.0992309948852025,0.0,0.0,,r0006,0
20011,0,0.0,cloud_0,4,1.0,0.003,1,r0006,r0006,1,1,0,0,0.0181664209717338,0.0181664209717338,0.0,-0.09924859910956413,-0.11736052081838273,-0.09924859910956413,0.0,0.0,,r0006,0
20011,0,0.0,cloud_0,8,1.0,0.003,1,r0006,r0006,1,1,0,0,0.029902570546157622,0.029902570546157622,0.0,-0.09928380755828739,-0.12909667039280656,-0.09928380755828742,2.7755575615628914e-17,2.7955792891337495e-16,,r0006,0
20011,1,2756.778601900403,edge_2,1,1.0,0.003,1,r0004,r0004,1,1,0,0,0.04454917770763158,0.04454917770763158,0.0,-1.0492016749315831,-1.0936172051060917,-1.0492016749315831,0.0,0.0,,r0004,0
20011,1,2756.778601900403,cloud_0,1,1.0,0.003,1,r0004,r0004,1,1,0,0,0.022788150826512654,0.022788150826512654,0.0,-0.3268565028525703,-0.34957628922660333,-0.32685650285257023,-5.551115123125783e-17,-1.6983340012144814e-16,,r0004,1
20011,1,2756.778601900403,edge_2,2,1.0,0.003,1,r0004,r0004,1,1,0,0,0.07647760468738653,0.07647760468738653,0.0,-1.0560796543957522,-1.1323278262690766,-1.0560796543957522,0.0,0.0,,r0004,0
20011,1,2756.778601900403,cloud_0,2,1.0,0.003,1,r0004,r0004,1,1,0,0,0.03807316735330126,0.03807316735330126,0.0,-0.3269023579021506,-0.36486130575339193,-0.32690235790215055,-5.551115123125783e-17,-1.6980957735359495e-16,,r0004,0
20011,1,2756.778601900403,cloud_0,4,1.0,0.003,1,r0004,r0004,1,1,0,0,0.06864320040687846,0.06864320040687846,0.0,-0.32699406800131126,-0.3954313388069691,-0.3269940680013113,5.551115123125783e-17,1.6976195186218245e-16,,r0004,0
20011,1,2756.778601900403,cloud_0,8,1.0,0.003,1,r0004,r0004,1,1,0,0,0.1297832665140329,0.1297832665140329,0.0,-0.32717748819963277,-0.4565714049141236,-0.3271774881996328,5.551115123125783e-17,1.696667809778733e-16,,r0004,0
20011,2,12738.524513649334,edge_2,1,1.0,0.003,3,r0000|r0013|r0021,r0000|r0013|r0021,1,1,0,0,0.7518219726386511,0.7518219726386511,0.0,4.800567815908725,4.051001309187989,4.800567815908725,0.0,0.0,,r0000|r0013|r0021,0
20011,2,12738.524513649334,cloud_0,1,1.0,0.003,3,r0000|r0013|r0021,r0000|r0013|r0021,1,1,0,0,0.40244472822253846,0.40244472822253846,0.0,5.451281804495311,5.05004441045744,5.451281804495311,0.0,0.0,,r0000|r0013|r0021,1
20011,2,12738.524513649334,edge_2,2,1.0,0.003,3,r0000|r0013|r0021,r0000|r0013|r0021,1,1,0,0,1.3502836730327274,1.3502836730327274,0.0,4.706176468766976,3.3599436467533463,4.706176468766976,0.0,0.0,,r0000|r0013|r0021,0
20011,2,12738.524513649334,cloud_0,2,1.0,0.003,3,r0000|r0013|r0021,r0000|r0013|r0021,1,1,0,0,0.707735697682931,0.707735697682931,0.0,5.354748728470451,4.649136237880568,5.35474872847045,8.881784197001252e-16,1.6586743183257222e-16,,r0000|r0013|r0021,0
20011,2,12738.524513649334,cloud_0,4,1.0,0.003,3,r0000|r0013|r0021,r0000|r0013|r0021,1,1,0,0,1.3183176366037164,1.3183176366037164,0.0,5.289431036971899,3.975068353277994,5.289431036971899,0.0,0.0,,r0000|r0013|r0021,0
20011,2,12738.524513649334,cloud_0,8,1.0,0.003,3,r0000|r0013|r0021,r0000|r0013|r0021,1,1,1,1,2.5394815144452862,0.20750942586701526,2.331972088578271,5.2485191218790375,3.3906062446093017,3.597493142198716,1.6510259796803215,0.3145698703464441,1.412438154988813,r0000|r0013|r0019,0
20011,3,24561.757399078684,edge_2,1,1.0,0.003,5,r0008|r0011|r0015|r0019|r0023,r0008|r0011|r0015|r0019|r0023,1,1,0,0,2.2784993166477023,2.2784993166477023,0.0,6.23225446678666,3.9605906480889006,6.23225446678666,0.0,0.0,,r0008|r0011|r0015|r0019|r0023,0
20011,3,24561.757399078684,cloud_0,1,1.0,0.003,5,r0008|r0011|r0015|r0019|r0023,r0008|r0011|r0015|r0019|r0023,1,1,0,0,1.1888814576354911,1.1888814576354911,0.0,6.62662435473822,5.441309541475635,6.62662435473822,0.0,0.0,,r0008|r0011|r0015|r0019|r0023,1
20011,3,24561.757399078684,edge_2,2,1.0,0.003,5,r0008|r0011|r0015|r0019|r0023,r0008|r0011|r0015|r0019|r0023,1,1,0,0,2.7248907332927237,2.7248907332927237,0.0,6.110126157306861,3.3934100962140157,6.110126157306861,0.0,0.0,,r0008|r0011|r0015|r0019|r0023,0
20011,3,24561.757399078684,cloud_0,2,1.0,0.003,5,r0008|r0011|r0015|r0019|r0023,r0008|r0011|r0015|r0019|r0023,1,1,0,0,2.2092807049666927,2.2092807049666927,0.0,6.519130816532369,4.316477953680577,6.519130816532369,0.0,0.0,,r0008|r0011|r0015|r0019|r0023,0
20011,3,24561.757399078684,cloud_0,4,1.0,0.003,5,r0008|r0011|r0015|r0019|r0023,r0008|r0011|r0015|r0019|r0023,1,1,0,0,2.726117163353827,2.726117163353827,0.0,6.42438098967609,3.706442177812324,6.42438098967609,0.0,0.0,,r0008|r0011|r0015|r0019|r0023,0
20011,3,24561.757399078684,cloud_0,8,1.0,0.003,5,r0008|r0011|r0015|r0019|r0023,r0008|r0011|r0015|r0019|r0023,1,1,0,0,2.8445359371579593,2.8445359371579593,0.0,6.311382729091199,3.4753803997447132,6.311382729091198,8.881784197001252e-16,1.407264394862673e-16,,r0008|r0011|r0015|r0019|r0023,0
20011,4,36975.925058374516,edge_2,1,1.0,0.003,2,r0005|r0009,r0005|r0009,1,1,0,0,0.05105088582665672,0.05105088582665672,0.0,4.571093945870489,4.520196212701312,4.571093945870489,0.0,0.0,,r0005|r0009,0
20011,4,36975.925058374516,cloud_0,1,1.0,0.003,2,r0005|r0009,r0005|r0009,1,1,0,0,0.026427243065655186,0.026427243065655186,0.0,5.267807266525247,5.241459305188789,5.267807266525247,0.0,0.0,,r0005|r0009,1
20011,4,36975.925058374516,edge_2,2,1.0,0.003,2,r0005|r0009,r0005|r0009,1,1,0,0,0.09013654657461159,0.09013654657461159,0.0,4.489382735524693,4.399516598589805,4.489382735524693,0.0,0.0,,r0005|r0009,0
20011,4,36975.925058374516,cloud_0,2,1.0,0.003,2,r0005|r0009,r0005|r0009,1,1,0,0,0.0455751246243976,0.0455751246243976,0.0,5.187864035690366,5.142425636439841,5.187864035690365,8.881784197001252e-16,1.712031027779109e-16,,r0005|r0009,0
20011,4,36975.925058374516,cloud_0,4,1.0,0.003,2,r0005|r0009,r0005|r0009,1,1,0,0,0.08387088774188242,0.08387088774188242,0.0,5.130842931875327,5.04722365679667,5.130842931875327,0.0,0.0,,r0005|r0009,0
20011,4,36975.925058374516,cloud_0,8,1.0,0.003,2,r0005|r0009,r0005|r0009,1,1,0,0,0.16046241397685204,0.16046241397685204,0.0,5.089047674181996,4.929066647447074,5.089047674181995,8.881784197001252e-16,1.7452743156761433e-16,,r0005|r0009,0
20012,0,0.0,edge_0,1,1.0,0.003,1,r0021,r0021,1,1,0,0,0.006888496624740457,0.006888496624740457,0.0,-0.30222004760643983,-0.30908787874130605,-0.30222004760643983,0.0,0.0,,r0021,0
20012,0,0.0,edge_4,1,1.0,0.003,1,r0021,r0021,1,1,0,0,0.007474842707406349,0.007474842707406349,0.0,-0.2654680204510299,-0.27292043863031407,-0.26546802045102996,5.551115123125783e-17,2.091067358582191e-16,,r0021,0
20012,0,0.0,cloud_0,1,1.0,0.003,1,r0021,r0021,1,1,0,0,0.002830054384852388,0.002830054384852388,0.0,-0.09267488404673024,-0.09549644826842807,-0.09267488404673024,0.0,0.0,,r0021,1
20012,0,0.0,edge_0,2,1.0,0.003,1,r0021,r0021,1,1,0,0,0.010340862720865634,0.010340862720865634,0.0,-0.30366597842753157,-0.3139758185602346,-0.30366597842753157,0.0,0.0,,r0021,0
20012,0,0.0,edge_4,2,1.0,0.003,1,r0021,r0021,1,1,0,0,0.01019152557843684,0.01019152557843684,0.0,-0.2665302905411496,-0.2766912415428511,-0.2665302905411495,-5.551115123125783e-17,-2.0827333027908686e-16,,r0021,0
20012,0,0.0,cloud_0,2,1.0,0.003,1,r0021,r0021,1,1,0,0,0.004370115975018751,0.004370115975018751,0.0,-0.09267950423150073,-0.09703650985859442,-0.09267950423150073,0.0,0.0,,r0021,0
20012,0,0.0,edge_4,4,1.0,0.003,1,r0021,r0021,1,1,0,0,0.015624891320497816,0.015624891320497816,0.0,-0.26865483072138885,-0.2842328473679252,-0.2686548307213889,5.551115123125783e-17,2.0662629100023966e-16,,r0021,0
20012,0,0.0,cloud_0,4,1.0,0.003,1,r0021,r0021,1,1,0,0,0.007450239155351476,0.007450239155351476,0.0,-0.09268874460104173,-0.10011663303892715,-0.09268874460104173,0.0,0.0,,r0021,0
20012,0,0.0,edge_4,8,1.0,0.003,1,r0021,r0021,1,1,0,0,0.026491622804619773,0.026491622804619773,0.0,-0.27290391108186735,-0.29931605901807323,-0.2729039110818673,-5.551115123125783e-17,-2.034091450400843e-16,,r0021,0
20012,0,0.0,cloud_0,8,1.0,0.003,1,r0021,r0021,1,1,0,0,0.013610485516016926,0.013610485516016926,0.0,-0.09270722534012371,-0.1062768793995926,-0.09270722534012373,1.3877787807814457e-17,1.496947811446164e-16,,r0021,0
20012,1,2828.0612117213122,edge_0,1,1.0,0.003,1,r0015,r0015,1,1,0,0,0.02657534529437486,0.02657534529437486,0.0,0.6017849961517773,0.5752893768932855,0.6017849961517773,0.0,0.0,,r0015,0
20012,1,2828.0612117213122,edge_4,1,1.0,0.003,1,r0015,r0015,1,1,0,0,0.02296955301220672,0.02296955301220672,0.0,0.6056915958537286,0.5827909515005585,0.6056915958537286,0.0,0.0,,r0015,0
20012,1,2828.0612117213122,cloud_0,1,1.0,0.003,1,r0015,r0015,1,1,0,0,0.011611776507302697,0.011611776507302697,0.0,0.6240235020116838,0.6124465608339029,0.6240235020116837,1.1102230246251565e-16,1.7791365566298328e-16,,r0015,1
20012,1,2828.0612117213122,edge_0,2,1.0,0.003,1,r0015,r0015,1,1,0,0,0.049709478583281334,0.049709478583281334,0.0,0.6015322820561736,0.5519719319086421,0.6015322820561736,0.0,0.0,,r0015,0
20012,1,2828.0612117213122,edge_4,2,1.0,0.003,1,r0015,r0015,1,1,0,0,0.041173909645371175,0.041173909645371175,0.0,0.6055023797820818,0.5644519918656468,0.6055023797820818,0.0,0.0,,r0015,0
20012,1,2828.0612117213122,cloud_0,2,1.0,0.003,1,r0015,r0015,1,1,0,0,0.02193165253088594,0.02193165253088594,0.0,0.623992542383613,0.6021266848103197,0.623992542383613,0.0,0.0,,r0015,0
20012,1,2828.0612117213122,edge_4,4,1.0,0.003,1,r0015,r0015,1,1,0,0,0.0775826229117001,0.0775826229117001,0.0,0.6051239476387883,0.5277740725958233,0.6051239476387883,0.0,0.0,,r0015,0
20012,1,2828.0612117213122,cloud_0,4,1.0,0.003,1,r0015,r0015,1,1,0,0,0.04257140457805241,0.04257140457805241,0.0,0.6239306231274715,0.5814869327631532,0.6239306231274715,0.0,0.0,,r0015,0
20012,1,2828.0612117213122,edge_4,8,1.0,0.003,1,r0015,r0015,1,1,0,0,0.15040004944435792,0.15040004944435792,0.0,0.5103848702488576,0.3604360209528327,0.5103848702488576,0.0,0.0,,r0015,0
20012,1,2828.0612117213122,cloud_0,8,1.0,0.003,1,r0015,r0015,1,1,0,0,0.08385090867238539,0.08385090867238539,0.0,0.6238067846151885,0.5402074286688202,0.6238067846151885,0.0,0.0,,r0015,0
20012,2,4470.867910013249,edge_0,1,1.0,0.003,1,r0007,r0007,1,1,0,0,0.029950503184916263,0.029950503184916263,0.0,-1.2302704128624413,-1.2601310645378028,-1.2302704128624413,0.0,0.0,,r0007,0
20012,2,4470.867910013249,edge_4,1,1.0,0.003,1,r0007,r0007,1,1,0,0,0.021036000846649375,0.021036000846649375,0.0,-1.0818920239341967,-1.1028649167783062,-1.0818920239341967,0.0,0.0,,r0007,0
20012,2,4470.867910013249,cloud_0,1,1.0,0.003,1,r0007,r0007,1,1,0,0,0.011044968494412642,0.011044968494412642,0.0,-0.3849977049486255,-0.3960095385375549,-0.3849977049486255,0.0,0.0,,r0007,1
20012,2,4470.867910013249,edge_0,2,1.0,0.003,1,r0007,r0007,1,1,0,0,0.054441304239428674,0.054441304239428674,0.0,-1.2371674085006554,-1.2914453888273658,-1.2371674085006554,0.0,0.0,,r0007,0
20012,2,4470.867910013249,edge_4,2,1.0,0.003,1,r0007,r0007,1,1,0,0,0.03614486397868955,0.03614486397868955,0.0,-1.0869477602862532,-1.1229841896730066,-1.0869477602862532,0.0,0.0,,r0007,0
20012,2,4470.867910013249,cloud_0,2,1.0,0.003,1,r0007,r0007,1,1,0,0,0.020345111589836627,0.020345111589836627,0.0,-0.38502560537791175,-0.40530968163297887,-0.38502560537791175,0.0,0.0,,r0007,0
20012,2,4470.867910013249,edge_4,4,1.0,0.003,1,r0007,r0007,1,1,0,0,0.0663625902427699,0.0663625902427699,0.0,-1.0970592329903655,-1.1632227354624072,-1.0970592329903657,2.220446049250313e-16,2.0239983243182028e-16,,r0007,0
20012,2,4470.867910013249,cloud_0,4,1.0,0.003,1,r0007,r0007,1,1,0,0,0.0389453977806846,0.0389453977806846,0.0,-0.3850814062364843,-0.42390996782382684,-0.3850814062364843,0.0,0.0,,r0007,0
20012,2,4470.867910013249,edge_4,8,1.0,0.003,1,r0007,r0007,1,1,0,0,0.1267980427709306,0.1267980427709306,0.0,-1.1172821783985907,-1.2436998270412085,-1.1172821783985907,0.0,0.0,,r0007,0
20012,2,4470.867910013249,cloud_0,8,1.0,0.003,1,r0007,r0007,1,1,0,0,0.07614597016238053,0.07614597016238053,0.0,-0.3851930079536294,-0.4611105402055228,-0.3851930079536294,0.0,0.0,,r0007,0
20012,3,15532.025258328691,edge_0,1,1.0,0.003,4,r0002|r0003|r0005|r0009,r0002|r0003|r0005|r0009,1,1,0,0,0.031825023263310055,0.031825023263310055,0.0,6.919704550833422,6.887975002639902,6.919704550833422,0.0,0.0,,r0002|r0003|r0005|r0009,0
20012,3,15532.025258328691,edge_4,1,1.0,0.003,4,r0002|r0003|r0005|r0009,r0002|r0003|r0005|r0009,1,1,0,0,0.024092153793666207,0.024092153793666207,0.0,7.078748446258976,7.0547285689266905,7.078748446258976,0.0,0.0,,r0002|r0003|r0005|r0009,0
20012,3,15532.025258328691,cloud_0,1,1.0,0.003,4,r0002|r0003|r0005|r0009,r0002|r0003|r0005|r0009,1,1,0,0,0.012450787062414755,0.012450787062414755,0.0,7.197394822944988,7.18498138824376,7.197394822944988,0.0,0.0,,r0002|r0003|r0005|r0009,1
20012,3,15532.025258328691,edge_0,2,1.0,0.003,4,r0002|r0003|r0005|r0009,r0002|r0003|r0005|r0009,1,1,0,0,0.057895304574997544,0.057895304574997544,0.0,6.797434802038242,6.73971318337697,6.797434802038242,0.0,0.0,,r0002|r0003|r0005|r0009,0
20012,3,15532.025258328691,edge_4,2,1.0,0.003,4,r0002|r0003|r0005|r0009,r0002|r0003|r0005|r0009,1,1,0,0,0.0414440739631584,0.0414440739631584,0.0,6.935678563662637,6.894358821921368,6.935678563662637,0.0,0.0,,r0002|r0003|r0005|r0009,0
20012,3,15532.025258328691,cloud_0,2,1.0,0.003,4,r0002|r0003|r0005|r0009,r0002|r0003|r0005|r0009,1,1,0,0,0.022950953905629446,0.022950953905629446,0.0,7.102098040234236,7.079215939190323,7.102098040234236,0.0,0.0,,r0002|r0003|r0005|r0009,0
20012,3,15532.025258328691,edge_4,4,1.0,0.003,4,r0002|r0003|r0005|r0009,r0002|r0003|r0005|r0009,1,1,0,0,0.07614791430214278,0.07614791430214278,0.0,6.799149439520855,6.723229968961619,6.799149439520856,-8.881784197001252e-16,-1.3063081310398676e-16,,r0002|r0003|r0005|r0009,0
20012,3,15532.025258328691,cloud_0,4,1.0,0.003,4,r0002|r0003|r0005|r0009,r0002|r0003|r0005|r0009,1,1,0,0,0.04395128759205884,0.04395128759205884,0.0,7.025078774303223,6.98125934057394,7.025078774303223,0.0,0.0,,r0002|r0003|r0005|r0009,0
20012,3,15532.025258328691,edge_4,8,1.0,0.003,4,r0002|r0003|r0005|r0009,r0002|r0003|r0005|r0009,1,1,0,0,0.14555559498011156,0.14555559498011156,0.0,6.642358237995977,6.497239309800806,6.642358237995977,0.0,0.0,,r0002|r0003|r0005|r0009,0
20012,3,15532.025258328691,cloud_0,8,1.0,0.003,4,r0002|r0003|r0005|r0009,r0002|r0003|r0005|r0009,1,1,0,0,0.0859519549649176,0.0859519549649176,0.0,6.943528747768241,6.857834648668218,6.943528747768241,0.0,0.0,,r0002|r0003|r0005|r0009,0
20012,4,18762.842313011777,edge_0,1,1.0,0.003,3,r0011|r0013|r0014,r0011|r0013|r0014,1,1,0,0,0.07907092942453832,0.07907092942453832,0.0,5.054437244652671,4.975603528016406,5.054437244652671,0.0,0.0,,r0011|r0013|r0014,0
20012,4,18762.842313011777,edge_4,1,1.0,0.003,3,r0011|r0013|r0014,r0011|r0013|r0014,1,1,0,0,0.05537817793223971,0.05537817793223971,0.0,5.200453133250911,5.145241089852468,5.200453133250911,0.0,0.0,,r0011|r0013|r0014,0
20012,4,18762.842313011777,cloud_0,1,1.0,0.003,3,r0011|r0013|r0014,r0011|r0013|r0014,1,1,0,0,0.03091604580764304,0.03091604580764304,0.0,5.543718974586155,5.512895676915935,5.543718974586155,0.0,0.0,,r0011|r0013|r0014,1
20012,4,18762.842313011777,edge_0,2,1.0,0.003,3,r0011|r0013|r0014,r0011|r0013|r0014,1,1,0,0,0.15118742686749198,0.15118742686749198,0.0,4.973413040965856,4.822679176378967,4.973413040965857,-8.881784197001252e-16,-1.7858529190803692e-16,,r0011|r0013|r0014,0
20012,4,18762.842313011777,edge_4,2,1.0,0.003,3,r0011|r0013|r0014,r0011|r0013|r0014,1,1,0,0,0.10272221253096513,0.10272221253096513,0.0,5.103271327569209,5.000857281675837,5.103271327569209,0.0,0.0,,r0011|r0013|r0014,0
20012,4,18762.842313011777,cloud_0,2,1.0,0.003,3,r0011|r0013|r0014,r0011|r0013|r0014,1,1,0,0,0.05951139273375228,0.05951139273375228,0.0,5.4890899319057755,5.429757073350225,5.4890899319057755,0.0,0.0,,r0011|r0013|r0014,0
20012,4,18762.842313011777,edge_4,4,1.0,0.003,3,r0011|r0013|r0014,r0011|r0013|r0014,1,1,0,0,0.1974102817284159,0.1974102817284159,0.0,5.002318950505432,4.805500899622202,5.002318950505432,0.0,0.0,,r0011|r0013|r0014,0
20012,4,18762.842313011777,cloud_0,4,1.0,0.003,3,r0011|r0013|r0014,r0011|r0013|r0014,1,1,0,0,0.11670208658597075,0.11670208658597075,0.0,5.434912205693365,5.318560225367152,5.434912205693365,0.0,0.0,,r0011|r0013|r0014,0
20012,4,18762.842313011777,edge_4,8,1.0,0.003,3,r0011|r0013|r0014,r0011|r0013|r0014,1,1,0,0,0.38678642012331754,0.38678642012331754,0.0,4.857478387675898,4.471852326812951,4.857478387675899,-8.881784197001252e-16,-1.828476317987452e-16,,r0011|r0013|r0014,0
20012,4,18762.842313011777,cloud_0,8,1.0,0.003,3,r0011|r0013|r0014,r0011|r0013|r0014,1,1,0,0,0.23108347429040768,0.23108347429040768,0.0,5.35706713558874,5.126676911721203,5.35706713558874,0.0,0.0,,r0011|r0013|r0014,0
20012,5,31267.63643893238,edge_0,1,1.0,0.003,2,r0010|r0022,r0010|r0022,1,1,0,0,0.14534481307023134,0.14534481307023134,0.0,6.64548179817585,6.50057301954483,6.645481798175851,-8.881784197001252e-16,-1.3365147128142392e-16,,r0010|r0022,0
20012,5,31267.63643893238,edge_4,1,1.0,0.003,2,r0010|r0022,r0010|r0022,1,1,0,0,0.11592433514373929,0.11592433514373929,0.0,6.732107538784484,6.6165309766461755,6.732107538784484,0.0,0.0,,r0010|r0022,0
20012,5,31267.63643893238,cloud_0,1,1.0,0.003,2,r0010|r0022,r0010|r0022,1,1,0,0,0.06132130329381458,0.06132130329381458,0.0,6.864213803122531,6.803076463738598,6.864213803122531,0.0,0.0,,r0010|r0022,1
20012,5,31267.63643893238,edge_0,2,1.0,0.003,2,r0010|r0022,r0010|r0022,1,1,0,0,0.27567548239465467,0.27567548239465467,0.0,6.534439521434833,6.2595910654873625,6.534439521434833,0.0,0.0,,r0010|r0022,0
20012,5,31267.63643893238,edge_4,2,1.0,0.003,2,r0010|r0022,r0010|r0022,1,1,0,0,0.21230930201129777,0.21230930201129777,0.0,6.6152353082446025,6.403562934139338,6.6152353082446025,0.0,0.0,,r0010|r0022,0
20012,5,31267.63643893238,cloud_0,2,1.0,0.003,2,r0010|r0022,r0010|r0022,1,1,0,0,0.11722291403557875,0.11722291403557875,0.0,6.795466898394791,6.678595653101319,6.795466898394792,-8.881784197001252e-16,-1.307016034335961e-16,,r0010|r0022,0
20012,5,31267.63643893238,edge_4,4,1.0,0.003,2,r0010|r0022,r0010|r0022,1,1,0,0,0.4050792357464147,0.4050792357464147,0.0,6.45670725292367,6.052843254884495,6.45670725292367,0.0,0.0,,r0010|r0022,0
20012,5,31267.63643893238,cloud_0,4,1.0,0.003,2,r0010|r0022,r0010|r0022,1,1,0,0,0.22902613551910705,0.22902613551910705,0.0,6.702324784686691,6.473985727574141,6.702324784686691,0.0,0.0,,r0010|r0022,0
20012,5,31267.63643893238,edge_4,8,1.0,0.003,2,r0010|r0022,r0010|r0022,1,1,0,0,0.7906191032166486,0.7906191032166486,0.0,6.185600255353191,5.397353009446193,6.185600255353192,-8.881784197001252e-16,-1.4358807278751496e-16,,r0010|r0022,0
20012,5,31267.63643893238,cloud_0,8,1.0,0.003,2,r0010|r0022,r0010|r0022,1,1,0,0,0.4526325784861638,0.4526325784861638,0.0,6.540608065811184,6.0893333850604785,6.540608065811184,0.0,0.0,,r0010|r0022,0
20013,0,0.0,edge_2,1,1.0,0.003,1,r0006,r0006,1,1,0,0,0.033560919278728875,0.033560919278728875,0.0,-1.3536475594555157,-1.3871077959764084,-1.3536475594555157,0.0,0.0,,r0006,0
20013,0,0.0,cloud_0,1,1.0,0.003,1,r0006,r0006,1,1,0,0,0.016854131698061645,0.016854131698061645,0.0,-0.43403237027699026,-0.4508359395799577,-0.43403237027699026,0.0,0.0,,r0006,1
20013,0,0.0,edge_2,2,1.0,0.003,1,r0006,r0006,1,1,0,0,0.059891193352658835,0.059891193352658835,0.0,-1.3630443279558073,-1.4227558477284084,-1.3630443279558075,2.220446049250313e-16,1.629034363526807e-16,,r0006,0
20013,0,0.0,cloud_0,2,1.0,0.003,1,r0006,r0006,1,1,0,0,0.02831186606507915,0.02831186606507915,0.0,-0.43406674348009133,-0.4622936739469753,-0.4340667434800914,5.551115123125783e-17,1.27886211199232e-16,,r0006,0
20013,0,0.0,cloud_0,4,1.0,0.003,1,r0006,r0006,1,1,0,0,0.05122733479911415,0.05122733479911415,0.0,-0.4341354898862934,-0.48520914268101023,-0.4341354898862934,0.0,0.0,,r0006,0
20013,0,0.0,cloud_0,8,1.0,0.003,1,r0006,r0006,1,1,0,0,0.09705827226718416,0.09705827226718416,0.0,-0.43427298269869763,-0.5310400801490803,-0.43427298269869774,1.1102230246251565e-16,2.556509543204622e-16,,r0006,0
20013,1,13387.83305754077,edge_2,1,1.0,0.003,4,r0002|r0004|r0011|r0017,r0002|r0004|r0011|r0017,1,1,0,0,0.01648460088444199,0.01648460088444199,0.0,6.760735759340004,6.744300612258215,6.760735759340004,0.0,0.0,,r0002|r0004|r0011|r0017,0
20013,1,13387.83305754077,cloud_0,1,1.0,0.003,4,r0002|r0004|r0011|r0017,r0002|r0004|r0011|r0017,1,1,0,0,0.00927178782148912,0.00927178782148912,0.0,7.425434102481094,7.41619013002307,7.425434102481095,-8.881784197001252e-16,-1.1961299601370834e-16,,r0002|r0004|r0011|r0017,1
20013,1,13387.83305754077,edge_2,2,1.0,0.003,4,r0002|r0004|r0011|r0017,r0002|r0004|r0011|r0017,1,1,0,0,0.026225459530309837,0.026225459530309837,0.0,6.618157183515993,6.592010400364273,6.618157183515993,0.0,0.0,,r0002|r0004|r0011|r0017,0
20013,1,13387.83305754077,cloud_0,2,1.0,0.003,4,r0002|r0004|r0011|r0017,r0002|r0004|r0011|r0017,1,1,0,0,0.013510565228729432,0.013510565228729432,0.0,7.297282148701567,7.283812115168524,7.297282148701567,0.0,0.0,,r0002|r0004|r0011|r0017,0
20013,1,13387.83305754077,cloud_0,4,1.0,0.003,4,r0002|r0004|r0011|r0017,r0002|r0004|r0011|r0017,1,1,0,0,0.021988120043210053,0.021988120043210053,0.0,7.166180425479268,7.144258269796187,7.166180425479268,0.0,0.0,,r0002|r0004|r0011|r0017,0
20013,1,13387.83305754077,cloud_0,8,1.0,0.003,4,r0002|r0004|r0011|r0017,r0002|r0004|r0011|r0017,1,1,0,0,0.0389432296721713,0.0389432296721713,0.0,7.057785760506623,7.018959360523468,7.057785760506622,8.881784197001252e-16,1.258437773317123e-16,,r0002|r0004|r0011|r0017,0
20013,2,20252.851814431662,edge_2,1,1.0,0.003,3,r0010|r0020|r0023,r0010|r0020|r0023,1,1,0,0,0.046704936441773814,0.046704936441773814,0.0,6.224841447209771,6.178276625577322,6.22484144720977,8.881784197001252e-16,1.4268289838904141e-16,,r0010|r0020|r0023,0
20013,2,20252.851814431662,cloud_0,1,1.0,0.003,3,r0010|r0020|r0023,r0010|r0020|r0023,1,1,0,0,0.0237814497373519,0.0237814497373519,0.0,6.747124269114537,6.723414163726398,6.747124269114537,0.0,0.0,,r0010|r0020|r0023,1
20013,2,20252.851814431662,edge_2,2,1.0,0.003,3,r0010|r0020|r0023,r0010|r0020|r0023,1,1,0,0,0.08229824177203678,0.08229824177203678,0.0,6.118861539173008,6.036810192126288,6.118861539173009,-8.881784197001252e-16,-1.4515419478182315e-16,,r0010|r0020|r0023,0
20013,2,20252.851814431662,cloud_0,2,1.0,0.003,3,r0010|r0020|r0023,r0010|r0020|r0023,1,1,0,0,0.03927003282514016,0.03927003282514016,0.0,6.6298082705451655,6.590656047818501,6.6298082705451655,0.0,0.0,,r0010|r0020|r0023,0
20013,2,20252.851814431662,cloud_0,4,1.0,0.003,3,r0010|r0020|r0023,r0010|r0020|r0023,1,1,0,0,0.07024719900071669,0.07024719900071669,0.0,6.539129643626795,6.4690931862230805,6.539129643626795,0.0,0.0,,r0010|r0020|r0023,0
20013,2,20252.851814431662,cloud_0,8,1.0,0.003,3,r0010|r0020|r0023,r0010|r0020|r0023,1,1,0,0,0.1322015313518697,0.1322015313518697,0.0,6.4768962133814485,6.345091286623634,6.4768962133814485,0.0,0.0,,r0010|r0020|r0023,0
20013,3,25457.684760321772,edge_2,1,1.0,0.003,4,r0003|r0007|r0014|r0016,r0003|r0007|r0014|r0016,1,1,0,0,0.12497619360189821,0.12497619360189821,0.0,6.245398030248379,6.120796765227286,6.245398030248379,0.0,0.0,,r0003|r0007|r0014|r0016,0
20013,3,25457.684760321772,cloud_0,1,1.0,0.003,4,r0003|r0007|r0014|r0016,r0003|r0007|r0014|r0016,1,1,0,0,0.05803040602499324,0.05803040602499324,0.0,6.745700793246258,6.687844478439341,6.745700793246259,-8.881784197001252e-16,-1.3166584865272446e-16,,r0003|r0007|r0014|r0016,1
20013,3,25457.684760321772,edge_2,2,1.0,0.003,4,r0003|r0007|r0014|r0016,r0003|r0007|r0014|r0016,1,1,0,0,0.23823376993144016,0.23823376993144016,0.0,6.134392156177237,5.8968730875555915,6.134392156177237,0.0,0.0,,r0003|r0007|r0014|r0016,0
20013,3,25457.684760321772,cloud_0,2,1.0,0.003,4,r0003|r0007|r0014|r0016,r0003|r0007|r0014|r0016,1,1,0,0,0.10731493762510105,0.10731493762510105,0.0,6.643918588169719,6.536925595357494,6.64391858816972,-8.881784197001252e-16,-1.3368291737975711e-16,,r0003|r0007|r0014|r0016,0
20013,3,25457.684760321772,cloud_0,4,1.0,0.003,4,r0003|r0007|r0014|r0016,r0003|r0007|r0014|r0016,1,1,0,0,0.20588400082531674,0.20588400082531674,0.0,6.551135861420767,6.345869512597926,6.551135861420767,0.0,0.0,,r0003|r0007|r0014|r0016,0
20013,3,25457.684760321772,cloud_0,8,1.0,0.003,4,r0003|r0007|r0014|r0016,r0003|r0007|r0014|r0016,1,1,0,0,0.40302212722574804,0.40302212722574804,0.0,6.435617048482646,6.033803987638575,6.435617048482646,0.0,0.0,,r0003|r0007|r0014|r0016,0
20014,0,0.0,edge_3,1,1.0,0.003,1,r0023,r0023,1,1,0,0,0.010637160463185094,0.010637160463185094,0.0,-1.0370088239065405,-1.047614072888336,-1.0370088239065405,0.0,0.0,,r0023,0
20014,0,0.0,cloud_0,1,1.0,0.003,1,r0023,r0023,1,1,0,0,0.010962519644957267,0.010962519644957267,0.0,-0.48619643908037824,-0.4971260711664006,-0.48619643908037824,0.0,0.0,,r0023,1
20014,0,0.0,edge_3,2,1.0,0.003,1,r0023,r0023,1,1,0,0,0.01763379770695567,0.01763379770695567,0.0,-1.0375774073885176,-1.0551583037023522,-1.0375774073885173,-2.220446049250313e-16,-2.1400292965504734e-16,,r0023,0
20014,0,0.0,cloud_0,2,1.0,0.003,1,r0023,r0023,1,1,0,0,0.01816574122044342,0.01816574122044342,0.0,-0.4862180487451047,-0.5043292927418868,-0.48621804874510466,-5.551115123125783e-17,-1.1416925261110376e-16,,r0023,0
20014,0,0.0,edge_3,4,1.0,0.003,1,r0023,r0023,1,1,0,0,0.03162707219449683,0.03162707219449683,0.0,-1.0387145743524713,-1.0702467653303847,-1.0387145743524713,0.0,0.0,,r0023,0
20014,0,0.0,cloud_0,4,1.0,0.003,1,r0023,r0023,1,1,0,0,0.03257218437141572,0.03257218437141572,0.0,-0.4862612680745576,-0.5187357358928592,-0.48626126807455766,5.551115123125783e-17,1.1415910514745418e-16,,r0023,0
20014,0,0.0,edge_3,8,1.0,0.003,1,r0023,r0023,1,1,0,0,0.05961362116957913,0.05961362116957913,0.0,-1.0409889082803792,-1.1004236885864496,-1.0409889082803792,0.0,0.0,,r0023,0
20014,0,0.0,cloud_0,8,1.0,0.003,1,r0023,r0023,1,1,0,0,0.061385070673360326,0.061385070673360326,0.0,-0.4863477067334635,-0.5475486221948037,-0.48634770673346345,-5.551115123125783e-17,-1.141388156306862e-16,,r0023,0
20014,1,10042.389596120081,edge_3,1,1.0,0.003,3,r0004|r0011|r0016,r0004|r0011|r0016,1,1,0,0,0.019334894113532192,0.019334894113532192,0.0,7.057898622571534,7.038621733140342,7.057898622571534,0.0,0.0,,r0004|r0011|r0016,0
20014,1,10042.389596120081,cloud_0,1,1.0,0.003,3,r0004|r0011|r0016,r0004|r0011|r0016,1,1,0,0,0.019331396078218436,0.019331396078218436,0.0,7.237465665134658,7.218192263244674,7.237465665134658,0.0,0.0,,r0004|r0011|r0016,1
20014,1,10042.389596120081,edge_3,2,1.0,0.003,3,r0004|r0011|r0016,r0004|r0011|r0016,1,1,0,0,0.02705027951080725,0.02705027951080725,0.0,6.937605411239159,6.910636282566884,6.937605411239159,0.0,0.0,,r0004|r0011|r0016,0
20014,1,10042.389596120081,cloud_0,2,1.0,0.003,3,r0004|r0011|r0016,r0004|r0011|r0016,1,1,0,0,0.02703145409583006,0.02703145409583006,0.0,7.118095589221115,7.091145229487572,7.118095589221115,0.0,0.0,,r0004|r0011|r0016,0
20014,1,10042.389596120081,edge_3,4,1.0,0.003,3,r0004|r0011|r0016,r0004|r0011|r0016,1,1,0,0,0.04248105030535735,0.04248105030535735,0.0,6.808015645389787,6.765662038235345,6.808015645389787,0.0,0.0,,r0004|r0011|r0016,0
20014,1,10042.389596120081,cloud_0,4,1.0,0.003,3,r0004|r0011|r0016,r0004|r0011|r0016,1,1,0,0,0.04243157013105331,0.04243157013105331,0.0,6.9901504504057,6.94784617498504,6.9901504504057,0.0,0.0,,r0004|r0011|r0016,0
20014,1,10042.389596120081,edge_3,8,1.0,0.003,3,r0004|r0011|r0016,r0004|r0011|r0016,1,1,0,0,0.07334259189445756,0.07334259189445756,0.0,6.6917584260908525,6.618635861972078,6.6917584260908525,0.0,0.0,,r0004|r0011|r0016,0
20014,1,10042.389596120081,cloud_0,8,1.0,0.003,3,r0004|r0011|r0016,r0004|r0011|r0016,1,1,0,0,0.07323180220149982,0.07323180220149982,0.0,6.877126306778187,6.804114199983292,6.877126306778187,0.0,0.0,,r0004|r0011|r0016,0
20014,2,13078.015355289213,edge_3,1,1.0,0.003,4,r0001|r0008|r0012|r0019,r0001|r0008|r0012|r0019,1,1,0,0,0.05750112139517925,0.05750112139517925,0.0,5.762269603777717,5.704940985746723,5.762269603777717,0.0,0.0,,r0001|r0008|r0012|r0019,0
20014,2,13078.015355289213,cloud_0,1,1.0,0.003,4,r0001|r0008|r0012|r0019,r0001|r0008|r0012|r0019,1,1,0,0,0.05882324195486224,0.05882324195486224,0.0,6.05095393685697,5.992307164627972,6.05095393685697,0.0,0.0,,r0001|r0008|r0012|r0019,1
20014,2,13078.015355289213,edge_3,2,1.0,0.003,4,r0001|r0008|r0012|r0019,r0001|r0008|r0012|r0019,1,1,0,0,0.09545026766719661,0.09545026766719661,0.0,5.634769531506093,5.539605614641897,5.634769531506092,8.881784197001252e-16,1.5762462239741825e-16,,r0001|r0008|r0012|r0019,0
20014,2,13078.015355289213,cloud_0,2,1.0,0.003,4,r0001|r0008|r0012|r0019,r0001|r0008|r0012|r0019,1,1,0,0,0.09760524997720264,0.09760524997720264,0.0,5.9237018578904514,5.82638942366318,5.923701857890451,8.881784197001252e-16,1.4993638116966666e-16,,r0001|r0008|r0012|r0019,0
20014,2,13078.015355289213,edge_3,4,1.0,0.003,4,r0001|r0008|r0012|r0019,r0001|r0008|r0012|r0019,1,1,0,0,0.17134856021123132,0.17134856021123132,0.0,5.534023237935739,5.363188723405141,5.534023237935739,0.0,0.0,,r0001|r0008|r0012|r0019,0
20014,2,13078.015355289213,cloud_0,4,1.0,0.003,4,r0001|r0008|r0012|r0019,r0001|r0008|r0012|r0019,1,1,0,0,0.17516926602188346,0.17516926602188346,0.0,5.82346219353755,5.648818435313732,5.82346219353755,0.0,0.0,,r0001|r0008|r0012|r0019,0
20014,2,13078.015355289213,edge_3,8,1.0,0.003,4,r0001|r0008|r0012|r0019,r0001|r0008|r0012|r0019,1,1,0,0,0.3231451452993007,0.3231451452993007,0.0,5.464929169479843,5.14275345961644,5.464929169479843,0.0,0.0,,r0001|r0008|r0012|r0019,0
20014,2,13078.015355289213,cloud_0,8,1.0,0.003,4,r0001|r0008|r0012|r0019,r0001|r0008|r0012|r0019,1,1,0,0,0.33029729811124514,0.33029729811124514,0.0,5.755539849692075,5.426233443475163,5.755539849692075,0.0,0.0,,r0001|r0008|r0012|r0019,0
20014,3,23545.652496047907,edge_3,1,1.0,0.003,2,r0000|r0022,r0000|r0022,1,1,0,0,0.02688389198004702,0.02688389198004702,0.0,5.691081861955615,5.6642786216515075,5.691081861955614,8.881784197001252e-16,1.5606495236652987e-16,,r0000|r0022,0
20014,3,23545.652496047907,cloud_0,1,1.0,0.003,2,r0000|r0022,r0000|r0022,1,1,0,0,0.02774563402286826,0.02774563402286826,0.0,5.976066103618411,5.948403706497611,5.976066103618411,0.0,0.0,,r0000|r0022,1
20014,3,23545.652496047907,edge_3,2,1.0,0.003,2,r0000|r0022,r0000|r0022,1,1,0,0,0.03184124112602574,0.03184124112602574,0.0,5.626532398542504,5.5947866811398566,5.626532398542504,0.0,0.0,,r0000|r0022,0
20014,3,23545.652496047907,cloud_0,2,1.0,0.003,2,r0000|r0022,r0000|r0022,1,1,0,0,0.03284935500787787,0.03284935500787787,0.0,5.911885139648024,5.87913433270517,5.911885139648024,0.0,0.0,,r0000|r0022,0
20014,3,23545.652496047907,edge_3,4,1.0,0.003,2,r0000|r0022,r0000|r0022,1,1,0,0,0.04175593941798317,0.04175593941798317,0.0,5.537148551545064,5.495517879945335,5.537148551545064,0.0,0.0,,r0000|r0022,0
20014,3,23545.652496047907,cloud_0,4,1.0,0.003,2,r0000|r0022,r0000|r0022,1,1,0,0,0.04305679697789711,0.04305679697789711,0.0,5.823097594480173,5.78016996789321,5.823097594480173,0.0,0.0,,r0000|r0022,0
20014,3,23545.652496047907,edge_3,8,1.0,0.003,2,r0000|r0022,r0000|r0022,1,1,0,0,0.06158533600189802,0.06158533600189802,0.0,5.436137782440301,5.3747372024464095,5.436137782440301,0.0,0.0,,r0000|r0022,0
20014,3,23545.652496047907,cloud_0,8,1.0,0.003,2,r0000|r0022,r0000|r0022,1,1,0,0,0.06347168091793556,0.06347168091793556,0.0,5.723105181765546,5.659823915890364,5.723105181765545,8.881784197001252e-16,1.551916995217843e-16,,r0000|r0022,0
20014,4,30124.791894149297,edge_3,1,1.0,0.003,2,r0006|r0015,r0006|r0015,1,1,0,0,0.043606837653386105,0.043606837653386105,0.0,5.357061595014201,5.313585577873775,5.357061595014201,0.0,0.0,,r0006|r0015,0
20014,4,30124.791894149297,cloud_0,1,1.0,0.003,2,r0006|r0015,r0006|r0015,1,1,0,0,0.04493320482592597,0.04493320482592597,0.0,5.837712525194298,5.792914119982849,5.837712525194298,0.0,0.0,,r0006|r0015,1
20014,4,30124.791894149297,edge_3,2,1.0,0.003,2,r0006|r0015,r0006|r0015,1,1,0,0,0.07468869280102756,0.07468869280102756,0.0,5.2736551679586565,5.199190541236032,5.2736551679586565,0.0,0.0,,r0006|r0015,0
20014,4,30124.791894149297,cloud_0,2,1.0,0.003,2,r0006|r0015,r0006|r0015,1,1,0,0,0.07693279002736902,0.07693279002736902,0.0,5.754622769347108,5.67792077768982,5.754622769347107,8.881784197001252e-16,1.543417275639935e-16,,r0006|r0015,0
20014,4,30124.791894149297,edge_3,4,1.0,0.003,2,r0006|r0015,r0006|r0015,1,1,0,0,0.13685240309631053,0.13685240309631053,0.0,5.21182850457704,5.075386658690019,5.21182850457704,0.0,0.0,,r0006|r0015,0
20014,4,30124.791894149297,cloud_0,4,1.0,0.003,2,r0006|r0015,r0006|r0015,1,1,0,0,0.14093196043025513,0.14093196043025513,0.0,5.6935353722072755,5.553026207658311,5.6935353722072755,0.0,0.0,,r0006|r0015,0
20014,4,30124.791894149297,edge_3,8,1.0,0.003,2,r0006|r0015,r0006|r0015,1,1,0,0,0.2611798236868764,0.2611798236868764,0.0,5.163108049550032,4.9027117653342165,5.163108049550032,0.0,0.0,,r0006|r0015,0
20014,4,30124.791894149297,cloud_0,8,1.0,0.003,2,r0006|r0015,r0006|r0015,1,1,0,0,0.26893030123602735,0.26893030123602735,0.0,5.646432536480187,5.378309026147868,5.646432536480187,0.0,0.0,,r0006|r0015,0
20015,0,0.0,cloud_0,1,1.0,0.003,1,r0022,r0022,1,1,0,0,0.007914575569768784,0.007914575569768784,0.0,-0.10025093202251012,-0.10814176386556962,-0.10025093202251015,2.7755575615628914e-17,2.76861023191253e-16,,r0022,1
20015,0,0.0,cloud_0,2,1.0,0.003,1,r0022,r0022,1,1,0,0,0.009890148191924452,0.009890148191924452,0.0,-0.1002568587403766,-0.11011733648772529,-0.10025685874037661,1.3877787807814457e-17,1.3842232822945442e-16,,r0022,0
20015,0,0.0,cloud_0,4,1.0,0.003,1,r0022,r0022,1,1,0,0,0.013841293436235783,0.013841293436235783,0.0,-0.10026871217610953,-0.1140684817320366,-0.10026871217610953,0.0,0.0,,r0022,0
20015,0,0.0,cloud_0,8,1.0,0.003,1,r0022,r0022,1,1,0,0,0.021743583924858447,0.021743583924858447,0.0,-0.10029241904757538,-0.12197077222065926,-0.10029241904757538,0.0,0.0,,r0022,0
20015,1,2493.9168884550345,cloud_0,1,1.0,0.003,2,r0001|r0011,r0001|r0011,1,1,0,0,0.023242688245365115,0.023242688245365115,0.0,4.606201424503857,4.583028464323228,4.606201424503857,0.0,0.0,,r0001|r0011,1
20015,1,2493.9168884550345,cloud_0,2,1.0,0.003,2,r0001|r0011,r0001|r0011,1,1,0,0,0.03851915523519447,0.03851915523519447,0.0,4.518482823242026,4.4800792254725375,4.518482823242026,0.0,0.0,,r0001|r0011,0
20015,1,2493.9168884550345,cloud_0,4,1.0,0.003,2,r0001|r0011,r0001|r0011,1,1,0,0,0.06907208921485317,0.06907208921485317,0.0,4.455606820533124,4.386741947585915,4.455606820533124,0.0,0.0,,r0001|r0011,0
20015,1,2493.9168884550345,cloud_0,8,1.0,0.003,2,r0001|r0011,r0001|r0011,1,1,0,0,0.13017795717417058,0.13017795717417058,0.0,4.416720108579063,4.2869326852764145,4.416720108579063,0.0,0.0,,r0001|r0011,0
20015,2,11478.132011311864,cloud_0,1,1.0,0.003,3,r0013|r0015|r0017,r0013|r0015|r0017,1,1,0,0,0.06720022467087645,0.06720022467087645,0.0,7.5276406610140905,7.460642037017227,7.5276406610140905,0.0,0.0,,r0013|r0015|r0017,1
20015,2,11478.132011311864,cloud_0,2,1.0,0.003,3,r0013|r0015|r0017,r0013|r0015|r0017,1,1,0,0,0.11924221363068399,0.11924221363068399,0.0,7.391640817100481,7.272756330110689,7.391640817100481,0.0,0.0,,r0013|r0015|r0017,0
20015,2,11478.132011311864,cloud_0,4,1.0,0.003,3,r0013|r0015|r0017,r0013|r0015|r0017,1,1,0,0,0.2233261915502991,0.2233261915502991,0.0,7.243107006455569,7.02045079347992,7.243107006455569,0.0,0.0,,r0013|r0015|r0017,0
20015,2,11478.132011311864,cloud_0,8,1.0,0.003,3,r0013|r0015|r0017,r0013|r0015|r0017,1,1,0,0,0.4314941473895293,0.4314941473895293,0.0,7.030750774577014,6.600551109629653,7.0307507745770135,8.881784197001252e-16,1.2632767796459973e-16,,r0013|r0015|r0017,0
20015,3,13635.106157419606,cloud_0,1,1.0,0.003,1,r0019,r0019,1,1,0,0,0.010448707191030084,0.010448707191030084,0.0,0.6383959689868559,0.6279786079173989,0.6383959689868559,0.0,0.0,,r0019,1
20015,3,13635.106157419606,cloud_0,2,1.0,0.003,1,r0019,r0019,1,1,0,0,0.015240075304523197,0.015240075304523197,0.0,0.6383815948825154,0.6231872398039058,0.6383815948825154,0.0,0.0,,r0019,0
20015,3,13635.106157419606,cloud_0,4,1.0,0.003,1,r0019,r0019,1,1,0,0,0.02482281153150942,0.02482281153150942,0.0,0.6383528466738344,0.6136045035769195,0.6383528466738344,0.0,0.0,,r0019,0
20015,3,13635.106157419606,cloud_0,8,1.0,0.003,1,r0019,r0019,1,1,0,0,0.04398828398548186,0.04398828398548186,0.0,0.6382953502564725,0.5944390311229472,0.6382953502564725,0.0,0.0,,r0019,0
20015,4,19076.020226610643,cloud_0,1,1.0,0.003,1,r0018,r0018,1,1,0,0,0.03893416746658835,0.03893416746658835,0.0,-0.2107113725031962,-0.24952873746738477,-0.2107113725031962,0.0,0.0,,r0018,1
20015,4,19076.020226610643,cloud_0,2,1.0,0.003,1,r0018,r0018,1,1,0,0,0.06579848750590168,0.06579848750590168,0.0,-0.21079196546331413,-0.27639305750669807,-0.21079196546331408,-5.551115123125783e-17,-2.633456693154602e-16,,r0018,0
20015,4,19076.020226610643,cloud_0,4,1.0,0.003,1,r0018,r0018,1,1,0,0,0.11952712758452834,0.11952712758452834,0.0,-0.21095315138355,-0.3301216975853247,-0.21095315138354997,-2.7755575615628914e-17,-1.31572225556206e-16,,r0018,0
20015,4,19076.020226610643,cloud_0,8,1.0,0.003,1,r0018,r0018,1,1,0,0,0.2269844077417817,0.2269844077417817,0.0,-0.21127552322402177,-0.4375789777425781,-0.21127552322402174,-2.7755575615628914e-17,-1.3137146789218384e-16,,r0018,0
20015,5,20771.24216965251,cloud_0,1,1.0,0.003,1,r0023,r0023,1,1,0,0,0.015662119977248205,0.015662119977248205,0.0,-0.11343215410934719,-0.12904728772666363,-0.11343215410934716,-2.7755575615628914e-17,-2.4468878188518647e-16,,r0023,1
20015,5,20771.24216965251,cloud_0,2,1.0,0.003,1,r0023,r0023,1,1,0,0,0.025021921622990526,0.025021921622990526,0.0,-0.11346023351428441,-0.13840708937240595,-0.1134602335142844,-1.3877787807814457e-17,-1.2231411286552016e-16,,r0023,0
20015,5,20771.24216965251,cloud_0,4,1.0,0.003,1,r0023,r0023,1,1,0,0,0.04374152491447517,0.04374152491447517,0.0,-0.11351639232415886,-0.1571266926638906,-0.11351639232415885,-1.3877787807814457e-17,-1.2225360164886908e-16,,r0023,0
20015,5,20771.24216965251,cloud_0,8,1.0,0.003,1,r0023,r0023,1,1,0,0,0.08118073149744445,0.08118073149744445,0.0,-0.11362870994390778,-0.19456589924685988,-0.11362870994390777,-1.3877787807814457e-17,-1.2213275865461426e-16,,r0023,0
20015,6,25627.174289879113,cloud_0,1,1.0,0.003,1,r0010,r0010,1,1,0,0,0.012751182107184959,0.012751182107184959,0.0,-0.4368878513481924,-0.44960077990905584,-0.4368878513481924,0.0,0.0,,r0010,1
20015,6,25627.174289879113,cloud_0,2,1.0,0.003,1,r0010,r0010,1,1,0,0,0.020371385211577154,0.020371385211577154,0.0,-0.4369107119575056,-0.45722098301344805,-0.43691071195750564,5.551115123125783e-17,1.270537657054673e-16,,r0010,0
20015,6,25627.174289879113,cloud_0,4,1.0,0.003,1,r0010,r0010,1,1,0,0,0.03561179142036155,0.03561179142036155,0.0,-0.436956433176132,-0.4724613892222324,-0.436956433176132,0.0,0.0,,r0010,0
20015,6,25627.174289879113,cloud_0,8,1.0,0.003,1,r0010,r0010,1,1,0,0,0.06609260383793034,0.06609260383793034,0.0,-0.43704787561338465,-0.5029422016398012,-0.43704787561338465,0.0,0.0,,r0010,0
20015,7,34500.10996068277,cloud_0,1,1.0,0.003,2,r0008|r0016,r0008|r0016,1,1,0,0,0.04440748452993529,0.04440748452993529,0.0,5.532692213533299,5.488417951456954,5.532692213533299,0.0,0.0,,r0008|r0016,1
20015,7,34500.10996068277,cloud_0,2,1.0,0.003,2,r0008|r0016,r0008|r0016,1,1,0,0,0.0676037280544938,0.0676037280544938,0.0,5.43156871644407,5.364167799573739,5.431568716444069,8.881784197001252e-16,1.6352152869044368e-16,,r0008|r0016,0
20015,7,34500.10996068277,cloud_0,4,1.0,0.003,2,r0008|r0016,r0008|r0016,1,1,0,0,0.11399621510361081,0.11399621510361081,0.0,5.344150530380196,5.230496303921895,5.344150530380195,8.881784197001252e-16,1.6619637015294517e-16,,r0008|r0016,0
20015,7,34500.10996068277,cloud_0,8,1.0,0.003,2,r0008|r0016,r0008|r0016,1,1,0,0,0.2067811892018448,0.2067811892018448,0.0,5.278417081519948,5.072256235885709,5.278417081519948,0.0,0.0,,r0008|r0016,0
20016,0,0.0,edge_1,1,1.0,0.003,1,r0000,r0000,1,1,0,0,0.009046235379945504,0.009046235379945504,0.0,-0.24857020572943114,-0.2575893024032368,-0.24857020572943114,0.0,0.0,,r0000,0
20016,0,0.0,cloud_0,1,1.0,0.003,1,r0000,r0000,1,1,0,0,0.005514780756196233,0.005514780756196233,0.0,-0.0977793718101885,-0.10327760822411614,-0.09777937181018849,-1.3877787807814457e-17,-1.419296069395325e-16,,r0000,1
20016,0,0.0,edge_1,2,1.0,0.003,1,r0000,r0000,1,1,0,0,0.012214127959530445,0.012214127959530445,0.0,-0.24990333783135288,-0.2620808234070047,-0.24990333783135288,0.0,0.0,,r0000,0
20016,0,0.0,cloud_0,2,1.0,0.003,1,r0000,r0000,1,1,0,0,0.007100719735729992,0.007100719735729992,0.0,-0.0977841296271271,-0.1048635472036499,-0.0977841296271271,0.0,0.0,,r0000,0
20016,0,0.0,edge_1,4,1.0,0.003,1,r0000,r0000,1,1,0,0,0.018549913118700332,0.018549913118700332,0.0,-0.25256960203519635,-0.2710638654145406,-0.25256960203519635,0.0,0.0,,r0000,0
20016,0,0.0,cloud_0,4,1.0,0.003,1,r0000,r0000,1,1,0,0,0.010272597694797513,0.010272597694797513,0.0,-0.0977936452610043,-0.10803542516271741,-0.09779364526100429,-1.3877787807814457e-17,-1.4190889163376237e-16,,r0000,0
20016,0,0.0,edge_1,8,1.0,0.003,1,r0000,r0000,1,1,0,0,0.03122148343704009,0.03122148343704009,0.0,-0.25790213044288324,-0.28902994942961224,-0.2579021304428833,5.551115123125783e-17,2.1524115033842923e-16,,r0000,0
20016,0,0.0,cloud_0,8,1.0,0.003,1,r0000,r0000,1,1,0,0,0.016616353612932556,0.016616353612932556,0.0,-0.0978126765287587,-0.11437918108085246,-0.0978126765287587,0.0,0.0,,r0000,0
20016,1,2651.534839848507,edge_1,1,1.0,0.003,1,r0006,r0006,1,1,0,0,0.019504444430169323,0.019504444430169323,0.0,-0.9726153195553096,-0.9920612506521883,-0.9726153195553094,-1.1102230246251565e-16,-1.141482148495011e-16,,r0006,0
20016,1,2651.534839848507,cloud_0,1,1.0,0.003,1,r0006,r0006,1,1,0,0,0.010724983938986599,0.010724983938986599,0.0,-0.40797687198060817,-0.4186696809677778,-0.40797687198060817,0.0,0.0,,r0006,1
20016,1,2651.534839848507,edge_1,2,1.0,0.003,1,r0006,r0006,1,1,0,0,0.03328245616138134,0.03328245616138134,0.0,-0.9784895409869451,-1.0116721497798422,-0.978489540986945,-1.1102230246251565e-16,-1.1346294243527015e-16,,r0006,0
20016,1,2651.534839848507,cloud_0,2,1.0,0.003,1,r0006,r0006,1,1,0,0,0.017622656545002016,0.017622656545002016,0.0,-0.4079975649984262,-0.4255673535737932,-0.4079975649984262,0.0,0.0,,r0006,0
20016,1,2651.534839848507,edge_1,4,1.0,0.003,1,r0006,r0006,1,1,0,0,0.06083847962380537,0.06083847962380537,0.0,-0.9902379838502166,-1.0508939480351505,-0.9902379838502166,0.0,0.0,,r0006,0
20016,1,2651.534839848507,cloud_0,4,1.0,0.003,1,r0006,r0006,1,1,0,0,0.03141800175703286,0.03141800175703286,0.0,-0.4080389510340623,-0.43936269878582407,-0.4080389510340623,0.0,0.0,,r0006,0
20016,1,2651.534839848507,edge_1,8,1.0,0.003,1,r0006,r0006,1,1,0,0,0.11595052654865343,0.11595052654865343,0.0,-1.0137348695767592,-1.1293375445457667,-1.0137348695767592,0.0,0.0,,r0006,0
20016,1,2651.534839848507,cloud_0,8,1.0,0.003,1,r0006,r0006,1,1,0,0,0.059008692181094544,0.059008692181094544,0.0,-0.40812172310533446,-0.4669533892098857,-0.40812172310533446,0.0,0.0,,r0006,0
20016,2,10481.828756741084,edge_1,1,1.0,0.003,2,r0007|r0009,r0007|r0009,1,1,0,0,0.07983609343129068,0.07983609343129068,0.0,4.975270294053252,4.8956737089022555,4.975270294053252,0.0,0.0,,r0007|r0009,0
20016,2,10481.828756741084,cloud_0,1,1.0,0.003,2,r0007|r0009,r0007|r0009,1,1,0,0,0.044999387448953806,0.044999387448953806,0.0,5.309449590301862,5.264585201015255,5.309449590301862,0.0,0.0,,r0007|r0009,1
20016,2,10481.828756741084,edge_1,2,1.0,0.003,2,r0007|r0009,r0007|r0009,1,1,0,0,0.1455569328565166,0.1455569328565166,0.0,4.903800601211371,4.758680339153424,4.903800601211371,0.0,0.0,,r0007|r0009,0
20016,2,10481.828756741084,cloud_0,2,1.0,0.003,2,r0007|r0009,r0007|r0009,1,1,0,0,0.07997117439494388,0.07997117439494388,0.0,5.236831501928095,5.157100241056336,5.236831501928094,8.881784197001252e-16,1.696022526928957e-16,,r0007|r0009,0
20016,2,10481.828756741084,edge_1,4,1.0,0.003,2,r0007|r0009,r0007|r0009,1,1,0,0,0.2769986117069685,0.2769986117069685,0.0,4.838756479053884,4.562588863182036,4.838756479053884,0.0,0.0,,r0007|r0009,0
20016,2,10481.828756741084,cloud_0,4,1.0,0.003,2,r0007|r0009,r0007|r0009,1,1,0,0,0.14991474828692405,0.14991474828692405,0.0,5.182756382562874,5.033291378520811,5.182756382562874,0.0,0.0,,r0007|r0009,0
20016,2,10481.828756741084,edge_1,8,1.0,0.003,2,r0007|r0009,r0007|r0009,1,1,0,0,0.5398819694078721,0.5398819694078721,0.0,4.756750242991532,4.218487919491883,4.756750242991532,0.0,0.0,,r0007|r0009,0
20016,2,10481.828756741084,cloud_0,8,1.0,0.003,2,r0007|r0009,r0007|r0009,1,1,0,0,0.2898018960708844,0.2898018960708844,0.0,5.13429978926882,4.845367298886148,5.13429978926882,0.0,0.0,,r0007|r0009,0
20016,3,16004.882871036005,edge_1,1,1.0,0.003,2,r0002|r0012,r0002|r0012,1,1,0,0,0.04304357620777838,0.04304357620777838,0.0,4.184440843679255,4.1415263982001,4.184440843679256,-8.881784197001252e-16,-2.1225737270052457e-16,,r0002|r0012,0
20016,3,16004.882871036005,cloud_0,1,1.0,0.003,2,r0002|r0012,r0002|r0012,1,1,0,0,0.025898679174564388,0.025898679174564388,0.0,4.58245843075332,4.556637447616279,4.58245843075332,0.0,0.0,,r0002|r0012,1
20016,3,16004.882871036005,edge_1,2,1.0,0.003,2,r0002|r0012,r0002|r0012,1,1,0,0,0.07560598089401134,0.07560598089401134,0.0,4.109372550266192,4.033993387314863,4.109372550266192,0.0,0.0,,r0002|r0012,0
20016,3,16004.882871036005,cloud_0,2,1.0,0.003,2,r0002|r0012,r0002|r0012,1,1,0,0,0.044013173037232955,0.044013173037232955,0.0,4.501046641925918,4.4571655084077975,4.501046641925918,0.0,0.0,,r0002|r0012,0
20016,3,16004.882871036005,edge_1,4,1.0,0.003,2,r0002|r0012,r0002|r0012,1,1,0,0,0.14073079026647728,0.14073079026647728,0.0,4.0554304473341665,3.9151218494384885,4.0554304473341665,0.0,0.0,,r0002|r0012,0
20016,3,16004.882871036005,cloud_0,4,1.0,0.003,2,r0002|r0012,r0002|r0012,1,1,0,0,0.0802421607625701,0.0802421607625701,0.0,4.4453929014358735,4.365391467155591,4.4453929014358735,0.0,0.0,,r0002|r0012,0
20016,3,16004.882871036005,edge_1,8,1.0,0.003,2,r0002|r0012,r0002|r0012,1,1,0,0,0.2709804090114092,0.2709804090114092,0.0,4.012271086503539,3.742103618719164,4.012271086503539,0.0,0.0,,r0002|r0012,0
20016,3,16004.882871036005,cloud_0,8,1.0,0.003,2,r0002|r0012,r0002|r0012,1,1,0,0,0.15270013621324438,0.15270013621324438,0.0,4.411999011816757,4.259756976012152,4.411999011816757,0.0,0.0,,r0002|r0012,0
20016,4,24644.43193969047,edge_1,1,1.0,0.003,2,r0004|r0019,r0004|r0019,1,1,0,0,0.06394013060930044,0.06394013060930044,0.0,4.810467984870655,4.746719674653183,4.810467984870655,0.0,0.0,,r0004|r0019,0
20016,4,24644.43193969047,cloud_0,1,1.0,0.003,2,r0004|r0019,r0004|r0019,1,1,0,0,0.03754929243064532,0.03754929243064532,0.0,5.375713451297586,5.338276806744233,5.375713451297586,0.0,0.0,,r0004|r0019,1
20016,4,24644.43193969047,edge_1,2,1.0,0.003,2,r0004|r0019,r0004|r0019,1,1,0,0,0.11231074922473015,0.11231074922473015,0.0,4.733414734590178,4.621440917613121,4.733414734590177,8.881784197001252e-16,1.8764010117465955e-16,,r0004|r0019,0
20016,4,24644.43193969047,cloud_0,2,1.0,0.003,2,r0004|r0019,r0004|r0019,1,1,0,0,0.06381265600597764,0.06381265600597764,0.0,5.294277215861046,5.230655997823086,5.294277215861046,0.0,0.0,,r0004|r0019,0
20016,4,24644.43193969047,edge_1,4,1.0,0.003,2,r0004|r0019,r0004|r0019,1,1,0,0,0.20905198645558962,0.20905198645558962,0.0,4.675502717923322,4.4670778874270995,4.675502717923322,0.0,0.0,,r0004|r0019,0
20016,4,24644.43193969047,cloud_0,4,1.0,0.003,2,r0004|r0019,r0004|r0019,1,1,0,0,0.1163393831566423,0.1163393831566423,0.0,5.238574582152725,5.122584217145553,5.238574582152725,0.0,0.0,,r0004|r0019,0
20016,4,24644.43193969047,edge_1,8,1.0,0.003,2,r0004|r0019,r0004|r0019,1,1,0,0,0.4025344609173085,0.4025344609173085,0.0,4.624403529623035,4.223076672088478,4.624403529623034,8.881784197001252e-16,1.9206334698315707e-16,,r0004|r0019,0
20016,4,24644.43193969047,cloud_0,8,1.0,0.003,2,r0004|r0019,r0004|r0019,1,1,0,0,0.22139283745797156,0.22139283745797156,0.0,5.205082906097057,4.984354247151459,5.205082906097057,0.0,0.0,,r0004|r0019,0
20016,5,32571.939545391237,edge_1,1,1.0,0.003,2,r0022|r0023,r0022|r0023,1,1,0,0,0.012052681529773908,0.012052681529773908,0.0,5.689475145047387,5.677458621562202,5.689475145047387,0.0,0.0,,r0022|r0023,0
20016,5,32571.939545391237,cloud_0,1,1.0,0.003,2,r0022|r0023,r0022|r0023,1,1,0,0,0.007550933909186784,0.007550933909186784,0.0,5.922976875192415,5.915448594084956,5.922976875192415,0.0,0.0,,r0022|r0023,1
20016,5,32571.939545391237,edge_1,2,1.0,0.003,2,r0022|r0023,r0022|r0023,1,1,0,0,0.016998228480154358,0.016998228480154358,0.0,5.586943618991909,5.569996385197196,5.58694361899191,-8.881784197001252e-16,-1.5897393642579576e-16,,r0022|r0023,0
20016,5,32571.939545391237,cloud_0,2,1.0,0.003,2,r0022|r0023,r0022|r0023,1,1,0,0,0.010138152220773813,0.010138152220773813,0.0,5.830288403552555,5.820180665788444,5.830288403552555,0.0,0.0,,r0022|r0023,0
20016,5,32571.939545391237,edge_1,4,1.0,0.003,2,r0022|r0023,r0022|r0023,1,1,0,0,0.02688932238091525,0.02688932238091525,0.0,5.482468013909356,5.455659359495583,5.482468013909356,0.0,0.0,,r0022|r0023,0
20016,5,32571.939545391237,cloud_0,4,1.0,0.003,2,r0022|r0023,r0022|r0023,1,1,0,0,0.015312588843947874,0.015312588843947874,0.0,5.730762744426831,5.715496093349415,5.730762744426832,-8.881784197001252e-16,-1.5498432919141157e-16,,r0022|r0023,0
20016,5,32571.939545391237,edge_1,8,1.0,0.003,2,r0022|r0023,r0022|r0023,1,1,0,0,0.046671510182437044,0.046671510182437044,0.0,5.3900952134692925,5.3435637178174025,5.3900952134692925,0.0,0.0,,r0022|r0023,0
20016,5,32571.939545391237,cloud_0,8,1.0,0.003,2,r0022|r0023,r0022|r0023,1,1,0,0,0.025661462090295992,0.025661462090295992,0.0,5.645683726181973,5.620099248477948,5.645683726181973,0.0,0.0,,r0022|r0023,0
20016,6,35864.99014387162,edge_1,1,1.0,0.003,2,r0017|r0020,r0017|r0020,1,1,0,0,0.05255136091027915,0.05255136091027915,0.0,4.939740000624616,4.8873462937970675,4.9397400006246155,8.881784197001252e-16,1.7980266564390384e-16,,r0017|r0020,0
20016,6,35864.99014387162,cloud_0,1,1.0,0.003,2,r0017|r0020,r0017|r0020,1,1,0,0,0.031233517770852925,0.031233517770852925,0.0,5.347723494550948,5.316583677333408,5.347723494550948,0.0,0.0,,r0017|r0020,1
20016,6,35864.99014387162,edge_1,2,1.0,0.003,2,r0017|r0020,r0017|r0020,1,1,0,0,0.09581148804731052,0.09581148804731052,0.0,4.843599298647801,4.748075245064633,4.843599298647801,0.0,0.0,,r0017|r0020,0
20016,6,35864.99014387162,cloud_0,2,1.0,0.003,2,r0017|r0020,r0017|r0020,1,1,0,0,0.05550700216650459,0.05550700216650459,0.0,5.2631260263762405,5.207785545216236,5.263126026376241,-8.881784197001252e-16,-1.6875492155213548e-16,,r0017|r0020,0
20016,6,35864.99014387162,edge_1,4,1.0,0.003,2,r0017|r0020,r0017|r0020,1,1,0,0,0.18233174232137325,0.18233174232137325,0.0,4.729213158220448,4.547428411126039,4.729213158220448,0.0,0.0,,r0017|r0020,0
20016,6,35864.99014387162,cloud_0,4,1.0,0.003,2,r0017|r0020,r0017|r0020,1,1,0,0,0.10405397095780791,0.10405397095780791,0.0,5.185092147409141,5.0813503383642065,5.185092147409141,0.0,0.0,,r0017|r0020,0
20016,6,35864.99014387162,edge_1,8,1.0,0.003,2,r0017|r0020,r0017|r0020,1,1,0,0,0.35537225086949875,0.35537225086949875,0.0,4.548522885618363,4.194216751501473,4.548522885618364,-8.881784197001252e-16,-1.9526744000967667e-16,,r0017|r0020,0
20016,6,35864.99014387162,cloud_0,8,1.0,0.003,2,r0017|r0020,r0017|r0020,1,1,0,0,0.2011479085404146,0.2011479085404146,0.0,5.088718034911326,4.888173570096534,5.088718034911327,-8.881784197001252e-16,-1.7453873718424684e-16,,r0017|r0020,0
20017,0,0.0,edge_5,1,1.0,0.003,1,r0013,r0013,1,1,0,0,0.03212787729965432,0.03212787729965432,0.0,-0.13395552327544677,-0.16598701694320211,-0.13395552327544674,-2.7755575615628914e-17,-2.0719993425397146e-16,,r0013,0
20017,0,0.0,cloud_0,1,1.0,0.003,1,r0013,r0013,1,1,0,0,0.015165994253763516,0.015165994253763516,0.0,-0.05404493563293826,-0.06916543190394048,-0.05404493563293825,-6.938893903907228e-18,-1.2839119563458681e-16,,r0013,1
20017,0,0.0,edge_5,2,1.0,0.003,1,r0013,r0013,1,1,0,0,0.049794986888673794,0.049794986888673794,0.0,-0.13468555173299823,-0.184331153661006,-0.13468555173299823,0.0,0.0,,r0013,0
20017,0,0.0,cloud_0,2,1.0,0.003,1,r0013,r0013,1,1,0,0,0.02525778826269495,0.02525778826269495,0.0,-0.054075211014965055,-0.07925722591287193,-0.05407521101496507,1.3877787807814457e-17,2.5663862511740993e-16,,r0013,0
20017,0,0.0,edge_5,4,1.0,0.003,1,r0013,r0013,1,1,0,0,0.08512920606671269,0.08512920606671269,0.0,-0.13614560864810116,-0.2210194270966137,-0.13614560864810116,0.0,0.0,,r0013,0
20017,0,0.0,cloud_0,4,1.0,0.003,1,r0013,r0013,1,1,0,0,0.04544137628055782,0.04544137628055782,0.0,-0.054135761779018646,-0.09944081393073478,-0.05413576177901864,-6.938893903907228e-18,-1.281757876102619e-16,,r0013,0
20017,0,0.0,edge_5,8,1.0,0.003,1,r0013,r0013,1,1,0,0,0.15579764442279048,0.15579764442279048,0.0,-0.139065722478307,-0.2943959739678291,-0.139065722478307,0.0,0.0,,r0013,0
20017,0,0.0,cloud_0,8,1.0,0.003,1,r0013,r0013,1,1,0,0,0.08580855231628355,0.08580855231628355,0.0,-0.05425686330712581,-0.13980798996646052,-0.05425686330712581,0.0,0.0,,r0013,0
20017,1,1565.9858018530758,edge_5,1,1.0,0.003,1,r0011,r0011,1,1,0,0,0.013803826139182844,0.013803826139182844,0.0,0.06833475697640799,0.05457234231564269,0.06833475697640798,1.3877787807814457e-17,2.030853466356169e-16,,r0011,0
20017,1,1565.9858018530758,cloud_0,1,1.0,0.003,1,r0011,r0011,1,1,0,0,0.006215109703792531,0.006215109703792531,0.0,0.16503457591037696,0.15883811153569583,0.16503457591037698,-2.7755575615628914e-17,-1.6818036743222673e-16,,r0011,1
20017,1,1565.9858018530758,edge_5,2,1.0,0.003,1,r0011,r0011,1,1,0,0,0.01827980278806235,0.01827980278806235,0.0,0.06757713234773974,0.049352168968041565,0.06757713234773972,1.3877787807814457e-17,2.0536218874162732e-16,,r0011,0
20017,1,1565.9858018530758,cloud_0,2,1.0,0.003,1,r0011,r0011,1,1,0,0,0.008940833717002558,0.008940833717002558,0.0,0.16502639873833733,0.1561123875224858,0.16502639873833735,-2.7755575615628914e-17,-1.6818870088559356e-16,,r0011,0
20017,1,1565.9858018530758,edge_5,4,1.0,0.003,1,r0011,r0011,1,1,0,0,0.027231756085821363,0.027231756085821363,0.0,0.06606188309040324,0.03891182227283933,0.06606188309040323,1.3877787807814457e-17,2.1007254347901675e-16,,r0011,0
20017,1,1565.9858018530758,cloud_0,4,1.0,0.003,1,r0011,r0011,1,1,0,0,0.014392281743422617,0.014392281743422617,0.0,0.16501004439425807,0.15066093949606574,0.1650100443942581,-2.7755575615628914e-17,-1.6820537027014297e-16,,r0011,0
20017,1,1565.9858018530758,edge_5,8,1.0,0.003,1,r0011,r0011,1,1,0,0,0.04513566268133938,0.04513566268133938,0.0,0.06303138457573026,0.018031128882434883,0.06303138457573024,2.7755575615628914e-17,4.4034532641880085e-16,,r0011,0
20017,1,1565.9858018530758,cloud_0,8,1.0,0.003,1,r0011,r0011,1,1,0,0,0.025295177796262728,0.025295177796262728,0.0,0.16497733570609957,0.13975804344322562,0.16497733570609957,0.0,0.0,,r0011,0
20017,2,2997.374896814784,edge_5,1,1.0,0.003,1,r0019,r0019,1,1,0,0,0.030514342685140722,0.030514342685140722,0.0,0.3239779469564963,0.293555147299411,0.3239779469564963,0.0,0.0,,r0019,0
20017,2,2997.374896814784,cloud_0,1,1.0,0.003,1,r0019,r0019,1,1,0,0,0.015833720563182125,0.015833720563182125,0.0,0.3470782877134917,0.33129206831199914,0.3470782877134917,0.0,0.0,,r0019,1
20017,2,2997.374896814784,edge_5,2,1.0,0.003,1,r0019,r0019,1,1,0,0,0.0537818427815227,0.0537818427815227,0.0,0.32369300177651605,0.2700725045233379,0.32369300177651605,0.0,0.0,,r0019,0
20017,2,2997.374896814784,cloud_0,2,1.0,0.003,1,r0019,r0019,1,1,0,0,0.02912456572901615,0.02912456572901615,0.0,0.3470384151779942,0.3180012231461651,0.34703841517799416,5.551115123125783e-17,1.5995679095867944e-16,,r0019,0
20017,2,2997.374896814784,edge_5,4,1.0,0.003,1,r0019,r0019,1,1,0,0,0.10031684297428665,0.10031684297428665,0.0,0.3231231114165555,0.2231072189711917,0.3231231114165555,0.0,0.0,,r0019,0
20017,2,2997.374896814784,cloud_0,4,1.0,0.003,1,r0019,r0019,1,1,0,0,0.055706256060684196,0.055706256060684196,0.0,0.3469586701069992,0.29141953281449706,0.3469586701069992,0.0,0.0,,r0019,0
20017,2,2997.374896814784,edge_5,8,1.0,0.003,1,r0019,r0019,1,1,0,0,0.19338684335981454,0.19338684335981454,0.0,0.20109589421167828,0.008289211381943176,0.20109589421167828,0.0,0.0,,r0019,0
20017,2,2997.374896814784,cloud_0,8,1.0,0.003,1,r0019,r0019,1,1,0,0,0.1088696367240203,0.1088696367240203,0.0,0.3467991799650092,0.23825615215116097,0.3467991799650092,0.0,0.0,,r0019,0
20017,3,4330.8487467326395,edge_5,1,1.0,0.003,1,r0020,r0020,1,1,0,0,0.03348213578508629,0.03348213578508629,0.0,-0.9822511657907252,-1.0156328551684561,-0.9822511657907251,-1.1102230246251565e-16,-1.1302842524309067e-16,,r0020,0
20017,3,4330.8487467326395,cloud_0,1,1.0,0.003,1,r0020,r0020,1,1,0,0,0.0175146605377265,0.0175146605377265,0.0,-0.3459863598924068,-0.36344847644852013,-0.3459863598924068,0.0,0.0,,r0020,1
20017,3,4330.8487467326395,edge_5,2,1.0,0.003,1,r0020,r0020,1,1,0,0,0.05630919070424375,0.05630919070424375,0.0,-0.9881206390061594,-1.0442609021382905,-0.9881206390061594,0.0,0.0,,r0020,0
20017,3,4330.8487467326395,cloud_0,2,1.0,0.003,1,r0020,r0020,1,1,0,0,0.031126371344422747,0.031126371344422747,0.0,-0.34602719502482693,-0.3770601872552164,-0.34602719502482693,0.0,0.0,,r0020,0
20017,3,4330.8487467326395,edge_5,4,1.0,0.003,1,r0020,r0020,1,1,0,0,0.10196330054255866,0.10196330054255866,0.0,-0.999859585437028,-1.101516996077959,-0.999859585437028,0.0,0.0,,r0020,0
20017,3,4330.8487467326395,cloud_0,4,1.0,0.003,1,r0020,r0020,1,1,0,0,0.058349792957815234,0.058349792957815234,0.0,-0.3461088652896671,-0.40428360886860887,-0.34610886528966706,-5.551115123125783e-17,-1.6038638936566727e-16,,r0020,0
20017,3,4330.8487467326395,edge_5,8,1.0,0.003,1,r0020,r0020,1,1,0,0,0.19327152021918845,0.19327152021918845,0.0,-1.023337478298765,-1.2160291839572959,-1.023337478298765,0.0,0.0,,r0020,0
20017,3,4330.8487467326395,cloud_0,8,1.0,0.003,1,r0020,r0020,1,1,0,0,0.11279663618460023,0.11279663618460023,0.0,-0.3462722058193475,-0.45873045209539387,-0.3462722058193474,-5.551115123125783e-17,-1.6031073328541524e-16,,r0020,0
20017,4,12506.773065909234,edge_5,1,1.0,0.003,2,r0010|r0014,r0010|r0014,1,1,0,0,0.011988231775287607,0.011988231775287607,0.0,5.7423690311997415,5.730416764119779,5.742369031199741,8.881784197001252e-16,1.5467107998013146e-16,,r0010|r0014,0
20017,4,12506.773065909234,cloud_0,1,1.0,0.003,2,r0010|r0014,r0010|r0014,1,1,0,0,0.0047228472340173225,0.0047228472340173225,0.0,5.930506152606798,5.925797473914482,5.930506152606798,0.0,0.0,,r0010|r0014,1
20017,4,12506.773065909234,edge_5,2,1.0,0.003,2,r0010|r0014,r0010|r0014,1,1,0,0,0.014401404411341311,0.014401404411341311,0.0,5.672053877400963,5.657695677202856,5.6720538774009635,-8.881784197001252e-16,-1.5658850196026425e-16,,r0010|r0014,0
20017,4,12506.773065909234,cloud_0,2,1.0,0.003,2,r0010|r0014,r0010|r0014,1,1,0,0,0.006096807197818839,0.006096807197818839,0.0,5.844627391350421,5.838548874574197,5.844627391350422,-8.881784197001252e-16,-1.5196493467052456e-16,,r0010|r0014,0
20017,4,12506.773065909234,edge_5,4,1.0,0.003,2,r0010|r0014,r0010|r0014,1,1,0,0,0.01922774968344872,0.01922774968344872,0.0,5.57641635186814,5.557246285433742,5.57641635186814,0.0,0.0,,r0010|r0014,0
20017,4,12506.773065909234,cloud_0,4,1.0,0.003,2,r0010|r0014,r0010|r0014,1,1,0,0,0.008844727125421871,0.008844727125421871,0.0,5.744960269772575,5.7361420768285285,5.744960269772574,8.881784197001252e-16,1.5460131628295584e-16,,r0010|r0014,0
20017,4,12506.773065909234,edge_5,8,1.0,0.003,2,r0010|r0014,r0010|r0014,1,1,0,0,0.028880440227663538,0.028880440227663538,0.0,5.469116043892358,5.440322244985378,5.469116043892359,-8.881784197001252e-16,-1.6239889820805676e-16,,r0010|r0014,0
20017,4,12506.773065909234,cloud_0,8,1.0,0.003,2,r0010|r0014,r0010|r0014,1,1,0,0,0.014340566980627936,0.014340566980627936,0.0,5.652908715460956,5.638611170181269,5.652908715460955,8.881784197001252e-16,1.5711883287110543e-16,,r0010|r0014,0
20017,5,16605.682407236698,edge_5,1,1.0,0.003,2,r0012|r0017,r0012|r0017,1,1,0,0,0.09408320992822539,0.09408320992822539,0.0,5.304424985949339,5.210624025650898,5.304424985949339,0.0,0.0,,r0012|r0017,0
20017,5,16605.682407236698,cloud_0,1,1.0,0.003,2,r0012|r0017,r0012|r0017,1,1,0,0,0.05055263399685692,0.05055263399685692,0.0,5.680613431781106,5.630212455686239,5.680613431781105,8.881784197001252e-16,1.563525542384328e-16,,r0012|r0017,1
20017,5,16605.682407236698,edge_5,2,1.0,0.003,2,r0012|r0017,r0012|r0017,1,1,0,0,0.16318606490889154,0.16318606490889154,0.0,5.217331692221342,5.054635185507177,5.217331692221342,0.0,0.0,,r0012|r0017,0
20017,5,16605.682407236698,cloud_0,2,1.0,0.003,2,r0012|r0017,r0012|r0017,1,1,0,0,0.0919192725826373,0.0919192725826373,0.0,5.619906401969275,5.528262887204386,5.619906401969276,-8.881784197001252e-16,-1.5804149681014222e-16,,r0012|r0017,0
20017,5,16605.682407236698,edge_5,4,1.0,0.003,2,r0012|r0017,r0012|r0017,1,1,0,0,0.30139177487022395,0.30139177487022395,0.0,5.144079783788492,4.84359218424288,5.144079783788493,-8.881784197001252e-16,-1.7266031185970502e-16,,r0012|r0017,0
20017,5,16605.682407236698,cloud_0,4,1.0,0.003,2,r0012|r0017,r0012|r0017,1,1,0,0,0.174652549754198,0.174652549754198,0.0,5.577937797846592,5.4038092057416565,5.577937797846592,0.0,0.0,,r0012|r0017,0
20017,5,16605.682407236698,edge_5,8,1.0,0.003,2,r0012|r0017,r0012|r0017,1,1,0,0,0.5778031947928886,0.5778031947928886,0.0,5.067519197558003,4.4914494123494935,5.067519197558004,-8.881784197001252e-16,-1.7526888109829583e-16,,r0012|r0017,0
20017,5,16605.682407236698,cloud_0,8,1.0,0.003,2,r0012|r0017,r0012|r0017,1,1,0,0,0.34011910409731944,0.34011910409731944,0.0,5.543344620821712,5.204245874036684,5.543344620821712,0.0,0.0,,r0012|r0017,0
20017,6,24902.820713153254,edge_5,1,1.0,0.003,2,r0001|r0023,r0001|r0023,1,1,0,0,0.05756591452780651,0.05756591452780651,0.0,4.635820646287121,4.578427429502898,4.6358206462871205,8.881784197001252e-16,1.9159033264401135e-16,,r0001|r0023,0
20017,6,24902.820713153254,cloud_0,1,1.0,0.003,2,r0001|r0023,r0001|r0023,1,1,0,0,0.029996840995603336,0.029996840995603336,0.0,5.18797550317121,5.158068652698594,5.18797550317121,0.0,0.0,,r0001|r0023,1
20017,6,24902.820713153254,edge_5,2,1.0,0.003,2,r0001|r0023,r0001|r0023,1,1,0,0,0.09984730614358117,0.09984730614358117,0.0,4.554326610514802,4.454778846289652,4.554326610514802,0.0,0.0,,r0001|r0023,0
20017,6,24902.820713153254,cloud_0,2,1.0,0.003,2,r0001|r0023,r0001|r0023,1,1,0,0,0.054542910746536465,0.054542910746536465,0.0,5.13114159990107,5.076762317886773,5.1311415999010705,-8.881784197001252e-16,-1.7309567518410513e-16,,r0001|r0023,0
20017,6,24902.820713153254,edge_5,4,1.0,0.003,2,r0001|r0023,r0001|r0023,1,1,0,0,0.1844100893751306,0.1844100893751306,0.0,4.492273217993309,4.308416358886303,4.492273217993309,0.0,0.0,,r0001|r0023,0
20017,6,24902.820713153254,cloud_0,4,1.0,0.003,2,r0001|r0023,r0001|r0023,1,1,0,0,0.1036350502484027,0.1036350502484027,0.0,5.096919248861767,4.993595103764109,5.0969192488617665,8.881784197001252e-16,1.7425789508014497e-16,,r0001|r0023,0
20017,6,24902.820713153254,edge_5,8,1.0,0.003,2,r0001|r0023,r0001|r0023,1,1,0,0,0.3535356558382292,0.3535356558382292,0.0,4.43810966358553,4.085634614714816,4.43810966358553,0.0,0.0,,r0001|r0023,0
20017,6,24902.820713153254,cloud_0,8,1.0,0.003,2,r0001|r0023,r0001|r0023,1,1,0,0,0.20181932925213514,0.20181932925213514,0.0,5.077818578003646,4.876604706739268,5.077818578003647,-8.881784197001252e-16,-1.7491338181076057e-16,,r0001|r0023,0
20017,7,33544.10646694356,edge_5,1,1.0,0.003,2,r0003|r0004,r0003|r0004,1,1,0,0,0.040750027106856525,0.040750027106856525,0.0,4.239563604478138,4.198935827452602,4.239563604478138,0.0,0.0,,r0003|r0004,0
20017,7,33544.10646694356,cloud_0,1,1.0,0.003,2,r0003|r0004,r0003|r0004,1,1,0,0,0.01891972796685895,0.01891972796685895,0.0,4.586319240855622,4.567456272072664,4.586319240855622,0.0,0.0,,r0003|r0004,1
20017,7,33544.10646694356,edge_5,2,1.0,0.003,2,r0003|r0004,r0003|r0004,1,1,0,0,0.070680375101696,0.070680375101696,0.0,4.160216670400172,4.089748336423781,4.160216670400172,0.0,0.0,,r0003|r0004,0
20017,7,33544.10646694356,cloud_0,2,1.0,0.003,2,r0003|r0004,r0003|r0004,1,1,0,0,0.03440152361364951,0.03440152361364951,0.0,4.529512530407795,4.495214211364986,4.529512530407795,0.0,0.0,,r0003|r0004,0
20017,7,33544.10646694356,edge_5,4,1.0,0.003,2,r0003|r0004,r0003|r0004,1,1,0,0,0.13054107109137497,0.13054107109137497,0.0,4.102457481267384,3.9723080333892837,4.102457481267384,0.0,0.0,,r0003|r0004,0
20017,7,33544.10646694356,cloud_0,4,1.0,0.003,2,r0003|r0004,r0003|r0004,1,1,0,0,0.0653651149072306,0.0653651149072306,0.0,4.4953445650131165,4.4301755454506075,4.4953445650131165,0.0,0.0,,r0003|r0004,0
20017,7,33544.10646694356,edge_5,8,1.0,0.003,2,r0003|r0004,r0003|r0004,1,1,0,0,0.25026246307073285,0.25026246307073285,0.0,4.056882333637017,3.8073706579554965,4.0568823336370174,-8.881784197001252e-16,-2.1893127447545868e-16,,r0003|r0004,0
20017,7,33544.10646694356,cloud_0,8,1.0,0.003,2,r0003|r0004,r0003|r0004,1,1,0,0,0.12729229749439278,0.12729229749439278,0.0,4.476352665444246,4.349442244842336,4.476352665444246,0.0,0.0,,r0003|r0004,0
20018,0,0.0,edge_0,1,1.0,0.003,1,r0016,r0016,1,1,0,0,0.013864148126694589,0.013864148126694589,0.0,-0.31858124243079483,-0.3324037981131094,-0.3185812424307949,5.551115123125783e-17,1.7424488274232425e-16,,r0016,0
20018,0,0.0,cloud_0,1,1.0,0.003,1,r0016,r0016,1,1,0,0,0.01371777716995825,0.01371777716995825,0.0,-0.12645457430610318,-0.14013119814455158,-0.1264545743061032,2.7755575615628914e-17,2.194904831868096e-16,,r0016,1
20018,0,0.0,edge_0,2,1.0,0.003,1,r0016,r0016,1,1,0,0,0.02199888267495543,0.02199888267495543,0.0,-0.3201599684888541,-0.34209285451578464,-0.3201599684888541,0.0,0.0,,r0016,0
20018,0,0.0,cloud_0,2,1.0,0.003,1,r0016,r0016,1,1,0,0,0.017831394215355467,0.017831394215355467,0.0,-0.1264669151572394,-0.1442448151899488,-0.1264669151572394,0.0,0.0,,r0016,0
20018,0,0.0,edge_0,4,1.0,0.003,1,r0016,r0016,1,1,0,0,0.03826835177147711,0.03826835177147711,0.0,-0.32331742060497254,-0.36147096732113526,-0.3233174206049726,5.551115123125783e-17,1.716924226581686e-16,,r0016,0
20018,0,0.0,cloud_0,4,1.0,0.003,1,r0016,r0016,1,1,0,0,0.026058628306149894,0.026058628306149894,0.0,-0.12649159685951175,-0.1524720492807432,-0.12649159685951175,0.0,0.0,,r0016,0
20018,0,0.0,edge_0,8,1.0,0.003,1,r0016,r0016,1,1,0,0,0.07080728996452049,0.07080728996452049,0.0,-0.3296323248372095,-0.4002271929318364,-0.3296323248372095,0.0,0.0,,r0016,0
20018,0,0.0,cloud_0,8,1.0,0.003,1,r0016,r0016,1,1,0,0,0.042513096487738745,0.042513096487738745,0.0,-0.12654096026405653,-0.16892651746233206,-0.12654096026405653,0.0,0.0,,r0016,0
20018,1,5250.054616407535,edge_0,1,1.0,0.003,1,r0000,r0000,1,1,0,0,0.004921560933963532,0.004921560933963532,0.0,-0.05242184135427738,-0.05732863760543902,-0.05242184135427738,0.0,0.0,,r0000,0
20018,1,5250.054616407535,cloud_0,1,1.0,0.003,1,r0000,r0000,1,1,0,0,0.0061408171300083225,0.0061408171300083225,0.0,-0.032219079042512984,-0.03834147372113128,-0.032219079042512984,0.0,0.0,,r0000,1
20018,1,5250.054616407535,edge_0,2,1.0,0.003,1,r0000,r0000,1,1,0,0,0.0067233197453519114,0.0067233197453519114,0.0,-0.05257346595765281,-0.05927661574376866,-0.052573465957652804,-6.938893903907228e-18,-1.3198471467520155e-16,,r0000,0
20018,1,5250.054616407535,cloud_0,2,1.0,0.003,1,r0000,r0000,1,1,0,0,0.0070519403773927685,0.0070519403773927685,0.0,-0.032221812412255135,-0.03925259696851573,-0.032221812412255135,0.0,0.0,,r0000,0
20018,1,5250.054616407535,edge_0,4,1.0,0.003,1,r0000,r0000,1,1,0,0,0.010326837368128674,0.010326837368128674,0.0,-0.052876715164403676,-0.06317257202042796,-0.052876715164403676,0.0,0.0,,r0000,0
20018,1,5250.054616407535,cloud_0,4,1.0,0.003,1,r0000,r0000,1,1,0,0,0.00887418687216166,0.00887418687216166,0.0,-0.032227279151739445,-0.04107484346328462,-0.032227279151739445,0.0,0.0,,r0000,0
20018,1,5250.054616407535,edge_0,8,1.0,0.003,1,r0000,r0000,1,1,0,0,0.0175338726136822,0.0175338726136822,0.0,-0.0534832135779054,-0.07096448457374656,-0.053483213577905406,6.938893903907228e-18,1.2973965922597017e-16,,r0000,0
20018,1,5250.054616407535,cloud_0,8,1.0,0.003,1,r0000,r0000,1,1,0,0,0.01251867986169945,0.01251867986169945,0.0,-0.03223821263070806,-0.0447193364528224,-0.03223821263070805,-6.938893903907228e-18,-2.1523817040953697e-16,,r0000,0
20018,2,6093.513767338763,edge_0,1,1.0,0.003,1,r0011,r0011,1,1,0,0,0.058962521220439816,0.058962521220439816,0.0,-0.15858255357546278,-0.21736818723224127,-0.15858255357546278,0.0,0.0,,r0011,0
20018,2,6093.513767338763,cloud_0,1,1.0,0.003,1,r0011,r0011,1,1,0,0,0.03638993796688858,0.03638993796688858,0.0,-0.13102310041512213,-0.16730386856811005,-0.13102310041512213,0.0,0.0,,r0011,1
20018,2,6093.513767338763,edge_0,2,1.0,0.003,1,r0011,r0011,1,1,0,0,0.11230961361592497,0.11230961361592497,0.0,-0.15900977209788536,-0.2709824568729626,-0.1590097720978854,2.7755575615628914e-17,1.7455264069269126e-16,,r0011,0
20018,2,6093.513767338763,cloud_0,2,1.0,0.003,1,r0011,r0011,1,1,0,0,0.06336678734021753,0.06336678734021753,0.0,-0.1311040309632421,-0.194280717941439,-0.13110403096324214,2.7755575615628914e-17,2.117065006445972e-16,,r0011,0
20018,2,6093.513767338763,edge_0,4,1.0,0.003,1,r0011,r0011,1,1,0,0,0.2190037984068952,0.2190037984068952,0.0,-0.15986420914273053,-0.37821099615440507,-0.15986420914273053,0.0,0.0,,r0011,0
20018,2,6093.513767338763,cloud_0,4,1.0,0.003,1,r0011,r0011,1,1,0,0,0.11732048608687541,0.11732048608687541,0.0,-0.13126589205948208,-0.2482344166880969,-0.1312658920594821,2.7755575615628914e-17,2.1144544999588843e-16,,r0011,0
20018,2,6093.513767338763,edge_0,8,1.0,0.003,1,r0011,r0011,1,1,0,0,0.43239216798883573,0.43239216798883573,0.0,-0.16157308323242087,-0.5926680747172901,-0.16157308323242087,0.0,0.0,,r0011,0
20018,2,6093.513767338763,cloud_0,8,1.0,0.003,1,r0011,r0011,1,1,0,0,0.2252278835801912,0.2252278835801912,0.0,-0.13158961425196203,-0.35614181418141266,-0.13158961425196206,2.7755575615628914e-17,2.1092527532213711e-16,,r0011,0
20018,3,8264.801161876305,edge_0,1,1.0,0.003,1,r0012,r0012,1,1,0,0,0.010204039330773405,0.010204039330773405,0.0,0.19433430557269912,0.18416087835991804,0.19433430557269912,0.0,0.0,,r0012,0
20018,3,8264.801161876305,cloud_0,1,1.0,0.003,1,r0012,r0012,1,1,0,0,0.008939058667107319,0.008939058667107319,0.0,0.2622826706463859,0.25337042915527996,0.26228267064638594,-5.551115123125783e-17,-2.116462787817916e-16,,r0012,1
20018,3,8264.801161876305,edge_0,2,1.0,0.003,1,r0012,r0012,1,1,0,0,0.018196990432305618,0.018196990432305618,0.0,0.19371071625986513,0.17556831679885643,0.19371071625986513,0.0,0.0,,r0012,0
20018,3,8264.801161876305,cloud_0,2,1.0,0.003,1,r0012,r0012,1,1,0,0,0.013602112992022079,0.013602112992022079,0.0,0.2622686814834112,0.24870737483036517,0.2622686814834112,0.0,0.0,,r0012,0
20018,3,8264.801161876305,edge_0,4,1.0,0.003,1,r0012,r0012,1,1,0,0,0.03418289263537005,0.03418289263537005,0.0,0.19246353763419713,0.15838319367673317,0.1924635376341971,2.7755575615628914e-17,1.4421212431615033e-16,,r0012,0
20018,3,8264.801161876305,cloud_0,4,1.0,0.003,1,r0012,r0012,1,1,0,0,0.022928221641851584,0.022928221641851584,0.0,0.26224070315746173,0.23938126618053565,0.2622407031574617,5.551115123125783e-17,2.1168014943098405e-16,,r0012,0
20018,3,8264.801161876305,edge_0,8,1.0,0.003,1,r0012,r0012,1,1,0,0,0.06615469704149889,0.06615469704149889,0.0,0.18996918038286112,0.12401294743248673,0.18996918038286112,0.0,0.0,,r0012,0
20018,3,8264.801161876305,cloud_0,8,1.0,0.003,1,r0012,r0012,1,1,0,0,0.0415804389415106,0.0415804389415106,0.0,0.26218474650556267,0.22072904888087666,0.2621847465055627,-5.551115123125783e-17,-2.1172532716383658e-16,,r0012,0
20018,4,11109.309089198665,edge_0,1,1.0,0.003,1,r0017,r0017,1,1,0,0,0.022894606015933218,0.022894606015933218,0.0,-0.9826858723743366,-1.005511794572222,-0.9826858723743367,1.1102230246251565e-16,1.1297842533776012e-16,,r0017,0
20018,4,11109.309089198665,cloud_0,1,1.0,0.003,1,r0017,r0017,1,1,0,0,0.017569603676501705,0.017569603676501705,0.0,-0.4373070536745046,-0.45482394853997676,-0.43730705367450456,-5.551115123125783e-17,-1.2693861387512803e-16,,r0017,1
20018,4,11109.309089198665,edge_0,2,1.0,0.003,1,r0017,r0017,1,1,0,0,0.04266962662066781,0.04266962662066781,0.0,-0.9879154922692468,-1.0304571100100528,-0.987915492269247,2.220446049250313e-16,2.2476072767620406e-16,,r0017,0
20018,4,11109.309089198665,cloud_0,2,1.0,0.003,1,r0017,r0017,1,1,0,0,0.02910626819312928,0.02910626819312928,0.0,-0.4373416636680545,-0.46636061305660437,-0.4373416636680545,0.0,0.0,,r0017,0
20018,4,11109.309089198665,edge_0,4,1.0,0.003,1,r0017,r0017,1,1,0,0,0.08221966783013698,0.08221966783013698,0.0,-0.9983747320590672,-1.0803477408857138,-0.9983747320590672,0.0,0.0,,r0017,0
20018,4,11109.309089198665,cloud_0,4,1.0,0.003,1,r0017,r0017,1,1,0,0,0.05217959722638444,0.05217959722638444,0.0,-0.4374108836551543,-0.4894339420898596,-0.4374108836551543,0.0,0.0,,r0017,0
20018,4,11109.309089198665,edge_0,8,1.0,0.003,1,r0017,r0017,1,1,0,0,0.16131975024907533,0.16131975024907533,0.0,-1.0192932116387081,-1.1801290026370361,-1.0192932116387081,0.0,0.0,,r0017,0
20018,4,11109.309089198665,cloud_0,8,1.0,0.003,1,r0017,r0017,1,1,0,0,0.09832625529289477,0.09832625529289477,0.0,-0.4375493236293537,-0.5355806001563699,-0.4375493236293538,5.551115123125783e-17,1.2686832828538684e-16,,r0017,0
20018,5,19776.189505535862,edge_0,1,1.0,0.003,3,r0020|r0021|r0022,r0020|r0021|r0022,1,1,0,0,0.019016951437422335,0.019016951437422335,0.0,6.299627971079544,6.280668070496434,6.299627971079544,0.0,0.0,,r0020|r0021|r0022,0
20018,5,19776.189505535862,cloud_0,1,1.0,0.003,3,r0020|r0021|r0022,r0020|r0021|r0022,1,1,0,0,0.017633963811594263,0.017633963811594263,0.0,6.7627297009560445,6.745148639035885,6.7627297009560445,0.0,0.0,,r0020|r0021|r0022,1
20018,5,19776.189505535862,edge_0,2,1.0,0.003,3,r0020|r0021|r0022,r0020|r0021|r0022,1,1,0,0,0.032072666972383125,0.032072666972383125,0.0,6.185710591229303,6.1537341422578375,6.185710591229303,0.0,0.0,,r0020|r0021|r0022,0
20018,5,19776.189505535862,cloud_0,2,1.0,0.003,3,r0020|r0021|r0022,r0020|r0021|r0022,1,1,0,0,0.024649451037934197,0.024649451037934197,0.0,6.645368019069653,6.6207925163848325,6.645368019069653,0.0,0.0,,r0020|r0021|r0022,0
20018,5,19776.189505535862,edge_0,4,1.0,0.003,3,r0020|r0021|r0022,r0020|r0021|r0022,1,1,0,0,0.0581840980423047,0.0581840980423047,0.0,6.098859926362919,6.040850380614741,6.098859926362919,0.0,0.0,,r0020|r0021|r0022,0
20018,5,19776.189505535862,cloud_0,4,1.0,0.003,3,r0020|r0021|r0022,r0020|r0021|r0022,1,1,0,0,0.03868042549061407,0.03868042549061407,0.0,6.521305316310501,6.482740932096359,6.521305316310501,0.0,0.0,,r0020|r0021|r0022,0
20018,5,19776.189505535862,edge_0,8,1.0,0.003,3,r0020|r0021|r0022,r0020|r0021|r0022,1,1,0,0,0.11040696018214784,0.11040696018214784,0.0,6.035577982841221,5.925502243539619,6.035577982841221,0.0,0.0,,r0020|r0021|r0022,0
20018,5,19776.189505535862,cloud_0,8,1.0,0.003,3,r0020|r0021|r0022,r0020|r0021|r0022,1,1,0,0,0.06674237439597382,0.06674237439597382,0.0,6.416008207451616,6.3494660601788295,6.416008207451616,0.0,0.0,,r0020|r0021|r0022,0
20018,6,23196.361190601954,edge_0,1,1.0,0.003,4,r0002|r0006|r0010|r0014,r0002|r0006|r0010|r0014,1,1,0,0,0.06613201378425138,0.06613201378425138,0.0,5.259075490747879,5.19314187300498,5.259075490747879,0.0,0.0,,r0002|r0006|r0010|r0014,0
20018,6,23196.361190601954,cloud_0,1,1.0,0.003,4,r0002|r0006|r0010|r0014,r0002|r0006|r0010|r0014,1,1,0,0,0.04125160119516365,0.04125160119516365,0.0,5.933884503663454,5.892756657271876,5.933884503663455,-8.881784197001252e-16,-1.496790878136881e-16,,r0002|r0006|r0010|r0014,1
20018,6,23196.361190601954,edge_0,2,1.0,0.003,4,r0002|r0006|r0010|r0014,r0002|r0006|r0010|r0014,1,1,0,0,0.12685489639358238,0.12685489639358238,0.0,5.20386086586716,5.077386534162758,5.20386086586716,0.0,0.0,,r0002|r0006|r0010|r0014,0
20018,6,23196.361190601954,cloud_0,2,1.0,0.003,4,r0002|r0006|r0010|r0014,r0002|r0006|r0010|r0014,1,1,0,0,0.07309906889812134,0.07309906889812134,0.0,5.828862870903211,5.755983099211784,5.828862870903211,0.0,0.0,,r0002|r0006|r0010|r0014,0
20018,6,23196.361190601954,edge_0,4,1.0,0.003,4,r0002|r0006|r0010|r0014,r0002|r0006|r0010|r0014,1,1,0,0,0.24830066161224443,0.24830066161224443,0.0,5.163686587152486,4.916130827525078,5.163686587152485,8.881784197001252e-16,1.7200471111278484e-16,,r0002|r0006|r0010|r0014,0
20018,6,23196.361190601954,cloud_0,4,1.0,0.003,4,r0002|r0006|r0010|r0014,r0002|r0006|r0010|r0014,1,1,0,0,0.13679400430403674,0.13679400430403674,0.0,5.758011607755583,5.621627985464459,5.758011607755583,0.0,0.0,,r0002|r0006|r0010|r0014,0
20018,6,23196.361190601954,edge_0,8,1.0,0.003,4,r0002|r0006|r0010|r0014,r0002|r0006|r0010|r0014,1,1,0,0,0.4911921920495686,0.4911921920495686,0.0,5.123220558187085,4.633501942713665,5.123220558187085,0.0,0.0,,r0002|r0006|r0010|r0014,0
20018,6,23196.361190601954,cloud_0,8,1.0,0.003,4,r0002|r0006|r0010|r0014,r0002|r0006|r0010|r0014,1,1,0,0,0.2641838751158675,0.2641838751158675,0.0,5.7157961740723655,5.452404850581845,5.7157961740723655,0.0,0.0,,r0002|r0006|r0010|r0014,0
20019,0,0.0,edge_0,1,1.0,0.003,1,r0020,r0020,1,1,0,0,0.00817529799046393,0.00817529799046393,0.0,-0.4957365549071119,-0.5038873270036044,-0.4957365549071119,0.0,0.0,,r0020,0
20019,0,0.0,edge_4,1,1.0,0.003,1,r0020,r0020,1,1,0,0,0.006376421651766125,0.006376421651766125,0.0,-0.49860099649781475,-0.5049582888846256,-0.49860099649781475,0.0,0.0,,r0020,0
20019,0,0.0,cloud_0,1,1.0,0.003,1,r0020,r0020,1,1,0,0,0.004098153769022753,0.004098153769022753,0.0,-0.10042478344372732,-0.104510642751443,-0.10042478344372732,0.0,0.0,,r0020,1
20019,0,0.0,edge_0,2,1.0,0.003,1,r0020,r0020,1,1,0,0,0.009570343004812085,0.009570343004812085,0.0,-0.4968842589291833,-0.5064258909049809,-0.49688425892918325,-5.551115123125783e-17,-1.1171847413900338e-16,,r0020,0
20019,0,0.0,edge_4,2,1.0,0.003,1,r0020,r0020,1,1,0,0,0.00787491118329491,0.00787491118329491,0.0,-0.5002097165138719,-0.508061002963617,-0.500209716513872,1.1102230246251565e-16,2.2195151113070538e-16,,r0020,0
20019,0,0.0,cloud_0,2,1.0,0.003,1,r0020,r0020,1,1,0,0,0.005150320802044731,0.005150320802044731,0.0,-0.10042793994482639,-0.10556280978446499,-0.10042793994482639,0.0,0.0,,r0020,0
20019,0,0.0,edge_0,4,1.0,0.003,1,r0020,r0020,1,1,0,0,0.012360433033508393,0.012360433033508393,0.0,-0.4991796669733262,-0.5115030187077341,-0.4991796669733262,0.0,0.0,,r0020,0
20019,0,0.0,edge_4,4,1.0,0.003,1,r0020,r0020,1,1,0,0,0.01087189024635248,0.01087189024635248,0.0,-0.5034271565459861,-0.5142664311215995,-0.5034271565459861,0.0,0.0,,r0020,0
20019,0,0.0,cloud_0,4,1.0,0.003,1,r0020,r0020,1,1,0,0,0.0072546548680886905,0.0072546548680886905,0.0,-0.10043425294702452,-0.10766714385050893,-0.10043425294702452,0.0,0.0,,r0020,0
20019,0,0.0,edge_0,8,1.0,0.003,1,r0020,r0020,1,1,0,0,0.01794061309090101,0.01794061309090101,0.0,-0.5037704830616119,-0.5216572743132402,-0.5037704830616119,0.0,0.0,,r0020,0
20019,0,0.0,edge_4,8,1.0,0.003,1,r0020,r0020,1,1,0,0,0.016865848372467625,0.016865848372467625,0.0,-0.5098620366102146,-0.5266772874375648,-0.5098620366102146,0.0,0.0,,r0020,0
20019,0,0.0,cloud_0,8,1.0,0.003,1,r0020,r0020,1,1,0,0,0.011463323000176608,0.011463323000176608,0.0,-0.10044687895142076,-0.11187581198259686,-0.10044687895142078,1.3877787807814457e-17,1.3816046802734592e-16,,r0020,0
20019,1,5035.873744906916,edge_0,1,1.0,0.003,3,r0007|r0011|r0018,r0007|r0011|r0018,1,1,0,0,0.03899454017041985,0.03899454017041985,0.0,6.375828820223415,6.336951263673506,6.375828820223415,0.0,0.0,,r0007|r0011|r0018,0
20019,1,5035.873744906916,edge_4,1,1.0,0.003,3,r0007|r0011|r0018,r0007|r0011|r0018,1,1,0,0,0.035866848203752695,0.035866848203752695,0.0,6.303762741727158,6.268003494068017,6.303762741727159,-8.881784197001252e-16,-1.4089654958314224e-16,,r0007|r0011|r0018,0
20019,1,5035.873744906916,cloud_0,1,1.0,0.003,3,r0007|r0011|r0018,r0007|r0011|r0018,1,1,0,0,0.025095197621721545,0.025095197621721545,0.0,6.60301061912024,6.5779907070913834,6.60301061912024,0.0,0.0,,r0007|r0011|r0018,1
20019,1,5035.873744906916,edge_0,2,1.0,0.003,3,r0007|r0011|r0018,r0007|r0011|r0018,1,1,0,0,0.06493247182965234,0.06493247182965234,0.0,6.249272359102918,6.184534684688754,6.249272359102918,0.0,0.0,,r0007|r0011|r0018,0
20019,1,5035.873744906916,edge_4,2,1.0,0.003,3,r0007|r0011|r0018,r0007|r0011|r0018,1,1,0,0,0.06269026106958686,0.06269026106958686,0.0,6.190514915785032,6.128012725498654,6.190514915785032,0.0,0.0,,r0007|r0011|r0018,0
20019,1,5035.873744906916,cloud_0,2,1.0,0.003,3,r0007|r0011|r0018,r0007|r0011|r0018,1,1,0,0,0.044401663097128674,0.044401663097128674,0.0,6.503454251419862,6.459185793312025,6.503454251419862,0.0,0.0,,r0007|r0011|r0018,0
20019,1,5035.873744906916,edge_0,4,1.0,0.003,3,r0007|r0011|r0018,r0007|r0011|r0018,1,1,0,0,0.1168083351481173,0.1168083351481173,0.0,6.139204769979989,6.022746859837316,6.1392047699799885,8.881784197001252e-16,1.4467320328574417e-16,,r0007|r0011|r0018,0
20019,1,5035.873744906916,edge_4,4,1.0,0.003,3,r0007|r0011|r0018,r0007|r0011|r0018,1,1,0,0,0.11633708680125517,0.11633708680125517,0.0,6.094378982533839,5.9783909069929875,6.094378982533839,0.0,0.0,,r0007|r0011|r0018,0
20019,1,5035.873744906916,cloud_0,4,1.0,0.003,3,r0007|r0011|r0018,r0007|r0011|r0018,1,1,0,0,0.08301459404794295,0.08301459404794295,0.0,6.429243167591764,6.346477617325966,6.429243167591765,-8.881784197001252e-16,-1.3814665218718347e-16,,r0007|r0011|r0018,0
20019,1,5035.873744906916,edge_0,8,1.0,0.003,3,r0007|r0011|r0018,r0007|r0011|r0018,1,1,0,0,0.22056006178504728,0.22056006178504728,0.0,6.0284602123325675,5.8085618307328755,6.0284602123325675,0.0,0.0,,r0007|r0011|r0018,0
20019,1,5035.873744906916,edge_4,8,1.0,0.003,3,r0007|r0011|r0018,r0007|r0011|r0018,1,1,0,0,0.22363073826459182,0.22363073826459182,0.0,5.983962887889889,5.761003041840091,5.983962887889889,0.0,0.0,,r0007|r0011|r0018,0
20019,1,5035.873744906916,cloud_0,8,1.0,0.003,3,r0007|r0011|r0018,r0007|r0011|r0018,1,1,0,0,0.1602404559495715,0.1602404559495715,0.0,6.367163653622357,6.207403919040634,6.367163653622357,0.0,0.0,,r0007|r0011|r0018,0
20019,2,9232.791244431432,edge_0,1,1.0,0.003,1,r0016,r0016,1,1,0,0,0.008932624678705384,0.008932624678705384,0.0,-0.609942191905774,-0.6188480187104433,-0.609942191905774,0.0,0.0,,r0016,0
20019,2,9232.791244431432,edge_4,1,1.0,0.003,1,r0016,r0016,1,1,0,0,0.006967107679112891,0.006967107679112891,0.0,-0.6133603102456161,-0.6203065166016917,-0.6133603102456161,0.0,0.0,,r0016,0
20019,2,9232.791244431432,cloud_0,1,1.0,0.003,1,r0016,r0016,1,1,0,0,0.004477790233090298,0.004477790233090298,0.0,-0.1387780771822276,-0.14324243404461862,-0.1387780771822276,0.0,0.0,,r0016,1
20019,2,9232.791244431432,edge_0,2,1.0,0.003,1,r0016,r0016,1,1,0,0,0.010456901046075337,0.010456901046075337,0.0,-0.611318536266383,-0.6217440666093201,-0.611318536266383,0.0,0.0,,r0016,0
20019,2,9232.791244431432,edge_4,2,1.0,0.003,1,r0016,r0016,1,1,0,0,0.008604411247218804,0.008604411247218804,0.0,-0.6152896587260325,-0.6238682567395096,-0.6152896587260325,0.0,0.0,,r0016,0
20019,2,9232.791244431432,cloud_0,2,1.0,0.003,1,r0016,r0016,1,1,0,0,0.005627425783532049,0.005627425783532049,0.0,-0.13878152608887892,-0.14439206959506037,-0.13878152608887892,0.0,0.0,,r0016,0
20019,2,9232.791244431432,edge_0,4,1.0,0.003,1,r0016,r0016,1,1,0,0,0.01350545378081524,0.01350545378081524,0.0,-0.6140712249876014,-0.6275361624070741,-0.6140712249876014,0.0,0.0,,r0016,0
20019,2,9232.791244431432,edge_4,4,1.0,0.003,1,r0016,r0016,1,1,0,0,0.01187901838343063,0.01187901838343063,0.0,-0.6191483556868651,-0.6309917370151454,-0.6191483556868651,0.0,0.0,,r0016,0
20019,2,9232.791244431432,cloud_0,4,1.0,0.003,1,r0016,r0016,1,1,0,0,0.007926696884415555,0.007926696884415555,0.0,-0.13878842390218155,-0.14669134069594386,-0.13878842390218155,0.0,0.0,,r0016,0
20019,2,9232.791244431432,edge_0,8,1.0,0.003,1,r0016,r0016,1,1,0,0,0.019602559250295047,0.019602559250295047,0.0,-0.6195766024300376,-0.6391203540025818,-0.6195766024300376,0.0,0.0,,r0016,0
20019,2,9232.791244431432,edge_4,8,1.0,0.003,1,r0016,r0016,1,1,0,0,0.018428232655854287,0.018428232655854287,0.0,-0.6268657496085304,-0.645238697566417,-0.6268657496085304,0.0,0.0,,r0016,0
20019,2,9232.791244431432,cloud_0,8,1.0,0.003,1,r0016,r0016,1,1,0,0,0.012525239086182565,0.012525239086182565,0.0,-0.13880221952878685,-0.1512898828977109,-0.13880221952878688,2.7755575615628914e-17,1.9996492642448378e-16,,r0016,0
20019,3,15136.217210574754,edge_0,1,1.0,0.003,1,r0023,r0023,1,1,0,0,0.03320421691277009,0.03320421691277009,0.0,-1.1021828449502105,-1.1352874492122422,-1.1021828449502105,0.0,0.0,,r0023,0
20019,3,15136.217210574754,edge_4,1,1.0,0.003,1,r0023,r0023,1,1,0,0,0.030518271686227776,0.030518271686227776,0.0,-1.1090858162620902,-1.1395125331332592,-1.10908581626209,-2.220446049250313e-16,-2.002050713022188e-16,,r0023,0
20019,3,15136.217210574754,cloud_0,1,1.0,0.003,1,r0023,r0023,1,1,0,0,0.020617076250267055,0.020617076250267055,0.0,-0.17999876307372953,-0.2005539880952458,-0.17999876307372956,2.7755575615628914e-17,1.5419870193363446e-16,,r0023,1
20019,3,15136.217210574754,edge_0,2,1.0,0.003,1,r0023,r0023,1,1,0,0,0.05189531003128044,0.05189531003128044,0.0,-1.1054517242734756,-1.157191348374662,-1.1054517242734756,0.0,0.0,,r0023,0
20019,3,15136.217210574754,edge_4,2,1.0,0.003,1,r0023,r0023,1,1,0,0,0.05059533520951819,0.05059533520951819,0.0,-1.1136532422006797,-1.1640967914045695,-1.1136532422006797,0.0,0.0,,r0023,0
20019,3,15136.217210574754,cloud_0,2,1.0,0.003,1,r0023,r0023,1,1,0,0,0.03471422135180324,0.03471422135180324,0.0,-0.1800410545090342,-0.21465113319678203,-0.18004105450903418,-2.7755575615628914e-17,-1.5416248083703696e-16,,r0023,0
20019,3,15136.217210574754,edge_0,4,1.0,0.003,1,r0023,r0023,1,1,0,0,0.08927749626830113,0.08927749626830113,0.0,-1.1119894829200059,-1.200999146699502,-1.1119894829200059,0.0,0.0,,r0023,0
20019,3,15136.217210574754,edge_4,4,1.0,0.003,1,r0023,r0023,1,1,0,0,0.09074946225609899,0.09074946225609899,0.0,-1.1227880940778587,-1.2132653079471896,-1.122788094077859,2.220446049250313e-16,1.9776180928191582e-16,,r0023,0
20019,3,15136.217210574754,cloud_0,4,1.0,0.003,1,r0023,r0023,1,1,0,0,0.06290851155487563,0.06290851155487563,0.0,-0.18012563737964343,-0.24284542339985443,-0.18012563737964343,0.0,0.0,,r0023,0
20019,3,15136.217210574754,edge_0,8,1.0,0.003,1,r0023,r0023,1,1,0,0,0.16404186874234253,0.16404186874234253,0.0,-1.1250650002130664,-1.288614743349182,-1.1250650002130664,0.0,0.0,,r0023,0
20019,3,15136.217210574754,edge_4,8,1.0,0.003,1,r0023,r0023,1,1,0,0,0.17105771634926065,0.17105771634926065,0.0,-1.1410577978322174,-1.3116023410324302,-1.1410577978322174,0.0,0.0,,r0023,0
20019,3,15136.217210574754,cloud_0,8,1.0,0.003,1,r0023,r0023,1,1,0,0,0.1192970919610204,0.1192970919610204,0.0,-0.18029480312086185,-0.2992340038059992,-0.18029480312086185,0.0,0.0,,r0023,0
20019,4,27313.537369603473,edge_0,1,1.0,0.003,3,r0000|r0005|r0015,r0000|r0005|r0015,1,1,0,0,0.029206734531096182,0.029206734531096182,0.0,6.900062440276476,6.870943325948973,6.900062440276476,0.0,0.0,,r0000|r0005|r0015,0
20019,4,27313.537369603473,edge_4,1,1.0,0.003,3,r0000|r0005|r0015,r0000|r0005|r0015,1,1,0,0,0.021910801851100326,0.021910801851100326,0.0,6.828947726490413,6.807102657044866,6.828947726490413,0.0,0.0,,r0000|r0005|r0015,0
20019,4,27313.537369603473,cloud_0,1,1.0,0.003,3,r0000|r0005|r0015,r0000|r0005|r0015,1,1,0,0,0.014875243622112044,0.014875243622112044,0.0,7.1986991107244735,7.183868492833228,7.1986991107244735,0.0,0.0,,r0000|r0005|r0015,1
20019,4,27313.537369603473,edge_0,2,1.0,0.003,3,r0000|r0005|r0015,r0000|r0005|r0015,1,1,0,0,0.04200755026538864,0.04200755026538864,0.0,6.771068529620596,6.729187002006004,6.771068529620596,0.0,0.0,,r0000|r0005|r0015,0
20019,4,27313.537369603473,edge_4,2,1.0,0.003,3,r0000|r0005|r0015,r0000|r0005|r0015,1,1,0,0,0.03370097543645629,0.03370097543645629,0.0,6.6950421081871605,6.661442235677013,6.69504210818716,8.881784197001252e-16,1.3266211105886836e-16,,r0000|r0005|r0015,0
20019,4,27313.537369603473,cloud_0,2,1.0,0.003,3,r0000|r0005|r0015,r0000|r0005|r0015,1,1,0,0,0.02331082094273387,0.02331082094273387,0.0,7.071322197405864,7.048081308925959,7.071322197405865,-8.881784197001252e-16,-1.2560287806231712e-16,,r0000|r0005|r0015,0
20019,4,27313.537369603473,edge_0,4,1.0,0.003,3,r0000|r0005|r0015,r0000|r0005|r0015,1,1,0,0,0.06760918173397354,0.06760918173397354,0.0,6.63433634414415,6.566929989955378,6.63433634414415,0.0,0.0,,r0000|r0005|r0015,0
20019,4,27313.537369603473,edge_4,4,1.0,0.003,3,r0000|r0005|r0015,r0000|r0005|r0015,1,1,0,0,0.05728132260716823,0.05728132260716823,0.0,6.566949060499417,6.509839581860071,6.566949060499417,0.0,0.0,,r0000|r0005|r0015,0
20019,4,27313.537369603473,cloud_0,4,1.0,0.003,3,r0000|r0005|r0015,r0000|r0005|r0015,1,1,0,0,0.040181975583977514,0.040181975583977514,0.0,6.959228043692551,6.919166614035326,6.959228043692552,-8.881784197001252e-16,-1.2762599732668905e-16,,r0000|r0005|r0015,0
20019,4,27313.537369603473,edge_0,8,1.0,0.003,3,r0000|r0005|r0015,r0000|r0005|r0015,1,1,0,0,0.11881244467114332,0.11881244467114332,0.0,6.505594093372036,6.387138086034906,6.505594093372036,0.0,0.0,,r0000|r0005|r0015,0
20019,4,27313.537369603473,edge_4,8,1.0,0.003,3,r0000|r0005|r0015,r0000|r0005|r0015,1,1,0,0,0.10444201694859208,0.10444201694859208,0.0,6.45006575689128,6.3459370659935335,6.45006575689128,0.0,0.0,,r0000|r0005|r0015,0
20019,4,27313.537369603473,cloud_0,8,1.0,0.003,3,r0000|r0005|r0015,r0000|r0005|r0015,1,1,0,0,0.07392428486646482,0.07392428486646482,0.0,6.870434770934646,6.7967322589227805,6.870434770934646,0.0,0.0,,r0000|r0005|r0015,0
20019,5,30702.764629431193,edge_0,1,1.0,0.003,3,r0003|r0009|r0022,r0003|r0009|r0022,1,1,0,0,0.03718849215029298,0.03718849215029298,0.0,4.836902427837244,4.799825501163402,4.836902427837244,0.0,0.0,,r0003|r0009|r0022,0
20019,5,30702.764629431193,edge_4,1,1.0,0.003,3,r0003|r0009|r0022,r0003|r0009|r0022,1,1,0,0,0.033451272882848694,0.033451272882848694,0.0,4.761625901171506,4.728274982107306,4.761625901171506,0.0,0.0,,r0003|r0009|r0022,0
20019,5,30702.764629431193,cloud_0,1,1.0,0.003,3,r0003|r0009|r0022,r0003|r0009|r0022,1,1,0,0,0.02274599883707451,0.02274599883707451,0.0,5.466412317049486,5.4437345562089225,5.466412317049486,0.0,0.0,,r0003|r0009|r0022,1
20019,5,30702.764629431193,edge_0,2,1.0,0.003,3,r0003|r0009|r0022,r0003|r0009|r0022,1,1,0,0,0.06192509793378457,0.06192509793378457,0.0,4.716906111514736,4.6551667888747525,4.716906111514736,0.0,0.0,,r0003|r0009|r0022,0
20019,5,30702.764629431193,edge_4,2,1.0,0.003,3,r0003|r0009|r0022,r0003|r0009|r0022,1,1,0,0,0.05846817144965536,0.05846817144965536,0.0,4.655509362796604,4.597216595861298,4.655509362796604,0.0,0.0,,r0003|r0009|r0022,0
20019,5,30702.764629431193,cloud_0,2,1.0,0.003,3,r0003|r0009|r0022,r0003|r0009|r0022,1,1,0,0,0.0402451573562137,0.0402451573562137,0.0,5.373464213943758,5.333339792059613,5.373464213943758,0.0,0.0,,r0003|r0009|r0022,0
20019,5,30702.764629431193,edge_0,4,1.0,0.003,3,r0003|r0009|r0022,r0003|r0009|r0022,1,1,0,0,0.11139830950076778,0.11139830950076778,0.0,4.619958811987785,4.50889469741552,4.619958811987785,0.0,0.0,,r0003|r0009|r0022,0
20019,5,30702.764629431193,edge_4,4,1.0,0.003,3,r0003|r0009|r0022,r0003|r0009|r0022,1,1,0,0,0.1085019685832687,0.1085019685832687,0.0,4.573636004679859,4.46545954200234,4.573636004679859,0.0,0.0,,r0003|r0009|r0022,0
20019,5,30702.764629431193,cloud_0,4,1.0,0.003,3,r0003|r0009|r0022,r0003|r0009|r0022,1,1,0,0,0.07524347439449207,0.07524347439449207,0.0,5.312469659304959,5.237451915333651,5.312469659304959,0.0,0.0,,r0003|r0009|r0022,0
20019,5,30702.764629431193,edge_0,8,1.0,0.003,3,r0003|r0009|r0022,r0003|r0009|r0022,1,1,0,0,0.21034473263473416,0.21034473263473416,0.0,4.5418811883347665,4.3321674898979365,4.5418811883347665,0.0,0.0,,r0003|r0009|r0022,0
20019,5,30702.764629431193,edge_4,8,1.0,0.003,3,r0003|r0009|r0022,r0003|r0009|r0022,1,1,0,0,0.2085695628504954,0.2085695628504954,0.0,4.502918785041794,4.29497493087985,4.502918785041794,0.0,0.0,,r0003|r0009|r0022,0
20019,5,30702.764629431193,cloud_0,8,1.0,0.003,3,r0003|r0009|r0022,r0003|r0009|r0022,1,1,0,0,0.14524010847104882,0.14524010847104882,0.0,5.27682320371415,5.132018815568514,5.276823203714149,8.881784197001252e-16,1.6831688032962165e-16,,r0003|r0009|r0022,0
20020,0,0.0,edge_5,1,1.0,0.003,1,r0012,r0012,1,1,0,0,0.005279774200979645,0.005279774200979645,0.0,-0.19197892774211212,-0.19724286262048885,-0.19197892774211214,2.7755575615628914e-17,1.4457615709216456e-16,,r0012,0
20020,0,0.0,cloud_0,1,1.0,0.003,1,r0012,r0012,1,1,0,0,0.004831132918467989,0.004831132918467989,0.0,-0.09341843673291565,-0.09823507625262823,-0.09341843673291564,-1.3877787807814457e-17,-1.485551278008559e-16,,r0012,1
20020,0,0.0,edge_5,2,1.0,0.003,1,r0012,r0012,1,1,0,0,0.007989764369874381,0.007989764369874381,0.0,-0.19214552769716037,-0.20011132277392513,-0.19214552769716037,0.0,0.0,,r0012,0
20020,0,0.0,cloud_0,2,1.0,0.003,1,r0012,r0012,1,1,0,0,0.007632686956495385,0.007632686956495385,0.0,-0.09342684139502974,-0.10103663029065563,-0.09342684139502973,-1.3877787807814457e-17,-1.485417638078552e-16,,r0012,0
20020,0,0.0,edge_5,4,1.0,0.003,1,r0012,r0012,1,1,0,0,0.013409744707663854,0.013409744707663854,0.0,-0.19247872760725687,-0.20584824308079774,-0.19247872760725687,0.0,0.0,,r0012,0
20020,0,0.0,cloud_0,4,1.0,0.003,1,r0012,r0012,1,1,0,0,0.013235795032550176,0.013235795032550176,0.0,-0.09344365071925789,-0.10663973836671042,-0.09344365071925789,0.0,0.0,,r0012,0
20020,0,0.0,edge_5,8,1.0,0.003,1,r0012,r0012,1,1,0,0,0.024249705383242795,0.024249705383242795,0.0,-0.19314512742744994,-0.21732208369454298,-0.1931451274274499,-2.7755575615628914e-17,-1.4370321418568838e-16,,r0012,0
20020,0,0.0,cloud_0,8,1.0,0.003,1,r0012,r0012,1,1,0,0,0.024442011184659763,0.024442011184659763,0.0,-0.09347726936771422,-0.11784595451882,-0.09347726936771422,0.0,0.0,,r0012,0
20020,1,2660.6383603404597,edge_5,1,1.0,0.003,1,r0001,r0001,1,1,0,0,0.0030185873571694265,0.0030185873571694265,0.0,-0.298143211659109,-0.30115274325420693,-0.298143211659109,0.0,0.0,,r0001,0
20020,1,2660.6383603404597,cloud_0,1,1.0,0.003,1,r0001,r0001,1,1,0,0,0.0026340609503625986,0.0026340609503625986,0.0,-0.09322565000405147,-0.09585180877156299,-0.09322565000405147,0.0,0.0,,r0001,1
20020,1,2660.6383603404597,edge_5,2,1.0,0.003,1,r0001,r0001,1,1,0,0,0.003924724546271055,0.003924724546271055,0.0,-0.29845141055594565,-0.3023643609285779,-0.29845141055594565,0.0,0.0,,r0001,0
20020,1,2660.6383603404597,cloud_0,2,1.0,0.003,1,r0001,r0001,1,1,0,0,0.003581214938396626,0.003581214938396626,0.0,-0.0932284914660156,-0.09679896275959704,-0.0932284914660156,0.0,0.0,,r0001,0
20020,1,2660.6383603404597,edge_5,4,1.0,0.003,1,r0001,r0001,1,1,0,0,0.005736998924474313,0.005736998924474313,0.0,-0.29906780834961894,-0.3047875962773198,-0.29906780834961894,0.0,0.0,,r0001,0
20020,1,2660.6383603404597,cloud_0,4,1.0,0.003,1,r0001,r0001,1,1,0,0,0.00547552291446468,0.00547552291446468,0.0,-0.0932341743899438,-0.09869327073566508,-0.0932341743899438,0.0,0.0,,r0001,0
20020,1,2660.6383603404597,edge_5,8,1.0,0.003,1,r0001,r0001,1,1,0,0,0.009361547680880825,0.009361547680880825,0.0,-0.30030060393696545,-0.30963406697480367,-0.3003006039369655,5.551115123125783e-17,1.8485194669441917e-16,,r0001,0
20020,1,2660.6383603404597,cloud_0,8,1.0,0.003,1,r0001,r0001,1,1,0,0,0.009264138866600786,0.009264138866600786,0.0,-0.0932455402378002,-0.10248188668780119,-0.0932455402378002,0.0,0.0,,r0001,0
20020,2,5260.690991630032,edge_5,1,1.0,0.003,1,r0008,r0008,1,1,0,0,0.030909547908814825,0.030909547908814825,0.0,-1.0483400941958287,-1.0791569134609171,-1.0483400941958287,0.0,0.0,,r0008,0
20020,2,5260.690991630032,cloud_0,1,1.0,0.003,1,r0008,r0008,1,1,0,0,0.03063265845138446,0.03063265845138446,0.0,-0.37073695255236244,-0.40127771302839277,-0.37073695255236244,0.0,0.0,,r0008,1
20020,2,5260.690991630032,edge_5,2,1.0,0.003,1,r0008,r0008,1,1,0,0,0.05640418926265442,0.05640418926265442,0.0,-1.0497094872116577,-1.1059444639065241,-1.0497094872116577,0.0,0.0,,r0008,0
20020,2,5260.690991630032,cloud_0,2,1.0,0.003,1,r0008,r0008,1,1,0,0,0.05698870071778131,0.05698870071778131,0.0,-0.37081602067916164,-0.4276337552947896,-0.37081602067916164,0.0,0.0,,r0008,0
20020,2,5260.690991630032,edge_5,4,1.0,0.003,1,r0008,r0008,1,1,0,0,0.10739347197033362,0.10739347197033362,0.0,-1.0524482732433154,-1.1595195647977379,-1.0524482732433154,0.0,0.0,,r0008,0
20020,2,5260.690991630032,cloud_0,4,1.0,0.003,1,r0008,r0008,1,1,0,0,0.10970078525057503,0.10970078525057503,0.0,-0.37097415693276004,-0.4803458398275833,-0.37097415693276,-5.551115123125783e-17,-1.4963616789435647e-16,,r0008,0
20020,2,5260.690991630032,edge_5,8,1.0,0.003,1,r0008,r0008,1,1,0,0,0.209372037385692,0.209372037385692,0.0,-1.0579258453066305,-1.2666697665801654,-1.0579258453066305,0.0,0.0,,r0008,0
20020,2,5260.690991630032,cloud_0,8,1.0,0.003,1,r0008,r0008,1,1,0,0,0.2151249543161624,0.2151249543161624,0.0,-0.37129042943995677,-0.5857700088931708,-0.3712904294399568,5.551115123125783e-17,1.495087048567052e-16,,r0008,0
20020,3,14448.910679110526,edge_5,1,1.0,0.003,2,r0016|r0021,r0016|r0021,1,1,0,0,0.0083009755137071,0.0083009755137071,0.0,5.980734393439694,5.972458320852527,5.980734393439693,8.881784197001252e-16,1.485065815118581e-16,,r0016|r0021,0
20020,3,14448.910679110526,cloud_0,1,1.0,0.003,2,r0016|r0021,r0016|r0021,1,1,0,0,0.006575069652246896,0.006575069652246896,0.0,6.295913547615226,6.289358203171935,6.295913547615226,0.0,0.0,,r0016|r0021,1
20020,3,14448.910679110526,edge_5,2,1.0,0.003,2,r0016|r0021,r0016|r0021,1,1,0,0,0.013087091943804013,0.013087091943804013,0.0,5.8830605410327115,5.8700127103647395,5.883060541032712,-8.881784197001252e-16,-1.5097217060836405e-16,,r0016|r0021,0
20020,3,14448.910679110526,cloud_0,2,1.0,0.003,2,r0016|r0021,r0016|r0021,1,1,0,0,0.010787019044596561,0.010787019044596561,0.0,6.205291179141056,6.1945365211535925,6.205291179141056,0.0,0.0,,r0016|r0021,0
20020,3,14448.910679110526,edge_5,4,1.0,0.003,2,r0016|r0021,r0016|r0021,1,1,0,0,0.022659324803997842,0.022659324803997842,0.0,5.804308510621465,5.781717163791879,5.804308510621465,0.0,0.0,,r0016|r0021,0
20020,3,14448.910679110526,cloud_0,4,1.0,0.003,2,r0016|r0021,r0016|r0021,1,1,0,0,0.019210917829295897,0.019210917829295897,0.0,6.1381102026096555,6.118956917533847,6.138110202609655,8.881784197001252e-16,1.4469900187235327e-16,,r0016|r0021,0
20020,3,14448.910679110526,edge_5,8,1.0,0.003,2,r0016|r0021,r0016|r0021,1,1,0,0,0.0418037905243855,0.0418037905243855,0.0,5.748347759118132,5.706669379965319,5.748347759118132,0.0,0.0,,r0016|r0021,0
20020,3,14448.910679110526,cloud_0,8,1.0,0.003,2,r0016|r0021,r0016|r0021,1,1,0,0,0.03605871539869456,0.03605871539869456,0.0,6.093930220840673,6.057979681588175,6.093930220840673,0.0,0.0,,r0016|r0021,0
20020,4,18053.422761174475,edge_5,1,1.0,0.003,2,r0007|r0017,r0007|r0017,1,1,0,0,0.024803401967329785,0.024803401967329785,0.0,4.39970997745939,4.374980985697962,4.39970997745939,0.0,0.0,,r0007|r0017,0
20020,4,18053.422761174475,cloud_0,1,1.0,0.003,2,r0007|r0017,r0007|r0017,1,1,0,0,0.020911321803816114,0.020911321803816114,0.0,5.022135659375629,5.001287071537225,5.022135659375629,0.0,0.0,,r0007|r0017,1
20020,4,18053.422761174475,edge_5,2,1.0,0.003,2,r0007|r0017,r0007|r0017,1,1,0,0,0.04610321186376911,0.04610321186376911,0.0,4.3521491983246685,4.306184296096491,4.352149198324669,-8.881784197001252e-16,-2.0407811847121959e-16,,r0007|r0017,0
20020,4,18053.422761174475,cloud_0,2,1.0,0.003,2,r0007|r0017,r0007|r0017,1,1,0,0,0.03948817529249149,0.03948817529249149,0.0,4.984472296799566,4.945102586032951,4.984472296799566,0.0,0.0,,r0007|r0017,0
20020,4,18053.422761174475,edge_5,4,1.0,0.003,2,r0007|r0017,r0007|r0017,1,1,0,0,0.08870283165664777,0.08870283165664777,0.0,4.322721850248972,4.234285127087294,4.322721850248972,0.0,0.0,,r0007|r0017,0
20020,4,18053.422761174475,cloud_0,4,1.0,0.003,2,r0007|r0017,r0007|r0017,1,1,0,0,0.07664188226984225,0.07664188226984225,0.0,4.963357854814499,4.886945898191466,4.9633578548144985,8.881784197001252e-16,1.7894708495350272e-16,,r0007|r0017,0
20020,4,18053.422761174475,edge_5,8,1.0,0.003,2,r0007|r0017,r0007|r0017,1,1,0,0,0.17390207124240506,0.17390207124240506,0.0,4.302660841405013,4.129280476376335,4.302660841405014,-8.881784197001252e-16,-2.0642538476495273e-16,,r0007|r0017,0
20020,4,18053.422761174475,cloud_0,8,1.0,0.003,2,r0007|r0017,r0007|r0017,1,1,0,0,0.15094929622454373,0.15094929622454373,0.0,4.952007143195971,4.8015106948601005,4.952007143195971,0.0,0.0,,r0007|r0017,0
20020,5,27507.22280315883,edge_5,1,1.0,0.003,3,r0004|r0011|r0013,r0004|r0011|r0013,1,1,0,0,0.06893714688766513,0.06893714688766513,0.0,5.0003251640212785,4.931594828574276,5.0003251640212785,0.0,0.0,,r0004|r0011|r0013,0
20020,5,27507.22280315883,cloud_0,1,1.0,0.003,3,r0004|r0011|r0013,r0004|r0011|r0013,1,1,0,0,0.0811330526760516,0.0811330526760516,0.0,5.326478919154047,5.245589265636023,5.326478919154047,0.0,0.0,,r0004|r0011|r0013,1
20020,5,27507.22280315883,edge_5,2,1.0,0.003,3,r0004|r0011|r0013,r0004|r0011|r0013,1,1,0,0,0.12953096731319363,0.12953096731319363,0.0,4.942053482888967,4.812911108477713,4.942053482888967,0.0,0.0,,r0004|r0011|r0013,0
20020,5,27507.22280315883,cloud_0,2,1.0,0.003,3,r0004|r0011|r0013,r0004|r0011|r0013,1,1,0,0,0.15454377430622293,0.15454377430622293,0.0,5.279553778794966,5.125473635811662,5.279553778794966,0.0,0.0,,r0004|r0011|r0013,0
20020,5,27507.22280315883,edge_5,4,1.0,0.003,3,r0004|r0011|r0013,r0004|r0011|r0013,1,1,0,0,0.2507186081642508,0.2507186081642508,0.0,4.907095742785186,4.657129290445428,4.907095742785186,0.0,0.0,,r0004|r0011|r0013,0
20020,5,27507.22280315883,cloud_0,4,1.0,0.003,3,r0004|r0011|r0013,r0004|r0011|r0013,1,1,0,0,0.3013652175665657,0.3013652175665657,0.0,5.253029718118123,4.952568596204257,5.253029718118123,0.0,0.0,,r0004|r0011|r0013,0
20020,5,27507.22280315883,edge_5,8,1.0,0.003,3,r0004|r0011|r0013,r0004|r0011|r0013,1,1,0,0,0.4930938898663649,0.4930938898663649,0.0,4.8853581325231845,4.3937435243264185,4.8853581325231845,0.0,0.0,,r0004|r0011|r0013,0
20020,5,27507.22280315883,cloud_0,8,1.0,0.003,3,r0004|r0011|r0013,r0004|r0011|r0013,1,1,0,0,0.595008104087251,0.595008104087251,0.0,5.238329190792369,4.6451061110173795,5.238329190792369,0.0,0.0,,r0004|r0011|r0013,0
20020,6,37506.91838218921,edge_5,1,1.0,0.003,2,r0009|r0022,r0009|r0022,1,1,0,0,0.006307673391133853,0.006307673391133853,0.0,6.220883079351611,6.214594328980651,6.220883079351611,0.0,0.0,,r0009|r0022,0
20020,6,37506.91838218921,cloud_0,1,1.0,0.003,2,r0009|r0022,r0009|r0022,1,1,0,0,0.005530313262799021,0.005530313262799021,0.0,6.4143766718475135,6.408862949524503,6.4143766718475135,0.0,0.0,,r0009|r0022,1
20020,6,37506.91838218921,edge_5,2,1.0,0.003,2,r0009|r0022,r0009|r0022,1,1,0,0,0.008556028277361075,0.008556028277361075,0.0,6.125034053897655,6.116503693705126,6.125034053897655,0.0,0.0,,r0009|r0022,0
20020,6,37506.91838218921,cloud_0,2,1.0,0.003,2,r0009|r0022,r0009|r0022,1,1,0,0,0.007854634503048203,0.007854634503048203,0.0,6.314458473017031,6.306627402417492,6.314458473017031,0.0,0.0,,r0009|r0022,0
20020,6,37506.91838218921,edge_5,4,1.0,0.003,2,r0009|r0022,r0009|r0022,1,1,0,0,0.013052738049815523,0.013052738049815523,0.0,6.022522046183882,6.009508466348216,6.022522046183882,0.0,0.0,,r0009|r0022,0
20020,6,37506.91838218921,cloud_0,4,1.0,0.003,2,r0009|r0022,r0009|r0022,1,1,0,0,0.01250327698354657,0.01250327698354657,0.0,6.2170151819675095,6.204549414814913,6.2170151819675095,0.0,0.0,,r0009|r0022,0
20020,6,37506.91838218921,edge_5,8,1.0,0.003,2,r0009|r0022,r0009|r0022,1,1,0,0,0.02204615759472442,0.02204615759472442,0.0,5.932528524259718,5.910548505137777,5.932528524259718,0.0,0.0,,r0009|r0022,0
20020,6,37506.91838218921,cloud_0,8,1.0,0.003,2,r0009|r0022,r0009|r0022,1,1,0,0,0.0218005619445433,0.0218005619445433,0.0,6.138581812669017,6.116846652410307,6.138581812669017,0.0,0.0,,r0009|r0022,0
20021,0,0.0,edge_0,1,1.0,0.003,1,r0007,r0007,1,1,0,0,0.018037384877214173,0.018037384877214173,0.0,-1.1038776137478803,-1.121860886470463,-1.1038776137478803,0.0,0.0,,r0007,0
20021,0,0.0,edge_4,1,1.0,0.003,1,r0007,r0007,1,1,0,0,0.016264472144707495,0.016264472144707495,0.0,-1.2583587385449813,-1.2745744172732545,-1.258358738544981,-2.220446049250313e-16,-1.7645572611652675e-16,,r0007,0
20021,0,0.0,cloud_0,1,1.0,0.003,1,r0007,r0007,1,1,0,0,0.011642758460200906,0.011642758460200906,0.0,-0.3853864849060313,-0.3969943150908516,-0.3853864849060313,0.0,0.0,,r0007,1
20021,0,0.0,edge_0,2,1.0,0.003,1,r0007,r0007,1,1,0,0,0.03558599967020779,0.03558599967020779,0.0,-1.1129364849961219,-1.148415726667319,-1.1129364849961219,0.0,0.0,,r0007,0
20021,0,0.0,edge_4,2,1.0,0.003,1,r0007,r0007,1,1,0,0,0.027256129018745846,0.027256129018745846,0.0,-1.26427901820919,-1.2914533788408797,-1.26427901820919,0.0,0.0,,r0007,0
20021,0,0.0,cloud_0,2,1.0,0.003,1,r0007,r0007,1,1,0,0,0.01845067781447988,0.01845067781447988,0.0,-0.3854069086640941,-0.4038022344451305,-0.3854069086640941,0.0,0.0,,r0007,0
20021,0,0.0,edge_0,4,1.0,0.003,1,r0007,r0007,1,1,0,0,0.07068322925619505,0.07068322925619505,0.0,-1.1310542274926045,-1.201525407061031,-1.1310542274926045,0.0,0.0,,r0007,0
20021,0,0.0,edge_4,4,1.0,0.003,1,r0007,r0007,1,1,0,0,0.04923944276682255,0.04923944276682255,0.0,-1.2761195775376082,-1.3252113019761302,-1.2761195775376082,0.0,0.0,,r0007,0
20021,0,0.0,cloud_0,4,1.0,0.003,1,r0007,r0007,1,1,0,0,0.03206651652303784,0.03206651652303784,0.0,-0.38544775618021976,-0.4174180731536885,-0.38544775618021976,0.0,0.0,,r0007,0
20021,0,0.0,edge_0,8,1.0,0.003,1,r0007,r0007,1,1,0,0,0.14087768842816956,0.14087768842816956,0.0,-1.1672897124855701,-1.307744767848455,-1.16728971248557,-2.220446049250313e-16,-1.902223608672266e-16,,r0007,0
20021,0,0.0,edge_4,8,1.0,0.003,1,r0007,r0007,1,1,0,0,0.09320607026297595,0.09320607026297595,0.0,-1.2998006961944437,-1.3927271482466308,-1.2998006961944437,0.0,0.0,,r0007,0
20021,0,0.0,cloud_0,8,1.0,0.003,1,r0007,r0007,1,1,0,0,0.059298193940153746,0.059298193940153746,0.0,-0.3855294512124711,-0.44464975057080436,-0.38552945121247106,-5.551115123125783e-17,-1.4398679804273836e-16,,r0007,0
20021,1,9987.084363923785,edge_0,1,1.0,0.003,2,r0009|r0021,r0009|r0021,1,1,0,0,0.06044130997429784,0.06044130997429784,0.0,4.320622584368865,4.260362598324489,4.320622584368865,0.0,0.0,,r0009|r0021,0
20021,1,9987.084363923785,edge_4,1,1.0,0.003,2,r0009|r0021,r0009|r0021,1,1,0,0,0.06141444042060433,0.06141444042060433,0.0,4.386345969047824,4.325115771948481,4.386345969047824,0.0,0.0,,r0009|r0021,0
20021,1,9987.084363923785,cloud_0,1,1.0,0.003,2,r0009|r0021,r0009|r0021,1,1,0,0,0.03709338909987355,0.03709338909987355,0.0,5.043375641708768,5.006393532776194,5.043375641708768,0.0,0.0,,r0009|r0021,1
20021,1,9987.084363923785,edge_0,2,1.0,0.003,2,r0009|r0021,r0009|r0021,1,1,0,0,0.11960640712110318,0.11960640712110318,0.0,4.305690765458684,4.186443177558944,4.305690765458684,0.0,0.0,,r0009|r0021,0
20021,1,9987.084363923785,edge_4,2,1.0,0.003,2,r0009|r0021,r0009|r0021,1,1,0,0,0.10619301507962495,0.10619301507962495,0.0,4.305504614818029,4.199630178783643,4.305504614818029,0.0,0.0,,r0009|r0021,0
20021,1,9987.084363923785,cloud_0,2,1.0,0.003,2,r0009|r0021,r0009|r0021,1,1,0,0,0.06102459453590012,0.06102459453590012,0.0,4.954056118218674,4.893214597466382,4.954056118218674,0.0,0.0,,r0009|r0021,0
20021,1,9987.084363923785,edge_0,4,1.0,0.003,2,r0009|r0021,r0009|r0021,1,1,0,0,0.23793660141471382,0.23793660141471382,0.0,4.287421343610116,4.050198551999646,4.287421343610116,0.0,0.0,,r0009|r0021,0
20021,1,9987.084363923785,edge_4,4,1.0,0.003,2,r0009|r0021,r0009|r0021,1,1,0,0,0.19575016439766624,0.19575016439766624,0.0,4.245815246724671,4.050652332820198,4.245815246724671,0.0,0.0,,r0009|r0021,0
20021,1,9987.084363923785,cloud_0,4,1.0,0.003,2,r0009|r0021,r0009|r0021,1,1,0,0,0.10888700540795326,0.10888700540795326,0.0,4.889104134271358,4.780543789879629,4.889104134271358,0.0,0.0,,r0009|r0021,0
20021,1,9987.084363923785,edge_0,8,1.0,0.003,2,r0009|r0021,r0009|r0021,1,1,0,0,0.4745969900019351,0.4745969900019351,0.0,4.256820397905658,3.783647198873729,4.256820397905658,0.0,0.0,,r0009|r0021,0
20021,1,9987.084363923785,edge_4,8,1.0,0.003,2,r0009|r0021,r0009|r0021,1,1,0,0,0.3748644630337487,0.3748644630337487,0.0,4.197627918507497,3.8238880488628495,4.1976279185074965,8.881784197001252e-16,2.115905546997421e-16,,r0009|r0021,0
20021,1,9987.084363923785,cloud_0,8,1.0,0.003,2,r0009|r0021,r0009|r0021,1,1,0,0,0.2046118271520595,0.2046118271520595,0.0,4.848486596670186,4.644488604999583,4.848486596670186,0.0,0.0,,r0009|r0021,0
20021,2,20306.244961897675,edge_0,1,1.0,0.003,1,r0014,r0014,1,1,0,0,0.012624186934694593,0.012624186934694593,0.0,0.3953024586478881,0.38271614427399764,0.39530245864788816,-5.551115123125783e-17,-1.4042703255914693e-16,,r0014,0
20021,2,20306.244961897675,edge_4,1,1.0,0.003,1,r0014,r0014,1,1,0,0,0.02202703477401717,0.02202703477401717,0.0,0.29120582085447666,0.2692448671847816,0.2912058208544767,-5.551115123125783e-17,-1.906251429603058e-16,,r0014,0
20021,2,20306.244961897675,cloud_0,1,1.0,0.003,1,r0014,r0014,1,1,0,0,0.01863582602861061,0.01863582602861061,0.0,0.8630950395850401,0.8445151210345153,0.8630950395850401,0.0,0.0,,r0014,1
20021,2,20306.244961897675,edge_0,2,1.0,0.003,1,r0014,r0014,1,1,0,0,0.023852165600724392,0.023852165600724392,0.0,0.3881085763838474,0.36432796727992517,0.3881085763838474,0.0,0.0,,r0014,0
20021,2,20306.244961897675,edge_4,2,1.0,0.003,1,r0014,r0014,1,1,0,0,0.029038134404784588,0.029038134404784588,0.0,0.28628084037153434,0.2573298203699642,0.28628084037153445,-1.1102230246251565e-16,-3.878090560249552e-16,,r0014,0
20021,2,20306.244961897675,cloud_0,2,1.0,0.003,1,r0014,r0014,1,1,0,0,0.023104104287444915,0.023104104287444915,0.0,0.862205691968607,0.8391708999940244,0.862205691968607,0.0,0.0,,r0014,0
20021,2,20306.244961897675,edge_0,4,1.0,0.003,1,r0014,r0014,1,1,0,0,0.04630812293278399,0.04630812293278399,0.0,0.3737208118557657,0.3275516132917801,0.3737208118557658,-5.551115123125783e-17,-1.4853641935435445e-16,,r0014,0
20021,2,20306.244961897675,edge_4,4,1.0,0.003,1,r0014,r0014,1,1,0,0,0.04306033366631941,0.04306033366631941,0.0,0.27643087940564987,0.23349972674032943,0.27643087940564987,0.0,0.0,,r0014,0
20021,2,20306.244961897675,cloud_0,4,1.0,0.003,1,r0014,r0014,1,1,0,0,0.032040660805113516,0.032040660805113516,0.0,0.8604269967357409,0.8284824579130428,0.860426996735741,-1.1102230246251565e-16,-1.2903163532026348e-16,,r0014,0
20021,2,20306.244961897675,edge_0,8,1.0,0.003,1,r0014,r0014,1,1,0,0,0.09122003759690317,0.09122003759690317,0.0,0.34494528279960246,0.25399890531548996,0.3449452827996024,5.551115123125783e-17,1.6092741080766506e-16,,r0014,0
20021,2,20306.244961897675,edge_4,8,1.0,0.003,1,r0014,r0014,1,1,0,0,0.07110473218938905,0.07110473218938905,0.0,0.256730957473881,0.18583953948106008,0.25673095747388097,5.551115123125783e-17,2.1622305224684619e-16,,r0014,0
20021,2,20306.244961897675,cloud_0,8,1.0,0.003,1,r0014,r0014,1,1,0,0,0.04991377384045071,0.04991377384045071,0.0,0.8568696062700087,0.8071055737510794,0.8568696062700087,0.0,0.0,,r0014,0
20021,3,23168.91367272069,edge_0,1,1.0,0.003,1,r0002,r0002,1,1,0,0,0.03177473790786117,0.03177473790786117,0.0,-1.0359645912093534,-1.067644004903491,-1.0359645912093534,0.0,0.0,,r0002,0
20021,3,23168.91367272069,edge_4,1,1.0,0.003,1,r0002,r0002,1,1,0,0,0.027850703796038156,0.027850703796038156,0.0,-1.1911907648397237,-1.2189579165243738,-1.1911907648397237,0.0,0.0,,r0002,0
20021,3,23168.91367272069,cloud_0,1,1.0,0.003,1,r0002,r0002,1,1,0,0,0.021384136792477065,0.021384136792477065,0.0,-0.31396451948878074,-0.3352845038708804,-0.31396451948878074,0.0,0.0,,r0002,1
20021,3,23168.91367272069,edge_0,2,1.0,0.003,1,r0002,r0002,1,1,0,0,0.06268845624836089,0.06268845624836089,0.0,-1.0451081247931393,-1.107608515672755,-1.0451081247931393,0.0,0.0,,r0002,0
20021,3,23168.91367272069,edge_4,2,1.0,0.003,1,r0002,r0002,1,1,0,0,0.046672426204419096,0.046672426204419096,0.0,-1.1971636678437916,-1.2436960767695973,-1.1971636678437914,-2.220446049250313e-16,-1.8547556268973253e-16,,r0002,0
20021,3,23168.91367272069,cloud_0,2,1.0,0.003,1,r0002,r0002,1,1,0,0,0.033888173464001525,0.033888173464001525,0.0,-0.3140020315987953,-0.3477885405424048,-0.3140020315987953,0.0,0.0,,r0002,0
20021,3,23168.91367272069,edge_0,4,1.0,0.003,1,r0002,r0002,1,1,0,0,0.12451589292936033,0.12451589292936033,0.0,-1.0633951919607114,-1.1875375372112837,-1.0633951919607114,0.0,0.0,,r0002,0
20021,3,23168.91367272069,edge_4,4,1.0,0.003,1,r0002,r0002,1,1,0,0,0.08431587102118099,0.08431587102118099,0.0,-1.2091094738519275,-1.2931723972600448,-1.2091094738519275,0.0,0.0,,r0002,0
20021,3,23168.91367272069,cloud_0,4,1.0,0.003,1,r0002,r0002,1,1,0,0,0.05889624680705045,0.05889624680705045,0.0,-0.31407705581882445,-0.3727966138854537,-0.3140770558188244,-5.551115123125783e-17,-1.7674373279683145e-16,,r0002,0
20021,3,23168.91367272069,edge_0,8,1.0,0.003,1,r0002,r0002,1,1,0,0,0.24817076629135917,0.24817076629135917,0.0,-1.0999693262958554,-1.3473955802883406,-1.0999693262958554,0.0,0.0,,r0002,0
20021,3,23168.91367272069,edge_4,8,1.0,0.003,1,r0002,r0002,1,1,0,0,0.15960276065470477,0.15960276065470477,0.0,-1.2330010858681986,-1.3921250382409394,-1.2330010858681988,2.220446049250313e-16,1.8008467913771708e-16,,r0002,0
20021,3,23168.91367272069,cloud_0,8,1.0,0.003,1,r0002,r0002,1,1,0,0,0.10891239349314828,0.10891239349314828,0.0,-0.31422710425888273,-0.4228127605715516,-0.3142271042588828,5.551115123125783e-17,1.7665933485331604e-16,,r0002,0
20021,4,33252.03496518812,edge_0,1,1.0,0.003,3,r0016|r0017|r0023,r0016|r0017|r0023,1,1,0,0,0.014060607972295594,0.014060607972295594,0.0,6.257945437422441,6.243927011274062,6.257945437422441,0.0,0.0,,r0016|r0017|r0023,0
20021,4,33252.03496518812,edge_4,1,1.0,0.003,3,r0016|r0017|r0023,r0016|r0017|r0023,1,1,0,0,0.021106577095489732,0.021106577095489732,0.0,6.564994924965946,6.543951667601743,6.564994924965946,0.0,0.0,,r0016|r0017|r0023,0
20021,4,33252.03496518812,cloud_0,1,1.0,0.003,3,r0016|r0017|r0023,r0016|r0017|r0023,1,1,0,0,0.01608119043826937,0.01608119043826937,0.0,7.130441609644418,7.114408662777464,7.130441609644419,-8.881784197001252e-16,-1.2456148837945773e-16,,r0016|r0017|r0023,1
20021,4,33252.03496518812,edge_0,2,1.0,0.003,3,r0016|r0017|r0023,r0016|r0017|r0023,1,1,0,0,0.027072276403551077,0.027072276403551077,0.0,6.207063240343798,6.180072180769458,6.207063240343799,-8.881784197001252e-16,-1.4309156928308184e-16,,r0016|r0017|r0023,0
20021,4,33252.03496518812,edge_4,2,1.0,0.003,3,r0016|r0017|r0023,r0016|r0017|r0023,1,1,0,0,0.029943454687750174,0.029943454687750174,0.0,6.436550260256344,6.406696635932657,6.436550260256344,0.0,0.0,,r0016|r0017|r0023,0
20021,4,33252.03496518812,cloud_0,2,1.0,0.003,3,r0016|r0017|r0023,r0016|r0017|r0023,1,1,0,0,0.021344173604192388,0.021344173604192388,0.0,7.021409441973813,7.000129300890434,7.021409441973813,0.0,0.0,,r0016|r0017|r0023,0
20021,4,33252.03496518812,edge_0,4,1.0,0.003,3,r0016|r0017|r0023,r0016|r0017|r0023,1,1,0,0,0.05309561326606204,0.05309561326606204,0.0,6.160085111939426,6.1071487855131625,6.160085111939426,0.0,0.0,,r0016|r0017|r0023,0
20021,4,33252.03496518812,edge_4,4,1.0,0.003,3,r0016|r0017|r0023,r0016|r0017|r0023,1,1,0,0,0.04761720987227106,0.04761720987227106,0.0,6.295974201690994,6.24849984344834,6.295974201690995,-8.881784197001252e-16,-1.4107084801293742e-16,,r0016|r0017|r0023,0
20021,4,33252.03496518812,cloud_0,4,1.0,0.003,3,r0016|r0017|r0023,r0016|r0017|r0023,1,1,0,0,0.031870139936038426,0.031870139936038426,0.0,6.892335393285279,6.860560863769049,6.892335393285279,0.0,0.0,,r0016|r0017|r0023,0
20021,4,33252.03496518812,edge_0,8,1.0,0.003,3,r0016|r0017|r0023,r0016|r0017|r0023,1,1,0,0,0.10514228699108401,0.10514228699108401,0.0,6.096456931221814,5.991630071091703,6.096456931221813,8.881784197001252e-16,1.4568763951263114e-16,,r0016|r0017|r0023,0
20021,4,33252.03496518812,edge_4,8,1.0,0.003,3,r0016|r0017|r0023,r0016|r0017|r0023,1,1,0,0,0.08296472024131284,0.08296472024131284,0.0,6.158949564287159,6.07623373820657,6.158949564287159,0.0,0.0,,r0016|r0017|r0023,0
20021,4,33252.03496518812,cloud_0,8,1.0,0.003,3,r0016|r0017|r0023,r0016|r0017|r0023,1,1,0,0,0.052922072599730495,0.052922072599730495,0.0,6.767089088154697,6.714325781772766,6.767089088154697,0.0,0.0,,r0016|r0017|r0023,0
20021,5,38751.796732749455,edge_0,1,1.0,0.003,4,r0000|r0003|r0004|r0022,r0000|r0003|r0004|r0022,1,1,0,0,0.10981830892407618,0.10981830892407618,0.0,5.559533777777097,5.450044923779793,5.559533777777097,0.0,0.0,,r0000|r0003|r0004|r0022,0
20021,5,38751.796732749455,edge_4,1,1.0,0.003,4,r0000|r0003|r0004|r0022,r0000|r0003|r0004|r0022,1,1,0,0,0.08586803437899403,0.08586803437899403,0.0,5.676597041718702,5.590986611442845,5.6765970417187015,8.881784197001252e-16,1.5646317911464992e-16,,r0000|r0003|r0004|r0022,0
20021,5,38751.796732749455,cloud_0,1,1.0,0.003,4,r0000|r0003|r0004|r0022,r0000|r0003|r0004|r0022,1,1,0,0,0.05988921572756005,0.05988921572756005,0.0,6.390376050394828,6.33066650231445,6.390376050394828,0.0,0.0,,r0000|r0003|r0004|r0022,1
20021,5,38751.796732749455,edge_0,2,1.0,0.003,4,r0000|r0003|r0004|r0022,r0000|r0003|r0004|r0022,1,1,0,0,0.21793620430153093,0.21793620430153093,0.0,5.51303231380377,5.295749918115143,5.51303231380377,0.0,0.0,,r0000|r0003|r0004|r0022,0
20021,5,38751.796732749455,edge_4,2,1.0,0.003,4,r0000|r0003|r0004|r0022,r0000|r0003|r0004|r0022,1,1,0,0,0.15343392052949004,0.15343392052949004,0.0,5.549320556723782,5.39634693795588,5.5493205567237816,8.881784197001252e-16,1.6005174158194415e-16,,r0000|r0003|r0004|r0022,0
20021,5,38751.796732749455,cloud_0,2,1.0,0.003,4,r0000|r0003|r0004|r0022,r0000|r0003|r0004|r0022,1,1,0,0,0.1026361732948106,0.1026361732948106,0.0,6.261019632875829,6.158691368100904,6.26101963287583,-8.881784197001252e-16,-1.418584306997556e-16,,r0000|r0003|r0004|r0022,0
20021,5,38751.796732749455,edge_0,4,1.0,0.003,4,r0000|r0003|r0004|r0022,r0000|r0003|r0004|r0022,1,1,0,0,0.43417199505644044,0.43417199505644044,0.0,5.435375385969638,5.002505906898366,5.435375385969637,8.881784197001252e-16,1.6340700625623479e-16,,r0000|r0003|r0004|r0022,0
20021,5,38751.796732749455,edge_4,4,1.0,0.003,4,r0000|r0003|r0004|r0022,r0000|r0003|r0004|r0022,1,1,0,0,0.28856569283048206,0.28856569283048206,0.0,5.429765055863804,5.142065060111814,5.429765055863805,-8.881784197001252e-16,-1.63575847308706e-16,,r0000|r0003|r0004|r0022,0
20021,5,38751.796732749455,cloud_0,4,1.0,0.003,4,r0000|r0003|r0004|r0022,r0000|r0003|r0004|r0022,1,1,0,0,0.18813008842931173,0.18813008842931173,0.0,6.152781973247675,5.965216275083652,6.152781973247675,0.0,0.0,,r0000|r0003|r0004|r0022,0
20021,5,38751.796732749455,edge_0,8,1.0,0.003,4,r0000|r0003|r0004|r0022,r0000|r0003|r0004|r0022,1,1,0,0,0.8666435765662593,0.8666435765662593,0.0,5.287920878745936,4.423877232909375,5.287920878745936,0.0,0.0,,r0000|r0003|r0004|r0022,0
20021,5,38751.796732749455,edge_4,8,1.0,0.003,4,r0000|r0003|r0004|r0022,r0000|r0003|r0004|r0022,1,1,0,0,0.5588292374324662,0.5588292374324662,0.0,5.28488236223896,4.727729612518791,5.28488236223896,0.0,0.0,,r0000|r0003|r0004|r0022,0
20021,5,38751.796732749455,cloud_0,8,1.0,0.003,4,r0000|r0003|r0004|r0022,r0000|r0003|r0004|r0022,1,1,0,0,0.3591179186983139,0.3591179186983139,0.0,6.054485371091678,5.696444806149459,6.054485371091678,0.0,0.0,,r0000|r0003|r0004|r0022,0
20022,0,0.0,edge_1,1,1.0,0.003,1,r0023,r0023,1,1,0,0,0.006183403244328131,0.006183403244328131,0.0,-0.2923121931144568,-0.2984770461490519,-0.2923121931144568,0.0,0.0,,r0023,0
20022,0,0.0,edge_5,1,1.0,0.003,1,r0023,r0023,1,1,0,0,0.004631025708053196,0.004631025708053196,0.0,-0.2860316224581247,-0.29064875508905375,-0.2860316224581247,0.0,0.0,,r0023,0
20022,0,0.0,cloud_0,1,1.0,0.003,1,r0023,r0023,1,1,0,0,0.005625305257060231,0.005625305257060231,0.0,-0.0994120430131211,-0.10502047235441016,-0.0994120430131211,0.0,0.0,,r0023,1
20022,0,0.0,edge_1,2,1.0,0.003,1,r0023,r0023,1,1,0,0,0.008915884619401663,0.008915884619401663,0.0,-0.29251144934150347,-0.3014005863070469,-0.29251144934150347,0.0,0.0,,r0023,0
20022,0,0.0,edge_5,2,1.0,0.003,1,r0023,r0023,1,1,0,0,0.008528482969361552,0.008528482969361552,0.0,-0.28658112039708517,-0.29508401791753863,-0.28658112039708517,0.0,0.0,,r0023,0
20022,0,0.0,cloud_0,2,1.0,0.003,1,r0023,r0023,1,1,0,0,0.008150064111730554,0.008150064111730554,0.0,-0.0994196172896851,-0.10754523120908047,-0.0994196172896851,0.0,0.0,,r0023,0
20022,0,0.0,edge_1,4,1.0,0.003,1,r0023,r0023,1,1,0,0,0.014380847369548722,0.014380847369548722,0.0,-0.2929099617955969,-0.307247666623037,-0.2929099617955969,0.0,0.0,,r0023,0
20022,0,0.0,edge_5,4,1.0,0.003,1,r0023,r0023,1,1,0,0,0.01632339749197826,0.01632339749197826,0.0,-0.287680116275006,-0.30395454357450835,-0.287680116275006,0.0,0.0,,r0023,0
20022,0,0.0,cloud_0,4,1.0,0.003,1,r0023,r0023,1,1,0,0,0.013199581821071192,0.013199581821071192,0.0,-0.09943476584281313,-0.11259474891842113,-0.09943476584281315,1.3877787807814457e-17,1.3956675706113209e-16,,r0023,0
20022,0,0.0,edge_1,8,1.0,0.003,1,r0023,r0023,1,1,0,0,0.02531077286984284,0.02531077286984284,0.0,-0.2937069867037837,-0.3189418272550171,-0.29370698670378376,5.551115123125783e-17,1.8900180705351497e-16,,r0023,0
20022,0,0.0,edge_5,8,1.0,0.003,1,r0023,r0023,1,1,0,0,0.03191322653721168,0.03191322653721168,0.0,-0.2898781080308477,-0.3216955948884478,-0.28987810803084774,5.551115123125783e-17,1.9149825286340884e-16,,r0023,0
20022,0,0.0,cloud_0,8,1.0,0.003,1,r0023,r0023,1,1,0,0,0.02329861723975248,0.02329861723975248,0.0,-0.09946506294906918,-0.1226937843371024,-0.09946506294906918,0.0,0.0,,r0023,0
20022,1,4303.899729578591,edge_1,1,1.0,0.003,1,r0001,r0001,1,1,0,0,0.005487497812398835,0.005487497812398835,0.0,-0.3012657660289604,-0.30673680134792203,-0.3012657660289604,0.0,0.0,,r0001,0
20022,1,4303.899729578591,edge_5,1,1.0,0.003,1,r0001,r0001,1,1,0,0,0.004109831178391139,0.004109831178391139,0.0,-0.29465560310486444,-0.2987531047897204,-0.29465560310486444,0.0,0.0,,r0001,0
20022,1,4303.899729578591,cloud_0,1,1.0,0.003,1,r0001,r0001,1,1,0,0,0.0049922104498859666,0.0049922104498859666,0.0,-0.09821314564495431,-0.10319037946349063,-0.09821314564495433,1.3877787807814457e-17,1.4130275246435327e-16,,r0001,1
20022,1,4303.899729578591,edge_1,2,1.0,0.003,1,r0001,r0001,1,1,0,0,0.007912454583880721,0.007912454583880721,0.0,-0.301474262763875,-0.30936297998400414,-0.30147426276387507,5.551115123125783e-17,1.8413230609584758e-16,,r0001,0
20022,1,4303.899729578591,edge_5,2,1.0,0.003,1,r0001,r0001,1,1,0,0,0.0075686526962932005,0.0075686526962932005,0.0,-0.2952323928866437,-0.302778339624848,-0.2952323928866437,0.0,0.0,,r0001,0
20022,1,4303.899729578591,cloud_0,2,1.0,0.003,1,r0001,r0001,1,1,0,0,0.007232822641003607,0.007232822641003607,0.0,-0.09821986748152767,-0.10543099165460826,-0.09821986748152767,0.0,0.0,,r0001,0
20022,1,4303.899729578591,edge_1,4,1.0,0.003,1,r0001,r0001,1,1,0,0,0.01276236812684449,0.01276236812684449,0.0,-0.3018912562337044,-0.3146153372561683,-0.30189125623370433,-5.551115123125783e-17,-1.838779695834739e-16,,r0001,0
20022,1,4303.899729578591,edge_5,4,1.0,0.003,1,r0001,r0001,1,1,0,0,0.014486295732097317,0.014486295732097317,0.0,-0.2963859724502022,-0.31082880929510326,-0.29638597245020226,5.551115123125783e-17,1.8729344972824117e-16,,r0001,0
20022,1,4303.899729578591,cloud_0,4,1.0,0.003,1,r0001,r0001,1,1,0,0,0.011714047023238885,0.011714047023238885,0.0,-0.09823331115467437,-0.10991221603684354,-0.09823331115467437,0.0,0.0,,r0001,0
20022,1,4303.899729578591,edge_1,8,1.0,0.003,1,r0001,r0001,1,1,0,0,0.022462195212772023,0.022462195212772023,0.0,-0.3027252431733631,-0.3251200518004968,-0.3027252431733631,0.0,0.0,,r0001,0
20022,1,4303.899729578591,edge_5,8,1.0,0.003,1,r0001,r0001,1,1,0,0,0.02832158180370556,0.02832158180370556,0.0,-0.29869313157731925,-0.32692974863561375,-0.2986931315773193,5.551115123125783e-17,1.8584676165172645e-16,,r0001,0
20022,1,4303.899729578591,cloud_0,8,1.0,0.003,1,r0001,r0001,1,1,0,0,0.020676495787709442,0.020676495787709442,0.0,-0.09826019850096779,-0.11887466480131409,-0.09826019850096777,-1.3877787807814457e-17,-1.412350882608666e-16,,r0001,0
20022,2,8098.999836979342,edge_1,1,1.0,0.003,1,r0019,r0019,1,1,0,0,0.011480697933890685,0.011480697933890685,0.0,-0.03375441219268302,-0.045200668032772034,-0.03375441219268302,0.0,0.0,,r0019,0
20022,2,8098.999836979342,edge_5,1,1.0,0.003,1,r0019,r0019,1,1,0,0,0.010986667322134205,0.010986667322134205,0.0,-0.033095837072322665,-0.04404954439249047,-0.033095837072322665,0.0,0.0,,r0019,0
20022,2,8098.999836979342,cloud_0,1,1.0,0.003,1,r0019,r0019,1,1,0,0,0.00910059906888164,0.00910059906888164,0.0,-0.013440224440582495,-0.02251352171225749,-0.013440224440582495,0.0,0.0,,r0019,1
20022,2,8098.999836979342,edge_1,2,1.0,0.003,1,r0019,r0019,1,1,0,0,0.019154795050850333,0.019154795050850333,0.0,-0.03379949067380757,-0.05289682133950535,-0.03379949067380757,0.0,0.0,,r0019,0
20022,2,8098.999836979342,edge_5,2,1.0,0.003,1,r0019,r0019,1,1,0,0,0.021217053231677673,0.021217053231677673,0.0,-0.03318861352898181,-0.054342015600964445,-0.03318861352898181,0.0,0.0,,r0019,0
20022,2,8098.999836979342,cloud_0,2,1.0,0.003,1,r0019,r0019,1,1,0,0,0.015239958653798348,0.015239958653798348,0.0,-0.013458642519337247,-0.0286528812971742,-0.013458642519337247,0.0,0.0,,r0019,0
20022,2,8098.999836979342,edge_1,4,1.0,0.003,1,r0019,r0019,1,1,0,0,0.034502989284769636,0.034502989284769636,0.0,-0.033889647636056654,-0.06828912795297198,-0.033889647636056654,0.0,0.0,,r0019,0
20022,2,8098.999836979342,edge_5,4,1.0,0.003,1,r0019,r0019,1,1,0,0,0.04167782505076461,0.04167782505076461,0.0,-0.03337416644230009,-0.07492695801791241,-0.033374166442300096,6.938893903907228e-18,2.0791212616212417e-16,,r0019,0
20022,2,8098.999836979342,cloud_0,4,1.0,0.003,1,r0019,r0019,1,1,0,0,0.02751867782363175,0.02751867782363175,0.0,-0.013495478676846745,-0.040931600467007605,-0.013495478676846747,1.734723475976807e-18,1.2854108531570291e-16,,r0019,0
20022,2,8098.999836979342,edge_1,8,1.0,0.003,1,r0019,r0019,1,1,0,0,0.06519937775260821,0.06519937775260821,0.0,-0.03406996156055484,-0.09907374117990522,-0.034069961560554834,-6.938893903907228e-18,-2.0366603265971592e-16,,r0019,0
20022,2,8098.999836979342,edge_5,8,1.0,0.003,1,r0019,r0019,1,1,0,0,0.0825993686889385,0.0825993686889385,0.0,-0.03374527226893665,-0.11609684285180832,-0.033745272268936644,-6.938893903907228e-18,-2.0562566064386597e-16,,r0019,0
20022,2,8098.999836979342,cloud_0,8,1.0,0.003,1,r0019,r0019,1,1,0,0,0.052076116163298575,0.052076116163298575,0.0,-0.013569150991865746,-0.06548903880667442,-0.013569150991865744,-1.734723475976807e-18,-1.2784318466326419e-16,,r0019,0
20022,3,9139.481894252986,edge_1,1,1.0,0.003,3,r0007|r0014|r0022,r0007|r0014|r0022,1,1,0,0,0.01803460606281382,0.01803460606281382,0.0,5.324788014775378,5.306807512530753,5.324788014775378,0.0,0.0,,r0007|r0014|r0022,0
20022,3,9139.481894252986,edge_5,1,1.0,0.003,3,r0007|r0014|r0022,r0007|r0014|r0022,1,1,0,0,0.017195407858139125,0.017195407858139125,0.0,5.141644075375724,5.124500253741159,5.141644075375724,0.0,0.0,,r0007|r0014|r0022,0
20022,3,9139.481894252986,cloud_0,1,1.0,0.003,2,r0007|r0022,r0007|r0022,1,1,0,0,0.0052364047114697,0.0052364047114697,0.0,5.558751066534762,5.553530371037426,5.558751066534762,0.0,0.0,,r0007|r0022,1
20022,3,9139.481894252986,edge_1,2,1.0,0.003,3,r0007|r0014|r0022,r0007|r0014|r0022,1,1,0,0,0.03168092982270292,0.03168092982270292,0.0,5.228363342071555,5.19677745503832,5.228363342071555,0.0,0.0,,r0007|r0014|r0022,0
20022,3,9139.481894252986,edge_5,2,1.0,0.003,3,r0007|r0014|r0022,r0007|r0014|r0022,1,1,0,0,0.03360441732214542,0.03360441732214542,0.0,5.116756294052909,5.0832526899827295,5.116756294052909,0.0,0.0,,r0007|r0014|r0022,0
20022,3,9139.481894252986,cloud_0,2,1.0,0.003,2,r0007|r0022,r0007|r0022,1,1,0,0,0.0068050459661491945,0.0068050459661491945,0.0,5.4715717063383105,5.46478707551006,5.4715717063383105,0.0,0.0,,r0007|r0022,0
20022,3,9139.481894252986,edge_1,4,1.0,0.003,3,r0007|r0014|r0022,r0007|r0014|r0022,1,1,0,0,0.05897357734248113,0.05897357734248113,0.0,5.163745915765451,5.104949259154997,5.1637459157654515,-8.881784197001252e-16,-1.7200273487284192e-16,,r0007|r0014|r0022,0
20022,3,9139.481894252986,edge_5,4,1.0,0.003,3,r0007|r0014|r0022,r0007|r0014|r0022,1,1,0,0,0.066422436250158,0.066422436250158,0.0,5.1023412087356075,5.0361180397942,5.1023412087356075,0.0,0.0,,r0007|r0014|r0022,0
20022,3,9139.481894252986,cloud_0,4,1.0,0.003,3,r0007|r0014|r0022,r0007|r0014|r0022,1,1,0,0,0.04649388465751731,0.04649388465751731,0.0,5.381878555922144,5.335524152918599,5.381878555922143,8.881784197001252e-16,1.6503130096140614e-16,,r0007|r0014|r0022,0
20022,3,9139.481894252986,edge_1,8,1.0,0.003,3,r0007|r0014|r0022,r0007|r0014|r0022,1,1,0,0,0.11355887238203756,0.11355887238203756,0.0,5.124830448364186,5.011612252599294,5.124830448364185,8.881784197001252e-16,1.7330883990193787e-16,,r0007|r0014|r0022,0
20022,3,9139.481894252986,edge_5,8,1.0,0.003,3,r0007|r0014|r0022,r0007|r0014|r0022,1,1,0,0,0.13205847410618318,0.13205847410618318,0.0,5.0923244410082935,4.960662142324429,5.0923244410082935,0.0,0.0,,r0007|r0014|r0022,0
20022,3,9139.481894252986,cloud_0,8,1.0,0.003,3,r0007|r0014|r0022,r0007|r0014|r0022,1,1,0,0,0.08961670910254833,0.08961670910254833,0.0,5.345042436993211,5.2556945780179705,5.345042436993211,0.0,0.0,,r0007|r0014|r0022,0
20022,4,16067.601701374413,edge_1,1,1.0,0.003,3,r0002|r0009|r0014,r0002|r0009|r0014,1,1,0,0,0.042692301533658904,0.042692301533658904,0.0,6.1620558306779065,6.1194916060488485,6.1620558306779065,0.0,0.0,,r0002|r0009|r0014,0
20022,4,16067.601701374413,edge_5,1,1.0,0.003,3,r0002|r0009|r0014,r0002|r0009|r0014,1,1,0,0,0.046663636635816484,0.046663636635816484,0.0,5.985464120923494,5.938940475197585,5.985464120923494,0.0,0.0,,r0002|r0009|r0014,0
20022,4,16067.601701374413,cloud_0,1,1.0,0.003,3,r0002|r0009|r0014,r0002|r0009|r0014,1,1,0,0,0.03682543619931967,0.03682543619931967,0.0,6.603100834134756,6.566385874244035,6.603100834134756,0.0,0.0,,r0002|r0009|r0014,1
20022,4,16067.601701374413,edge_1,2,1.0,0.003,3,r0002|r0009|r0014,r0002|r0009|r0014,1,1,0,0,0.07499647090414424,0.07499647090414424,0.0,6.058094489536164,5.983323008044732,6.058094489536164,0.0,0.0,,r0002|r0009|r0014,0
20022,4,16067.601701374413,edge_5,2,1.0,0.003,3,r0002|r0009|r0014,r0002|r0009|r0014,1,1,0,0,0.09119320298859317,0.09119320298859317,0.0,5.950075383326959,5.859155759947331,5.950075383326959,0.0,0.0,,r0002|r0009|r0014,0
20022,4,16067.601701374413,cloud_0,2,1.0,0.003,3,r0002|r0009|r0014,r0002|r0009|r0014,1,1,0,0,0.06487876862451943,0.06487876862451943,0.0,6.501561899594791,6.436877767276146,6.501561899594791,0.0,0.0,,r0002|r0009|r0014,0
20022,4,16067.601701374413,edge_1,4,1.0,0.003,3,r0002|r0009|r0014,r0002|r0009|r0014,1,1,0,0,0.13960480964511496,0.13960480964511496,0.0,5.978403726354224,5.839217731138044,5.978403726354224,0.0,0.0,,r0002|r0009|r0014,0
20022,4,16067.601701374413,edge_5,4,1.0,0.003,3,r0002|r0009|r0014,r0002|r0009|r0014,1,1,0,0,0.18025233569414648,0.18025233569414648,0.0,5.914658385462217,5.734946806775153,5.914658385462217,0.0,0.0,,r0002|r0009|r0014,0
20022,4,16067.601701374413,cloud_0,4,1.0,0.003,3,r0002|r0009|r0014,r0002|r0009|r0014,1,1,0,0,0.1209854334749189,0.1209854334749189,0.0,6.425408420827093,6.3047859436525995,6.425408420827093,0.0,0.0,,r0002|r0009|r0014,0
20022,4,16067.601701374413,edge_1,8,1.0,0.003,3,r0002|r0009|r0014,r0002|r0009|r0014,1,1,0,0,0.2688214871270564,0.2688214871270564,0.0,5.909341585201285,5.6413265625356095,5.909341585201284,8.881784197001252e-16,1.5030074110530064e-16,,r0002|r0009|r0014,0
20022,4,16067.601701374413,edge_5,8,1.0,0.003,3,r0002|r0009|r0014,r0002|r0009|r0014,1,1,0,0,0.3583706011052532,0.3583706011052532,0.0,5.8626377926400215,5.505342303338084,5.8626377926400215,0.0,0.0,,r0002|r0009|r0014,0
20022,4,16067.601701374413,cloud_0,8,1.0,0.003,3,r0002|r0009|r0014,r0002|r0009|r0014,1,1,0,0,0.23319876317571794,0.23319876317571794,0.0,6.361824515116208,6.129325348230017,6.361824515116208,0.0,0.0,,r0002|r0009|r0014,0
20022,5,22459.575461425422,edge_1,1,1.0,0.003,2,r0013|r0020,r0013|r0020,1,1,0,0,0.03377620337857658,0.03377620337857658,0.0,5.949642161867184,5.915967287098743,5.949642161867184,0.0,0.0,,r0013|r0020,0
20022,5,22459.575461425422,edge_5,1,1.0,0.003,2,r0013|r0020,r0013|r0020,1,1,0,0,0.041100983394131825,0.041100983394131825,0.0,5.877676890318953,5.836699209875004,5.877676890318953,0.0,0.0,,r0013|r0020,0
20022,5,22459.575461425422,cloud_0,1,1.0,0.003,2,r0013|r0020,r0013|r0020,1,1,0,0,0.028931952873938425,0.028931952873938425,0.0,6.149235546398683,6.120390389383366,6.149235546398683,0.0,0.0,,r0013|r0020,1
20022,5,22459.575461425422,edge_1,2,1.0,0.003,2,r0013|r0020,r0013|r0020,1,1,0,0,0.06324477875897036,0.06324477875897036,0.0,5.877707801199816,5.8146527567771225,5.877707801199816,0.0,0.0,,r0013|r0020,0
20022,5,22459.575461425422,edge_5,2,1.0,0.003,2,r0013|r0020,r0013|r0020,1,1,0,0,0.08132566631892249,0.08132566631892249,0.0,5.829559179060098,5.748477489740132,5.829559179060098,0.0,0.0,,r0013|r0020,0
20022,5,22459.575461425422,cloud_0,2,1.0,0.003,2,r0013|r0020,r0013|r0020,1,1,0,0,0.0542632841686214,0.0542632841686214,0.0,6.084317565426218,6.030217071110103,6.084317565426218,0.0,0.0,,r0013|r0020,0
20022,5,22459.575461425422,edge_1,4,1.0,0.003,2,r0013|r0020,r0013|r0020,1,1,0,0,0.12218192951975794,0.12218192951975794,0.0,5.794363891455745,5.672548507724547,5.794363891455745,0.0,0.0,,r0013|r0020,0
20022,5,22459.575461425422,edge_5,4,1.0,0.003,2,r0013|r0020,r0013|r0020,1,1,0,0,0.16177503216850384,0.16177503216850384,0.0,5.745027851184528,5.583738144112529,5.745027851184528,0.0,0.0,,r0013|r0020,0
20022,5,22459.575461425422,cloud_0,4,1.0,0.003,2,r0013|r0020,r0013|r0020,1,1,0,0,0.10492594675798739,0.10492594675798739,0.0,6.013809355883244,5.909198186965531,6.013809355883245,-8.881784197001252e-16,-1.4768981973650857e-16,,r0013|r0020,0
20022,5,22459.575461425422,edge_1,8,1.0,0.003,2,r0013|r0020,r0013|r0020,1,1,0,0,0.2400562310413331,0.2400562310413331,0.0,5.662821258971893,5.423485196623684,5.662821258971893,0.0,0.0,,r0013|r0020,0
20022,5,22459.575461425422,edge_5,8,1.0,0.003,2,r0013|r0020,r0013|r0020,1,1,0,0,0.32267376386766655,0.32267376386766655,0.0,5.581960777207109,5.2602550346310455,5.581960777207109,0.0,0.0,,r0013|r0020,0
20022,5,22459.575461425422,cloud_0,8,1.0,0.003,2,r0013|r0020,r0013|r0020,1,1,0,0,0.20625127193671933,0.20625127193671933,0.0,5.9071138383790425,5.701481320258133,5.9071138383790425,0.0,0.0,,r0013|r0020,0
20022,6,27326.987223388252,edge_1,1,1.0,0.003,1,r0006,r0006,1,1,0,0,0.023009265671983067,0.023009265671983067,0.0,0.022597001845101217,-0.00034323602986591206,0.022597001845101206,1.0408340855860843e-17,4.60607160507767e-16,,r0006,0
20022,6,27326.987223388252,edge_5,1,1.0,0.003,1,r0006,r0006,1,1,0,0,0.02320951021690893,0.02320951021690893,0.0,0.03189791789155577,0.008758036205297581,0.031897917891555785,-1.3877787807814457e-17,-4.350687670272131e-16,,r0006,0
20022,6,27326.987223388252,cloud_0,1,1.0,0.003,1,r0006,r0006,1,1,0,0,0.016679383962385868,0.016679383962385868,0.0,0.31202561240560145,0.2953962665951027,0.3120256124056014,5.551115123125783e-17,1.779057520415952e-16,,r0006,1
20022,6,27326.987223388252,edge_1,2,1.0,0.003,1,r0006,r0006,1,1,0,0,0.04236514070501334,0.04236514070501334,0.0,0.02219043884130928,-0.02004760644158904,0.022190438841309265,1.3877787807814457e-17,6.253949237804096e-16,,r0006,0
20022,6,27326.987223388252,edge_5,2,1.0,0.003,1,r0006,r0006,1,1,0,0,0.04578400723891058,0.04578400723891058,0.0,0.030849225339918906,-0.014797429877274948,0.0308492253399189,6.938893903907228e-18,2.2492927545017794e-16,,r0006,0
20022,6,27326.987223388252,cloud_0,2,1.0,0.003,1,r0006,r0006,1,1,0,0,0.03077221201548726,0.03077221201548726,0.0,0.3119833339214421,0.28130343854200135,0.3119833339214422,-5.551115123125783e-17,-1.779298609753161e-16,,r0006,0
20022,6,27326.987223388252,edge_1,4,1.0,0.003,1,r0006,r0006,1,1,0,0,0.08107689077107388,0.08107689077107388,0.0,0.021377312833725348,-0.05945634726503529,0.021377312833725376,-2.7755575615628914e-17,-1.2983659747843065e-15,,r0006,0
20022,6,27326.987223388252,edge_5,4,1.0,0.003,1,r0006,r0006,1,1,0,0,0.09093300128291387,0.09093300128291387,0.0,0.02875184023664512,-0.061908362042420007,0.02875184023664512,0.0,0.0,,r0006,0
20022,6,27326.987223388252,cloud_0,4,1.0,0.003,1,r0006,r0006,1,1,0,0,0.05895786812169004,0.05895786812169004,0.0,0.3118987769531235,0.2531177824357986,0.3118987769531235,0.0,0.0,,r0006,0
20022,6,27326.987223388252,edge_1,8,1.0,0.003,1,r0006,r0006,1,1,0,0,0.15850039090319498,0.15850039090319498,0.0,0.019751060818557542,-0.13827382891192788,0.019751060818557514,2.7755575615628914e-17,1.4052701204560391e-15,,r0006,0
20022,6,27326.987223388252,edge_5,8,1.0,0.003,1,r0006,r0006,1,1,0,0,0.18123098937092044,0.18123098937092044,0.0,0.024557070030097605,-0.1561302263727101,0.024557070030097577,2.7755575615628914e-17,1.1302478504809882e-15,,r0006,0
20022,6,27326.987223388252,cloud_0,8,1.0,0.003,1,r0006,r0006,1,1,0,0,0.11532918033409562,0.11532918033409562,0.0,0.3117296630164863,0.19674647022339298,0.3117296630164863,0.0,0.0,,r0006,0
20022,7,32516.73092411525,edge_1,1,1.0,0.003,1,r0011,r0011,1,1,0,0,0.005587313397646815,0.005587313397646815,0.0,1.52285278575564,1.5172822342981864,1.5228527857556402,-2.220446049250313e-16,-1.4580831909819352e-16,,r0011,0
20022,7,32516.73092411525,edge_5,1,1.0,0.003,1,r0011,r0011,1,1,0,0,0.002839826914279318,0.002839826914279318,0.0,1.5403718381099216,1.5375405306763852,1.5403718381099216,0.0,0.0,,r0011,0
20022,7,32516.73092411525,cloud_0,1,1.0,0.003,1,r0011,r0011,1,1,0,0,0.005054752559803148,0.005054752559803148,0.0,1.8831140190808984,1.8780744307787745,1.8831140190808981,2.220446049250313e-16,1.17913521260601e-16,,r0011,1
20022,7,32516.73092411525,edge_1,2,1.0,0.003,1,r0011,r0011,1,1,0,0,0.006948460489480744,0.006948460489480744,0.0,1.5198561821532517,1.5129285670452395,1.5198561821532517,0.0,0.0,,r0011,0
20022,7,32516.73092411525,edge_5,2,1.0,0.003,1,r0011,r0011,1,1,0,0,0.004781290327413887,0.004781290327413887,0.0,1.5359020158654535,1.531135069409022,1.5359020158654537,-2.220446049250313e-16,-1.4456951200751768e-16,,r0011,0
20022,7,32516.73092411525,cloud_0,2,1.0,0.003,1,r0011,r0011,1,1,0,0,0.006312425605250346,0.006312425605250346,0.0,1.8806411935887075,1.874347705260273,1.8806411935887077,-2.220446049250313e-16,-1.1806856389299743e-16,,r0011,0
20022,7,32516.73092411525,edge_1,4,1.0,0.003,1,r0011,r0011,1,1,0,0,0.009670754673148605,0.009670754673148605,0.0,1.5138629749484749,1.5042212325393456,1.5138629749484747,2.220446049250313e-16,1.4667417632866589e-16,,r0011,0
20022,7,32516.73092411525,edge_5,4,1.0,0.003,1,r0011,r0011,1,1,0,0,0.00866421715368303,0.00866421715368303,0.0,1.5269623713765172,1.5183241468742952,1.5269623713765172,0.0,0.0,,r0011,0
20022,7,32516.73092411525,cloud_0,4,1.0,0.003,1,r0011,r0011,1,1,0,0,0.00882777169614474,0.00882777169614474,0.0,1.875695542604326,1.8668942542232698,1.875695542604326,0.0,0.0,,r0011,0
20022,7,32516.73092411525,edge_1,8,1.0,0.003,1,r0011,r0011,1,1,0,0,0.015115343040484322,0.015115343040484322,0.0,1.5018765605389215,1.4868065635275587,1.5018765605389215,0.0,0.0,,r0011,0
20022,7,32516.73092411525,edge_5,8,1.0,0.003,1,r0011,r0011,1,1,0,0,0.016430070806221306,0.016430070806221306,0.0,1.509083082398644,1.4927023018048415,1.509083082398644,0.0,0.0,,r0011,0
20022,7,32516.73092411525,cloud_0,8,1.0,0.003,1,r0011,r0011,1,1,0,0,0.013858463877933528,0.013858463877933528,0.0,1.8658042406355633,1.8519873521492636,1.8658042406355633,0.0,0.0,,r0011,0
20023,0,0.0,edge_2,1,1.0,0.003,1,r0017,r0017,1,1,0,0,0.02132187847849392,0.02132187847849392,0.0,-1.038081332084391,-1.0593392449274495,-1.0380813320843911,2.220446049250313e-16,2.1389904438333558e-16,,r0017,0
20023,0,0.0,cloud_0,1,1.0,0.003,1,r0017,r0017,1,1,0,0,0.008076975414837428,0.008076975414837428,0.0,-0.4105631441413235,-0.4186158886299164,-0.41056314414132344,-5.551115123125783e-17,-1.3520734148545456e-16,,r0017,1
20023,0,0.0,edge_2,2,1.0,0.003,1,r0017,r0017,1,1,0,0,0.03664852752102078,0.03664852752102078,0.0,-1.0463789796398806,-1.0829175615783384,-1.0463789796398806,0.0,0.0,,r0017,0
20023,0,0.0,cloud_0,2,1.0,0.003,1,r0017,r0017,1,1,0,0,0.01460358351604228,0.01460358351604228,0.0,-0.4105827239656271,-0.42514249673112126,-0.4105827239656271,0.0,0.0,,r0017,0
20023,0,0.0,edge_2,4,1.0,0.003,1,r0017,r0017,1,1,0,0,0.06730182560607449,0.06730182560607449,0.0,-1.0629742747508601,-1.1300741948801165,-1.0629742747508601,0.0,0.0,,r0017,0
20023,0,0.0,cloud_0,4,1.0,0.003,1,r0017,r0017,1,1,0,0,0.027656799718451988,0.027656799718451988,0.0,-0.41062188361423435,-0.438195712933531,-0.41062188361423435,0.0,0.0,,r0017,0
20023,0,0.0,edge_2,8,1.0,0.003,1,r0017,r0017,1,1,0,0,0.12860842177618192,0.12860842177618192,0.0,-1.0961648649728193,-1.2243874614836727,-1.0961648649728193,0.0,0.0,,r0017,0
20023,0,0.0,cloud_0,8,1.0,0.003,1,r0017,r0017,1,1,0,0,0.0537632321232714,0.0537632321232714,0.0,-0.41070020291144876,-0.46430214533835035,-0.41070020291144876,0.0,0.0,,r0017,0
20023,1,9657.247453947406,edge_2,1,1.0,0.003,4,r0001|r0003|r0012|r0020,r0001|r0003|r0012|r0020,1,1,0,0,0.023018393888913483,0.023018393888913483,0.0,7.2456851246255605,7.222735785918314,7.2456851246255605,0.0,0.0,,r0001|r0003|r0012|r0020,0
20023,1,9657.247453947406,cloud_0,1,1.0,0.003,4,r0001|r0003|r0012|r0020,r0001|r0003|r0012|r0020,1,1,0,0,0.008179963485087649,0.008179963485087649,0.0,7.359911528257121,7.351756104662488,7.359911528257121,0.0,0.0,,r0001|r0003|r0012|r0020,1
20023,1,9657.247453947406,edge_2,2,1.0,0.003,4,r0001|r0003|r0012|r0020,r0001|r0003|r0012|r0020,1,1,0,0,0.03460787873962819,0.03460787873962819,0.0,7.102815251645274,7.068311196541865,7.102815251645274,0.0,0.0,,r0001|r0003|r0012|r0020,0
20023,1,9657.247453947406,cloud_0,2,1.0,0.003,4,r0001|r0003|r0012|r0020,r0001|r0003|r0012|r0020,1,1,0,0,0.013296069086174176,0.013296069086174176,0.0,7.227026026861611,7.2137698459826955,7.227026026861611,0.0,0.0,,r0001|r0003|r0012|r0020,0
20023,1,9657.247453947406,edge_2,4,1.0,0.003,4,r0001|r0003|r0012|r0020,r0001|r0003|r0012|r0020,1,1,0,0,0.05778684844105761,0.05778684844105761,0.0,6.953339868992086,6.895726381096352,6.953339868992086,0.0,0.0,,r0001|r0003|r0012|r0020,0
20023,1,9657.247453947406,cloud_0,4,1.0,0.003,4,r0001|r0003|r0012|r0020,r0001|r0003|r0012|r0020,1,1,0,0,0.023528280288347234,0.023528280288347234,0.0,7.11497298666094,7.091515291213458,7.11497298666094,0.0,0.0,,r0001|r0003|r0012|r0020,0
20023,1,9657.247453947406,edge_2,8,1.0,0.003,4,r0001|r0003|r0012|r0020,r0001|r0003|r0012|r0020,1,1,0,0,0.10414478784391644,0.10414478784391644,0.0,6.808390123216238,6.704557769735853,6.808390123216238,0.0,0.0,,r0001|r0003|r0012|r0020,0
20023,1,9657.247453947406,cloud_0,8,1.0,0.003,4,r0001|r0003|r0012|r0020,r0001|r0003|r0012|r0020,1,1,0,0,0.04399270269269334,0.04399270269269334,0.0,7.0307013981671895,6.986840673582574,7.030701398167189,8.881784197001252e-16,1.2632856516017898e-16,,r0001|r0003|r0012|r0020,0
20023,2,12639.60053347154,edge_2,1,1.0,0.003,5,r0000|r0002|r0007|r0015|r0023,r0000|r0002|r0007|r0015|r0023,1,1,0,0,0.17268438027629016,0.17268438027629016,0.0,5.262849865093908,5.090683537958446,5.262849865093908,0.0,0.0,,r0000|r0002|r0007|r0015|r0023,0
20023,2,12639.60053347154,cloud_0,1,1.0,0.003,4,r0000|r0002|r0015|r0023,r0000|r0002|r0015|r0023,1,1,0,0,0.03303613250931062,0.03303613250931062,0.0,5.634805497599302,5.60186847348752,5.634805497599302,0.0,0.0,,r0000|r0002|r0015|r0023,1
20023,2,12639.60053347154,edge_2,2,1.0,0.003,5,r0000|r0002|r0007|r0015|r0023,r0000|r0002|r0007|r0015|r0023,1,1,0,0,0.3252900271329002,0.3252900271329002,0.0,5.1723796785384515,4.84806552148695,5.1723796785384515,0.0,0.0,,r0000|r0002|r0007|r0015|r0023,0
20023,2,12639.60053347154,cloud_0,2,1.0,0.003,5,r0000|r0002|r0007|r0015|r0023,r0000|r0002|r0007|r0015|r0023,1,1,0,0,0.13782343416706871,0.13782343416706871,0.0,5.581995348473338,5.444585384608771,5.581995348473338,0.0,0.0,,r0000|r0002|r0007|r0015|r0023,0
20023,2,12639.60053347154,edge_2,4,1.0,0.003,5,r0000|r0002|r0007|r0015|r0023,r0000|r0002|r0007|r0015|r0023,1,1,0,0,0.6305013208461204,0.6305013208461204,0.0,5.0928869590240025,4.46427714214042,5.0928869590240025,0.0,0.0,,r0000|r0002|r0007|r0015|r0023,0
20023,2,12639.60053347154,cloud_0,4,1.0,0.003,5,r0000|r0002|r0007|r0015|r0023,r0000|r0002|r0007|r0015|r0023,1,1,0,0,0.2703522518181266,0.2703522518181266,0.0,5.548937110398424,5.279395915335752,5.548937110398424,0.0,0.0,,r0000|r0002|r0007|r0015|r0023,0
20023,2,12639.60053347154,edge_2,8,1.0,0.003,5,r0000|r0002|r0007|r0015|r0023,r0000|r0002|r0007|r0015|r0023,1,1,0,0,1.2409239082725607,1.2409239082725607,0.0,4.995843669660471,3.7586425331127282,4.995843669660472,-8.881784197001252e-16,-1.7778346930549324e-16,,r0000|r0002|r0007|r0015|r0023,0
20023,2,12639.60053347154,cloud_0,8,1.0,0.003,5,r0000|r0002|r0007|r0015|r0023,r0000|r0002|r0007|r0015|r0023,1,1,0,0,0.5354098871202424,0.5354098871202424,0.0,5.5237016072317155,4.989897949772834,5.5237016072317155,0.0,0.0,,r0000|r0002|r0007|r0015|r0023,0
20023,3,24527.036041862157,edge_2,1,1.0,0.003,3,r0005|r0007|r0014,r0005|r0007|r0014,1,1,0,0,0.22545480566041878,0.22545480566041878,0.0,5.285020632758116,5.060242191514679,5.285020632758117,-8.881784197001252e-16,-1.6805580931793026e-16,,r0005|r0007|r0014,0
20023,3,24527.036041862157,cloud_0,1,1.0,0.003,3,r0005|r0007|r0014,r0005|r0007|r0014,1,1,0,0,0.09054985023636686,0.09054985023636686,0.0,5.819473991514669,5.729195790829011,5.819473991514669,0.0,0.0,,r0005|r0007|r0014,1
20023,3,24527.036041862157,edge_2,2,1.0,0.003,3,r0005|r0007|r0014,r0005|r0007|r0014,1,1,0,0,0.4182818280016854,0.4182818280016854,0.0,5.192114411133041,4.77508742861536,5.192114411133041,0.0,0.0,,r0005|r0007|r0014,0
20023,3,24527.036041862157,cloud_0,2,1.0,0.003,3,r0005|r0007|r0014,r0005|r0007|r0014,1,1,0,0,0.17266215036483865,0.17266215036483865,0.0,5.766300237461695,5.594156073547951,5.766300237461695,0.0,0.0,,r0005|r0007|r0014,0
20023,3,24527.036041862157,edge_2,4,1.0,0.003,3,r0005|r0007|r0014,r0005|r0007|r0014,1,1,0,0,0.8039358726842187,0.8039358726842187,0.0,5.099547157124735,4.2980230920585685,5.099547157124735,0.0,0.0,,r0005|r0007|r0014,0
20023,3,24527.036041862157,cloud_0,4,1.0,0.003,3,r0005|r0007|r0014,r0005|r0007|r0014,1,1,0,0,0.33688675062178214,0.33688675062178214,0.0,5.726107133447663,5.390231043077747,5.726107133447663,0.0,0.0,,r0005|r0007|r0014,0
20023,3,24527.036041862157,edge_2,8,1.0,0.003,3,r0005|r0007|r0014,r0005|r0007|r0014,1,1,0,0,1.575243962049285,1.575243962049285,0.0,4.9713465185751105,3.400828288411973,4.9713465185751105,0.0,0.0,,r0005|r0007|r0014,0
20023,3,24527.036041862157,cloud_0,8,1.0,0.003,3,r0005|r0007|r0014,r0005|r0007|r0014,1,1,0,0,0.6653359511356693,0.6653359511356693,0.0,5.6832965018579165,5.019956558575654,5.6832965018579165,0.0,0.0,,r0005|r0007|r0014,0
20024,0,0.0,edge_0,1,1.0,0.003,1,r0014,r0014,1,1,0,0,0.029363569951451948,0.029363569951451948,0.0,-1.7523008236122257,-1.7815763028538232,-1.7523008236122255,-2.220446049250313e-16,-1.2671603067976903e-16,,r0014,0
20024,0,0.0,edge_5,1,1.0,0.003,1,r0014,r0014,1,1,0,0,0.020677223749365,0.020677223749365,0.0,-1.8352453302417642,-1.8558605223198812,-1.8352453302417644,2.220446049250313e-16,1.2098905866486006e-16,,r0014,0
20024,0,0.0,cloud_0,1,1.0,0.003,1,r0014,r0014,1,1,0,0,0.023018598258921198,0.023018598258921198,0.0,-0.48910011180819624,-0.5120496542723407,-0.4891001118081963,5.551115123125783e-17,1.1349650080028377e-16,,r0014,1
20024,0,0.0,edge_0,2,1.0,0.003,1,r0014,r0014,1,1,0,0,0.05552153189834784,0.05552153189834784,0.0,-1.7595019228209057,-1.8148568901235587,-1.759501922820906,2.220446049250313e-16,1.2619742101164645e-16,,r0014,0
20024,0,0.0,edge_5,2,1.0,0.003,1,r0014,r0014,1,1,0,0,0.03499482469424992,0.03499482469424992,0.0,-1.835727024761272,-1.8706168649814392,-1.835727024761272,0.0,0.0,,r0014,0
20024,0,0.0,cloud_0,2,1.0,0.003,1,r0014,r0014,1,1,0,0,0.038642835721361686,0.038642835721361686,0.0,-0.4891469845205835,-0.5276738917347812,-0.4891469845205836,5.551115123125783e-17,1.1348562495108643e-16,,r0014,0
20024,0,0.0,edge_0,4,1.0,0.003,1,r0014,r0014,1,1,0,0,0.10783745579213962,0.10783745579213962,0.0,-1.7739041212382658,-1.881418064663029,-1.7739041212382658,0.0,0.0,,r0014,0
20024,0,0.0,edge_5,4,1.0,0.003,1,r0014,r0014,1,1,0,0,0.06363002658401978,0.06363002658401978,0.0,-1.8366904138002877,-1.9001295503045554,-1.8366904138002877,0.0,0.0,,r0014,0
20024,0,0.0,cloud_0,4,1.0,0.003,1,r0014,r0014,1,1,0,0,0.06989131064624264,0.06989131064624264,0.0,-0.4892407299453583,-0.5589223666596622,-0.4892407299453583,0.0,0.0,,r0014,0
20024,0,0.0,edge_0,8,1.0,0.003,1,r0014,r0014,1,1,0,0,0.21246930357972316,0.21246930357972316,0.0,-1.8027085180729863,-2.0145404137419702,-1.8027085180729863,0.0,0.0,,r0014,0
20024,0,0.0,edge_5,8,1.0,0.003,1,r0014,r0014,1,1,0,0,0.12090043036355948,0.12090043036355948,0.0,-1.838617191878319,-1.9591549209507877,-1.838617191878319,0.0,0.0,,r0014,0
20024,0,0.0,cloud_0,8,1.0,0.003,1,r0014,r0014,1,1,0,0,0.13238826049600458,0.13238826049600458,0.0,-0.48942822079490755,-0.6214193165094242,-0.4894282207949076,5.551115123125783e-17,1.1342041360242587e-16,,r0014,0
20024,1,16422.350109552975,edge_0,1,1.0,0.003,6,r0001|r0003|r0005|r0019|r0020|r0022,r0001|r0003|r0005|r0019|r0020|r0022,1,1,0,0,0.2860228807860146,0.2860228807860146,0.0,6.9933049788694275,6.70814016672577,6.993304978869427,8.881784197001252e-16,1.2700410212107073e-16,,r0001|r0003|r0005|r0019|r0020|r0022,0
20024,1,16422.350109552975,edge_5,1,1.0,0.003,6,r0001|r0003|r0005|r0019|r0020|r0022,r0001|r0003|r0005|r0019|r0020|r0022,1,1,0,0,0.23874808774556755,0.23874808774556755,0.0,7.191629834349963,6.953597990867633,7.191629834349963,0.0,0.0,,r0001|r0003|r0005|r0019|r0020|r0022,0
20024,1,16422.350109552975,cloud_0,1,1.0,0.003,6,r0001|r0003|r0005|r0019|r0020|r0022,r0001|r0003|r0005|r0019|r0020|r0022,1,1,0,0,0.26833697254093064,0.26833697254093064,0.0,7.872822340888169,7.6052903792648605,7.872822340888169,0.0,0.0,,r0001|r0003|r0005|r0019|r0020|r0022,1
20024,1,16422.350109552975,edge_0,2,1.0,0.003,6,r0001|r0003|r0005|r0019|r0020|r0022,r0001|r0003|r0005|r0019|r0020|r0022,1,1,0,0,0.5147643173624808,0.5147643173624808,0.0,6.87300001088878,6.359779986478387,6.87300001088878,0.0,0.0,,r0001|r0003|r0005|r0019|r0020|r0022,0
20024,1,16422.350109552975,edge_5,2,1.0,0.003,6,r0001|r0003|r0005|r0019|r0020|r0022,r0001|r0003|r0005|r0019|r0020|r0022,1,1,0,0,0.36390034434357416,0.36390034434357416,0.0,7.056143632534726,6.693334989224183,7.056143632534726,0.0,0.0,,r0001|r0003|r0005|r0019|r0020|r0022,0
20024,1,16422.350109552975,cloud_0,2,1.0,0.003,6,r0001|r0003|r0005|r0019|r0020|r0022,r0001|r0003|r0005|r0019|r0020|r0022,1,1,0,0,0.4047505206285397,0.4047505206285397,0.0,7.739240467005677,7.335704197939024,7.739240467005678,-8.881784197001252e-16,-1.1476299560488557e-16,,r0001|r0003|r0005|r0019|r0020|r0022,0
20024,1,16422.350109552975,edge_0,4,1.0,0.003,6,r0001|r0003|r0005|r0019|r0020|r0022,r0001|r0003|r0005|r0019|r0020|r0022,1,1,0,0,0.9722471905154134,0.9722471905154134,0.0,6.777101999011443,5.807771550067576,6.777101999011443,0.0,0.0,,r0001|r0003|r0005|r0019|r0020|r0022,0
20024,1,16422.350109552975,edge_5,4,1.0,0.003,6,r0001|r0003|r0005|r0019|r0020|r0022,r0001|r0003|r0005|r0019|r0020|r0022,1,1,0,0,0.6142048575395873,0.6142048575395873,0.0,6.917378663122302,6.305016420155334,6.917378663122302,0.0,0.0,,r0001|r0003|r0005|r0019|r0020|r0022,0
20024,1,16422.350109552975,cloud_0,4,1.0,0.003,6,r0001|r0003|r0005|r0019|r0020|r0022,r0001|r0003|r0005|r0019|r0020|r0022,1,1,0,0,0.677577616803758,0.677577616803758,0.0,7.600027017024889,6.924482133071542,7.600027017024888,8.881784197001252e-16,1.1686516609881897e-16,,r0001|r0003|r0005|r0019|r0020|r0022,0
20024,1,16422.350109552975,edge_0,8,1.0,0.003,6,r0001|r0003|r0005|r0019|r0020|r0022,r0001|r0003|r0005|r0019|r0020|r0022,1,1,0,0,1.8872129368212784,1.8872129368212784,0.0,6.690084342785658,4.808533044774844,6.690084342785658,0.0,0.0,,r0001|r0003|r0005|r0019|r0020|r0022,0
20024,1,16422.350109552975,edge_5,8,1.0,0.003,6,r0001|r0003|r0005|r0019|r0020|r0022,r0001|r0003|r0005|r0019|r0020|r0022,1,1,0,0,1.1148138839316133,1.1148138839316133,0.0,6.797871547378301,5.686402105098482,6.797871547378301,0.0,0.0,,r0001|r0003|r0005|r0019|r0020|r0022,0
20024,1,16422.350109552975,cloud_0,8,1.0,0.003,6,r0001|r0003|r0005|r0019|r0020|r0022,r0001|r0003|r0005|r0019|r0020|r0022,1,1,0,0,1.2232318091541943,1.2232318091541943,0.0,7.4791417393232535,6.259579625596522,7.4791417393232535,0.0,0.0,,r0001|r0003|r0005|r0019|r0020|r0022,0
20024,2,23293.176790289726,edge_0,1,1.0,0.003,3,r0009|r0012|r0015,r0009|r0012|r0015,1,1,0,0,0.16959348703326038,0.16959348703326038,0.0,4.610190649226773,4.4411059426546124,4.610190649226773,0.0,0.0,,r0009|r0012|r0015,0
20024,2,23293.176790289726,edge_5,1,1.0,0.003,3,r0009|r0012|r0015,r0009|r0012|r0015,1,1,0,0,0.09092750130771454,0.09092750130771454,0.0,4.655613597761841,4.564958878958048,4.65561359776184,8.881784197001252e-16,1.907758023834091e-16,,r0009|r0012|r0015,0
20024,2,23293.176790289726,cloud_0,1,1.0,0.003,3,r0009|r0012|r0015,r0009|r0012|r0015,1,1,0,0,0.10967390816520768,0.10967390816520768,0.0,5.760720723716154,5.651375837275442,5.760720723716154,0.0,0.0,,r0009|r0012|r0015,1
20024,2,23293.176790289726,edge_0,2,1.0,0.003,3,r0009|r0012|r0015,r0009|r0012|r0015,1,1,0,0,0.33064921743109027,0.33064921743109027,0.0,4.566555703927969,4.236898434149172,4.5665557039279685,8.881784197001252e-16,1.9449635070391224e-16,,r0009|r0012|r0015,0
20024,2,23293.176790289726,edge_5,2,1.0,0.003,3,r0009|r0012|r0015,r0009|r0012|r0015,1,1,0,0,0.167199879489921,0.167199879489921,0.0,4.577489730984477,4.410791451133027,4.577489730984478,-8.881784197001252e-16,-1.9403176673191687e-16,,r0009|r0012|r0015,0
20024,2,23293.176790289726,cloud_0,2,1.0,0.003,3,r0009|r0012|r0015,r0009|r0012|r0015,1,1,0,0,0.20071066029789086,0.20071066029789086,0.0,5.679777123181977,5.479668594864981,5.679777123181978,-8.881784197001252e-16,-1.5637557608995432e-16,,r0009|r0012|r0015,0
20024,2,23293.176790289726,edge_0,4,1.0,0.003,3,r0009|r0012|r0015,r0009|r0012|r0015,1,1,0,0,0.65276067822675,0.65276067822675,0.0,4.517894821495266,3.8670924253031953,4.517894821495265,8.881784197001252e-16,1.965912122332607e-16,,r0009|r0012|r0015,0
20024,2,23293.176790289726,edge_5,4,1.0,0.003,3,r0009|r0012|r0015,r0009|r0012|r0015,1,1,0,0,0.3197446358543339,0.3197446358543339,0.0,4.521814539197536,4.203029137250766,4.521814539197537,-8.881784197001252e-16,-1.964207978900757e-16,,r0009|r0012|r0015,0
20024,2,23293.176790289726,cloud_0,4,1.0,0.003,3,r0009|r0012|r0015,r0009|r0012|r0015,1,1,0,0,0.3827841645632573,0.3827841645632573,0.0,5.62211126788869,5.240475455819123,5.62211126788869,0.0,0.0,,r0009|r0012|r0015,0
20024,2,23293.176790289726,edge_0,8,1.0,0.003,3,r0009|r0012|r0015,r0009|r0012|r0015,1,1,0,0,1.2969835998180697,1.2969835998180697,0.0,4.441244813766255,3.148152164747639,4.441244813766255,0.0,0.0,,r0009|r0012|r0015,0
20024,2,23293.176790289726,edge_5,8,1.0,0.003,3,r0009|r0012|r0015,r0009|r0012|r0015,1,1,0,0,0.6248341485831598,0.6248341485831598,0.0,4.473325543006129,3.8503658968687184,4.473325543006129,0.0,0.0,,r0009|r0012|r0015,0
20024,2,23293.176790289726,cloud_0,8,1.0,0.003,3,r0009|r0012|r0015,r0009|r0012|r0015,1,1,0,0,0.7469311730939902,0.7469311730939902,0.0,5.5727423237362945,4.828051944161587,5.5727423237362945,0.0,0.0,,r0009|r0012|r0015,0
20024,3,38490.50234599895,edge_0,1,1.0,0.003,2,r0010|r0018,r0010|r0018,1,1,0,0,0.08042313353347169,0.08042313353347169,0.0,6.7808047012534995,6.700622837120628,6.7808047012534995,0.0,0.0,,r0010|r0018,0
20024,3,38490.50234599895,edge_5,1,1.0,0.003,2,r0010|r0018,r0010|r0018,1,1,0,0,0.05313525350360954,0.05313525350360954,0.0,6.911500538694358,6.858524690951259,6.911500538694358,0.0,0.0,,r0010|r0018,0
20024,3,38490.50234599895,cloud_0,1,1.0,0.003,2,r0010|r0018,r0010|r0018,1,1,0,0,0.06437154371183168,0.06437154371183168,0.0,7.333526465021073,7.269348035940377,7.333526465021073,0.0,0.0,,r0010|r0018,1
20024,3,38490.50234599895,edge_0,2,1.0,0.003,2,r0010|r0018,r0010|r0018,1,1,0,0,0.1493714696081505,0.1493714696081505,0.0,6.713806877735657,6.564883522536332,6.713806877735657,0.0,0.0,,r0010|r0018,0
20024,3,38490.50234599895,edge_5,2,1.0,0.003,2,r0010|r0018,r0010|r0018,1,1,0,0,0.0862780841076231,0.0862780841076231,0.0,6.809265745052405,6.723246495197104,6.809265745052405,0.0,0.0,,r0010|r0018,0
20024,3,38490.50234599895,cloud_0,2,1.0,0.003,2,r0010|r0018,r0010|r0018,1,1,0,0,0.10355768003928023,0.10355768003928023,0.0,7.229321573591385,7.126074566592222,7.229321573591385,0.0,0.0,,r0010|r0018,0
20024,3,38490.50234599895,edge_0,4,1.0,0.003,2,r0010|r0018,r0010|r0018,1,1,0,0,0.28726814175750814,0.28726814175750814,0.0,6.646027898547797,6.359621561215562,6.646027898547797,0.0,0.0,,r0010|r0018,0
20024,3,38490.50234599895,edge_5,4,1.0,0.003,2,r0010|r0018,r0010|r0018,1,1,0,0,0.1525637453156502,0.1525637453156502,0.0,6.7200218504075,6.567915796327797,6.7200218504075,0.0,0.0,,r0010|r0018,0
20024,3,38490.50234599895,cloud_0,4,1.0,0.003,2,r0010|r0018,r0010|r0018,1,1,0,0,0.18192995269417728,0.18192995269417728,0.0,7.136871999050659,6.955487836214564,7.136871999050658,8.881784197001252e-16,1.2444925729623145e-16,,r0010|r0018,0
20024,3,38490.50234599895,edge_0,8,1.0,0.003,2,r0010|r0018,r0010|r0018,1,1,0,0,0.5630614860562234,0.5630614860562234,0.0,6.549640873355996,5.988268571757941,6.549640873355996,0.0,0.0,,r0010|r0018,0
20024,3,38490.50234599895,edge_5,8,1.0,0.003,2,r0010|r0018,r0010|r0018,1,1,0,0,0.28513506773170444,0.28513506773170444,0.0,6.634928321374305,6.350648658845796,6.634928321374305,0.0,0.0,,r0010|r0018,0
20024,3,38490.50234599895,cloud_0,8,1.0,0.003,2,r0010|r0018,r0010|r0018,1,1,0,0,0.33867449800397137,0.33867449800397137,0.0,7.0480983829082255,6.710439908398266,7.0480983829082255,0.0,0.0,,r0010|r0018,0
20025,0,0.0,cloud_0,1,1.0,0.003,1,r0015,r0015,1,1,0,0,0.028810699606827632,0.028810699606827632,0.0,-0.10615129299729911,-0.13487556050530627,-0.10615129299729913,1.3877787807814457e-17,1.3073592808867207e-16,,r0015,1
20025,0,0.0,cloud_0,2,1.0,0.003,1,r0015,r0015,1,1,0,0,0.052144359361030616,0.052144359361030616,0.0,-0.10622129397656173,-0.15820922025950926,-0.10622129397656174,1.3877787807814457e-17,1.3064977170092335e-16,,r0015,0
20025,0,0.0,cloud_0,4,1.0,0.003,1,r0015,r0015,1,1,0,0,0.09881167886943659,0.09881167886943659,0.0,-0.10636129593508695,-0.20487653976791523,-0.10636129593508695,0.0,0.0,,r0015,0
20025,0,0.0,cloud_0,8,1.0,0.003,1,r0015,r0015,1,1,0,0,0.1921463178862485,0.1921463178862485,0.0,-0.10664129985213738,-0.29821117878472714,-0.10664129985213738,0.0,0.0,,r0015,0
20025,1,2261.4550142691483,cloud_0,1,1.0,0.003,2,r0005|r0014,r0005|r0014,1,1,0,0,0.005800087804620905,0.005800087804620905,0.0,6.102792571440583,6.097009883899376,6.102792571440583,0.0,0.0,,r0005|r0014,1
20025,1,2261.4550142691483,cloud_0,2,1.0,0.003,2,r0005|r0014,r0005|r0014,1,1,0,0,0.008417059674310171,0.008417059674310171,0.0,6.003115914576301,5.994724106081014,6.003115914576301,0.0,0.0,,r0005|r0014,0
20025,1,2261.4550142691483,cloud_0,4,1.0,0.003,2,r0005|r0014,r0005|r0014,1,1,0,0,0.013651003413688703,0.013651003413688703,0.0,5.911114756403778,5.897504706000331,5.911114756403778,0.0,0.0,,r0005|r0014,0
20025,1,2261.4550142691483,cloud_0,8,1.0,0.003,2,r0005|r0014,r0005|r0014,1,1,0,0,0.024118890892445764,0.024118890892445764,0.0,5.842447820007754,5.818401285787985,5.842447820007753,8.881784197001252e-16,1.5202162639065667e-16,,r0005|r0014,0
20025,2,10304.624191069419,cloud_0,1,1.0,0.003,1,r0021,r0021,1,1,0,0,0.0039508740933917,0.0039508740933917,0.0,-0.1008655277322378,-0.10480454920334932,-0.1008655277322378,0.0,0.0,,r0021,1
20025,2,10304.624191069419,cloud_0,2,1.0,0.003,1,r0021,r0021,1,1,0,0,0.004763612013759604,0.004763612013759604,0.0,-0.1008679659459989,-0.10561728712371722,-0.1008679659459989,0.0,0.0,,r0021,0
20025,2,10304.624191069419,cloud_0,4,1.0,0.003,1,r0021,r0021,1,1,0,0,0.0063890878544954136,0.0063890878544954136,0.0,-0.10087284237352111,-0.10724276296445304,-0.10087284237352111,0.0,0.0,,r0021,0
20025,2,10304.624191069419,cloud_0,8,1.0,0.003,1,r0021,r0021,1,1,0,0,0.00964003953596703,0.00964003953596703,0.0,-0.10088259522856552,-0.11049371464592465,-0.10088259522856552,0.0,0.0,,r0021,0
20025,3,15129.496335232434,cloud_0,1,1.0,0.003,1,r0023,r0023,1,1,0,0,0.0034645647043060673,0.0034645647043060673,0.0,0.15682320724538268,0.15336903623518955,0.1568232072453827,-2.7755575615628914e-17,-1.7698640464736517e-16,,r0023,1
20025,3,15129.496335232434,cloud_0,2,1.0,0.003,1,r0023,r0023,1,1,0,0,0.0038057021490347292,0.0038057021490347292,0.0,0.1568221838330485,0.1530278987904609,0.15682218383304852,-2.7755575615628914e-17,-1.7698755965021662e-16,,r0023,0
20025,3,15129.496335232434,cloud_0,4,1.0,0.003,1,r0023,r0023,1,1,0,0,0.004487977038492054,0.004487977038492054,0.0,0.15682013700838013,0.15234562390100356,0.15682013700838013,0.0,0.0,,r0023,0
20025,3,15129.496335232434,cloud_0,8,1.0,0.003,1,r0023,r0023,1,1,0,0,0.005852526817406703,0.005852526817406703,0.0,0.1568160433590434,0.15098107412208892,0.1568160433590434,0.0,0.0,,r0023,0
20025,4,16332.06071073993,cloud_0,1,1.0,0.003,1,r0012,r0012,1,1,0,0,0.01222172002249916,0.01222172002249916,0.0,-0.11843397566695468,-0.13061903052938634,-0.11843397566695467,-1.3877787807814457e-17,-1.1717742083437146e-16,,r0012,1
20025,4,16332.06071073993,cloud_0,2,1.0,0.003,1,r0012,r0012,1,1,0,0,0.019780621810188175,0.019780621810188175,0.0,-0.11845665237231776,-0.13817793231707537,-0.11845665237231776,0.0,0.0,,r0012,0
20025,4,16332.06071073993,cloud_0,4,1.0,0.003,1,r0012,r0012,1,1,0,0,0.0348984253855662,0.0348984253855662,0.0,-0.11850200578304389,-0.15329573589245338,-0.11850200578304387,-1.3877787807814457e-17,-1.1711015114142643e-16,,r0012,0
20025,4,16332.06071073993,cloud_0,8,1.0,0.003,1,r0012,r0012,1,1,0,0,0.06513403253632227,0.06513403253632227,0.0,-0.11859271260449614,-0.18353134304320945,-0.11859271260449615,1.3877787807814457e-17,1.170205782719259e-16,,r0012,0
20025,5,19785.688657530787,cloud_0,1,1.0,0.003,2,r0003|r0020,r0003|r0020,1,1,0,0,0.042919463024681956,0.042919463024681956,0.0,4.437957741460505,4.395167036824898,4.437957741460505,0.0,0.0,,r0003|r0020,1
20025,5,19785.688657530787,cloud_0,2,1.0,0.003,2,r0003|r0020,r0003|r0020,1,1,0,0,0.07923694185544383,0.07923694185544383,0.0,4.388299596236117,4.30930036520624,4.388299596236117,0.0,0.0,,r0003|r0020,0
20025,5,19785.688657530787,cloud_0,4,1.0,0.003,2,r0003|r0020,r0003|r0020,1,1,0,0,0.15187189951696756,0.15187189951696756,0.0,4.359187396164301,4.207771112345885,4.359187396164302,-8.881784197001252e-16,-2.0374862078231448e-16,,r0003|r0020,0
20025,5,19785.688657530787,cloud_0,8,1.0,0.003,2,r0003|r0020,r0003|r0020,1,1,0,0,0.29714181484001506,0.29714181484001506,0.0,4.343069011504524,4.04681862210903,4.343069011504525,-8.881784197001252e-16,-2.0450479081667702e-16,,r0003|r0020,0
20025,6,33995.42287191099,cloud_0,1,1.0,0.003,3,r0000|r0007|r0013,r0000|r0007|r0013,1,1,0,0,0.023571841305222524,0.023571841305222524,0.0,7.7023625728370275,7.67886144705572,7.702362572837027,8.881784197001252e-16,1.15312465662465e-16,,r0000|r0007|r0013,1
20025,6,33995.42287191099,cloud_0,2,1.0,0.003,3,r0000|r0007|r0013,r0000|r0007|r0013,1,1,0,0,0.040409993555703946,0.040409993555703946,0.0,7.584345122217197,7.54405635864216,7.584345122217196,8.881784197001252e-16,1.1710680426426538e-16,,r0000|r0007|r0013,0
20025,6,33995.42287191099,cloud_0,4,1.0,0.003,3,r0000|r0007|r0013,r0000|r0007|r0013,1,1,0,0,0.07408629805666682,0.07408629805666682,0.0,7.485365111143956,7.411501071981459,7.485365111143956,0.0,0.0,,r0000|r0007|r0013,0
20025,6,33995.42287191099,cloud_0,8,1.0,0.003,3,r0000|r0007|r0013,r0000|r0007|r0013,1,1,0,0,0.1414389070585925,0.1414389070585925,0.0,7.39027275618171,7.249258165844293,7.39027275618171,0.0,0.0,,r0000|r0007|r0013,0
20025,7,38207.76942000823,cloud_0,1,1.0,0.003,1,r0008,r0008,1,1,0,0,0.6637547082855895,0.6637547082855895,0.0,1.7420329175163674,1.0802694733556346,1.7420329175163674,0.0,0.0,,r0008,1
20025,7,38207.76942000823,cloud_0,2,1.0,0.003,1,r0008,r0008,1,1,0,0,1.2013267469637428,1.2013267469637428,0.0,1.720180676993924,0.5224579102710722,1.7201806769939239,2.220446049250313e-16,1.2908214113476848e-16,,r0008,0
20025,7,38207.76942000823,cloud_0,4,1.0,0.003,1,r0008,r0008,1,1,0,0,2.2764708243200493,2.2764708243200493,0.0,1.676476195949037,-0.593165215898052,1.6764761959490373,-2.220446049250313e-16,-1.3244721604850103e-16,,r0008,0
20025,7,38207.76942000823,cloud_0,8,1.0,0.003,1,r0008,r0008,1,1,0,0,4.426758979032663,4.426758979032663,0.0,1.589067233859264,-2.8244114682363013,1.589067233859264,0.0,0.0,,r0008,0
20026,0,0.0,edge_3,1,1.0,0.003,1,r0022,r0022,1,1,0,0,0.006038884052934724,0.006038884052934724,0.0,-0.273568783790199,-0.27958955119097495,-0.27356878379019905,5.551115123125783e-17,2.0291478604455669e-16,,r0022,0
20026,0,0.0,cloud_0,1,1.0,0.003,1,r0022,r0022,1,1,0,0,0.004918638051859967,0.004918638051859967,0.0,-0.10370338754037213,-0.10860726967807652,-0.10370338754037213,0.0,0.0,,r0022,1
20026,0,0.0,edge_3,2,1.0,0.003,1,r0022,r0022,1,1,0,0,0.008816819483967975,0.008816819483967975,0.0,-0.2740457515431264,-0.28283612056864244,-0.2740457515431264,0.0,0.0,,r0022,0
20026,0,0.0,cloud_0,2,1.0,0.003,1,r0022,r0022,1,1,0,0,0.007184868582336556,0.007184868582336556,0.0,-0.10371018623196354,-0.1108735002085531,-0.10371018623196356,1.3877787807814457e-17,1.3381316061639964e-16,,r0022,0
20026,0,0.0,edge_3,4,1.0,0.003,1,r0022,r0022,1,1,0,0,0.014372690346034476,0.014372690346034476,0.0,-0.27499968704898103,-0.2893292593239774,-0.27499968704898103,0.0,0.0,,r0022,0
20026,0,0.0,cloud_0,4,1.0,0.003,1,r0022,r0022,1,1,0,0,0.011717329643289727,0.011717329643289727,0.0,-0.10372378361514642,-0.11540596126950628,-0.10372378361514642,0.0,0.0,,r0022,0
20026,0,0.0,edge_3,8,1.0,0.003,1,r0022,r0022,1,1,0,0,0.02548443207016748,0.02548443207016748,0.0,-0.2769075580606904,-0.30231553683464735,-0.27690755806069034,-5.551115123125783e-17,-2.004681693054089e-16,,r0022,0
20026,0,0.0,cloud_0,8,1.0,0.003,1,r0022,r0022,1,1,0,0,0.020782251765196075,0.020782251765196075,0.0,-0.10375097838151212,-0.1244708833914126,-0.10375097838151212,0.0,0.0,,r0022,0
20026,1,2528.4338770135596,edge_3,1,1.0,0.003,2,r0000|r0006,r0000|r0006,1,1,0,0,0.031796501959229076,0.031796501959229076,0.0,5.327762313597118,5.296061201143766,5.327762313597118,0.0,0.0,,r0000|r0006,0
20026,1,2528.4338770135596,cloud_0,1,1.0,0.003,2,r0000|r0006,r0000|r0006,1,1,0,0,0.025926509423616777,0.025926509423616777,0.0,5.51395060288129,5.488101872985944,5.51395060288129,0.0,0.0,,r0000|r0006,1
20026,1,2528.4338770135596,edge_3,2,1.0,0.003,2,r0000|r0006,r0000|r0006,1,1,0,0,0.05821378874419525,0.05821378874419525,0.0,5.265547120223139,5.207507972845176,5.265547120223138,8.881784197001252e-16,1.6867732819044392e-16,,r0000|r0006,0
20026,1,2528.4338770135596,cloud_0,2,1.0,0.003,2,r0000|r0006,r0000|r0006,1,1,0,0,0.047477644549237134,0.047477644549237134,0.0,5.460406604081268,5.413071392465679,5.460406604081268,0.0,0.0,,r0000|r0006,0
20026,1,2528.4338770135596,edge_3,4,1.0,0.003,2,r0000|r0006,r0000|r0006,1,1,0,0,0.1110483623141276,0.1110483623141276,0.0,5.216538824864766,5.10582360763758,5.216538824864766,0.0,0.0,,r0000|r0006,0
20026,1,2528.4338770135596,cloud_0,4,1.0,0.003,2,r0000|r0006,r0000|r0006,1,1,0,0,0.09057991480047785,0.09057991480047785,0.0,5.428603638049871,5.338295462993794,5.428603638049871,0.0,0.0,,r0000|r0006,0
20026,1,2528.4338770135596,edge_3,8,1.0,0.003,2,r0000|r0006,r0000|r0006,1,1,0,0,0.21671750945399232,0.21671750945399232,0.0,5.164633055065034,4.9485656981394035,5.164633055065034,0.0,0.0,,r0000|r0006,0
20026,1,2528.4338770135596,cloud_0,8,1.0,0.003,2,r0000|r0006,r0000|r0006,1,1,0,0,0.1767844553029593,0.1767844553029593,0.0,5.404636558126748,5.228382456189697,5.4046365581267475,8.881784197001252e-16,1.6433638231688397e-16,,r0000|r0006,0
20026,2,5799.361667617074,edge_3,1,1.0,0.003,3,r0004|r0020|r0021,r0004|r0020|r0021,1,1,0,0,0.024261533282866666,0.024261533282866666,0.0,4.6663444602132405,4.642155711530222,4.6663444602132405,0.0,0.0,,r0004|r0020|r0021,0
20026,2,5799.361667617074,cloud_0,1,1.0,0.003,3,r0004|r0020|r0021,r0004|r0020|r0021,1,1,0,0,0.020964054204492436,0.020964054204492436,0.0,5.090461986864228,5.069560824822349,5.090461986864228,0.0,0.0,,r0004|r0020|r0021,1
20026,2,5799.361667617074,edge_3,2,1.0,0.003,3,r0004|r0020|r0021,r0004|r0020|r0021,1,1,0,0,0.044989866834674576,0.044989866834674576,0.0,4.598058419119242,4.553203521885072,4.598058419119242,0.0,0.0,,r0004|r0020|r0021,0
20026,2,5799.361667617074,cloud_0,2,1.0,0.003,3,r0004|r0020|r0021,r0004|r0020|r0021,1,1,0,0,0.038882833070209094,0.038882833070209094,0.0,5.023992245710868,4.98522606113987,5.023992245710868,0.0,0.0,,r0004|r0020|r0021,0
20026,2,5799.361667617074,edge_3,4,1.0,0.003,3,r0004|r0020|r0021,r0004|r0020|r0021,1,1,0,0,0.0864465339382904,0.0864465339382904,0.0,4.555153012160984,4.468965817824508,4.555153012160984,0.0,0.0,,r0004|r0020|r0021,0
20026,2,5799.361667617074,cloud_0,4,1.0,0.003,3,r0004|r0020|r0021,r0004|r0020|r0021,1,1,0,0,0.0747203908016424,0.0747203908016424,0.0,4.984549224078728,4.910052994449491,4.984549224078728,0.0,0.0,,r0004|r0020|r0021,0
20026,2,5799.361667617074,edge_3,8,1.0,0.003,3,r0004|r0020|r0021,r0004|r0020|r0021,1,1,0,0,0.16935986814552204,0.16935986814552204,0.0,4.5266072144729455,4.35775542593186,4.5266072144729455,0.0,0.0,,r0004|r0020|r0021,0
20026,2,5799.361667617074,cloud_0,8,1.0,0.003,3,r0004|r0020|r0021,r0004|r0020|r0021,1,1,0,0,0.1463955062645091,0.1463955062645091,0.0,4.962794330264372,4.816838010518656,4.962794330264371,8.881784197001252e-16,1.7896740436809744e-16,,r0004|r0020|r0021,0
20026,3,15603.170407186482,edge_3,1,1.0,0.003,1,r0016,r0016,1,1,0,0,0.020952720248133848,0.020952720248133848,0.0,1.6779849943676637,1.6570951322802743,1.6779849943676637,0.0,0.0,,r0016,0
20026,3,15603.170407186482,cloud_0,1,1.0,0.003,1,r0016,r0016,1,1,0,0,0.019964330351036605,0.019964330351036605,0.0,1.8549503568770853,1.8350459195171018,1.8549503568770853,0.0,0.0,,r0016,1
20026,3,15603.170407186482,edge_3,2,1.0,0.003,1,r0016,r0016,1,1,0,0,0.03529352325916702,0.03529352325916702,0.0,1.6681720342920974,1.6329843916027078,1.6681720342920974,0.0,0.0,,r0016,0
20026,3,15603.170407186482,cloud_0,2,1.0,0.003,1,r0016,r0016,1,1,0,0,0.03364140115396359,0.03364140115396359,0.0,1.8473677925062877,1.813827315555786,1.8473677925062877,0.0,0.0,,r0016,0
20026,3,15603.170407186482,edge_3,4,1.0,0.003,1,r0016,r0016,1,1,0,0,0.06397512928123339,0.06397512928123339,0.0,1.648546114140965,1.5847629102475753,1.648546114140965,0.0,0.0,,r0016,0
20026,3,15603.170407186482,cloud_0,4,1.0,0.003,1,r0016,r0016,1,1,0,0,0.06099554275981756,0.06099554275981756,0.0,1.8322026637646927,1.7713901076331544,1.8322026637646924,2.220446049250313e-16,1.2118998040794695e-16,,r0016,0
20026,3,15603.170407186482,edge_3,8,1.0,0.003,1,r0016,r0016,1,1,0,0,0.1213383413253661,0.1213383413253661,0.0,1.6092942738387004,1.4883199475373101,1.6092942738387002,2.220446049250313e-16,1.379763841422124e-16,,r0016,0
20026,3,15603.170407186482,cloud_0,8,1.0,0.003,1,r0016,r0016,1,1,0,0,0.11570382597152547,0.11570382597152547,0.0,1.8018724062815024,1.6865156917878914,1.8018724062815024,0.0,0.0,,r0016,0
20026,4,17480.145742659464,edge_3,1,1.0,0.003,1,r0018,r0018,1,1,0,0,0.0064923249252459144,0.0064923249252459144,0.0,-0.13088957257778736,-0.1373624205282575,-0.13088957257778733,-2.7755575615628914e-17,-2.1205337498626058e-16,,r0018,0
20026,4,17480.145742659464,cloud_0,1,1.0,0.003,1,r0018,r0018,1,1,0,0,0.005143556249864832,0.005143556249864832,0.0,-0.026610683777493566,-0.0317388093586088,-0.026610683777493566,0.0,0.0,,r0018,1
20026,4,17480.145742659464,edge_3,2,1.0,0.003,1,r0018,r0018,1,1,0,0,0.008163052164871874,0.008163052164871874,0.0,-0.13115593506462245,-0.1392944980729997,-0.13115593506462245,0.0,0.0,,r0018,0
20026,4,17480.145742659464,cloud_0,2,1.0,0.003,1,r0018,r0018,1,1,0,0,0.006470105060093372,0.006470105060093372,0.0,-0.026614663423924243,-0.033065358168837336,-0.026614663423924243,0.0,0.0,,r0018,0
20026,4,17480.145742659464,edge_3,4,1.0,0.003,1,r0018,r0018,1,1,0,0,0.011504506644123792,0.011504506644123792,0.0,-0.13168866003829266,-0.14315865316248408,-0.13168866003829266,0.0,0.0,,r0018,0
20026,4,17480.145742659464,cloud_0,4,1.0,0.003,1,r0018,r0018,1,1,0,0,0.009123202680550453,0.009123202680550453,0.0,-0.026622622716785616,-0.03571845578929442,-0.026622622716785616,0.0,0.0,,r0018,0
20026,4,17480.145742659464,edge_3,8,1.0,0.003,1,r0018,r0018,1,1,0,0,0.018187415602627627,0.018187415602627627,0.0,-0.13275410998563308,-0.15088696334145282,-0.13275410998563308,0.0,0.0,,r0018,0
20026,4,17480.145742659464,cloud_0,8,1.0,0.003,1,r0018,r0018,1,1,0,0,0.014429397921464616,0.014429397921464616,0.0,-0.026638541302508357,-0.04102465103020858,-0.02663854130250836,3.469446951953614e-18,1.3024162669248414e-16,,r0018,0
20026,5,19933.852775099615,edge_3,1,1.0,0.003,1,r0005,r0005,1,1,0,0,0.013412967967431792,0.013412967967431792,0.0,-1.0263666748456663,-1.0397394039091958,-1.0263666748456663,0.0,0.0,,r0005,0
20026,5,19933.852775099615,cloud_0,1,1.0,0.003,1,r0005,r0005,1,1,0,0,0.010935521116366502,0.010935521116366502,0.0,-0.4345329800525919,-0.4454356946056093,-0.4345329800525919,0.0,0.0,,r0005,1
20026,5,19933.852775099615,edge_3,2,1.0,0.003,1,r0005,r0005,1,1,0,0,0.024033510116277787,0.024033510116277787,0.0,-1.0283197075090185,-1.0522811170949473,-1.0283197075090185,0.0,0.0,,r0005,0
20026,5,19933.852775099615,cloud_0,2,1.0,0.003,1,r0005,r0005,1,1,0,0,0.0195997242504818,0.0195997242504818,0.0,-0.4345589726619943,-0.4540998977397246,-0.4345589726619942,-5.551115123125783e-17,-1.2774135324191117e-16,,r0005,0
20026,5,19933.852775099615,edge_3,4,1.0,0.003,1,r0005,r0005,1,1,0,0,0.045274594413969776,0.045274594413969776,0.0,-1.0322257728357225,-1.0773645434664503,-1.0322257728357225,0.0,0.0,,r0005,0
20026,5,19933.852775099615,cloud_0,4,1.0,0.003,1,r0005,r0005,1,1,0,0,0.03692813051871239,0.03692813051871239,0.0,-0.43461095788079895,-0.4714283040079552,-0.43461095788079895,0.0,0.0,,r0005,0
20026,5,19933.852775099615,edge_3,8,1.0,0.003,1,r0005,r0005,1,1,0,0,0.08775676300935377,0.08775676300935377,0.0,-1.0400379034891305,-1.1275313962094562,-1.0400379034891305,0.0,0.0,,r0005,0
20026,5,19933.852775099615,cloud_0,8,1.0,0.003,1,r0005,r0005,1,1,0,0,0.07158494305517357,0.07158494305517357,0.0,-0.43471492831840836,-0.5060851165444165,-0.4347149283184084,5.551115123125783e-17,1.276955255389769e-16,,r0005,0
20026,6,28466.67451210175,edge_3,1,1.0,0.003,2,r0012|r0019,r0012|r0019,1,1,0,0,0.02778271707491837,0.02778271707491837,0.0,3.5834545321684343,3.55575516324474,3.5834545321684335,8.881784197001252e-16,2.4785536183785964e-16,,r0012|r0019,0
20026,6,28466.67451210175,cloud_0,1,1.0,0.003,2,r0012|r0019,r0012|r0019,1,1,0,0,0.024370007019066893,0.024370007019066893,0.0,4.051695228206522,4.027398331208512,4.051695228206522,0.0,0.0,,r0012|r0019,1
20026,6,28466.67451210175,edge_3,2,1.0,0.003,2,r0012|r0019,r0012|r0019,1,1,0,0,0.05086525632954429,0.05086525632954429,0.0,3.528078269363556,3.4773656088030007,3.528078269363556,0.0,0.0,,r0012|r0019,0
20026,6,28466.67451210175,cloud_0,2,1.0,0.003,2,r0012|r0019,r0012|r0019,1,1,0,0,0.044627316080571904,0.044627316080571904,0.0,3.998155110884692,3.953661676752362,3.998155110884692,0.0,0.0,,r0012|r0019,0
20026,6,28466.67451210175,edge_3,4,1.0,0.003,2,r0012|r0019,r0012|r0019,1,1,0,0,0.09703033483879613,0.09703033483879613,0.0,3.492747835143386,3.3960085913091067,3.4927478351433865,-4.440892098500626e-16,-1.271460840607268e-16,,r0012|r0019,0
20026,6,28466.67451210175,cloud_0,4,1.0,0.003,2,r0012|r0019,r0012|r0019,1,1,0,0,0.08514193420358192,0.08514193420358192,0.0,3.9663599078096787,3.8814733994087076,3.9663599078096787,0.0,0.0,,r0012|r0019,0
20026,6,28466.67451210175,edge_3,8,1.0,0.003,2,r0012|r0019,r0012|r0019,1,1,0,0,0.18936049185729983,0.18936049185729983,0.0,3.414413447415752,3.225621037034024,3.414413447415752,0.0,0.0,,r0012|r0019,0
20026,6,28466.67451210175,cloud_0,8,1.0,0.003,2,r0012|r0019,r0012|r0019,1,1,0,0,0.166171170449602,0.166171170449602,0.0,3.948772530639122,3.783099873700869,3.9487725306391224,-4.440892098500626e-16,-1.1246259601035698e-16,,r0012|r0019,0
20026,7,42057.58473108102,edge_3,1,1.0,0.003,1,r0003,r0003,1,1,0,0,0.02371292802279855,0.02371292802279855,0.0,-0.5471302788774133,-0.5707720681161434,-0.5471302788774133,0.0,0.0,,r0003,0
20026,7,42057.58473108102,cloud_0,1,1.0,0.003,1,r0003,r0003,1,1,0,0,0.01933302351529016,0.01933302351529016,0.0,0.04321837703560155,0.02394335259085728,0.043218377035601566,-1.3877787807814457e-17,-3.211084904086632e-16,,r0003,1
20026,7,42057.58473108102,edge_3,2,1.0,0.003,1,r0003,r0003,1,1,0,0,0.042489096887899064,0.042489096887899064,0.0,-0.5491029391991589,-0.5914645687963942,-0.5491029391991589,0.0,0.0,,r0003,0
20026,7,42057.58473108102,cloud_0,2,1.0,0.003,1,r0003,r0003,1,1,0,0,0.03465055993176758,0.03465055993176758,0.0,0.04317242442635211,0.008625816174379825,0.0431724244263521,6.938893903907228e-18,1.6072513869922446e-16,,r0003,0
20026,7,42057.58473108102,edge_3,4,1.0,0.003,1,r0003,r0003,1,1,0,0,0.08004143461810008,0.08004143461810008,0.0,-0.5530482598426494,-0.6328495701568952,-0.5530482598426495,1.1102230246251565e-16,2.007461383100693e-16,,r0003,0
20026,7,42057.58473108102,cloud_0,4,1.0,0.003,1,r0003,r0003,1,1,0,0,0.06528563276472242,0.06528563276472242,0.0,0.043080519207853246,-0.022009256658575033,0.04308051920785322,2.7755575615628914e-17,6.442720776347859e-16,,r0003,0
20026,7,42057.58473108102,edge_3,8,1.0,0.003,1,r0003,r0003,1,1,0,0,0.15514611007850215,0.15514611007850215,0.0,-0.5609389011296307,-0.7156195728778973,-0.5609389011296307,0.0,0.0,,r0003,0
20026,7,42057.58473108102,cloud_0,8,1.0,0.003,1,r0003,r0003,1,1,0,0,0.1265557784306321,0.1265557784306321,0.0,0.042896708770855496,-0.08327940232448469,0.042896708770855496,0.0,0.0,,r0003,0
20027,0,0.0,cloud_0,1,1.0,0.003,1,r0000,r0000,1,1,0,0,0.0037354060030445105,0.0037354060030445105,0.0,-0.0139632826467139,-0.01768748243174928,-0.013963282646713902,1.734723475976807e-18,1.2423464595447794e-16,,r0000,1
20027,0,0.0,cloud_0,2,1.0,0.003,1,r0000,r0000,1,1,0,0,0.004131836934982368,0.004131836934982368,0.0,-0.013964471939509714,-0.018083913363687136,-0.013964471939509716,1.734723475976807e-18,1.2422406543485182e-16,,r0000,0
20027,0,0.0,cloud_0,4,1.0,0.003,1,r0000,r0000,1,1,0,0,0.004924698798858084,0.004924698798858084,0.0,-0.01396685052510134,-0.018876775227562852,-0.013966850525101344,3.469446951953614e-18,2.4840581960251487e-16,,r0000,0
20027,0,0.0,cloud_0,8,1.0,0.003,1,r0000,r0000,1,1,0,0,0.006510422526609514,0.006510422526609514,0.0,-0.013971607696284595,-0.02046249895531428,-0.013971607696284596,1.734723475976807e-18,1.2416062014381594e-16,,r0000,0
20027,1,820.1043478059477,cloud_0,1,1.0,0.003,1,r0018,r0018,1,1,0,0,0.011435255116964865,0.011435255116964865,0.0,-0.2041788092882294,-0.21557975863984336,-0.20417880928822937,-2.7755575615628914e-17,-1.359375917235745e-16,,r0018,1
20027,1,820.1043478059477,cloud_0,2,1.0,0.003,1,r0018,r0018,1,1,0,0,0.020074736039064033,0.020074736039064033,0.0,-0.20420472773099568,-0.22421923956194253,-0.20420472773099568,0.0,0.0,,r0018,0
20027,1,820.1043478059477,cloud_0,4,1.0,0.003,1,r0018,r0018,1,1,0,0,0.03735369788326235,0.03735369788326235,0.0,-0.2042565646165283,-0.24149820140614087,-0.2042565646165283,0.0,0.0,,r0018,0
20027,1,820.1043478059477,cloud_0,8,1.0,0.003,1,r0018,r0018,1,1,0,0,0.07191162157165898,0.07191162157165898,0.0,-0.20436023838759348,-0.2760561250945375,-0.20436023838759348,0.0,0.0,,r0018,0
20027,2,7306.006598874976,cloud_0,1,1.0,0.003,2,r0003|r0013,r0003|r0013,1,1,0,0,0.011022120102154326,0.011022120102154326,0.0,6.288062599088092,6.277073545346244,6.288062599088092,0.0,0.0,,r0003|r0013,1
20027,2,7306.006598874976,cloud_0,2,1.0,0.003,2,r0003|r0013,r0003|r0013,1,1,0,0,0.012487260585903978,0.012487260585903978,0.0,6.238104385748555,6.225654586944409,6.238104385748556,-8.881784197001252e-16,-1.423795378816102e-16,,r0003|r0013,0
20027,2,7306.006598874976,cloud_0,4,1.0,0.003,2,r0003|r0013,r0003|r0013,1,1,0,0,0.015417541553403276,0.015417541553403276,0.0,6.1623152075367935,6.14694391860805,6.1623152075367935,0.0,0.0,,r0003|r0013,0
20027,2,7306.006598874976,cloud_0,8,1.0,0.003,2,r0003|r0013,r0003|r0013,1,1,0,0,0.021278103488401874,0.021278103488401874,0.0,6.066109643520145,6.044895374342208,6.066109643520145,0.0,0.0,,r0003|r0013,0
20027,3,11693.183338686062,cloud_0,1,1.0,0.003,3,r0005|r0012|r0017,r0005|r0012|r0017,1,1,0,0,0.01357341716033591,0.01357341716033591,0.0,5.602721646375665,5.58918894946681,5.602721646375665,0.0,0.0,,r0005|r0012|r0017,1
20027,3,11693.183338686062,cloud_0,2,1.0,0.003,3,r0005|r0012|r0017,r0005|r0012|r0017,1,1,0,0,0.023496400208032966,0.023496400208032966,0.0,5.500694305460146,5.477268394452738,5.500694305460146,0.0,0.0,,r0005|r0012|r0017,0
20027,3,11693.183338686062,cloud_0,4,1.0,0.003,3,r0005|r0012|r0017,r0005|r0012|r0017,1,1,0,0,0.04334236630342706,0.04334236630342706,0.0,5.430627825470117,5.3874154862656,5.430627825470117,0.0,0.0,,r0005|r0012|r0017,0
20027,3,11693.183338686062,cloud_0,8,1.0,0.003,5,r0005|r0011|r0012|r0017|r0021,r0005|r0011|r0012|r0017|r0021,1,1,0,0,0.32770108047195146,0.32770108047195146,0.0,5.402688295219729,5.075970317989193,5.402688295219729,0.0,0.0,,r0005|r0011|r0012|r0017|r0021,0
20027,4,25533.844382189836,cloud_0,1,1.0,0.003,5,r0001|r0010|r0011|r0014|r0021,r0001|r0010|r0011|r0014|r0021,1,1,0,0,0.048403729415739845,0.048403729415739845,0.0,5.590890165122241,5.542631646894749,5.590890165122242,-8.881784197001252e-16,-1.5886171852218914e-16,,r0001|r0010|r0011|r0014|r0021,1
20027,4,25533.844382189836,cloud_0,2,1.0,0.003,5,r0001|r0010|r0011|r0014|r0021,r0001|r0010|r0011|r0014|r0021,1,1,0,0,0.09205598594701375,0.09205598594701375,0.0,5.526490362982745,5.434710544993573,5.526490362982746,-8.881784197001252e-16,-1.6071292291564937e-16,,r0001|r0010|r0011|r0014|r0021,0
20027,4,25533.844382189836,cloud_0,4,1.0,0.003,5,r0001|r0010|r0011|r0014|r0021,r0001|r0010|r0011|r0014|r0021,1,1,0,0,0.17936049900956158,0.17936049900956158,0.0,5.487448735109622,5.3086263175970885,5.487448735109622,0.0,0.0,,r0001|r0010|r0011|r0014|r0021,0
20027,4,25533.844382189836,cloud_0,8,1.0,0.003,5,r0001|r0010|r0011|r0014|r0021,r0001|r0010|r0011|r0014|r0021,1,1,0,0,0.3539695251346572,0.3539695251346572,0.0,5.462500876816154,5.109593260256901,5.462500876816154,0.0,0.0,,r0001|r0010|r0011|r0014|r0021,0
20028,0,0.0,cloud_0,1,1.0,0.003,1,r0005,r0005,1,1,0,0,0.010800484093363717,0.010800484093363717,0.0,-0.09497332555481755,-0.1057414081959012,-0.09497332555481756,1.3877787807814457e-17,1.4612300587288953e-16,,r0005,1
20028,0,0.0,cloud_0,2,1.0,0.003,1,r0005,r0005,1,1,0,0,0.014588610726365598,0.014588610726365598,0.0,-0.09498468993471657,-0.10952953482890307,-0.09498468993471657,0.0,0.0,,r0005,0
20028,0,0.0,cloud_0,4,1.0,0.003,1,r0005,r0005,1,1,0,0,0.022164863992369353,0.022164863992369353,0.0,-0.09500741869451457,-0.11710578809490682,-0.09500741869451457,0.0,0.0,,r0005,0
20028,0,0.0,cloud_0,8,1.0,0.003,1,r0005,r0005,1,1,0,0,0.03731737052437687,0.03731737052437687,0.0,-0.09505287621411058,-0.13225829462691432,-0.09505287621411058,0.0,0.0,,r0005,0
20028,1,1845.6962530825995,cloud_0,1,1.0,0.003,2,r0000|r0001,r0000|r0001,1,1,0,0,0.01625849537619239,0.01625849537619239,0.0,4.830864948413231,4.814655228523167,4.830864948413231,0.0,0.0,,r0000|r0001,1
20028,1,1845.6962530825995,cloud_0,2,1.0,0.003,2,r0000|r0001,r0000|r0001,1,1,0,0,0.026660094361228945,0.026660094361228945,0.0,4.7409176265979225,4.714337512519777,4.7409176265979225,0.0,0.0,,r0000|r0001,0
20028,1,1845.6962530825995,cloud_0,4,1.0,0.003,2,r0000|r0001,r0000|r0001,1,1,0,0,0.04746329233130205,0.04746329233130205,0.0,4.675152363159673,4.627831460705364,4.675152363159672,8.881784197001252e-16,1.899784971071735e-16,,r0000|r0001,0
20028,1,1845.6962530825995,cloud_0,8,1.0,0.003,2,r0000|r0001,r0000|r0001,1,1,0,0,0.08906968827144829,0.08906968827144829,0.0,4.633965437575668,4.545162958369033,4.633965437575667,8.881784197001252e-16,1.9166703586049828e-16,,r0000|r0001,0
20028,2,11517.41382324364,cloud_0,1,1.0,0.003,1,r0020,r0020,1,1,0,0,0.094885438349853,0.094885438349853,0.0,1.7656244352577852,1.6710236532229819,1.7656244352577852,0.0,0.0,,r0020,1
20028,2,11517.41382324364,cloud_0,2,1.0,0.003,1,r0020,r0020,1,1,0,0,0.1619601869510538,0.1619601869510538,0.0,1.7538133268374345,1.592339020447234,1.7538133268374347,-2.220446049250313e-16,-1.2660674971915821e-16,,r0020,0
20028,2,11517.41382324364,cloud_0,4,1.0,0.003,1,r0020,r0020,1,1,0,0,0.29610968415345534,0.29610968415345534,0.0,1.7301911099967333,1.4349697548957383,1.7301911099967333,0.0,0.0,,r0020,0
20028,2,11517.41382324364,cloud_0,8,1.0,0.003,1,r0020,r0020,1,1,0,0,0.5644086785582586,0.5644086785582586,0.0,1.6829466763153305,1.1202312237927468,1.6829466763153307,-2.220446049250313e-16,-1.3193799188645667e-16,,r0020,0
20028,3,13864.262623779437,cloud_0,1,1.0,0.003,1,r0019,r0019,1,1,0,0,0.0163195078694468,0.0163195078694468,0.0,-0.46206776542685185,-0.4783383147726903,-0.46206776542685185,0.0,0.0,,r0019,1
20028,3,13864.262623779437,cloud_0,2,1.0,0.003,1,r0019,r0019,1,1,0,0,0.027855807924281904,0.027855807924281904,0.0,-0.4621023743270164,-0.48987461482752537,-0.4621023743270163,-1.1102230246251565e-16,-2.402547760638607e-16,,r0019,0
20028,3,13864.262623779437,cloud_0,4,1.0,0.003,1,r0019,r0019,1,1,0,0,0.050928408033952106,0.050928408033952106,0.0,-0.46217159212734543,-0.5129472149371956,-0.4621715921273454,-5.551115123125783e-17,-1.20109396979039e-16,,r0019,0
20028,3,13864.262623779437,cloud_0,8,1.0,0.003,1,r0019,r0019,1,1,0,0,0.09707360825329253,0.09707360825329253,0.0,-0.4623100277280034,-0.5590924151565361,-0.46231002772800345,5.551115123125783e-17,1.2007343103515242e-16,,r0019,0
20028,4,24995.246049239882,cloud_0,1,1.0,0.003,1,r0013,r0013,1,1,0,0,0.009654423737398455,0.009654423737398455,0.0,-0.3935536142465067,-0.403179074712693,-0.3935536142465067,0.0,0.0,,r0013,1
20028,4,24995.246049239882,cloud_0,2,1.0,0.003,1,r0013,r0013,1,1,0,0,0.016479159506524718,0.016479159506524718,0.0,-0.3935740884538141,-0.4100038104818192,-0.3935740884538141,0.0,0.0,,r0013,0
20028,4,24995.246049239882,cloud_0,4,1.0,0.003,1,r0013,r0013,1,1,0,0,0.030128631044777247,0.030128631044777247,0.0,-0.3936150368684288,-0.4236532820200717,-0.39361503686842875,-5.551115123125783e-17,-1.410290411486825e-16,,r0013,0
20028,4,24995.246049239882,cloud_0,8,1.0,0.003,1,r0013,r0013,1,1,0,0,0.05742757412128232,0.05742757412128232,0.0,-0.39369693369765835,-0.4509522250965768,-0.3936969336976583,-5.551115123125783e-17,-1.40999704290021e-16,,r0013,0
20028,5,34335.334009596714,cloud_0,1,1.0,0.003,3,r0014|r0016|r0017,r0014|r0016|r0017,1,1,0,0,0.01448049535534858,0.01448049535534858,0.0,6.837925141992036,6.823488088122754,6.837925141992036,0.0,0.0,,r0014|r0016|r0017,1
20028,5,34335.334009596714,cloud_0,2,1.0,0.003,3,r0014|r0016|r0017,r0014|r0016|r0017,1,1,0,0,0.021062314223374252,0.021062314223374252,0.0,6.71542554113449,6.694426413853786,6.71542554113449,0.0,0.0,,r0014|r0016|r0017,0
20028,5,34335.334009596714,cloud_0,4,1.0,0.003,3,r0014|r0016|r0017,r0014|r0016|r0017,1,1,0,0,0.034225951959425606,0.034225951959425606,0.0,6.5954803262850135,6.561357052181466,6.5954803262850135,0.0,0.0,,r0014|r0016|r0017,0
20028,5,34335.334009596714,cloud_0,8,1.0,0.003,3,r0014|r0016|r0017,r0014|r0016|r0017,1,1,0,0,0.06055322743152831,0.06055322743152831,0.0,6.500363612094398,6.439992044345164,6.5003636120943975,8.881784197001252e-16,1.3663519038344329e-16,,r0014|r0016|r0017,0
20028,6,37775.979415089314,cloud_0,1,1.0,0.003,2,r0011|r0022,r0011|r0022,1,1,0,0,0.010677065195782882,0.010677065195782882,0.0,6.475144554282383,6.464499520282187,6.475144554282383,0.0,0.0,,r0011|r0022,1
20028,6,37775.979415089314,cloud_0,2,1.0,0.003,2,r0011|r0022,r0011|r0022,1,1,0,0,0.017507866443618483,0.017507866443618483,0.0,6.3783678239913195,6.3609124811470314,6.3783678239913195,0.0,0.0,,r0011|r0022,0
20028,6,37775.979415089314,cloud_0,4,1.0,0.003,2,r0011|r0022,r0011|r0022,1,1,0,0,0.031169468939289683,0.031169468939289683,0.0,6.2989437436015585,6.267867783069087,6.2989437436015585,0.0,0.0,,r0011|r0022,0
20028,6,37775.979415089314,cloud_0,8,1.0,0.003,2,r0011|r0022,r0011|r0022,1,1,0,0,0.058492673930632094,0.058492673930632094,0.0,6.230439184114533,6.172121988205692,6.230439184114532,8.881784197001252e-16,1.425547049660116e-16,,r0011|r0022,0
20028,7,39968.493579287504,cloud_0,1,1.0,0.003,1,r0010,r0010,1,1,0,0,0.051841942824807204,0.051841942824807204,0.0,-0.02598656569047572,-0.0776729826868085,-0.02598656569047572,0.0,0.0,,r0010,1
20028,7,39968.493579287504,cloud_0,2,1.0,0.003,1,r0010,r0010,1,1,0,0,0.08848913909058864,0.08848913909058864,0.0,-0.026096507279273068,-0.11432017895258995,-0.026096507279273068,0.0,0.0,,r0010,0
20028,7,39968.493579287504,cloud_0,4,1.0,0.003,1,r0010,r0010,1,1,0,0,0.16178353162215153,0.16178353162215153,0.0,-0.02631639045686776,-0.18761457148415284,-0.02631639045686776,0.0,0.0,,r0010,0
20028,7,39968.493579287504,cloud_0,8,1.0,0.003,1,r0010,r0010,1,1,0,0,0.3083723166852773,0.3083723166852773,0.0,-0.02675615681205712,-0.3342033565472786,-0.02675615681205712,0.0,0.0,,r0010,0
20029,0,0.0,cloud_0,1,1.0,0.003,1,r0015,r0015,1,1,0,0,0.03282885598926785,0.03282885598926785,0.0,-0.14634768505185158,-0.17907805447315164,-0.14634768505185158,0.0,0.0,,r0015,1
20029,0,0.0,cloud_0,2,1.0,0.003,1,r0015,r0015,1,1,0,0,0.05508041619894382,0.05508041619894382,0.0,-0.1464144397324806,-0.2013296146828276,-0.1464144397324806,0.0,0.0,,r0015,0
20029,0,0.0,cloud_0,4,1.0,0.003,1,r0015,r0015,1,1,0,0,0.09958353661829576,0.09958353661829576,0.0,-0.14654794909373867,-0.24583273510217954,-0.14654794909373867,0.0,0.0,,r0015,0
20029,0,0.0,cloud_0,8,1.0,0.003,1,r0015,r0015,1,1,0,0,0.18858977745699962,0.18858977745699962,0.0,-0.14681496781625478,-0.3348389759408834,-0.14681496781625478,0.0,0.0,,r0015,0
20029,1,2489.0421389639796,cloud_0,1,1.0,0.003,1,r0017,r0017,1,1,0,0,0.014024308165372774,0.014024308165372774,0.0,0.06725028146364423,0.05326804622276758,0.06725028146364423,0.0,0.0,,r0017,1
20029,1,2489.0421389639796,cloud_0,2,1.0,0.003,1,r0017,r0017,1,1,0,0,0.018516007934951142,0.018516007934951142,0.0,0.0672368063643355,0.04877634645318921,0.06723680636433549,1.3877787807814457e-17,2.0640165049801751e-16,,r0017,0
20029,1,2489.0421389639796,cloud_0,4,1.0,0.003,1,r0017,r0017,1,1,0,0,0.027499407474107878,0.027499407474107878,0.0,0.06720985616571803,0.03979294691403247,0.06720985616571802,1.3877787807814457e-17,2.0648441463103664e-16,,r0017,0
20029,1,2489.0421389639796,cloud_0,8,1.0,0.003,1,r0017,r0017,1,1,0,0,0.04546620655242134,0.04546620655242134,0.0,0.06715595576848309,0.021826147835719012,0.06715595576848309,0.0,0.0,,r0017,0
20029,2,5485.720340186751,cloud_0,1,1.0,0.003,3,r0000|r0006|r0023,r0000|r0006|r0023,1,1,0,0,0.03836661568600629,0.03836661568600629,0.0,6.026578320139226,5.988326804300278,6.026578320139226,0.0,0.0,,r0000|r0006|r0023,1
20029,2,5485.720340186751,cloud_0,2,1.0,0.003,3,r0000|r0006|r0023,r0000|r0006|r0023,1,1,0,0,0.06769519555996555,0.06769519555996555,0.0,5.920449449964085,5.8529573399908,5.920449449964085,0.0,0.0,,r0000|r0006|r0023,0
20029,2,5485.720340186751,cloud_0,4,1.0,0.003,3,r0000|r0006|r0023,r0000|r0006|r0023,1,1,0,0,0.12635235530788408,0.12635235530788408,0.0,5.8344214890850425,5.708448190843082,5.8344214890850425,0.0,0.0,,r0000|r0006|r0023,0
20029,2,5485.720340186751,cloud_0,8,1.0,0.003,3,r0000|r0006|r0023,r0000|r0006|r0023,1,1,0,0,0.24366667480372114,0.24366667480372114,0.0,5.7502596050144055,5.507323930235096,5.7502596050144055,0.0,0.0,,r0000|r0006|r0023,0
20029,3,11909.940971537924,cloud_0,1,1.0,0.003,3,r0005|r0008|r0020,r0005|r0008|r0020,1,1,0,0,0.04631850167710173,0.04631850167710173,0.0,5.57646817769265,5.53028863152058,5.576468177692651,-8.881784197001252e-16,-1.592725702718208e-16,,r0005|r0008|r0020,1
20029,3,11909.940971537924,cloud_0,2,1.0,0.003,3,r0005|r0008|r0020,r0005|r0008|r0020,1,1,0,0,0.08473717546591181,0.08473717546591181,0.0,5.489331453866594,5.40484848992708,5.489331453866594,0.0,0.0,,r0005|r0008|r0020,0
20029,3,11909.940971537924,cloud_0,4,1.0,0.003,3,r0005|r0008|r0020,r0005|r0008|r0020,1,1,0,0,0.16157452304353195,0.16157452304353195,0.0,5.419531911283862,5.25844211180946,5.419531911283861,8.881784197001252e-16,1.638847107535012e-16,,r0005|r0008|r0020,0
20029,3,11909.940971537924,cloud_0,8,1.0,0.003,3,r0005|r0008|r0020,r0005|r0008|r0020,1,1,0,0,0.31524921819877233,0.31524921819877233,0.0,5.346114382042199,5.031810911498024,5.3461143820422,-8.881784197001252e-16,-1.661353192673075e-16,,r0005|r0008|r0020,0
20029,4,23390.080964159988,cloud_0,1,1.0,0.003,2,r0014|r0016,r0014|r0016,1,1,0,0,0.2078583550054455,0.2078583550054455,0.0,4.752832606877751,4.545597826937322,4.752832606877751,0.0,0.0,,r0014|r0016,1
20029,4,23390.080964159988,cloud_0,2,1.0,0.003,2,r0014|r0016,r0014|r0016,1,1,0,0,0.35978633862260784,0.35978633862260784,0.0,4.676562525084025,4.3178555454772845,4.676562525084025,0.0,0.0,,r0014|r0016,0
20029,4,23390.080964159988,cloud_0,4,1.0,0.003,2,r0014|r0016,r0014|r0016,1,1,0,0,0.6636423058569325,0.6636423058569325,0.0,4.625664850033883,3.964013471094521,4.625664850033883,0.0,0.0,,r0014|r0016,0
20029,4,23390.080964159988,cloud_0,8,1.0,0.003,2,r0014|r0016,r0014|r0016,1,1,0,0,1.271354240325582,1.271354240325582,0.0,4.594643359759449,3.3271031821548442,4.594643359759449,0.0,0.0,,r0014|r0016,0
20029,5,39767.59453594194,cloud_0,1,1.0,0.003,2,r0009|r0012,r0009|r0012,1,1,0,0,0.13170511726071174,0.13170511726071174,0.0,6.3376127754194265,6.2063027735104965,6.3376127754194265,0.0,0.0,,r0009|r0012,1
20029,5,39767.59453594194,cloud_0,2,1.0,0.003,2,r0009|r0012,r0009|r0012,1,1,0,0,0.22797111963986866,0.22797111963986866,0.0,6.247533603084772,6.020246396803823,6.247533603084772,0.0,0.0,,r0009|r0012,0
20029,5,39767.59453594194,cloud_0,4,1.0,0.003,2,r0009|r0012,r0009|r0012,1,1,0,0,0.4205031243981825,0.4205031243981825,0.0,6.169017746952776,5.7497761319277885,6.169017746952776,0.0,0.0,,r0009|r0012,0
20029,5,39767.59453594194,cloud_0,8,1.0,0.003,2,r0009|r0012,r0009|r0012,1,1,0,0,0.8055671339148102,0.8055671339148102,0.0,6.082759894514634,5.279609462001568,6.082759894514634,0.0,0.0,,r0009|r0012,0
20030,0,0.0,cloud_0,1,1.0,0.003,1,r0017,r0017,1,1,0,0,0.023242467604839185,0.023242467604839185,0.0,-0.44676995132112995,-0.4699426915231546,-0.44676995132112995,0.0,0.0,,r0017,1
20030,0,0.0,cloud_0,2,1.0,0.003,1,r0017,r0017,1,1,0,0,0.04020029077218747,0.04020029077218747,0.0,-0.4468208247906319,-0.4869005146905029,-0.44682082479063195,5.551115123125783e-17,1.2423581926215913e-16,,r0017,0
20030,0,0.0,cloud_0,4,1.0,0.003,1,r0017,r0017,1,1,0,0,0.07411593710688408,0.07411593710688408,0.0,-0.446922571729636,-0.5208161610251995,-0.446922571729636,0.0,0.0,,r0017,0
20030,0,0.0,cloud_0,8,1.0,0.003,1,r0017,r0017,1,1,0,0,0.14194722977627725,0.14194722977627725,0.0,-0.44712606560764423,-0.5886474536945927,-0.4471260656076443,5.551115123125783e-17,1.2415100684371459e-16,,r0017,0
20030,1,10000.989854132979,cloud_0,1,1.0,0.003,3,r0000|r0007|r0014,r0000|r0007|r0014,1,1,0,0,0.0360261292995058,0.0360261292995058,0.0,7.143769342579234,7.107851291667626,7.143769342579233,8.881784197001252e-16,1.2432910094203174e-16,,r0000|r0007|r0014,1
20030,1,10000.989854132979,cloud_0,2,1.0,0.003,3,r0000|r0007|r0014,r0000|r0007|r0014,1,1,0,0,0.05340763337972465,0.05340763337972465,0.0,7.019161263893765,6.96591385341418,7.019161263893765,0.0,0.0,,r0000|r0007|r0014,0
20030,1,10000.989854132979,cloud_0,4,1.0,0.003,3,r0000|r0007|r0014,r0000|r0007|r0014,1,1,0,0,0.08817064154016235,0.08817064154016235,0.0,6.900850427777594,6.812944298162052,6.900850427777594,0.0,0.0,,r0000|r0007|r0014,0
20030,1,10000.989854132979,cloud_0,8,1.0,0.003,3,r0000|r0007|r0014,r0000|r0007|r0014,1,1,0,0,0.15769665786103776,0.15769665786103776,0.0,6.8082027665596225,6.650979198672168,6.8082027665596225,0.0,0.0,,r0000|r0007|r0014,0
20030,2,19773.074406418316,cloud_0,1,1.0,0.003,1,r0004,r0004,1,1,0,0,0.015043646194023288,0.015043646194023288,0.0,-0.28526542931345544,-0.3002639445688967,-0.2852654293134555,5.551115123125783e-17,1.9459473713606228e-16,,r0004,1
20030,2,19773.074406418316,cloud_0,2,1.0,0.003,1,r0004,r0004,1,1,0,0,0.026019567352122894,0.026019567352122894,0.0,-0.28529835707692974,-0.31123986572699625,-0.28529835707692974,0.0,0.0,,r0004,0
20030,2,19773.074406418316,cloud_0,4,1.0,0.003,1,r0004,r0004,1,1,0,0,0.04797140966832211,0.04797140966832211,0.0,-0.2853642126038784,-0.33319170804319553,-0.2853642126038784,0.0,0.0,,r0004,0
20030,2,19773.074406418316,cloud_0,8,1.0,0.003,1,r0004,r0004,1,1,0,0,0.09187509430072054,0.09187509430072054,0.0,-0.2854959236577756,-0.37709539267559394,-0.28549592365777554,-5.551115123125783e-17,-1.944376316132595e-16,,r0004,0
20030,3,22934.948428571937,cloud_0,1,1.0,0.003,3,r0005|r0006|r0009,r0005|r0006|r0009,1,1,0,0,0.03807359987341578,0.03807359987341578,0.0,5.439930140904856,5.401970761831061,5.439930140904856,0.0,0.0,,r0005|r0006|r0009,1
20030,3,22934.948428571937,cloud_0,2,1.0,0.003,3,r0005|r0006|r0009,r0005|r0006|r0009,1,1,0,0,0.06877170687767613,0.06877170687767613,0.0,5.357330270391009,5.288764878633966,5.357330270391009,0.0,0.0,,r0005|r0006|r0009,0
20030,3,22934.948428571937,cloud_0,4,1.0,0.003,3,r0005|r0006|r0009,r0005|r0006|r0009,1,1,0,0,0.13016792088619686,0.13016792088619686,0.0,5.30539785079715,5.175620433673612,5.30539785079715,0.0,0.0,,r0005|r0006|r0009,0
20030,3,22934.948428571937,cloud_0,8,1.0,0.003,3,r0005|r0006|r0009,r0005|r0006|r0009,1,1,0,0,0.2529603489032382,0.2529603489032382,0.0,5.275718666468978,5.023517198612449,5.275718666468977,8.881784197001252e-16,1.6835211955958603e-16,,r0005|r0006|r0009,0
20030,4,35604.5640936788,cloud_0,1,1.0,0.003,3,r0001|r0020|r0022,r0001|r0020|r0022,1,1,0,0,0.016773623185278568,0.016773623185278568,0.0,7.504369989856833,7.487646687541109,7.504369989856832,8.881784197001252e-16,1.183548280402776e-16,,r0001|r0020|r0022,1
20030,4,35604.5640936788,cloud_0,2,1.0,0.003,3,r0001|r0020|r0022,r0001|r0020|r0022,1,1,0,0,0.024866382676900448,0.024866382676900448,0.0,7.377893267335703,7.353101483806833,7.377893267335703,0.0,0.0,,r0001|r0020|r0022,0
20030,4,35604.5640936788,cloud_0,4,1.0,0.003,3,r0001|r0020|r0022,r0001|r0020|r0022,1,1,0,0,0.04105190166014422,0.04105190166014422,0.0,7.2558451435482105,7.214916397593047,7.2558451435482105,0.0,0.0,,r0001|r0020|r0022,0
20030,4,35604.5640936788,cloud_0,8,1.0,0.003,3,r0001|r0020|r0022,r0001|r0020|r0022,1,1,0,0,0.07342293962663175,0.07342293962663175,0.0,7.155722906987597,7.082520236179845,7.155722906987597,0.0,0.0,,r0001|r0020|r0022,0
20030,5,38521.65553118013,cloud_0,1,1.0,0.003,1,r0013,r0013,1,1,0,0,0.015300056106997657,0.015300056106997657,0.0,1.6455623843614575,1.630308228422781,1.6455623843614577,-2.220446049250313e-16,-1.3493539171484723e-16,,r0013,1
20030,5,38521.65553118013,cloud_0,2,1.0,0.003,1,r0013,r0013,1,1,0,0,0.027566715828755632,0.027566715828755632,0.0,1.6398766541990804,1.6123926385178111,1.6398766541990806,-2.220446049250313e-16,-1.3540323557656742e-16,,r0013,0
20030,5,38521.65553118013,cloud_0,4,1.0,0.003,1,r0013,r0013,1,1,0,0,0.05210003527227159,0.05210003527227159,0.0,1.628505193874326,1.5765614587078713,1.628505193874326,0.0,0.0,,r0013,0
20030,5,38521.65553118013,cloud_0,8,1.0,0.003,1,r0013,r0013,1,1,0,0,0.10116667415930351,0.10116667415930351,0.0,1.6057622732248173,1.5048990990879916,1.6057622732248171,2.220446049250313e-16,1.3827987406822304e-16,,r0013,0
20031,0,0.0,edge_2,1,1.0,0.003,1,r0023,r0023,1,1,0,0,0.011012673710224703,0.011012673710224703,0.0,-0.24148821862289493,-0.2524678543119889,-0.2414882186228949,-2.7755575615628914e-17,-1.1493552676775376e-16,,r0023,0
20031,0,0.0,cloud_0,1,1.0,0.003,1,r0023,r0023,1,1,0,0,0.006751764275918208,0.006751764275918208,0.0,-0.0964240636748149,-0.10315557265790537,-0.09642406367481492,1.3877787807814457e-17,1.439245275392724e-16,,r0023,1
20031,0,0.0,edge_2,2,1.0,0.003,1,r0023,r0023,1,1,0,0,0.01570341543830323,0.01570341543830323,0.0,-0.24236439700199097,-0.25802070219397927,-0.24236439700199094,-2.7755575615628914e-17,-1.145200200976751e-16,,r0023,0
20031,0,0.0,cloud_0,2,1.0,0.003,1,r0023,r0023,1,1,0,0,0.0100088953829161,0.0100088953829161,0.0,-0.09643383506813591,-0.10641270376490325,-0.0964338350681359,-1.3877787807814457e-17,-1.4390994403581505e-16,,r0023,0
20031,0,0.0,edge_2,4,1.0,0.003,1,r0023,r0023,1,1,0,0,0.025084898894460285,0.025084898894460285,0.0,-0.24411675376018305,-0.26912639795795995,-0.24411675376018305,0.0,0.0,,r0023,0
20031,0,0.0,cloud_0,4,1.0,0.003,1,r0023,r0023,1,1,0,0,0.01652315759691188,0.01652315759691188,0.0,-0.0964533778547779,-0.11292696597889904,-0.0964533778547779,0.0,0.0,,r0023,0
20031,0,0.0,edge_2,8,1.0,0.003,1,r0023,r0023,1,1,0,0,0.04384786580677439,0.04384786580677439,0.0,-0.2476214672765672,-0.29133778948592126,-0.2476214672765672,0.0,0.0,,r0023,0
20031,0,0.0,cloud_0,8,1.0,0.003,1,r0023,r0023,1,1,0,0,0.029551682024903457,0.029551682024903457,0.0,-0.09649246342806186,-0.1259554904068906,-0.09649246342806186,0.0,0.0,,r0023,0
20031,1,2107.5427091527663,edge_2,1,1.0,0.003,1,r0009,r0009,1,1,0,0,0.028671392045678208,0.028671392045678208,0.0,-0.13520062111151807,-0.16378599898105925,-0.13520062111151807,0.0,0.0,,r0009,0
20031,1,2107.5427091527663,cloud_0,1,1.0,0.003,1,r0009,r0009,1,1,0,0,0.01789163471991483,0.01789163471991483,0.0,-0.115198694704855,-0.13303665452061006,-0.11519869470485497,-2.7755575615628914e-17,-2.4093654608448585e-16,,r0009,1
20031,1,2107.5427091527663,edge_2,2,1.0,0.003,1,r0009,r0009,1,1,0,0,0.052535876805619816,0.052535876805619816,0.0,-0.13541577761642717,-0.18779404679163014,-0.1354157776164272,2.7755575615628914e-17,2.0496559635944448e-16,,r0009,0
20031,1,2107.5427091527663,cloud_0,2,1.0,0.003,1,r0009,r0009,1,1,0,0,0.03331079179861746,0.03331079179861746,0.0,-0.1152449521760911,-0.1484558115993127,-0.1152449521760911,0.0,0.0,,r0009,0
20031,1,2107.5427091527663,edge_2,4,1.0,0.003,1,r0009,r0009,1,1,0,0,0.100264846325503,0.100264846325503,0.0,-0.13584609062624542,-0.23581014241277193,-0.13584609062624542,0.0,0.0,,r0009,0
20031,1,2107.5427091527663,cloud_0,4,1.0,0.003,1,r0009,r0009,1,1,0,0,0.06414910595602275,0.06414910595602275,0.0,-0.11533746711856331,-0.17929412575671796,-0.11533746711856328,-2.7755575615628914e-17,-2.4064665463042506e-16,,r0009,0
20031,1,2107.5427091527663,edge_2,8,1.0,0.003,1,r0009,r0009,1,1,0,0,0.19572278536526944,0.19572278536526944,0.0,-0.13670671664588194,-0.33184233365505555,-0.13670671664588194,0.0,0.0,,r0009,0
20031,1,2107.5427091527663,cloud_0,8,1.0,0.003,1,r0009,r0009,1,1,0,0,0.12582573427083327,0.12582573427083327,0.0,-0.11552249700350775,-0.2409707540715285,-0.11552249700350772,-2.7755575615628914e-17,-2.4026121608837917e-16,,r0009,0
20031,2,3870.0598132650166,edge_2,1,1.0,0.003,1,r0003,r0003,1,1,0,0,0.011835268218920707,0.011835268218920707,0.0,-1.2061591885088079,-1.217958950923072,-1.206159188508808,2.220446049250313e-16,1.8409228818258081e-16,,r0003,0
20031,2,3870.0598132650166,cloud_0,1,1.0,0.003,1,r0003,r0003,1,1,0,0,0.007107193384266456,0.007107193384266456,0.0,-0.26801459112591125,-0.2751004629300249,-0.26801459112591125,0.0,0.0,,r0003,1
20031,2,3870.0598132650166,edge_2,2,1.0,0.003,1,r0003,r0003,1,1,0,0,0.019574040711967097,0.019574040711967097,0.0,-1.2124896860340253,-1.2320050046238566,-1.2124896860340255,2.220446049250313e-16,1.831311288521758e-16,,r0003,0
20031,2,3870.0598132650166,cloud_0,2,1.0,0.003,1,r0003,r0003,1,1,0,0,0.012107315945760951,0.012107315945760951,0.0,-0.2680295914935958,-0.28010058549151945,-0.2680295914935958,0.0,0.0,,r0003,0
20031,2,3870.0598132650166,edge_2,4,1.0,0.003,1,r0003,r0003,1,1,0,0,0.03505158569805988,0.03505158569805988,0.0,-1.22515068108446,-1.2600971120254256,-1.22515068108446,0.0,0.0,,r0003,0
20031,2,3870.0598132650166,cloud_0,4,1.0,0.003,1,r0003,r0003,1,1,0,0,0.022107561068749934,0.022107561068749934,0.0,-0.2680595922289647,-0.29010083061450836,-0.2680595922289647,0.0,0.0,,r0003,0
20031,2,3870.0598132650166,edge_2,8,1.0,0.003,1,r0003,r0003,1,1,0,0,0.06600667567024543,0.06600667567024543,0.0,-1.2504726711853291,-1.3162813268285638,-1.2504726711853291,0.0,0.0,,r0003,0
20031,2,3870.0598132650166,cloud_0,8,1.0,0.003,1,r0003,r0003,1,1,0,0,0.04210805131472791,0.04210805131472791,0.0,-0.2681195936997026,-0.31010132086048636,-0.2681195936997026,0.0,0.0,,r0003,0
20031,3,14898.782846715902,edge_2,1,1.0,0.003,2,r0008|r0010,r0008|r0010,1,1,0,0,0.19014219810880337,0.19014219810880337,0.0,7.0073018544509384,6.817730082936461,7.0073018544509384,0.0,0.0,,r0008|r0010,0
20031,3,14898.782846715902,cloud_0,1,1.0,0.003,2,r0008|r0010,r0008|r0010,1,1,0,0,0.14261883782795523,0.14261883782795523,0.0,7.2656467957157265,7.123455814401256,7.265646795715727,-8.881784197001252e-16,-1.222435448174896e-16,,r0008|r0010,1
20031,3,14898.782846715902,edge_2,2,1.0,0.003,2,r0008|r0010,r0008|r0010,1,1,0,0,0.28317730924660267,0.28317730924660267,0.0,6.899550627782755,6.617222850463892,6.899550627782755,0.0,0.0,,r0008|r0010,0
20031,3,14898.782846715902,cloud_0,2,1.0,0.003,2,r0008|r0010,r0008|r0010,1,1,0,0,0.22051323361417466,0.22051323361417466,0.0,7.163631245159764,6.943779551246432,7.163631245159764,0.0,0.0,,r0008|r0010,0
20031,3,14898.782846715902,edge_2,4,1.0,0.003,2,r0008|r0010,r0008|r0010,1,1,0,0,0.46924753152220117,0.46924753152220117,0.0,6.796109002541777,6.328269213614142,6.796109002541777,0.0,0.0,,r0008|r0010,0
20031,3,14898.782846715902,cloud_0,4,1.0,0.003,2,r0008|r0010,r0008|r0010,1,1,0,0,0.37630202518661343,0.37630202518661343,0.0,7.075636964896635,6.700463845785581,7.075636964896635,0.0,0.0,,r0008|r0010,0
20031,3,14898.782846715902,edge_2,8,1.0,0.003,2,r0008|r0010,r0008|r0010,1,1,0,0,0.8413879760733983,0.8413879760733983,0.0,6.7018049449400765,5.862941132794898,6.701804944940076,8.881784197001252e-16,1.325282408242436e-16,,r0008|r0010,0
20031,3,14898.782846715902,cloud_0,8,1.0,0.003,2,r0008|r0010,r0008|r0010,1,1,0,0,0.6878796083314913,0.6878796083314913,0.0,7.005693571077,6.319877601570503,7.005693571077,0.0,0.0,,r0008|r0010,0
20031,4,17019.348253864828,edge_2,1,1.0,0.003,2,r0000|r0011,r0000|r0011,1,1,0,0,0.05992907840378497,0.05992907840378497,0.0,4.516264577899083,4.456515286730509,4.516264577899083,0.0,0.0,,r0000|r0011,0
20031,4,17019.348253864828,cloud_0,1,1.0,0.003,2,r0000|r0011,r0000|r0011,1,1,0,0,0.031596895517781505,0.031596895517781505,0.0,5.234406692487932,5.202904587656704,5.234406692487932,0.0,0.0,,r0000|r0011,1
20031,4,17019.348253864828,edge_2,2,1.0,0.003,2,r0000|r0011,r0000|r0011,1,1,0,0,0.10850242301714509,0.10850242301714509,0.0,4.451604674723231,4.343427758975138,4.451604674723232,-8.881784197001252e-16,-1.9951870945398935e-16,,r0000|r0011,0
20031,4,17019.348253864828,cloud_0,2,1.0,0.003,2,r0000|r0011,r0000|r0011,1,1,0,0,0.05823593595443208,0.05823593595443208,0.0,5.183952617700649,5.125891389554081,5.183952617700649,0.0,0.0,,r0000|r0011,0
20031,4,17019.348253864828,edge_2,4,1.0,0.003,2,r0000|r0011,r0000|r0011,1,1,0,0,0.20564911224386528,0.20564911224386528,0.0,4.4041191583391734,4.19908699343204,4.4041191583391734,0.0,0.0,,r0000|r0011,0
20031,4,17019.348253864828,cloud_0,4,1.0,0.003,2,r0000|r0011,r0000|r0011,1,1,0,0,0.1115140168277332,0.1115140168277332,0.0,5.154323370821792,5.043143896044541,5.154323370821792,0.0,0.0,,r0000|r0011,0
20031,4,17019.348253864828,edge_2,8,1.0,0.003,2,r0000|r0011,r0000|r0011,1,1,0,0,0.3999424906973058,0.3999424906973058,0.0,4.3604800200064435,3.96173735678123,4.360480020006444,-8.881784197001252e-16,-2.0368822139421535e-16,,r0000|r0011,0
20031,4,17019.348253864828,cloud_0,8,1.0,0.003,2,r0000|r0011,r0000|r0011,1,1,0,0,0.21807017857433547,0.21807017857433547,0.0,5.137979860814125,4.920563892775513,5.137979860814125,0.0,0.0,,r0000|r0011,0
20031,5,26694.372148810013,edge_2,1,1.0,0.003,3,r0005|r0012|r0014,r0005|r0012|r0014,1,1,0,0,0.03108838805181068,0.03108838805181068,0.0,7.065744141574696,7.034749018687041,7.065744141574696,0.0,0.0,,r0005|r0012|r0014,0
20031,5,26694.372148810013,cloud_0,1,1.0,0.003,3,r0005|r0012|r0014,r0005|r0012|r0014,1,1,0,0,0.020715393001716015,0.020715393001716015,0.0,7.3056318700216965,7.284978623198986,7.305631870021697,-8.881784197001252e-16,-1.2157448328935404e-16,,r0005|r0012|r0014,1
20031,5,26694.372148810013,edge_2,2,1.0,0.003,3,r0005|r0012|r0014,r0005|r0012|r0014,1,1,0,0,0.04768010172192356,0.04768010172192356,0.0,6.932437090932771,6.884900029516013,6.932437090932771,0.0,0.0,,r0005|r0012|r0014,0
20031,5,26694.372148810013,cloud_0,2,1.0,0.003,3,r0005|r0012|r0014,r0005|r0012|r0014,1,1,0,0,0.032932820462151596,0.032932820462151596,0.0,7.179878794844585,7.14704477284382,7.179878794844585,0.0,0.0,,r0005|r0012|r0014,0
20031,5,26694.372148810013,edge_2,4,1.0,0.003,3,r0005|r0012|r0014,r0005|r0012|r0014,1,1,0,0,0.08086352906214932,0.08086352906214932,0.0,6.8049913022454,6.724370363770437,6.8049913022454005,-8.881784197001252e-16,-1.3051867081844153e-16,,r0005|r0012|r0014,0
20031,5,26694.372148810013,cloud_0,4,1.0,0.003,3,r0005|r0012|r0014,r0005|r0012|r0014,1,1,0,0,0.05736767538302275,0.05736767538302275,0.0,7.072478741429437,7.015283169072564,7.072478741429438,-8.881784197001252e-16,-1.255823385508845e-16,,r0005|r0012|r0014,0
20031,5,26694.372148810013,edge_2,8,1.0,0.003,3,r0005|r0012|r0014,r0005|r0012|r0014,1,1,0,0,0.1472303837426008,0.1472303837426008,0.0,6.689911794555546,6.543123101964173,6.689911794555545,8.881784197001252e-16,1.3276384606788866e-16,,r0005|r0012|r0014,0
20031,5,26694.372148810013,cloud_0,8,1.0,0.003,3,r0005|r0012|r0014,r0005|r0012|r0014,1,1,0,0,0.10623738522476507,0.10623738522476507,0.0,6.989376098917454,6.883457425848363,6.989376098917454,0.0,0.0,,r0005|r0012|r0014,0
20031,6,29370.641090004454,edge_2,1,1.0,0.003,2,r0013|r0017,r0013|r0017,1,1,0,0,0.18678777307600872,0.18678777307600872,0.0,4.88896960462213,4.702742194865349,4.8889696046221305,-8.881784197001252e-16,-1.8166985919904746e-16,,r0013|r0017,0
20031,6,29370.641090004454,cloud_0,1,1.0,0.003,2,r0013|r0017,r0013|r0017,1,1,0,0,0.1242231087476029,0.1242231087476029,0.0,5.4374163927667825,5.313565953345423,5.4374163927667825,0.0,0.0,,r0013|r0017,1
20031,6,29370.641090004454,edge_2,2,1.0,0.003,2,r0013|r0017,r0013|r0017,1,1,0,0,0.34836965314889157,0.34836965314889157,0.0,4.8312184571530095,4.483893912963565,4.83121845715301,-8.881784197001252e-16,-1.8384149414421637e-16,,r0013|r0017,0
20031,6,29370.641090004454,cloud_0,2,1.0,0.003,2,r0013|r0017,r0013|r0017,1,1,0,0,0.23472374787054803,0.23472374787054803,0.0,5.394449636361154,5.160430059734217,5.394449636361154,0.0,0.0,,r0013|r0017,0
20031,6,29370.641090004454,edge_2,4,1.0,0.003,2,r0013|r0017,r0013|r0017,1,1,0,0,0.6715334132946572,0.6715334132946572,0.0,4.7790647045924795,4.109545891537706,4.779064704592479,8.881784197001252e-16,1.8584774942398734e-16,,r0013|r0017,0
20031,6,29370.641090004454,cloud_0,4,1.0,0.003,2,r0013|r0017,r0013|r0017,1,1,0,0,0.4557250261164383,0.4557250261164383,0.0,5.3622500113595235,4.907892160321434,5.362250011359523,8.881784197001252e-16,1.6563539891250614e-16,,r0013|r0017,0
20031,6,29370.641090004454,edge_2,8,1.0,0.003,2,r0013|r0017,r0013|r0017,1,1,0,0,1.3178609335861886,1.3178609335861886,0.0,4.711876861152994,3.397969510367564,4.711876861152994,0.0,0.0,,r0013|r0017,0
20031,6,29370.641090004454,cloud_0,8,1.0,0.003,2,r0013|r0017,r0013|r0017,1,1,0,0,0.8977275826082187,0.8977275826082187,0.0,5.3284132563289175,4.433378856468523,5.328413256328917,8.881784197001252e-16,1.666872250655813e-16,,r0013|r0017,0
20032,0,0.0,edge_0,1,1.0,0.003,1,r0004,r0004,1,1,0,0,0.018872091978623246,0.018872091978623246,0.0,-0.22160885719449777,-0.24042433289718515,-0.22160885719449777,0.0,0.0,,r0004,0
20032,0,0.0,cloud_0,1,1.0,0.003,1,r0004,r0004,1,1,0,0,0.008832754622634642,0.008832754622634642,0.0,-0.09204638780094695,-0.1008526441597137,-0.09204638780094697,1.3877787807814457e-17,1.5076949937270306e-16,,r0004,1
20032,0,0.0,edge_0,2,1.0,0.003,1,r0004,r0004,1,1,0,0,0.02731946762967587,0.02731946762967587,0.0,-0.2229705413562007,-0.25020805058298756,-0.22297054135620073,2.7755575615628914e-17,1.244809087640359e-16,,r0004,0
20032,0,0.0,cloud_0,2,1.0,0.003,1,r0004,r0004,1,1,0,0,0.012151476821228895,0.012151476821228895,0.0,-0.09205634396754274,-0.10417136635830795,-0.09205634396754275,1.3877787807814457e-17,1.507531932042347e-16,,r0004,0
20032,0,0.0,edge_0,4,1.0,0.003,1,r0004,r0004,1,1,0,0,0.04421421893178114,0.04421421893178114,0.0,-0.2256939096796065,-0.26977548595459233,-0.22569390967960654,2.7755575615628914e-17,1.229788418084942e-16,,r0004,0
20032,0,0.0,cloud_0,4,1.0,0.003,1,r0004,r0004,1,1,0,0,0.018788921218417402,0.018788921218417402,0.0,-0.0920762563007343,-0.11080881075549645,-0.0920762563007343,0.0,0.0,,r0004,0
20032,0,0.0,edge_0,8,1.0,0.003,1,r0004,r0004,1,1,0,0,0.07800372153599164,0.07800372153599164,0.0,-0.23114064632641815,-0.3089103566978018,-0.23114064632641815,0.0,0.0,,r0004,0
20032,0,0.0,cloud_0,8,1.0,0.003,1,r0004,r0004,1,1,0,0,0.03206381001279442,0.03206381001279442,0.0,-0.09211608096711743,-0.12408369954987347,-0.09211608096711743,0.0,0.0,,r0004,0
20032,1,3541.901720278398,edge_0,1,1.0,0.003,1,r0005,r0005,1,1,0,0,0.04503961347254854,0.04503961347254854,0.0,-0.42740929505703307,-0.47231378968916393,-0.42740929505703307,0.0,0.0,,r0005,0
20032,1,3541.901720278398,cloud_0,1,1.0,0.003,1,r0005,r0005,1,1,0,0,0.02407503503574178,0.02407503503574178,0.0,-0.19111758382583666,-0.21512039375647124,-0.19111758382583668,2.7755575615628914e-17,1.4522774440745473e-16,,r0005,1
20032,1,3541.901720278398,edge_0,2,1.0,0.003,1,r0005,r0005,1,1,0,0,0.08032574585514769,0.08032574585514769,0.0,-0.4303614923957578,-0.5104462610133401,-0.4303614923957579,5.551115123125783e-17,1.2898726352638005e-16,,r0005,0
20032,1,3541.901720278398,cloud_0,2,1.0,0.003,1,r0005,r0005,1,1,0,0,0.041620589203648195,0.041620589203648195,0.0,-0.1911702204883404,-0.23266594792437761,-0.19117022048834037,-2.7755575615628914e-17,-1.4518775751122673e-16,,r0005,0
20032,1,3541.901720278398,edge_0,4,1.0,0.003,1,r0005,r0005,1,1,0,0,0.150898010620346,0.150898010620346,0.0,-0.43626588707320746,-0.5867112036616924,-0.43626588707320746,0.0,0.0,,r0005,0
20032,1,3541.901720278398,cloud_0,4,1.0,0.003,1,r0005,r0005,1,1,0,0,0.07671169753946104,0.07671169753946104,0.0,-0.19127549381334782,-0.2677570562601905,-0.1912754938133478,-2.7755575615628914e-17,-1.4510784974218186e-16,,r0005,0
20032,1,3541.901720278398,edge_0,8,1.0,0.003,1,r0005,r0005,1,1,0,0,0.29204254015074255,0.29204254015074255,0.0,-0.44807467642810667,-0.7392410889583969,-0.4480746764281066,-5.551115123125783e-17,-1.2388816898507442e-16,,r0005,0
20032,1,3541.901720278398,cloud_0,8,1.0,0.003,1,r0005,r0005,1,1,0,0,0.14689391421108672,0.14689391421108672,0.0,-0.1914860404633627,-0.33793927293181614,-0.19148604046336268,-2.7755575615628914e-17,-1.4494829778956878e-16,,r0005,0
20032,2,10289.172654484006,edge_0,1,1.0,0.003,1,r0019,r0019,1,1,0,0,0.03294481075887167,0.03294481075887167,0.0,-0.11338165251983823,-0.14622762884643328,-0.11338165251983823,0.0,0.0,,r0019,0
20032,2,10289.172654484006,cloud_0,1,1.0,0.003,1,r0019,r0019,1,1,0,0,0.013743030111916577,0.013743030111916577,0.0,-0.0451209321454844,-0.058822733167065225,-0.0451209321454844,0.0,0.0,,r0019,1
20032,2,10289.172654484006,edge_0,2,1.0,0.003,1,r0019,r0019,1,1,0,0,0.05875531098587203,0.05875531098587203,0.0,-0.1142771172168289,-0.17285616226974332,-0.1142771172168289,0.0,0.0,,r0019,0
20032,2,10289.172654484006,cloud_0,2,1.0,0.003,1,r0019,r0019,1,1,0,0,0.023758761299921966,0.023758761299921966,0.0,-0.04515097933904842,-0.06883846435507063,-0.04515097933904843,6.938893903907228e-18,1.536820242989987e-16,,r0019,0
20032,2,10289.172654484006,edge_0,4,1.0,0.003,1,r0019,r0019,1,1,0,0,0.11037631143987273,0.11037631143987273,0.0,-0.11606804661081024,-0.22611322911636333,-0.11606804661081023,-1.3877787807814457e-17,-1.1956596335551595e-16,,r0019,0
20032,2,10289.172654484006,cloud_0,4,1.0,0.003,1,r0019,r0019,1,1,0,0,0.04379022367593274,0.04379022367593274,0.0,-0.04521107372617644,-0.08886992673108139,-0.04521107372617645,6.938893903907228e-18,1.5347775073719884e-16,,r0019,0
20032,2,10289.172654484006,edge_0,8,1.0,0.003,1,r0019,r0019,1,1,0,0,0.21361831234787415,0.21361831234787415,0.0,-0.11964990539877293,-0.3326273628096035,-0.11964990539877296,2.7755575615628914e-17,2.3197323494008844e-16,,r0019,0
20032,2,10289.172654484006,cloud_0,8,1.0,0.003,1,r0019,r0019,1,1,0,0,0.0838531484279543,0.0838531484279543,0.0,-0.04533126250043251,-0.12893285148310296,-0.045331262500432526,1.3877787807814457e-17,3.061416568241849e-16,,r0019,0
20032,3,15378.438309943042,edge_0,1,1.0,0.003,1,r0015,r0015,1,1,0,0,0.03953897246202014,0.03953897246202014,0.0,-1.129774583426099,-1.1691949389707332,-1.129774583426099,0.0,0.0,,r0015,0
20032,3,15378.438309943042,cloud_0,1,1.0,0.003,1,r0015,r0015,1,1,0,0,0.02113477612059315,0.02113477612059315,0.0,-0.47418184106947625,-0.49525321286170765,-0.47418184106947625,0.0,0.0,,r0015,1
20032,3,15378.438309943042,edge_0,2,1.0,0.003,1,r0015,r0015,1,1,0,0,0.07051564630530568,0.07051564630530568,0.0,-1.1378508421560884,-1.2081549415224782,-1.1378508421560884,0.0,0.0,,r0015,0
20032,3,15378.438309943042,cloud_0,2,1.0,0.003,1,r0015,r0015,1,1,0,0,0.036537510060540526,0.036537510060540526,0.0,-0.47422804927129614,-0.510655946801655,-0.47422804927129614,0.0,0.0,,r0015,0
20032,3,15378.438309943042,edge_0,4,1.0,0.003,1,r0015,r0015,1,1,0,0,0.13246899399187673,0.13246899399187673,0.0,-1.1540033596160673,-1.2860749466259684,-1.1540033596160673,0.0,0.0,,r0015,0
20032,3,15378.438309943042,cloud_0,4,1.0,0.003,1,r0015,r0015,1,1,0,0,0.0673429779404353,0.0673429779404353,0.0,-0.4743204656749358,-0.5414614146815498,-0.47432046567493585,5.551115123125783e-17,1.1703300879557886e-16,,r0015,0
20032,3,15378.438309943042,edge_0,8,1.0,0.003,1,r0015,r0015,1,1,0,0,0.2563756893650188,0.2563756893650188,0.0,-1.1863083945360247,-1.4419149568329486,-1.1863083945360249,2.220446049250313e-16,1.8717275031327315e-16,,r0015,0
20032,3,15378.438309943042,cloud_0,8,1.0,0.003,1,r0015,r0015,1,1,0,0,0.12895391370022483,0.12895391370022483,0.0,-0.4745052984822152,-0.6030723504413393,-0.4745052984822152,0.0,0.0,,r0015,0
20032,4,25037.437676393914,edge_0,1,1.0,0.003,4,r0003|r0006|r0010|r0020,r0003|r0006|r0010|r0020,1,1,0,0,0.0858558533410437,0.0858558533410437,0.0,6.56558872181278,6.47999043603176,6.56558872181278,0.0,0.0,,r0003|r0006|r0010|r0020,0
20032,4,25037.437676393914,cloud_0,1,1.0,0.003,4,r0003|r0006|r0010|r0020,r0003|r0006|r0010|r0020,1,1,0,0,0.040220350857778545,0.040220350857778545,0.0,6.87034288196675,6.830243192161545,6.87034288196675,0.0,0.0,,r0003|r0006|r0010|r0020,1
20032,4,25037.437676393914,edge_0,2,1.0,0.003,4,r0003|r0006|r0010|r0020,r0003|r0006|r0010|r0020,1,1,0,0,0.16012040179110895,0.16012040179110895,0.0,6.456802653751317,6.297162613165582,6.456802653751317,0.0,0.0,,r0003|r0006|r0010|r0020,0
20032,4,25037.437676393914,cloud_0,2,1.0,0.003,4,r0003|r0006|r0010|r0020,r0003|r0006|r0010|r0020,1,1,0,0,0.07345649087692649,0.07345649087692649,0.0,6.7663695106977775,6.693133389293482,6.766369510697778,-8.881784197001252e-16,-1.3126365893791282e-16,,r0003|r0006|r0010|r0020,0
20032,4,25037.437676393914,edge_0,4,1.0,0.003,4,r0003|r0006|r0010|r0020,r0003|r0006|r0010|r0020,1,1,0,0,0.3086494986912395,0.3086494986912395,0.0,6.342128972302141,6.034405422106975,6.342128972302141,0.0,0.0,,r0003|r0006|r0010|r0020,0
20032,4,25037.437676393914,cloud_0,4,1.0,0.003,4,r0003|r0006|r0010|r0020,r0003|r0006|r0010|r0020,1,1,0,0,0.13992877091522238,0.13992877091522238,0.0,6.679385089315276,6.5398761047128,6.679385089315277,-8.881784197001252e-16,-1.3297308177678e-16,,r0003|r0006|r0010|r0020,0
20032,4,25037.437676393914,edge_0,8,1.0,0.003,4,r0003|r0006|r0010|r0020,r0003|r0006|r0010|r0020,1,1,0,0,0.6057076924915005,0.6057076924915005,0.0,6.161428869783986,5.55753830036996,6.161428869783986,0.0,0.0,,r0003|r0006|r0010|r0020,0
20032,4,25037.437676393914,cloud_0,8,1.0,0.003,4,r0003|r0006|r0010|r0020,r0003|r0006|r0010|r0020,1,1,0,0,0.27287333099181416,0.27287333099181416,0.0,6.584716253918505,6.312661542919667,6.584716253918506,-8.881784197001252e-16,-1.3488484324158664e-16,,r0003|r0006|r0010|r0020,0
20032,5,30300.453889619508,edge_0,1,1.0,0.003,3,r0008|r0012|r0016,r0008|r0012|r0016,1,1,0,0,0.015150178712199149,0.015150178712199149,0.0,6.12537741527733,6.110272687101268,6.12537741527733,0.0,0.0,,r0008|r0012|r0016,0
20032,5,30300.453889619508,cloud_0,1,1.0,0.003,3,r0008|r0012|r0016,r0008|r0012|r0016,1,1,0,0,0.008056442625182113,0.008056442625182113,0.0,6.347913860194564,6.339881586897257,6.347913860194564,0.0,0.0,,r0008|r0012|r0016,1
20032,5,30300.453889619508,edge_0,2,1.0,0.003,3,r0008|r0012|r0016,r0008|r0012|r0016,1,1,0,0,0.023566761250133465,0.023566761250133465,0.0,5.999653561660068,5.976157500693685,5.999653561660068,0.0,0.0,,r0008|r0012|r0016,0
20032,5,30300.453889619508,cloud_0,2,1.0,0.003,3,r0008|r0012|r0016,r0008|r0012|r0016,1,1,0,0,0.011935088131867532,0.011935088131867532,0.0,6.224571726661148,6.212672443793676,6.224571726661148,0.0,0.0,,r0008|r0012|r0016,0
20032,5,30300.453889619508,edge_0,4,1.0,0.003,3,r0008|r0012|r0016,r0008|r0012|r0016,1,1,0,0,0.040399926326002096,0.040399926326002096,0.0,5.8898375237154665,5.849558797168442,5.8898375237154665,0.0,0.0,,r0008|r0012|r0016,0
20032,5,30300.453889619508,cloud_0,4,1.0,0.003,3,r0008|r0012|r0016,r0008|r0012|r0016,1,1,0,0,0.019692379145238373,0.019692379145238373,0.0,6.1085920345022,6.0889587324943975,6.1085920345022,0.0,0.0,,r0008|r0012|r0016,0
20032,5,30300.453889619508,edge_0,8,1.0,0.003,3,r0008|r0012|r0016,r0008|r0012|r0016,1,1,0,0,0.07406625647773936,0.07406625647773936,0.0,5.807269979481565,5.733425921773259,5.807269979481565,0.0,0.0,,r0008|r0012|r0016,0
20032,5,30300.453889619508,cloud_0,8,1.0,0.003,3,r0008|r0012|r0016,r0008|r0012|r0016,1,1,0,0,0.03520696117198006,0.03520696117198006,0.0,6.020655639062597,5.985554298774133,6.020655639062597,0.0,0.0,,r0008|r0012|r0016,0
20032,6,33716.10696536747,edge_0,1,1.0,0.003,1,r0009,r0009,1,1,0,0,0.059550618876820303,0.059550618876820303,0.0,-0.9624227277061871,-1.021794694726377,-0.9624227277061871,0.0,0.0,,r0009,0
20032,6,33716.10696536747,cloud_0,1,1.0,0.003,1,r0009,r0009,1,1,0,0,0.030566654574263455,0.030566654574263455,0.0,-0.266858686358884,-0.29733364096942466,-0.266858686358884,0.0,0.0,,r0009,1
20032,6,33716.10696536747,edge_0,2,1.0,0.003,1,r0009,r0009,1,1,0,0,0.10620534921623427,0.10620534921623427,0.0,-0.9710406543396207,-1.0769273875082064,-0.9710406543396208,1.1102230246251565e-16,1.1433332061469557e-16,,r0009,0
20032,6,33716.10696536747,cloud_0,2,1.0,0.003,1,r0009,r0009,1,1,0,0,0.052843211711904994,0.052843211711904994,0.0,-0.2669255160302969,-0.31961019810706615,-0.26692551603029685,-5.551115123125783e-17,-2.0796494863742112e-16,,r0009,0
20032,6,33716.10696536747,edge_0,4,1.0,0.003,1,r0009,r0009,1,1,0,0,0.1995148098950622,0.1995148098950622,0.0,-0.9882765076064884,-1.1871927730718654,-0.9882765076064884,0.0,0.0,,r0009,0
20032,6,33716.10696536747,cloud_0,4,1.0,0.003,1,r0009,r0009,1,1,0,0,0.09739632598718811,0.09739632598718811,0.0,-0.26705917537312274,-0.36416331238234934,-0.2670591753731228,5.551115123125783e-17,2.078608651198754e-16,,r0009,0
20032,6,33716.10696536747,edge_0,8,1.0,0.003,1,r0009,r0009,1,1,0,0,0.38613373125271805,0.38613373125271805,0.0,-1.0227482141402233,-1.407723544199183,-1.0227482141402233,0.0,0.0,,r0009,0
20032,6,33716.10696536747,cloud_0,8,1.0,0.003,1,r0009,r0009,1,1,0,0,0.18650255453775433,0.18650255453775433,0.0,-0.2673264940587744,-0.4532695409329155,-0.2673264940587744,0.0,0.0,,r0009,0
20033,0,0.0,edge_4,1,1.0,0.003,1,r0023,r0023,1,1,0,0,0.009078877575642415,0.009078877575642415,0.0,-0.26146570203944125,-0.27051734298235675,-0.26146570203944125,0.0,0.0,,r0023,0
20033,0,0.0,cloud_0,1,1.0,0.003,1,r0023,r0023,1,1,0,0,0.009718337950354808,0.009718337950354808,0.0,-0.1039554364765582,-0.11364461941306195,-0.10395543647655821,1.3877787807814457e-17,1.3349747043718946e-16,,r0023,1
20033,0,0.0,edge_4,2,1.0,0.003,1,r0023,r0023,1,1,0,0,0.01408769372555759,0.01408769372555759,0.0,-0.2625901166341437,-0.27663554727852463,-0.2625901166341437,0.0,0.0,,r0023,0
20033,0,0.0,cloud_0,2,1.0,0.003,1,r0023,r0023,1,1,0,0,0.012735430327376718,0.012735430327376718,0.0,-0.10396448775368927,-0.11666171179008386,-0.10396448775368927,0.0,0.0,,r0023,0
20033,0,0.0,edge_4,4,1.0,0.003,1,r0023,r0023,1,1,0,0,0.024105326025387938,0.024105326025387938,0.0,-0.2648389458235485,-0.2888719558708603,-0.2648389458235485,0.0,0.0,,r0023,0
20033,0,0.0,cloud_0,4,1.0,0.003,1,r0023,r0023,1,1,0,0,0.018769615081420544,0.018769615081420544,0.0,-0.1039825903079514,-0.12269589654412769,-0.1039825903079514,0.0,0.0,,r0023,0
20033,0,0.0,cloud_0,8,1.0,0.003,1,r0023,r0023,1,1,0,0,0.030837984589508198,0.030837984589508198,0.0,-0.10401879541647566,-0.13476426605221534,-0.10401879541647566,0.0,0.0,,r0023,0
20033,1,4178.071448440363,edge_4,1,1.0,0.003,1,r0006,r0006,1,1,0,0,0.018038181867554112,0.018038181867554112,0.0,-1.1144207590710946,-1.1324048263930462,-1.1144207590710948,2.220446049250313e-16,1.9924665178537462e-16,,r0006,0
20033,1,4178.071448440363,cloud_0,1,1.0,0.003,1,r0006,r0006,1,1,0,0,0.013765441167667923,0.013765441167667923,0.0,-0.45035579758642297,-0.46407994243058787,-0.45035579758642297,0.0,0.0,,r0006,1
20033,1,4178.071448440363,edge_4,2,1.0,0.003,1,r0006,r0006,1,1,0,0,0.033298869726986466,0.033298869726986466,0.0,-1.119980596827752,-1.1531795699455576,-1.119980596827752,0.0,0.0,,r0006,0
20033,1,4178.071448440363,cloud_0,2,1.0,0.003,1,r0006,r0006,1,1,0,0,0.02295781390220799,0.02295781390220799,0.0,-0.4503833747046265,-0.4732723151651279,-0.4503833747046265,0.0,0.0,,r0006,0
20033,1,4178.071448440363,edge_4,4,1.0,0.003,1,r0006,r0006,1,1,0,0,0.06382024544585117,0.06382024544585117,0.0,-1.1311002723410668,-1.1947290570505804,-1.1311002723410668,0.0,0.0,,r0006,0
20033,1,4178.071448440363,cloud_0,4,1.0,0.003,1,r0006,r0006,1,1,0,0,0.041342559371288126,0.041342559371288126,0.0,-0.4504385289410338,-0.4916570606342081,-0.45043852894103387,5.551115123125783e-17,1.2323801732006077e-16,,r0006,0
20033,1,4178.071448440363,cloud_0,8,1.0,0.003,1,r0006,r0006,1,1,0,0,0.07811205030944837,0.07811205030944837,0.0,-0.4505488374138483,-0.5284265515723683,-0.45054883741384827,-5.551115123125783e-17,-1.2320784479190313e-16,,r0006,0
20033,2,14400.999532001855,edge_4,1,1.0,0.003,2,r0005|r0020,r0005|r0020,1,1,0,0,0.03746271410679647,0.03746271410679647,0.0,4.890354296163938,4.853003970199462,4.890354296163938,0.0,0.0,,r0005|r0020,0
20033,2,14400.999532001855,cloud_0,1,1.0,0.003,2,r0005|r0020,r0005|r0020,1,1,0,0,0.02592852120162718,0.02592852120162718,0.0,5.109489717334361,5.083638981696339,5.109489717334362,-8.881784197001252e-16,-1.7382918233241713e-16,,r0005|r0020,1
20033,2,14400.999532001855,edge_4,2,1.0,0.003,2,r0005|r0020,r0005|r0020,1,1,0,0,0.07170489065392663,0.07170489065392663,0.0,4.859205796905855,4.787716020923891,4.859205796905855,0.0,0.0,,r0005|r0020,0
20033,2,14400.999532001855,cloud_0,2,1.0,0.003,2,r0005|r0020,r0005|r0020,1,1,0,0,0.04655451479788536,0.04655451479788536,0.0,5.047178569902646,5.000763718649154,5.047178569902646,0.0,0.0,,r0005|r0020,0
20033,2,14400.999532001855,edge_4,4,1.0,0.003,2,r0005|r0020,r0005|r0020,1,1,0,0,0.14018924374818698,0.14018924374818698,0.0,4.8401934415037395,4.7004247654867966,4.840193441503739,8.881784197001252e-16,1.8350060393953763e-16,,r0005|r0020,0
20033,2,14400.999532001855,cloud_0,4,1.0,0.003,2,r0005|r0020,r0005|r0020,1,1,0,0,0.08780650199040171,0.08780650199040171,0.0,5.0087751003997125,4.921232017915282,5.0087751003997125,0.0,0.0,,r0005|r0020,0
20033,2,14400.999532001855,cloud_0,8,1.0,0.003,2,r0005|r0020,r0005|r0020,1,1,0,0,0.17031047637543445,0.17031047637543445,0.0,4.987100102623029,4.81730055767672,4.987100102623028,8.881784197001252e-16,1.7809516581248818e-16,,r0005|r0020,0
20033,3,19943.777238321585,edge_4,1,1.0,0.003,3,r0000|r0013|r0021,r0000|r0013|r0021,1,1,0,0,0.0541892715591601,0.0541892715591601,0.0,4.923376005514684,4.869349301770201,4.923376005514684,0.0,0.0,,r0000|r0013|r0021,0
20033,3,19943.777238321585,cloud_0,1,1.0,0.003,3,r0000|r0013|r0021,r0000|r0013|r0021,1,1,0,0,0.03768068334897534,0.03768068334897534,0.0,5.4792861464123135,5.441718505113385,5.4792861464123135,0.0,0.0,,r0000|r0013|r0021,1
20033,3,19943.777238321585,edge_4,2,1.0,0.003,3,r0000|r0013|r0021,r0000|r0013|r0021,1,1,0,0,0.10265950519260719,0.10265950519260719,0.0,4.848749544139609,4.74639801746258,4.84874954413961,-8.881784197001252e-16,-1.8317679880446965e-16,,r0000|r0013|r0021,0
20033,3,19943.777238321585,cloud_0,2,1.0,0.003,3,r0000|r0013|r0021,r0000|r0013|r0021,1,1,0,0,0.0661723863095663,0.0661723863095663,0.0,5.3714144237632295,5.305440554612592,5.3714144237632295,0.0,0.0,,r0000|r0013|r0021,0
20033,3,19943.777238321585,edge_4,4,1.0,0.003,3,r0000|r0013|r0021,r0000|r0013|r0021,1,1,0,0,0.19959997245950137,0.19959997245950137,0.0,4.7727330862378325,4.57373191369571,4.7727330862378325,0.0,0.0,,r0000|r0013|r0021,0
20033,3,19943.777238321585,cloud_0,4,1.0,0.003,3,r0000|r0013|r0021,r0000|r0013|r0021,1,1,0,0,0.12315579223074828,0.12315579223074828,0.0,5.284037470922679,5.161251146068624,5.28403747092268,-8.881784197001252e-16,-1.680870782214636e-16,,r0000|r0013|r0021,0
20033,3,19943.777238321585,cloud_0,8,1.0,0.003,3,r0000|r0013|r0021,r0000|r0013|r0021,1,1,0,0,0.23712260407311214,0.23712260407311214,0.0,5.199770059595522,4.96335882333463,5.199770059595523,-8.881784197001252e-16,-1.7081109539855583e-16,,r0000|r0013|r0021,0
20033,4,32162.47223528109,edge_4,1,1.0,0.003,2,r0017|r0022,r0017|r0022,1,1,0,0,0.009132088383151929,0.009132088383151929,0.0,5.821085927515224,5.811981235397221,5.821085927515224,0.0,0.0,,r0017|r0022,0
20033,4,32162.47223528109,cloud_0,1,1.0,0.003,2,r0017|r0022,r0017|r0022,1,1,0,0,0.008961033844860165,0.008961033844860165,0.0,6.116735773653763,6.107801622910437,6.116735773653763,0.0,0.0,,r0017|r0022,1
20033,4,32162.47223528109,edge_4,2,1.0,0.003,2,r0017|r0022,r0017|r0022,1,1,0,0,0.014736984227646991,0.014736984227646991,0.0,5.727002637589353,5.712309864314388,5.727002637589353,0.0,0.0,,r0017|r0022,0
20033,4,32162.47223528109,cloud_0,2,1.0,0.003,2,r0017|r0022,r0017|r0022,1,1,0,0,0.01225536739940648,0.01225536739940648,0.0,6.021576177866425,6.009357576569217,6.021576177866425,0.0,0.0,,r0017|r0022,0
20033,4,32162.47223528109,edge_4,4,1.0,0.003,2,r0017|r0022,r0017|r0022,1,1,0,0,0.025946775916637112,0.025946775916637112,0.0,5.654582136722755,5.628713201133869,5.654582136722756,-8.881784197001252e-16,-1.5707233500632985e-16,,r0017|r0022,0
20033,4,32162.47223528109,cloud_0,4,1.0,0.003,2,r0017|r0022,r0017|r0022,1,1,0,0,0.018844034508499113,0.018844034508499113,0.0,5.923025135573191,5.904237633168217,5.92302513557319,8.881784197001252e-16,1.4995351182384832e-16,,r0017|r0022,0
20033,4,32162.47223528109,cloud_0,8,1.0,0.003,2,r0017|r0022,r0017|r0022,1,1,0,0,0.032021368726684374,0.032021368726684374,0.0,5.841602969719036,5.809677665098531,5.841602969719035,8.881784197001252e-16,1.5204361273851586e-16,,r0017|r0022,0
20033,5,35210.92546683679,edge_4,1,1.0,0.003,2,r0004|r0014,r0004|r0014,1,1,0,0,0.042405494837473814,0.042405494837473814,0.0,4.595099830740696,4.552821552387735,4.595099830740697,-8.881784197001252e-16,-1.9328816618048475e-16,,r0004|r0014,0
20033,5,35210.92546683679,cloud_0,1,1.0,0.003,2,r0004|r0014,r0004|r0014,1,1,0,0,0.032658188599064546,0.032658188599064546,0.0,5.377992390812144,5.3454321767788775,5.377992390812145,-8.881784197001252e-16,-1.6515055343282088e-16,,r0004|r0014,1
20033,5,35210.92546683679,edge_4,2,1.0,0.003,2,r0004|r0014,r0004|r0014,1,1,0,0,0.0795722225315273,0.0795722225315273,0.0,4.547551674344774,4.468218168480842,4.547551674344775,-8.881784197001252e-16,-1.9530914287589633e-16,,r0004|r0014,0
20033,5,35210.92546683679,cloud_0,2,1.0,0.003,2,r0004|r0014,r0004|r0014,1,1,0,0,0.05623335177394933,0.05623335177394933,0.0,5.300442733799582,5.244378082080955,5.300442733799582,0.0,0.0,,r0004|r0014,0
20033,5,35210.92546683679,edge_4,4,1.0,0.003,2,r0004|r0014,r0004|r0014,1,1,0,0,0.15390567791963433,0.15390567791963433,0.0,4.511426680128042,4.357982719242167,4.511426680128042,0.0,0.0,,r0004|r0014,0
20033,5,35210.92546683679,cloud_0,4,1.0,0.003,2,r0004|r0014,r0004|r0014,1,1,0,0,0.10338367812371886,0.10338367812371886,0.0,5.248706428034892,5.145632900945545,5.248706428034892,0.0,0.0,,r0004|r0014,0
20033,5,35210.92546683679,cloud_0,8,1.0,0.003,2,r0004|r0014,r0004|r0014,1,1,0,0,0.19768433082325798,0.19768433082325798,0.0,5.218095169061772,5.021003891230984,5.218095169061772,0.0,0.0,,r0004|r0014,0
20033,6,46708.309642042484,edge_4,1,1.0,0.003,1,r0009,r0009,1,1,0,0,0.040063974156036256,0.040063974156036256,0.0,1.769763179235556,1.7298193970019877,1.769763179235556,0.0,0.0,,r0009,0
20033,6,46708.309642042484,cloud_0,1,1.0,0.003,1,r0009,r0009,1,1,0,0,0.05200971154206509,0.05200971154206509,0.0,1.8930470498616152,1.8411933674541763,1.8930470498616152,0.0,0.0,,r0009,1
20033,6,46708.309642042484,edge_4,2,1.0,0.003,1,r0009,r0009,1,1,0,0,0.05342889483088749,0.05342889483088749,0.0,1.76415695721351,1.7108883490671154,1.7641569572135103,-2.220446049250313e-16,-1.2586442720819538e-16,,r0009,0
20033,6,46708.309642042484,cloud_0,2,1.0,0.003,1,r0009,r0009,1,1,0,0,0.06006015681310564,0.06006015681310564,0.0,1.8901555382920288,1.8302755619493625,1.8901555382920288,0.0,0.0,,r0009,0
20033,6,46708.309642042484,edge_4,4,1.0,0.003,1,r0009,r0009,1,1,0,0,0.08015873618058997,0.08015873618058997,0.0,1.7529445131694184,1.67302625319737,1.7529445131694184,0.0,0.0,,r0009,0
20033,6,46708.309642042484,cloud_0,4,1.0,0.003,1,r0009,r0009,1,1,0,0,0.07616104735518678,0.07616104735518678,0.0,1.884372515152856,1.8084399509397349,1.884372515152856,0.0,0.0,,r0009,0
20033,6,46708.309642042484,cloud_0,8,1.0,0.003,1,r0009,r0009,1,1,0,0,0.10836282843934905,0.10836282843934905,0.0,1.8728064688745107,1.7647687289204799,1.872806468874511,-2.220446049250313e-16,-1.1856249357066356e-16,,r0009,0
20034,0,0.0,edge_0,1,1.0,0.003,1,r0018,r0018,1,1,0,0,0.05860079577739311,0.05860079577739311,0.0,-0.2362667034276495,-0.29469169681771046,-0.23626670342764952,2.7755575615628914e-17,1.174756121491674e-16,,r0018,0
20034,0,0.0,edge_5,1,1.0,0.003,1,r0018,r0018,1,1,0,0,0.043458101165061346,0.043458101165061346,0.0,-0.23756601302735875,-0.28089373988892485,-0.2375660130273587,-5.551115123125783e-17,-2.336662156504054e-16,,r0018,1
20034,0,0.0,cloud_0,1,1.0,0.003,1,r0018,r0018,1,1,0,0,0.024839626141977208,0.024839626141977208,0.0,-0.21319588209413273,-0.237960989357684,-0.21319588209413273,0.0,0.0,,r0018,0
20034,0,0.0,edge_0,2,1.0,0.003,1,r0018,r0018,1,1,0,0,0.10950622766755551,0.10950622766755551,0.0,-0.23659850536148816,-0.345776214346041,-0.23659850536148816,0.0,0.0,,r0018,0
20034,0,0.0,edge_5,2,1.0,0.003,1,r0018,r0018,1,1,0,0,0.07296331934202861,0.07296331934202861,0.0,-0.2376811951857146,-0.3104256245697171,-0.2376811951857146,0.0,0.0,,r0018,0
20034,0,0.0,cloud_0,2,1.0,0.003,1,r0018,r0018,1,1,0,0,0.04639588901389666,0.04639588901389666,0.0,-0.21326055088274848,-0.2595172522296034,-0.21326055088274845,-2.7755575615628914e-17,-1.3014866322318113e-16,,r0018,0
20034,0,0.0,edge_5,4,1.0,0.003,1,r0018,r0018,1,1,0,0,0.13197375569596315,0.13197375569596315,0.0,-0.23791155950242632,-0.3694893939313016,-0.23791155950242635,2.7755575615628914e-17,1.166634175896184e-16,,r0018,0
20034,0,0.0,cloud_0,4,1.0,0.003,1,r0018,r0018,1,1,0,0,0.08950841475773555,0.08950841475773555,0.0,-0.21338988845998,-0.30262977797344237,-0.21338988845998003,2.7755575615628914e-17,1.300697789194182e-16,,r0018,0
20034,0,0.0,edge_5,8,1.0,0.003,1,r0018,r0018,1,1,0,0,0.24999462840383224,0.24999462840383224,0.0,-0.23837228813584974,-0.4876169326544705,-0.23837228813584974,0.0,0.0,,r0018,0
20034,0,0.0,cloud_0,8,1.0,0.003,1,r0018,r0018,1,1,0,0,0.17573346624541336,0.17573346624541336,0.0,-0.21364856361444304,-0.38885482946112016,-0.21364856361444304,0.0,0.0,,r0018,0
20034,1,2637.3129767136925,edge_0,1,1.0,0.003,2,r0010|r0015,r0010|r0015,1,1,0,0,0.12421070055168823,0.12421070055168823,0.0,5.113281634105623,4.9894435656555896,5.113281634105623,0.0,0.0,,r0010|r0015,0
20034,1,2637.3129767136925,edge_5,1,1.0,0.003,2,r0010|r0015,r0010|r0015,1,1,0,0,0.07774451211525457,0.07774451211525457,0.0,5.211997006860209,5.134485728281299,5.211997006860208,8.881784197001252e-16,1.7041038560288396e-16,,r0010|r0015,1
20034,1,2637.3129767136925,cloud_0,1,1.0,0.003,2,r0010|r0015,r0010|r0015,1,1,0,0,0.061579615856353326,0.061579615856353326,0.0,5.314406038620964,5.2530111616121795,5.314406038620964,0.0,0.0,,r0010|r0015,0
20034,1,2637.3129767136925,edge_0,2,1.0,0.003,2,r0010|r0015,r0010|r0015,1,1,0,0,0.23540359447993936,0.23540359447993936,0.0,5.075626369014661,4.840928985318162,5.075626369014661,0.0,0.0,,r0010|r0015,0
20034,1,2637.3129767136925,edge_5,2,1.0,0.003,2,r0010|r0015,r0010|r0015,1,1,0,0,0.13464867794193883,0.13464867794193883,0.0,5.13594002520729,5.001695293299177,5.135940025207289,8.881784197001252e-16,1.7293395470759565e-16,,r0010|r0015,0
20034,1,2637.3129767136925,cloud_0,2,1.0,0.003,2,r0010|r0015,r0010|r0015,1,1,0,0,0.1166616575911863,0.1166616575911863,0.0,5.27846932038708,5.162157647768667,5.27846932038708,0.0,0.0,,r0010|r0015,0
20034,1,2637.3129767136925,edge_5,4,1.0,0.003,2,r0010|r0015,r0010|r0015,1,1,0,0,0.24845700959530728,0.24845700959530728,0.0,5.0852683227786475,4.837556684212126,5.0852683227786475,0.0,0.0,,r0010|r0015,0
20034,1,2637.3129767136925,cloud_0,4,1.0,0.003,2,r0010|r0015,r0010|r0015,1,1,0,0,0.22682574106085218,0.22682574106085218,0.0,5.258284829020884,5.032139565183214,5.258284829020884,0.0,0.0,,r0010|r0015,0
20034,1,2637.3129767136925,edge_5,8,1.0,0.003,2,r0010|r0015,r0010|r0015,1,1,0,0,0.4760736729020442,0.4760736729020442,0.0,5.054462242083259,4.579816790199921,5.054462242083259,0.0,0.0,,r0010|r0015,0
20034,1,2637.3129767136925,cloud_0,8,1.0,0.003,2,r0010|r0015,r0010|r0015,1,1,0,0,0.4471539080001841,0.4471539080001841,0.0,5.2471404236994506,4.8013279774232664,5.24714042369945,8.881784197001252e-16,1.6926903951122443e-16,,r0010|r0015,0
20034,2,9525.931412061796,edge_0,1,1.0,0.003,1,r0021,r0021,1,1,0,0,0.013400127989110326,0.013400127989110326,0.0,-0.22021060293970116,-0.23357053054484414,-0.22021060293970116,0.0,0.0,,r0021,0
20034,2,9525.931412061796,edge_5,1,1.0,0.003,1,r0021,r0021,1,1,0,0,0.016078856023886676,0.016078856023886676,0.0,-0.22858565836442005,-0.24461627782023504,-0.22858565836442002,-2.7755575615628914e-17,-1.2142308408246639e-16,,r0021,1
20034,2,9525.931412061796,cloud_0,1,1.0,0.003,1,r0021,r0021,1,1,0,0,0.0056960129605094865,0.0056960129605094865,0.0,-0.08026614275528807,-0.08594506767691602,-0.08026614275528807,0.0,0.0,,r0021,0
20034,2,9525.931412061796,edge_0,2,1.0,0.003,1,r0021,r0021,1,1,0,0,0.020061934989959857,0.020061934989959857,0.0,-0.22113017786273262,-0.2411319270477226,-0.22113017786273262,0.0,0.0,,r0021,0
20034,2,9525.931412061796,edge_5,2,1.0,0.003,1,r0021,r0021,1,1,0,0,0.019940095614919377,0.019940095614919377,0.0,-0.22873119423671096,-0.24861146956478558,-0.22873119423671096,0.0,0.0,,r0021,0
20034,2,9525.931412061796,cloud_0,2,1.0,0.003,1,r0021,r0021,1,1,0,0,0.008517001950881998,0.008517001950881998,0.0,-0.08027460572225918,-0.08876605666728854,-0.08027460572225918,0.0,0.0,,r0021,0
20034,2,9525.931412061796,edge_5,4,1.0,0.003,1,r0021,r0021,1,1,0,0,0.027662574796984776,0.027662574796984776,0.0,-0.22902226598129288,-0.2566018530538867,-0.22902226598129288,0.0,0.0,,r0021,0
20034,2,9525.931412061796,cloud_0,4,1.0,0.003,1,r0021,r0021,1,1,0,0,0.014158979931627022,0.014158979931627022,0.0,-0.08029153165620143,-0.09440803464803357,-0.08029153165620143,0.0,0.0,,r0021,0
20034,2,9525.931412061796,edge_5,8,1.0,0.003,1,r0021,r0021,1,1,0,0,0.04310753316111557,0.04310753316111557,0.0,-0.22960440947045663,-0.27258262003208883,-0.2296044094704566,-2.7755575615628914e-17,-1.208843317932892e-16,,r0021,0
20034,2,9525.931412061796,cloud_0,8,1.0,0.003,1,r0021,r0021,1,1,0,0,0.02544293589311707,0.02544293589311707,0.0,-0.0803253835240859,-0.10569199060952361,-0.08032538352408589,-1.3877787807814457e-17,-1.7276964265789212e-16,,r0021,0
20034,3,14545.582960242406,edge_0,1,1.0,0.003,1,r0004,r0004,1,1,0,0,0.008800553732843488,0.008800553732843488,0.0,-0.2500035926353651,-0.25877774470701004,-0.2500035926353651,0.0,0.0,,r0004,0
20034,3,14545.582960242406,edge_5,1,1.0,0.003,1,r0004,r0004,1,1,0,0,0.009358804381968363,0.009358804381968363,0.0,-0.26590549425763793,-0.2752362222264604,-0.26590549425763793,0.0,0.0,,r0004,1
20034,3,14545.582960242406,cloud_0,1,1.0,0.003,1,r0004,r0004,1,1,0,0,0.004879800594684174,0.004879800594684174,0.0,0.016100829972752605,0.011235668779852472,0.016100829972752594,1.0408340855860843e-17,6.464474734206157e-16,,r0004,0
20034,3,14545.582960242406,edge_0,2,1.0,0.003,1,r0004,r0004,1,1,0,0,0.013175705262474639,0.013175705262474639,0.0,-0.2517401330759259,-0.2648763112226131,-0.2517401330759259,0.0,0.0,,r0004,0
20034,3,14545.582960242406,edge_5,2,1.0,0.003,1,r0004,r0004,1,1,0,0,0.011606264397202174,0.011606264397202174,0.0,-0.2661688594064634,-0.277740305010474,-0.2661688594064634,0.0,0.0,,r0004,0
20034,3,14545.582960242406,cloud_0,2,1.0,0.003,1,r0004,r0004,1,1,0,0,0.007296554883737969,0.007296554883737969,0.0,0.016093579709885432,0.008818914490798684,0.01609357970988544,-6.938893903907228e-18,-4.3115913482225657e-16,,r0004,0
20034,3,14545.582960242406,edge_5,4,1.0,0.003,1,r0004,r0004,1,1,0,0,0.01610118442766979,0.01610118442766979,0.0,-0.26669558970411433,-0.2827484705785011,-0.26669558970411433,0.0,0.0,,r0004,0
20034,3,14545.582960242406,cloud_0,4,1.0,0.003,1,r0004,r0004,1,1,0,0,0.012130063461845555,0.012130063461845555,0.0,0.016079079184151128,0.003985405912691108,0.016079079184151128,0.0,0.0,,r0004,0
20034,3,14545.582960242406,edge_5,8,1.0,0.003,1,r0004,r0004,1,1,0,0,0.02509102448860502,0.02509102448860502,0.0,-0.2677490502994161,-0.2927648017145553,-0.2677490502994161,0.0,0.0,,r0004,0
20034,3,14545.582960242406,cloud_0,8,1.0,0.003,1,r0004,r0004,1,1,0,0,0.021797080618060728,0.021797080618060728,0.0,0.016050078132682465,-0.005681611243524072,0.01605007813268247,-6.938893903907228e-18,-4.323277336437191e-16,,r0004,0
20034,4,23418.239660466825,edge_0,1,1.0,0.003,4,r0007|r0008|r0020|r0022,r0007|r0008|r0020|r0022,1,1,0,0,0.10792466091659918,0.10792466091659918,0.0,5.097787994964486,4.990187108030637,5.097787994964486,0.0,0.0,,r0007|r0008|r0020|r0022,0
20034,4,23418.239660466825,edge_5,1,1.0,0.003,4,r0007|r0008|r0020|r0022,r0007|r0008|r0020|r0022,1,1,0,0,0.06904221501177603,0.06904221501177603,0.0,5.224773545712514,5.155938457345774,5.224773545712514,0.0,0.0,,r0007|r0008|r0020|r0022,1
20034,4,23418.239660466825,cloud_0,1,1.0,0.003,4,r0007|r0008|r0020|r0022,r0007|r0008|r0020|r0022,1,1,0,0,0.054358141267142036,0.054358141267142036,0.0,5.548648917207308,5.494453850363968,5.548648917207308,0.0,0.0,,r0007|r0008|r0020|r0022,0
20034,4,23418.239660466825,edge_0,2,1.0,0.003,4,r0007|r0008|r0020|r0022,r0007|r0008|r0020|r0022,1,1,0,0,0.2073612967423603,0.2073612967423603,0.0,5.014099351351624,4.807360138499491,5.014099351351624,0.0,0.0,,r0007|r0008|r0020|r0022,0
20034,4,23418.239660466825,edge_5,2,1.0,0.003,4,r0007|r0008|r0020|r0022,r0007|r0008|r0020|r0022,1,1,0,0,0.12353358947286319,0.12353358947286319,0.0,5.105633159296678,4.982470170592234,5.105633159296678,0.0,0.0,,r0007|r0008|r0020|r0022,0
20034,4,23418.239660466825,cloud_0,2,1.0,0.003,4,r0007|r0008|r0020|r0022,r0007|r0008|r0020|r0022,1,1,0,0,0.10441129308014263,0.10441129308014263,0.0,5.4877516581091115,5.383653598908209,5.4877516581091115,0.0,0.0,,r0007|r0008|r0020|r0022,0
20034,4,23418.239660466825,edge_5,4,1.0,0.003,4,r0007|r0008|r0020|r0022,r0007|r0008|r0020|r0022,1,1,0,0,0.23251633839503755,0.23251633839503755,0.0,5.001620451733376,4.769801662353523,5.001620451733376,0.0,0.0,,r0007|r0008|r0020|r0022,0
20034,4,23418.239660466825,cloud_0,4,1.0,0.003,4,r0007|r0008|r0020|r0022,r0007|r0008|r0020|r0022,1,1,0,0,0.20451759670614383,0.20451759670614383,0.0,5.434372163341196,5.230468119425171,5.434372163341196,0.0,0.0,,r0007|r0008|r0020|r0022,0
20034,4,23418.239660466825,edge_5,8,1.0,0.003,4,r0007|r0008|r0020|r0022,r0007|r0008|r0020|r0022,1,1,0,0,0.45048183623938615,0.45048183623938615,0.0,4.883931302299027,4.434800911568359,4.883931302299026,8.881784197001252e-16,1.8185727126874827e-16,,r0007|r0008|r0020|r0022,0
20034,4,23418.239660466825,cloud_0,8,1.0,0.003,4,r0007|r0008|r0020|r0022,r0007|r0008|r0020|r0022,1,1,0,0,0.40473020395814624,0.40473020395814624,0.0,5.3662945619499505,4.962778548603678,5.36629456194995,8.881784197001252e-16,1.6551056030315784e-16,,r0007|r0008|r0020|r0022,0
20034,5,45093.54917026844,edge_0,1,1.0,0.003,3,r0005|r0013|r0023,r0005|r0013|r0023,1,1,0,0,0.347733731842964,0.347733731842964,0.0,5.374510446045218,5.0278199153977825,5.3745104460452175,8.881784197001252e-16,1.6525754831375996e-16,,r0005|r0013|r0023,0
20034,5,45093.54917026844,edge_5,1,1.0,0.003,3,r0005|r0013|r0023,r0005|r0013|r0023,1,1,0,0,0.2277894708456604,0.2277894708456604,0.0,5.466585060816006,5.239478958382882,5.466585060816005,8.881784197001252e-16,1.6247408753711872e-16,,r0005|r0013|r0023,1
20034,5,45093.54917026844,cloud_0,1,1.0,0.003,3,r0005|r0013|r0023,r0005|r0013|r0023,1,1,0,0,0.1607690595094973,0.1607690595094973,0.0,6.132222266214039,5.9719355138830705,6.13222226621404,-8.881784197001252e-16,-1.4483793658191648e-16,,r0005|r0013|r0023,0
20034,5,45093.54917026844,edge_0,2,1.0,0.003,3,r0005|r0013|r0023,r0005|r0013|r0023,1,1,0,0,0.6644306119411966,0.6644306119411966,0.0,5.307843750690652,4.645406430585279,5.307843750690652,0.0,0.0,,r0005|r0013|r0023,0
20034,5,45093.54917026844,edge_5,2,1.0,0.003,3,r0005|r0013|r0023,r0005|r0013|r0023,1,1,0,0,0.40213063925421527,0.40213063925421527,0.0,5.363074916619979,4.962150669283527,5.363074916619979,0.0,0.0,,r0005|r0013|r0023,0
20034,5,45093.54917026844,cloud_0,2,1.0,0.003,3,r0005|r0013|r0023,r0005|r0013|r0023,1,1,0,0,0.30708971295647175,0.30708971295647175,0.0,6.080734708742362,5.77456626492476,6.080734708742363,-8.881784197001252e-16,-1.4606432647409824e-16,,r0005|r0013|r0023,0
20034,5,45093.54917026844,edge_5,4,1.0,0.003,3,r0005|r0013|r0023,r0005|r0013|r0023,1,1,0,0,0.7508129760713249,0.7508129760713249,0.0,5.2820357450213296,4.533475207878218,5.282035745021329,8.881784197001252e-16,1.681507779528551e-16,,r0005|r0013|r0023,0
20034,5,45093.54917026844,cloud_0,4,1.0,0.003,3,r0005|r0013|r0023,r0005|r0013|r0023,1,1,0,0,0.5997310198504207,0.5997310198504207,0.0,6.041952080968161,5.444020254177293,6.041952080968162,-8.881784197001252e-16,-1.47001897366555e-16,,r0005|r0013|r0023,0
20034,5,45093.54917026844,edge_5,8,1.0,0.003,3,r0005|r0013|r0023,r0005|r0013|r0023,1,1,0,0,1.448177649705544,1.448177649705544,0.0,5.207557685933358,3.76372456917693,5.207557685933358,0.0,0.0,,r0005|r0013|r0023,0
20034,5,45093.54917026844,cloud_0,8,1.0,0.003,3,r0005|r0013|r0023,r0005|r0013|r0023,1,1,0,0,1.1850136336383184,1.1850136336383184,0.0,6.0006808203308655,4.819222227593462,6.0006808203308655,0.0,0.0,,r0005|r0013|r0023,0
20035,0,0.0,edge_3,1,1.0,0.003,1,r0021,r0021,1,1,0,0,0.00916680723713965,0.00916680723713965,0.0,-0.2461806453973756,-0.25531995221280385,-0.2461806453973756,0.0,0.0,,r0021,0
20035,0,0.0,cloud_0,1,1.0,0.003,1,r0021,r0021,1,1,0,0,0.011141981795578931,0.011141981795578931,0.0,-0.10345172464504218,-0.11456028049523437,-0.10345172464504217,-1.3877787807814457e-17,-1.3414747656871988e-16,,r0021,1
20035,0,0.0,edge_3,2,1.0,0.003,1,r0021,r0021,1,1,0,0,0.013130666637550546,0.013130666637550546,0.0,-0.24651198752378348,-0.2596032621614214,-0.24651198752378348,0.0,0.0,,r0021,0
20035,0,0.0,cloud_0,2,1.0,0.003,1,r0021,r0021,1,1,0,0,0.014607569869087962,0.014607569869087962,0.0,-0.1034621214092627,-0.1180258685687434,-0.10346212140926271,1.3877787807814457e-17,1.3413399627597442e-16,,r0021,0
20035,0,0.0,edge_3,4,1.0,0.003,1,r0021,r0021,1,1,0,0,0.021058385438372337,0.021058385438372337,0.0,-0.2471746717765992,-0.26816988205865644,-0.24717467177659921,2.7755575615628914e-17,1.1229134205431408e-16,,r0021,0
20035,0,0.0,cloud_0,4,1.0,0.003,1,r0021,r0021,1,1,0,0,0.021538746016106027,0.021538746016106027,0.0,-0.10348291493770376,-0.12495704471576147,-0.10348291493770376,0.0,0.0,,r0021,0
20035,0,0.0,edge_3,8,1.0,0.003,1,r0021,r0021,1,1,0,0,0.03691382304001592,0.03691382304001592,0.0,-0.2485000402822306,-0.28530312185312645,-0.24850004028223058,-2.7755575615628914e-17,-1.1169243910023472e-16,,r0021,0
20035,0,0.0,cloud_0,8,1.0,0.003,1,r0021,r0021,1,1,0,0,0.03540109831014216,0.03540109831014216,0.0,-0.10352450199458588,-0.13881939700979762,-0.10352450199458588,0.0,0.0,,r0021,0
20035,1,2627.419548392394,edge_3,1,1.0,0.003,1,r0008,r0008,1,1,0,0,0.012340106853838934,0.012340106853838934,0.0,-1.141458258065137,-1.1537613445984143,-1.141458258065137,0.0,0.0,,r0008,0
20035,1,2627.419548392394,cloud_0,1,1.0,0.003,1,r0008,r0008,1,1,0,0,0.012474199018533177,0.012474199018533177,0.0,-0.4133678249258077,-0.42580460134728526,-0.4133678249258077,0.0,0.0,,r0008,1
20035,1,2627.419548392394,edge_3,2,1.0,0.003,1,r0008,r0008,1,1,0,0,0.02187652563864559,0.02187652563864559,0.0,-1.1434156849603891,-1.1652265810221187,-1.1434156849603891,0.0,0.0,,r0008,0
20035,1,2627.419548392394,cloud_0,2,1.0,0.003,1,r0008,r0008,1,1,0,0,0.02081185579848545,0.02081185579848545,0.0,-0.41339283789614756,-0.4341422581272375,-0.4133928378961475,-5.551115123125783e-17,-1.3428184076378053e-16,,r0008,0
20035,1,2627.419548392394,edge_3,4,1.0,0.003,1,r0008,r0008,1,1,0,0,0.04094936320825889,0.04094936320825889,0.0,-1.147330538750894,-1.188157053869528,-1.1473305387508939,-2.220446049250313e-16,-1.935315041529119e-16,,r0008,0
20035,1,2627.419548392394,cloud_0,4,1.0,0.003,1,r0008,r0008,1,1,0,0,0.03748716935839,0.03748716935839,0.0,-0.41344286383682727,-0.4508175716871421,-0.41344286383682727,0.0,0.0,,r0008,0
20035,1,2627.419548392394,edge_3,8,1.0,0.003,1,r0008,r0008,1,1,0,0,0.07909503834748552,0.07909503834748552,0.0,-1.1551602463319035,-1.2340179995643465,-1.1551602463319035,0.0,0.0,,r0008,0
20035,1,2627.419548392394,cloud_0,8,1.0,0.003,1,r0008,r0008,1,1,0,0,0.07083779647819907,0.07083779647819907,0.0,-0.4135429157181867,-0.48416819880695117,-0.4135429157181867,0.0,0.0,,r0008,0
20035,2,14179.670454940875,edge_3,1,1.0,0.003,3,r0001|r0002|r0013,r0001|r0002|r0013,1,1,0,0,0.015601418300432138,0.015601418300432138,0.0,7.217585106762675,7.202030492717144,7.217585106762675,0.0,0.0,,r0001|r0002|r0013,0
20035,2,14179.670454940875,cloud_0,1,1.0,0.003,3,r0001|r0002|r0013,r0001|r0002|r0013,1,1,0,0,0.01827470324554534,0.01827470324554534,0.0,7.545741339354188,7.527521460218378,7.545741339354187,8.881784197001252e-16,1.177059191080278e-16,,r0001|r0002|r0013,1
20035,2,14179.670454940875,edge_3,2,1.0,0.003,3,r0001|r0002|r0013,r0001|r0002|r0013,1,1,0,0,0.02403032446668582,0.02403032446668582,0.0,7.088277639283345,7.064319405790059,7.088277639283344,8.881784197001252e-16,1.2530243098518412e-16,,r0001|r0002|r0013,0
20035,2,14179.670454940875,cloud_0,2,1.0,0.003,3,r0001|r0002|r0013,r0001|r0002|r0013,1,1,0,0,0.025776687903238716,0.025776687903238716,0.0,7.423389814689013,7.397690456849484,7.423389814689013,0.0,0.0,,r0001|r0002|r0013,0
20035,2,14179.670454940875,edge_3,4,1.0,0.003,3,r0001|r0002|r0013,r0001|r0002|r0013,1,1,0,0,0.04088813679919318,0.04088813679919318,0.0,6.969641662435651,6.928876190046856,6.969641662435652,-8.881784197001252e-16,-1.2743530624926521e-16,,r0001|r0002|r0013,0
20035,2,14179.670454940875,cloud_0,4,1.0,0.003,3,r0001|r0002|r0013,r0001|r0002|r0013,1,1,0,0,0.04078065721862548,0.04078065721862548,0.0,7.292831803416308,7.252173488169339,7.292831803416308,0.0,0.0,,r0001|r0002|r0013,0
20035,2,14179.670454940875,edge_3,8,1.0,0.003,3,r0001|r0002|r0013,r0001|r0002|r0013,1,1,0,0,0.07460376146420793,0.07460376146420793,0.0,6.871413570425131,6.797033620245315,6.871413570425131,0.0,0.0,,r0001|r0002|r0013,0
20035,2,14179.670454940875,cloud_0,8,1.0,0.003,3,r0001|r0002|r0013,r0001|r0002|r0013,1,1,0,0,0.07078859584939899,0.07078859584939899,0.0,7.175417755872003,7.104841525810152,7.175417755872003,0.0,0.0,,r0001|r0002|r0013,0
20035,3,18294.261479123386,edge_3,1,1.0,0.003,2,r0005|r0011,r0005|r0011,1,1,0,0,0.008656726824744559,0.008656726824744559,0.0,6.100743774744278,6.092113018100008,6.100743774744278,0.0,0.0,,r0005|r0011,0
20035,3,18294.261479123386,cloud_0,1,1.0,0.003,2,r0005|r0011,r0005|r0011,1,1,0,0,0.01054354467228254,0.01054354467228254,0.0,6.184821322266743,6.174309408228478,6.184821322266743,0.0,0.0,,r0005|r0011,1
20035,3,18294.261479123386,edge_3,2,1.0,0.003,2,r0005|r0011,r0005|r0011,1,1,0,0,0.012949575786593217,0.012949575786593217,0.0,6.00089726527841,5.987986538219176,6.000897265278409,8.881784197001252e-16,1.4800760293617833e-16,,r0005|r0011,0
20035,3,18294.261479123386,cloud_0,2,1.0,0.003,2,r0005|r0011,r0005|r0011,1,1,0,0,0.01442635436385083,0.01442635436385083,0.0,6.089604022717634,6.075220947416875,6.089604022717634,0.0,0.0,,r0005|r0011,0
20035,3,18294.261479123386,edge_3,4,1.0,0.003,2,r0005|r0011,r0005|r0011,1,1,0,0,0.021535273710290535,0.021535273710290535,0.0,5.913917820788916,5.892447152899756,5.913917820788916,0.0,0.0,,r0005|r0011,0
20035,3,18294.261479123386,cloud_0,4,1.0,0.003,2,r0005|r0011,r0005|r0011,1,1,0,0,0.02219197374698741,0.02219197374698741,0.0,5.991081061039401,5.968955663213655,5.991081061039401,0.0,0.0,,r0005|r0011,0
20035,3,18294.261479123386,edge_3,8,1.0,0.003,2,r0005|r0011,r0005|r0011,1,1,0,0,0.038706669557685175,0.038706669557685175,0.0,5.851919549793167,5.813329000244155,5.851919549793167,0.0,0.0,,r0005|r0011,0
20035,3,18294.261479123386,cloud_0,8,1.0,0.003,2,r0005|r0011,r0005|r0011,1,1,0,0,0.037723212513260565,0.037723212513260565,0.0,5.9097465522795805,5.87213650940386,5.9097465522795805,0.0,0.0,,r0005|r0011,0
20035,4,19303.93224325157,edge_3,1,1.0,0.003,3,r0009|r0010|r0018,r0009|r0010|r0018,1,1,0,0,0.05710675384771315,0.05710675384771315,0.0,5.288591011401787,5.231655577815617,5.2885910114017864,8.881784197001252e-16,1.6794235322513733e-16,,r0009|r0010|r0018,0
20035,4,19303.93224325157,cloud_0,1,1.0,0.003,3,r0009|r0010|r0018,r0009|r0010|r0018,1,1,0,0,0.057112233881423065,0.057112233881423065,0.0,5.71612201551274,5.6591811183329614,5.71612201551274,0.0,0.0,,r0009|r0010|r0018,1
20035,4,19303.93224325157,edge_3,2,1.0,0.003,3,r0009|r0010|r0018,r0009|r0010|r0018,1,1,0,0,0.10507160981215617,0.10507160981215617,0.0,5.211792706426677,5.107036311443958,5.211792706426677,0.0,0.0,,r0009|r0010|r0018,0
20035,4,19303.93224325157,cloud_0,2,1.0,0.003,3,r0009|r0010|r0018,r0009|r0010|r0018,1,1,0,0,0.1003255766018014,0.1003255766018014,0.0,5.616500903561204,5.516476303689208,5.616500903561204,0.0,0.0,,r0009|r0010|r0018,0
20035,4,19303.93224325157,edge_3,4,1.0,0.003,3,r0009|r0010|r0018,r0009|r0010|r0018,1,1,0,0,0.20100132174104215,0.20100132174104215,0.0,5.158302681580737,4.957904363804918,5.158302681580737,0.0,0.0,,r0009|r0010|r0018,0
20035,4,19303.93224325157,cloud_0,4,1.0,0.003,3,r0009|r0010|r0018,r0009|r0010|r0018,1,1,0,0,0.18675226204255804,0.18675226204255804,0.0,5.545499448156505,5.359307442900075,5.545499448156505,0.0,0.0,,r0009|r0010|r0018,0
20035,4,19303.93224325157,edge_3,8,1.0,0.003,3,r0009|r0010|r0018,r0009|r0010|r0018,1,1,0,0,0.3928607455988142,0.3928607455988142,0.0,5.113795625531398,4.72211346216938,5.113795625531398,0.0,0.0,,r0009|r0010|r0018,0
20035,4,19303.93224325157,cloud_0,8,1.0,0.003,3,r0009|r0010|r0018,r0009|r0010|r0018,1,1,0,0,0.35960563292407133,0.35960563292407133,0.0,5.493826894759093,5.135300078733794,5.493826894759093,0.0,0.0,,r0009|r0010|r0018,0
20035,5,30720.30602036426,edge_3,1,1.0,0.003,2,r0007|r0012,r0007|r0012,1,1,0,0,0.03070045283342194,0.03070045283342194,0.0,4.670404502541264,4.639796151066343,4.670404502541265,-8.881784197001252e-16,-1.9017162629422115e-16,,r0007|r0012,0
20035,5,30720.30602036426,cloud_0,1,1.0,0.003,2,r0007|r0012,r0007|r0012,1,1,0,0,0.030263778812362845,0.030263778812362845,0.0,5.2748041986820695,5.244631211206144,5.2748041986820695,0.0,0.0,,r0007|r0012,1
20035,5,30720.30602036426,edge_3,2,1.0,0.003,2,r0007|r0012,r0007|r0012,1,1,0,0,0.055707175253472255,0.055707175253472255,0.0,4.607466773875769,4.5519267201480575,4.607466773875769,0.0,0.0,,r0007|r0012,0
20035,5,30720.30602036426,cloud_0,2,1.0,0.003,2,r0007|r0012,r0007|r0012,1,1,0,0,0.05212706663924535,0.05212706663924535,0.0,5.194240069889223,5.142269384449895,5.194240069889222,8.881784197001252e-16,1.7099294752448115e-16,,r0007|r0012,0
20035,5,30720.30602036426,edge_3,4,1.0,0.003,2,r0007|r0012,r0007|r0012,1,1,0,0,0.10572062009357289,0.10572062009357289,0.0,4.562198939180215,4.456795480946922,4.562198939180214,8.881784197001252e-16,1.946820889532982e-16,,r0007|r0012,0
20035,5,30720.30602036426,cloud_0,4,1.0,0.003,2,r0007|r0012,r0007|r0012,1,1,0,0,0.09585364229301038,0.09585364229301038,0.0,5.13637358537097,5.040807504004839,5.13637358537097,0.0,0.0,,r0007|r0012,0
20035,5,30720.30602036426,edge_3,8,1.0,0.003,2,r0007|r0012,r0007|r0012,1,1,0,0,0.20574750977377418,0.20574750977377418,0.0,4.521967647779802,4.316837380535349,4.521967647779801,8.881784197001252e-16,1.9641414730956855e-16,,r0007|r0012,0
20035,5,30720.30602036426,cloud_0,8,1.0,0.003,2,r0007|r0012,r0007|r0012,1,1,0,0,0.1833067936005404,0.1833067936005404,0.0,5.093376244617104,4.910619371397365,5.093376244617104,0.0,0.0,,r0007|r0012,0
20036,0,0.0,edge_4,1,1.0,0.003,1,r0023,r0023,1,1,0,0,0.0024559939675360028,0.0024559939675360028,0.0,-0.06502682329266644,-0.06747544927829983,-0.06502682329266644,0.0,0.0,,r0023,0
20036,0,0.0,cloud_0,1,1.0,0.003,1,r0023,r0023,1,1,0,0,0.0037030576571761634,0.0037030576571761634,0.0,-0.037612738918184285,-0.04130468740238892,-0.037612738918184285,0.0,0.0,,r0023,1
20036,0,0.0,edge_4,2,1.0,0.003,1,r0023,r0023,1,1,0,0,0.0028066015162220848,0.0028066015162220848,0.0,-0.06513650945473194,-0.06793469116640535,-0.06513650945473193,-1.3877787807814457e-17,-2.1305697716975658e-16,,r0023,0
20036,0,0.0,cloud_0,2,1.0,0.003,1,r0023,r0023,1,1,0,0,0.003943950712833709,0.003943950712833709,0.0,-0.03761346159735126,-0.04154558045804647,-0.03761346159735126,0.0,0.0,,r0023,0
20036,0,0.0,edge_4,4,1.0,0.003,1,r0023,r0023,1,1,0,0,0.003507816613594248,0.003507816613594248,0.0,-0.06535588177886294,-0.0688531749426164,-0.06535588177886294,0.0,0.0,,r0023,0
20036,0,0.0,cloud_0,4,1.0,0.003,1,r0023,r0023,1,1,0,0,0.0044257368241488,0.0044257368241488,0.0,-0.0376149069556852,-0.042027366569361554,-0.0376149069556852,0.0,0.0,,r0023,0
20036,0,0.0,cloud_0,8,1.0,0.003,1,r0023,r0023,1,1,0,0,0.005389309046778982,0.005389309046778982,0.0,-0.03761779767235309,-0.042990938791991735,-0.03761779767235309,0.0,0.0,,r0023,0
20036,1,2799.5093322054577,edge_4,1,1.0,0.003,1,r0007,r0007,1,1,0,0,0.0076522076570369885,0.0076522076570369885,0.0,-0.28046779777869163,-0.2880970488127575,-0.28046779777869163,0.0,0.0,,r0007,0
20036,1,2799.5093322054577,cloud_0,1,1.0,0.003,1,r0007,r0007,1,1,0,0,0.008974835177509308,0.008974835177509308,0.0,-0.10210715947739885,-0.11105507014937561,-0.10210715947739883,-1.3877787807814457e-17,-1.3591395430881876e-16,,r0007,1
20036,1,2799.5093322054577,edge_4,2,1.0,0.003,1,r0007,r0007,1,1,0,0,0.011421640450173463,0.011421640450173463,0.0,-0.2813339692910696,-0.29272134481989254,-0.2813339692910696,0.0,0.0,,r0007,0
20036,1,2799.5093322054577,cloud_0,2,1.0,0.003,1,r0007,r0007,1,1,0,0,0.01156471148518519,0.01156471148518519,0.0,-0.10211492910632186,-0.1136449464570515,-0.10211492910632188,1.3877787807814457e-17,1.3590361301005194e-16,,r0007,0
20036,1,2799.5093322054577,edge_4,4,1.0,0.003,1,r0007,r0007,1,1,0,0,0.018960506036446403,0.018960506036446403,0.0,-0.2830663123158255,-0.30196993683416257,-0.2830663123158255,0.0,0.0,,r0007,0
20036,1,2799.5093322054577,cloud_0,4,1.0,0.003,1,r0007,r0007,1,1,0,0,0.016744464100536954,0.016744464100536954,0.0,-0.10213046836416792,-0.11882469907240326,-0.10213046836416792,0.0,0.0,,r0007,0
20036,1,2799.5093322054577,cloud_0,8,1.0,0.003,1,r0007,r0007,1,1,0,0,0.027103969331240485,0.027103969331240485,0.0,-0.10216154687986002,-0.1291842043031068,-0.10216154687986002,0.0,0.0,,r0007,0
20036,2,5770.48092282037,edge_4,1,1.0,0.003,2,r0018|r0021,r0018|r0021,1,1,0,0,0.02074706468448164,0.02074706468448164,0.0,4.97276079787903,4.952075974388601,4.972760797879029,8.881784197001252e-16,1.7860871572164682e-16,,r0018|r0021,0
20036,2,5770.48092282037,cloud_0,1,1.0,0.003,2,r0018|r0021,r0018|r0021,1,1,0,0,0.01726575177142274,0.01726575177142274,0.0,5.476813657743067,5.459599703226958,5.476813657743067,0.0,0.0,,r0018|r0021,1
20036,2,5770.48092282037,edge_4,2,1.0,0.003,2,r0018|r0021,r0018|r0021,1,1,0,0,0.038349018381438796,0.038349018381438796,0.0,4.9039778466846595,4.8657438753583655,4.90397784668466,-8.881784197001252e-16,-1.81113872751399e-16,,r0018|r0021,0
20036,2,5770.48092282037,cloud_0,2,1.0,0.003,2,r0018|r0021,r0018|r0021,1,1,0,0,0.029359582687194366,0.029359582687194366,0.0,5.383746838235814,5.35447533429668,5.383746838235813,8.881784197001252e-16,1.649740313553024e-16,,r0018|r0021,0
20036,2,5770.48092282037,edge_4,4,1.0,0.003,2,r0018|r0021,r0018|r0021,1,1,0,0,0.0735529257753531,0.0735529257753531,0.0,4.835831686725195,4.762499419727169,4.835831686725196,-8.881784197001252e-16,-1.836661152079087e-16,,r0018|r0021,0
20036,2,5770.48092282037,cloud_0,4,1.0,0.003,2,r0018|r0021,r0018|r0021,1,1,0,0,0.0535472445187376,0.0535472445187376,0.0,5.304624986615746,5.2512383838305645,5.304624986615746,0.0,0.0,,r0018|r0021,0
20036,2,5770.48092282037,cloud_0,8,1.0,0.003,2,r0018|r0021,r0018|r0021,1,1,0,0,0.10192256818182407,0.10192256818182407,0.0,5.224070407450389,5.122453606973112,5.22407040745039,-8.881784197001252e-16,-1.7001654848170415e-16,,r0018|r0021,0
20036,3,16669.11001825113,edge_4,1,1.0,0.003,2,r0000|r0019,r0000|r0019,1,1,0,0,0.007026621530099139,0.007026621530099139,0.0,6.208019681439849,6.20101413977434,6.20801968143985,-8.881784197001252e-16,-1.4306952382182632e-16,,r0000|r0019,0
20036,3,16669.11001825113,cloud_0,1,1.0,0.003,2,r0000|r0019,r0000|r0019,1,1,0,0,0.007649945774922448,0.007649945774922448,0.0,6.606783872093056,6.599156876155458,6.606783872093056,0.0,0.0,,r0000|r0019,1
20036,3,16669.11001825113,edge_4,2,1.0,0.003,2,r0000|r0019,r0000|r0019,1,1,0,0,0.010935205272215368,0.010935205272215368,0.0,6.107711641912553,6.096809242256154,6.107711641912553,0.0,0.0,,r0000|r0019,0
20036,3,16669.11001825113,cloud_0,2,1.0,0.003,2,r0000|r0019,r0000|r0019,1,1,0,0,0.010279423031712944,0.010279423031712944,0.0,6.513114573098331,6.502865988335714,6.513114573098331,0.0,0.0,,r0000|r0019,0
20036,3,16669.11001825113,edge_4,4,1.0,0.003,2,r0000|r0019,r0000|r0019,1,1,0,0,0.018752372756447824,0.018752372756447824,0.0,6.023440978563126,6.004744862924948,6.023440978563126,0.0,0.0,,r0000|r0019,0
20036,3,16669.11001825113,cloud_0,4,1.0,0.003,2,r0000|r0019,r0000|r0019,1,1,0,0,0.01553837754529393,0.01553837754529393,0.0,6.411895936302549,6.396404173889891,6.41189593630255,-8.881784197001252e-16,-1.3852040465464846e-16,,r0000|r0019,0
20036,3,16669.11001825113,cloud_0,8,1.0,0.003,2,r0000|r0019,r0000|r0019,1,1,0,0,0.026056286572455904,0.026056286572455904,0.0,6.323524974956371,6.297546857243632,6.323524974956371,0.0,0.0,,r0000|r0019,0
20036,4,19485.37877442926,edge_4,1,1.0,0.003,3,r0002|r0003|r0008,r0002|r0003|r0008,1,1,0,0,0.05213580050686314,0.05213580050686314,0.0,5.200572081424495,5.148592688319153,5.200572081424495,0.0,0.0,,r0002|r0003|r0008,0
20036,4,19485.37877442926,cloud_0,1,1.0,0.003,3,r0002|r0003|r0008,r0002|r0003|r0008,1,1,0,0,0.041769394341891496,0.041769394341891496,0.0,5.911714928813985,5.870070842655119,5.911714928813985,0.0,0.0,,r0002|r0003|r0008,1
20036,4,19485.37877442926,edge_4,2,1.0,0.003,3,r0002|r0003|r0008,r0002|r0003|r0008,1,1,0,0,0.09748818677424957,0.09748818677424957,0.0,5.126264043658179,5.029068321444253,5.12626404365818,-8.881784197001252e-16,-1.732603728828427e-16,,r0002|r0003|r0008,0
20036,4,19485.37877442926,cloud_0,2,1.0,0.003,3,r0002|r0003|r0008,r0002|r0003|r0008,1,1,0,0,0.07252782658231688,0.07252782658231688,0.0,5.8043668233629955,5.732056580260425,5.804366823362995,8.881784197001252e-16,1.530190021976459e-16,,r0002|r0003|r0008,0
20036,4,19485.37877442926,edge_4,4,1.0,0.003,3,r0002|r0003|r0008,r0002|r0003|r0008,1,1,0,0,0.1881929593090225,0.1881929593090225,0.0,5.0638603277784755,4.87623194734738,5.0638603277784755,0.0,0.0,,r0002|r0003|r0008,0
20036,4,19485.37877442926,cloud_0,4,1.0,0.003,3,r0002|r0003|r0008,r0002|r0003|r0008,1,1,0,0,0.13404469106316766,0.13404469106316766,0.0,5.722568522754348,5.58892596576437,5.722568522754348,0.0,0.0,,r0002|r0003|r0008,0
20036,4,19485.37877442926,cloud_0,8,1.0,0.003,3,r0002|r0003|r0008,r0002|r0003|r0008,1,1,0,0,0.2570784200248692,0.2570784200248692,0.0,5.655454024055359,5.399146839290564,5.655454024055358,8.881784197001252e-16,1.5704811955366913e-16,,r0002|r0003|r0008,0
20036,5,33631.37881811497,edge_4,1,1.0,0.003,3,r0005|r0010|r0015,r0005|r0010|r0015,1,1,0,0,0.06003164344791059,0.06003164344791059,0.0,5.178674058830114,5.1188225103125475,5.178674058830114,0.0,0.0,,r0005|r0010|r0015,0
20036,5,33631.37881811497,cloud_0,1,1.0,0.003,2,r0005|r0015,r0005|r0015,1,1,0,0,0.0239864726354029,0.0239864726354029,0.0,6.009774289716038,5.985859776498541,6.009774289716037,8.881784197001252e-16,1.4778898123012398e-16,,r0005|r0015,1
20036,5,33631.37881811497,edge_4,2,1.0,0.003,3,r0005|r0010|r0015,r0005|r0010|r0015,1,1,0,0,0.11461567633757962,0.11461567633757962,0.0,5.11565543697545,5.001383607666883,5.11565543697545,0.0,0.0,,r0005|r0010|r0015,0
20036,5,33631.37881811497,cloud_0,2,1.0,0.003,2,r0005|r0015,r0005|r0015,1,1,0,0,0.03769376294522767,0.03769376294522767,0.0,5.9131992256062205,5.8756185439498285,5.9131992256062205,0.0,0.0,,r0005|r0015,0
20036,5,33631.37881811497,edge_4,4,1.0,0.003,3,r0005|r0010|r0015,r0005|r0010|r0015,1,1,0,0,0.22378374211691757,0.22378374211691757,0.0,5.05433192198017,4.8312195310896024,5.054331921980169,8.881784197001252e-16,1.757261757657098e-16,,r0005|r0010|r0015,0
20036,5,33631.37881811497,cloud_0,4,1.0,0.003,2,r0005|r0015,r0005|r0015,1,1,0,0,0.06510834356487721,0.06510834356487721,0.0,5.836628877408264,5.7717158588740824,5.836628877408265,-8.881784197001252e-16,-1.521731873578568e-16,,r0005|r0015,0
20036,5,33631.37881811497,cloud_0,8,1.0,0.003,2,r0005|r0015,r0005|r0015,1,1,0,0,0.11993750480417634,0.11993750480417634,0.0,5.785832768247834,5.6662550759580705,5.785832768247834,0.0,0.0,,r0005|r0015,0
20036,6,44427.45127743092,edge_4,1,1.0,0.003,1,r0010,r0010,1,1,0,0,0.16345598117070964,0.16345598117070964,0.0,1.6345132030628577,1.4715475898356603,1.6345132030628577,0.0,0.0,,r0010,0
20036,6,44427.45127743092,cloud_0,1,1.0,0.003,1,r0010,r0010,1,1,0,0,0.13318289432127126,0.13318289432127126,0.0,1.8642134444398295,1.731430098801522,1.8642134444398295,0.0,0.0,,r0010,1
20036,6,44427.45127743092,edge_4,2,1.0,0.003,1,r0010,r0010,1,1,0,0,0.30510543566205384,0.30510543566205384,0.0,1.6095013884164782,1.3053112690614106,1.6095013884164784,-2.220446049250313e-16,-1.3795862900341563e-16,,r0010,0
20036,6,44427.45127743092,cloud_0,2,1.0,0.003,1,r0010,r0010,1,1,0,0,0.2305064404129613,0.2305064404129613,0.0,1.8479211314775992,1.6181062103858768,1.8479211314775992,0.0,0.0,,r0010,0
20036,6,44427.45127743092,edge_4,4,1.0,0.003,1,r0010,r0010,1,1,0,0,0.5884043446447423,0.5884043446447423,0.0,1.5594777591237188,0.9728386275129107,1.5594777591237188,0.0,0.0,,r0010,0
20036,6,44427.45127743092,cloud_0,4,1.0,0.003,1,r0010,r0010,1,1,0,0,0.4251535325963415,0.4251535325963415,0.0,1.8153365055531385,1.3914584335545859,1.8153365055531383,2.220446049250313e-16,1.2231594761951511e-16,,r0010,0
20036,6,44427.45127743092,cloud_0,8,1.0,0.003,1,r0010,r0010,1,1,0,0,0.8144477169631019,0.8144477169631019,0.0,1.7501672537042172,0.9381628798920044,1.750167253704217,2.220446049250313e-16,1.2687050592169144e-16,,r0010,0
20037,0,0.0,edge_4,1,1.0,0.003,1,r0007,r0007,1,1,0,0,0.029547829950424553,0.029547829950424553,0.0,-0.3560826381418836,-0.3855418246024569,-0.3560826381418836,0.0,0.0,,r0007,0
20037,0,0.0,cloud_0,1,1.0,0.003,1,r0007,r0007,1,1,0,0,0.008790114548361132,0.008790114548361132,0.0,-0.12656933182919405,-0.1353330760339101,-0.12656933182919405,0.0,0.0,,r0007,1
20037,0,0.0,edge_4,2,1.0,0.003,1,r0007,r0007,1,1,0,0,0.03843506391784619,0.03843506391784619,0.0,-0.35889340302326356,-0.39721316174935617,-0.3588934030232635,-5.551115123125783e-17,-1.5467308889949024e-16,,r0007,0
20037,0,0.0,cloud_0,2,1.0,0.003,1,r0007,r0007,1,1,0,0,0.012791561586025686,0.012791561586025686,0.0,-0.12658133617030703,-0.13933452307157465,-0.12658133617030703,0.0,0.0,,r0007,0
20037,0,0.0,edge_4,4,1.0,0.003,1,r0007,r0007,1,1,0,0,0.056209531852689495,0.056209531852689495,0.0,-0.3645149327860234,-0.4205558360431549,-0.3645149327860234,0.0,0.0,,r0007,0
20037,0,0.0,cloud_0,4,1.0,0.003,1,r0007,r0007,1,1,0,0,0.0207944556613548,0.0207944556613548,0.0,-0.12660534485253305,-0.1473374171469038,-0.12660534485253305,0.0,0.0,,r0007,0
20037,0,0.0,edge_4,8,1.0,0.003,1,r0007,r0007,1,1,0,0,0.09175846772237607,0.09175846772237607,0.0,-0.3757579923115432,-0.46724118463075215,-0.3757579923115432,0.0,0.0,,r0007,0
20037,0,0.0,cloud_0,8,1.0,0.003,1,r0007,r0007,1,1,0,0,0.03680024381201303,0.03680024381201303,0.0,-0.126653362216985,-0.163343205297562,-0.126653362216985,0.0,0.0,,r0007,0
20037,1,3978.5440052053495,edge_4,1,1.0,0.003,5,r0002|r0004|r0009|r0015|r0023,r0002|r0004|r0009|r0015|r0023,1,1,0,0,0.09709964105872039,0.09709964105872039,0.0,6.830724537508039,6.733916195372495,6.830724537508039,0.0,0.0,,r0002|r0004|r0009|r0015|r0023,0
20037,1,3978.5440052053495,cloud_0,1,1.0,0.003,5,r0002|r0004|r0009|r0015|r0023,r0002|r0004|r0009|r0015|r0023,1,1,0,0,0.040557145822356186,0.040557145822356186,0.0,6.903813911950107,6.863378437565218,6.903813911950107,0.0,0.0,,r0002|r0004|r0009|r0015|r0023,1
20037,1,3978.5440052053495,edge_4,2,1.0,0.003,5,r0002|r0004|r0009|r0015|r0023,r0002|r0004|r0009|r0015|r0023,1,1,0,0,0.17972747224768426,0.17972747224768426,0.0,6.700330576638933,6.521142286807992,6.700330576638933,0.0,0.0,,r0002|r0004|r0009|r0015|r0023,0
20037,1,3978.5440052053495,cloud_0,2,1.0,0.003,5,r0002|r0004|r0009|r0015|r0023,r0002|r0004|r0009|r0015|r0023,1,1,0,0,0.0777600473721225,0.0777600473721225,0.0,6.830421574489263,6.752894807259256,6.830421574489263,0.0,0.0,,r0002|r0004|r0009|r0015|r0023,0
20037,1,3978.5440052053495,edge_4,4,1.0,0.003,5,r0002|r0004|r0009|r0015|r0023,r0002|r0004|r0009|r0015|r0023,1,1,0,0,0.34498313462561214,0.34498313462561214,0.0,6.539805332310725,6.19585714708899,6.539805332310725,0.0,0.0,,r0002|r0004|r0009|r0015|r0023,0
20037,1,3978.5440052053495,cloud_0,4,1.0,0.003,5,r0002|r0004|r0009|r0015|r0023,r0002|r0004|r0009|r0015|r0023,1,1,0,0,0.15216585047165515,0.15216585047165515,0.0,6.762319510997316,6.610610158077076,6.762319510997316,0.0,0.0,,r0002|r0004|r0009|r0015|r0023,0
20037,1,3978.5440052053495,edge_4,8,1.0,0.003,5,r0002|r0004|r0009|r0015|r0023,r0002|r0004|r0009|r0015|r0023,1,1,0,0,0.6754944593814676,0.6754944593814676,0.0,6.242561748468831,5.569093772465508,6.242561748468831,0.0,0.0,,r0002|r0004|r0009|r0015|r0023,0
20037,1,3978.5440052053495,cloud_0,8,1.0,0.003,5,r0002|r0004|r0009|r0015|r0023,r0002|r0004|r0009|r0015|r0023,1,1,0,0,0.30097745667072034,0.30097745667072034,0.0,6.671478918590273,6.371404394289565,6.671478918590273,0.0,0.0,,r0002|r0004|r0009|r0015|r0023,0
20037,2,8988.41478388736,edge_4,1,1.0,0.003,2,r0011|r0019,r0011|r0019,1,1,0,0,0.03149590479031852,0.03149590479031852,0.0,5.403901097203158,5.37249968012721,5.403901097203158,0.0,0.0,,r0011|r0019,0
20037,2,8988.41478388736,cloud_0,1,1.0,0.003,2,r0011|r0019,r0011|r0019,1,1,0,0,0.011330700222883095,0.011330700222883095,0.0,5.492578481918254,5.481281773796039,5.492578481918254,0.0,0.0,,r0011|r0019,1
20037,2,8988.41478388736,edge_4,2,1.0,0.003,2,r0011|r0019,r0011|r0019,1,1,0,0,0.04994544244255389,0.04994544244255389,0.0,5.305725011310904,5.255929405195678,5.305725011310904,0.0,0.0,,r0011|r0019,0
20037,2,8988.41478388736,cloud_0,2,1.0,0.003,2,r0011|r0019,r0011|r0019,1,1,0,0,0.01963754215541702,0.01963754215541702,0.0,5.417154115583519,5.397575486054568,5.417154115583519,0.0,0.0,,r0011|r0019,0
20037,2,8988.41478388736,edge_4,4,1.0,0.003,2,r0011|r0019,r0011|r0019,1,1,0,0,0.08684451774702463,0.08684451774702463,0.0,5.225916767961858,5.139332783768075,5.225916767961858,0.0,0.0,,r0011|r0019,0
20037,2,8988.41478388736,cloud_0,4,1.0,0.003,2,r0011|r0019,r0011|r0019,1,1,0,0,0.03625122602048486,0.03625122602048486,0.0,5.367511911496279,5.331369439153855,5.367511911496279,0.0,0.0,,r0011|r0019,0
20037,2,8988.41478388736,edge_4,8,1.0,0.003,2,r0011|r0019,r0011|r0019,1,1,0,0,0.16064266835596613,0.16064266835596613,0.0,5.166358967273826,5.006198226922928,5.166358967273826,0.0,0.0,,r0011|r0019,0
20037,2,8988.41478388736,cloud_0,8,1.0,0.003,2,r0011|r0019,r0011|r0019,1,1,0,0,0.06947859375062054,0.06947859375062054,0.0,5.338487943949797,5.269217785980429,5.338487943949797,0.0,0.0,,r0011|r0019,0
20037,3,12884.156167874367,edge_4,1,1.0,0.003,2,r0008|r0013,r0008|r0013,1,1,0,0,0.021700174886641704,0.021700174886641704,0.0,5.841190064830085,5.819554990468103,5.841190064830085,0.0,0.0,,r0008|r0013,0
20037,3,12884.156167874367,cloud_0,1,1.0,0.003,2,r0008|r0013,r0008|r0013,1,1,0,0,0.006722516498677265,0.006722516498677265,0.0,5.907288619327322,5.900586270378141,5.907288619327322,0.0,0.0,,r0008|r0013,1
20037,3,12884.156167874367,edge_4,2,1.0,0.003,2,r0008|r0013,r0008|r0013,1,1,0,0,0.029449096223137426,0.029449096223137426,0.0,5.744878170658238,5.71551742172377,5.744878170658238,0.0,0.0,,r0008|r0013,0
20037,3,12884.156167874367,cloud_0,2,1.0,0.003,2,r0008|r0013,r0008|r0013,1,1,0,0,0.010211442123982051,0.010211442123982051,0.0,5.808016244612599,5.79783543681499,5.8080162446126,-8.881784197001252e-16,-1.5292285391315525e-16,,r0008|r0013,0
20037,3,12884.156167874367,edge_4,4,1.0,0.003,2,r0008|r0013,r0008|r0013,1,1,0,0,0.044946938896128885,0.044946938896128885,0.0,5.641591743118437,5.596779645038997,5.641591743118438,-8.881784197001252e-16,-1.574340115595066e-16,,r0008|r0013,0
20037,3,12884.156167874367,cloud_0,4,1.0,0.003,2,r0008|r0013,r0008|r0013,1,1,0,0,0.017189293374591623,0.017189293374591623,0.0,5.724076447754905,5.706938722260438,5.724076447754906,-8.881784197001252e-16,-1.551653664668448e-16,,r0008|r0013,0
20037,3,12884.156167874367,edge_4,8,1.0,0.003,2,r0008|r0013,r0008|r0013,1,1,0,0,0.07594262424211179,0.07594262424211179,0.0,5.550091652908446,5.4743768565390605,5.550091652908446,0.0,0.0,,r0008|r0013,0
20037,3,12884.156167874367,cloud_0,8,1.0,0.003,2,r0008|r0013,r0008|r0013,1,1,0,0,0.031144995875810766,0.031144995875810766,0.0,5.665695113459893,5.634643552571711,5.665695113459894,-8.881784197001252e-16,-1.5676424550097924e-16,,r0008|r0013,0
20037,4,16354.526898110907,edge_4,1,1.0,0.003,1,r0020,r0020,1,1,0,0,0.02915054521097986,0.02915054521097986,0.0,-0.13814264651065766,-0.16720574008600458,-0.13814264651065766,0.0,0.0,,r0020,0
20037,4,16354.526898110907,cloud_0,1,1.0,0.003,1,r0020,r0020,1,1,0,0,0.011482803184013811,0.011482803184013811,0.0,-0.1155398398990675,-0.12698819467352926,-0.11553983989906749,-1.3877787807814457e-17,-1.2011257605980517e-16,,r0020,1
20037,4,16354.526898110907,edge_4,2,1.0,0.003,1,r0020,r0020,1,1,0,0,0.05078454304425188,0.05078454304425188,0.0,-0.13853510385172502,-0.18916729326684417,-0.13853510385172504,2.7755575615628914e-17,2.003504876665475e-16,,r0020,0
20037,4,16354.526898110907,cloud_0,2,1.0,0.003,1,r0020,r0020,1,1,0,0,0.021223437543379353,0.021223437543379353,0.0,-0.1155690618021456,-0.1367288290328948,-0.11556906180214557,-2.7755575615628914e-17,-2.4016441063739447e-16,,r0020,0
20037,4,16354.526898110907,edge_4,4,1.0,0.003,1,r0020,r0020,1,1,0,0,0.09405253871079594,0.09405253871079594,0.0,-0.13932001853385972,-0.2330903996285233,-0.13932001853385972,0.0,0.0,,r0020,0
20037,4,16354.526898110907,cloud_0,4,1.0,0.003,1,r0020,r0020,1,1,0,0,0.040704706262110424,0.040704706262110424,0.0,-0.1156275056083018,-0.15621009775162586,-0.11562750560830178,-2.7755575615628914e-17,-2.4004301977812557e-16,,r0020,0
20037,4,16354.526898110907,edge_4,8,1.0,0.003,1,r0020,r0020,1,1,0,0,0.1805885300438841,0.1805885300438841,0.0,-0.14088984789812914,-0.3209366123518816,-0.14088984789812917,2.7755575615628914e-17,1.9700195599400225e-16,,r0020,0
20037,4,16354.526898110907,cloud_0,8,1.0,0.003,1,r0020,r0020,1,1,0,0,0.07966724369957259,0.07966724369957259,0.0,-0.11574439322061418,-0.19517263518908806,-0.11574439322061418,0.0,0.0,,r0020,0
20037,5,18762.729517732947,edge_4,1,1.0,0.003,1,r0010,r0010,1,1,0,0,0.050010879601810304,0.050010879601810304,0.0,-0.20731505467372024,-0.2571759016367251,-0.20731505467372024,0.0,0.0,,r0010,0
20037,5,18762.729517732947,cloud_0,1,1.0,0.003,1,r0010,r0010,1,1,0,0,0.01969997759461102,0.01969997759461102,0.0,-0.10198879291541302,-0.12162967057724022,-0.10198879291541303,1.3877787807814457e-17,1.3607169387056428e-16,,r0010,1
20037,5,18762.729517732947,edge_4,2,1.0,0.003,1,r0010,r0010,1,1,0,0,0.08712631785913903,0.08712631785913903,0.0,-0.2089579058637165,-0.2958228447692781,-0.2089579058637165,0.0,0.0,,r0010,0
20037,5,18762.729517732947,cloud_0,2,1.0,0.003,1,r0010,r0010,1,1,0,0,0.03641107814747482,0.03641107814747482,0.0,-0.10203892621707164,-0.13834077113010404,-0.10203892621707164,0.0,0.0,,r0010,0
20037,5,18762.729517732947,edge_4,4,1.0,0.003,1,r0010,r0010,1,1,0,0,0.16135719437379648,0.16135719437379648,0.0,-0.21224360824370886,-0.3731167310343839,-0.21224360824370883,-2.7755575615628914e-17,-1.3077225667855474e-16,,r0010,0
20037,5,18762.729517732947,cloud_0,4,1.0,0.003,1,r0010,r0010,1,1,0,0,0.06983327925320242,0.06983327925320242,0.0,-0.10213919282038882,-0.17176297223583165,-0.10213919282038884,2.7755575615628914e-17,2.7174265675309305e-16,,r0010,0
20037,5,18762.729517732947,edge_4,8,1.0,0.003,1,r0010,r0010,1,1,0,0,0.30981894740311144,0.30981894740311144,0.0,-0.21881501300369366,-0.5277045035645958,-0.21881501300369366,0.0,0.0,,r0010,0
20037,5,18762.729517732947,cloud_0,8,1.0,0.003,1,r0010,r0010,1,1,0,0,0.1366776814646576,0.1366776814646576,0.0,-0.10233972602702318,-0.2386073744472868,-0.10233972602702315,-2.7755575615628914e-17,-2.7121018096433004e-16,,r0010,0
20038,0,0.0,cloud_0,1,1.0,0.003,1,r0015,r0015,1,1,0,0,0.013902218017754963,0.013902218017754963,0.0,-0.41990621036026077,-0.43376672172396247,-0.41990621036026077,0.0,0.0,,r0015,1
20038,0,0.0,cloud_0,2,1.0,0.003,1,r0015,r0015,1,1,0,0,0.023363404724672045,0.023363404724672045,0.0,-0.41993459392038157,-0.4432279084308796,-0.41993459392038157,0.0,0.0,,r0015,0
20038,0,0.0,cloud_0,4,1.0,0.003,1,r0015,r0015,1,1,0,0,0.04228577813850619,0.04228577813850619,0.0,-0.41999136104062307,-0.4621502818447137,-0.419991361040623,-5.551115123125783e-17,-1.321721263354476e-16,,r0015,0
20038,0,0.0,cloud_0,8,1.0,0.003,1,r0015,r0015,1,1,0,0,0.08013052496617448,0.08013052496617448,0.0,-0.42010489528110606,-0.499995028672382,-0.42010489528110606,0.0,0.0,,r0015,0
20038,1,11571.189464454912,cloud_0,1,1.0,0.003,2,r0004|r0017,r0004|r0017,1,1,0,0,0.010480838127726828,0.010480838127726828,0.0,6.174665001251409,6.1642156056380655,6.174665001251409,0.0,0.0,,r0004|r0017,1
20038,1,11571.189464454912,cloud_0,2,1.0,0.003,2,r0004|r0017,r0004|r0017,1,1,0,0,0.014476569640578252,0.014476569640578252,0.0,6.078378389731757,6.0639452498001,6.078378389731757,0.0,0.0,,r0004|r0017,0
20038,1,11571.189464454912,cloud_0,4,1.0,0.003,2,r0004|r0017,r0004|r0017,1,1,0,0,0.0224680326662811,0.0224680326662811,0.0,5.980568621802461,5.958167993234179,5.980568621802461,0.0,0.0,,r0004|r0017,0
20038,1,11571.189464454912,cloud_0,8,1.0,0.003,2,r0004|r0017,r0004|r0017,1,1,0,0,0.0384509587176868,0.0384509587176868,0.0,5.901179935547315,5.862844329705782,5.901179935547315,0.0,0.0,,r0004|r0017,0
20038,2,15699.53690567761,cloud_0,1,1.0,0.003,3,r0002|r0014|r0019,r0002|r0014|r0019,1,1,0,0,0.14966409292116203,0.14966409292116203,0.0,5.644989711442568,5.49577461080017,5.644989711442569,-8.881784197001252e-16,-1.5733924508307962e-16,,r0002|r0014|r0019,1
20038,2,15699.53690567761,cloud_0,2,1.0,0.003,3,r0002|r0014|r0019,r0002|r0014|r0019,1,1,0,0,0.27406815566039205,0.27406815566039205,0.0,5.5642369041488156,5.290990952955404,5.5642369041488156,0.0,0.0,,r0002|r0014|r0019,0
20038,2,15699.53690567761,cloud_0,4,1.0,0.003,3,r0002|r0014|r0019,r0002|r0014|r0019,1,1,0,0,0.5228762811388523,0.5228762811388523,0.0,5.50648166204493,4.985174009749494,5.50648166204493,0.0,0.0,,r0002|r0014|r0019,0
20038,2,15699.53690567761,cloud_0,8,1.0,0.003,3,r0002|r0014|r0019,r0002|r0014|r0019,1,1,0,0,1.020492532095773,1.020492532095773,0.0,5.456527419787713,4.439096365288227,5.456527419787713,0.0,0.0,,r0002|r0014|r0019,0
20038,3,28080.734936826673,cloud_0,1,1.0,0.003,3,r0010|r0016|r0018,r0010|r0016|r0018,1,1,0,0,0.047606520732702974,0.047606520732702974,0.0,6.271363269463848,6.2238995682933425,6.271363269463848,0.0,0.0,,r0010|r0016|r0018,1
20038,3,28080.734936826673,cloud_0,2,1.0,0.003,3,r0010|r0016|r0018,r0010|r0016|r0018,1,1,0,0,0.0786485987084219,0.0786485987084219,0.0,6.150920033430964,6.072507380518667,6.150920033430964,0.0,0.0,,r0010|r0016|r0018,0
20038,3,28080.734936826673,cloud_0,4,1.0,0.003,3,r0010|r0016|r0018,r0010|r0016|r0018,1,1,0,0,0.14073275465985977,0.14073275465985977,0.0,6.053945467657517,5.913634911261637,6.053945467657517,0.0,0.0,,r0010|r0016|r0018,0
20038,3,28080.734936826673,cloud_0,8,1.0,0.003,3,r0010|r0016|r0018,r0010|r0016|r0018,1,1,0,0,0.26490106656273554,0.26490106656273554,0.0,5.9789417371556475,5.714835373792599,5.978941737155647,8.881784197001252e-16,1.485511079963554e-16,,r0010|r0016|r0018,0
20038,4,40670.69902248612,cloud_0,1,1.0,0.003,3,r0005|r0007|r0023,r0005|r0007|r0023,1,1,0,0,0.09824562220597084,0.09824562220597084,0.0,6.053183114185442,5.955232228846089,6.053183114185442,0.0,0.0,,r0005|r0007|r0023,1
20038,4,40670.69902248612,cloud_0,2,1.0,0.003,3,r0005|r0007|r0023,r0005|r0007|r0023,1,1,0,0,0.17356982093506454,0.17356982093506454,0.0,5.957893500939732,5.784844389467472,5.957893500939732,0.0,0.0,,r0005|r0007|r0023,0
20038,4,40670.69902248612,cloud_0,4,1.0,0.003,3,r0005|r0007|r0023,r0005|r0007|r0023,1,1,0,0,0.3242182183932519,0.3242182183932519,0.0,5.89293672286963,5.569691159131557,5.89293672286963,0.0,0.0,,r0005|r0007|r0023,0
20038,4,40670.69902248612,cloud_0,8,1.0,0.003,3,r0005|r0007|r0023,r0005|r0007|r0023,1,1,0,0,0.6255150133096267,0.6255150133096267,0.0,5.850202461591884,5.226563993322187,5.850202461591884,0.0,0.0,,r0005|r0007|r0023,0
20039,0,0.0,edge_5,1,1.0,0.003,1,r0014,r0014,1,1,0,0,0.028403082253346767,0.028403082253346767,0.0,-1.0507351058307683,-1.079052978837355,-1.0507351058307683,0.0,0.0,,r0014,0
20039,0,0.0,cloud_0,1,1.0,0.003,1,r0014,r0014,1,1,0,0,0.011982386966418585,0.011982386966418585,0.0,-0.4293622844676541,-0.44130872427317336,-0.429362284467654,-1.1102230246251565e-16,-2.5857488298062074e-16,,r0014,1
20039,0,0.0,edge_5,2,1.0,0.003,1,r0014,r0014,1,1,0,0,0.04628129785216803,0.04628129785216803,0.0,-1.0551619295123662,-1.1013043834709777,-1.0551619295123662,0.0,0.0,,r0014,0
20039,0,0.0,cloud_0,2,1.0,0.003,1,r0014,r0014,1,1,0,0,0.02092206423637746,0.02092206423637746,0.0,-0.42938910349946396,-0.4502484015431323,-0.42938910349946396,0.0,0.0,,r0014,0
20039,0,0.0,edge_5,4,1.0,0.003,1,r0014,r0014,1,1,0,0,0.08203772904981056,0.08203772904981056,0.0,-1.0640155768755617,-1.1458071927382227,-1.0640155768755617,0.0,0.0,,r0014,0
20039,0,0.0,cloud_0,4,1.0,0.003,1,r0014,r0014,1,1,0,0,0.038801418776295206,0.038801418776295206,0.0,-0.4294427415630837,-0.4681277560830501,-0.42944274156308376,5.551115123125783e-17,1.2926321918775153e-16,,r0014,0
20039,0,0.0,edge_5,8,1.0,0.003,1,r0014,r0014,1,1,0,0,0.15355059144509564,0.15355059144509564,0.0,-1.0817228716019525,-1.2348128112727128,-1.0817228716019525,0.0,0.0,,r0014,0
20039,0,0.0,cloud_0,8,1.0,0.003,1,r0014,r0014,1,1,0,0,0.0745601278561307,0.0745601278561307,0.0,-0.4295500176903232,-0.5038864651628855,-0.4295500176903232,0.0,0.0,,r0014,0
20039,1,8477.387206813364,edge_5,1,1.0,0.003,3,r0000|r0004|r0009,r0000|r0004|r0009,1,1,0,0,0.035128129609495296,0.035128129609495296,0.0,6.553307316321536,6.518284571100869,6.553307316321536,0.0,0.0,,r0000|r0004|r0009,0
20039,1,8477.387206813364,cloud_0,1,1.0,0.003,3,r0000|r0004|r0009,r0000|r0004|r0009,1,1,0,0,0.017007901738146595,0.017007901738146595,0.0,6.649375522866552,6.63241864483362,6.649375522866552,0.0,0.0,,r0000|r0004|r0009,1
20039,1,8477.387206813364,edge_5,2,1.0,0.003,3,r0000|r0004|r0009,r0000|r0004|r0009,1,1,0,0,0.05617254662498744,0.05617254662498744,0.0,6.41097175794177,6.354967728956657,6.41097175794177,0.0,0.0,,r0000|r0004|r0009,0
20039,1,8477.387206813364,cloud_0,2,1.0,0.003,3,r0000|r0004|r0009,r0000|r0004|r0009,1,1,0,0,0.02927093320305309,0.02927093320305309,0.0,6.539033222518609,6.509850102115165,6.53903322251861,-8.881784197001252e-16,-1.358271765069928e-16,,r0000|r0004|r0009,0
20039,1,8477.387206813364,edge_5,4,1.0,0.003,3,r0000|r0004|r0009,r0000|r0004|r0009,1,1,0,0,0.09826138065597173,0.09826138065597173,0.0,6.270773369342655,6.172806772828652,6.270773369342656,-8.881784197001252e-16,-1.4163778012491462e-16,,r0000|r0004|r0009,0
20039,1,8477.387206813364,cloud_0,4,1.0,0.003,3,r0000|r0004|r0009,r0000|r0004|r0009,1,1,0,0,0.05379699613286609,0.05379699613286609,0.0,6.45424210032715,6.400606495182682,6.45424210032715,0.0,0.0,,r0000|r0004|r0009,0
20039,1,8477.387206813364,edge_5,8,1.0,0.003,3,r0000|r0004|r0009,r0000|r0004|r0009,1,1,0,0,0.18243904871794028,0.18243904871794028,0.0,6.120404773339293,5.938513041767506,6.120404773339293,0.0,0.0,,r0000|r0004|r0009,0
20039,1,8477.387206813364,cloud_0,8,1.0,0.003,3,r0000|r0004|r0009,r0000|r0004|r0009,1,1,0,0,0.10284912199249208,0.10284912199249208,0.0,6.385627235663877,6.283086661037363,6.385627235663877,0.0,0.0,,r0000|r0004|r0009,0
20039,2,12945.157224844912,edge_5,1,1.0,0.003,2,r0010|r0011,r0010|r0011,1,1,0,0,0.027244142110497676,0.027244142110497676,0.0,4.2186699115419835,4.191507501857817,4.2186699115419835,0.0,0.0,,r0010|r0011,0
20039,2,12945.157224844912,cloud_0,1,1.0,0.003,2,r0010|r0011,r0010|r0011,1,1,0,0,0.0127227221958024,0.0127227221958024,0.0,4.631237681355961,4.618553127326745,4.63123768135596,8.881784197001252e-16,1.917799259743627e-16,,r0010|r0011,1
20039,2,12945.157224844912,edge_5,2,1.0,0.003,2,r0010|r0011,r0010|r0011,1,1,0,0,0.045956812604816266,0.045956812604816266,0.0,4.131437112455044,4.085618170288042,4.1314371124550435,8.881784197001252e-16,2.14980500858293e-16,,r0010|r0011,0
20039,2,12945.157224844912,cloud_0,2,1.0,0.003,2,r0010|r0011,r0010|r0011,1,1,0,0,0.02279140635044108,0.02279140635044108,0.0,4.568009458569621,4.545286426438233,4.568009458569623,-1.7763568394002505e-15,-3.888689057041663e-16,,r0010|r0011,0
20039,2,12945.157224844912,edge_5,4,1.0,0.003,2,r0010|r0011,r0010|r0011,1,1,0,0,0.08338215359345344,0.08338215359345344,0.0,4.065990095303759,3.9828580881710853,4.065990095303758,8.881784197001252e-16,2.1844087144382773e-16,,r0010|r0011,0
20039,2,12945.157224844912,cloud_0,4,1.0,0.003,2,r0010|r0011,r0010|r0011,1,1,0,0,0.042928774659718436,0.042928774659718436,0.0,4.52891629375112,4.486116305415381,4.52891629375112,0.0,0.0,,r0010|r0011,0
20039,2,12945.157224844912,edge_5,8,1.0,0.003,2,r0010|r0011,r0010|r0011,1,1,0,0,0.15823283557072781,0.15823283557072781,0.0,4.015759084042294,3.858000946978279,4.015759084042295,-8.881784197001252e-16,-2.2117323303321218e-16,,r0010|r0011,0
20039,2,12945.157224844912,cloud_0,8,1.0,0.003,2,r0010|r0011,r0010|r0011,1,1,0,0,0.08320351127827316,0.08320351127827316,0.0,4.506889773210597,4.42393587246616,4.506889773210598,-8.881784197001252e-16,-1.9707125410067632e-16,,r0010|r0011,0
20039,3,22505.621180169986,edge_5,1,1.0,0.003,4,r0002|r0006|r0019|r0022,r0002|r0006|r0019|r0022,1,1,0,0,0.038543380328065764,0.038543380328065764,0.0,5.202743516340055,5.164315766152973,5.202743516340055,0.0,0.0,,r0002|r0006|r0019|r0022,0
20039,3,22505.621180169986,cloud_0,1,1.0,0.003,4,r0002|r0006|r0019|r0022,r0002|r0006|r0019|r0022,1,1,0,0,0.020573365040426943,0.020573365040426943,0.0,5.58116721714306,5.560655572197754,5.58116721714306,0.0,0.0,,r0002|r0006|r0019|r0022,1
20039,3,22505.621180169986,edge_5,2,1.0,0.003,4,r0002|r0006|r0019|r0022,r0002|r0006|r0019|r0022,1,1,0,0,0.06747072276160497,0.06747072276160497,0.0,5.073279732387592,5.0060114217942715,5.073279732387592,0.0,0.0,,r0002|r0006|r0019|r0022,0
20039,3,22505.621180169986,cloud_0,2,1.0,0.003,4,r0002|r0006|r0019|r0022,r0002|r0006|r0019|r0022,1,1,0,0,0.03783012902451716,0.03783012902451716,0.0,5.489136356382362,5.451419717744918,5.489136356382362,0.0,0.0,,r0002|r0006|r0019|r0022,0
20039,3,22505.621180169986,edge_5,4,1.0,0.003,4,r0002|r0006|r0019|r0022,r0002|r0006|r0019|r0022,1,1,0,0,0.12532540762868338,0.12532540762868338,0.0,4.958648179039426,4.833698747633629,4.958648179039426,0.0,0.0,,r0002|r0006|r0019|r0022,0
20039,3,22505.621180169986,cloud_0,4,1.0,0.003,4,r0002|r0006|r0019|r0022,r0002|r0006|r0019|r0022,1,1,0,0,0.07234365699269761,0.07234365699269761,0.0,5.420707888506217,5.3485812624844975,5.420707888506217,0.0,0.0,,r0002|r0006|r0019|r0022,0
20039,3,22505.621180169986,edge_5,8,1.0,0.003,4,r0002|r0006|r0019|r0022,r0002|r0006|r0019|r0022,1,1,0,0,0.24103477736284026,0.24103477736284026,0.0,4.836149925065955,4.595838252035204,4.836149925065955,0.0,0.0,,r0002|r0006|r0019|r0022,0
20039,3,22505.621180169986,cloud_0,8,1.0,0.003,4,r0002|r0006|r0019|r0022,r0002|r0006|r0019|r0022,1,1,0,0,0.1413707129290585,0.1413707129290585,0.0,5.358183571605491,5.21723697081522,5.358183571605491,0.0,0.0,,r0002|r0006|r0019|r0022,0
20039,4,34518.14696305524,edge_5,1,1.0,0.003,2,r0012|r0021,r0012|r0021,1,1,0,0,0.10488198462068549,0.10488198462068549,0.0,4.858918428131817,4.754351089464993,4.858918428131817,0.0,0.0,,r0012|r0021,0
20039,4,34518.14696305524,cloud_0,1,1.0,0.003,2,r0012|r0021,r0012|r0021,1,1,0,0,0.053156951782134504,0.053156951782134504,0.0,5.2660907950375195,5.213093314110731,5.266090795037519,8.881784197001252e-16,1.6865991382774804e-16,,r0012|r0021,1
20039,4,34518.14696305524,edge_5,2,1.0,0.003,2,r0012|r0021,r0012|r0021,1,1,0,0,0.1769202969682357,0.1769202969682357,0.0,4.767796880976484,4.591407344899154,4.767796880976485,-8.881784197001252e-16,-1.8628696688903802e-16,,r0012|r0021,0
20039,4,34518.14696305524,cloud_0,2,1.0,0.003,2,r0012|r0021,r0012|r0021,1,1,0,0,0.09522503673130167,0.09522503673130167,0.0,5.200625156013907,5.105685794392799,5.200625156013906,8.881784197001252e-16,1.707830103219518e-16,,r0012|r0021,0
20039,4,34518.14696305524,edge_5,4,1.0,0.003,2,r0012|r0021,r0012|r0021,1,1,0,0,0.3209969216633361,0.3209969216633361,0.0,4.694572367688414,4.3745384367900675,4.694572367688414,0.0,0.0,,r0012|r0021,0
20039,4,34518.14696305524,cloud_0,4,1.0,0.003,2,r0012|r0021,r0012|r0021,1,1,0,0,0.179361206629636,0.179361206629636,0.0,5.157057158720858,4.978234035711111,5.157057158720858,0.0,0.0,,r0012|r0021,0
20039,4,34518.14696305524,edge_5,8,1.0,0.003,2,r0012|r0021,r0012|r0021,1,1,0,0,0.609150171053537,0.609150171053537,0.0,4.62878636415338,4.021463643613004,4.62878636415338,0.0,0.0,,r0012|r0021,0
20039,4,34518.14696305524,cloud_0,8,1.0,0.003,2,r0012|r0021,r0012|r0021,1,1,0,0,0.34763354642630473,0.34763354642630473,0.0,5.1260809732312405,4.779490327444215,5.1260809732312405,0.0,0.0,,r0012|r0021,0
20040,0,0.0,edge_4,1,1.0,0.003,1,r0014,r0014,1,1,0,0,0.009959652870124179,0.009959652870124179,0.0,-0.2502336797425849,-0.26016345365409876,-0.250233679742585,5.551115123125783e-17,2.2183724943965203e-16,,r0014,0
20040,0,0.0,cloud_0,1,1.0,0.003,1,r0014,r0014,1,1,0,0,0.0027736217587459727,0.0027736217587459727,0.0,-0.12047827109388756,-0.1232435719873573,-0.12047827109388756,0.0,0.0,,r0014,1
20040,0,0.0,edge_4,2,1.0,0.003,1,r0014,r0014,1,1,0,0,0.01260727738237261,0.01260727738237261,0.0,-0.25171533043097943,-0.2642847859812049,-0.25171533043097943,0.0,0.0,,r0014,0
20040,0,0.0,cloud_0,2,1.0,0.003,1,r0014,r0014,1,1,0,0,0.0039544891090597875,0.0039544891090597875,0.0,-0.12048181369593852,-0.12442443933767111,-0.12048181369593851,-1.3877787807814457e-17,-1.1518574780786422e-16,,r0014,0
20040,0,0.0,edge_4,4,1.0,0.003,1,r0014,r0014,1,1,0,0,0.01790252640686947,0.01790252640686947,0.0,-0.25467863180776834,-0.2725274506354172,-0.25467863180776834,0.0,0.0,,r0014,0
20040,0,0.0,cloud_0,4,1.0,0.003,1,r0014,r0014,1,1,0,0,0.006316223809687418,0.006316223809687418,0.0,-0.12048889890004039,-0.12678617403829875,-0.1204888989000404,1.3877787807814457e-17,1.1517897444915403e-16,,r0014,0
20040,0,0.0,edge_4,8,1.0,0.003,1,r0014,r0014,1,1,0,0,0.028493024455863193,0.028493024455863193,0.0,-0.26060523456134627,-0.2890127799438419,-0.26060523456134627,0.0,0.0,,r0014,0
20040,0,0.0,cloud_0,8,1.0,0.003,1,r0014,r0014,1,1,0,0,0.01103969321094268,0.01103969321094268,0.0,-0.12050306930824416,-0.131509643439554,-0.12050306930824416,0.0,0.0,,r0014,0
20040,1,2364.2176047943954,edge_4,1,1.0,0.003,3,r0012|r0013|r0015,r0012|r0013|r0015,1,1,0,0,0.06997474512017476,0.06997474512017476,0.0,4.758990808984074,4.68922598809926,4.758990808984074,0.0,0.0,,r0012|r0013|r0015,0
20040,1,2364.2176047943954,cloud_0,1,1.0,0.003,3,r0012|r0013|r0015,r0012|r0013|r0015,1,1,0,0,0.02783885862493087,0.02783885862493087,0.0,4.955285477864595,4.927530135815539,4.955285477864595,0.0,0.0,,r0012|r0013|r0015,1
20040,1,2364.2176047943954,edge_4,2,1.0,0.003,3,r0012|r0013|r0015,r0012|r0013|r0015,1,1,0,0,0.1251781053123546,0.1251781053123546,0.0,4.666461833801384,4.541659262804967,4.666461833801384,0.0,0.0,,r0012|r0013|r0015,0
20040,1,2364.2176047943954,cloud_0,2,1.0,0.003,3,r0012|r0013|r0015,r0012|r0013|r0015,1,1,0,0,0.05246011642677806,0.05246011642677806,0.0,4.900090249979641,4.847787513902143,4.900090249979641,0.0,0.0,,r0012|r0013|r0015,0
20040,1,2364.2176047943954,edge_4,4,1.0,0.003,3,r0012|r0013|r0015,r0012|r0013|r0015,1,1,0,0,0.23558482569671424,0.23558482569671424,0.0,4.600502513588514,4.3656244423688895,4.600502513588514,0.0,0.0,,r0012|r0013|r0015,0
20040,1,2364.2176047943954,cloud_0,4,1.0,0.003,3,r0012|r0013|r0015,r0012|r0013|r0015,1,1,0,0,0.10170263203047242,0.10170263203047242,0.0,4.868414939082538,4.767017414948158,4.868414939082538,0.0,0.0,,r0012|r0013|r0015,0
20040,1,2364.2176047943954,edge_4,8,1.0,0.003,3,r0012|r0013|r0015,r0012|r0013|r0015,1,1,0,0,0.4563982664654335,0.4563982664654335,0.0,4.548584619083332,4.093555547417295,4.548584619083332,0.0,0.0,,r0012|r0013|r0015,0
20040,1,2364.2176047943954,cloud_0,8,1.0,0.003,3,r0012|r0013|r0015,r0012|r0013|r0015,1,1,0,0,0.2001876632378612,0.2001876632378612,0.0,4.8511933411253825,4.651606240877235,4.8511933411253825,0.0,0.0,,r0012|r0013|r0015,0
20040,2,12448.733627910622,edge_4,1,1.0,0.003,3,r0001|r0006|r0023,r0001|r0006|r0023,1,1,0,0,0.019205786438854212,0.019205786438854212,0.0,6.711468113196252,6.692319944116715,6.711468113196252,0.0,0.0,,r0001|r0006|r0023,0
20040,2,12448.733627910622,cloud_0,1,1.0,0.003,3,r0001|r0006|r0023,r0001|r0006|r0023,1,1,0,0,0.004994849678287108,0.004994849678287108,0.0,6.935091450999532,6.9301115858702795,6.935091450999532,0.0,0.0,,r0001|r0006|r0023,1
20040,2,12448.733627910622,edge_4,2,1.0,0.003,3,r0001|r0006|r0023,r0001|r0006|r0023,1,1,0,0,0.022761337703437624,0.022761337703437624,0.0,6.633993568281068,6.611300514590741,6.633993568281068,0.0,0.0,,r0001|r0006|r0023,0
20040,2,12448.733627910622,cloud_0,2,1.0,0.003,3,r0001|r0006|r0023,r0001|r0006|r0023,1,1,0,0,0.006580661556553776,0.006580661556553776,0.0,6.829925573816923,6.823364654245038,6.829925573816922,8.881784197001252e-16,1.3004218129477569e-16,,r0001|r0006|r0023,0
20040,2,12448.733627910622,edge_4,4,1.0,0.003,3,r0001|r0006|r0023,r0001|r0006|r0023,1,1,0,0,0.029872440232604453,0.029872440232604453,0.0,6.518934124919284,6.489151302007377,6.518934124919284,0.0,0.0,,r0001|r0006|r0023,0
20040,2,12448.733627910622,cloud_0,4,1.0,0.003,3,r0001|r0006|r0023,r0001|r0006|r0023,1,1,0,0,0.009752285313087108,0.009752285313087108,0.0,6.705333898657171,6.695610870200023,6.705333898657171,0.0,0.0,,r0001|r0006|r0023,0
20040,2,12448.733627910622,edge_4,8,1.0,0.003,3,r0001|r0006|r0023,r0001|r0006|r0023,1,1,0,0,0.0440946452909381,0.0440946452909381,0.0,6.372853928461065,6.328891567105999,6.372853928461065,0.0,0.0,,r0001|r0006|r0023,0
20040,2,12448.733627910622,cloud_0,8,1.0,0.003,3,r0001|r0006|r0023,r0001|r0006|r0023,1,1,0,0,0.01609553282615377,0.01609553282615377,0.0,6.586957504986822,6.570910258759146,6.586957504986821,8.881784197001252e-16,1.3483894787961018e-16,,r0001|r0006|r0023,0
20040,3,17776.709413052402,edge_4,1,1.0,0.003,1,r0005,r0005,1,1,0,0,0.026531337456025216,0.026531337456025216,0.0,0.5673728287410171,0.54092108529736,0.5673728287410172,-1.1102230246251565e-16,-1.9567786266549054e-16,,r0005,0
20040,3,17776.709413052402,cloud_0,1,1.0,0.003,1,r0005,r0005,1,1,0,0,0.0073886003675292826,0.0073886003675292826,0.0,0.7479340249387967,0.74056759037237,0.7479340249387967,0.0,0.0,,r0005,1
20040,3,17776.709413052402,edge_4,2,1.0,0.003,1,r0005,r0005,1,1,0,0,0.03358429605883157,0.03358429605883157,0.0,0.5626055039026506,0.5291219607319955,0.5626055039026505,1.1102230246251565e-16,1.9733596932909883e-16,,r0005,0
20040,3,17776.709413052402,cloud_0,2,1.0,0.003,1,r0005,r0005,1,1,0,0,0.010534291343964643,0.010534291343964643,0.0,0.7479245878658674,0.7374218993959346,0.7479245878658674,0.0,0.0,,r0005,0
20040,3,17776.709413052402,edge_4,4,1.0,0.003,1,r0005,r0005,1,1,0,0,0.04769021326444427,0.04769021326444427,0.0,0.5530708542259175,0.5055237116012666,0.5530708542259176,-1.1102230246251565e-16,-2.0073793730805677e-16,,r0005,0
20040,3,17776.709413052402,cloud_0,4,1.0,0.003,1,r0005,r0005,1,1,0,0,0.016825673296835368,0.016825673296835368,0.0,0.7479057137200088,0.7311305174430639,0.7479057137200088,0.0,0.0,,r0005,0
20040,3,17776.709413052402,edge_4,8,1.0,0.003,1,r0005,r0005,1,1,0,0,0.07590204767566969,0.07590204767566969,0.0,0.5340015548724515,0.4583272133398089,0.5340015548724516,-1.1102230246251565e-16,-2.0790632807995058e-16,,r0005,0
20040,3,17776.709413052402,cloud_0,8,1.0,0.003,1,r0005,r0005,1,1,0,0,0.02940843720257682,0.02940843720257682,0.0,0.7478679654282916,0.7185477535373226,0.7478679654282917,-1.1102230246251565e-16,-1.4845174227904655e-16,,r0005,0
20040,4,22300.011032898976,edge_4,1,1.0,0.003,1,r0016,r0016,1,1,0,0,0.027749715763971165,0.027749715763971165,0.0,-0.960855585429569,-0.9885220520462482,-0.960855585429569,0.0,0.0,,r0016,0
20040,4,22300.011032898976,cloud_0,1,1.0,0.003,1,r0016,r0016,1,1,0,0,0.009956719155249524,0.009956719155249524,0.0,-0.40059334314246875,-0.4105201921402525,-0.4005933431424687,-5.551115123125783e-17,-1.385723257301248e-16,,r0016,1
20040,4,22300.011032898976,edge_4,2,1.0,0.003,1,r0016,r0016,1,1,0,0,0.0448942167037012,0.0448942167037012,0.0,-0.9684072258839787,-1.0131667599375689,-0.9684072258839788,1.1102230246251565e-16,1.1464423178087359e-16,,r0016,0
20040,4,22300.011032898976,cloud_0,2,1.0,0.003,1,r0016,r0016,1,1,0,0,0.017603340231422758,0.017603340231422758,0.0,-0.40061628300569724,-0.41816681321642574,-0.40061628300569724,0.0,0.0,,r0016,0
20040,4,22300.011032898976,edge_4,4,1.0,0.003,1,r0016,r0016,1,1,0,0,0.07918321858316128,0.07918321858316128,0.0,-0.9835105067927981,-1.06245617572021,-0.9835105067927982,1.1102230246251565e-16,1.1288369742439912e-16,,r0016,0
20040,4,22300.011032898976,cloud_0,4,1.0,0.003,1,r0016,r0016,1,1,0,0,0.032896582383769225,0.032896582383769225,0.0,-0.40066216273215427,-0.4334600553687722,-0.40066216273215427,0.0,0.0,,r0016,0
20040,4,22300.011032898976,edge_4,8,1.0,0.003,1,r0016,r0016,1,1,0,0,0.14776122234208144,0.14776122234208144,0.0,-1.0137170686104369,-1.161035007285492,-1.0137170686104369,0.0,0.0,,r0016,0
20040,4,22300.011032898976,cloud_0,8,1.0,0.003,1,r0016,r0016,1,1,0,0,0.06348306668846217,0.06348306668846217,0.0,-0.40075392218506833,-0.46404653967346515,-0.4007539221850684,5.551115123125783e-17,1.3851680085522093e-16,,r0016,0
20040,5,32048.499166905436,edge_4,1,1.0,0.003,3,r0007|r0009|r0011,r0007|r0009|r0011,1,1,0,0,0.19481646542046627,0.19481646542046627,0.0,5.823363633421884,5.62913161739768,5.823363633421884,0.0,0.0,,r0007|r0009|r0011,0
20040,5,32048.499166905436,cloud_0,1,1.0,0.003,3,r0007|r0009|r0011,r0007|r0009|r0011,1,1,0,0,0.07416593751326789,0.07416593751326789,0.0,6.115549208210835,6.041605768510107,6.115549208210835,0.0,0.0,,r0007|r0009|r0011,1
20040,5,32048.499166905436,edge_4,2,1.0,0.003,3,r0007|r0009|r0011,r0007|r0009|r0011,1,1,0,0,0.33387000865744937,0.33387000865744937,0.0,5.6875992416756365,5.354730843044159,5.687599241675636,8.881784197001252e-16,1.56160513770386e-16,,r0007|r0009|r0011,0
20040,5,32048.499166905436,cloud_0,2,1.0,0.003,3,r0007|r0009|r0011,r0007|r0009|r0011,1,1,0,0,0.1361852262735754,0.1361852262735754,0.0,6.0319032458433055,5.896126575248551,6.0319032458433055,0.0,0.0,,r0007|r0009|r0011,0
20040,5,32048.499166905436,edge_4,4,1.0,0.003,3,r0007|r0009|r0011,r0007|r0009|r0011,1,1,0,0,0.6119770951314156,0.6119770951314156,0.0,5.553219830457649,4.943078666611627,5.553219830457649,0.0,0.0,,r0007|r0009|r0011,0
20040,5,32048.499166905436,cloud_0,4,1.0,0.003,3,r0007|r0009|r0011,r0007|r0009|r0011,1,1,0,0,0.2602238037941904,0.2602238037941904,0.0,5.9662863215506174,5.7068431891678095,5.9662863215506174,0.0,0.0,,r0007|r0009|r0011,0
20040,5,32048.499166905436,edge_4,8,1.0,0.003,3,r0007|r0009|r0011,r0007|r0009|r0011,1,1,0,0,1.1681912680793483,1.1681912680793483,0.0,5.387488203858308,4.222801509583198,5.387488203858308,0.0,0.0,,r0007|r0009|r0011,0
20040,5,32048.499166905436,cloud_0,8,1.0,0.003,3,r0007|r0009|r0011,r0007|r0009|r0011,1,1,0,0,0.5083009588354206,0.5083009588354206,0.0,5.898839525313079,5.392063469354165,5.898839525313079,0.0,0.0,,r0007|r0009|r0011,0
20041,0,0.0,edge_5,1,1.0,0.003,1,r0014,r0014,1,1,0,0,0.011391454994227713,0.011391454994227713,0.0,-0.5079009560067749,-0.5192582366360199,-0.5079009560067749,0.0,0.0,,r0014,0
20041,0,0.0,cloud_0,1,1.0,0.003,1,r0014,r0014,1,1,0,0,0.011192746772896152,0.011192746772896152,0.0,-0.2599227241018079,-0.2710818926343853,-0.25992272410180783,-5.551115123125783e-17,-2.1356790339545275e-16,,r0014,1
20041,0,0.0,edge_5,2,1.0,0.003,1,r0014,r0014,1,1,0,0,0.02134182005822526,0.02134182005822526,0.0,-0.5089153611851198,-0.5301931557831704,-0.5089153611851198,0.0,0.0,,r0014,0
20041,0,0.0,cloud_0,2,1.0,0.003,1,r0014,r0014,1,1,0,0,0.018355146259452376,0.018355146259452376,0.0,-0.25994421130026757,-0.2782442921209416,-0.25994421130026757,0.0,0.0,,r0014,0
20041,0,0.0,edge_5,4,1.0,0.003,1,r0014,r0014,1,1,0,0,0.04124255018622035,0.04124255018622035,0.0,-0.5109441715418096,-0.5520629940774713,-0.5109441715418096,0.0,0.0,,r0014,0
20041,0,0.0,cloud_0,4,1.0,0.003,1,r0014,r0014,1,1,0,0,0.03267994523256483,0.03267994523256483,0.0,-0.2599871856971869,-0.29256909109405405,-0.25998718569718693,5.551115123125783e-17,2.1351495106344565e-16,,r0014,0
20041,0,0.0,edge_5,8,1.0,0.003,1,r0014,r0014,1,1,0,0,0.08104401044221053,0.08104401044221053,0.0,-0.5150017922551893,-0.5958026706660732,-0.5150017922551893,0.0,0.0,,r0014,0
20041,0,0.0,cloud_0,8,1.0,0.003,1,r0014,r0014,1,1,0,0,0.061329543178789726,0.061329543178789726,0.0,-0.26007313449102554,-0.32121868904027895,-0.2600731344910256,5.551115123125783e-17,2.1344438878662173e-16,,r0014,0
20041,1,3768.9776282051807,edge_5,1,1.0,0.003,3,r0003|r0005|r0009,r0003|r0005|r0009,1,1,0,0,0.03589900193136722,0.03589900193136722,0.0,4.449469988942672,4.4136786840171,4.449469988942673,-8.881784197001252e-16,-1.9961443091139558e-16,,r0003|r0005|r0009,0
20041,1,3768.9776282051807,cloud_0,1,1.0,0.003,3,r0003|r0005|r0009,r0003|r0005|r0009,1,1,0,0,0.027874359860456527,0.027874359860456527,0.0,5.250108727294946,5.222317990514071,5.250108727294946,0.0,0.0,,r0003|r0005|r0009,1
20041,1,3768.9776282051807,edge_5,2,1.0,0.003,3,r0003|r0005|r0009,r0003|r0005|r0009,1,1,0,0,0.06871673568728444,0.06871673568728444,0.0,4.403616417356907,4.335105831876684,4.403616417356907,0.0,0.0,,r0003|r0005|r0009,0
20041,1,3768.9776282051807,cloud_0,2,1.0,0.003,3,r0003|r0005|r0009,r0003|r0005|r0009,1,1,0,0,0.048298154675725825,0.048298154675725825,0.0,5.148408082502789,5.100254822291091,5.148408082502789,0.0,0.0,,r0003|r0005|r0009,0
20041,1,3768.9776282051807,edge_5,4,1.0,0.003,3,r0003|r0005|r0009,r0003|r0005|r0009,1,1,0,0,0.1343522031991189,0.1343522031991189,0.0,4.373671038755543,4.239721892166021,4.373671038755543,0.0,0.0,,r0003|r0005|r0009,0
20041,1,3768.9776282051807,cloud_0,4,1.0,0.003,3,r0003|r0005|r0009,r0003|r0005|r0009,1,1,0,0,0.08914574430626439,0.08914574430626439,0.0,5.078663405387434,4.989785098314089,5.078663405387434,0.0,0.0,,r0003|r0005|r0009,0
20041,1,3768.9776282051807,edge_5,8,1.0,0.003,3,r0003|r0005|r0009,r0003|r0005|r0009,1,1,0,0,0.26562313822278777,0.26562313822278777,0.0,4.348504938322698,4.083678669514578,4.348504938322697,8.881784197001252e-16,2.0424914592432607e-16,,r0003|r0005|r0009,0
20041,1,3768.9776282051807,cloud_0,8,1.0,0.003,3,r0003|r0005|r0009,r0003|r0005|r0009,1,1,0,0,0.17084092356734157,0.17084092356734157,0.0,5.036744294817405,4.866415894020765,5.036744294817405,0.0,0.0,,r0003|r0005|r0009,0
20041,2,18111.088358858982,edge_5,1,1.0,0.003,1,r0018,r0018,1,1,0,0,0.014293784068123507,0.014293784068123507,0.0,-0.08279877210950062,-0.09704967482541975,-0.08279877210950061,-1.3877787807814457e-17,-1.6760861851261766e-16,,r0018,0
20041,2,18111.088358858982,cloud_0,1,1.0,0.003,1,r0018,r0018,1,1,0,0,0.013749822201944688,0.013749822201944688,0.0,-0.045818676655910925,-0.05952724939124977,-0.04581867665591092,-6.938893903907228e-18,-1.5144247739883303e-16,,r0018,1
20041,2,18111.088358858982,edge_5,2,1.0,0.003,1,r0018,r0018,1,1,0,0,0.026779315520940636,0.026779315520940636,0.0,-0.08298239061525765,-0.10968136818963546,-0.08298239061525764,-1.3877787807814457e-17,-1.6723774411559073e-16,,r0018,0
20041,2,18111.088358858982,cloud_0,2,1.0,0.003,1,r0018,r0018,1,1,0,0,0.022548530997709364,0.022548530997709364,0.0,-0.04584507278229821,-0.06832595818701445,-0.04584507278229821,0.0,0.0,,r0018,0
20041,2,18111.088358858982,edge_5,4,1.0,0.003,1,r0018,r0018,1,1,0,0,0.05175037842657489,0.05175037842657489,0.0,-0.08334962762677174,-0.1349447549180669,-0.08334962762677173,-1.3877787807814457e-17,-1.6650089751999009e-16,,r0018,0
20041,2,18111.088358858982,cloud_0,4,1.0,0.003,1,r0018,r0018,1,1,0,0,0.040145948589238714,0.040145948589238714,0.0,-0.0458978650350728,-0.0859233757785438,-0.045897865035072795,-6.938893903907228e-18,-1.5118119107729479e-16,,r0018,0
20041,2,18111.088358858982,edge_5,8,1.0,0.003,1,r0018,r0018,1,1,0,0,0.1016925042378434,0.1016925042378434,0.0,-0.0840841016497999,-0.18547152837492978,-0.0840841016497999,0.0,0.0,,r0018,0
20041,2,18111.088358858982,cloud_0,8,1.0,0.003,1,r0018,r0018,1,1,0,0,0.07534078377229741,0.07534078377229741,0.0,-0.04600344954062198,-0.12111821096160251,-0.04600344954062199,1.3877787807814457e-17,3.016684171816308e-16,,r0018,0
20041,3,19715.38905842665,edge_5,1,1.0,0.003,1,r0006,r0006,1,1,0,0,0.0046761293517071445,0.0046761293517071445,0.0,0.07685094515574503,0.07218884419209304,0.07685094515574506,-2.7755575615628914e-17,-3.611611484983021e-16,,r0006,0
20041,3,19715.38905842665,cloud_0,1,1.0,0.003,1,r0006,r0006,1,1,0,0,0.006027214664505112,0.006027214664505112,0.0,0.24859265532816477,0.24258352230765318,0.24859265532816477,0.0,0.0,,r0006,1
20041,3,19715.38905842665,edge_5,2,1.0,0.003,1,r0006,r0006,1,1,0,0,0.00751599072512138,0.00751599072512138,0.0,0.07625853454743209,0.06876509179448609,0.0762585345474321,-1.3877787807814457e-17,-1.819834054007765e-16,,r0006,0
20041,3,19715.38905842665,cloud_0,2,1.0,0.003,1,r0006,r0006,1,1,0,0,0.0077432474026108795,0.0077432474026108795,0.0,0.24858750722995046,0.24086748956954737,0.2485875072299504,5.551115123125783e-17,2.2330627894308643e-16,,r0006,0
20041,3,19715.38905842665,edge_5,4,1.0,0.003,1,r0006,r0006,1,1,0,0,0.01319571347194985,0.01319571347194985,0.0,0.07507371333080623,0.06191758699927222,0.07507371333080622,1.3877787807814457e-17,1.8485548658906894e-16,,r0006,0
20041,3,19715.38905842665,cloud_0,4,1.0,0.003,1,r0006,r0006,1,1,0,0,0.011175312878822412,0.011175312878822412,0.0,0.24857721103352182,0.2374354240933359,0.24857721103352184,-2.7755575615628914e-17,-1.1165776420222985e-16,,r0006,0
20041,3,19715.38905842665,edge_5,8,1.0,0.003,1,r0006,r0006,1,1,0,0,0.024555158965606793,0.024555158965606793,0.0,0.07270407089755451,0.04822257740884453,0.0727040708975545,1.3877787807814457e-17,1.908804780322315e-16,,r0006,0
20041,3,19715.38905842665,cloud_0,8,1.0,0.003,1,r0006,r0006,1,1,0,0,0.01803944383124548,0.01803944383124548,0.0,0.24855661864066456,0.23057129314091276,0.2485566186406645,5.551115123125783e-17,2.2333402962610166e-16,,r0006,0
20041,4,22182.948560123066,edge_5,1,1.0,0.003,3,r0002|r0015|r0019,r0002|r0015|r0019,1,1,0,0,0.015270113405316465,0.015270113405316465,0.0,5.682535419340868,5.667311116275768,5.682535419340869,-8.881784197001252e-16,-1.5629967156511752e-16,,r0002|r0015|r0019,0
20041,4,22182.948560123066,cloud_0,1,1.0,0.003,3,r0002|r0015|r0019,r0002|r0015|r0019,1,1,0,0,0.014554958332649156,0.014554958332649156,0.0,6.096751890503385,6.082240597045734,6.096751890503385,0.0,0.0,,r0002|r0015|r0019,1
20041,4,22182.948560123066,edge_5,2,1.0,0.003,3,r0002|r0015|r0019,r0002|r0015|r0019,1,1,0,0,0.028381539140422917,0.028381539140422917,0.0,5.616577585878189,5.588281191355187,5.616577585878189,0.0,0.0,,r0002|r0015|r0019,0
20041,4,22182.948560123066,cloud_0,2,1.0,0.003,3,r0002|r0015|r0019,r0002|r0015|r0019,1,1,0,0,0.023431593360989527,0.023431593360989527,0.0,5.976437952288659,5.953076653707752,5.976437952288658,8.881784197001252e-16,1.4861334239402586e-16,,r0002|r0015|r0019,0
20041,4,22182.948560123066,edge_5,4,1.0,0.003,3,r0002|r0015|r0019,r0002|r0015|r0019,1,1,0,0,0.05460439061063584,0.05460439061063584,0.0,5.576337222790541,5.521896645351737,5.576337222790541,0.0,0.0,,r0002|r0015|r0019,0
20041,4,22182.948560123066,cloud_0,4,1.0,0.003,3,r0002|r0015|r0019,r0002|r0015|r0019,1,1,0,0,0.04118486341767027,0.04118486341767027,0.0,5.880538654422918,5.839477345595501,5.880538654422918,0.0,0.0,,r0002|r0015|r0019,0
20041,4,22182.948560123066,edge_5,8,1.0,0.003,3,r0002|r0015|r0019,r0002|r0015|r0019,1,1,0,0,0.10705009355106165,0.10705009355106165,0.0,5.551566688840907,5.444837745570498,5.551566688840907,0.0,0.0,,r0002|r0015|r0019,0
20041,4,22182.948560123066,cloud_0,8,1.0,0.003,3,r0002|r0015|r0019,r0002|r0015|r0019,1,1,0,0,0.07669140353103174,0.07669140353103174,0.0,5.816723332424229,5.7402620031037905,5.816723332424229,0.0,0.0,,r0002|r0015|r0019,0
20041,5,25950.592617365026,edge_5,1,1.0,0.003,2,r0008|r0012,r0008|r0012,1,1,0,0,0.02931002330527292,0.02931002330527292,0.0,3.859940051550923,3.830717958315566,3.859940051550923,0.0,0.0,,r0008|r0012,0
20041,5,25950.592617365026,cloud_0,1,1.0,0.003,2,r0008|r0012,r0008|r0012,1,1,0,0,0.026110167913832708,0.026110167913832708,0.0,4.777968145294542,4.751936307884451,4.777968145294542,0.0,0.0,,r0008|r0012,1
20041,5,25950.592617365026,edge_5,2,1.0,0.003,2,r0008|r0012,r0008|r0012,1,1,0,0,0.053802744936889205,0.053802744936889205,0.0,3.8043097745538605,3.750668437851782,3.8043097745538605,0.0,0.0,,r0008|r0012,0
20041,5,25950.592617365026,cloud_0,2,1.0,0.003,2,r0008|r0012,r0008|r0012,1,1,0,0,0.040910296032281565,0.040910296032281565,0.0,4.6810662410211545,4.64027867587697,4.6810662410211545,0.0,0.0,,r0008|r0012,0
20041,5,25950.592617365026,edge_5,4,1.0,0.003,2,r0008|r0012,r0008|r0012,1,1,0,0,0.10278818820012173,0.10278818820012173,0.0,3.7668678238917868,3.6643880002562654,3.7668678238917868,0.0,0.0,,r0008|r0012,0
20041,5,25950.592617365026,cloud_0,4,1.0,0.003,2,r0008|r0012,r0008|r0012,1,1,0,0,0.0705105522691793,0.0705105522691793,0.0,4.603800486721995,4.533501466109623,4.603800486721995,0.0,0.0,,r0008|r0012,0
20041,5,25950.592617365026,edge_5,8,1.0,0.003,2,r0008|r0012,r0008|r0012,1,1,0,0,0.20075907472658686,0.20075907472658686,0.0,3.7368427712357426,3.5366859737333356,3.7368427712357426,0.0,0.0,,r0008|r0012,0
20041,5,25950.592617365026,cloud_0,8,1.0,0.003,2,r0008|r0012,r0008|r0012,1,1,0,0,0.12971106474297472,0.12971106474297472,0.0,4.5523234117751095,4.423001480226364,4.5523234117751095,0.0,0.0,,r0008|r0012,0
20041,6,41006.49968146783,edge_5,1,1.0,0.003,1,r0010,r0010,1,1,0,0,0.39029769270555326,0.39029769270555326,0.0,1.5056721656298657,1.1165453660024292,1.5056721656298657,0.0,0.0,,r0010,0
20041,6,41006.49968146783,cloud_0,1,1.0,0.003,1,r0010,r0010,1,1,0,0,0.5992626696093015,0.5992626696093015,0.0,1.8675484076822173,1.2700835260817436,1.867548407682217,2.220446049250313e-16,1.1889630491592295e-16,,r0010,1
20041,6,41006.49968146783,edge_5,2,1.0,0.003,1,r0010,r0010,1,1,0,0,0.6273294893650173,0.6273294893650173,0.0,1.502158823478906,0.8767113225819837,1.502158823478906,0.0,0.0,,r0010,0
20041,6,41006.49968146783,cloud_0,2,1.0,0.003,1,r0010,r0010,1,1,0,0,0.7698811753397022,0.7698811753397022,0.0,1.8660235580186255,1.0984520262049424,1.8660235580186255,0.0,0.0,,r0010,0
20041,6,41006.49968146783,edge_5,4,1.0,0.003,1,r0010,r0010,1,1,0,0,1.1013930826839458,1.1013930826839458,0.0,1.4951321391769863,0.3970432357410925,1.4951321391769863,0.0,0.0,,r0010,0
20041,6,41006.49968146783,cloud_0,4,1.0,0.003,1,r0010,r0010,1,1,0,0,1.111118186800504,1.111118186800504,0.0,1.8629738586914417,0.7551890264513392,1.8629738586914417,0.0,0.0,,r0010,0
20041,6,41006.49968146783,edge_5,8,1.0,0.003,1,r0010,r0010,1,1,0,0,2.049520269321802,2.049520269321802,0.0,1.4810787705731472,-0.5622929379406894,1.4810787705731472,0.0,0.0,,r0010,0
20041,6,41006.49968146783,cloud_0,8,1.0,0.003,1,r0010,r0010,1,1,0,0,1.7935922097221069,1.7935922097221069,0.0,1.8568744600370746,0.06866302694413381,1.8568744600370743,2.220446049250313e-16,1.1957976142371948e-16,,r0010,0
20042,0,0.0,edge_0,1,1.0,0.003,1,r0002,r0002,1,1,0,0,0.021814852627306522,0.021814852627306522,0.0,-1.2313780689372344,-1.2531274770066592,-1.2313780689372344,0.0,0.0,,r0002,0
20042,0,0.0,edge_5,1,1.0,0.003,1,r0002,r0002,1,1,0,0,0.018919951864591195,0.018919951864591195,0.0,-1.179312312928556,-1.1981755049375535,-1.179312312928556,0.0,0.0,,r0002,0
20042,0,0.0,cloud_0,1,1.0,0.003,1,r0002,r0002,1,1,0,0,0.012547924608784233,0.012547924608784233,0.0,-0.39660208754378845,-0.4091123683787463,-0.39660208754378845,0.0,0.0,,r0002,1
20042,0,0.0,edge_0,2,1.0,0.003,1,r0002,r0002,1,1,0,0,0.038038208729346885,0.038038208729346885,0.0,-1.2344206086724394,-1.2723447027755983,-1.2344206086724394,0.0,0.0,,r0002,0
20042,0,0.0,edge_5,2,1.0,0.003,1,r0002,r0002,1,1,0,0,0.03482121633953283,0.03482121633953283,0.0,-1.1830118694622442,-1.2177286221527583,-1.183011869462244,-2.220446049250313e-16,-1.876943170705168e-16,,r0002,0
20042,0,0.0,cloud_0,2,1.0,0.003,1,r0002,r0002,1,1,0,0,0.02253138612221103,0.02253138612221103,0.0,-0.39663203792832874,-0.41909582989217314,-0.39663203792832874,0.0,0.0,,r0002,0
20042,0,0.0,edge_0,4,1.0,0.003,1,r0002,r0002,1,1,0,0,0.07048492093342759,0.07048492093342759,0.0,-1.240505688142849,-1.3107791543134761,-1.240505688142849,0.0,0.0,,r0002,0
20042,0,0.0,edge_5,4,1.0,0.003,1,r0002,r0002,1,1,0,0,0.06662374528941607,0.06662374528941607,0.0,-1.1904109825296196,-1.2568348565831675,-1.1904109825296196,0.0,0.0,,r0002,0
20042,0,0.0,cloud_0,4,1.0,0.003,1,r0002,r0002,1,1,0,0,0.04249830914906463,0.04249830914906463,0.0,-0.39669193869740926,-0.43906275291902674,-0.3966919386974093,5.551115123125783e-17,1.3993516332481085e-16,,r0002,0
20042,0,0.0,edge_0,8,1.0,0.003,1,r0002,r0002,1,1,0,0,0.13537834534158902,0.13537834534158902,0.0,-1.2526758470836674,-1.3876480573892316,-1.2526758470836674,0.0,0.0,,r0002,0
20042,0,0.0,edge_5,8,1.0,0.003,1,r0002,r0002,1,1,0,0,0.13022880318918256,0.13022880318918256,0.0,-1.205209208664371,-1.335047325443986,-1.205209208664371,0.0,0.0,,r0002,0
20042,0,0.0,cloud_0,8,1.0,0.003,1,r0002,r0002,1,1,0,0,0.08243215520277183,0.08243215520277183,0.0,-0.39681174023557036,-0.47899659897273383,-0.3968117402355703,-5.551115123125783e-17,-1.398929154623883e-16,,r0002,0
20042,1,11364.427035314511,edge_0,1,1.0,0.003,5,r0008|r0009|r0010|r0016|r0017,r0008|r0009|r0010|r0016|r0017,1,1,0,0,0.01679060499962535,0.01679060499962535,0.0,7.195900520829021,7.179160287644395,7.195900520829022,-8.881784197001252e-16,-1.2342839053002924e-16,,r0008|r0009|r0010|r0016|r0017,0
20042,1,11364.427035314511,edge_5,1,1.0,0.003,5,r0008|r0009|r0010|r0016|r0017,r0008|r0009|r0010|r0016|r0017,1,1,0,0,0.013467606561607387,0.013467606561607387,0.0,7.1078753509698345,7.0944481472279115,7.1078753509698345,0.0,0.0,,r0008|r0009|r0010|r0016|r0017,0
20042,1,11364.427035314511,cloud_0,1,1.0,0.003,5,r0008|r0009|r0010|r0016|r0017,r0008|r0009|r0010|r0016|r0017,1,1,0,0,0.009726312280017503,0.009726312280017503,0.0,7.563161111908162,7.553463978564985,7.563161111908163,-8.881784197001252e-16,-1.1743481416807218e-16,,r0008|r0009|r0010|r0016|r0017,1
20042,1,11364.427035314511,edge_0,2,1.0,0.003,5,r0008|r0009|r0010|r0016|r0017,r0008|r0009|r0010|r0016|r0017,1,1,0,0,0.02624641648553134,0.02624641648553134,0.0,7.053598913083653,7.027431235847578,7.053598913083652,8.881784197001252e-16,1.259184751847247e-16,,r0008|r0009|r0010|r0016|r0017,0
20042,1,11364.427035314511,edge_5,2,1.0,0.003,5,r0008|r0009|r0010|r0016|r0017,r0008|r0009|r0010|r0016|r0017,1,1,0,0,0.022903619589663204,0.022903619589663204,0.0,6.972295808550671,6.949460899819776,6.972295808550671,0.0,0.0,,r0008|r0009|r0010|r0016|r0017,0
20042,1,11364.427035314511,cloud_0,2,1.0,0.003,5,r0008|r0009|r0010|r0016|r0017,r0008|r0009|r0010|r0016|r0017,1,1,0,0,0.015889544578764524,0.015889544578764524,0.0,7.42505997912763,7.409218103182602,7.425059979127631,-8.881784197001252e-16,-1.196190229030954e-16,,r0008|r0009|r0010|r0016|r0017,0
20042,1,11364.427035314511,edge_0,4,1.0,0.003,5,r0008|r0009|r0010|r0016|r0017,r0008|r0009|r0010|r0016|r0017,1,1,0,0,0.0451580394573433,0.0451580394573433,0.0,6.915013848513686,6.8699912831747145,6.915013848513686,0.0,0.0,,r0008|r0009|r0010|r0016|r0017,0
20042,1,11364.427035314511,edge_5,4,1.0,0.003,5,r0008|r0009|r0010|r0016|r0017,r0008|r0009|r0010|r0016|r0017,1,1,0,0,0.04177564564577483,0.04177564564577483,0.0,6.858063965296566,6.816413646587728,6.858063965296566,0.0,0.0,,r0008|r0009|r0010|r0016|r0017,0
20042,1,11364.427035314511,cloud_0,4,1.0,0.003,5,r0008|r0009|r0010|r0016|r0017,r0008|r0009|r0010|r0016|r0017,1,1,0,0,0.02821600917625857,0.02821600917625857,0.0,7.3046013192004455,7.276469958051716,7.3046013192004455,0.0,0.0,,r0008|r0009|r0010|r0016|r0017,0
20042,1,11364.427035314511,edge_0,8,1.0,0.003,5,r0008|r0009|r0010|r0016|r0017,r0008|r0009|r0010|r0016|r0017,1,1,0,0,0.08298128540096726,0.08298128540096726,0.0,6.793296336620756,6.710563995075992,6.793296336620756,0.0,0.0,,r0008|r0009|r0010|r0016|r0017,0
20042,1,11364.427035314511,edge_5,8,1.0,0.003,5,r0008|r0009|r0010|r0016|r0017,r0008|r0009|r0010|r0016|r0017,1,1,0,0,0.07951969775799807,0.07951969775799807,0.0,6.760679668791073,6.681398530126349,6.760679668791073,0.0,0.0,,r0008|r0009|r0010|r0016|r0017,0
20042,1,11364.427035314511,cloud_0,8,1.0,0.003,5,r0008|r0009|r0010|r0016|r0017,r0008|r0009|r0010|r0016|r0017,1,1,0,0,0.05286893837124666,0.05286893837124666,0.0,7.209901224010333,7.1571908924542,7.209901224010333,0.0,0.0,,r0008|r0009|r0010|r0016|r0017,0
20042,2,16286.902514853526,edge_0,1,1.0,0.003,5,r0000|r0001|r0014|r0018|r0023,r0000|r0001|r0014|r0018|r0023,1,1,0,0,0.11029107814794907,0.11029107814794907,0.0,6.193937569763683,6.083977364850179,6.193937569763684,-8.881784197001252e-16,-1.4339479687942861e-16,,r0000|r0001|r0014|r0018|r0023,0
20042,2,16286.902514853526,edge_5,1,1.0,0.003,5,r0000|r0001|r0014|r0018|r0023,r0000|r0001|r0014|r0018|r0023,1,1,0,0,0.1060715931642738,0.1060715931642738,0.0,6.160696416423006,6.054943038038225,6.160696416423006,0.0,0.0,,r0000|r0001|r0014|r0018|r0023,0
20042,2,16286.902514853526,cloud_0,1,1.0,0.003,5,r0000|r0001|r0014|r0018|r0023,r0000|r0001|r0014|r0018|r0023,1,1,0,0,0.06962708221466374,0.06962708221466374,0.0,6.63860091877347,6.56918271780545,6.63860091877347,0.0,0.0,,r0000|r0001|r0014|r0018|r0023,1
20042,2,16286.902514853526,edge_0,2,1.0,0.003,5,r0000|r0001|r0014|r0018|r0023,r0000|r0001|r0014|r0018|r0023,1,1,0,0,0.20912444055574494,0.20912444055574494,0.0,6.085165851100049,5.87666878386597,6.085165851100047,1.7763568394002505e-15,2.91915928483548e-16,,r0000|r0001|r0014|r0018|r0023,0
20042,2,16286.902514853526,edge_5,2,1.0,0.003,5,r0000|r0001|r0014|r0018|r0023,r0000|r0001|r0014|r0018|r0023,1,1,0,0,0.20577654585634625,0.20577654585634625,0.0,6.069477081862827,5.86431786564405,6.069477081862828,-8.881784197001252e-16,-1.4633524564319268e-16,,r0000|r0001|r0014|r0018|r0023,0
20042,2,16286.902514853526,cloud_0,2,1.0,0.003,5,r0000|r0001|r0014|r0018|r0023,r0000|r0001|r0014|r0018|r0023,1,1,0,0,0.1337167099523906,0.1337167099523906,0.0,6.5539218173411875,6.420606257518655,6.553921817341188,-8.881784197001252e-16,-1.3551861686083458e-16,,r0000|r0001|r0014|r0018|r0023,0
20042,2,16286.902514853526,edge_0,4,1.0,0.003,5,r0000|r0001|r0014|r0018|r0023,r0000|r0001|r0014|r0018|r0023,1,1,0,0,0.4067911653713366,0.4067911653713366,0.0,5.96122076329522,5.555649971419998,5.96122076329522,0.0,0.0,,r0000|r0001|r0014|r0018|r0023,0
20042,2,16286.902514853526,edge_5,4,1.0,0.003,5,r0000|r0001|r0014|r0018|r0023,r0000|r0001|r0014|r0018|r0023,1,1,0,0,0.40518645124049096,0.40518645124049096,0.0,5.947531180710715,5.5435602888239455,5.947531180710715,0.0,0.0,,r0000|r0001|r0014|r0018|r0023,0
20042,2,16286.902514853526,cloud_0,4,1.0,0.003,5,r0000|r0001|r0014|r0018|r0023,r0000|r0001|r0014|r0018|r0023,1,1,0,0,0.2618959654278444,0.2618959654278444,0.0,6.460842412980602,6.199732135449041,6.460842412980602,0.0,0.0,,r0000|r0001|r0014|r0018|r0023,0
20042,2,16286.902514853526,edge_0,8,1.0,0.003,5,r0000|r0001|r0014|r0018|r0023,r0000|r0001|r0014|r0018|r0023,1,1,0,0,0.8021246150025201,0.8021246150025201,0.0,5.769283898088348,4.969565656930836,5.769283898088348,0.0,0.0,,r0000|r0001|r0014|r0018|r0023,0
20042,2,16286.902514853526,edge_5,8,1.0,0.003,5,r0000|r0001|r0014|r0018|r0023,r0000|r0001|r0014|r0018|r0023,1,1,0,0,0.8040062620087808,0.8040062620087808,0.0,5.737185941541181,4.935591698318426,5.73718594154118,8.881784197001252e-16,1.5481081295781286e-16,,r0000|r0001|r0014|r0018|r0023,0
20042,2,16286.902514853526,cloud_0,8,1.0,0.003,5,r0000|r0001|r0014|r0018|r0023,r0000|r0001|r0014|r0018|r0023,1,1,0,0,0.5182544763787519,0.5182544763787519,0.0,6.318422939067315,5.8017232261177,6.3184229390673154,-8.881784197001252e-16,-1.4056963711758624e-16,,r0000|r0001|r0014|r0018|r0023,0
20042,3,32098.507925503036,edge_0,1,1.0,0.003,1,r0007,r0007,1,1,0,0,0.0831075136420334,0.0831075136420334,0.0,0.5770441102342421,0.49418591913313475,0.5770441102342421,0.0,0.0,,r0007,0
20042,3,32098.507925503036,edge_5,1,1.0,0.003,1,r0007,r0007,1,1,0,0,0.06767385354814412,0.06767385354814412,0.0,0.6226809370867932,0.5552101050992935,0.6226809370867932,0.0,0.0,,r0007,0
20042,3,32098.507925503036,cloud_0,1,1.0,0.003,1,r0007,r0007,1,1,0,0,0.04623531799759782,0.04623531799759782,0.0,1.3061209005581096,1.2600242885145045,1.3061209005581096,0.0,0.0,,r0007,1
20042,3,32098.507925503036,edge_0,2,1.0,0.003,1,r0007,r0007,1,1,0,0,0.13490807438508656,0.13490807438508656,0.0,0.5718807716570067,0.43737742149507525,0.5718807716570066,1.1102230246251565e-16,1.9413540018285978e-16,,r0007,0
20042,3,32098.507925503036,edge_5,2,1.0,0.003,1,r0007,r0007,1,1,0,0,0.11844598794159271,0.11844598794159271,0.0,0.6165803942302013,0.4984897442524335,0.6165803942302014,-1.1102230246251565e-16,-1.8006135696404464e-16,,r0007,0
20042,3,32098.507925503036,cloud_0,2,1.0,0.003,1,r0007,r0007,1,1,0,0,0.07811213197489555,0.07811213197489555,0.0,1.3040176975882702,1.2261399020092993,1.3040176975882702,0.0,0.0,,r0007,0
20042,3,32098.507925503036,edge_0,4,1.0,0.003,1,r0007,r0007,1,1,0,0,0.23850919587119293,0.23850919587119293,0.0,0.5615540945025357,0.3237604262189564,0.5615540945025357,0.0,0.0,,r0007,0
20042,3,32098.507925503036,edge_5,4,1.0,0.003,1,r0007,r0007,1,1,0,0,0.21999025672848993,0.21999025672848993,0.0,0.6043793085170177,0.38504902255871337,0.6043793085170178,-1.1102230246251565e-16,-1.83696398764766e-16,,r0007,0
20042,3,32098.507925503036,cloud_0,4,1.0,0.003,1,r0007,r0007,1,1,0,0,0.14186575992949102,0.14186575992949102,0.0,1.299811291648592,1.1583711289988894,1.299811291648592,0.0,0.0,,r0007,0
20042,3,32098.507925503036,edge_0,8,1.0,0.003,1,r0007,r0007,1,1,0,0,0.44571143884340564,0.44571143884340564,0.0,0.5409007401935941,0.09652643566671876,0.5409007401935941,0.0,0.0,,r0007,0
20042,3,32098.507925503036,edge_5,8,1.0,0.003,1,r0007,r0007,1,1,0,0,0.42307879430228423,0.42307879430228423,0.0,0.5799771370906509,0.15816757917127344,0.5799771370906508,1.1102230246251565e-16,1.9142530862412733e-16,,r0007,0
20042,3,32098.507925503036,cloud_0,8,1.0,0.003,1,r0007,r0007,1,1,0,0,0.26937301583868195,0.26937301583868195,0.0,1.291398479769235,1.022833582978069,1.291398479769235,0.0,0.0,,r0007,0
20043,0,0.0,cloud_0,1,1.0,0.003,1,r0000,r0000,1,1,0,0,0.005674938164390931,0.005674938164390931,0.0,-0.1020363854888614,-0.10769429883875915,-0.10203638548886139,-1.3877787807814457e-17,-1.3600822629423108e-16,,r0000,1
20043,0,0.0,cloud_0,2,1.0,0.003,1,r0000,r0000,1,1,0,0,0.007353443907365085,0.007353443907365085,0.0,-0.10204142100609032,-0.1093728045817333,-0.10204142100609032,0.0,0.0,,r0000,0
20043,0,0.0,cloud_0,4,1.0,0.003,1,r0000,r0000,1,1,0,0,0.010710455393313393,0.010710455393313393,0.0,-0.10205149204054817,-0.11272981606768162,-0.10205149204054817,0.0,0.0,,r0000,0
20043,0,0.0,cloud_0,8,1.0,0.003,1,r0000,r0000,1,1,0,0,0.017424478365210008,0.017424478365210008,0.0,-0.10207163410946385,-0.11944383903957824,-0.10207163410946386,1.3877787807814457e-17,1.3596125827604183e-16,,r0000,0
20043,1,6215.2739535512455,cloud_0,1,1.0,0.003,2,r0002|r0014,r0002|r0014,1,1,0,0,0.0064331234931114594,0.0064331234931114594,0.0,6.232007178207914,6.225593354085281,6.232007178207913,8.881784197001252e-16,1.4251883771987748e-16,,r0002|r0014,1
20043,1,6215.2739535512455,cloud_0,2,1.0,0.003,2,r0002|r0014,r0002|r0014,1,1,0,0,0.007595755157994427,0.007595755157994427,0.0,6.1682732761702574,6.160700308277737,6.1682732761702574,0.0,0.0,,r0002|r0014,0
20043,1,6215.2739535512455,cloud_0,4,1.0,0.003,2,r0002|r0014,r0002|r0014,1,1,0,0,0.009921018487760362,0.009921018487760362,0.0,6.079377500858404,6.0694862454261065,6.079377500858404,0.0,0.0,,r0002|r0014,0
20043,1,6215.2739535512455,cloud_0,8,1.0,0.003,2,r0002|r0014,r0002|r0014,1,1,0,0,0.014571545147292232,0.014571545147292232,0.0,5.977914033583592,5.9633862030717415,5.977914033583592,0.0,0.0,,r0002|r0014,0
20043,2,16739.262535246984,cloud_0,1,1.0,0.003,5,r0003|r0008|r0013|r0016|r0023,r0003|r0008|r0013|r0016|r0023,1,1,0,0,0.05526511412532944,0.05526511412532944,0.0,6.111216277136296,6.056116958353343,6.111216277136296,0.0,0.0,,r0003|r0008|r0013|r0016|r0023,1
20043,2,16739.262535246984,cloud_0,2,1.0,0.003,5,r0003|r0008|r0013|r0016|r0023,r0003|r0008|r0013|r0016|r0023,1,1,0,0,0.10212464520231879,0.10212464520231879,0.0,5.977701208566925,5.875882937300213,5.977701208566925,0.0,0.0,,r0003|r0008|r0013|r0016|r0023,0
20043,2,16739.262535246984,cloud_0,4,1.0,0.003,5,r0003|r0008|r0013|r0016|r0023,r0003|r0008|r0013|r0016|r0023,1,1,0,0,0.1958437073562975,0.1958437073562975,0.0,5.831438846204032,5.636182669969803,5.831438846204032,0.0,0.0,,r0003|r0008|r0013|r0016|r0023,0
20043,2,16739.262535246984,cloud_0,8,1.0,0.003,5,r0003|r0008|r0013|r0016|r0023,r0003|r0008|r0013|r0016|r0023,1,1,0,0,0.383281831664255,0.383281831664255,0.0,5.617298485705364,5.235166499536102,5.617298485705364,0.0,0.0,,r0003|r0008|r0013|r0016|r0023,0
20043,3,58273.73586124661,cloud_0,1,1.0,0.003,2,r0010|r0017,r0010|r0017,1,1,0,0,0.07953275828175538,0.07953275828175538,0.0,7.321414594083915,7.242120434077005,7.321414594083915,0.0,0.0,,r0010|r0017,1
20043,3,58273.73586124661,cloud_0,2,1.0,0.003,2,r0010|r0017,r0010|r0017,1,1,0,0,0.1256592499393518,0.1256592499393518,0.0,7.215479805479167,7.090197533289634,7.215479805479167,0.0,0.0,,r0010|r0017,0
20043,3,58273.73586124661,cloud_0,4,1.0,0.003,2,r0010|r0017,r0010|r0017,1,1,0,0,0.21791223325454467,0.21791223325454467,0.0,7.120198859347551,6.902940362792769,7.120198859347551,0.0,0.0,,r0010|r0017,0
20043,3,58273.73586124661,cloud_0,8,1.0,0.003,2,r0010|r0017,r0010|r0017,1,1,0,0,0.40241819988493027,0.40241819988493027,0.0,7.030638779656152,6.629427834370877,7.030638779656153,-8.881784197001252e-16,-1.2632969030782199e-16,,r0010|r0017,0
20043,4,62642.15998427088,cloud_0,1,1.0,0.003,2,r0004|r0005,r0004|r0005,1,1,0,0,0.02493102247996832,0.02493102247996832,0.0,6.812891856786588,6.78803562737406,6.812891856786589,-8.881784197001252e-16,-1.3036731513877999e-16,,r0004|r0005,1
20043,4,62642.15998427088,cloud_0,2,1.0,0.003,2,r0004|r0005,r0004|r0005,1,1,0,0,0.04257495742408114,0.04257495742408114,0.0,6.731025614356118,6.68857838180431,6.731025614356119,-8.881784197001252e-16,-1.3195291038646377e-16,,r0004|r0005,0
20043,4,62642.15998427088,cloud_0,4,1.0,0.003,2,r0004|r0005,r0004|r0005,1,1,0,0,0.07786282731230679,0.07786282731230679,0.0,6.673135785177545,6.595506546347175,6.673135785177545,0.0,0.0,,r0004|r0005,0
20043,4,62642.15998427088,cloud_0,8,1.0,0.003,2,r0004|r0005,r0004|r0005,1,1,0,0,0.14843856708875808,0.14843856708875808,0.0,6.63342873951732,6.485435488129828,6.63342873951732,0.0,0.0,,r0004|r0005,0
20044,0,0.0,edge_5,1,1.0,0.003,1,r0015,r0015,1,1,0,0,0.026878829355910457,0.026878829355910457,0.0,-1.3629543113015323,-1.3897525041693752,-1.3629543113015326,2.220446049250313e-16,1.6291419535038793e-16,,r0015,0
20044,0,0.0,cloud_0,1,1.0,0.003,1,r0015,r0015,1,1,0,0,0.01811031105329882,0.01811031105329882,0.0,-0.40117890112198223,-0.41923488124212116,-0.40117890112198223,0.0,0.0,,r0015,1
20044,0,0.0,edge_5,2,1.0,0.003,1,r0015,r0015,1,1,0,0,0.05294061560655078,0.05294061560655078,0.0,-1.3669263608024422,-1.4197081545621735,-1.3669263608024425,2.220446049250313e-16,1.6244079512423912e-16,,r0015,0
20044,0,0.0,cloud_0,2,1.0,0.003,1,r0015,r0015,1,1,0,0,0.03257662421514235,0.03257662421514235,0.0,-0.40122230006146775,-0.4337011944039647,-0.4012223000614678,5.551115123125783e-17,1.383550994617035e-16,,r0015,0
20044,0,0.0,edge_5,4,1.0,0.003,1,r0015,r0015,1,1,0,0,0.10506418810783139,0.10506418810783139,0.0,-1.3748704598042623,-1.4796194553477702,-1.3748704598042623,0.0,0.0,,r0015,0
20044,0,0.0,cloud_0,4,1.0,0.003,1,r0015,r0015,1,1,0,0,0.061509250538829385,0.061509250538829385,0.0,-0.4013090979404388,-0.4626338207276517,-0.4013090979404388,0.0,0.0,,r0015,0
20044,0,0.0,edge_5,8,1.0,0.003,1,r0015,r0015,1,1,0,0,0.20931133311039263,0.20931133311039263,0.0,-1.390758657807902,-1.5994420569189636,-1.390758657807902,0.0,0.0,,r0015,0
20044,0,0.0,cloud_0,8,1.0,0.003,1,r0015,r0015,1,1,0,0,0.11937450318620346,0.11937450318620346,0.0,-0.40148269369838085,-0.5204990733750258,-0.4014826936983809,5.551115123125783e-17,1.382653651142465e-16,,r0015,0
20044,1,12893.281173709182,edge_5,1,1.0,0.003,2,r0000|r0009,r0000|r0009,1,1,0,0,0.030058693364427548,0.030058693364427548,0.0,3.7112360965869393,3.6812675793026046,3.711236096586939,4.440892098500626e-16,1.1966072712497917e-16,,r0000|r0009,0
20044,1,12893.281173709182,cloud_0,1,1.0,0.003,2,r0000|r0009,r0000|r0009,1,1,0,0,0.021401094021156246,0.021401094021156246,0.0,4.584094142205467,4.562757251466374,4.584094142205467,0.0,0.0,,r0000|r0009,1
20044,1,12893.281173709182,edge_5,2,1.0,0.003,2,r0000|r0009,r0000|r0009,1,1,0,0,0.05940488121085707,0.05940488121085707,0.0,3.698914698540223,3.6396880319729985,3.698914698540223,0.0,0.0,,r0000|r0009,0
20044,1,12893.281173709182,cloud_0,2,1.0,0.003,2,r0000|r0009,r0000|r0009,1,1,0,0,0.039308738557256744,0.039308738557256744,0.0,4.531996145347238,4.492805333005652,4.531996145347237,8.881784197001252e-16,1.959795179022761e-16,,r0000|r0009,0
20044,1,12893.281173709182,edge_5,4,1.0,0.003,2,r0000|r0009,r0000|r0009,1,1,0,0,0.11809725690371611,0.11809725690371611,0.0,3.6872442774093632,3.569501312276358,3.687244277409363,4.440892098500626e-16,1.2043932444911872e-16,,r0000|r0009,0
20044,1,12893.281173709182,cloud_0,4,1.0,0.003,2,r0000|r0009,r0000|r0009,1,1,0,0,0.07512402762945775,0.07512402762945775,0.0,4.501241667332458,4.426343011785889,4.501241667332458,0.0,0.0,,r0000|r0009,0
20044,1,12893.281173709182,edge_5,8,1.0,0.003,2,r0000|r0009,r0000|r0009,1,1,0,0,0.2354820082894342,0.2354820082894342,0.0,3.670566853659738,3.435791291395172,3.670566853659738,0.0,0.0,,r0000|r0009,0
20044,1,12893.281173709182,cloud_0,8,1.0,0.003,2,r0000|r0009,r0000|r0009,1,1,0,0,0.14675460577385974,0.14675460577385974,0.0,4.484299973426154,4.337985631469616,4.484299973426154,0.0,0.0,,r0000|r0009,0
20044,2,27689.362595285373,edge_5,1,1.0,0.003,3,r0001|r0013|r0021,r0001|r0013|r0021,1,1,0,0,0.017674064170794385,0.017674064170794385,0.0,6.737877984064941,6.720256942086659,6.737877984064942,-8.881784197001252e-16,-1.3181871529889146e-16,,r0001|r0013|r0021,0
20044,2,27689.362595285373,cloud_0,1,1.0,0.003,3,r0001|r0013|r0021,r0001|r0013|r0021,1,1,0,0,0.017884230467774282,0.017884230467774282,0.0,7.6432728909609935,7.625442313184623,7.6432728909609935,0.0,0.0,,r0001|r0013|r0021,1
20044,2,27689.362595285373,edge_5,2,1.0,0.003,3,r0001|r0013|r0021,r0001|r0013|r0021,1,1,0,0,0.03387780834926412,0.03387780834926412,0.0,6.691343179084481,6.657567004160265,6.691343179084481,0.0,0.0,,r0001|r0013|r0021,0
20044,2,27689.362595285373,cloud_0,2,1.0,0.003,3,r0001|r0013|r0021,r0001|r0013|r0021,1,1,0,0,0.02822742870843049,0.02822742870843049,0.0,7.519092107180419,7.490949360758114,7.519092107180419,0.0,0.0,,r0001|r0013|r0021,0
20044,2,27689.362595285373,edge_5,4,1.0,0.003,3,r0001|r0013|r0021,r0001|r0013|r0021,1,1,0,0,0.06628529670620359,0.06628529670620359,0.0,6.658423857349055,6.59233741653297,6.658423857349055,0.0,0.0,,r0001|r0013|r0021,0
20044,2,27689.362595285373,cloud_0,4,1.0,0.003,3,r0001|r0013|r0021,r0001|r0013|r0021,1,1,0,0,0.04891382518974291,0.04891382518974291,0.0,7.414204229255748,7.365437145541575,7.414204229255749,-8.881784197001252e-16,-1.1979416701194407e-16,,r0001|r0013|r0021,0
20044,2,27689.362595285373,edge_5,8,1.0,0.003,3,r0001|r0013|r0021,r0001|r0013|r0021,1,1,0,0,0.13110027342008254,0.13110027342008254,0.0,6.626280375915286,6.495573403315464,6.626280375915286,0.0,0.0,,r0001|r0013|r0021,0
20044,2,27689.362595285373,cloud_0,8,1.0,0.003,3,r0001|r0013|r0021,r0001|r0013|r0021,1,1,0,0,0.09028661815236777,0.09028661815236777,0.0,7.338057026469355,7.248041268171444,7.338057026469355,0.0,0.0,,r0001|r0013|r0021,0
20044,3,31565.605530045897,edge_5,1,1.0,0.003,2,r0002|r0007,r0002|r0007,1,1,0,0,0.010004350970218512,0.010004350970218512,0.0,6.025302008110243,6.015327670192936,6.025302008110244,-8.881784197001252e-16,-1.4740811639061567e-16,,r0002|r0007,0
20044,3,31565.605530045897,cloud_0,1,1.0,0.003,2,r0002|r0007,r0002|r0007,1,1,0,0,0.009370412754115338,0.009370412754115338,0.0,6.554605672522273,6.54526337100642,6.554605672522273,0.0,0.0,,r0002|r0007,1
20044,3,31565.605530045897,edge_5,2,1.0,0.003,2,r0002|r0007,r0002|r0007,1,1,0,0,0.01903030211057342,0.01903030211057342,0.0,5.986528308431809,5.967555097227567,5.986528308431809,0.0,0.0,,r0002|r0007,0
20044,3,31565.605530045897,cloud_0,2,1.0,0.003,2,r0002|r0007,r0002|r0007,1,1,0,0,0.01437873260535905,0.01437873260535905,0.0,6.453118441919997,6.4387828455124545,6.453118441919997,0.0,0.0,,r0002|r0007,0
20044,3,31565.605530045897,edge_5,4,1.0,0.003,2,r0002|r0007,r0002|r0007,1,1,0,0,0.037082204391283236,0.037082204391283236,0.0,5.957415002892469,5.920444045114359,5.957415002892469,0.0,0.0,,r0002|r0007,0
20044,3,31565.605530045897,cloud_0,4,1.0,0.003,2,r0002|r0007,r0002|r0007,1,1,0,0,0.024395372307846476,0.024395372307846476,0.0,6.365671575831028,6.341349389640105,6.365671575831028,0.0,0.0,,r0002|r0007,0
20044,3,31565.605530045897,edge_5,8,1.0,0.003,2,r0002|r0007,r0002|r0007,1,1,0,0,0.07318600895270287,0.07318600895270287,0.0,5.926320342257367,5.853353891331522,5.926320342257367,0.0,0.0,,r0002|r0007,0
20044,3,31565.605530045897,cloud_0,8,1.0,0.003,2,r0002|r0007,r0002|r0007,1,1,0,0,0.044428651712821315,0.044428651712821315,0.0,6.298377957745447,6.254082591987763,6.298377957745446,8.881784197001252e-16,1.4101700876935871e-16,,r0002|r0007,0
20044,4,33973.53088288617,edge_5,1,1.0,0.003,2,r0004|r0008,r0004|r0008,1,1,0,0,0.028743989322108837,0.028743989322108837,0.0,4.42165439285004,4.392996635495898,4.421654392850041,-8.881784197001252e-16,-2.0087015872075815e-16,,r0004|r0008,0
20044,4,33973.53088288617,cloud_0,1,1.0,0.003,2,r0004|r0008,r0004|r0008,1,1,0,0,0.023302306913784165,0.023302306913784165,0.0,5.408436049834967,5.385203649841925,5.408436049834967,0.0,0.0,,r0004|r0008,1
20044,4,33973.53088288617,edge_5,2,1.0,0.003,2,r0004|r0008,r0004|r0008,1,1,0,0,0.05680663661936719,0.05680663661936719,0.0,4.4068119379456885,4.350175721236179,4.4068119379456885,0.0,0.0,,r0004|r0008,0
20044,4,33973.53088288617,cloud_0,2,1.0,0.003,2,r0004|r0008,r0004|r0008,1,1,0,0,0.04280081613348334,0.04280081613348334,0.0,5.356333280382687,5.313660866697604,5.356333280382687,0.0,0.0,,r0004|r0008,0
20044,4,33973.53088288617,edge_5,4,1.0,0.003,2,r0004|r0008,r0004|r0008,1,1,0,0,0.11293193121388391,0.11293193121388391,0.0,4.390099403099558,4.277506267679317,4.390099403099559,-8.881784197001252e-16,-2.0231396561841883e-16,,r0004|r0008,0
20044,4,33973.53088288617,cloud_0,4,1.0,0.003,2,r0004|r0008,r0004|r0008,1,1,0,0,0.08179783457288167,0.08179783457288167,0.0,5.325569257179807,5.244016816110644,5.325569257179807,0.0,0.0,,r0004|r0008,0
20044,4,33973.53088288617,edge_5,8,1.0,0.003,2,r0004|r0008,r0004|r0008,1,1,0,0,0.22518252040291734,0.22518252040291734,0.0,4.363337751919395,4.1388307790776855,4.363337751919394,8.881784197001252e-16,2.0355481748104949e-16,,r0004|r0008,0
20044,4,33973.53088288617,cloud_0,8,1.0,0.003,2,r0004|r0008,r0004|r0008,1,1,0,0,0.1597918714516784,0.1597918714516784,0.0,5.3086084728972995,5.1492959770599755,5.308608472897299,8.881784197001252e-16,1.6730908377113385e-16,,r0004|r0008,0
20044,5,48447.59771336819,edge_5,1,1.0,0.003,2,r0017|r0020,r0017|r0020,1,1,0,0,0.0603857575525894,0.0603857575525894,0.0,3.2221023997810385,3.1618977995011073,3.222102399781039,-4.440892098500626e-16,-1.3782591449615043e-16,,r0017|r0020,0
20044,5,48447.59771336819,cloud_0,1,1.0,0.003,2,r0017|r0020,r0017|r0020,1,1,0,0,0.03910815319093899,0.03910815319093899,0.0,4.419828340939278,4.380837512207911,4.419828340939278,0.0,0.0,,r0017|r0020,1
20044,5,48447.59771336819,edge_5,2,1.0,0.003,2,r0017|r0020,r0017|r0020,1,1,0,0,0.11934014265850991,0.11934014265850991,0.0,3.203851469558949,3.084869347328414,3.2038514695589484,4.440892098500626e-16,1.3861104800566712e-16,,r0017|r0020,0
20044,5,48447.59771336819,cloud_0,2,1.0,0.003,2,r0017|r0020,r0017|r0020,1,1,0,0,0.07183241042350746,0.07183241042350746,0.0,4.364795131238271,4.293178218046034,4.364795131238271,0.0,0.0,,r0017|r0020,0
20044,5,48447.59771336819,edge_5,4,1.0,0.003,2,r0017|r0020,r0017|r0020,1,1,0,0,0.23724891287035094,0.23724891287035094,0.0,3.1803219840773402,2.9437848179456005,3.1803219840773402,0.0,0.0,,r0017|r0020,0
20044,5,48447.59771336819,cloud_0,4,1.0,0.003,2,r0017|r0020,r0017|r0020,1,1,0,0,0.13728092488864438,0.13728092488864438,0.0,4.328170227537937,4.191301145423958,4.328170227537937,0.0,0.0,,r0017|r0020,0
20044,5,48447.59771336819,edge_5,8,1.0,0.003,2,r0017|r0020,r0017|r0020,1,1,0,0,0.4730664532940329,0.4730664532940329,0.0,3.1399264316262214,2.6682791776920705,3.1399264316262214,0.0,0.0,,r0017|r0020,0
20044,5,48447.59771336819,cloud_0,8,1.0,0.003,2,r0017|r0020,r0017|r0020,1,1,0,0,0.26817795381891824,0.26817795381891824,0.0,4.299487682260523,4.032114262303061,4.299487682260523,0.0,0.0,,r0017|r0020,0
20045,0,0.0,cloud_0,1,1.0,0.003,1,r0000,r0000,1,1,0,0,0.005705806358546737,0.005705806358546737,0.0,-0.12820550728664892,-0.13389419622612,-0.1282055072866489,-2.7755575615628914e-17,-2.1649284966808384e-16,,r0000,1
20045,0,0.0,cloud_0,2,1.0,0.003,1,r0000,r0000,1,1,0,0,0.007392623942184732,0.007392623942184732,0.0,-0.12821056773939984,-0.135581013809758,-0.12821056773939984,0.0,0.0,,r0000,0
20045,0,0.0,cloud_0,4,1.0,0.003,1,r0000,r0000,1,1,0,0,0.010766259109460719,0.010766259109460719,0.0,-0.12822068864490166,-0.138954648977034,-0.12822068864490166,0.0,0.0,,r0000,0
20045,0,0.0,cloud_0,8,1.0,0.003,1,r0000,r0000,1,1,0,0,0.017513529444012688,0.017513529444012688,0.0,-0.1282409304559053,-0.14570191931158594,-0.1282409304559053,0.0,0.0,,r0000,0
20045,1,1504.317573532141,cloud_0,1,1.0,0.003,1,r0008,r0008,1,1,0,0,0.005489945355173451,0.005489945355173451,0.0,-0.09367385878181987,-0.0991473343009278,-0.09367385878181987,0.0,0.0,,r0008,1
20045,1,1504.317573532141,cloud_0,2,1.0,0.003,1,r0008,r0008,1,1,0,0,0.0062905207152092685,0.0062905207152092685,0.0,-0.09367626050789998,-0.09994790966096362,-0.09367626050789998,0.0,0.0,,r0008,0
20045,1,1504.317573532141,cloud_0,4,1.0,0.003,1,r0008,r0008,1,1,0,0,0.007891671435280898,0.007891671435280898,0.0,-0.09368106396006019,-0.10154906038103526,-0.0936810639600602,1.3877787807814457e-17,1.4813866560835693e-16,,r0008,0
20045,1,1504.317573532141,cloud_0,8,1.0,0.003,1,r0008,r0008,1,1,0,0,0.01109397287542416,0.01109397287542416,0.0,-0.09369067086438063,-0.10475136182117852,-0.09369067086438063,0.0,0.0,,r0008,0
20045,2,5379.188252717466,cloud_0,1,1.0,0.003,2,r0002|r0015,r0002|r0015,1,1,0,0,0.027936522702117078,0.027936522702117078,0.0,4.847697943165141,4.81984523003113,4.847697943165141,0.0,0.0,,r0002|r0015,1
20045,2,5379.188252717466,cloud_0,2,1.0,0.003,2,r0002|r0015,r0002|r0015,1,1,0,0,0.04983426597129767,0.04983426597129767,0.0,4.767196103400352,4.7175113402269675,4.767196103400352,0.0,0.0,,r0002|r0015,0
20045,2,5379.188252717466,cloud_0,4,1.0,0.003,2,r0002|r0015,r0002|r0015,1,1,0,0,0.09362975250965884,0.09362975250965884,0.0,4.6956052602655625,4.6022563970134325,4.6956052602655625,0.0,0.0,,r0002|r0015,0
20045,2,5379.188252717466,cloud_0,8,1.0,0.003,2,r0002|r0015,r0002|r0015,1,1,0,0,0.18122072558638117,0.18122072558638117,0.0,4.610465793327092,4.42978872991747,4.610465793327092,0.0,0.0,,r0002|r0015,0
20045,3,14957.008951797543,cloud_0,1,1.0,0.003,5,r0003|r0004|r0010|r0013|r0020,r0003|r0004|r0010|r0013|r0020,1,1,0,0,0.030950398503855926,0.030950398503855926,0.0,8.098140391123394,8.067282843815049,8.098140391123392,1.7763568394002505e-15,2.193536730170011e-16,,r0003|r0004|r0010|r0013|r0020,1
20045,3,14957.008951797543,cloud_0,2,1.0,0.003,5,r0003|r0004|r0010|r0013|r0020,r0003|r0004|r0010|r0013|r0020,1,1,0,0,0.04501200669517182,0.04501200669517182,0.0,7.965730656438799,7.9208536857637135,7.9657306564388,-8.881784197001252e-16,-1.1149993114344124e-16,,r0003|r0004|r0010|r0013|r0020,0
20045,3,14957.008951797543,cloud_0,4,1.0,0.003,5,r0003|r0004|r0010|r0013|r0020,r0003|r0004|r0010|r0013|r0020,1,1,0,0,0.07313522307780361,0.07313522307780361,0.0,7.819814753216116,7.746898935807547,7.819814753216117,-8.881784197001252e-16,-1.1358049362164713e-16,,r0003|r0004|r0010|r0013|r0020,0
20045,3,14957.008951797543,cloud_0,8,1.0,0.003,5,r0003|r0004|r0010|r0013|r0020,r0003|r0004|r0010|r0013|r0020,1,1,0,0,0.12938165584306727,0.12938165584306727,0.0,7.682935316809339,7.5539418059338015,7.682935316809339,0.0,0.0,,r0003|r0004|r0010|r0013|r0020,0
20045,4,18239.670981247527,cloud_0,1,1.0,0.003,3,r0016|r0017|r0021,r0016|r0017|r0021,1,1,0,0,0.022050028735547077,0.022050028735547077,0.0,5.808436549323834,5.786452670674493,5.808436549323834,0.0,0.0,,r0016|r0017|r0021,1
20045,4,18239.670981247527,cloud_0,2,1.0,0.003,3,r0016|r0017|r0021,r0016|r0017|r0021,1,1,0,0,0.03843236283597436,0.03843236283597436,0.0,5.707626245403096,5.66930917965563,5.707626245403096,0.0,0.0,,r0016|r0017|r0021,0
20045,4,18239.670981247527,cloud_0,4,1.0,0.003,3,r0016|r0017|r0021,r0016|r0017|r0021,1,1,0,0,0.07119703103682894,0.07119703103682894,0.0,5.637480919175967,5.566497479232249,5.637480919175967,0.0,0.0,,r0016|r0017|r0021,0
20045,4,18239.670981247527,cloud_0,8,1.0,0.003,3,r0016|r0017|r0021,r0016|r0017|r0021,1,1,0,0,0.13672636743853803,0.13672636743853803,0.0,5.591704463645165,5.455388275308943,5.591704463645165,0.0,0.0,,r0016|r0017|r0021,0
20046,0,0.0,edge_2,1,1.0,0.003,1,r0005,r0005,1,1,0,0,0.051563460166030334,0.051563460166030334,0.0,-1.2447385473527952,-1.2961473171383273,-1.244738547352795,-2.220446049250313e-16,-1.7838654181414804e-16,,r0005,0
20046,0,0.0,cloud_0,1,1.0,0.003,1,r0005,r0005,1,1,0,0,0.020121934454322334,0.020121934454322334,0.0,-0.3912070294422766,-0.41126859809323596,-0.3912070294422766,0.0,0.0,,r0005,1
20046,0,0.0,edge_2,2,1.0,0.003,1,r0005,r0005,1,1,0,0,0.09024344362320502,0.09024344362320502,0.0,-1.2539065100740923,-1.3438792233664276,-1.2539065100740923,0.0,0.0,,r0005,0
20046,0,0.0,cloud_0,2,1.0,0.003,1,r0005,r0005,1,1,0,0,0.03625706430098376,0.03625706430098376,0.0,-0.3912554348318166,-0.4274037279398974,-0.3912554348318166,0.0,0.0,,r0005,0
20046,0,0.0,edge_2,4,1.0,0.003,1,r0005,r0005,1,1,0,0,0.16760341053755434,0.16760341053755434,0.0,-1.2722424355166866,-1.4393430358226285,-1.2722424355166868,2.220446049250313e-16,1.7453010426810193e-16,,r0005,0
20046,0,0.0,cloud_0,4,1.0,0.003,1,r0005,r0005,1,1,0,0,0.0685273239943066,0.0685273239943066,0.0,-0.39135224561089654,-0.4596739876332202,-0.39135224561089654,0.0,0.0,,r0005,0
20046,0,0.0,edge_2,8,1.0,0.003,1,r0005,r0005,1,1,0,0,0.3223233443662531,0.3223233443662531,0.0,-1.3089142864018755,-1.6302706607350297,-1.3089142864018752,-2.220446049250313e-16,-1.6964029442708447e-16,,r0005,0
20046,0,0.0,cloud_0,8,1.0,0.003,1,r0005,r0005,1,1,0,0,0.1330678433809523,0.1330678433809523,0.0,-0.3915458671690565,-0.5242145070198659,-0.3915458671690565,0.0,0.0,,r0005,0
20046,1,10128.76878311871,edge_2,1,1.0,0.003,4,r0000|r0001|r0013|r0017,r0000|r0001|r0013|r0017,1,1,0,0,0.09004926659734151,0.09004926659734151,0.0,5.293151281358348,5.2033721625607985,5.293151281358348,0.0,0.0,,r0000|r0001|r0013|r0017,0
20046,1,10128.76878311871,cloud_0,1,1.0,0.003,4,r0000|r0001|r0013|r0017,r0000|r0001|r0013|r0017,1,1,0,0,0.03369073491031759,0.03369073491031759,0.0,5.700454860491601,5.666865197786015,5.700454860491601,0.0,0.0,,r0000|r0001|r0013|r0017,1
20046,1,10128.76878311871,edge_2,2,1.0,0.003,4,r0000|r0001|r0013|r0017,r0000|r0001|r0013|r0017,1,1,0,0,0.17005769494419248,0.17005769494419248,0.0,5.163935509390303,4.994387987530943,5.163935509390303,0.0,0.0,,r0000|r0001|r0013|r0017,0
20046,1,10128.76878311871,cloud_0,2,1.0,0.003,4,r0000|r0001|r0013|r0017,r0000|r0001|r0013|r0017,1,1,0,0,0.06451206817610461,0.06451206817610461,0.0,5.636204082393467,5.571885550421891,5.636204082393467,0.0,0.0,,r0000|r0001|r0013|r0017,0
20046,1,10128.76878311871,edge_2,4,1.0,0.003,4,r0000|r0001|r0013|r0017,r0000|r0001|r0013|r0017,1,1,0,0,0.33007455163789434,0.33007455163789434,0.0,4.995147106968281,4.6660627789852995,4.99514710696828,8.881784197001252e-16,1.7780826083402175e-16,,r0000|r0001|r0013|r0017,0
20046,1,10128.76878311871,cloud_0,4,1.0,0.003,4,r0000|r0001|r0013|r0017,r0000|r0001|r0013|r0017,1,1,0,0,0.12615473470767863,0.12615473470767863,0.0,5.577144158274152,5.451367887770596,5.577144158274152,0.0,0.0,,r0000|r0001|r0013|r0017,0
20046,1,10128.76878311871,edge_2,8,1.0,0.003,4,r0000|r0001|r0013|r0017,r0000|r0001|r0013|r0017,1,1,0,0,0.6501082650252981,0.6501082650252981,0.0,4.710872608855203,4.062714668624981,4.710872608855203,0.0,0.0,,r0000|r0001|r0013|r0017,0
20046,1,10128.76878311871,cloud_0,8,1.0,0.003,4,r0000|r0001|r0013|r0017,r0000|r0001|r0013|r0017,1,1,0,0,0.2494400677708267,0.2494400677708267,0.0,5.470206197733287,5.221514450165773,5.470206197733288,-8.881784197001252e-16,-1.6236653383709073e-16,,r0000|r0001|r0013|r0017,0
20046,2,24150.976233564164,edge_2,1,1.0,0.003,4,r0004|r0012|r0016|r0022,r0004|r0012|r0016|r0022,1,1,0,0,0.1800383538432032,0.1800383538432032,0.0,5.677074691110988,5.497576452329315,5.677074691110988,0.0,0.0,,r0004|r0012|r0016|r0022,0
20046,2,24150.976233564164,cloud_0,1,1.0,0.003,4,r0004|r0012|r0016|r0022,r0004|r0012|r0016|r0022,1,1,0,0,0.07435612248108826,0.07435612248108826,0.0,6.258748249643134,6.1846151955294895,6.258748249643134,0.0,0.0,,r0004|r0012|r0016|r0022,1
20046,2,24150.976233564164,edge_2,2,1.0,0.003,4,r0004|r0012|r0016|r0022,r0004|r0012|r0016|r0022,1,1,0,0,0.34000174141369327,0.34000174141369327,0.0,5.557275157113332,5.21829342092388,5.557275157113332,0.0,0.0,,r0004|r0012|r0016|r0022,0
20046,2,24150.976233564164,cloud_0,2,1.0,0.003,4,r0004|r0012|r0016|r0022,r0004|r0012|r0016|r0022,1,1,0,0,0.14237941842407648,0.14237941842407648,0.0,6.191459792123362,6.049507511954558,6.1914597921233625,-8.881784197001252e-16,-1.434521824449294e-16,,r0004|r0012|r0016|r0022,0
20046,2,24150.976233564164,edge_2,4,1.0,0.003,4,r0004|r0012|r0016|r0022,r0004|r0012|r0016|r0022,1,1,0,0,0.6599285165546732,0.6599285165546732,0.0,5.407319230632084,4.749370499627076,5.407319230632085,-8.881784197001252e-16,-1.6425485195485715e-16,,r0004|r0012|r0016|r0022,0
20046,2,24150.976233564164,cloud_0,4,1.0,0.003,4,r0004|r0012|r0016|r0022,r0004|r0012|r0016|r0022,1,1,0,0,0.278426010310053,0.278426010310053,0.0,6.1294946801236465,5.851903947844524,6.1294946801236465,0.0,0.0,,r0004|r0012|r0016|r0022,0
20046,2,24150.976233564164,edge_2,8,1.0,0.003,4,r0004|r0012|r0016|r0022,r0004|r0012|r0016|r0022,1,1,0,0,1.2997820668366333,1.2997820668366333,0.0,5.160709684400558,3.8648269637644352,5.160709684400558,0.0,0.0,,r0004|r0012|r0016|r0022,0
20046,2,24150.976233564164,cloud_0,8,1.0,0.003,4,r0004|r0012|r0016|r0022,r0004|r0012|r0016|r0022,1,1,0,0,0.550519194082006,0.550519194082006,0.0,6.045760686473609,5.496893049973849,6.045760686473609,0.0,0.0,,r0004|r0012|r0016|r0022,0
20046,3,37449.71236675948,edge_2,1,1.0,0.003,3,r0014|r0015|r0019,r0014|r0015|r0019,1,1,0,0,1.944555781493211,1.944555781493211,0.0,6.153790649023352,4.215068534874621,6.153790649023352,0.0,0.0,,r0014|r0015|r0019,0
20046,3,37449.71236675948,cloud_0,1,1.0,0.003,3,r0014|r0015|r0019,r0014|r0015|r0019,1,1,0,0,0.7854724285848462,0.7854724285848462,0.0,6.637466151231645,5.854350139932553,6.637466151231645,0.0,0.0,,r0014|r0015|r0019,1
20046,3,37449.71236675948,edge_2,2,1.0,0.003,3,r0014|r0015|r0019,r0014|r0015|r0019,1,1,0,0,3.644221387430448,3.644221387430448,0.0,6.024290658398018,2.3910019351298604,6.024290658398018,0.0,0.0,,r0014|r0015|r0019,0
20046,3,37449.71236675948,cloud_0,2,1.0,0.003,3,r0014|r0015|r0019,r0014|r0015|r0019,1,1,0,0,1.495097174295295,1.495097174295295,0.0,6.565486274059594,5.074874391287185,6.5654862740595945,-8.881784197001252e-16,-1.352799141792956e-16,,r0014|r0015|r0019,0
20046,3,37449.71236675948,edge_2,4,1.0,0.003,3,r0014|r0015|r0019,r0014|r0015|r0019,1,1,0,0,4.36871193989166,4.36871193989166,0.0,5.857425617029048,1.501819812957062,5.857425617029047,1.7763568394002505e-15,3.0326579551192637e-16,,r0014|r0015|r0019,0
20046,3,37449.71236675948,cloud_0,4,1.0,0.003,3,r0014|r0015|r0019,r0014|r0015|r0019,1,1,0,0,2.914346665716193,2.914346665716193,0.0,6.489656763649945,3.584053137930901,6.489656763649945,0.0,0.0,,r0014|r0015|r0019,0
20046,3,37449.71236675948,edge_2,8,1.0,0.003,3,r0014|r0015|r0019,r0014|r0015|r0019,1,1,0,0,4.724604506261703,4.724604506261703,0.0,5.576987318640915,0.8665566258979975,5.576987318640915,0.0,0.0,,r0014|r0015|r0019,0
20046,3,37449.71236675948,cloud_0,8,1.0,0.003,3,r0014|r0015|r0019,r0014|r0015|r0019,1,1,0,0,4.67049532380445,4.67049532380445,0.0,6.38012499431346,1.7236411564804235,6.38012499431346,0.0,0.0,,r0014|r0015|r0019,0
20047,0,0.0,cloud_0,1,1.0,0.003,1,r0007,r0007,1,1,0,0,0.007765943719332938,0.007765943719332938,0.0,-0.017890234100879598,-0.025632879989054533,-0.017890234100879594,-3.469446951953614e-18,-1.9392965639186543e-16,,r0007,1
20047,0,0.0,cloud_0,2,1.0,0.003,1,r0007,r0007,1,1,0,0,0.008653993921376099,0.008653993921376099,0.0,-0.017892898251485725,-0.026520930191097695,-0.017892898251485725,0.0,0.0,,r0007,0
20047,0,0.0,cloud_0,4,1.0,0.003,1,r0007,r0007,1,1,0,0,0.010430094325462418,0.010430094325462418,0.0,-0.017898226552697984,-0.028297030595184017,-0.017898226552697988,3.469446951953614e-18,1.9384305711733366e-16,,r0007,0
20047,0,0.0,cloud_0,8,1.0,0.003,1,r0007,r0007,1,1,0,0,0.013982295133635058,0.013982295133635058,0.0,-0.017908883155122502,-0.03184923140335665,-0.0179088831551225,-3.469446951953614e-18,-1.9372771165583508e-16,,r0007,0
20047,1,818.4824889847671,cloud_0,1,1.0,0.003,2,r0004|r0006,r0004|r0006,1,1,0,0,0.02303940621429478,0.02303940621429478,0.0,4.952882522526831,4.92991223453118,4.952882522526832,-8.881784197001252e-16,-1.7932555752341964e-16,,r0004|r0006,1
20047,1,818.4824889847671,cloud_0,2,1.0,0.003,2,r0004|r0006,r0004|r0006,1,1,0,0,0.03793750603306779,0.03793750603306779,0.0,4.863776400314948,4.8259527067999795,4.863776400314948,0.0,0.0,,r0004|r0006,0
20047,1,818.4824889847671,cloud_0,4,1.0,0.003,2,r0004|r0006,r0004|r0006,1,1,0,0,0.06773370567061385,0.06773370567061385,0.0,4.799123941136428,4.731593436582826,4.799123941136428,0.0,0.0,,r0004|r0006,0
20047,1,818.4824889847671,cloud_0,8,1.0,0.003,2,r0004|r0006,r0004|r0006,1,1,0,0,0.1273261049457059,0.1273261049457059,0.0,4.758814101823406,4.631869975192537,4.758814101823406,0.0,0.0,,r0004|r0006,0
20047,2,7174.094922905442,cloud_0,1,1.0,0.003,1,r0022,r0022,1,1,0,0,0.005694121928059648,0.005694121928059648,0.0,-0.06858538523432658,-0.07426242479660206,-0.06858538523432658,0.0,0.0,,r0022,1
20047,2,7174.094922905442,cloud_0,2,1.0,0.003,1,r0022,r0022,1,1,0,0,0.006345255429849449,0.006345255429849449,0.0,-0.06858733863483195,-0.07491355829839186,-0.06858733863483196,1.3877787807814457e-17,2.0233745883772556e-16,,r0022,0
20047,2,7174.094922905442,cloud_0,4,1.0,0.003,1,r0022,r0022,1,1,0,0,0.007647522433429048,0.007647522433429048,0.0,-0.06859124543584268,-0.07621582530197143,-0.06859124543584268,0.0,0.0,,r0022,0
20047,2,7174.094922905442,cloud_0,8,1.0,0.003,1,r0022,r0022,1,1,0,0,0.010252056440588247,0.010252056440588247,0.0,-0.06859905903786417,-0.07882035930913064,-0.06859905903786416,-1.3877787807814457e-17,-2.0230288873429627e-16,,r0022,0
20047,3,10153.566341543361,cloud_0,1,1.0,0.003,3,r0010|r0011|r0015,r0010|r0011|r0015,1,1,0,0,0.02523065250483276,0.02523065250483276,0.0,5.824506060572414,5.799351100025096,5.824506060572415,-8.881784197001252e-16,-1.5248991252879523e-16,,r0010|r0011|r0015,1
20047,3,10153.566341543361,cloud_0,2,1.0,0.003,3,r0010|r0011|r0015,r0010|r0011|r0015,1,1,0,0,0.04254224874657409,0.04254224874657409,0.0,5.702419970828179,5.660005348827844,5.702419970828179,0.0,0.0,,r0010|r0011|r0015,0
20047,3,10153.566341543361,cloud_0,4,1.0,0.003,3,r0010|r0011|r0015,r0010|r0011|r0015,1,1,0,0,0.07716544123005678,0.07716544123005678,0.0,5.59927765842178,5.522343713515414,5.599277658421781,-8.881784197001252e-16,-1.5862375004108446e-16,,r0010|r0011|r0015,0
20047,3,10153.566341543361,cloud_0,8,1.0,0.003,3,r0010|r0011|r0015,r0010|r0011|r0015,1,1,0,0,0.14641182619702212,0.14641182619702212,0.0,5.503515998595499,5.357543407877068,5.503515998595499,0.0,0.0,,r0010|r0011|r0015,0
20047,4,20719.257176696927,cloud_0,1,1.0,0.003,2,r0001|r0014,r0001|r0014,1,1,0,0,0.02803242029880414,0.02803242029880414,0.0,6.3464736076702035,6.318525284632296,6.3464736076702035,0.0,0.0,,r0001|r0014,1
20047,4,20719.257176696927,cloud_0,2,1.0,0.003,2,r0001|r0014,r0001|r0014,1,1,0,0,0.032038139223241974,0.032038139223241974,0.0,6.293236414902259,6.261294390096686,6.293236414902259,0.0,0.0,,r0001|r0014,0
20047,4,20719.257176696927,cloud_0,4,1.0,0.003,2,r0001|r0014,r0001|r0014,1,1,0,0,0.04004957707211764,0.04004957707211764,0.0,6.213804828029031,6.1738753996881295,6.213804828029031,0.0,0.0,,r0001|r0014,0
20047,4,20719.257176696927,cloud_0,8,1.0,0.003,2,r0001|r0014,r0001|r0014,1,1,0,0,0.05607245276986896,0.05607245276986896,0.0,6.115021305132547,6.059117069720988,6.115021305132547,0.0,0.0,,r0001|r0014,0
20047,5,25454.371441313448,cloud_0,1,1.0,0.003,3,r0003|r0008|r0023,r0003|r0008|r0023,1,1,0,0,0.05393141442281583,0.05393141442281583,0.0,6.02268223605993,5.968912615880383,6.02268223605993,0.0,0.0,,r0003|r0008|r0023,1
20047,5,25454.371441313448,cloud_0,2,1.0,0.003,3,r0003|r0008|r0023,r0003|r0008|r0023,1,1,0,0,0.09093556526889407,0.09093556526889407,0.0,5.911965859978854,5.821303101405766,5.911965859978853,8.881784197001252e-16,1.5023402379784751e-16,,r0003|r0008|r0023,0
20047,5,25454.371441313448,cloud_0,4,1.0,0.003,3,r0003|r0008|r0023,r0003|r0008|r0023,1,1,0,0,0.16494386696105057,0.16494386696105057,0.0,5.831562974898773,5.6671139395386065,5.831562974898774,-8.881784197001252e-16,-1.523053808255483e-16,,r0003|r0008|r0023,0
20047,5,25454.371441313448,cloud_0,8,1.0,0.003,3,r0003|r0008|r0023,r0003|r0008|r0023,1,1,0,0,0.3129604703453635,0.3129604703453635,0.0,5.781280169725129,5.469258580790801,5.781280169725129,0.0,0.0,,r0003|r0008|r0023,0
20048,0,0.0,cloud_0,1,1.0,0.003,1,r0001,r0001,1,1,0,0,0.009998911063658885,0.009998911063658885,0.0,-0.45616417436918205,-0.46613308869965,-0.45616417436918205,0.0,0.0,,r0001,1
20048,0,0.0,cloud_0,2,1.0,0.003,1,r0001,r0001,1,1,0,0,0.018048471440246953,0.018048471440246953,0.0,-0.45618832305031176,-0.47418264907623797,-0.45618832305031176,0.0,0.0,,r0001,0
20048,0,0.0,cloud_0,4,1.0,0.003,1,r0001,r0001,1,1,0,0,0.0341475921934231,0.0341475921934231,0.0,-0.4562366204125713,-0.4902817698294141,-0.4562366204125713,0.0,0.0,,r0001,0
20048,0,0.0,cloud_0,8,1.0,0.003,1,r0001,r0001,1,1,0,0,0.0663458336997754,0.0663458336997754,0.0,-0.45633321513709035,-0.5224800113357664,-0.4563332151370903,-5.551115123125783e-17,-1.216460897210415e-16,,r0001,0
20048,1,9735.812257998028,cloud_0,1,1.0,0.003,2,r0000|r0007,r0000|r0007,1,1,0,0,0.027633379055471308,0.027633379055471308,0.0,5.24585390241766,5.218303423499355,5.24585390241766,0.0,0.0,,r0000|r0007,1
20048,1,9735.812257998028,cloud_0,2,1.0,0.003,2,r0000|r0007,r0000|r0007,1,1,0,0,0.05219326562894307,0.05219326562894307,0.0,5.208295545732541,5.156258859900484,5.208295545732541,0.0,0.0,,r0000|r0007,0
20048,1,9735.812257998028,cloud_0,4,1.0,0.003,2,r0000|r0007,r0000|r0007,1,1,0,0,0.1013130387758866,0.1013130387758866,0.0,5.1872226356304045,5.086213535970846,5.187222635630405,-8.881784197001252e-16,-1.712242720409444e-16,,r0000|r0007,0
20048,1,9735.812257998028,cloud_0,8,1.0,0.003,2,r0000|r0007,r0000|r0007,1,1,0,0,0.19955258506977364,0.19955258506977364,0.0,5.175843695422669,4.976889768108104,5.175843695422668,8.881784197001252e-16,1.71600703569468e-16,,r0000|r0007,0
20048,2,14697.281352714563,cloud_0,1,1.0,0.003,2,r0013|r0020,r0013|r0020,1,1,0,0,0.0029463771770415516,0.0029463771770415516,0.0,7.218356976360966,7.215419438315457,7.218356976360967,-8.881784197001252e-16,-1.2304440229387047e-16,,r0013|r0020,1
20048,2,14697.281352714563,cloud_0,2,1.0,0.003,2,r0013|r0020,r0013|r0020,1,1,0,0,0.0034473421035176957,0.0034473421035176957,0.0,7.157133989030215,7.1536969889530075,7.157133989030215,0.0,0.0,,r0013|r0020,0
20048,2,14697.281352714563,cloud_0,4,1.0,0.003,2,r0013|r0020,r0013|r0020,1,1,0,0,0.004449271956469986,0.004449271956469986,0.0,7.069946639606806,7.065510715466205,7.069946639606806,0.0,0.0,,r0013|r0020,0
20048,2,14697.281352714563,cloud_0,8,1.0,0.003,2,r0013|r0020,r0013|r0020,1,1,0,0,0.006453131662374564,0.006453131662374564,0.0,6.967583174118519,6.961149401851132,6.967583174118519,0.0,0.0,,r0013|r0020,0
20048,3,15598.497892893025,cloud_0,1,1.0,0.003,1,r0008,r0008,1,1,0,0,0.009057628549104439,0.009057628549104439,0.0,1.7657444846930452,1.7567140290295882,1.7657444846930452,0.0,0.0,,r0008,1
20048,3,15598.497892893025,cloud_0,2,1.0,0.003,1,r0008,r0008,1,1,0,0,0.01634941536574247,0.01634941536574247,0.0,1.753224705097921,1.736924337978276,1.7532247050979213,-2.220446049250313e-16,-1.2664925624158922e-16,,r0008,0
20048,3,15598.497892893025,cloud_0,4,1.0,0.003,1,r0008,r0008,1,1,0,0,0.030932988999018533,0.030932988999018533,0.0,1.728185145907673,1.6973449558756513,1.7281851459076727,2.220446049250313e-16,1.284842688590577e-16,,r0008,0
20048,3,15598.497892893025,cloud_0,8,1.0,0.003,1,r0008,r0008,1,1,0,0,0.06010013626557066,0.06010013626557066,0.0,1.6781060275271764,1.6181861916704026,1.6781060275271764,0.0,0.0,,r0008,0
20048,4,16799.14741435909,cloud_0,1,1.0,0.003,2,r0003|r0011,r0003|r0011,1,1,0,0,0.015826307066948795,0.015826307066948795,0.0,4.325228570799847,4.309449742654098,4.325228570799846,8.881784197001252e-16,2.0534831978506933e-16,,r0003|r0011,1
20048,4,16799.14741435909,cloud_0,2,1.0,0.003,2,r0003|r0011,r0003|r0011,1,1,0,0,0.029153179410629913,0.029153179410629913,0.0,4.274543427794023,4.245477707921625,4.274543427794023,0.0,0.0,,r0003|r0011,0
20048,4,16799.14741435909,cloud_0,4,1.0,0.003,2,r0003|r0011,r0003|r0011,1,1,0,0,0.05580692409799214,0.05580692409799214,0.0,4.244804187998725,4.1891646846730275,4.244804187998725,0.0,0.0,,r0003|r0011,0
20048,4,16799.14741435909,cloud_0,8,1.0,0.003,2,r0003|r0011,r0003|r0011,1,1,0,0,0.10911441347271661,0.10911441347271661,0.0,4.228507468019755,4.119720397787457,4.228507468019756,-8.881784197001252e-16,-2.10045370953564e-16,,r0003|r0011,0
20048,5,26691.204235796416,cloud_0,1,1.0,0.003,2,r0005|r0021,r0005|r0021,1,1,0,0,0.005260337066543653,0.005260337066543653,0.0,6.981833254680418,6.976588698625073,6.981833254680417,8.881784197001252e-16,1.27212780268666e-16,,r0005|r0021,1
20048,5,26691.204235796416,cloud_0,2,1.0,0.003,2,r0005|r0021,r0005|r0021,1,1,0,0,0.00812335911767387,0.00812335911767387,0.0,6.88083522322854,6.872736234188219,6.88083522322854,0.0,0.0,,r0005|r0021,0
20048,5,26691.204235796416,cloud_0,4,1.0,0.003,2,r0005|r0021,r0005|r0021,1,1,0,0,0.013849403219934308,0.013849403219934308,0.0,6.794804009681818,6.780996154671543,6.794804009681818,0.0,0.0,,r0005|r0021,0
20048,5,26691.204235796416,cloud_0,8,1.0,0.003,2,r0005|r0021,r0005|r0021,1,1,0,0,0.02530149142445518,0.02530149142445518,0.0,6.729047242221751,6.703821655271569,6.729047242221751,0.0,0.0,,r0005|r0021,0
20048,6,28834.08294473219,cloud_0,1,1.0,0.003,2,r0004|r0017,r0004|r0017,1,1,0,0,0.03114568686363261,0.03114568686363261,0.0,5.40117091721755,5.370118667414508,5.40117091721755,0.0,0.0,,r0004|r0017,1
20048,6,28834.08294473219,cloud_0,2,1.0,0.003,2,r0004|r0017,r0004|r0017,1,1,0,0,0.05737256285763677,0.05737256285763677,0.0,5.348572328367637,5.291371883198573,5.348572328367637,0.0,0.0,,r0004|r0017,0
20048,6,28834.08294473219,cloud_0,4,1.0,0.003,2,r0004|r0017,r0004|r0017,1,1,0,0,0.10982631484564508,0.10982631484564508,0.0,5.315006196884159,5.205509360983052,5.31500619688416,-8.881784197001252e-16,-1.6710769222071764e-16,,r0004|r0017,0
20048,6,28834.08294473219,cloud_0,8,1.0,0.003,2,r0004|r0017,r0004|r0017,1,1,0,0,0.21473381882166168,0.21473381882166168,0.0,5.291055693528829,5.076966076163632,5.291055693528829,0.0,0.0,,r0004|r0017,0
20049,0,0.0,edge_4,1,1.0,0.003,1,r0001,r0001,1,1,0,0,0.014191596215079372,0.014191596215079372,0.0,-0.5500480276116406,-0.5641970490380748,-0.5500480276116406,0.0,0.0,,r0001,0
20049,0,0.0,cloud_0,1,1.0,0.003,1,r0001,r0001,1,1,0,0,0.004358949402841233,0.004358949402841233,0.0,-0.1123327864307429,-0.1166786589853756,-0.1123327864307429,0.0,0.0,,r0001,1
20049,0,0.0,edge_4,2,1.0,0.003,1,r0001,r0001,1,1,0,0,0.01608858715661224,0.01608858715661224,0.0,-0.5537824659085019,-0.5698227873036442,-0.5537824659085018,-1.1102230246251565e-16,-2.0047998861859812e-16,,r0001,0
20049,0,0.0,cloud_0,2,1.0,0.003,1,r0001,r0001,1,1,0,0,0.005094453836796451,0.005094453836796451,0.0,-0.11233499294404477,-0.11741416341933084,-0.11233499294404477,0.0,0.0,,r0001,0
20049,0,0.0,edge_4,4,1.0,0.003,1,r0001,r0001,1,1,0,0,0.019882569039677972,0.019882569039677972,0.0,-0.5612513425022243,-0.5810742638347832,-0.5612513425022243,0.0,0.0,,r0001,0
20049,0,0.0,cloud_0,4,1.0,0.003,1,r0001,r0001,1,1,0,0,0.006565462704706887,0.006565462704706887,0.0,-0.11233940597064848,-0.11888517228724124,-0.11233940597064848,0.0,0.0,,r0001,0
20049,0,0.0,edge_4,8,1.0,0.003,1,r0001,r0001,1,1,0,0,0.02747053280580944,0.02747053280580944,0.0,-0.576189095689669,-0.603577216897061,-0.576189095689669,0.0,0.0,,r0001,0
20049,0,0.0,cloud_0,8,1.0,0.003,1,r0001,r0001,1,1,0,0,0.00950748044052776,0.00950748044052776,0.0,-0.11234823202385597,-0.12182719002306214,-0.11234823202385597,0.0,0.0,,r0001,0
20049,1,5456.083571789911,edge_4,1,1.0,0.003,2,r0000|r0009,r0000|r0009,1,1,0,0,0.049236366752089755,0.049236366752089755,0.0,3.8529638216251016,3.803875163973268,3.8529638216251016,0.0,0.0,,r0000|r0009,0
20049,1,5456.083571789911,cloud_0,1,1.0,0.003,2,r0000|r0009,r0000|r0009,1,1,0,0,0.01765308560208039,0.01765308560208039,0.0,4.795092181948234,4.777492055602959,4.795092181948234,0.0,0.0,,r0000|r0009,1
20049,1,5456.083571789911,edge_4,2,1.0,0.003,2,r0000|r0009,r0000|r0009,1,1,0,0,0.08302254722718416,0.08302254722718416,0.0,3.7576681491293296,3.674894669543827,3.7576681491293296,0.0,0.0,,r0000|r0009,0
20049,1,5456.083571789911,cloud_0,2,1.0,0.003,2,r0000|r0009,r0000|r0009,1,1,0,0,0.03075271881686168,0.03075271881686168,0.0,4.721368267803595,4.690707807143184,4.721368267803595,0.0,0.0,,r0000|r0009,0
20049,1,5456.083571789911,edge_4,4,1.0,0.003,2,r0000|r0009,r0000|r0009,1,1,0,0,0.15059490817737303,0.15059490817737303,0.0,3.6761849385442313,3.5260418150913906,3.6761849385442313,0.0,0.0,,r0000|r0009,0
20049,1,5456.083571789911,cloud_0,4,1.0,0.003,2,r0000|r0009,r0000|r0009,1,1,0,0,0.056951985246424267,0.056951985246424267,0.0,4.673296517430153,4.616515388139468,4.673296517430153,0.0,0.0,,r0000|r0009,0
20049,1,5456.083571789911,edge_4,8,1.0,0.003,2,r0000|r0009,r0000|r0009,1,1,0,0,0.2857396300777507,0.2857396300777507,0.0,3.5940212394064095,3.309138828218892,3.5940212394064095,0.0,0.0,,r0000|r0009,0
20049,1,5456.083571789911,cloud_0,8,1.0,0.003,2,r0000|r0009,r0000|r0009,1,1,0,0,0.10935051810554941,0.10935051810554941,0.0,4.6453183776143225,4.53629591106309,4.6453183776143225,0.0,0.0,,r0000|r0009,0
20049,2,20999.673212986203,edge_4,1,1.0,0.003,3,r0002|r0020|r0021,r0002|r0020|r0021,1,1,0,0,0.05466172058374339,0.05466172058374339,0.0,6.711728173247149,6.657230437825157,6.711728173247149,0.0,0.0,,r0002|r0020|r0021,0
20049,2,20999.673212986203,cloud_0,1,1.0,0.003,3,r0002|r0020|r0021,r0002|r0020|r0021,1,1,0,0,0.019235601895444914,0.019235601895444914,0.0,6.868669365982767,6.849491470893009,6.868669365982767,0.0,0.0,,r0002|r0020|r0021,1
20049,2,20999.673212986203,edge_4,2,1.0,0.003,3,r0002|r0020|r0021,r0002|r0020|r0021,1,1,0,0,0.08736873589638287,0.08736873589638287,0.0,6.579092377717743,6.491985748029049,6.579092377717743,0.0,0.0,,r0002|r0020|r0021,0
20049,2,20999.673212986203,cloud_0,2,1.0,0.003,3,r0002|r0020|r0021,r0002|r0020|r0021,1,1,0,0,0.031972394269294206,0.031972394269294206,0.0,6.750853050583486,6.718976573497,6.750853050583486,0.0,0.0,,r0002|r0020|r0021,0
20049,2,20999.673212986203,edge_4,4,1.0,0.003,3,r0002|r0020|r0021,r0002|r0020|r0021,1,1,0,0,0.15278276652166178,0.15278276652166178,0.0,6.457875404364483,6.305550986142387,6.457875404364484,-8.881784197001252e-16,-1.3753415234673925e-16,,r0002|r0020|r0021,0
20049,2,20999.673212986203,cloud_0,4,1.0,0.003,3,r0002|r0020|r0021,r0002|r0020|r0021,1,1,0,0,0.0574459790169928,0.0574459790169928,0.0,6.658491960992483,6.60121831991254,6.658491960992482,8.881784197001252e-16,1.333903269544141e-16,,r0002|r0020|r0021,0
20049,2,20999.673212986203,edge_4,8,1.0,0.003,3,r0002|r0020|r0021,r0002|r0020|r0021,1,1,0,0,0.28361082777221963,0.28361082777221963,0.0,6.326684245909817,6.043924250620915,6.326684245909818,-8.881784197001252e-16,-1.4038608300617022e-16,,r0002|r0020|r0021,0
20049,2,20999.673212986203,cloud_0,8,1.0,0.003,3,r0002|r0020|r0021,r0002|r0020|r0021,1,1,0,0,0.10839314851238997,0.10839314851238997,0.0,6.590320360210766,6.482252391143914,6.590320360210766,0.0,0.0,,r0002|r0020|r0021,0
20049,3,25083.388699760428,edge_4,1,1.0,0.003,6,r0006|r0007|r0008|r0013|r0014|r0019,r0006|r0007|r0008|r0013|r0014|r0019,1,1,0,0,0.14731860751189443,0.14731860751189443,0.0,5.914370243875921,5.767493592186562,5.914370243875921,0.0,0.0,,r0006|r0007|r0008|r0013|r0014|r0019,0
20049,3,25083.388699760428,cloud_0,1,1.0,0.003,6,r0006|r0007|r0008|r0013|r0014|r0019,r0006|r0007|r0008|r0013|r0014|r0019,1,1,0,0,0.0530737723088013,0.0530737723088013,0.0,6.550902544038039,6.497987993046165,6.550902544038039,0.0,0.0,,r0006|r0007|r0008|r0013|r0014|r0019,1
20049,3,25083.388699760428,edge_4,2,1.0,0.003,6,r0006|r0007|r0008|r0013|r0014|r0019,r0006|r0007|r0008|r0013|r0014|r0019,1,1,0,0,0.2721300292751277,0.2721300292751277,0.0,5.771502635052126,5.500188995864824,5.771502635052126,0.0,0.0,,r0006|r0007|r0008|r0013|r0014|r0019,0
20049,3,25083.388699760428,cloud_0,2,1.0,0.003,6,r0006|r0007|r0008|r0013|r0014|r0019,r0006|r0007|r0008|r0013|r0014|r0019,1,1,0,0,0.09974952928626057,0.09974952928626057,0.0,6.458946240081408,6.359495959383007,6.458946240081408,0.0,0.0,,r0006|r0007|r0008|r0013|r0014|r0019,0
20049,3,25083.388699760428,edge_4,4,1.0,0.003,6,r0006|r0007|r0008|r0013|r0014|r0019,r0006|r0007|r0008|r0013|r0014|r0019,1,1,0,0,0.5217528728015941,0.5217528728015941,0.0,5.613110418166817,5.092922803983628,5.613110418166817,0.0,0.0,,r0006|r0007|r0008|r0013|r0014|r0019,0
20049,3,25083.388699760428,cloud_0,4,1.0,0.003,6,r0006|r0007|r0008|r0013|r0014|r0019,r0006|r0007|r0008|r0013|r0014|r0019,1,1,0,0,0.1931010432411792,0.1931010432411792,0.0,6.385514413136358,6.192992673024902,6.385514413136358,0.0,0.0,,r0006|r0007|r0008|r0013|r0014|r0019,0
20049,3,25083.388699760428,edge_4,8,1.0,0.003,6,r0006|r0007|r0008|r0013|r0014|r0019,r0006|r0007|r0008|r0013|r0014|r0019,1,1,0,0,1.020998559854527,1.020998559854527,0.0,5.380917669278108,4.3629821051031445,5.380917669278108,0.0,0.0,,r0006|r0007|r0008|r0013|r0014|r0019,0
20049,3,25083.388699760428,cloud_0,8,1.0,0.003,6,r0006|r0007|r0008|r0013|r0014|r0019,r0006|r0007|r0008|r0013|r0014|r0019,1,1,0,0,0.3798040711510163,0.3798040711510163,0.0,6.307844602210172,5.929179943272609,6.307844602210172,0.0,0.0,,r0006|r0007|r0008|r0013|r0014|r0019,0
20050,0,0.0,edge_4,1,1.0,0.003,1,r0019,r0019,1,1,0,0,0.026389664347650707,0.026389664347650707,0.0,-1.136748431760798,-1.163058927115406,-1.136748431760798,0.0,0.0,,r0019,0
20050,0,0.0,edge_5,1,1.0,0.003,1,r0019,r0019,1,1,0,0,0.027670161184507325,0.027670161184507325,0.0,-1.2041276330744572,-1.231714783775411,-1.2041276330744572,0.0,0.0,,r0019,0
20050,0,0.0,cloud_0,1,1.0,0.003,1,r0019,r0019,1,1,0,0,0.02029598639558625,0.02029598639558625,0.0,-0.5117612498531166,-0.531996348289516,-0.5117612498531166,0.0,0.0,,r0019,1
20050,0,0.0,edge_4,2,1.0,0.003,1,r0019,r0019,1,1,0,0,0.050263179947196444,0.050263179947196444,0.0,-1.1427437098338231,-1.192856100241178,-1.1427437098338231,0.0,0.0,,r0019,0
20050,0,0.0,edge_5,2,1.0,0.003,1,r0019,r0019,1,1,0,0,0.0524823265954635,0.0524823265954635,0.0,-1.2087623535720047,-1.261087233187682,-1.2087623535720047,0.0,0.0,,r0019,0
20050,0,0.0,cloud_0,2,1.0,0.003,1,r0019,r0019,1,1,0,0,0.0352312391850773,0.0352312391850773,0.0,-0.5118060556114852,-0.5469316010790072,-0.5118060556114851,-1.1102230246251565e-16,-2.1692260426631862e-16,,r0019,0
20050,0,0.0,edge_4,4,1.0,0.003,1,r0019,r0019,1,1,0,0,0.09801021114628794,0.09801021114628794,0.0,-1.154734265979873,-1.252450446492722,-1.154734265979873,0.0,0.0,,r0019,0
20050,0,0.0,edge_5,4,1.0,0.003,1,r0019,r0019,1,1,0,0,0.10210665741737589,0.10210665741737589,0.0,-1.2180317945670998,-1.3198321320122235,-1.2180317945670998,0.0,0.0,,r0019,0
20050,0,0.0,cloud_0,4,1.0,0.003,1,r0019,r0019,1,1,0,0,0.06510174476405936,0.06510174476405936,0.0,-0.511895667128222,-0.5768021066579891,-0.511895667128222,0.0,0.0,,r0019,0
20050,0,0.0,edge_4,8,1.0,0.003,1,r0019,r0019,1,1,0,0,0.1935042735444709,0.1935042735444709,0.0,-1.1787153782719726,-1.37163913899581,-1.1787153782719726,0.0,0.0,,r0019,0
20050,0,0.0,edge_5,8,1.0,0.003,1,r0019,r0019,1,1,0,0,0.2013553190612006,0.2013553190612006,0.0,-1.2365706765572897,-1.4373219296613065,-1.2365706765572895,-2.220446049250313e-16,-1.7956483129878269e-16,,r0019,0
20050,0,0.0,cloud_0,8,1.0,0.003,1,r0019,r0019,1,1,0,0,0.12484275592202354,0.12484275592202354,0.0,-0.5120748901616958,-0.6365431178159533,-0.5120748901616958,0.0,0.0,,r0019,0
20050,1,9918.721078469867,edge_4,1,1.0,0.003,2,r0000|r0013,r0000|r0013,1,1,0,0,0.027080841455777657,0.027080841455777657,0.0,4.812078740445398,4.785079141513988,4.812078740445398,0.0,0.0,,r0000|r0013,0
20050,1,9918.721078469867,edge_5,1,1.0,0.003,2,r0000|r0013,r0000|r0013,1,1,0,0,0.027364819051463325,0.027364819051463325,0.0,4.777968542682655,4.750685818088346,4.777968542682655,0.0,0.0,,r0000|r0013,0
20050,1,9918.721078469867,cloud_0,1,1.0,0.003,2,r0000|r0013,r0000|r0013,1,1,0,0,0.02001727352176137,0.02001727352176137,0.0,5.283415680300849,5.2634584585996524,5.283415680300848,8.881784197001252e-16,1.6810685992618139e-16,,r0000|r0013,1
20050,1,9918.721078469867,edge_4,2,1.0,0.003,2,r0000|r0013,r0000|r0013,1,1,0,0,0.052118055652138,0.052118055652138,0.0,4.761449103636923,4.709487402151741,4.761449103636923,0.0,0.0,,r0000|r0013,0
20050,1,9918.721078469867,edge_5,2,1.0,0.003,2,r0000|r0013,r0000|r0013,1,1,0,0,0.05248846535399987,0.05248846535399987,0.0,4.727298017187922,4.674967017229984,4.727298017187922,0.0,0.0,,r0000|r0013,0
20050,1,9918.721078469867,cloud_0,2,1.0,0.003,2,r0000|r0013,r0000|r0013,1,1,0,0,0.035680535248257594,0.035680535248257594,0.0,5.205462444193394,5.169888950550881,5.205462444193394,0.0,0.0,,r0000|r0013,0
20050,1,9918.721078469867,edge_4,4,1.0,0.003,2,r0000|r0013,r0000|r0013,1,1,0,0,0.10219248404485867,0.10219248404485867,0.0,4.698740695058231,4.5968547884655075,4.698740695058231,0.0,0.0,,r0000|r0013,0
20050,1,9918.721078469867,edge_5,4,1.0,0.003,2,r0000|r0013,r0000|r0013,1,1,0,0,0.10273575795907297,0.10273575795907297,0.0,4.667426800747661,4.564999250062465,4.667426800747661,0.0,0.0,,r0000|r0013,0
20050,1,9918.721078469867,cloud_0,4,1.0,0.003,2,r0000|r0013,r0000|r0013,1,1,0,0,0.06700705870125004,0.06700705870125004,0.0,5.139327555168945,5.072521517643799,5.139327555168945,0.0,0.0,,r0000|r0013,0
20050,1,9918.721078469867,edge_4,8,1.0,0.003,2,r0000|r0013,r0000|r0013,1,1,0,0,0.20234134083030003,0.20234134083030003,0.0,4.594353788404345,4.392619471596536,4.594353788404345,0.0,0.0,,r0000|r0013,0
20050,1,9918.721078469867,edge_5,8,1.0,0.003,2,r0000|r0013,r0000|r0013,1,1,0,0,0.20323034316921917,0.20323034316921917,0.0,4.570479435047313,4.367858782907601,4.570479435047313,0.0,0.0,,r0000|r0013,0
20050,1,9918.721078469867,cloud_0,8,1.0,0.003,2,r0000|r0013,r0000|r0013,1,1,0,0,0.12966010560723495,0.12966010560723495,0.0,5.065435303879613,4.9361641785892,5.065435303879613,0.0,0.0,,r0000|r0013,0
20050,2,19545.45202001764,edge_4,1,1.0,0.003,2,r0009|r0022,r0009|r0022,1,1,0,0,0.008085560198106374,0.008085560198106374,0.0,6.121822705996812,6.1137614024793,6.121822705996812,0.0,0.0,,r0009|r0022,0
20050,2,19545.45202001764,edge_5,1,1.0,0.003,2,r0009|r0022,r0009|r0022,1,1,0,0,0.008379613843111318,0.008379613843111318,0.0,6.117444255365826,6.109089780364244,6.117444255365826,0.0,0.0,,r0009|r0022,0
20050,2,19545.45202001764,cloud_0,1,1.0,0.003,2,r0009|r0022,r0009|r0022,1,1,0,0,0.008509297912515338,0.008509297912515338,0.0,6.441702702810187,6.4332189327914096,6.441702702810187,0.0,0.0,,r0009|r0022,1
20050,2,19545.45202001764,edge_4,2,1.0,0.003,2,r0009|r0022,r0009|r0022,1,1,0,0,0.014011564330607088,0.014011564330607088,0.0,6.038279787577439,6.024310257939824,6.038279787577439,0.0,0.0,,r0009|r0022,0
20050,2,19545.45202001764,edge_5,2,1.0,0.003,2,r0009|r0022,r0009|r0022,1,1,0,0,0.014372450200086647,0.014372450200086647,0.0,6.031347306673497,6.01701797382401,6.031347306673497,0.0,0.0,,r0009|r0022,0
20050,2,19545.45202001764,cloud_0,2,1.0,0.003,2,r0009|r0022,r0009|r0022,1,1,0,0,0.012306287715997056,0.012306287715997056,0.0,6.337909193732834,6.3256398248799846,6.337909193732834,0.0,0.0,,r0009|r0022,0
20050,2,19545.45202001764,edge_4,4,1.0,0.003,2,r0009|r0022,r0009|r0022,1,1,0,0,0.025863572595608526,0.025863572595608526,0.0,5.97244323878506,5.946657256907239,5.97244323878506,0.0,0.0,,r0009|r0022,0
20050,2,19545.45202001764,edge_5,4,1.0,0.003,2,r0009|r0022,r0009|r0022,1,1,0,0,0.026358122914037302,0.026358122914037302,0.0,5.9637231670292135,5.937444118483919,5.963723167029214,-8.881784197001252e-16,-1.4893018921643958e-16,,r0009|r0022,0
20050,2,19545.45202001764,cloud_0,4,1.0,0.003,2,r0009|r0022,r0009|r0022,1,1,0,0,0.01990026732296049,0.01990026732296049,0.0,6.23694286788044,6.217102301359449,6.23694286788044,0.0,0.0,,r0009|r0022,0
20050,2,19545.45202001764,edge_4,8,1.0,0.003,2,r0009|r0022,r0009|r0022,1,1,0,0,0.04956758912561139,0.04956758912561139,0.0,5.911080679193649,5.861661792835415,5.91108067919365,-8.881784197001252e-16,-1.5025652125277448e-16,,r0009|r0022,0
20050,2,19545.45202001764,edge_5,8,1.0,0.003,2,r0009|r0022,r0009|r0022,1,1,0,0,0.05032946834193862,0.05032946834193862,0.0,5.902865806141571,5.852687326204658,5.9028658061415715,-8.881784197001252e-16,-1.5046562955505948e-16,,r0009|r0022,0
20050,2,19545.45202001764,cloud_0,8,1.0,0.003,2,r0009|r0022,r0009|r0022,1,1,0,0,0.03508822653688737,0.03508822653688737,0.0,6.150596983820977,6.1156140219637,6.150596983820977,0.0,0.0,,r0009|r0022,0
20050,3,22573.866574729902,edge_4,1,1.0,0.003,3,r0003|r0012|r0020,r0003|r0012|r0020,1,1,0,0,0.03411276142184937,0.03411276142184937,0.0,4.563716732570615,4.529706309433031,4.563716732570615,0.0,0.0,,r0003|r0012|r0020,0
20050,3,22573.866574729902,edge_5,1,1.0,0.003,3,r0003|r0012|r0020,r0003|r0012|r0020,1,1,0,0,0.03373204378528878,0.03373204378528878,0.0,4.519204918255544,4.485574070601611,4.519204918255545,-8.881784197001252e-16,-1.9653422134329115e-16,,r0003|r0012|r0020,0
20050,3,22573.866574729902,cloud_0,1,1.0,0.003,3,r0003|r0012|r0020,r0003|r0012|r0020,1,1,0,0,0.025768230320374994,0.025768230320374994,0.0,5.146842015008459,5.121151089379045,5.146842015008459,0.0,0.0,,r0003|r0012|r0020,1
20050,3,22573.866574729902,edge_4,2,1.0,0.003,3,r0003|r0012|r0020,r0003|r0012|r0020,1,1,0,0,0.06604378945751443,0.06604378945751443,0.0,4.525523212414379,4.459677554325237,4.525523212414379,0.0,0.0,,r0003|r0012|r0020,0
20050,3,22573.866574729902,edge_5,2,1.0,0.003,3,r0003|r0012|r0020,r0003|r0012|r0020,1,1,0,0,0.0651202261843454,0.0651202261843454,0.0,4.479677458640555,4.4147525931347635,4.479677458640556,-8.881784197001252e-16,-1.982683860390386e-16,,r0003|r0012|r0020,0
20050,3,22573.866574729902,cloud_0,2,1.0,0.003,3,r0003|r0012|r0020,r0003|r0012|r0020,1,1,0,0,0.046672268874195046,0.046672268874195046,0.0,5.06578504727678,5.019252795209207,5.065785047276779,8.881784197001252e-16,1.7532888020536607e-16,,r0003|r0012|r0020,0
20050,3,22573.866574729902,edge_4,4,1.0,0.003,3,r0003|r0012|r0020,r0003|r0012|r0020,1,1,0,0,0.12990584552884454,0.12990584552884454,0.0,4.49701248113598,4.367496353143721,4.49701248113598,0.0,0.0,,r0003|r0012|r0020,0
20050,3,22573.866574729902,edge_5,4,1.0,0.003,3,r0003|r0012|r0020,r0003|r0012|r0020,1,1,0,0,0.12789659098245865,0.12789659098245865,0.0,4.4521239159036705,4.324611014694159,4.45212391590367,8.881784197001252e-16,1.9949544003647685e-16,,r0003|r0012|r0020,0
20050,3,22573.866574729902,cloud_0,4,1.0,0.003,3,r0003|r0012|r0020,r0003|r0012|r0020,1,1,0,0,0.08848034598183514,0.08848034598183514,0.0,5.015158417092806,4.926943512148916,5.015158417092805,8.881784197001252e-16,1.7709877651581458e-16,,r0003|r0012|r0020,0
20050,3,22573.866574729902,edge_4,8,1.0,0.003,3,r0003|r0012|r0020,r0003|r0012|r0020,1,1,0,0,0.2576299576715048,0.2576299576715048,0.0,4.466108058838203,4.209250991039713,4.466108058838204,-8.881784197001252e-16,-1.9887078592790981e-16,,r0003|r0012|r0020,0
20050,3,22573.866574729902,edge_5,8,1.0,0.003,3,r0003|r0012|r0020,r0003|r0012|r0020,1,1,0,0,0.25344932057868513,0.25344932057868513,0.0,4.425326018296046,4.172637045679097,4.425326018296046,0.0,0.0,,r0003|r0012|r0020,0
20050,3,22573.866574729902,cloud_0,8,1.0,0.003,3,r0003|r0012|r0020,r0003|r0012|r0020,1,1,0,0,0.17209650019711534,0.17209650019711534,0.0,4.986404191675488,4.814823980978964,4.986404191675488,0.0,0.0,,r0003|r0012|r0020,0
20050,4,35570.952578891214,edge_4,1,1.0,0.003,4,r0002|r0006|r0018|r0021,r0002|r0006|r0018|r0021,1,1,0,0,0.12822329485444584,0.12822329485444584,0.0,7.127155273844051,6.999316648874168,7.127155273844051,0.0,0.0,,r0002|r0006|r0018|r0021,0
20050,4,35570.952578891214,edge_5,1,1.0,0.003,4,r0002|r0006|r0018|r0021,r0002|r0006|r0018|r0021,1,1,0,0,0.12209566702439373,0.12209566702439373,0.0,7.10487170549077,6.983142325467449,7.10487170549077,0.0,0.0,,r0002|r0006|r0018|r0021,0
20050,4,35570.952578891214,cloud_0,1,1.0,0.003,4,r0002|r0006|r0018|r0021,r0002|r0006|r0018|r0021,1,1,0,0,0.09912749970005123,0.09912749970005123,0.0,7.535862164852403,7.437032047651452,7.535862164852403,0.0,0.0,,r0002|r0006|r0018|r0021,1
20050,4,35570.952578891214,edge_4,2,1.0,0.003,4,r0002|r0006|r0018|r0021,r0002|r0006|r0018|r0021,1,1,0,0,0.249244217031379,0.249244217031379,0.0,7.064027722202389,6.815531237822104,7.064027722202389,0.0,0.0,,r0002|r0006|r0018|r0021,0
20050,4,35570.952578891214,edge_5,2,1.0,0.003,4,r0002|r0006|r0018|r0021,r0002|r0006|r0018|r0021,1,1,0,0,0.23673499345575785,0.23673499345575785,0.0,7.041154265801292,6.8051294773259015,7.041154265801292,0.0,0.0,,r0002|r0006|r0018|r0021,0
20050,4,35570.952578891214,cloud_0,2,1.0,0.003,4,r0002|r0006|r0018|r0021,r0002|r0006|r0018|r0021,1,1,0,0,0.18154980278560548,0.18154980278560548,0.0,7.4339313453394595,7.252926191962211,7.4339313453394595,0.0,0.0,,r0002|r0006|r0018|r0021,0
20050,4,35570.952578891214,edge_4,4,1.0,0.003,4,r0002|r0006|r0018|r0021,r0002|r0006|r0018|r0021,1,1,0,0,0.49128606138524533,0.49128606138524533,0.0,6.988798197591598,6.498985994390509,6.988798197591598,0.0,0.0,,r0002|r0006|r0018|r0021,0
20050,4,35570.952578891214,edge_5,4,1.0,0.003,4,r0002|r0006|r0018|r0021,r0002|r0006|r0018|r0021,1,1,0,0,0.4660136463184861,0.4660136463184861,0.0,6.968608486919235,6.503992881539705,6.968608486919235,0.0,0.0,,r0002|r0006|r0018|r0021,0
20050,4,35570.952578891214,cloud_0,4,1.0,0.003,4,r0002|r0006|r0018|r0021,r0002|r0006|r0018|r0021,1,1,0,0,0.346394408956714,0.346394408956714,0.0,7.348890567430359,7.003535341700515,7.3488905674303595,-8.881784197001252e-16,-1.2085884414124416e-16,,r0002|r0006|r0018|r0021,0
20050,4,35570.952578891214,edge_4,8,1.0,0.003,4,r0002|r0006|r0018|r0021,r0002|r0006|r0018|r0021,1,1,0,0,0.9753697500929782,0.9753697500929782,0.0,6.866174149006385,5.893730508163686,6.866174149006385,0.0,0.0,,r0002|r0006|r0018|r0021,0
20050,4,35570.952578891214,edge_5,8,1.0,0.003,4,r0002|r0006|r0018|r0021,r0002|r0006|r0018|r0021,1,1,0,0,0.9245709520439425,0.9245709520439425,0.0,6.8536882753128126,5.931891036125002,6.8536882753128126,0.0,0.0,,r0002|r0006|r0018|r0021,0
20050,4,35570.952578891214,cloud_0,8,1.0,0.003,4,r0002|r0006|r0018|r0021,r0002|r0006|r0018|r0021,1,1,0,0,0.6760836212989311,0.6760836212989311,0.0,7.256076981641413,6.582021611206379,7.256076981641414,-8.881784197001252e-16,-1.2240476802372737e-16,,r0002|r0006|r0018|r0021,0
20051,0,0.0,edge_1,1,1.0,0.003,1,r0010,r0010,1,1,0,0,0.02317396896862312,0.02317396896862312,0.0,-1.4407792718119852,-1.4638837188737024,-1.4407792718119852,0.0,0.0,,r0010,0
20051,0,0.0,cloud_0,1,1.0,0.003,1,r0010,r0010,1,1,0,0,0.012231921625056992,0.012231921625056992,0.0,-0.4681423321716609,-0.48033755803184264,-0.4681423321716608,-1.1102230246251565e-16,-2.3715501639746054e-16,,r0010,1
20051,0,0.0,edge_1,2,1.0,0.003,1,r0010,r0010,1,1,0,0,0.03876159735420576,0.03876159735420576,0.0,-1.4464713663565272,-1.4851166789186703,-1.4464713663565272,0.0,0.0,,r0010,0
20051,0,0.0,cloud_0,2,1.0,0.003,1,r0010,r0010,1,1,0,0,0.02108306572958827,0.02108306572958827,0.0,-0.4681688856039744,-0.489188702136374,-0.4681688856039745,1.1102230246251565e-16,2.3714156552562907e-16,,r0010,0
20051,0,0.0,cloud_0,4,1.0,0.003,1,r0010,r0010,1,1,0,0,0.03878535393865081,0.03878535393865081,0.0,-0.46822199246860163,-0.5068909903454365,-0.46822199246860163,0.0,0.0,,r0010,0
20051,0,0.0,cloud_0,8,1.0,0.003,1,r0010,r0010,1,1,0,0,0.07418993035677592,0.07418993035677592,0.0,-0.468328206197856,-0.5422955667635616,-0.46832820619785603,5.551115123125783e-17,1.185304461628046e-16,,r0010,0
20051,1,12402.986156861067,edge_1,1,1.0,0.003,5,r0001|r0004|r0006|r0009|r0019,r0001|r0004|r0006|r0009|r0019,1,1,0,0,0.27878479572446213,0.27878479572446213,0.0,7.432510578769164,7.154562137431875,7.432510578769164,0.0,0.0,,r0001|r0004|r0006|r0009|r0019,0
20051,1,12402.986156861067,cloud_0,1,1.0,0.003,5,r0001|r0004|r0006|r0009|r0019,r0001|r0004|r0006|r0009|r0019,1,1,0,0,0.12455256933653906,0.12455256933653906,0.0,7.859748832232713,7.735569920604183,7.859748832232713,0.0,0.0,,r0001|r0004|r0006|r0009|r0019,1
20051,1,12402.986156861067,edge_1,2,1.0,0.003,5,r0001|r0004|r0006|r0009|r0019,r0001|r0004|r0006|r0009|r0019,1,1,0,0,0.41183389192211334,0.41183389192211334,0.0,7.291423073477355,6.880824683231007,7.291423073477354,8.881784197001252e-16,1.2181139549162709e-16,,r0001|r0004|r0006|r0009|r0019,0
20051,1,12402.986156861067,cloud_0,2,1.0,0.003,5,r0001|r0004|r0006|r0009|r0019,r0001|r0004|r0006|r0009|r0019,1,1,0,0,0.19152911601830006,0.19152911601830006,0.0,7.721363254755577,7.530408726085332,7.721363254755577,0.0,0.0,,r0001|r0004|r0006|r0009|r0019,0
20051,1,12402.986156861067,cloud_0,4,1.0,0.003,5,r0001|r0004|r0006|r0009|r0019,r0001|r0004|r0006|r0009|r0019,1,1,0,0,0.32548220938182204,0.32548220938182204,0.0,7.585392715613397,7.260886952859721,7.585392715613398,-8.881784197001252e-16,-1.1709063103245039e-16,,r0001|r0004|r0006|r0009|r0019,0
20051,1,12402.986156861067,cloud_0,8,1.0,0.003,5,r0001|r0004|r0006|r0009|r0019,r0001|r0004|r0006|r0009|r0019,1,1,0,0,0.593388396108866,0.593388396108866,0.0,7.470441817063493,6.878833586142954,7.470441817063493,0.0,0.0,,r0001|r0004|r0006|r0009|r0019,0
20051,2,19208.451302454127,edge_1,1,1.0,0.003,3,r0005|r0014|r0022,r0005|r0014|r0022,1,1,0,0,0.12254673484126671,0.12254673484126671,0.0,6.760551583918439,6.638372489281696,6.760551583918439,0.0,0.0,,r0005|r0014|r0022,0
20051,2,19208.451302454127,cloud_0,1,1.0,0.003,3,r0005|r0014|r0022,r0005|r0014|r0022,1,1,0,0,0.05419257421951341,0.05419257421951341,0.0,7.205423929484853,7.151393932987998,7.205423929484852,8.881784197001252e-16,1.2326525522886548e-16,,r0005|r0014|r0022,1
20051,2,19208.451302454127,edge_1,2,1.0,0.003,3,r0005|r0014|r0022,r0005|r0014|r0022,1,1,0,0,0.21570162762864764,0.21570162762864764,0.0,6.624679637291088,6.409625114545326,6.624679637291088,0.0,0.0,,r0005|r0014|r0022,0
20051,2,19208.451302454127,cloud_0,2,1.0,0.003,3,r0005|r0014|r0022,r0005|r0014|r0022,1,1,0,0,0.09762933116840361,0.09762933116840361,0.0,7.100928635588904,7.003592192414006,7.100928635588904,0.0,0.0,,r0005|r0014|r0022,0
20051,2,19208.451302454127,cloud_0,4,1.0,0.003,3,r0005|r0014|r0022,r0005|r0014|r0022,1,1,0,0,0.18450284506618397,0.18450284506618397,0.0,7.006866074611352,6.822916738080367,7.006866074611352,0.0,0.0,,r0005|r0014|r0022,0
20051,2,19208.451302454127,cloud_0,8,1.0,0.003,3,r0005|r0014|r0022,r0005|r0014|r0022,1,1,0,0,0.35824987286174476,0.35824987286174476,0.0,6.894535099368886,6.5373599761257255,6.894535099368885,8.881784197001252e-16,1.288235402241157e-16,,r0005|r0014|r0022,0
20051,3,23708.432073874577,edge_1,1,1.0,0.003,3,r0000|r0012|r0017,r0000|r0012|r0017,1,1,0,0,0.062421473380642654,0.062421473380642654,0.0,4.783965728627531,4.7217315196670295,4.78396572862753,8.881784197001252e-16,1.8565735418738758e-16,,r0000|r0012|r0017,0
20051,3,23708.432073874577,cloud_0,1,1.0,0.003,3,r0000|r0012|r0017,r0000|r0012|r0017,1,1,0,0,0.03104797875920121,0.03104797875920121,0.0,5.718624669872057,5.6876698350491335,5.718624669872057,0.0,0.0,,r0000|r0012|r0017,1
20051,3,23708.432073874577,edge_1,2,1.0,0.003,3,r0000|r0012|r0017,r0000|r0012|r0017,1,1,0,0,0.10987166181639367,0.10987166181639367,0.0,4.681706837386604,4.572164790555659,4.681706837386604,0.0,0.0,,r0000|r0012|r0017,0
20051,3,23708.432073874577,cloud_0,2,1.0,0.003,3,r0000|r0012|r0017,r0000|r0012|r0017,1,1,0,0,0.055933740813149224,0.055933740813149224,0.0,5.634615021718761,5.578849082128052,5.634615021718762,-8.881784197001252e-16,-1.5762894470635876e-16,,r0000|r0012|r0017,0
20051,3,23708.432073874577,cloud_0,4,1.0,0.003,3,r0000|r0012|r0017,r0000|r0012|r0017,1,1,0,0,0.10570526492104522,0.10570526492104522,0.0,5.581523752226516,5.476135603100235,5.581523752226517,-8.881784197001252e-16,-1.591283060196283e-16,,r0000|r0012|r0017,0
20051,3,23708.432073874577,cloud_0,8,1.0,0.003,3,r0000|r0012|r0017,r0000|r0012|r0017,1,1,0,0,0.2052483131368373,0.2052483131368373,0.0,5.551135359954664,5.346502791757237,5.551135359954664,0.0,0.0,,r0000|r0012|r0017,0
20052,0,0.0,cloud_0,1,1.0,0.003,1,r0011,r0011,1,1,0,0,0.009806043513607345,0.009806043513607345,0.0,-0.4839964460987413,-0.4937730714818079,-0.4839964460987414,5.551115123125783e-17,1.1469330338829152e-16,,r0011,1
20052,0,0.0,cloud_0,2,1.0,0.003,1,r0011,r0011,1,1,0,0,0.016973442347919133,0.016973442347919133,0.0,-0.4840179482952443,-0.5009404703161198,-0.4840179482952444,1.1102230246251565e-16,2.2937641641915633e-16,,r0011,0
20052,0,0.0,cloud_0,4,1.0,0.003,1,r0011,r0011,1,1,0,0,0.031308240016542706,0.031308240016542706,0.0,-0.4840609526882502,-0.5152752679847432,-0.4840609526882501,-1.1102230246251565e-16,-2.2935603842026346e-16,,r0011,0
20052,0,0.0,cloud_0,8,1.0,0.003,1,r0011,r0011,1,1,0,0,0.05997783535378984,0.05997783535378984,0.0,-0.4841469614742619,-0.5439448633219903,-0.48414696147426184,-5.551115123125783e-17,-1.1465764664147107e-16,,r0011,0
20052,1,9746.087811259333,cloud_0,1,1.0,0.003,1,r0009,r0009,1,1,0,0,0.004967254902843553,0.004967254902843553,0.0,1.9178326448753447,1.9128802917372099,1.9178326448753449,-2.220446049250313e-16,-1.157789265493829e-16,,r0009,1
20052,1,9746.087811259333,cloud_0,2,1.0,0.003,1,r0009,r0009,1,1,0,0,0.0059526604935344965,0.0059526604935344965,0.0,1.9155870008098939,1.90965219829784,1.9155870008098939,0.0,0.0,,r0009,0
20052,1,9746.087811259333,cloud_0,4,1.0,0.003,1,r0009,r0009,1,1,0,0,0.007923471674916381,0.007923471674916381,0.0,1.9110957126789918,1.9031960114191002,1.9110957126789918,0.0,0.0,,r0009,0
20052,1,9746.087811259333,cloud_0,8,1.0,0.003,1,r0009,r0009,1,1,0,0,0.01186509403768015,0.01186509403768015,0.0,1.9021131364171882,1.890283637661621,1.9021131364171882,0.0,0.0,,r0009,0
20052,2,11205.178731027983,cloud_0,1,1.0,0.003,1,r0023,r0023,1,1,0,0,0.010461029564259185,0.010461029564259185,0.0,-0.44397410164864437,-0.4544037481242108,-0.44397410164864437,0.0,0.0,,r0023,1
20052,2,11205.178731027983,cloud_0,2,1.0,0.003,1,r0023,r0023,1,1,0,0,0.018107168498940514,0.018107168498940514,0.0,-0.4439970400654484,-0.46204988705889205,-0.4439970400654484,0.0,0.0,,r0023,0
20052,2,11205.178731027983,cloud_0,4,1.0,0.003,1,r0023,r0023,1,1,0,0,0.03339944636830317,0.03339944636830317,0.0,-0.4440429168990565,-0.47734216492825476,-0.4440429168990565,0.0,0.0,,r0023,0
20052,2,11205.178731027983,cloud_0,8,1.0,0.003,1,r0023,r0023,1,1,0,0,0.06398400210702848,0.06398400210702848,0.0,-0.44413467056627265,-0.5079267206669801,-0.4441346705662727,5.551115123125783e-17,1.2498720525574143e-16,,r0023,0
20052,3,21621.69990222843,cloud_0,1,1.0,0.003,4,r0015|r0016|r0017|r0020,r0015|r0016|r0017|r0020,1,1,0,0,0.026072532485851174,0.026072532485851174,0.0,5.511405290285297,5.485410975396904,5.511405290285297,0.0,0.0,,r0015|r0016|r0017|r0020,1
20052,3,21621.69990222843,cloud_0,2,1.0,0.003,4,r0015|r0016|r0017|r0020,r0015|r0016|r0017|r0020,1,1,0,0,0.04765788333438849,0.04765788333438849,0.0,5.423741057593336,5.376226147908951,5.423741057593336,0.0,0.0,,r0015|r0016|r0017|r0020,0
20052,3,21621.69990222843,cloud_0,4,1.0,0.003,4,r0015|r0016|r0017|r0020,r0015|r0016|r0017|r0020,1,1,0,0,0.09082858503146311,0.09082858503146311,0.0,5.368737539204823,5.278181439928455,5.368737539204823,0.0,0.0,,r0015|r0016|r0017|r0020,0
20052,3,21621.69990222843,cloud_0,8,1.0,0.003,4,r0015|r0016|r0017|r0020,r0015|r0016|r0017|r0020,1,1,0,0,0.17716998842561232,0.17716998842561232,0.0,5.3374203490386005,5.160781870578265,5.3374203490386005,0.0,0.0,,r0015|r0016|r0017|r0020,0
20052,4,36944.791861187696,cloud_0,1,1.0,0.003,5,r0002|r0004|r0005|r0014|r0022,r0002|r0004|r0005|r0014|r0022,1,1,0,0,0.0471229388625597,0.0471229388625597,0.0,6.417816754571614,6.370835184525642,6.417816754571614,0.0,0.0,,r0002|r0004|r0005|r0014|r0022,1
20052,4,36944.791861187696,cloud_0,2,1.0,0.003,5,r0002|r0004|r0005|r0014|r0022,r0002|r0004|r0005|r0014|r0022,1,1,0,0,0.08905359733267268,0.08905359733267268,0.0,6.321696174680082,6.232909738139408,6.321696174680082,0.0,0.0,,r0002|r0004|r0005|r0014|r0022,0
20052,4,36944.791861187696,cloud_0,4,1.0,0.003,5,r0002|r0004|r0005|r0014|r0022,r0002|r0004|r0005|r0014|r0022,1,1,0,0,0.17291491427289865,0.17291491427289865,0.0,6.227123285319194,6.054727115789114,6.227123285319194,0.0,0.0,,r0002|r0004|r0005|r0014|r0022,0
20052,4,36944.791861187696,cloud_0,8,1.0,0.003,5,r0002|r0004|r0005|r0014|r0022,r0002|r0004|r0005|r0014|r0022,1,1,0,0,0.3406375481533506,0.3406375481533506,0.0,6.09699540699187,5.75737977148298,6.09699540699187,0.0,0.0,,r0002|r0004|r0005|r0014|r0022,0
20053,0,0.0,edge_1,1,1.0,0.003,1,r0010,r0010,1,1,0,0,0.01128446607074838,0.01128446607074838,0.0,-0.18934865311356605,-0.2005992657861022,-0.18934865311356608,2.7755575615628914e-17,1.4658448929648254e-16,,r0010,0
20053,0,0.0,cloud_0,1,1.0,0.003,1,r0010,r0010,1,1,0,0,0.005853814874196606,0.005853814874196606,0.0,-0.061526326692733946,-0.06736258012230796,-0.061526326692733946,0.0,0.0,,r0010,1
20053,0,0.0,edge_1,2,1.0,0.003,1,r0010,r0010,1,1,0,0,0.017279430346190474,0.017279430346190474,0.0,-0.19023561873401612,-0.20746321078916802,-0.19023561873401612,0.0,0.0,,r0010,0
20053,0,0.0,cloud_0,2,1.0,0.003,1,r0010,r0010,1,1,0,0,0.009023877956450826,0.009023877956450826,0.0,-0.06153583688198072,-0.07053264320456219,-0.06153583688198072,0.0,0.0,,r0010,0
20053,0,0.0,edge_1,4,1.0,0.003,1,r0010,r0010,1,1,0,0,0.02926935889707466,0.02926935889707466,0.0,-0.19200954997491626,-0.2211911007952997,-0.19200954997491626,0.0,0.0,,r0010,0
20053,0,0.0,cloud_0,4,1.0,0.003,1,r0010,r0010,1,1,0,0,0.015364004120959267,0.015364004120959267,0.0,-0.06155485726047424,-0.07687276936907061,-0.06155485726047422,-1.3877787807814457e-17,-2.2545398406318288e-16,,r0010,0
20053,0,0.0,edge_1,8,1.0,0.003,1,r0010,r0010,1,1,0,0,0.05324921599884304,0.05324921599884304,0.0,-0.19555741245671657,-0.2486468808075631,-0.19555741245671657,0.0,0.0,,r0010,0
20053,0,0.0,cloud_0,8,1.0,0.003,1,r0010,r0010,1,1,0,0,0.02804425644997615,0.02804425644997615,0.0,-0.06159289801746129,-0.08955302169808751,-0.06159289801746129,0.0,0.0,,r0010,0
20053,1,2624.6640235806562,edge_1,1,1.0,0.003,1,r0013,r0013,1,1,0,0,0.03402358897402611,0.03402358897402611,0.0,0.6254293985452866,0.5915078803381825,0.6254293985452865,1.1102230246251565e-16,1.7751372532334944e-16,,r0013,0
20053,1,2624.6640235806562,cloud_0,1,1.0,0.003,1,r0013,r0013,1,1,0,0,0.01672603205300405,0.01672603205300405,0.0,0.7791082680731745,0.7624324141163294,0.7791082680731745,0.0,0.0,,r0013,1
20053,1,2624.6640235806562,edge_1,2,1.0,0.003,1,r0013,r0013,1,1,0,0,0.05209889702518364,0.05209889702518364,0.0,0.6115754521260663,0.5596328517919582,0.6115754521260663,0.0,0.0,,r0013,0
20053,1,2624.6640235806562,cloud_0,2,1.0,0.003,1,r0013,r0013,1,1,0,0,0.025783813664368365,0.025783813664368365,0.0,0.7714400990648629,0.7457336368414876,0.7714400990648629,0.0,0.0,,r0013,0
20053,1,2624.6640235806562,edge_1,4,1.0,0.003,1,r0013,r0013,1,1,0,0,0.08824951312749868,0.08824951312749868,0.0,0.5838675592876261,0.49588279469951,0.5838675592876262,-1.1102230246251565e-16,-1.9014980485980995e-16,,r0013,0
20053,1,2624.6640235806562,cloud_0,4,1.0,0.003,1,r0013,r0013,1,1,0,0,0.04389937688709699,0.04389937688709699,0.0,0.7561037610482396,0.7123360822918039,0.7561037610482396,0.0,0.0,,r0013,0
20053,1,2624.6640235806562,edge_1,8,1.0,0.003,1,r0013,r0013,1,1,0,0,0.1605507453321288,0.1605507453321288,0.0,0.5284517736107456,0.3683826805146132,0.5284517736107456,0.0,0.0,,r0013,0
20053,1,2624.6640235806562,cloud_0,8,1.0,0.003,1,r0013,r0013,1,1,0,0,0.08013050333255423,0.08013050333255423,0.0,0.7254310850149931,0.6455409731924365,0.7254310850149931,0.0,0.0,,r0013,0
20053,2,3506.535705284122,edge_1,1,1.0,0.003,1,r0021,r0021,1,1,0,0,0.006752777386302165,0.006752777386302165,0.0,-0.13532731423404212,-0.1420598332881854,-0.13532731423404212,0.0,0.0,,r0021,0
20053,2,3506.535705284122,cloud_0,1,1.0,0.003,1,r0021,r0021,1,1,0,0,0.0039094035560187645,0.0039094035560187645,0.0,-0.02132729851290823,-0.02522497385825894,-0.02132729851290823,0.0,0.0,,r0021,1
20053,2,3506.535705284122,edge_1,2,1.0,0.003,1,r0021,r0021,1,1,0,0,0.008832829472739017,0.008832829472739017,0.0,-0.1360371318137257,-0.1448434627980465,-0.1360371318137257,0.0,0.0,,r0021,0
20053,2,3506.535705284122,cloud_0,2,1.0,0.003,1,r0021,r0021,1,1,0,0,0.005148331994688965,0.005148331994688965,0.0,-0.021331015298224246,-0.026463902296929142,-0.021331015298224246,0.0,0.0,,r0021,0
20053,2,3506.535705284122,edge_1,4,1.0,0.003,1,r0021,r0021,1,1,0,0,0.012992933645612723,0.012992933645612723,0.0,-0.1374567669730928,-0.1504107218177687,-0.13745676697309284,2.7755575615628914e-17,2.019222205412562e-16,,r0021,0
20053,2,3506.535705284122,cloud_0,4,1.0,0.003,1,r0021,r0021,1,1,0,0,0.007626188872029366,0.007626188872029366,0.0,-0.021338448868856264,-0.02894175917426954,-0.02133844886885626,-3.469446951953614e-18,-1.6259133797758448e-16,,r0021,0
20053,2,3506.535705284122,edge_1,8,1.0,0.003,1,r0021,r0021,1,1,0,0,0.021313141991360134,0.021313141991360134,0.0,-0.140296037291827,-0.16154523985721306,-0.140296037291827,0.0,0.0,,r0021,0
20053,2,3506.535705284122,cloud_0,8,1.0,0.003,1,r0021,r0021,1,1,0,0,0.012581902626710169,0.012581902626710169,0.0,-0.021353316010120305,-0.033897472928950345,-0.021353316010120305,0.0,0.0,,r0021,0
20053,3,6054.564461366766,edge_1,1,1.0,0.003,1,r0002,r0002,1,1,0,0,0.010350658614647347,0.010350658614647347,0.0,-0.18930523930680637,-0.1996248459456098,-0.1893052393068064,2.7755575615628914e-17,1.4661810585519792e-16,,r0002,0
20053,3,6054.564461366766,cloud_0,1,1.0,0.003,1,r0002,r0002,1,1,0,0,0.005414827124962691,0.005414827124962691,0.0,-0.08491320101988567,-0.09031178366347348,-0.08491320101988567,0.0,0.0,,r0002,1
20053,3,6054.564461366766,edge_1,2,1.0,0.003,1,r0002,r0002,1,1,0,0,0.013538962895352002,0.013538962895352002,0.0,-0.1899585287302612,-0.20345687473692714,-0.1899585287302612,0.0,0.0,,r0002,0
20053,3,6054.564461366766,cloud_0,2,1.0,0.003,1,r0002,r0002,1,1,0,0,0.007130839099544032,0.007130839099544032,0.0,-0.08491834905580942,-0.09202779563805483,-0.08491834905580943,1.3877787807814457e-17,1.634250778791495e-16,,r0002,0
20053,3,6054.564461366766,edge_1,4,1.0,0.003,1,r0002,r0002,1,1,0,0,0.019915571456761316,0.019915571456761316,0.0,-0.19126510757717086,-0.2111209323195619,-0.19126510757717086,0.0,0.0,,r0002,0
20053,3,6054.564461366766,cloud_0,4,1.0,0.003,1,r0002,r0002,1,1,0,0,0.010562863048706713,0.010562863048706713,0.0,-0.08492864512765691,-0.0954598195872175,-0.08492864512765691,0.0,0.0,,r0002,0
20053,3,6054.564461366766,edge_1,8,1.0,0.003,1,r0002,r0002,1,1,0,0,0.032668788579579944,0.032668788579579944,0.0,-0.19387826527099022,-0.2264490474848314,-0.19387826527099022,0.0,0.0,,r0002,0
20053,3,6054.564461366766,cloud_0,8,1.0,0.003,1,r0002,r0002,1,1,0,0,0.01742691094703208,0.01742691094703208,0.0,-0.08494923727135187,-0.10232386748554285,-0.08494923727135187,0.0,0.0,,r0002,0
20053,4,8014.787782041984,edge_1,1,1.0,0.003,1,r0003,r0003,1,1,0,0,0.00870035338051251,0.00870035338051251,0.0,-0.10059390324791194,-0.10926815556828291,-0.10059390324791194,0.0,0.0,,r0003,0
20053,4,8014.787782041984,cloud_0,1,1.0,0.003,1,r0003,r0003,1,1,0,0,0.004551489063207314,0.004551489063207314,0.0,0.012036637551916245,0.007498802955898554,0.012036637551916245,0.0,0.0,,r0003,1
20053,4,8014.787782041984,edge_1,2,1.0,0.003,1,r0003,r0003,1,1,0,0,0.011380315589629996,0.011380315589629996,0.0,-0.10129704372153675,-0.11264321836439785,-0.10129704372153674,-1.3877787807814457e-17,-1.3700091629489382e-16,,r0003,0
20053,4,8014.787782041984,cloud_0,2,1.0,0.003,1,r0003,r0003,1,1,0,0,0.005993900714473758,0.005993900714473758,0.0,0.012032310316962443,0.006056391304632102,0.01203231031696244,3.469446951953614e-18,2.8834420494147263e-16,,r0003,0
20053,4,8014.787782041984,edge_1,4,1.0,0.003,1,r0003,r0003,1,1,0,0,0.016740240007864973,0.016740240007864973,0.0,-0.10270332466878633,-0.1193933439566277,-0.10270332466878633,0.0,0.0,,r0003,0
20053,4,8014.787782041984,cloud_0,4,1.0,0.003,1,r0003,r0003,1,1,0,0,0.008878724017006644,0.008878724017006644,0.0,0.01202365584705484,0.0031715680020992197,0.012023655847054844,-3.469446951953614e-18,-2.885517513214123e-16,,r0003,0
20053,4,8014.787782041984,edge_1,8,1.0,0.003,1,r0003,r0003,1,1,0,0,0.027460088844334925,0.027460088844334925,0.0,-0.10551588656328553,-0.13289359514108745,-0.10551588656328553,0.0,0.0,,r0003,0
20053,4,8014.787782041984,cloud_0,8,1.0,0.003,1,r0003,r0003,1,1,0,0,0.014648370622072419,0.014648370622072419,0.0,0.012006346907239649,-0.0025980786029665554,0.012006346907239646,3.469446951953614e-18,2.889677417084783e-16,,r0003,0
20053,5,10672.752641290292,edge_1,1,1.0,0.003,1,r0014,r0014,1,1,0,0,0.02684628899191208,0.02684628899191208,0.0,-0.9820050522680703,-1.0087708023930066,-0.9820050522680703,0.0,0.0,,r0014,0
20053,5,10672.752641290292,cloud_0,1,1.0,0.003,1,r0014,r0014,1,1,0,0,0.015773525300817832,0.015773525300817832,0.0,-0.41962124829385794,-0.4353474530187733,-0.41962124829385794,0.0,0.0,,r0014,1
20053,5,10672.752641290292,edge_1,2,1.0,0.003,1,r0014,r0014,1,1,0,0,0.04470614772363206,0.04470614772363206,0.0,-0.9861591639843504,-1.0307311932648116,-0.9861591639843504,0.0,0.0,,r0014,0
20053,5,10672.752641290292,cloud_0,2,1.0,0.003,1,r0014,r0014,1,1,0,0,0.026411281459734065,0.026411281459734065,0.0,-0.4196531615623347,-0.4459852091776896,-0.41965316156233473,5.551115123125783e-17,1.3227864416556354e-16,,r0014,0
20053,5,10672.752641290292,edge_1,4,1.0,0.003,1,r0014,r0014,1,1,0,0,0.08042586518707201,0.08042586518707201,0.0,-0.9944673874169108,-1.0746519750084214,-0.9944673874169105,-2.220446049250313e-16,-2.232799262545786e-16,,r0014,0
20053,5,10672.752641290292,cloud_0,4,1.0,0.003,1,r0014,r0014,1,1,0,0,0.04768679377756652,0.04768679377756652,0.0,-0.41971698809928815,-0.467260721495522,-0.4197169880992882,5.551115123125783e-17,1.3225852849712654e-16,,r0014,0
20053,5,10672.752641290292,edge_1,8,1.0,0.003,1,r0014,r0014,1,1,0,0,0.15186530011395197,0.15186530011395197,0.0,-1.0110838342820312,-1.1624935384956414,-1.0110838342820312,0.0,0.0,,r0014,0
20053,5,10672.752641290292,cloud_0,8,1.0,0.003,1,r0014,r0014,1,1,0,0,0.09023781841323146,0.09023781841323146,0.0,-0.4198446411731952,-0.509811746131187,-0.4198446411731952,0.0,0.0,,r0014,0
20053,6,19727.63522399901,edge_1,1,1.0,0.003,3,r0006|r0019|r0022,r0006|r0019|r0022,1,1,0,0,0.11680455158027055,0.11680455158027055,0.0,6.4557122331616785,6.339258095236149,6.4557122331616785,0.0,0.0,,r0006|r0019|r0022,0
20053,6,19727.63522399901,cloud_0,1,1.0,0.003,3,r0006|r0019|r0022,r0006|r0019|r0022,1,1,0,0,0.0605095405092932,0.0605095405092932,0.0,6.725003445130026,6.6646754332422615,6.725003445130027,-8.881784197001252e-16,-1.3207107281756232e-16,,r0006|r0019|r0022,1
20053,6,19727.63522399901,edge_1,2,1.0,0.003,3,r0006|r0019|r0022,r0006|r0019|r0022,1,1,0,0,0.1643566885066378,0.1643566885066378,0.0,6.333933957211641,6.170070338770523,6.333933957211641,0.0,0.0,,r0006|r0019|r0022,0
20053,6,19727.63522399901,cloud_0,2,1.0,0.003,3,r0006|r0019|r0022,r0006|r0019|r0022,1,1,0,0,0.08574951663459225,0.08574951663459225,0.0,6.605488608796657,6.519996340711969,6.605488608796657,0.0,0.0,,r0006|r0019|r0022,0
20053,6,19727.63522399901,edge_1,4,1.0,0.003,3,r0006|r0019|r0022,r0006|r0019|r0022,1,1,0,0,0.2594609623593723,0.2594609623593723,0.0,6.203600733909089,5.944918154436794,6.203600733909089,0.0,0.0,,r0006|r0019|r0022,0
20053,6,19727.63522399901,cloud_0,4,1.0,0.003,3,r0006|r0019|r0022,r0006|r0019|r0022,1,1,0,0,0.1362294688851904,0.1362294688851904,0.0,6.482364189556232,6.346543409077697,6.482364189556232,0.0,0.0,,r0006|r0019|r0022,0
20053,6,19727.63522399901,edge_1,8,1.0,0.003,3,r0006|r0019|r0022,r0006|r0019|r0022,1,1,0,0,0.4496695100648413,0.4496695100648413,0.0,6.086427336478085,5.6381068349434385,6.086427336478085,0.0,0.0,,r0006|r0019|r0022,0
20053,6,19727.63522399901,cloud_0,8,1.0,0.003,3,r0006|r0019|r0022,r0006|r0019|r0022,1,1,0,0,0.23718937338638665,0.23718937338638665,0.0,6.380170005875889,6.143692200609662,6.38017000587589,-8.881784197001252e-16,-1.3920920898379625e-16,,r0006|r0019|r0022,0
20053,7,24591.799907856966,edge_1,1,1.0,0.003,1,r0000,r0000,1,1,0,0,0.04023827088844541,0.04023827088844541,0.0,1.4303832587333183,1.3902657026575382,1.4303832587333183,0.0,0.0,,r0000,0
20053,7,24591.799907856966,cloud_0,1,1.0,0.003,1,r0000,r0000,1,1,0,0,0.021363497586295178,0.021363497586295178,0.0,1.7739704575074906,1.7526710504139544,1.7739704575074908,-2.220446049250313e-16,-1.251681525954012e-16,,r0000,1
20053,7,24591.799907856966,edge_1,2,1.0,0.003,1,r0000,r0000,1,1,0,0,0.0670073276430986,0.0670073276430986,0.0,1.4212450730483002,1.3544387673881308,1.4212450730483002,0.0,0.0,,r0000,0
20053,7,24591.799907856966,cloud_0,2,1.0,0.003,1,r0000,r0000,1,1,0,0,0.035771163196266366,0.035771163196266366,0.0,1.7699866657861767,1.7343228160794992,1.7699866657861767,0.0,0.0,,r0000,0
20053,7,24591.799907856966,edge_1,4,1.0,0.003,1,r0000,r0000,1,1,0,0,0.12054544115240498,0.12054544115240498,0.0,1.4029687016782642,1.2827848968493165,1.4029687016782644,-2.220446049250313e-16,-1.5826768242186464e-16,,r0000,0
20053,7,24591.799907856966,cloud_0,4,1.0,0.003,1,r0000,r0000,1,1,0,0,0.06458649441620874,0.06458649441620874,0.0,1.7620190823435486,1.6976263474105886,1.7620190823435486,0.0,0.0,,r0000,0
20053,7,24591.799907856966,edge_1,8,1.0,0.003,1,r0000,r0000,1,1,0,0,0.22762166817101778,0.22762166817101778,0.0,1.3664159589381923,1.1394771557716876,1.3664159589381923,0.0,0.0,,r0000,0
20053,7,24591.799907856966,cloud_0,8,1.0,0.003,1,r0000,r0000,1,1,0,0,0.12221715685609352,0.12221715685609352,0.0,1.7460839154582926,1.6242334100727673,1.7460839154582926,0.0,0.0,,r0000,0
20053,8,31357.336472420335,edge_1,1,1.0,0.003,1,r0004,r0004,1,1,0,0,0.03443342707668249,0.03443342707668249,0.0,-0.21938562479500695,-0.2537157515904594,-0.21938562479500695,0.0,0.0,,r0004,0
20053,8,31357.336472420335,cloud_0,1,1.0,0.003,1,r0004,r0004,1,1,0,0,0.020231344948702098,0.020231344948702098,0.0,-0.12310738639567909,-0.1432780373095351,-0.1231073863956791,1.3877787807814457e-17,1.1272912384972498e-16,,r0004,1
20053,8,31357.336472420335,edge_1,2,1.0,0.003,1,r0004,r0004,1,1,0,0,0.05734073256772461,0.05734073256772461,0.0,-0.22014595992062502,-0.2773146702906465,-0.22014595992062505,2.7755575615628914e-17,1.2607806032705007e-16,,r0004,0
20053,8,31357.336472420335,cloud_0,2,1.0,0.003,1,r0004,r0004,1,1,0,0,0.033875480310126715,0.033875480310126715,0.0,-0.12314831880176336,-0.1569221726709597,-0.12314831880176337,1.3877787807814457e-17,1.1269165460678413e-16,,r0004,0
20053,8,31357.336472420335,edge_1,4,1.0,0.003,1,r0004,r0004,1,1,0,0,0.10315534354980885,0.10315534354980885,0.0,-0.2216666301718611,-0.3245125076910205,-0.2216666301718611,0.0,0.0,,r0004,0
20053,8,31357.336472420335,cloud_0,4,1.0,0.003,1,r0004,r0004,1,1,0,0,0.06116375103297596,0.06116375103297596,0.0,-0.12323018361393191,-0.18421044339380896,-0.12323018361393193,1.3877787807814457e-17,1.1261679079609427e-16,,r0004,0
20053,8,31357.336472420335,edge_1,8,1.0,0.003,1,r0004,r0004,1,1,0,0,0.19478456551397733,0.19478456551397733,0.0,-0.2247079706743333,-0.41890818249176875,-0.22470797067433337,8.326672684688674e-17,3.705552882570607e-16,,r0004,0
20053,8,31357.336472420335,cloud_0,8,1.0,0.003,1,r0004,r0004,1,1,0,0,0.11574029247867446,0.11574029247867446,0.0,-0.12339391323826901,-0.23878698483950744,-0.12339391323826901,0.0,0.0,,r0004,0
20053,9,33759.97607968095,edge_1,1,1.0,0.003,1,r0007,r0007,1,1,0,0,0.01761351090541497,0.01761351090541497,0.0,-0.8689991629994573,-0.886559833372156,-0.8689991629994573,0.0,0.0,,r0007,0
20053,9,33759.97607968095,cloud_0,1,1.0,0.003,1,r0007,r0007,1,1,0,0,0.01034881059302067,0.01034881059302067,0.0,-0.34787968286835685,-0.35819744702959844,-0.34787968286835685,0.0,0.0,,r0007,1
20053,9,33759.97607968095,edge_1,2,1.0,0.003,1,r0007,r0007,1,1,0,0,0.02933113849390931,0.02933113849390931,0.0,-0.8728293850595318,-0.9020725301379593,-0.8728293850595317,-1.1102230246251565e-16,-1.2719817224639306e-16,,r0007,0
20053,9,33759.97607968095,cloud_0,2,1.0,0.003,1,r0007,r0007,1,1,0,0,0.017328107961482448,0.017328107961482448,0.0,-0.34790062076046224,-0.36517674439806025,-0.34790062076046224,0.0,0.0,,r0007,0
20053,9,33759.97607968095,edge_1,4,1.0,0.003,1,r0007,r0007,1,1,0,0,0.052766393670897985,0.052766393670897985,0.0,-0.8804898291796802,-0.9330979236695656,-0.8804898291796803,1.1102230246251565e-16,1.2609152176800385e-16,,r0007,0
20053,9,33759.97607968095,cloud_0,4,1.0,0.003,1,r0007,r0007,1,1,0,0,0.031286702698406,0.031286702698406,0.0,-0.347942496544673,-0.37913533913498376,-0.34794249654467296,-5.551115123125783e-17,-1.5954116494111734e-16,,r0007,0
20053,9,33759.97607968095,edge_1,8,1.0,0.003,1,r0007,r0007,1,1,0,0,0.09963690402487532,0.09963690402487532,0.0,-0.8958107174199774,-0.9951487107327781,-0.8958107174199774,0.0,0.0,,r0007,0
20053,9,33759.97607968095,cloud_0,8,1.0,0.003,1,r0007,r0007,1,1,0,0,0.059203892172253116,0.059203892172253116,0.0,-0.34802624811309457,-0.4070525286088309,-0.34802624811309457,0.0,0.0,,r0007,0
20054,0,0.0,cloud_0,1,1.0,0.003,1,r0008,r0008,1,1,0,0,0.0046984969457108585,0.0046984969457108585,0.0,-0.09749522585756597,-0.1021796273124397,-0.09749522585756597,0.0,0.0,,r0008,1
20054,0,0.0,cloud_0,2,1.0,0.003,1,r0008,r0008,1,1,0,0,0.006084588250536525,0.006084588250536525,0.0,-0.09749938413148045,-0.10356571861726536,-0.09749938413148045,0.0,0.0,,r0008,0
20054,0,0.0,cloud_0,4,1.0,0.003,1,r0008,r0008,1,1,0,0,0.008856770860187862,0.008856770860187862,0.0,-0.0975077006793094,-0.1063379012269167,-0.0975077006793094,0.0,0.0,,r0008,0
20054,0,0.0,cloud_0,8,1.0,0.003,1,r0008,r0008,1,1,0,0,0.01440113607949053,0.01440113607949053,0.0,-0.09752433377496732,-0.11188226644621938,-0.09752433377496732,0.0,0.0,,r0008,0
20054,1,2375.735421848467,cloud_0,1,1.0,0.003,2,r0003|r0021,r0003|r0021,1,1,0,0,0.007285005420865294,0.007285005420865294,0.0,5.834978130695788,5.827714980291185,5.834978130695788,0.0,0.0,,r0003|r0021,1
20054,1,2375.735421848467,cloud_0,2,1.0,0.003,2,r0003|r0021,r0003|r0021,1,1,0,0,0.00984047645634746,0.00984047645634746,0.0,5.741426844003951,5.731615888976973,5.741426844003951,0.0,0.0,,r0003|r0021,0
20054,1,2375.735421848467,cloud_0,4,1.0,0.003,2,r0003|r0021,r0003|r0021,1,1,0,0,0.014951418527311792,0.014951418527311792,0.0,5.6421621524422605,5.627255588170531,5.6421621524422605,0.0,0.0,,r0003|r0021,0
20054,1,2375.735421848467,cloud_0,8,1.0,0.003,2,r0003|r0021,r0003|r0021,1,1,0,0,0.02517330266924045,0.02517330266924045,0.0,5.5582642864937135,5.53316650373248,5.558264286493713,8.881784197001252e-16,1.5979420443507004e-16,,r0003|r0021,0
20054,2,6327.882656549444,cloud_0,1,1.0,0.003,2,r0002|r0015,r0002|r0015,1,1,0,0,0.00779245052900197,0.00779245052900197,0.0,5.624071522992418,5.616302449815003,5.624071522992418,0.0,0.0,,r0002|r0015,1
20054,2,6327.882656549444,cloud_0,2,1.0,0.003,2,r0002|r0015,r0002|r0015,1,1,0,0,0.012304821619655536,0.012304821619655536,0.0,5.528091085206589,5.515823178051792,5.528091085206588,8.881784197001252e-16,1.6066638664419425e-16,,r0002|r0015,0
20054,2,6327.882656549444,cloud_0,4,1.0,0.003,2,r0002|r0015,r0002|r0015,1,1,0,0,0.021329563800962667,0.021329563800962667,0.0,5.452722074465917,5.431456499356357,5.452722074465917,0.0,0.0,,r0002|r0015,0
20054,2,6327.882656549444,cloud_0,8,1.0,0.003,2,r0002|r0015,r0002|r0015,1,1,0,0,0.039379048163576943,0.039379048163576943,0.0,5.40312992890159,5.363869017882504,5.40312992890159,0.0,0.0,,r0002|r0015,0
20054,3,9808.792398941687,cloud_0,1,1.0,0.003,2,r0020|r0022,r0020|r0022,1,1,0,0,0.018429716000368034,0.018429716000368034,0.0,4.64507265919991,4.626698232347542,4.64507265919991,0.0,0.0,,r0020|r0022,1
20054,3,9808.792398941687,cloud_0,2,1.0,0.003,2,r0020|r0022,r0020|r0022,1,1,0,0,0.03145853738413858,0.03145853738413858,0.0,4.564934160652949,4.533569998880963,4.564934160652949,0.0,0.0,,r0020|r0022,0
20054,3,9808.792398941687,cloud_0,4,1.0,0.003,2,r0020|r0022,r0020|r0022,1,1,0,0,0.05751618015167966,0.05751618015167966,0.0,4.510626053519198,4.453282421907973,4.510626053519198,0.0,0.0,,r0020|r0022,0
20054,3,9808.792398941687,cloud_0,8,1.0,0.003,2,r0020|r0022,r0020|r0022,1,1,0,0,0.10963146568676183,0.10963146568676183,0.0,4.478253469456769,4.368950898167068,4.478253469456769,0.0,0.0,,r0020|r0022,0
20054,4,20253.44805219552,cloud_0,1,1.0,0.003,4,r0013|r0016|r0019|r0023,r0013|r0016|r0019|r0023,1,1,0,0,0.039786126191234,0.039786126191234,0.0,6.195906427269597,6.156239659456937,6.195906427269597,0.0,0.0,,r0013|r0016|r0019|r0023,1
20054,4,20253.44805219552,cloud_0,2,1.0,0.003,4,r0013|r0016|r0019|r0023,r0013|r0016|r0019|r0023,1,1,0,0,0.07033806312240215,0.07033806312240215,0.0,6.081195669952618,6.011068621019583,6.081195669952618,0.0,0.0,,r0013|r0016|r0019|r0023,0
20054,4,20253.44805219552,cloud_0,4,1.0,0.003,4,r0013|r0016|r0019|r0023,r0013|r0016|r0019|r0023,1,1,0,0,0.13144193698473847,0.13144193698473847,0.0,5.992033626179755,5.860986015005971,5.992033626179755,0.0,0.0,,r0013|r0016|r0019|r0023,0
20054,4,20253.44805219552,cloud_0,8,1.0,0.003,4,r0013|r0016|r0019|r0023,r0013|r0016|r0019|r0023,1,1,0,0,0.2536496847094111,0.2536496847094111,0.0,5.914624922697334,5.6617361870420515,5.914624922697334,0.0,0.0,,r0013|r0016|r0019|r0023,0
20054,5,32060.778171372156,cloud_0,1,1.0,0.003,1,r0000,r0000,1,1,0,0,0.11514857719441268,0.11514857719441268,0.0,0.20689209159066146,0.09208896012783202,0.20689209159066146,0.0,0.0,,r0000,1
20054,5,32060.778171372156,cloud_0,2,1.0,0.003,1,r0000,r0000,1,1,0,0,0.1901512307692046,0.1901512307692046,0.0,0.2066670836299371,0.017086306553040137,0.2066670836299371,0.0,0.0,,r0000,0
20054,5,32060.778171372156,cloud_0,4,1.0,0.003,1,r0000,r0000,1,1,0,0,0.34015653791878836,0.34015653791878836,0.0,0.20621706770848838,-0.13291900059654363,0.20621706770848838,0.0,0.0,,r0000,0
20054,5,32060.778171372156,cloud_0,8,1.0,0.003,1,r0000,r0000,1,1,0,0,0.640167152217956,0.640167152217956,0.0,0.20531703586559089,-0.43292961489571125,0.2053170358655908,8.326672684688674e-17,4.0555196258237734e-16,,r0000,0
20055,0,0.0,cloud_0,1,1.0,0.003,1,r0007,r0007,1,1,0,0,0.01052079509702081,0.01052079509702081,0.0,-0.45352288606897667,-0.4640121187807064,-0.45352288606897667,0.0,0.0,,r0007,1
20055,0,0.0,cloud_0,2,1.0,0.003,1,r0007,r0007,1,1,0,0,0.01844358976726669,0.01844358976726669,0.0,-0.45354665445298736,-0.4719349134509523,-0.4535466544529874,5.551115123125783e-17,1.2239347526046377e-16,,r0007,0
20055,0,0.0,cloud_0,4,1.0,0.003,1,r0007,r0007,1,1,0,0,0.03428917910775846,0.03428917910775846,0.0,-0.45359419122100886,-0.487780502791444,-0.45359419122100886,0.0,0.0,,r0007,0
20055,0,0.0,cloud_0,8,1.0,0.003,1,r0007,r0007,1,1,0,0,0.06598035778874198,0.06598035778874198,0.0,-0.4536892647570518,-0.5194716814724275,-0.45368926475705174,-5.551115123125783e-17,-1.223550027373554e-16,,r0007,0
20055,1,13335.631028650634,cloud_0,1,1.0,0.003,5,r0004|r0005|r0006|r0010|r0016,r0004|r0005|r0006|r0010|r0016,1,1,0,0,0.01791675143163033,0.01791675143163033,0.0,6.681880695730216,6.664017694552881,6.681880695730217,-8.881784197001252e-16,-1.3292341784367376e-16,,r0004|r0005|r0006|r0010|r0016,1
20055,1,13335.631028650634,cloud_0,2,1.0,0.003,5,r0004|r0005|r0006|r0010|r0016,r0004|r0005|r0006|r0010|r0016,1,1,0,0,0.02822552191489311,0.02822552191489311,0.0,6.544597659542071,6.516456814192923,6.544597659542071,0.0,0.0,,r0004|r0005|r0006|r0010|r0016,0
20055,1,13335.631028650634,cloud_0,4,1.0,0.003,5,r0004|r0005|r0006|r0010|r0016,r0004|r0005|r0006|r0010|r0016,1,1,0,0,0.04884306288141869,0.04884306288141869,0.0,6.418260267119243,6.369563733426469,6.418260267119243,0.0,0.0,,r0004|r0005|r0006|r0010|r0016,0
20055,1,13335.631028650634,cloud_0,8,1.0,0.003,5,r0004|r0005|r0006|r0010|r0016,r0004|r0005|r0006|r0010|r0016,1,1,0,0,0.09007814481446981,0.09007814481446981,0.0,6.319954841396441,6.230146931016415,6.319954841396441,0.0,0.0,,r0004|r0005|r0006|r0010|r0016,0
20055,2,26533.58003954738,cloud_0,1,1.0,0.003,4,r0000|r0013|r0015|r0022,r0000|r0013|r0015|r0022,1,1,0,0,0.09369817445793077,0.09369817445793077,0.0,6.328548612576229,6.235131532641673,6.32854861257623,-8.881784197001252e-16,-1.4034472579307009e-16,,r0000|r0013|r0015|r0022,1
20055,2,26533.58003954738,cloud_0,2,1.0,0.003,4,r0000|r0013|r0015|r0022,r0000|r0013|r0015|r0022,1,1,0,0,0.1644300836780957,0.1644300836780957,0.0,6.213193468986462,6.0492566755594,6.213193468986462,0.0,0.0,,r0000|r0013|r0015|r0022,0
20055,2,26533.58003954738,cloud_0,4,1.0,0.003,4,r0000|r0013|r0015|r0022,r0000|r0013|r0015|r0022,1,1,0,0,0.3058939021184256,0.3058939021184256,0.0,6.125832752427577,5.820856532015507,6.125832752427578,-8.881784197001252e-16,-1.449890089389321e-16,,r0000|r0013|r0015|r0022,0
20055,2,26533.58003954738,cloud_0,8,1.0,0.003,4,r0000|r0013|r0015|r0022,r0000|r0013|r0015|r0022,1,1,0,0,0.5888215389990855,0.5888215389990855,0.0,6.056430235082224,5.469375160700135,6.056430235082224,0.0,0.0,,r0000|r0013|r0015|r0022,0
20055,3,39406.209456992874,cloud_0,1,1.0,0.003,2,r0008|r0017,r0008|r0017,1,1,0,0,0.059270324137695805,0.059270324137695805,0.0,6.094884201559212,6.03579168839393,6.094884201559212,0.0,0.0,,r0008|r0017,1
20055,3,39406.209456992874,cloud_0,2,1.0,0.003,2,r0008|r0017,r0008|r0017,1,1,0,0,0.10653703605035547,0.10653703605035547,0.0,6.032311901173408,5.926094476231204,6.032311901173408,0.0,0.0,,r0008|r0017,0
20055,3,39406.209456992874,cloud_0,4,1.0,0.003,2,r0008|r0017,r0008|r0017,1,1,0,0,0.20107045987567485,0.20107045987567485,0.0,5.992824747767694,5.792357499271645,5.992824747767693,8.881784197001252e-16,1.4820697368648543e-16,,r0008|r0017,0
20055,3,39406.209456992874,cloud_0,8,1.0,0.003,2,r0008|r0017,r0008|r0017,1,1,0,0,0.3901373075263135,0.3901373075263135,0.0,5.968483939923087,5.579517044319352,5.968483939923086,8.881784197001252e-16,1.4881139475958292e-16,,r0008|r0017,0
20056,0,0.0,edge_3,1,1.0,0.003,1,r0005,r0005,1,1,0,0,0.0047075543956862555,0.0047075543956862555,0.0,-0.25881766694160946,-0.26351109867410866,-0.25881766694160946,0.0,0.0,,r0005,0
20056,0,0.0,edge_5,1,1.0,0.003,1,r0005,r0005,1,1,0,0,0.003433388061379008,0.003433388061379008,0.0,-0.26498947310867454,-0.2684125610058694,-0.26498947310867454,0.0,0.0,,r0005,0
20056,0,0.0,cloud_0,1,1.0,0.003,1,r0005,r0005,1,1,0,0,0.0029942728437392986,0.0029942728437392986,0.0,-0.09736297657571333,-0.1003482666009214,-0.09736297657571331,-1.3877787807814457e-17,-1.42536601651887e-16,,r0005,1
20056,0,0.0,edge_3,2,1.0,0.003,1,r0005,r0005,1,1,0,0,0.006537151502467378,0.006537151502467378,0.0,-0.25965346649421395,-0.2661710065421739,-0.25965346649421395,0.0,0.0,,r0005,0
20056,0,0.0,edge_5,2,1.0,0.003,1,r0005,r0005,1,1,0,0,0.005299167194368865,0.005299167194368865,0.0,-0.26583105285703645,-0.2711143225498222,-0.26583105285703645,0.0,0.0,,r0005,0
20056,0,0.0,cloud_0,2,1.0,0.003,1,r0005,r0005,1,1,0,0,0.0042020120853718534,0.0042020120853718534,0.0,-0.09736659979343822,-0.10155600584255395,-0.09736659979343822,0.0,0.0,,r0005,0
20056,0,0.0,edge_3,4,1.0,0.003,1,r0005,r0005,1,1,0,0,0.010196345716029629,0.010196345716029629,0.0,-0.26132506559942287,-0.2714908222783044,-0.26132506559942287,0.0,0.0,,r0005,0
20056,0,0.0,edge_5,4,1.0,0.003,1,r0005,r0005,1,1,0,0,0.009030725460348579,0.009030725460348579,0.0,-0.2675142123537602,-0.27651784563772774,-0.2675142123537602,0.0,0.0,,r0005,0
20056,0,0.0,cloud_0,4,1.0,0.003,1,r0005,r0005,1,1,0,0,0.006617490568636962,0.006617490568636962,0.0,-0.097373846228888,-0.10397148432581907,-0.09737384622888802,1.3877787807814457e-17,1.4252069056811393e-16,,r0005,0
20056,0,0.0,edge_3,8,1.0,0.003,1,r0005,r0005,1,1,0,0,0.017514734143154125,0.017514734143154125,0.0,-0.26466826380984076,-0.28213045375056545,-0.26466826380984076,0.0,0.0,,r0005,0
20056,0,0.0,edge_5,8,1.0,0.003,1,r0005,r0005,1,1,0,0,0.01649384199230801,0.01649384199230801,0.0,-0.27088053134720785,-0.28732489181353893,-0.27088053134720785,0.0,0.0,,r0005,0
20056,0,0.0,cloud_0,8,1.0,0.003,1,r0005,r0005,1,1,0,0,0.011448447535167182,0.011448447535167182,0.0,-0.09738833909978761,-0.10880244129234928,-0.0973883390997876,-1.3877787807814457e-17,-1.424994813146446e-16,,r0005,0
20056,1,2673.5008323899992,edge_3,1,1.0,0.003,2,r0002|r0010,r0002|r0010,1,1,0,0,0.02647695123175064,0.02647695123175064,0.0,5.3513602257836235,5.324962705405568,5.3513602257836235,0.0,0.0,,r0002|r0010,0
20056,1,2673.5008323899992,edge_5,1,1.0,0.003,2,r0002|r0010,r0002|r0010,1,1,0,0,0.02596994417791203,0.02596994417791203,0.0,5.284370296646699,5.258478262301321,5.284370296646699,0.0,0.0,,r0002|r0010,0
20056,1,2673.5008323899992,cloud_0,1,1.0,0.003,2,r0002|r0010,r0002|r0010,1,1,0,0,0.01697116194202227,0.01697116194202227,0.0,5.544383365985133,5.527463117528937,5.544383365985133,0.0,0.0,,r0002|r0010,1
20056,1,2673.5008323899992,edge_3,2,1.0,0.003,2,r0002|r0010,r0002|r0010,1,1,0,0,0.0472781223410739,0.0472781223410739,0.0,5.285449639362155,5.238313351388104,5.285449639362155,0.0,0.0,,r0002|r0010,0
20056,1,2673.5008323899992,edge_5,2,1.0,0.003,2,r0002|r0010,r0002|r0010,1,1,0,0,0.048636418381563094,0.048636418381563094,0.0,5.240796908001882,5.192306398875464,5.240796908001882,0.0,0.0,,r0002|r0010,0
20056,1,2673.5008323899992,cloud_0,2,1.0,0.003,2,r0002|r0010,r0002|r0010,1,1,0,0,0.03047684369809151,0.03047684369809151,0.0,5.482165184397728,5.451779771230731,5.482165184397728,0.0,0.0,,r0002|r0010,0
20056,1,2673.5008323899992,edge_3,4,1.0,0.003,2,r0002|r0010,r0002|r0010,1,1,0,0,0.08888046455972039,0.08888046455972039,0.0,5.242561524498411,5.15394770133237,5.242561524498411,0.0,0.0,,r0002|r0010,0
20056,1,2673.5008323899992,edge_5,4,1.0,0.003,2,r0002|r0010,r0002|r0010,1,1,0,0,0.0939693667888652,0.0939693667888652,0.0,5.214047116758767,5.120359658070268,5.214047116758767,0.0,0.0,,r0002|r0010,0
20056,1,2673.5008323899992,cloud_0,4,1.0,0.003,2,r0002|r0010,r0002|r0010,1,1,0,0,0.05748820721023,0.05748820721023,0.0,5.4438609372464555,5.386545194657856,5.4438609372464555,0.0,0.0,,r0002|r0010,0
20056,1,2673.5008323899992,edge_3,8,1.0,0.003,2,r0002|r0010,r0002|r0010,1,1,0,0,0.17208514899701338,0.17208514899701338,0.0,5.214381861485771,5.042812967935749,5.214381861485771,0.0,0.0,,r0002|r0010,0
20056,1,2673.5008323899992,edge_5,8,1.0,0.003,2,r0002|r0010,r0002|r0010,1,1,0,0,0.18463526360346944,0.18463526360346944,0.0,5.195604348009418,5.011522990196759,5.195604348009418,0.0,0.0,,r0002|r0010,0
20056,1,2673.5008323899992,cloud_0,8,1.0,0.003,2,r0002|r0010,r0002|r0010,1,1,0,0,0.111510934234507,0.111510934234507,0.0,5.422307153291126,5.311130751859322,5.422307153291126,0.0,0.0,,r0002|r0010,0
20056,2,6806.296572291651,edge_3,1,1.0,0.003,2,r0011|r0023,r0011|r0023,1,1,0,0,0.017752413346259904,0.017752413346259904,0.0,5.697989164460997,5.680290008354776,5.697989164460997,0.0,0.0,,r0011|r0023,0
20056,2,6806.296572291651,edge_5,1,1.0,0.003,2,r0011|r0023,r0011|r0023,1,1,0,0,0.017627008356266398,0.017627008356266398,0.0,5.636884890001245,5.619310762670048,5.636884890001245,0.0,0.0,,r0011|r0023,0
20056,2,6806.296572291651,cloud_0,1,1.0,0.003,2,r0011|r0023,r0011|r0023,1,1,0,0,0.01146752374473788,0.01146752374473788,0.0,5.790314492173308,5.778881370999804,5.790314492173308,0.0,0.0,,r0011|r0023,1
20056,2,6806.296572291651,edge_3,2,1.0,0.003,2,r0011|r0023,r0011|r0023,1,1,0,0,0.03169929810601893,0.03169929810601893,0.0,5.617828048365447,5.586223848153747,5.617828048365448,-8.881784197001252e-16,-1.5809996533420916e-16,,r0011|r0023,0
20056,2,6806.296572291651,edge_5,2,1.0,0.003,2,r0011|r0023,r0011|r0023,1,1,0,0,0.03301179807540151,0.03301179807540151,0.0,5.579021695140101,5.5461089324589254,5.579021695140101,0.0,0.0,,r0011|r0023,0
20056,2,6806.296572291651,cloud_0,2,1.0,0.003,2,r0011|r0023,r0011|r0023,1,1,0,0,0.020593400143519226,0.020593400143519226,0.0,5.718374325945503,5.697842706002415,5.718374325945504,-8.881784197001252e-16,-1.5532009082900836e-16,,r0011|r0023,0
20056,2,6806.296572291651,edge_3,4,1.0,0.003,2,r0011|r0023,r0011|r0023,1,1,0,0,0.05959306762553699,0.05959306762553699,0.0,5.546438874153542,5.4870245857308815,5.546438874153542,0.0,0.0,,r0011|r0023,0
20056,2,6806.296572291651,edge_5,4,1.0,0.003,2,r0011|r0023,r0011|r0023,1,1,0,0,0.06378137751367174,0.06378137751367174,0.0,5.523692291464333,5.460102258083202,5.523692291464332,8.881784197001252e-16,1.6079433336151113e-16,,r0011|r0023,0
20056,2,6806.296572291651,cloud_0,4,1.0,0.003,2,r0011|r0023,r0011|r0023,1,1,0,0,0.03884515294108192,0.03884515294108192,0.0,5.660626109513431,5.621897492031172,5.660626109513431,0.0,0.0,,r0011|r0023,0
20056,2,6806.296572291651,edge_3,8,1.0,0.003,2,r0011|r0023,r0011|r0023,1,1,0,0,0.11538060666457309,0.11538060666457309,0.0,5.461257092444577,5.346222627599998,5.461257092444577,0.0,0.0,,r0011|r0023,0
20056,2,6806.296572291651,edge_5,8,1.0,0.003,2,r0011|r0023,r0011|r0023,1,1,0,0,0.12532053639021218,0.12532053639021218,0.0,5.448090297849677,5.323145723068635,5.448090297849677,0.0,0.0,,r0011|r0023,0
20056,2,6806.296572291651,cloud_0,8,1.0,0.003,2,r0011|r0023,r0011|r0023,1,1,0,0,0.07534865853620731,0.07534865853620731,0.0,5.600184386996501,5.525061774435903,5.600184386996502,-8.881784197001252e-16,-1.5859806719265437e-16,,r0011|r0023,0
20056,3,9273.79018214183,edge_3,1,1.0,0.003,5,r0007|r0017|r0019|r0020|r0022,r0007|r0017|r0019|r0020|r0022,1,1,0,0,0.048063433072370265,0.048063433072370265,0.0,5.159167778140705,5.111248535367552,5.159167778140705,0.0,0.0,,r0007|r0017|r0019|r0020|r0022,0
20056,3,9273.79018214183,edge_5,1,1.0,0.003,5,r0007|r0017|r0019|r0020|r0022,r0007|r0017|r0019|r0020|r0022,1,1,0,0,0.05257530389335121,0.05257530389335121,0.0,5.086443749199139,5.0340261712174685,5.08644374919914,-8.881784197001252e-16,-1.7461677814484212e-16,,r0007|r0017|r0019|r0020|r0022,0
20056,3,9273.79018214183,cloud_0,1,1.0,0.003,5,r0007|r0017|r0019|r0020|r0022,r0007|r0017|r0019|r0020|r0022,1,1,0,0,0.03100930319193167,0.03100930319193167,0.0,5.454206542616001,5.423290267333646,5.454206542616001,0.0,0.0,,r0007|r0017|r0019|r0020|r0022,1
20056,3,9273.79018214183,edge_3,2,1.0,0.003,5,r0007|r0017|r0019|r0020|r0022,r0007|r0017|r0019|r0020|r0022,1,1,0,0,0.09103444069244374,0.09103444069244374,0.0,5.086873347127605,4.996112009757239,5.0868733471276055,-8.881784197001252e-16,-1.746020313640502e-16,,r0007|r0017|r0019|r0020|r0022,0
20056,3,9273.79018214183,edge_5,2,1.0,0.003,5,r0007|r0017|r0019|r0020|r0022,r0007|r0017|r0019|r0020|r0022,1,1,0,0,0.1020207536960767,0.1020207536960767,0.0,5.039719197526129,4.93800450609114,5.039719197526129,0.0,0.0,,r0007|r0017|r0019|r0020|r0022,0
20056,3,9273.79018214183,cloud_0,2,1.0,0.003,5,r0007|r0017|r0019|r0020|r0022,r0007|r0017|r0019|r0020|r0022,1,1,0,0,0.05890930702364959,0.05890930702364959,0.0,5.389971190370113,5.331238611267534,5.389971190370113,0.0,0.0,,r0007|r0017|r0019|r0020|r0022,0
20056,3,9273.79018214183,edge_3,4,1.0,0.003,5,r0007|r0017|r0019|r0020|r0022,r0007|r0017|r0019|r0020|r0022,1,1,0,0,0.17697645593259068,0.17697645593259068,0.0,5.021626956338728,4.845181429773935,5.021626956338728,0.0,0.0,,r0007|r0017|r0019|r0020|r0022,0
20056,3,9273.79018214183,edge_5,4,1.0,0.003,5,r0007|r0017|r0019|r0020|r0022,r0007|r0017|r0019|r0020|r0022,1,1,0,0,0.2009116533015277,0.2009116533015277,0.0,4.990887526469858,4.790578608128235,4.990887526469858,0.0,0.0,,r0007|r0017|r0019|r0020|r0022,0
20056,3,9273.79018214183,cloud_0,4,1.0,0.003,5,r0007|r0017|r0019|r0020|r0022,r0007|r0017|r0019|r0020|r0022,1,1,0,0,0.11470931468708545,0.11470931468708545,0.0,5.352688095362262,5.238322908619238,5.352688095362262,0.0,0.0,,r0007|r0017|r0019|r0020|r0022,0
20056,3,9273.79018214183,edge_3,8,1.0,0.003,5,r0007|r0017|r0019|r0020|r0022,r0007|r0017|r0019|r0020|r0022,1,1,0,0,0.34886048641288464,0.34886048641288464,0.0,4.942846183540148,4.595032278586501,4.942846183540147,8.881784197001252e-16,1.7968967407033435e-16,,r0007|r0017|r0019|r0020|r0022,0
20056,3,9273.79018214183,edge_5,8,1.0,0.003,5,r0007|r0017|r0019|r0020|r0022,r0007|r0017|r0019|r0020|r0022,1,1,0,0,0.39869345251242977,0.39869345251242977,0.0,4.919566734000449,4.522069361845556,4.9195667340004485,8.881784197001252e-16,1.805399677905953e-16,,r0007|r0017|r0019|r0020|r0022,0
20056,3,9273.79018214183,cloud_0,8,1.0,0.003,5,r0007|r0017|r0019|r0020|r0022,r0007|r0017|r0019|r0020|r0022,1,1,0,0,0.2263093300139572,0.2263093300139572,0.0,5.3147773965308245,5.089146994506909,5.3147773965308245,0.0,0.0,,r0007|r0017|r0019|r0020|r0022,0
20056,4,21466.6062473898,edge_3,1,1.0,0.003,2,r0001|r0014,r0001|r0014,1,1,0,0,0.01848416154155339,0.01848416154155339,0.0,4.8608934072059125,4.842464698148984,4.8608934072059125,0.0,0.0,,r0001|r0014,0
20056,4,21466.6062473898,edge_5,1,1.0,0.003,2,r0001|r0014,r0001|r0014,1,1,0,0,0.015744989353987562,0.015744989353987562,0.0,4.767174045728215,4.751476291342289,4.767174045728215,0.0,0.0,,r0001|r0014,0
20056,4,21466.6062473898,cloud_0,1,1.0,0.003,2,r0001|r0014,r0001|r0014,1,1,0,0,0.011769793293774007,0.011769793293774007,0.0,5.274108391336425,5.262373907422532,5.274108391336425,0.0,0.0,,r0001|r0014,1
20056,4,21466.6062473898,edge_3,2,1.0,0.003,2,r0001|r0014,r0001|r0014,1,1,0,0,0.03098636543354696,0.03098636543354696,0.0,4.773183023582194,4.742289617244948,4.773183023582194,0.0,0.0,,r0001|r0014,0
20056,4,21466.6062473898,edge_5,2,1.0,0.003,2,r0001|r0014,r0001|r0014,1,1,0,0,0.028285128537325413,0.028285128537325413,0.0,4.702388245442265,4.674187972290551,4.702388245442265,0.0,0.0,,r0001|r0014,0
20056,4,21466.6062473898,cloud_0,2,1.0,0.003,2,r0001|r0014,r0001|r0014,1,1,0,0,0.019887162557616814,0.019887162557616814,0.0,5.191151916968122,5.171324415898178,5.191151916968122,0.0,0.0,,r0001|r0014,0
20056,4,21466.6062473898,edge_3,4,1.0,0.003,2,r0001|r0014,r0001|r0014,1,1,0,0,0.05599077321753411,0.05599077321753411,0.0,4.7081637520387485,4.652340951140867,4.7081637520387485,0.0,0.0,,r0001|r0014,0
20056,4,21466.6062473898,edge_5,4,1.0,0.003,2,r0001|r0014,r0001|r0014,1,1,0,0,0.05336540690400112,0.05336540690400112,0.0,4.6587647666527126,4.6055594559694235,4.6587647666527126,0.0,0.0,,r0001|r0014,0
20056,4,21466.6062473898,cloud_0,4,1.0,0.003,2,r0001|r0014,r0001|r0014,1,1,0,0,0.036121901085302416,0.036121901085302416,0.0,5.133860143570802,5.097846608188756,5.133860143570803,-8.881784197001252e-16,-1.7300401547019198e-16,,r0001|r0014,0
20056,4,21466.6062473898,edge_3,8,1.0,0.003,2,r0001|r0014,r0001|r0014,1,1,0,0,0.10599958878550839,0.10599958878550839,0.0,4.66102767200095,4.5553460819817975,4.661027672000949,8.881784197001252e-16,1.9055420439476512e-16,,r0001|r0014,0
20056,4,21466.6062473898,edge_5,8,1.0,0.003,2,r0001|r0014,r0001|r0014,1,1,0,0,0.10352596363735253,0.10352596363735253,0.0,4.626408932829331,4.523193547082891,4.626408932829332,-8.881784197001252e-16,-1.9198009354459504e-16,,r0001|r0014,0
20056,4,21466.6062473898,cloud_0,8,1.0,0.003,2,r0001|r0014,r0001|r0014,1,1,0,0,0.06859137814067363,0.06859137814067363,0.0,5.099327578228113,5.030941974221861,5.099327578228112,8.881784197001252e-16,1.741755959143038e-16,,r0001|r0014,0
20057,0,0.0,cloud_0,1,1.0,0.003,1,r0008,r0008,1,1,0,0,0.011836159267328514,0.011836159267328514,0.0,-0.3469280827267411,-0.3587287335162676,-0.3469280827267411,0.0,0.0,,r0008,1
20057,0,0.0,cloud_0,2,1.0,0.003,1,r0008,r0008,1,1,0,0,0.022303772484121756,0.022303772484121756,0.0,-0.34695948556639145,-0.3691963467330609,-0.3469594855663915,5.551115123125783e-17,1.599931794360343e-16,,r0008,0
20057,0,0.0,cloud_0,4,1.0,0.003,1,r0008,r0008,1,1,0,0,0.04323899891770824,0.04323899891770824,0.0,-0.3470222912456922,-0.39013157316664737,-0.3470222912456923,5.551115123125783e-17,1.5996422313964798e-16,,r0008,0
20057,0,0.0,cloud_0,8,1.0,0.003,1,r0008,r0008,1,1,0,0,0.08510945178488119,0.08510945178488119,0.0,-0.34714790260429373,-0.4320020260338203,-0.3471479026042938,5.551115123125783e-17,1.5990634197935443e-16,,r0008,0
20057,1,8892.92424075154,cloud_0,1,1.0,0.003,2,r0005|r0018,r0005|r0018,1,1,0,0,0.0051069964396935185,0.0051069964396935185,0.0,6.09043201745342,6.085340342003046,6.09043201745342,0.0,0.0,,r0005|r0018,1
20057,1,8892.92424075154,cloud_0,2,1.0,0.003,2,r0005|r0018,r0005|r0018,1,1,0,0,0.008624070653317373,0.008624070653317373,0.0,6.007331751943951,5.998733553502594,6.007331751943951,0.0,0.0,,r0005|r0018,0
20057,1,8892.92424075154,cloud_0,4,1.0,0.003,2,r0005|r0018,r0005|r0018,1,1,0,0,0.015658219080565087,0.015658219080565087,0.0,5.949894225422401,5.934282980999078,5.949894225422401,0.0,0.0,,r0005|r0018,0
20057,1,8892.92424075154,cloud_0,8,1.0,0.003,2,r0005|r0018,r0005|r0018,1,1,0,0,0.02972651593506051,0.02972651593506051,0.0,5.915287137012756,5.885649800625501,5.915287137012756,0.0,0.0,,r0005|r0018,0
20057,2,11129.735830534708,cloud_0,1,1.0,0.003,2,r0001|r0011,r0001|r0011,1,1,0,0,0.012867180893984698,0.012867180893984698,0.0,5.496428491442831,5.483599912091528,5.496428491442831,0.0,0.0,,r0001|r0011,1
20057,2,11129.735830534708,cloud_0,2,1.0,0.003,2,r0001|r0011,r0001|r0011,1,1,0,0,0.024551309783119053,0.024551309783119053,0.0,5.453358331708914,5.428880675855145,5.453358331708914,0.0,0.0,,r0001|r0011,0
20057,2,11129.735830534708,cloud_0,4,1.0,0.003,2,r0001|r0011,r0001|r0011,1,1,0,0,0.047919567561387766,0.047919567561387766,0.0,5.413128320104067,5.365352511245364,5.413128320104067,0.0,0.0,,r0001|r0011,0
20057,2,11129.735830534708,cloud_0,8,1.0,0.003,2,r0001|r0011,r0001|r0011,1,1,0,0,0.09465608311792519,0.09465608311792519,0.0,5.358207256644779,5.263835141776209,5.35820725664478,-8.881784197001252e-16,-1.6576037042962158e-16,,r0001|r0011,0
20057,3,20855.062288400266,cloud_0,1,1.0,0.003,4,r0004|r0009|r0014|r0020,r0004|r0009|r0014|r0020,1,1,0,0,0.07604715036629169,0.07604715036629169,0.0,6.06928433371035,5.993465324795157,6.06928433371035,0.0,0.0,,r0004|r0009|r0014|r0020,1
20057,3,20855.062288400266,cloud_0,2,1.0,0.003,4,r0004|r0009|r0014|r0020,r0004|r0009|r0014|r0020,1,1,0,0,0.1485240494233621,0.1485240494233621,0.0,6.02879496507849,5.880716487803398,6.02879496507849,0.0,0.0,,r0004|r0009|r0014|r0020,0
20057,3,20855.062288400266,cloud_0,4,1.0,0.003,4,r0004|r0009|r0014|r0020,r0004|r0009|r0014|r0020,1,1,0,0,0.29347784753750294,0.29347784753750294,0.0,5.9913224859536545,5.698725071958764,5.9913224859536545,0.0,0.0,,r0004|r0009|r0014|r0020,0
20057,3,20855.062288400266,cloud_0,8,1.0,0.003,4,r0004|r0009|r0014|r0020,r0004|r0009|r0014|r0020,1,1,0,0,0.5833854437657846,0.5833854437657846,0.0,5.939773225526686,5.358137938092199,5.939773225526686,0.0,0.0,,r0004|r0009|r0014|r0020,0
20057,4,26959.070561180804,cloud_0,1,1.0,0.003,3,r0007|r0010|r0013,r0007|r0010|r0013,1,1,0,0,0.016746595376831108,0.016746595376831108,0.0,5.393579822890077,5.376883467299376,5.393579822890077,0.0,0.0,,r0007|r0010|r0013,1
20057,4,26959.070561180804,cloud_0,2,1.0,0.003,3,r0007|r0010|r0013,r0007|r0010|r0013,1,1,0,0,0.03218468913243681,0.03218468913243681,0.0,5.354280454558756,5.322192319493717,5.354280454558757,-8.881784197001252e-16,-1.658819382432442e-16,,r0007|r0010|r0013,0
20057,4,26959.070561180804,cloud_0,4,1.0,0.003,3,r0007|r0010|r0013,r0007|r0010|r0013,1,1,0,0,0.06306087664364818,0.06306087664364818,0.0,5.332697717016146,5.269826023002428,5.332697717016145,8.881784197001252e-16,1.665533031932468e-16,,r0007|r0010|r0013,0
20057,4,26959.070561180804,cloud_0,8,1.0,0.003,3,r0007|r0010|r0013,r0007|r0010|r0013,1,1,0,0,0.12481325166607099,0.12481325166607099,0.0,5.321249069249998,5.196810257338925,5.3212490692499985,-8.881784197001252e-16,-1.6691164201139512e-16,,r0007|r0010|r0013,0
20058,0,0.0,cloud_0,1,1.0,0.003,1,r0003,r0003,1,1,0,0,0.019889101131566472,0.019889101131566472,0.0,-0.22155138955743017,-0.24138082338560193,-0.22155138955743017,0.0,0.0,,r0003,1
20058,0,0.0,cloud_0,2,1.0,0.003,1,r0003,r0003,1,1,0,0,0.0309974834370266,0.0309974834370266,0.0,-0.2215847147043465,-0.25248920569106204,-0.2215847147043465,0.0,0.0,,r0003,0
20058,0,0.0,cloud_0,4,1.0,0.003,1,r0003,r0003,1,1,0,0,0.05321424804794687,0.05321424804794687,0.0,-0.2216513649981793,-0.27470597030198235,-0.22165136499817933,2.7755575615628914e-17,1.2522176714705502e-16,,r0003,0
20058,0,0.0,cloud_0,8,1.0,0.003,1,r0003,r0003,1,1,0,0,0.09764777726978739,0.09764777726978739,0.0,-0.22178466558584484,-0.31913949952382287,-0.22178466558584484,0.0,0.0,,r0003,0
20058,1,8772.909706351194,cloud_0,1,1.0,0.003,5,r0002|r0005|r0006|r0007|r0013,r0002|r0005|r0006|r0007|r0013,1,1,0,0,0.05101209345767581,0.05101209345767581,0.0,5.8310600280538685,5.780200970876566,5.8310600280538685,0.0,0.0,,r0002|r0005|r0006|r0007|r0013,1
20058,1,8772.909706351194,cloud_0,2,1.0,0.003,5,r0002|r0005|r0006|r0007|r0013,r0002|r0005|r0006|r0007|r0013,1,1,0,0,0.09530788980070917,0.09530788980070917,0.0,5.739145374260695,5.644123408129388,5.739145374260695,0.0,0.0,,r0002|r0005|r0006|r0007|r0013,0
20058,1,8772.909706351194,cloud_0,4,1.0,0.003,5,r0002|r0005|r0006|r0007|r0013,r0002|r0005|r0006|r0007|r0013,1,1,0,0,0.1838994824867758,0.1838994824867758,0.0,5.665659659603428,5.482311875564112,5.665659659603428,0.0,0.0,,r0002|r0005|r0006|r0007|r0013,0
20058,1,8772.909706351194,cloud_0,8,1.0,0.003,5,r0002|r0005|r0006|r0007|r0013,r0002|r0005|r0006|r0007|r0013,1,1,0,0,0.3610826678589091,0.3610826678589091,0.0,5.587854244981217,5.227854825125885,5.587854244981217,0.0,0.0,,r0002|r0005|r0006|r0007|r0013,0
20058,2,22647.66621528399,cloud_0,1,1.0,0.003,2,r0011|r0016,r0011|r0016,1,1,0,0,0.023951097723880307,0.023951097723880307,0.0,6.9008844695574165,6.877005225126708,6.9008844695574165,0.0,0.0,,r0011|r0016,1
20058,2,22647.66621528399,cloud_0,2,1.0,0.003,2,r0011|r0016,r0011|r0016,1,1,0,0,0.0333120069188512,0.0333120069188512,0.0,6.802501989331498,6.769289918433404,6.802501989331498,0.0,0.0,,r0011|r0016,0
20058,2,22647.66621528399,cloud_0,4,1.0,0.003,2,r0011|r0016,r0011|r0016,1,1,0,0,0.05203382530879298,0.05203382530879298,0.0,6.702509815197005,6.650632091364138,6.702509815197005,0.0,0.0,,r0011|r0016,0
20058,2,22647.66621528399,cloud_0,8,1.0,0.003,2,r0011|r0016,r0011|r0016,1,1,0,0,0.08947746208867657,0.08947746208867657,0.0,6.618992499514398,6.529783469811988,6.618992499514398,0.0,0.0,,r0011|r0016,0
20058,3,25077.47188904462,cloud_0,1,1.0,0.003,3,r0017|r0020|r0021,r0017|r0020|r0021,1,1,0,0,0.030454307057455558,0.030454307057455558,0.0,6.228859801325849,6.198496857189566,6.228859801325849,0.0,0.0,,r0017|r0020|r0021,1
20058,3,25077.47188904462,cloud_0,2,1.0,0.003,3,r0017|r0020|r0021,r0017|r0020|r0021,1,1,0,0,0.05059010520250538,0.05059010520250538,0.0,6.110061999107206,6.059623664220307,6.110061999107205,8.881784197001252e-16,1.4536324178541964e-16,,r0017|r0020|r0021,0
20058,3,25077.47188904462,cloud_0,4,1.0,0.003,3,r0017|r0020|r0021,r0017|r0020|r0021,1,1,0,0,0.09086170149260499,0.09086170149260499,0.0,6.015806899931316,5.9252177835431885,6.015806899931316,0.0,0.0,,r0017|r0020|r0021,0
20058,3,25077.47188904462,cloud_0,8,1.0,0.003,3,r0017|r0020|r0021,r0017|r0020|r0021,1,1,0,0,0.17140489407280426,0.17140489407280426,0.0,5.944080263278728,5.773189583888143,5.944080263278728,0.0,0.0,,r0017|r0020|r0021,0
20058,4,35594.043665358615,cloud_0,1,1.0,0.003,1,r0009,r0009,1,1,0,0,0.035860779223407115,0.035860779223407115,0.0,0.4783613043839308,0.44260810749819396,0.4783613043839309,-5.551115123125783e-17,-1.1604440142320709e-16,,r0009,1
20058,4,35594.043665358615,cloud_0,2,1.0,0.003,1,r0009,r0009,1,1,0,0,0.060579131606986594,0.060579131606986594,0.0,0.4782871493267801,0.4178897551146145,0.4782871493267801,0.0,0.0,,r0009,0
20058,4,35594.043665358615,cloud_0,4,1.0,0.003,1,r0009,r0009,1,1,0,0,0.11001583637414554,0.11001583637414554,0.0,0.47813883921247863,0.3684530503474555,0.47813883921247863,0.0,0.0,,r0009,0
20058,4,35594.043665358615,cloud_0,8,1.0,0.003,1,r0009,r0009,1,1,0,0,0.20888924590846344,0.20888924590846344,0.0,0.47784221898387574,0.2695796408131376,0.4778422189838757,5.551115123125783e-17,1.1617046176727844e-16,,r0009,0
20059,0,0.0,edge_1,1,1.0,0.003,1,r0022,r0022,1,1,0,0,0.01149425807159867,0.01149425807159867,0.0,-0.3185538538458911,-0.330013629143275,-0.3185538538458911,0.0,0.0,,r0022,0
20059,0,0.0,cloud_0,1,1.0,0.003,1,r0022,r0022,1,1,0,0,0.004592766769681032,0.004592766769681032,0.0,-0.11133508763036243,-0.11591407609973442,-0.11133508763036243,0.0,0.0,,r0022,1
20059,0,0.0,edge_1,2,1.0,0.003,1,r0022,r0022,1,1,0,0,0.013766129025006478,0.013766129025006478,0.0,-0.31876779374101183,-0.3324926243789433,-0.31876779374101183,0.0,0.0,,r0022,0
20059,0,0.0,cloud_0,2,1.0,0.003,1,r0022,r0022,1,1,0,0,0.006850800914838853,0.006850800914838853,0.0,-0.11134186173279792,-0.11817211024489224,-0.1113418617327979,-1.3877787807814457e-17,-1.2464124087595064e-16,,r0022,0
20059,0,0.0,cloud_0,4,1.0,0.003,1,r0022,r0022,1,1,0,0,0.011366869205154492,0.011366869205154492,0.0,-0.11135540993766885,-0.12268817853520789,-0.11135540993766886,1.3877787807814457e-17,1.2462607623269082e-16,,r0022,0
20059,0,0.0,cloud_0,8,1.0,0.003,1,r0022,r0022,1,1,0,0,0.020399005785785768,0.020399005785785768,0.0,-0.11138250634741076,-0.13172031511583915,-0.11138250634741073,-2.7755575615628914e-17,-2.491915160272754e-16,,r0022,0
20059,1,3234.305611611173,edge_1,1,1.0,0.003,2,r0001|r0020,r0001|r0020,1,1,0,0,0.027286089823101732,0.027286089823101732,0.0,4.519356783691824,4.492152552138191,4.519356783691824,0.0,0.0,,r0001|r0020,0
20059,1,3234.305611611173,cloud_0,1,1.0,0.003,2,r0001|r0020,r0001|r0020,1,1,0,0,0.0166728774406326,0.0166728774406326,0.0,4.863131361762945,4.846508502954634,4.863131361762945,0.0,0.0,,r0001|r0020,1
20059,1,3234.305611611173,edge_1,2,1.0,0.003,2,r0001|r0020,r0001|r0020,1,1,0,0,0.04329759203793541,0.04329759203793541,0.0,4.423289409430528,4.380121710168707,4.423289409430528,0.0,0.0,,r0001|r0020,0
20059,1,3234.305611611173,cloud_0,2,1.0,0.003,2,r0001|r0020,r0001|r0020,1,1,0,0,0.030810152001679574,0.030810152001679574,0.0,4.8140085379466715,4.783290816400997,4.8140085379466715,0.0,0.0,,r0001|r0020,0
20059,1,3234.305611611173,cloud_0,4,1.0,0.003,2,r0001|r0020,r0001|r0020,1,1,0,0,0.05908470112377351,0.05908470112377351,0.0,4.785354337551017,4.726446890530615,4.785354337551017,0.0,0.0,,r0001|r0020,0
20059,1,3234.305611611173,cloud_0,8,1.0,0.003,2,r0001|r0020,r0001|r0020,1,1,0,0,0.11563379936796139,0.11563379936796139,0.0,4.769694332893826,4.654407434923968,4.769694332893826,0.0,0.0,,r0001|r0020,0
20059,2,14382.793544895649,edge_1,1,1.0,0.003,4,r0013|r0015|r0016|r0018,r0013|r0015|r0016|r0018,1,1,0,0,0.019202899985399383,0.019202899985399383,0.0,6.675402422344662,6.65625713105922,6.675402422344662,0.0,0.0,,r0013|r0015|r0016|r0018,0
20059,2,14382.793544895649,cloud_0,1,1.0,0.003,4,r0013|r0015|r0016|r0018,r0013|r0015|r0016|r0018,1,1,0,0,0.008237727082953429,0.008237727082953429,0.0,6.675297551846181,6.6670845379444765,6.675297551846181,0.0,0.0,,r0013|r0015|r0016|r0018,1
20059,2,14382.793544895649,edge_1,2,1.0,0.003,4,r0013|r0015|r0016|r0018,r0013|r0015|r0016|r0018,1,1,0,0,0.025035725075740208,0.025035725075740208,0.0,6.571201808025209,6.546241190124696,6.571201808025209,0.0,0.0,,r0013|r0015|r0016|r0018,0
20059,2,14382.793544895649,cloud_0,2,1.0,0.003,4,r0013|r0015|r0016|r0018,r0013|r0015|r0016|r0018,1,1,0,0,0.01343880241647473,0.01343880241647473,0.0,6.5443095967143226,6.530911110705097,6.5443095967143226,0.0,0.0,,r0013|r0015|r0016|r0018,0
20059,2,14382.793544895649,cloud_0,4,1.0,0.003,4,r0013|r0015|r0016|r0018,r0013|r0015|r0016|r0018,1,1,0,0,0.023840953083517323,0.023840953083517323,0.0,6.436296409730293,6.412526979506026,6.436296409730293,0.0,0.0,,r0013|r0015|r0016|r0018,0
20059,2,14382.793544895649,cloud_0,8,1.0,0.003,4,r0013|r0015|r0016|r0018,r0013|r0015|r0016|r0018,1,1,0,0,0.044645254417602524,0.044645254417602524,0.0,6.358926769658796,6.314415451004446,6.358926769658796,0.0,0.0,,r0013|r0015|r0016|r0018,0
20059,3,19901.909611275976,edge_1,1,1.0,0.003,5,r0004|r0005|r0010|r0014|r0019,r0004|r0005|r0010|r0014|r0019,1,1,0,0,0.07512671195851554,0.07512671195851554,0.0,6.091084693003355,6.0161833611807145,6.091084693003355,0.0,0.0,,r0004|r0005|r0010|r0014|r0019,0
20059,3,19901.909611275976,cloud_0,1,1.0,0.003,5,r0004|r0005|r0010|r0014|r0019,r0004|r0005|r0010|r0014|r0019,1,1,0,0,0.05563664555163611,0.05563664555163611,0.0,6.336508005793752,6.281038270178771,6.3365080057937515,8.881784197001252e-16,1.4016843644607155e-16,,r0004|r0005|r0010|r0014|r0019,1
20059,3,19901.909611275976,edge_1,2,1.0,0.003,5,r0004|r0005|r0010|r0014|r0019,r0004|r0005|r0010|r0014|r0019,1,1,0,0,0.13265848663506705,0.13265848663506705,0.0,5.9477223726350354,5.815461861459873,5.9477223726350354,0.0,0.0,,r0004|r0005|r0010|r0014|r0019,0
20059,3,19901.909611275976,cloud_0,2,1.0,0.003,5,r0004|r0005|r0010|r0014|r0019,r0004|r0005|r0010|r0014|r0019,1,1,0,0,0.10725251270405226,0.10725251270405226,0.0,6.25915911173563,6.15222835656969,6.25915911173563,0.0,0.0,,r0004|r0005|r0010|r0014|r0019,0
20059,3,19901.909611275976,cloud_0,4,1.0,0.003,5,r0004|r0005|r0010|r0014|r0019,r0004|r0005|r0010|r0014|r0019,1,1,0,0,0.21048424700888452,0.21048424700888452,0.0,6.175069479942801,5.9652166856749425,6.175069479942801,0.0,0.0,,r0004|r0005|r0010|r0014|r0019,0
20059,3,19901.909611275976,cloud_0,8,1.0,0.003,5,r0004|r0005|r0010|r0014|r0019,r0004|r0005|r0010|r0014|r0019,1,1,0,0,0.41694771561854915,0.41694771561854915,0.0,6.046877422524922,5.631180550053228,6.046877422524922,0.0,0.0,,r0004|r0005|r0010|r0014|r0019,0
20060,0,0.0,cloud_0,1,1.0,0.003,1,r0022,r0022,1,1,0,0,0.012319720473882644,0.012319720473882644,0.0,-0.09357986192036707,-0.10586262323282807,-0.09357986192036707,0.0,0.0,,r0022,1
20060,0,0.0,cloud_0,2,1.0,0.003,1,r0022,r0022,1,1,0,0,0.01568451355699692,0.01568451355699692,0.0,-0.09358995629961642,-0.10922741631594235,-0.09358995629961642,0.0,0.0,,r0022,0
20060,0,0.0,cloud_0,4,1.0,0.003,1,r0022,r0022,1,1,0,0,0.02241409972322547,0.02241409972322547,0.0,-0.0936101450581151,-0.11595700248217089,-0.0936101450581151,0.0,0.0,,r0022,0
20060,0,0.0,cloud_0,8,1.0,0.003,1,r0022,r0022,1,1,0,0,0.03587327205568257,0.03587327205568257,0.0,-0.09365052257511247,-0.129416174814628,-0.09365052257511247,0.0,0.0,,r0022,0
20060,1,2495.5298741984643,cloud_0,1,1.0,0.003,2,r0004|r0013,r0004|r0013,1,1,0,0,0.009163469316171017,0.009163469316171017,0.0,4.72175777923958,4.712621800331357,4.72175777923958,0.0,0.0,,r0004|r0013,1
20060,1,2495.5298741984643,cloud_0,2,1.0,0.003,2,r0004|r0013,r0004|r0013,1,1,0,0,0.01422748162564165,0.01422748162564165,0.0,4.623991394116506,4.609806594935741,4.623991394116506,0.0,0.0,,r0004|r0013,0
20060,1,2495.5298741984643,cloud_0,4,1.0,0.003,2,r0004|r0013,r0004|r0013,1,1,0,0,0.024355506244582915,0.024355506244582915,0.0,4.544707130334969,4.52042469060912,4.544707130334969,0.0,0.0,,r0004|r0013,0
20060,1,2495.5298741984643,cloud_0,8,1.0,0.003,2,r0004|r0013,r0004|r0013,1,1,0,0,0.044611555482465454,0.044611555482465454,0.0,4.4912813676240395,4.446803646808021,4.4912813676240395,0.0,0.0,,r0004|r0013,0
20060,2,12570.598609874574,cloud_0,1,1.0,0.003,2,r0001|r0015,r0001|r0015,1,1,0,0,0.01050157952332045,0.01050157952332045,0.0,6.641207566315719,6.63073749153097,6.64120756631572,-8.881784197001252e-16,-1.3373748837560448e-16,,r0001|r0015,1
20060,2,12570.598609874574,cloud_0,2,1.0,0.003,2,r0001|r0015,r0001|r0015,1,1,0,0,0.013932232935069296,0.013932232935069296,0.0,6.549416430923866,6.535525994687602,6.549416430923866,0.0,0.0,,r0001|r0015,0
20060,2,12570.598609874574,cloud_0,4,1.0,0.003,2,r0001|r0015,r0001|r0015,1,1,0,0,0.020793539758567,0.020793539758567,0.0,6.447644048289249,6.426912889149959,6.44764404828925,-8.881784197001252e-16,-1.3775239654177017e-16,,r0001|r0015,0
20060,2,12570.598609874574,cloud_0,8,1.0,0.003,2,r0001|r0015,r0001|r0015,1,1,0,0,0.0345161534055624,0.0345161534055624,0.0,6.356480997454313,6.322068392508967,6.356480997454313,0.0,0.0,,r0001|r0015,0
20060,3,15115.98025489107,cloud_0,1,1.0,0.003,3,r0005|r0012|r0018,r0005|r0012|r0018,1,1,0,0,0.025380400940547925,0.025380400940547925,0.0,5.438313131175572,5.413008871437846,5.438313131175573,-8.881784197001252e-16,-1.6331873473937536e-16,,r0005|r0012|r0018,1
20060,3,15115.98025489107,cloud_0,2,1.0,0.003,3,r0005|r0012|r0018,r0005|r0012|r0018,1,1,0,0,0.043686524475968554,0.043686524475968554,0.0,5.331178079606828,5.287622614704288,5.331178079606829,-8.881784197001252e-16,-1.6660077874675457e-16,,r0005|r0012|r0018,0
20060,3,15115.98025489107,cloud_0,4,1.0,0.003,3,r0005|r0012|r0018,r0005|r0012|r0018,1,1,0,0,0.08029877154680981,0.08029877154680981,0.0,5.252756298603478,5.172698423371308,5.252756298603478,0.0,0.0,,r0005|r0012|r0018,0
20060,3,15115.98025489107,cloud_0,8,1.0,0.003,3,r0005|r0012|r0018,r0005|r0012|r0018,1,1,0,0,0.15352326568849234,0.15352326568849234,0.0,5.196808334716661,5.043745638825235,5.196808334716661,0.0,0.0,,r0005|r0012|r0018,0
20060,4,26652.899038435076,cloud_0,1,1.0,0.003,3,r0006|r0019|r0023,r0006|r0019|r0023,1,1,0,0,0.03624958070885612,0.03624958070885612,0.0,6.879779597070445,6.843638765103716,6.879779597070446,-8.881784197001252e-16,-1.2909983629102454e-16,,r0006|r0019|r0023,1
20060,4,26652.899038435076,cloud_0,2,1.0,0.003,3,r0006|r0019|r0023,r0006|r0019|r0023,1,1,0,0,0.049550561110346704,0.049550561110346704,0.0,6.766552582192212,6.717150672765196,6.766552582192212,0.0,0.0,,r0006|r0019|r0023,0
20060,4,26652.899038435076,cloud_0,4,1.0,0.003,3,r0006|r0019|r0023,r0006|r0019|r0023,1,1,0,0,0.0761525219133279,0.0761525219133279,0.0,6.641698230761558,6.56577416641397,6.641698230761558,0.0,0.0,,r0006|r0019|r0023,0
20060,4,26652.899038435076,cloud_0,8,1.0,0.003,3,r0006|r0019|r0023,r0006|r0019|r0023,1,1,0,0,0.12935644351929027,0.12935644351929027,0.0,6.531556349155646,6.402587974966913,6.531556349155645,8.881784197001252e-16,1.3598266205189255e-16,,r0006|r0019|r0023,0
20060,5,30254.31715472319,cloud_0,1,1.0,0.003,1,r0021,r0021,1,1,0,0,0.012647158151747814,0.012647158151747814,0.0,1.1796591447866693,1.167049928109377,1.1796591447866696,-2.220446049250313e-16,-1.8822776554255086e-16,,r0021,1
20060,5,30254.31715472319,cloud_0,2,1.0,0.003,1,r0021,r0021,1,1,0,0,0.018830717667846063,0.018830717667846063,0.0,1.1762730699223158,1.1574988444074732,1.1762730699223156,2.220446049250313e-16,1.8876960682241557e-16,,r0021,0
20060,5,30254.31715472319,cloud_0,4,1.0,0.003,1,r0021,r0021,1,1,0,0,0.03119783670004257,0.03119783670004257,0.0,1.1695009201936084,1.138396677003666,1.1695009201936084,0.0,0.0,,r0021,0
20060,5,30254.31715472319,cloud_0,8,1.0,0.003,1,r0021,r0021,1,1,0,0,0.05593207476443557,0.05593207476443557,0.0,1.1559566207361933,1.100192342196051,1.1559566207361933,0.0,0.0,,r0021,0
20061,0,0.0,cloud_0,1,1.0,0.003,1,r0002,r0002,1,1,0,0,0.00560627831927082,0.00560627831927082,0.0,-0.081151893615528,-0.08674135309984102,-0.081151893615528,0.0,0.0,,r0002,1
20061,0,0.0,cloud_0,2,1.0,0.003,1,r0002,r0002,1,1,0,0,0.0073694676650831415,0.0073694676650831415,0.0,-0.08115718318356546,-0.08850454244565334,-0.08115718318356545,-1.3877787807814457e-17,-1.709988846757405e-16,,r0002,0
20061,0,0.0,cloud_0,4,1.0,0.003,1,r0002,r0002,1,1,0,0,0.010895846356707787,0.010895846356707787,0.0,-0.08116776231964032,-0.09203092113727798,-0.08116776231964032,0.0,0.0,,r0002,0
20061,0,0.0,cloud_0,8,1.0,0.003,1,r0002,r0002,1,1,0,0,0.017948603739957075,0.017948603739957075,0.0,-0.08118892059179006,-0.09908367852052727,-0.08118892059179006,0.0,0.0,,r0002,0
20061,1,1418.4027909235547,cloud_0,1,1.0,0.003,2,r0009|r0011,r0009|r0011,1,1,0,0,0.010018613203349992,0.010018613203349992,0.0,5.812893906868919,5.802905349505179,5.8128939068689185,8.881784197001252e-16,1.5279453468961337e-16,,r0009|r0011,1
20061,1,1418.4027909235547,cloud_0,2,1.0,0.003,2,r0009|r0011,r0009|r0011,1,1,0,0,0.013745750027993112,0.013745750027993112,0.0,5.7173532082955205,5.703648695517611,5.71735320829552,8.881784197001252e-16,1.5534783095286715e-16,,r0009|r0011,0
20061,1,1418.4027909235547,cloud_0,4,1.0,0.003,2,r0009|r0011,r0009|r0011,1,1,0,0,0.021200023677279353,0.021200023677279353,0.0,5.61902456556063,5.597888141954382,5.619024565560629,8.881784197001252e-16,1.5806629946838622e-16,,r0009|r0011,0
20061,1,1418.4027909235547,cloud_0,8,1.0,0.003,2,r0009|r0011,r0009|r0011,1,1,0,0,0.036108570975851836,0.036108570975851836,0.0,5.538253231699331,5.502252986436407,5.538253231699331,0.0,0.0,,r0009|r0011,0
20061,2,4812.672014306181,cloud_0,1,1.0,0.003,1,r0007,r0007,1,1,0,0,0.014104223861046629,0.014104223861046629,0.0,0.09892123344624418,0.0848593222567807,0.09892123344624418,0.0,0.0,,r0007,1
20061,2,4812.672014306181,cloud_0,2,1.0,0.003,1,r0007,r0007,1,1,0,0,0.018540039535282344,0.018540039535282344,0.0,0.09890792599922148,0.08042350658254498,0.09890792599922148,0.0,0.0,,r0007,0
20061,2,4812.672014306181,cloud_0,4,1.0,0.003,1,r0007,r0007,1,1,0,0,0.02741167088375377,0.02741167088375377,0.0,0.09888131110517606,0.07155187523407355,0.09888131110517606,0.0,0.0,,r0007,0
20061,2,4812.672014306181,cloud_0,8,1.0,0.003,1,r0007,r0007,1,1,0,0,0.045154933580696624,0.045154933580696624,0.0,0.09882808131708523,0.05380861253713069,0.09882808131708523,0.0,0.0,,r0007,0
20061,3,8104.536010099437,cloud_0,1,1.0,0.003,1,r0018,r0018,1,1,0,0,0.009982656390284051,0.009982656390284051,0.0,-0.0019538884514768984,-0.011906596872590103,-0.0019538884514769036,5.204170427930421e-18,2.6634941334530626e-15,,r0018,1
20061,3,8104.536010099437,cloud_0,2,1.0,0.003,1,r0018,r0018,1,1,0,0,0.013122228203861698,0.013122228203861698,0.0,-0.001963307166917616,-0.015046168686167732,-0.0019633071669176196,3.469446951953614e-18,1.7671442402976733e-15,,r0018,0
20061,3,8104.536010099437,cloud_0,4,1.0,0.003,1,r0018,r0018,1,1,0,0,0.019401371831016995,0.019401371831016995,0.0,-0.001982144597799093,-0.021325312313323037,-0.001982144597799093,0.0,0.0,,r0018,0
20061,3,8104.536010099437,cloud_0,8,1.0,0.003,1,r0018,r0018,1,1,0,0,0.03195965908532759,0.03195965908532759,0.0,-0.0020198194595620195,-0.03388359956763362,-0.0020198194595620195,0.0,0.0,,r0018,0
20061,4,13892.021159442242,cloud_0,1,1.0,0.003,1,r0004,r0004,1,1,0,0,0.022058877784249094,0.022058877784249094,0.0,-0.4343605265922093,-0.4563532277431056,-0.43436052659220925,-5.551115123125783e-17,-1.2779971436809074e-16,,r0004,1
20061,4,13892.021159442242,cloud_0,2,1.0,0.003,1,r0004,r0004,1,1,0,0,0.036881435307837364,0.036881435307837364,0.0,-0.4344049942647801,-0.4711757852666939,-0.4344049942647801,0.0,0.0,,r0004,0
20061,4,13892.021159442242,cloud_0,4,1.0,0.003,1,r0004,r0004,1,1,0,0,0.06652655035501392,0.06652655035501392,0.0,-0.4344939296099216,-0.5008209003138704,-0.4344939296099215,-1.1102230246251565e-16,-2.5552095183973884e-16,,r0004,0
20061,4,13892.021159442242,cloud_0,8,1.0,0.003,1,r0004,r0004,1,1,0,0,0.12581678044936703,0.12581678044936703,0.0,-0.4346718003002046,-0.5601111304082236,-0.43467180030020464,5.551115123125783e-17,1.2770819545440776e-16,,r0004,0
20061,5,23142.184158902866,cloud_0,1,1.0,0.003,3,r0006|r0013|r0023,r0006|r0013|r0023,1,1,0,0,0.02178614717494744,0.02178614717494744,0.0,5.779911386708921,5.7581905979754975,5.77991138670892,8.881784197001252e-16,1.5366644231648915e-16,,r0006|r0013|r0023,1
20061,5,23142.184158902866,cloud_0,2,1.0,0.003,3,r0006|r0013|r0023,r0006|r0013|r0023,1,1,0,0,0.03833477659822258,0.03833477659822258,0.0,5.668272836733097,5.6300530644646685,5.668272836733096,8.881784197001252e-16,1.5669295485289765e-16,,r0006|r0013|r0023,0
20061,5,23142.184158902866,cloud_0,4,1.0,0.003,3,r0006|r0013|r0023,r0006|r0013|r0023,1,1,0,0,0.07143203544477285,0.07143203544477285,0.0,5.572488220609868,5.50127048127143,5.572488220609868,0.0,0.0,,r0006|r0013|r0023,0
20061,5,23142.184158902866,cloud_0,8,1.0,0.003,3,r0006|r0013|r0023,r0006|r0013|r0023,1,1,0,0,0.13762655313787342,0.13762655313787342,0.0,5.470329672983921,5.333115999505459,5.470329672983919,1.7763568394002505e-15,3.2472573786056567e-16,,r0006|r0013|r0023,0
20061,6,34193.0904960243,cloud_0,1,1.0,0.003,3,r0003|r0012|r0020,r0003|r0012|r0020,1,1,0,0,0.08844667427295688,0.08844667427295688,0.0,5.846775787052714,5.758594452802576,5.846775787052715,-8.881784197001252e-16,-1.5190909520883897e-16,,r0003|r0012|r0020,1
20061,6,34193.0904960243,cloud_0,2,1.0,0.003,3,r0003|r0012|r0020,r0003|r0012|r0020,1,1,0,0,0.1556302485190451,0.1556302485190451,0.0,5.738474455585712,5.583311097812224,5.738474455585712,0.0,0.0,,r0003|r0012|r0020,0
20061,6,34193.0904960243,cloud_0,4,1.0,0.003,3,r0003|r0012|r0020,r0003|r0012|r0020,1,1,0,0,0.28999739701122157,0.28999739701122157,0.0,5.649364276480129,5.360236871659941,5.649364276480129,0.0,0.0,,r0003|r0012|r0020,0
20061,6,34193.0904960243,cloud_0,8,1.0,0.003,3,r0003|r0012|r0020,r0003|r0012|r0020,1,1,0,0,0.5587316939955747,0.5587316939955747,0.0,5.560554602889469,5.003499103975881,5.560554602889469,0.0,0.0,,r0003|r0012|r0020,0
20062,0,0.0,cloud_0,1,1.0,0.003,1,r0019,r0019,1,1,0,0,0.019419773887002896,0.019419773887002896,0.0,-0.11368577841135977,-0.13304729297670165,-0.11368577841135977,0.0,0.0,,r0019,1
20062,0,0.0,cloud_0,2,1.0,0.003,1,r0019,r0019,1,1,0,0,0.02581986559598415,0.02581986559598415,0.0,-0.11370497868648671,-0.1394473846856829,-0.11370497868648671,0.0,0.0,,r0019,0
20062,0,0.0,cloud_0,4,1.0,0.003,1,r0019,r0019,1,1,0,0,0.03862004901394665,0.03862004901394665,0.0,-0.1137433792367406,-0.15224756810364543,-0.1137433792367406,0.0,0.0,,r0019,0
20062,0,0.0,cloud_0,8,1.0,0.003,1,r0019,r0019,1,1,0,0,0.06422041584987166,0.06422041584987166,0.0,-0.11382018033724839,-0.1778479349395704,-0.11382018033724836,-2.7755575615628914e-17,-2.438546093793679e-16,,r0019,0
20062,1,2432.280104227548,cloud_0,1,1.0,0.003,1,r0014,r0014,1,1,0,0,0.01627592137501204,0.01627592137501204,0.0,-0.0802221641014966,-0.09644925771238361,-0.0802221641014966,0.0,0.0,,r0014,1
20062,1,2432.280104227548,cloud_0,2,1.0,0.003,1,r0014,r0014,1,1,0,0,0.021639907076100022,0.021639907076100022,0.0,-0.08023825605859987,-0.10181324341347159,-0.08023825605859987,0.0,0.0,,r0014,0
20062,1,2432.280104227548,cloud_0,4,1.0,0.003,1,r0014,r0014,1,1,0,0,0.032367878478275984,0.032367878478275984,0.0,-0.08027043997280639,-0.11254121481564755,-0.08027043997280639,0.0,0.0,,r0014,0
20062,1,2432.280104227548,cloud_0,8,1.0,0.003,1,r0014,r0014,1,1,0,0,0.0538238212826279,0.0538238212826279,0.0,-0.08033480780121946,-0.13399715761999947,-0.08033480780121946,0.0,0.0,,r0014,0
20062,2,5053.3632821532665,cloud_0,1,1.0,0.003,1,r0016,r0016,1,1,0,0,0.020414607799189723,0.020414607799189723,0.0,-0.19937267407132633,-0.2197260380471185,-0.19937267407132633,0.0,0.0,,r0016,1
20062,2,5053.3632821532665,cloud_0,2,1.0,0.003,1,r0016,r0016,1,1,0,0,0.03176236627365526,0.03176236627365526,0.0,-0.19940671734674975,-0.23107379652158402,-0.19940671734674972,-2.7755575615628914e-17,-1.391907754409524e-16,,r0016,0
20062,2,5053.3632821532665,cloud_0,4,1.0,0.003,1,r0016,r0016,1,1,0,0,0.05445788322258634,0.05445788322258634,0.0,-0.19947480389759653,-0.2537693134705151,-0.19947480389759653,0.0,0.0,,r0016,0
20062,2,5053.3632821532665,cloud_0,8,1.0,0.003,1,r0016,r0016,1,1,0,0,0.09984891712044847,0.09984891712044847,0.0,-0.19961097699929012,-0.29916034736837727,-0.19961097699929015,2.7755575615628914e-17,1.3904834309652029e-16,,r0016,0
20062,3,12025.387493518989,cloud_0,1,1.0,0.003,1,r0011,r0011,1,1,0,0,0.03678118100615109,0.03678118100615109,0.0,-0.4729787479445482,-0.5096495854076808,-0.47297874794454814,-5.551115123125783e-17,-1.1736500101219333e-16,,r0011,1
20062,3,12025.387493518989,cloud_0,2,1.0,0.003,1,r0011,r0011,1,1,0,0,0.0620491287372547,0.0620491287372547,0.0,-0.4730545517877415,-0.5349175331387844,-0.4730545517877415,0.0,0.0,,r0011,0
20062,3,12025.387493518989,cloud_0,4,1.0,0.003,1,r0011,r0011,1,1,0,0,0.1125850241994619,0.1125850241994619,0.0,-0.47320615947412814,-0.5854534286009917,-0.4732061594741282,5.551115123125783e-17,1.1730859820790818e-16,,r0011,0
20062,3,12025.387493518989,cloud_0,8,1.0,0.003,1,r0011,r0011,1,1,0,0,0.21365681512387635,0.21365681512387635,0.0,-0.47350937484690137,-0.6865252195254061,-0.47350937484690137,0.0,0.0,,r0011,0
20062,4,21119.70731968638,cloud_0,1,1.0,0.003,6,r0003|r0004|r0006|r0021|r0022|r0023,r0003|r0004|r0006|r0021|r0022|r0023,1,1,0,0,0.04123159370951121,0.04123159370951121,0.0,6.0794210529027275,6.038313153974345,6.0794210529027275,0.0,0.0,,r0003|r0004|r0006|r0021|r0022|r0023,1
20062,4,21119.70731968638,cloud_0,2,1.0,0.003,6,r0003|r0004|r0006|r0021|r0022|r0023,r0003|r0004|r0006|r0021|r0022|r0023,1,1,0,0,0.07534827083137201,0.07534827083137201,0.0,5.966553353875868,5.891431127856991,5.966553353875868,0.0,0.0,,r0003|r0004|r0006|r0021|r0022|r0023,0
20062,4,21119.70731968638,cloud_0,4,1.0,0.003,6,r0003|r0004|r0006|r0021|r0022|r0023,r0003|r0004|r0006|r0021|r0022|r0023,1,1,0,0,0.14358162507509362,0.14358162507509362,0.0,5.876406643575922,5.733255763376054,5.876406643575922,0.0,0.0,,r0003|r0004|r0006|r0021|r0022|r0023,0
20062,4,21119.70731968638,cloud_0,8,1.0,0.003,6,r0003|r0004|r0006|r0021|r0022|r0023,r0003|r0004|r0006|r0021|r0022|r0023,1,1,0,0,0.28004833356253683,0.28004833356253683,0.0,5.7894800002307845,5.510271811668936,5.789480000230785,-8.881784197001252e-16,-1.5341246876484933e-16,,r0003|r0004|r0006|r0021|r0022|r0023,0
20062,5,34331.99963644988,cloud_0,1,1.0,0.003,2,r0008|r0010,r0008|r0010,1,1,0,0,0.03355519687218036,0.03355519687218036,0.0,5.337288475697825,5.303833944416261,5.337288475697824,8.881784197001252e-16,1.6641004580214302e-16,,r0008|r0010,1
20062,5,34331.99963644988,cloud_0,2,1.0,0.003,2,r0008|r0010,r0008|r0010,1,1,0,0,0.05835804466931531,0.05835804466931531,0.0,5.2596433509966944,5.201460380461387,5.2596433509966944,0.0,0.0,,r0008|r0010,0
20062,5,34331.99963644988,cloud_0,4,1.0,0.003,2,r0008|r0010,r0008|r0010,1,1,0,0,0.10796374026358521,0.10796374026358521,0.0,5.204333640557072,5.096693791514277,5.2043336405570715,8.881784197001252e-16,1.706613144050954e-16,,r0008|r0010,0
20062,5,34331.99963644988,cloud_0,8,1.0,0.003,2,r0008|r0010,r0008|r0010,1,1,0,0,0.20717513145212502,0.20717513145212502,0.0,5.162561118823924,4.956007512766155,5.162561118823924,0.0,0.0,,r0008|r0010,0
20063,0,0.0,cloud_0,1,1.0,0.003,1,r0019,r0019,1,1,0,0,0.006589931096603254,0.006589931096603254,0.0,-0.08523721645855536,-0.0918073777618688,-0.08523721645855535,-1.3877787807814457e-17,-1.6281371429535374e-16,,r0019,1
20063,0,0.0,cloud_0,2,1.0,0.003,1,r0019,r0019,1,1,0,0,0.009482065269517406,0.009482065269517406,0.0,-0.0852458928610741,-0.09469951193478296,-0.0852458928610741,0.0,0.0,,r0019,0
20063,0,0.0,cloud_0,4,1.0,0.003,1,r0019,r0019,1,1,0,0,0.015266333615345708,0.015266333615345708,0.0,-0.08526324566611158,-0.10048378028061125,-0.08526324566611158,0.0,0.0,,r0019,0
20063,0,0.0,cloud_0,8,1.0,0.003,1,r0019,r0019,1,1,0,0,0.026834870307002313,0.026834870307002313,0.0,-0.08529795127618656,-0.11205231697226786,-0.08529795127618656,0.0,0.0,,r0019,0
20063,1,2390.813381864828,cloud_0,1,1.0,0.003,1,r0001,r0001,1,1,0,0,0.006197237987716366,0.006197237987716366,0.0,0.0670809934420657,0.06090234716831248,0.0670809934420657,0.0,0.0,,r0001,1
20063,1,2390.813381864828,cloud_0,2,1.0,0.003,1,r0001,r0001,1,1,0,0,0.008917030273738094,0.008917030273738094,0.0,0.06707283406520761,0.058182554882290745,0.06707283406520763,-1.3877787807814457e-17,-2.0690623858718407e-16,,r0001,0
20063,1,2390.813381864828,cloud_0,4,1.0,0.003,1,r0001,r0001,1,1,0,0,0.01435661484578155,0.01435661484578155,0.0,0.06705651531149148,0.052742970310247286,0.0670565153114915,-1.3877787807814457e-17,-2.0695659091960325e-16,,r0001,0
20063,1,2390.813381864828,cloud_0,8,1.0,0.003,1,r0001,r0001,1,1,0,0,0.025235783989868456,0.025235783989868456,0.0,0.06702387780405925,0.04186380116616039,0.06702387780405925,0.0,0.0,,r0001,0
20063,2,4685.572786309993,cloud_0,1,1.0,0.003,1,r0013,r0013,1,1,0,0,0.011646254530426912,0.011646254530426912,0.0,-0.3176234842491004,-0.3292348000159361,-0.3176234842491005,5.551115123125783e-17,1.7477029874693542e-16,,r0013,1
20063,2,4685.572786309993,cloud_0,2,1.0,0.003,1,r0013,r0013,1,1,0,0,0.02069978760829041,0.02069978760829041,0.0,-0.31765064484833405,-0.3382883330937996,-0.31765064484833405,0.0,0.0,,r0013,0
20063,2,4685.572786309993,cloud_0,4,1.0,0.003,1,r0013,r0013,1,1,0,0,0.03880685376401739,0.03880685376401739,0.0,-0.3177049660468012,-0.35639539924952657,-0.3177049660468012,0.0,0.0,,r0013,0
20063,2,4685.572786309993,cloud_0,8,1.0,0.003,1,r0013,r0013,1,1,0,0,0.07502098607547138,0.07502098607547138,0.0,-0.3178136084437355,-0.3926095315609805,-0.3178136084437355,0.0,0.0,,r0013,0
20063,3,14134.097059068672,cloud_0,1,1.0,0.003,2,r0011|r0020,r0011|r0020,1,1,0,0,0.040094192606188156,0.040094192606188156,0.0,5.529444092455024,5.489470182426654,5.529444092455024,0.0,0.0,,r0011|r0020,1
20063,3,14134.097059068672,cloud_0,2,1.0,0.003,2,r0011|r0020,r0011|r0020,1,1,0,0,0.0750198203132273,0.0750198203132273,0.0,5.4842256452127955,5.409430884360508,5.4842256452127955,0.0,0.0,,r0011|r0020,0
20063,3,14134.097059068672,cloud_0,4,1.0,0.003,2,r0011|r0020,r0011|r0020,1,1,0,0,0.14487107572730562,0.14487107572730562,0.0,5.454843685103223,5.310407222603099,5.4548436851032225,8.881784197001252e-16,1.6282380778860356e-16,,r0011|r0020,0
20063,3,14134.097059068672,cloud_0,8,1.0,0.003,2,r0011|r0020,r0011|r0020,1,1,0,0,0.2845735865554622,0.2845735865554622,0.0,5.431592371465423,5.1478725056696275,5.431592371465423,0.0,0.0,,r0011|r0020,0
20063,4,24880.78007637051,cloud_0,1,1.0,0.003,1,r0016,r0016,1,1,0,0,0.006382672553664482,0.006382672553664482,0.0,-0.0967329556479338,-0.10309648018393729,-0.0967329556479338,0.0,0.0,,r0016,1
20063,4,24880.78007637051,cloud_0,2,1.0,0.003,1,r0016,r0016,1,1,0,0,0.009183846820340678,0.009183846820340678,0.0,-0.09674135917073381,-0.10589765445061347,-0.09674135917073381,0.0,0.0,,r0016,0
20063,4,24880.78007637051,cloud_0,4,1.0,0.003,1,r0016,r0016,1,1,0,0,0.01478619535369307,0.01478619535369307,0.0,-0.09675816621633387,-0.11150000298396587,-0.09675816621633387,0.0,0.0,,r0016,0
20063,4,24880.78007637051,cloud_0,8,1.0,0.003,1,r0016,r0016,1,1,0,0,0.025990892420397857,0.025990892420397857,0.0,-0.09679178030753399,-0.12270470005067066,-0.09679178030753399,0.0,0.0,,r0016,0
20063,5,27349.155755894077,cloud_0,1,1.0,0.003,2,r0002|r0017,r0002|r0017,1,1,0,0,0.006130882589714818,0.006130882589714818,0.0,5.610337081627099,5.604224591685154,5.610337081627099,0.0,0.0,,r0002|r0017,1
20063,5,27349.155755894077,cloud_0,2,1.0,0.003,2,r0002|r0017,r0002|r0017,1,1,0,0,0.00921142752483679,0.00921142752483679,0.0,5.5106389771255735,5.501455183883311,5.5106389771255735,0.0,0.0,,r0002|r0017,0
20063,5,27349.155755894077,cloud_0,4,1.0,0.003,2,r0002|r0017,r0002|r0017,1,1,0,0,0.015372517395080741,0.015372517395080741,0.0,5.42455624897007,5.409229849127175,5.42455624897007,0.0,0.0,,r0002|r0017,0
20063,5,27349.155755894077,cloud_0,8,1.0,0.003,2,r0002|r0017,r0002|r0017,1,1,0,0,0.02769469713556864,0.02769469713556864,0.0,5.3636979124712685,5.336086299427107,5.363697912471269,-8.881784197001252e-16,-1.655906865364284e-16,,r0002|r0017,0
20063,6,30161.69252228305,cloud_0,1,1.0,0.003,1,r0014,r0014,1,1,0,0,0.017805197861061366,0.017805197861061366,0.0,-0.012124946937033561,-0.029876729204511742,-0.01212494693703356,-1.734723475976807e-18,-1.430706035239126e-16,,r0014,1
20063,6,30161.69252228305,cloud_0,2,1.0,0.003,1,r0014,r0014,1,1,0,0,0.032753900463740715,0.032753900463740715,0.0,-0.012169793044841599,-0.04482543180719109,-0.0121697930448416,1.734723475976807e-18,1.4254338340717328e-16,,r0014,0
20063,6,30161.69252228305,cloud_0,4,1.0,0.003,1,r0014,r0014,1,1,0,0,0.06265130566909942,0.06265130566909942,0.0,-0.012259485260457675,-0.0747228370125498,-0.012259485260457677,1.734723475976807e-18,1.4150051483581175e-16,,r0014,0
20063,6,30161.69252228305,cloud_0,8,1.0,0.003,1,r0014,r0014,1,1,0,0,0.12244611607981684,0.12244611607981684,0.0,-0.012438869691689829,-0.13451764742326722,-0.012438869691689822,-6.938893903907228e-18,-5.57839584776981e-16,,r0014,0
20063,7,31610.235545343152,cloud_0,1,1.0,0.003,1,r0018,r0018,1,1,0,0,0.0029956405529307836,0.0029956405529307836,0.0,0.04462492664285834,0.04163827301158635,0.044624926642858345,-6.938893903907228e-18,-1.5549367642529694e-16,,r0018,1
20063,7,31610.235545343152,cloud_0,2,1.0,0.003,1,r0018,r0018,1,1,0,0,0.004310342373920122,0.004310342373920122,0.0,0.044620982537395375,0.040323571190597006,0.04462098253739537,6.938893903907228e-18,1.5550742070934834e-16,,r0018,0
20063,7,31610.235545343152,cloud_0,4,1.0,0.003,1,r0018,r0018,1,1,0,0,0.0069397460158988,0.0069397460158988,0.0,0.044613094326469434,0.037694167548618325,0.04461309432646943,6.938893903907228e-18,1.5553491656798859e-16,,r0018,0
20063,7,31610.235545343152,cloud_0,8,1.0,0.003,1,r0018,r0018,1,1,0,0,0.012198553299856151,0.012198553299856151,0.0,0.044597317904617566,0.03243536026466098,0.04459731790461756,6.938893903907228e-18,1.5558993746547214e-16,,r0018,0
20063,8,38010.596588240565,cloud_0,1,1.0,0.003,1,r0004,r0004,1,1,0,0,0.014125035113348052,0.014125035113348052,0.0,-0.3318059675726933,-0.3458886275807013,-0.3318059675726933,0.0,0.0,,r0004,1
20063,8,38010.596588240565,cloud_0,2,1.0,0.003,1,r0004,r0004,1,1,0,0,0.02510551577265168,0.02510551577265168,0.0,-0.3318389090146713,-0.35686910824000495,-0.3318389090146712,-5.551115123125783e-17,-1.672834309758521e-16,,r0004,0
20063,8,38010.596588240565,cloud_0,4,1.0,0.003,1,r0004,r0004,1,1,0,0,0.047066477091258926,0.047066477091258926,0.0,-0.3319047918986271,-0.3788300695586122,-0.33190479189862704,-5.551115123125783e-17,-1.672502253242926e-16,,r0004,0
20063,8,38010.596588240565,cloud_0,8,1.0,0.003,1,r0004,r0004,1,1,0,0,0.09098839972847345,0.09098839972847345,0.0,-0.3320365576665387,-0.4227519921958267,-0.33203655766653867,-5.551115123125783e-17,-1.6718385355328001e-16,,r0004,0
20063,9,48215.932975717165,cloud_0,1,1.0,0.003,1,r0009,r0009,1,1,0,0,0.04251075486253272,0.04251075486253272,0.0,1.7687942404109274,1.7264110178129821,1.7687942404109271,2.220446049250313e-16,1.2553444592483847e-16,,r0009,1
20063,9,48215.932975717165,cloud_0,2,1.0,0.003,1,r0009,r0009,1,1,0,0,0.07555764769038321,0.07555764769038321,0.0,1.761606548983412,1.6862755742361,1.761606548983412,0.0,0.0,,r0009,0
20063,9,48215.932975717165,cloud_0,4,1.0,0.003,1,r0009,r0009,1,1,0,0,0.1416514333460842,0.1416514333460842,0.0,1.7472311661283817,1.606004687082336,1.747231166128382,-2.220446049250313e-16,-1.270837020478812e-16,,r0009,0
20063,9,48215.932975717165,cloud_0,8,1.0,0.003,1,r0009,r0009,1,1,0,0,0.27383900465748623,0.27383900465748623,0.0,1.718480400418321,1.445462912774807,1.7184804004183207,2.220446049250313e-16,1.2920985591164154e-16,,r0009,0
20064,0,0.0,edge_4,1,1.0,0.003,1,r0005,r0005,1,1,0,0,0.01392030788891956,0.01392030788891956,0.0,-0.06820096066701932,-0.08207950763227213,-0.06820096066701933,1.3877787807814457e-17,2.0348375847036253e-16,,r0005,0
20064,0,0.0,cloud_0,1,1.0,0.003,1,r0005,r0005,1,1,0,0,0.008161931896704291,0.008161931896704291,0.0,-0.056512205387014965,-0.06464965148802913,-0.05651220538701496,-6.938893903907228e-18,-1.227857567473664e-16,,r0005,1
20064,0,0.0,edge_4,2,1.0,0.003,1,r0005,r0005,1,1,0,0,0.0188274030549175,0.0188274030549175,0.0,-0.06828990351028309,-0.08706082435603585,-0.0682899035102831,1.3877787807814457e-17,2.032187350466052e-16,,r0005,0
20064,0,0.0,cloud_0,2,1.0,0.003,1,r0005,r0005,1,1,0,0,0.011133305241881332,0.011133305241881332,0.0,-0.056521119507050493,-0.06762102483320619,-0.0565211195070505,6.938893903907228e-18,1.227663918270703e-16,,r0005,0
20064,0,0.0,edge_4,4,1.0,0.003,1,r0005,r0005,1,1,0,0,0.028641593386913383,0.028641593386913383,0.0,-0.06846778919681065,-0.09702345780356328,-0.06846778919681064,-1.3877787807814457e-17,-2.0269075386562808e-16,,r0005,0
20064,0,0.0,cloud_0,4,1.0,0.003,1,r0005,r0005,1,1,0,0,0.01707605193223542,0.01707605193223542,0.0,-0.05653894774712156,-0.07356377152356026,-0.05653894774712155,-6.938893903907228e-18,-1.2272768030530763e-16,,r0005,0
20064,0,0.0,cloud_0,8,1.0,0.003,1,r0005,r0005,1,1,0,0,0.028961545312943593,0.028961545312943593,0.0,-0.05657460422726368,-0.08544926490426843,-0.056574604227263674,-6.938893903907228e-18,-1.2265033045628146e-16,,r0005,0
20064,1,2288.7108806364436,edge_4,1,1.0,0.003,1,r0011,r0011,1,1,0,0,0.012092059593946734,0.012092059593946734,0.0,-0.21390039456829912,-0.22595617798346404,-0.21390039456829915,2.7755575615628914e-17,1.2975934743667087e-16,,r0011,0
20064,1,2288.7108806364436,cloud_0,1,1.0,0.003,1,r0011,r0011,1,1,0,0,0.007137328387029034,0.007137328387029034,0.0,-0.09716413263315757,-0.10428004903502551,-0.09716413263315757,0.0,0.0,,r0011,1
20064,1,2288.7108806364436,edge_4,2,1.0,0.003,1,r0011,r0011,1,1,0,0,0.016354672723908226,0.016354672723908226,0.0,-0.21466199420659043,-0.23096760291232693,-0.21466199420659043,0.0,0.0,,r0011,0
20064,1,2288.7108806364436,cloud_0,2,1.0,0.003,1,r0011,r0011,1,1,0,0,0.009735692057958089,0.009735692057958089,0.0,-0.09717192772417035,-0.10687841270595456,-0.09717192772417035,0.0,0.0,,r0011,0
20064,1,2288.7108806364436,edge_4,4,1.0,0.003,1,r0011,r0011,1,1,0,0,0.024879898983831205,0.024879898983831205,0.0,-0.2161851934831731,-0.24099045277005282,-0.2161851934831731,0.0,0.0,,r0011,0
20064,1,2288.7108806364436,cloud_0,4,1.0,0.003,1,r0011,r0011,1,1,0,0,0.014932419399816205,0.014932419399816205,0.0,-0.09718751790619592,-0.11207514004781269,-0.09718751790619592,0.0,0.0,,r0011,0
20064,1,2288.7108806364436,cloud_0,8,1.0,0.003,1,r0011,r0011,1,1,0,0,0.02532587408353244,0.02532587408353244,0.0,-0.09721869827024708,-0.12246859473152892,-0.09721869827024708,0.0,0.0,,r0011,0
20064,2,4205.982958890746,edge_4,1,1.0,0.003,2,r0009|r0010,r0009|r0010,1,1,0,0,0.0456483895289922,0.0456483895289922,0.0,4.092223772438006,4.0467123280776,4.092223772438006,0.0,0.0,,r0009|r0010,0
20064,2,4205.982958890746,cloud_0,1,1.0,0.003,2,r0009|r0010,r0009|r0010,1,1,0,0,0.027358789107184277,0.027358789107184277,0.0,4.526132112168688,4.498855399428826,4.526132112168688,0.0,0.0,,r0009|r0010,1
20064,2,4205.982958890746,edge_4,2,1.0,0.003,2,r0009|r0010,r0009|r0010,1,1,0,0,0.0802668679451195,0.0802668679451195,0.0,4.017984795933495,3.937958728592211,4.017984795933495,0.0,0.0,,r0009|r0010,0
20064,2,4205.982958890746,cloud_0,2,1.0,0.003,2,r0009|r0010,r0009|r0010,1,1,0,0,0.04835529726628088,0.04835529726628088,0.0,4.457567343459331,4.409357112084849,4.457567343459331,0.0,0.0,,r0009|r0010,0
20064,2,4205.982958890746,edge_4,4,1.0,0.003,2,r0009|r0010,r0009|r0010,1,1,0,0,0.14950382477737412,0.14950382477737412,0.0,3.9652682394709946,3.8162129261679527,3.9652682394709946,0.0,0.0,,r0009|r0010,0
20064,2,4205.982958890746,cloud_0,4,1.0,0.003,2,r0009|r0010,r0009|r0010,1,1,0,0,0.09034831358447408,0.09034831358447408,0.0,4.414035153911105,4.323957885267385,4.414035153911105,0.0,0.0,,r0009|r0010,0
20064,2,4205.982958890746,cloud_0,8,1.0,0.003,2,r0009|r0010,r0009|r0010,1,1,0,0,0.17433434622086053,0.17433434622086053,0.0,4.389044202459845,4.215232859277647,4.389044202459845,0.0,0.0,,r0009|r0010,0
20064,3,14549.187134575044,edge_4,1,1.0,0.003,3,r0002|r0016|r0020,r0002|r0016|r0020,1,1,0,0,0.058868967873484584,0.058868967873484584,0.0,5.004490577080645,4.945798216110782,5.004490577080646,-8.881784197001252e-16,-1.7747628974820477e-16,,r0002|r0016|r0020,0
20064,3,14549.187134575044,cloud_0,1,1.0,0.003,3,r0002|r0016|r0020,r0002|r0016|r0020,1,1,0,0,0.035279265520897524,0.035279265520897524,0.0,5.5005127033189245,5.46533927559459,5.5005127033189245,0.0,0.0,,r0002|r0016|r0020,1
20064,3,14549.187134575044,edge_4,2,1.0,0.003,3,r0002|r0016|r0020,r0002|r0016|r0020,1,1,0,0,0.10534292777764087,0.10534292777764087,0.0,4.912304068348842,4.807277169354534,4.912304068348842,0.0,0.0,,r0002|r0016|r0020,0
20064,3,14549.187134575044,cloud_0,2,1.0,0.003,3,r0002|r0016|r0020,r0002|r0016|r0020,1,1,0,0,0.06342045313447693,0.06342045313447693,0.0,5.4153559384121355,5.352125746637062,5.4153559384121355,0.0,0.0,,r0002|r0016|r0020,0
20064,3,14549.187134575044,edge_4,4,1.0,0.003,3,r0002|r0016|r0020,r0002|r0016|r0020,1,1,0,0,0.19829084758595342,0.19829084758595342,0.0,4.846857103777842,4.649161128734646,4.846857103777842,0.0,0.0,,r0002|r0016|r0020,0
20064,3,14549.187134575044,cloud_0,4,1.0,0.003,3,r0002|r0016|r0020,r0002|r0016|r0020,1,1,0,0,0.11970282836163575,0.11970282836163575,0.0,5.361280930016174,5.241937210139623,5.361280930016174,0.0,0.0,,r0002|r0016|r0020,0
20064,3,14549.187134575044,cloud_0,8,1.0,0.003,3,r0002|r0016|r0020,r0002|r0016|r0020,1,1,0,0,0.2322675788159534,0.2322675788159534,0.0,5.330219886501402,5.098649110421896,5.330219886501401,8.881784197001252e-16,1.666307279272674e-16,,r0002|r0016|r0020,0
20064,4,24308.01337581679,edge_4,1,1.0,0.003,3,r0003|r0006|r0012,r0003|r0006|r0012,1,1,0,0,0.038796814501237224,0.038796814501237224,0.0,6.696230204152121,6.657549780094388,6.696230204152121,0.0,0.0,,r0003|r0006|r0012,0
20064,4,24308.01337581679,cloud_0,1,1.0,0.003,3,r0003|r0006|r0012,r0003|r0006|r0012,1,1,0,0,0.022867387419127583,0.022867387419127583,0.0,6.887536726415119,6.864737941158249,6.887536726415119,0.0,0.0,,r0003|r0006|r0012,1
20064,4,24308.01337581679,edge_4,2,1.0,0.003,3,r0003|r0006|r0012,r0003|r0006|r0012,1,1,0,0,0.05650611486674161,0.05650611486674161,0.0,6.567167559844872,6.510830963322731,6.567167559844872,0.0,0.0,,r0003|r0006|r0012,0
20064,4,24308.01337581679,cloud_0,2,1.0,0.003,3,r0003|r0006|r0012,r0003|r0006|r0012,1,1,0,0,0.033590827924706704,0.033590827924706704,0.0,6.761448984220954,6.727958928780021,6.761448984220953,8.881784197001252e-16,1.313591837744909e-16,,r0003|r0006|r0012,0
20064,4,24308.01337581679,edge_4,4,1.0,0.003,3,r0003|r0006|r0012,r0003|r0006|r0012,1,1,0,0,0.09192471559775035,0.09192471559775035,0.0,6.434529316355243,6.342880374904286,6.434529316355244,-8.881784197001252e-16,-1.3803316078497914e-16,,r0003|r0006|r0012,0
20064,4,24308.01337581679,cloud_0,4,1.0,0.003,3,r0003|r0006|r0012,r0003|r0006|r0012,1,1,0,0,0.055037708935864925,0.055037708935864925,0.0,6.63745659017701,6.582583994367952,6.63745659017701,0.0,0.0,,r0003|r0006|r0012,0
20064,4,24308.01337581679,cloud_0,8,1.0,0.003,3,r0003|r0006|r0012,r0003|r0006|r0012,1,1,0,0,0.0979314709581814,0.0979314709581814,0.0,6.533969844910386,6.436332168365079,6.533969844910386,0.0,0.0,,r0003|r0006|r0012,0
20064,5,28072.716052899144,edge_4,1,1.0,0.003,2,r0001|r0004,r0001|r0004,1,1,0,0,0.07037668809746439,0.07037668809746439,0.0,5.20762589182511,5.137460333791938,5.20762589182511,0.0,0.0,,r0001|r0004,0
20064,5,28072.716052899144,cloud_0,1,1.0,0.003,2,r0001|r0004,r0001|r0004,1,1,0,0,0.04454234878109922,0.04454234878109922,0.0,5.649218939587918,5.604810217853162,5.649218939587918,0.0,0.0,,r0001|r0004,1
20064,5,28072.716052899144,edge_4,2,1.0,0.003,2,r0001|r0004,r0001|r0004,1,1,0,0,0.12374842548051557,0.12374842548051557,0.0,5.103027217449712,4.979650037245639,5.103027217449713,-8.881784197001252e-16,-1.74049320501959e-16,,r0001|r0004,0
20064,5,28072.716052899144,cloud_0,2,1.0,0.003,2,r0001|r0004,r0001|r0004,1,1,0,0,0.0787263832405077,0.0787263832405077,0.0,5.562223466801973,5.483733262711188,5.562223466801974,-8.881784197001252e-16,-1.596804632178483e-16,,r0001|r0004,0
20064,5,28072.716052899144,edge_4,4,1.0,0.003,2,r0001|r0004,r0001|r0004,1,1,0,0,0.23049190024661786,0.23049190024661786,0.0,4.989591265245438,4.7597908406995595,4.989591265245437,8.881784197001252e-16,1.7800624790384222e-16,,r0001|r0004,0
20064,5,28072.716052899144,cloud_0,4,1.0,0.003,2,r0001|r0004,r0001|r0004,1,1,0,0,0.14709445215932465,0.14709445215932465,0.0,5.481829869100573,5.335176700297726,5.481829869100573,0.0,0.0,,r0001|r0004,0
20064,5,28072.716052899144,cloud_0,8,1.0,0.003,2,r0001|r0004,r0001|r0004,1,1,0,0,0.28383058999695854,0.28383058999695854,0.0,5.383116101342964,5.100137003115996,5.383116101342964,0.0,0.0,,r0001|r0004,0
20065,0,0.0,edge_2,1,1.0,0.003,1,r0009,r0009,1,1,0,0,0.0032077530586376466,0.0032077530586376466,0.0,-0.04031579847455317,-0.0435139282740149,-0.04031579847455317,0.0,0.0,,r0009,0
20065,0,0.0,cloud_0,1,1.0,0.003,1,r0009,r0009,1,1,0,0,0.003847905523787772,0.003847905523787772,0.0,-0.01907224147331119,-0.022908603280527597,-0.01907224147331119,0.0,0.0,,r0009,1
20065,0,0.0,edge_2,2,1.0,0.003,1,r0009,r0009,1,1,0,0,0.0035956401566914803,0.0035956401566914803,0.0,-0.040389357619853954,-0.04397421085607536,-0.04038935761985396,6.938893903907228e-18,1.718000560745813e-16,,r0009,0
20065,0,0.0,cloud_0,2,1.0,0.003,1,r0009,r0009,1,1,0,0,0.004123935527373183,0.004123935527373183,0.0,-0.019073069563321946,-0.02318463328411301,-0.019073069563321946,0.0,0.0,,r0009,0
20065,0,0.0,edge_2,4,1.0,0.003,1,r0009,r0009,1,1,0,0,0.004371414352799147,0.004371414352799147,0.0,-0.04053647591045553,-0.04489477602019628,-0.04053647591045553,0.0,0.0,,r0009,0
20065,0,0.0,cloud_0,4,1.0,0.003,1,r0009,r0009,1,1,0,0,0.004675995534544004,0.004675995534544004,0.0,-0.019074725743343457,-0.02373669329128383,-0.019074725743343457,0.0,0.0,,r0009,0
20065,0,0.0,edge_2,8,1.0,0.003,1,r0009,r0009,1,1,0,0,0.005922962745014478,0.005922962745014478,0.0,-0.040830712491658684,-0.04673590634843812,-0.040830712491658684,0.0,0.0,,r0009,0
20065,0,0.0,cloud_0,8,1.0,0.003,1,r0009,r0009,1,1,0,0,0.005780115548885649,0.005780115548885649,0.0,-0.019078038103386482,-0.024840813305625476,-0.019078038103386485,3.469446951953614e-18,1.8185554159983373e-16,,r0009,0
20065,1,730.052553247127,edge_2,1,1.0,0.003,1,r0021,r0021,1,1,0,0,0.005980595687452783,0.005980595687452783,0.0,-0.25245468362561874,-0.25841733752600915,-0.25245468362561874,0.0,0.0,,r0021,0
20065,1,730.052553247127,cloud_0,1,1.0,0.003,1,r0021,r0021,1,1,0,0,0.0074598285013372165,0.0074598285013372165,0.0,-0.10363462544801652,-0.11107207446384973,-0.10363462544801652,0.0,0.0,,r0021,1
20065,1,730.052553247127,edge_2,2,1.0,0.003,1,r0021,r0021,1,1,0,0,0.008642145076555856,0.008642145076555856,0.0,-0.2530755903274144,-0.26169180896874056,-0.2530755903274144,0.0,0.0,,r0021,0
20065,1,730.052553247127,cloud_0,2,1.0,0.003,1,r0021,r0021,1,1,0,0,0.009776756169285774,0.009776756169285774,0.0,-0.10364157623102035,-0.11338900213179828,-0.10364157623102037,1.3877787807814457e-17,1.3390174399586926e-16,,r0021,0
20065,1,730.052553247127,edge_2,4,1.0,0.003,1,r0021,r0021,1,1,0,0,0.013965243854762,0.013965243854762,0.0,-0.25431740373100564,-0.2682407518542034,-0.25431740373100564,0.0,0.0,,r0021,0
20065,1,730.052553247127,cloud_0,4,1.0,0.003,1,r0021,r0021,1,1,0,0,0.014410611505182885,0.014410611505182885,0.0,-0.10365547779702805,-0.11802285746769539,-0.10365547779702805,0.0,0.0,,r0021,0
20065,1,730.052553247127,edge_2,8,1.0,0.003,1,r0021,r0021,1,1,0,0,0.024611441411174283,0.024611441411174283,0.0,-0.25680103053818815,-0.2813386376251289,-0.25680103053818815,0.0,0.0,,r0021,0
20065,1,730.052553247127,cloud_0,8,1.0,0.003,1,r0021,r0021,1,1,0,0,0.02367832217697711,0.02367832217697711,0.0,-0.10368328092904344,-0.1272905681394896,-0.10368328092904343,-1.3877787807814457e-17,-1.338478844753364e-16,,r0021,0
20065,2,7621.29713755625,edge_2,1,1.0,0.003,1,r0008,r0008,1,1,0,0,0.004739207596104004,0.004739207596104004,0.0,-0.27877501571496766,-0.2835000056882833,-0.2787750157149676,-5.551115123125783e-17,-1.9912527343560432e-16,,r0008,0
20065,2,7621.29713755625,cloud_0,1,1.0,0.003,1,r0008,r0008,1,1,0,0,0.005063421792960145,0.005063421792960145,0.0,-0.10514608790962673,-0.110194319437208,-0.10514608790962673,0.0,0.0,,r0008,1
20065,2,7621.29713755625,edge_2,2,1.0,0.003,1,r0008,r0008,1,1,0,0,0.006848301027834644,0.006848301027834644,0.0,-0.27949774065037614,-0.28632549677512725,-0.27949774065037614,0.0,0.0,,r0008,0
20065,2,7621.29713755625,cloud_0,2,1.0,0.003,1,r0008,r0008,1,1,0,0,0.0066360560759735,0.0066360560759735,0.0,-0.10515080581247577,-0.11176695372022136,-0.10515080581247578,1.3877787807814457e-17,1.3197985218072295e-16,,r0008,0
20065,2,7621.29713755625,edge_2,4,1.0,0.003,1,r0008,r0008,1,1,0,0,0.011066487891295922,0.011066487891295922,0.0,-0.2809431905211931,-0.2919764789488151,-0.2809431905211931,0.0,0.0,,r0008,0
20065,2,7621.29713755625,cloud_0,4,1.0,0.003,1,r0008,r0008,1,1,0,0,0.009781324642000213,0.009781324642000213,0.0,-0.10516024161817385,-0.11491222228624806,-0.10516024161817385,0.0,0.0,,r0008,0
20065,2,7621.29713755625,edge_2,8,1.0,0.003,1,r0008,r0008,1,1,0,0,0.01950286161821848,0.01950286161821848,0.0,-0.2838340902628271,-0.3032784432961909,-0.2838340902628271,0.0,0.0,,r0008,0
20065,2,7621.29713755625,cloud_0,8,1.0,0.003,1,r0008,r0008,1,1,0,0,0.016071861774053633,0.016071861774053633,0.0,-0.10517911322957002,-0.12120275941830148,-0.10517911322957,-1.3877787807814457e-17,-1.3194433173746192e-16,,r0008,0
20065,3,10304.374993238136,edge_2,1,1.0,0.003,1,r0007,r0007,1,1,0,0,0.010934019341252906,0.010934019341252906,0.0,-0.4196172801468701,-0.43051849743009923,-0.4196172801468701,0.0,0.0,,r0007,0
20065,3,10304.374993238136,cloud_0,1,1.0,0.003,1,r0007,r0007,1,1,0,0,0.013638425564726787,0.013638425564726787,0.0,-0.10069958736929133,-0.11429709765732393,-0.10069958736929133,0.0,0.0,,r0007,1
20065,3,10304.374993238136,edge_2,2,1.0,0.003,1,r0007,r0007,1,1,0,0,0.015799994909406978,0.015799994909406978,0.0,-0.4209614544503618,-0.43671404937504055,-0.4209614544503618,0.0,0.0,,r0007,0
20065,3,10304.374993238136,cloud_0,2,1.0,0.003,1,r0007,r0007,1,1,0,0,0.017874346743411804,0.017874346743411804,0.0,-0.10071229513282738,-0.11853301883600895,-0.10071229513282738,0.0,0.0,,r0007,0
20065,3,10304.374993238136,edge_2,4,1.0,0.003,1,r0007,r0007,1,1,0,0,0.025531946045715116,0.025531946045715116,0.0,-0.42364980305734523,-0.4491051532649232,-0.42364980305734523,0.0,0.0,,r0007,0
20065,3,10304.374993238136,cloud_0,4,1.0,0.003,1,r0007,r0007,1,1,0,0,0.026346189100781833,0.026346189100781833,0.0,-0.1007377106598995,-0.127004861193379,-0.10073771065989952,1.3877787807814457e-17,1.3776159609847839e-16,,r0007,0
20065,3,10304.374993238136,edge_2,8,1.0,0.003,1,r0007,r0007,1,1,0,0,0.04499584831833141,0.04499584831833141,0.0,-0.4290265002713121,-0.47388736104468854,-0.4290265002713121,0.0,0.0,,r0007,0
20065,3,10304.374993238136,cloud_0,8,1.0,0.003,1,r0007,r0007,1,1,0,0,0.04328987381552189,0.04328987381552189,0.0,-0.10078854171404371,-0.14394854590811904,-0.10078854171404371,0.0,0.0,,r0007,0
20065,4,14747.803743697088,edge_2,1,1.0,0.003,2,r0018|r0023,r0018|r0023,1,1,0,0,0.013024468498671062,0.013024468498671062,0.0,5.6298443917510745,5.6168589966579,5.6298443917510745,0.0,0.0,,r0018|r0023,0
20065,4,14747.803743697088,cloud_0,1,1.0,0.003,2,r0018|r0023,r0018|r0023,1,1,0,0,0.013640212614095034,0.013640212614095034,0.0,6.003344257228208,5.989744965251955,6.003344257228208,0.0,0.0,,r0018|r0023,1
20065,4,14747.803743697088,edge_2,2,1.0,0.003,2,r0018|r0023,r0018|r0023,1,1,0,0,0.019650094305360313,0.019650094305360313,0.0,5.527507602426264,5.5079164584038205,5.527507602426264,0.0,0.0,,r0018|r0023,0
20065,4,14747.803743697088,cloud_0,2,1.0,0.003,2,r0018|r0023,r0018|r0023,1,1,0,0,0.018656727483884313,0.018656727483884313,0.0,5.908166681780631,5.889565924479198,5.908166681780631,0.0,0.0,,r0018|r0023,0
20065,4,14747.803743697088,edge_2,4,1.0,0.003,2,r0018|r0023,r0018|r0023,1,1,0,0,0.03290134591873883,0.03290134591873883,0.0,5.43667223502731,5.403869593146328,5.43667223502731,0.0,0.0,,r0018|r0023,0
20065,4,14747.803743697088,cloud_0,4,1.0,0.003,2,r0018|r0023,r0018|r0023,1,1,0,0,0.028689757223462863,0.028689757223462863,0.0,5.809612502330926,5.781008814379133,5.809612502330926,0.0,0.0,,r0018|r0023,0
20065,4,14747.803743697088,edge_2,8,1.0,0.003,2,r0018|r0023,r0018|r0023,1,1,0,0,0.05940384914549583,0.05940384914549583,0.0,5.365652526944795,5.306426889346736,5.365652526944795,0.0,0.0,,r0018|r0023,0
20065,4,14747.803743697088,cloud_0,8,1.0,0.003,2,r0018|r0023,r0018|r0023,1,1,0,0,0.04875581670261997,0.04875581670261997,0.0,5.728191310473284,5.679581761220772,5.728191310473284,0.0,0.0,,r0018|r0023,0
20065,5,18567.966068835995,edge_2,1,1.0,0.003,2,r0004|r0022,r0004|r0022,1,1,0,0,0.008655694557876261,0.008655694557876261,0.0,5.488513796710384,5.479884069236181,5.488513796710384,0.0,0.0,,r0004|r0022,0
20065,5,18567.966068835995,cloud_0,1,1.0,0.003,2,r0004|r0022,r0004|r0022,1,1,0,0,0.008906956438962717,0.008906956438962717,0.0,5.688299831875733,5.679419596306087,5.688299831875733,0.0,0.0,,r0004|r0022,1
20065,5,18567.966068835995,edge_2,2,1.0,0.003,2,r0004|r0022,r0004|r0022,1,1,0,0,0.013058898668918201,0.013058898668918201,0.0,5.388386662671931,5.37536694069902,5.388386662671931,0.0,0.0,,r0004|r0022,0
20065,5,18567.966068835995,cloud_0,2,1.0,0.003,2,r0004|r0022,r0004|r0022,1,1,0,0,0.012182702989602997,0.012182702989602997,0.0,5.5931274787331136,5.5809813238524795,5.5931274787331136,0.0,0.0,,r0004|r0022,0
20065,5,18567.966068835995,edge_2,4,1.0,0.003,2,r0004|r0022,r0004|r0022,1,1,0,0,0.02186530689100209,0.02186530689100209,0.0,5.30197060584569,5.2801708948753605,5.30197060584569,0.0,0.0,,r0004|r0022,0
20065,5,18567.966068835995,cloud_0,4,1.0,0.003,2,r0004|r0022,r0004|r0022,1,1,0,0,0.018734196090883552,0.018734196090883552,0.0,5.494583743893323,5.475905750390712,5.494583743893323,0.0,0.0,,r0004|r0022,0
20065,5,18567.966068835995,edge_2,8,1.0,0.003,2,r0004|r0022,r0004|r0022,1,1,0,0,0.039478123335169854,0.039478123335169854,0.0,5.2397895189086015,5.200429829943437,5.2397895189086015,0.0,0.0,,r0004|r0022,0
20065,5,18567.966068835995,cloud_0,8,1.0,0.003,2,r0004|r0022,r0004|r0022,1,1,0,0,0.03183718229344466,0.03183718229344466,0.0,5.413183441255512,5.381441770508948,5.413183441255512,0.0,0.0,,r0004|r0022,0
20065,6,24410.845066344787,edge_2,1,1.0,0.003,1,r0020,r0020,1,1,0,0,0.005415935342695897,0.005415935342695897,0.0,-0.25360648346625625,-0.25900617100292406,-0.25360648346625625,0.0,0.0,,r0020,0
20065,6,24410.845066344787,cloud_0,1,1.0,0.003,1,r0020,r0020,1,1,0,0,0.005786445199407057,0.005786445199407057,0.0,-0.09238053018862333,-0.09814961605243216,-0.09238053018862333,0.0,0.0,,r0020,1
20065,6,24410.845066344787,edge_2,2,1.0,0.003,1,r0020,r0020,1,1,0,0,0.007826193476850667,0.007826193476850667,0.0,-0.2542782407402449,-0.262080955636665,-0.2542782407402449,0.0,0.0,,r0020,0
20065,6,24410.845066344787,cloud_0,2,1.0,0.003,1,r0020,r0020,1,1,0,0,0.007583641338590562,0.007583641338590562,0.0,-0.09238592177704089,-0.09994681219161568,-0.09238592177704089,0.0,0.0,,r0020,0
20065,6,24410.845066344787,edge_2,4,1.0,0.003,1,r0020,r0020,1,1,0,0,0.012646709745160205,0.012646709745160205,0.0,-0.25562175528822223,-0.26823052490414695,-0.25562175528822223,0.0,0.0,,r0020,0
20065,6,24410.845066344787,cloud_0,4,1.0,0.003,1,r0020,r0020,1,1,0,0,0.01117803361695757,0.01117803361695757,0.0,-0.09239670495387599,-0.10354120446998269,-0.09239670495387599,0.0,0.0,,r0020,0
20065,6,24410.845066344787,edge_2,8,1.0,0.003,1,r0020,r0020,1,1,0,0,0.02228774228177928,0.02228774228177928,0.0,-0.2583087843841768,-0.2805296634391108,-0.25830878438417687,5.551115123125783e-17,2.1490229751032134e-16,,r0020,0
20065,6,24410.845066344787,cloud_0,8,1.0,0.003,1,r0020,r0020,1,1,0,0,0.01836681817369159,0.01836681817369159,0.0,-0.0924182713075462,-0.1107299890267167,-0.09241827130754618,-1.3877787807814457e-17,-1.501628153336958e-16,,r0020,0
20065,7,26958.48786757269,edge_2,1,1.0,0.003,1,r0015,r0015,1,1,0,0,0.005550213607889206,0.005550213607889206,0.0,-0.22023191954776578,-0.22576548251483133,-0.2202319195477658,2.7755575615628914e-17,1.260288502803021e-16,,r0015,0
20065,7,26958.48786757269,cloud_0,1,1.0,0.003,1,r0015,r0015,1,1,0,0,0.005929909582537186,0.005929909582537186,0.0,-0.005850751955105947,-0.011762871808895521,-0.005850751955105947,0.0,0.0,,r0015,1
20065,7,26958.48786757269,edge_2,2,1.0,0.003,1,r0015,r0015,1,1,0,0,0.008020229708201907,0.008020229708201907,0.0,-0.22112639303245668,-0.22912256205153397,-0.22112639303245668,0.0,0.0,,r0015,0
20065,7,26958.48786757269,cloud_0,2,1.0,0.003,1,r0015,r0015,1,1,0,0,0.007771663930877883,0.007771663930877883,0.0,-0.005856277218150956,-0.013604626157236212,-0.005856277218150962,6.071532165918825e-18,1.0367562770253944e-15,,r0015,0
20065,7,26958.48786757269,edge_2,4,1.0,0.003,1,r0015,r0015,1,1,0,0,0.012960261908827306,0.012960261908827306,0.0,-0.22291534000183844,-0.23583672112493925,-0.22291534000183844,0.0,0.0,,r0015,0
20065,7,26958.48786757269,cloud_0,4,1.0,0.003,1,r0015,r0015,1,1,0,0,0.011455172627559277,0.011455172627559277,0.0,-0.005867327744241001,-0.0172881348539176,-0.005867327744241001,0.0,0.0,,r0015,0
20065,7,26958.48786757269,edge_2,8,1.0,0.003,1,r0015,r0015,1,1,0,0,0.022840326310078107,0.022840326310078107,0.0,-0.22649323394060197,-0.24926503927174984,-0.22649323394060197,0.0,0.0,,r0015,0
20065,7,26958.48786757269,cloud_0,8,1.0,0.003,1,r0015,r0015,1,1,0,0,0.018822190020922062,0.018822190020922062,0.0,-0.005889428796421091,-0.024655152247280387,-0.005889428796421091,0.0,0.0,,r0015,0
20065,8,30140.20397491467,edge_2,1,1.0,0.003,2,r0000|r0002,r0000|r0002,1,1,0,0,0.02952495145650469,0.02952495145650469,0.0,4.0593563379784285,4.029919961376293,4.059356337978428,8.881784197001252e-16,2.1879784521268234e-16,,r0000|r0002,0
20065,8,30140.20397491467,cloud_0,1,1.0,0.003,2,r0000|r0002,r0000|r0002,1,1,0,0,0.02435002329012219,0.02435002329012219,0.0,4.553827581536551,4.5295506083163,4.553827581536551,0.0,0.0,,r0000|r0002,1
20065,8,30140.20397491467,edge_2,2,1.0,0.003,2,r0000|r0002,r0000|r0002,1,1,0,0,0.05379904070273662,0.05379904070273662,0.0,4.001161948508127,3.947524304927499,4.001161948508127,0.0,0.0,,r0000|r0002,0
20065,8,30140.20397491467,cloud_0,2,1.0,0.003,2,r0000|r0002,r0000|r0002,1,1,0,0,0.04193077417337939,0.04193077417337939,0.0,4.476318586177237,4.434513604326378,4.476318586177237,0.0,0.0,,r0000|r0002,0
20065,8,30140.20397491467,edge_2,4,1.0,0.003,2,r0000|r0002,r0000|r0002,1,1,0,0,0.10234721919520048,0.10234721919520048,0.0,3.9630002265789352,3.86096004904132,3.963000226578935,4.440892098500626e-16,1.120588403885667e-16,,r0000|r0002,0
20065,8,30140.20397491467,cloud_0,4,1.0,0.003,2,r0000|r0002,r0000|r0002,1,1,0,0,0.07709227593989382,0.07709227593989382,0.0,4.424640486162057,4.3477794870499835,4.424640486162057,0.0,0.0,,r0000|r0002,0
20065,8,30140.20397491467,edge_2,8,1.0,0.003,2,r0000|r0002,r0000|r0002,1,1,0,0,0.19944357618012815,0.19944357618012815,0.0,3.935027134579091,3.7361818891275025,3.9350271345790904,4.440892098500626e-16,1.1285543775483127e-16,,r0000|r0002,0
20065,8,30140.20397491467,cloud_0,8,1.0,0.003,2,r0000|r0002,r0000|r0002,1,1,0,0,0.14741527947292266,0.14741527947292266,0.0,4.394116895135594,4.2471438615010895,4.394116895135594,0.0,0.0,,r0000|r0002,0
20066,0,0.0,cloud_0,1,1.0,0.003,1,r0016,r0016,1,1,0,0,0.003872714269425146,0.003872714269425146,0.0,-0.130394707463035,-0.1342558035896519,-0.13039470746303503,2.7755575615628914e-17,2.1285814551558552e-16,,r0016,1
20066,0,0.0,cloud_0,2,1.0,0.003,1,r0016,r0016,1,1,0,0,0.0064453936416422,0.0064453936416422,0.0,-0.13040242550115166,-0.13682848296186895,-0.13040242550115166,0.0,0.0,,r0016,0
20066,0,0.0,cloud_0,4,1.0,0.003,1,r0016,r0016,1,1,0,0,0.011590752386076306,0.011590752386076306,0.0,-0.13041786157738497,-0.14197384170630306,-0.130417861577385,2.7755575615628914e-17,2.1282035512566513e-16,,r0016,0
20066,0,0.0,cloud_0,8,1.0,0.003,1,r0016,r0016,1,1,0,0,0.02188146987494452,0.02188146987494452,0.0,-0.13044873372985155,-0.15226455919517123,-0.13044873372985155,0.0,0.0,,r0016,0
20066,1,3415.9620271593344,cloud_0,1,1.0,0.003,2,r0001|r0005,r0001|r0005,1,1,0,0,0.015367408710439272,0.015367408710439272,0.0,5.628820804259766,5.613499497775458,5.6288208042597665,-8.881784197001252e-16,-1.5779120540273223e-16,,r0001|r0005,1
20066,1,3415.9620271593344,cloud_0,2,1.0,0.003,2,r0001|r0005,r0001|r0005,1,1,0,0,0.029496341409107892,0.029496341409107892,0.0,5.582452125180599,5.553044272795718,5.582452125180599,0.0,0.0,,r0001|r0005,0
20066,1,3415.9620271593344,cloud_0,4,1.0,0.003,2,r0001|r0005,r0001|r0005,1,1,0,0,0.057754206806445135,0.057754206806445135,0.0,5.530595696858348,5.473014752672322,5.530595696858348,0.0,0.0,,r0001|r0005,0
20066,1,3415.9620271593344,cloud_0,8,1.0,0.003,2,r0001|r0005,r0001|r0005,1,1,0,0,0.1142699376011196,0.1142699376011196,0.0,5.449319394650827,5.3353922668625104,5.449319394650827,0.0,0.0,,r0001|r0005,0
20066,2,7927.841017375222,cloud_0,1,1.0,0.003,4,r0006|r0011|r0020|r0022,r0006|r0011|r0020|r0022,1,1,0,0,0.023568690612990745,0.023568690612990745,0.0,5.418836812301082,5.395338827759931,5.418836812301082,0.0,0.0,,r0006|r0011|r0020|r0022,1
20066,2,7927.841017375222,cloud_0,2,1.0,0.003,4,r0006|r0011|r0020|r0022,r0006|r0011|r0020|r0022,1,1,0,0,0.04572156226722711,0.04572156226722711,0.0,5.381676547902823,5.336092150322398,5.381676547902823,0.0,0.0,,r0006|r0011|r0020|r0022,0
20066,2,7927.841017375222,cloud_0,4,1.0,0.003,4,r0006|r0011|r0020|r0022,r0006|r0011|r0020|r0022,1,1,0,0,0.0900273055756998,0.0900273055756998,0.0,5.361465650614891,5.271708426955918,5.361465650614891,0.0,0.0,,r0006|r0011|r0020|r0022,0
20066,2,7927.841017375222,cloud_0,8,1.0,0.003,4,r0006|r0011|r0020|r0022,r0006|r0011|r0020|r0022,1,1,0,0,0.17863879219264522,0.17863879219264522,0.0,5.350740677950248,5.172637802134181,5.350740677950249,-8.881784197001252e-16,-1.6599167725698245e-16,,r0006|r0011|r0020|r0022,0
20066,3,20882.931870801105,cloud_0,1,1.0,0.003,3,r0000|r0002|r0012,r0000|r0002|r0012,1,1,0,0,0.023621511098871197,0.023621511098871197,0.0,5.429537875835931,5.405987229270356,5.429537875835931,0.0,0.0,,r0000|r0002|r0012,1
20066,3,20882.931870801105,cloud_0,2,1.0,0.003,3,r0000|r0002|r0012,r0000|r0002|r0012,1,1,0,0,0.04562826467224834,0.04562826467224834,0.0,5.388678322605102,5.34318694272687,5.388678322605101,8.881784197001252e-16,1.6482305428666678e-16,,r0000|r0002|r0012,0
20066,3,20882.931870801105,cloud_0,4,1.0,0.003,3,r0000|r0002|r0012,r0000|r0002|r0012,1,1,0,0,0.08964177181900261,0.08964177181900261,0.0,5.357729232029993,5.268356385526448,5.357729232029993,0.0,0.0,,r0000|r0002|r0012,0
20066,3,20882.931870801105,cloud_0,8,1.0,0.003,3,r0000|r0002|r0012,r0000|r0002|r0012,1,1,0,0,0.17766878611251116,0.17766878611251116,0.0,5.323695001865539,5.146559222111365,5.323695001865539,0.0,0.0,,r0000|r0002|r0012,0
20066,4,32923.684783177065,cloud_0,1,1.0,0.003,2,r0015|r0018,r0015|r0018,1,1,0,0,0.11053097865091659,0.11053097865091659,0.0,6.471377357633672,6.361177971918709,6.471377357633672,0.0,0.0,,r0015|r0018,1
20066,4,32923.684783177065,cloud_0,2,1.0,0.003,2,r0015|r0018,r0015|r0018,1,1,0,0,0.21495438873399755,0.21495438873399755,0.0,6.413935164260435,6.199625638692639,6.413935164260435,0.0,0.0,,r0015|r0018,0
20066,4,32923.684783177065,cloud_0,4,1.0,0.003,2,r0015|r0018,r0015|r0018,1,1,0,0,0.42380120890015954,0.42380120890015954,0.0,6.328061925000012,5.905532119726552,6.328061925000012,0.0,0.0,,r0015|r0018,0
20066,4,32923.684783177065,cloud_0,8,1.0,0.003,2,r0015|r0018,r0015|r0018,1,1,0,0,0.8414948492324835,0.8414948492324835,0.0,6.171770612265094,5.332800247580308,6.171770612265094,0.0,0.0,,r0015|r0018,0
20067,0,0.0,edge_3,1,1.0,0.003,1,r0002,r0002,1,1,0,0,0.0018014891261853509,0.0018014891261853509,0.0,-0.48584907270659405,-0.4876451573654008,-0.485849072706594,-5.551115123125783e-17,-1.1425595797067869e-16,,r0002,0
20067,0,0.0,cloud_0,1,1.0,0.003,1,r0002,r0002,1,1,0,0,0.00574542437787375,0.00574542437787375,0.0,-0.06600983140680053,-0.07173801951154066,-0.06600983140680053,0.0,0.0,,r0002,1
20067,0,0.0,edge_3,2,1.0,0.003,1,r0002,r0002,1,1,0,0,0.002348602621884663,0.002348602621884663,0.0,-0.48756294891208324,-0.4899045057261023,-0.4875629489120833,5.551115123125783e-17,1.1385432661592077e-16,,r0002,0
20067,0,0.0,cloud_0,2,1.0,0.003,1,r0002,r0002,1,1,0,0,0.006070358984595053,0.006070358984595053,0.0,-0.06601080621062069,-0.07206295411826197,-0.0660108062106207,1.3877787807814457e-17,2.1023509035073127e-16,,r0002,0
20067,0,0.0,edge_3,4,1.0,0.003,1,r0002,r0002,1,1,0,0,0.0034428296132832876,0.0034428296132832876,0.0,-0.4909907013230617,-0.49442320244750515,-0.4909907013230617,0.0,0.0,,r0002,0
20067,0,0.0,cloud_0,4,1.0,0.003,1,r0002,r0002,1,1,0,0,0.006720228198037657,0.006720228198037657,0.0,-0.066012755818261,-0.07271282333170456,-0.06601275581826102,1.3877787807814457e-17,2.102288813092615e-16,,r0002,0
20067,0,0.0,edge_3,8,1.0,0.003,1,r0002,r0002,1,1,0,0,0.005631283596080535,0.005631283596080535,0.0,-0.49784620614501846,-0.5034605958903108,-0.4978462061450185,5.551115123125783e-17,1.115026097338339e-16,,r0002,0
20067,0,0.0,cloud_0,8,1.0,0.003,1,r0002,r0002,1,1,0,0,0.008019966624922863,0.008019966624922863,0.0,-0.06601665503354166,-0.07401256175858976,-0.06601665503354168,1.3877787807814457e-17,2.1021646432651645e-16,,r0002,0
20067,1,5075.367012607157,edge_3,1,1.0,0.003,3,r0017|r0021|r0023,r0017|r0021|r0023,1,1,0,0,0.015331846123338192,0.015331846123338192,0.0,5.1324484081213555,5.117162557536388,5.132448408121356,-8.881784197001252e-16,-1.730516020959337e-16,,r0017|r0021|r0023,0
20067,1,5075.367012607157,cloud_0,1,1.0,0.003,3,r0017|r0021|r0023,r0017|r0021|r0023,1,1,0,0,0.013002855765721253,0.013002855765721253,0.0,6.01163169602484,5.998667848826416,6.01163169602484,0.0,0.0,,r0017|r0021|r0023,1
20067,1,5075.367012607157,edge_3,2,1.0,0.003,3,r0017|r0021|r0023,r0017|r0021|r0023,1,1,0,0,0.02926811663987207,0.02926811663987207,0.0,5.075399212203254,5.046218899913302,5.075399212203254,0.0,0.0,,r0017|r0021|r0023,0
20067,1,5075.367012607157,cloud_0,2,1.0,0.003,3,r0017|r0021|r0023,r0017|r0021|r0023,1,1,0,0,0.020524971561682027,0.020524971561682027,0.0,5.884505748405835,5.864042351758838,5.884505748405835,0.0,0.0,,r0017|r0021|r0023,0
20067,1,5075.367012607157,edge_3,4,1.0,0.003,3,r0017|r0021|r0023,r0017|r0021|r0023,1,1,0,0,0.05714065767293982,0.05714065767293982,0.0,5.026180317912198,4.969211082212277,5.026180317912198,0.0,0.0,,r0017|r0021|r0023,0
20067,1,5075.367012607157,cloud_0,4,1.0,0.003,3,r0017|r0021|r0023,r0017|r0021|r0023,1,1,0,0,0.035569203153603575,0.035569203153603575,0.0,5.773737463424691,5.738274967880548,5.77373746342469,8.881784197001252e-16,1.5383075959489546e-16,,r0017|r0021|r0023,0
20067,1,5075.367012607157,edge_3,8,1.0,0.003,3,r0017|r0021|r0023,r0017|r0021|r0023,1,1,0,0,0.11288573973907534,0.11288573973907534,0.0,4.96448375762657,4.851936675106712,4.96448375762657,0.0,0.0,,r0017|r0021|r0023,0
20067,1,5075.367012607157,cloud_0,8,1.0,0.003,3,r0017|r0021|r0023,r0017|r0021|r0023,1,1,0,0,0.06565766633744667,0.06565766633744667,0.0,5.68580411153839,5.620343418199956,5.68580411153839,0.0,0.0,,r0017|r0021|r0023,0
20067,2,16095.987887637819,edge_3,1,1.0,0.003,4,r0003|r0007|r0012|r0014,r0003|r0007|r0012|r0014,1,1,0,0,0.03556200104206193,0.03556200104206193,0.0,4.901121530352704,4.865666215313768,4.901121530352704,0.0,0.0,,r0003|r0007|r0012|r0014,0
20067,2,16095.987887637819,cloud_0,1,1.0,0.003,4,r0003|r0007|r0012|r0014,r0003|r0007|r0012|r0014,1,1,0,0,0.025577878583990146,0.025577878583990146,0.0,5.866594856706495,5.841093711758257,5.866594856706495,0.0,0.0,,r0003|r0007|r0012|r0014,1
20067,2,16095.987887637819,edge_3,2,1.0,0.003,4,r0003|r0007|r0012|r0014,r0003|r0007|r0012|r0014,1,1,0,0,0.06943893101172785,0.06943893101172785,0.0,4.865976652522345,4.796746038303653,4.865976652522346,-8.881784197001252e-16,-1.8252829454899372e-16,,r0003|r0007|r0012|r0014,0
20067,2,16095.987887637819,cloud_0,2,1.0,0.003,4,r0003|r0007|r0012|r0014,r0003|r0007|r0012|r0014,1,1,0,0,0.04435869749236899,0.04435869749236899,0.0,5.7525170254555,5.7082914040556085,5.7525170254555,0.0,0.0,,r0003|r0007|r0012|r0014,0
20067,2,16095.987887637819,edge_3,4,1.0,0.003,4,r0003|r0007|r0012|r0014,r0003|r0007|r0012|r0014,1,1,0,0,0.13719279095105968,0.13719279095105968,0.0,4.839556087954359,4.702774875376153,4.839556087954359,0.0,0.0,,r0003|r0007|r0012|r0014,0
20067,2,16095.987887637819,cloud_0,4,1.0,0.003,4,r0003|r0007|r0012|r0014,r0003|r0007|r0012|r0014,1,1,0,0,0.08192033530912668,0.08192033530912668,0.0,5.671773361706741,5.590098787403542,5.671773361706741,0.0,0.0,,r0003|r0007|r0012|r0014,0
20067,2,16095.987887637819,edge_3,8,1.0,0.003,4,r0003|r0007|r0012|r0014,r0003|r0007|r0012|r0014,1,1,0,0,0.27270051082972335,0.27270051082972335,0.0,4.810321802645142,4.538439393347908,4.810321802645142,0.0,0.0,,r0003|r0007|r0012|r0014,0
20067,2,16095.987887637819,cloud_0,8,1.0,0.003,4,r0003|r0007|r0012|r0014,r0003|r0007|r0012|r0014,1,1,0,0,0.15704361094264208,0.15704361094264208,0.0,5.622261437364984,5.46568895725517,5.622261437364984,0.0,0.0,,r0003|r0007|r0012|r0014,0
20067,3,27532.97797535277,edge_3,1,1.0,0.003,2,r0011|r0013,r0011|r0013,1,1,0,0,0.16555619139170907,0.16555619139170907,0.0,4.814265483469523,4.649205960651988,4.814265483469522,8.881784197001252e-16,1.8448887431526456e-16,,r0011|r0013,0
20067,3,27532.97797535277,cloud_0,1,1.0,0.003,2,r0011|r0013,r0011|r0013,1,1,0,0,0.11400955611996874,0.11400955611996874,0.0,5.55906130065615,5.4453937732045405,5.55906130065615,0.0,0.0,,r0011|r0013,1
20067,3,27532.97797535277,edge_3,2,1.0,0.003,2,r0011|r0013,r0011|r0013,1,1,0,0,0.3205393578359937,0.3205393578359937,0.0,4.78083033639517,4.461252596632685,4.78083033639517,0.0,0.0,,r0011|r0013,0
20067,3,27532.97797535277,cloud_0,2,1.0,0.003,2,r0011|r0013,r0011|r0013,1,1,0,0,0.19020021637006257,0.19020021637006257,0.0,5.468879846042759,5.279250230321806,5.468879846042759,0.0,0.0,,r0011|r0013,0
20067,3,27532.97797535277,edge_3,4,1.0,0.003,2,r0011|r0013,r0011|r0013,1,1,0,0,0.6305056907245632,0.6305056907245632,0.0,4.747104110557911,4.1184899369055215,4.747104110557911,0.0,0.0,,r0011|r0013,0
20067,3,27532.97797535277,cloud_0,4,1.0,0.003,2,r0011|r0013,r0011|r0013,1,1,0,0,0.3425815368702503,0.3425815368702503,0.0,5.399889707430233,5.058335915170594,5.399889707430233,0.0,0.0,,r0011|r0013,0
20067,3,27532.97797535277,edge_3,8,1.0,0.003,2,r0011|r0013,r0011|r0013,1,1,0,0,1.2504383565017019,1.2504383565017019,0.0,4.697487110710114,3.450800069277917,4.697487110710114,0.0,0.0,,r0011|r0013,0
20067,3,27532.97797535277,cloud_0,8,1.0,0.003,2,r0011|r0013,r0011|r0013,1,1,0,0,0.6473441778706255,0.6473441778706255,0.0,5.346509130335307,4.701106984998294,5.346509130335307,0.0,0.0,,r0011|r0013,0
20067,4,38276.915812020685,edge_3,1,1.0,0.003,2,r0000|r0015,r0000|r0015,1,1,0,0,0.024898585807709525,0.024898585807709525,0.0,4.380757801483995,4.355933911433708,4.380757801483995,0.0,0.0,,r0000|r0015,0
20067,4,38276.915812020685,cloud_0,1,1.0,0.003,2,r0000|r0015,r0000|r0015,1,1,0,0,0.017922241027754512,0.017922241027754512,0.0,5.124646383370441,5.10677790906577,5.124646383370441,0.0,0.0,,r0000|r0015,1
20067,4,38276.915812020685,edge_3,2,1.0,0.003,2,r0000|r0015,r0000|r0015,1,1,0,0,0.04820705670224351,0.04820705670224351,0.0,4.354659040135604,4.306596604603468,4.354659040135604,0.0,0.0,,r0000|r0015,0
20067,4,38276.915812020685,cloud_0,2,1.0,0.003,2,r0000|r0015,r0000|r0015,1,1,0,0,0.029899371923949345,0.029899371923949345,0.0,5.038464892430472,5.008655218622294,5.038464892430471,8.881784197001252e-16,1.7627956900810768e-16,,r0000|r0015,0
20067,4,38276.915812020685,edge_3,4,1.0,0.003,2,r0000|r0015,r0000|r0015,1,1,0,0,0.09482399849131151,0.09482399849131151,0.0,4.335605585750267,4.24106605925443,4.335605585750267,0.0,0.0,,r0000|r0015,0
20067,4,38276.915812020685,cloud_0,4,1.0,0.003,2,r0000|r0015,r0000|r0015,1,1,0,0,0.053853633716339014,0.053853633716339014,0.0,4.9774746811647885,4.923782608349598,4.9774746811647885,0.0,0.0,,r0000|r0015,0
20067,4,38276.915812020685,edge_3,8,1.0,0.003,2,r0000|r0015,r0000|r0015,1,1,0,0,0.1880578820694475,0.1880578820694475,0.0,4.315334128806315,4.127840420383076,4.315334128806315,0.0,0.0,,r0000|r0015,0
20067,4,38276.915812020685,cloud_0,8,1.0,0.003,2,r0000|r0015,r0000|r0015,1,1,0,0,0.10176215730111834,0.10176215730111834,0.0,4.940093958763546,4.83863708793433,4.940093958763545,8.881784197001252e-16,1.7978978276810488e-16,,r0000|r0015,0
20068,0,0.0,edge_2,1,1.0,0.003,1,r0003,r0003,1,1,0,0,0.0008156258160850256,0.0008156258160850256,0.0,-0.06591255020107155,-0.06672572913970833,-0.06591255020107155,0.0,0.0,,r0003,0
20068,0,0.0,edge_5,1,1.0,0.003,1,r0003,r0003,1,1,0,0,0.0038722744109548892,0.0038722744109548892,0.0,-0.06781123487053467,-0.0716718924582567,-0.06781123487053467,0.0,0.0,,r0003,0
20068,0,0.0,cloud_0,1,1.0,0.003,1,r0003,r0003,1,1,0,0,0.0012950629360300205,0.0012950629360300205,0.0,-0.03572837575423563,-0.03701955350145757,-0.03572837575423564,6.938893903907228e-18,1.9421240841278978e-16,,r0003,1
20068,0,0.0,edge_2,2,1.0,0.003,1,r0003,r0003,1,1,0,0,0.0012945366926870826,0.0012945366926870826,0.0,-0.06608756749374038,-0.0673782205763494,-0.06608756749374038,0.0,0.0,,r0003,0
20068,0,0.0,edge_5,2,1.0,0.003,1,r0003,r0003,1,1,0,0,0.0043906505119553595,0.0043906505119553595,0.0,-0.06793648541387245,-0.07231396397429193,-0.06793648541387244,-1.3877787807814457e-17,-2.0427591629549692e-16,,r0003,0
20068,0,0.0,cloud_0,2,1.0,0.003,1,r0003,r0003,1,1,0,0,0.0015769733817896816,0.0015769733817896816,0.0,-0.035729221485572914,-0.03730146394721723,-0.035729221485572914,0.0,0.0,,r0003,0
20068,0,0.0,edge_2,4,1.0,0.003,1,r0003,r0003,1,1,0,0,0.002252358445891197,0.002252358445891197,0.0,-0.06643760207907803,-0.06868320344963155,-0.06643760207907803,0.0,0.0,,r0003,0
20068,0,0.0,edge_5,4,1.0,0.003,1,r0003,r0003,1,1,0,0,0.0054274027139563,0.0054274027139563,0.0,-0.06818698650054801,-0.07359810700636243,-0.068186986500548,-1.3877787807814457e-17,-2.0352546020937473e-16,,r0003,0
20068,0,0.0,cloud_0,4,1.0,0.003,1,r0003,r0003,1,1,0,0,0.0021407942733090036,0.0021407942733090036,0.0,-0.03573091294824747,-0.03786528483873655,-0.03573091294824748,6.938893903907228e-18,1.9419861770555645e-16,,r0003,0
20068,0,0.0,edge_2,8,1.0,0.003,1,r0003,r0003,1,1,0,0,0.004168001952299425,0.004168001952299425,0.0,-0.06713767124975334,-0.07129316919619588,-0.06713767124975335,1.3877787807814457e-17,2.0670642203523615e-16,,r0003,0
20068,0,0.0,edge_5,8,1.0,0.003,1,r0003,r0003,1,1,0,0,0.007500907117958179,0.007500907117958179,0.0,-0.06868798867389912,-0.07616639307050344,-0.06868798867389914,1.3877787807814457e-17,2.0204096925446735e-16,,r0003,0
20068,0,0.0,cloud_0,8,1.0,0.003,1,r0003,r0003,1,1,0,0,0.0032684360563476475,0.0032684360563476475,0.0,-0.03573429587359659,-0.03899292662177519,-0.03573429587359658,-6.938893903907228e-18,-1.9418023314219684e-16,,r0003,0
20068,1,538.7514563520526,edge_2,1,1.0,0.003,2,r0005|r0022,r0005|r0022,1,1,0,0,0.029402581065402635,0.029402581065402635,0.0,4.053549231947812,4.024234858625606,4.053549231947812,0.0,0.0,,r0005|r0022,0
20068,1,538.7514563520526,edge_5,1,1.0,0.003,2,r0005|r0022,r0005|r0022,1,1,0,0,0.03168951967661464,0.03168951967661464,0.0,4.133819051197406,4.102224600079822,4.133819051197407,-8.881784197001252e-16,-2.148566274188645e-16,,r0005|r0022,0
20068,1,538.7514563520526,cloud_0,1,1.0,0.003,2,r0005|r0022,r0005|r0022,1,1,0,0,0.02043145004794321,0.02043145004794321,0.0,4.441402948509163,4.4210327928113635,4.441402948509163,0.0,0.0,,r0005|r0022,1
20068,1,538.7514563520526,edge_2,2,1.0,0.003,2,r0005|r0022,r0005|r0022,1,1,0,0,0.05820265004880118,0.05820265004880118,0.0,4.042860794423282,3.9848327523246265,4.042860794423281,8.881784197001252e-16,2.196905767631865e-16,,r0005|r0022,0
20068,1,538.7514563520526,edge_5,2,1.0,0.003,2,r0005|r0022,r0005|r0022,1,1,0,0,0.05826315777566598,0.05826315777566598,0.0,4.079997992780343,4.0219096244780035,4.079997992780342,8.881784197001252e-16,2.1769089623862041e-16,,r0005|r0022,0
20068,1,538.7514563520526,cloud_0,2,1.0,0.003,2,r0005|r0022,r0005|r0022,1,1,0,0,0.03888909411055623,0.03888909411055623,0.0,4.408295072325737,4.369522645497512,4.408295072325736,8.881784197001252e-16,2.0147889493058327e-16,,r0005|r0022,0
20068,1,538.7514563520526,edge_2,4,1.0,0.003,2,r0005|r0022,r0005|r0022,1,1,0,0,0.11580278801559832,0.11580278801559832,0.0,4.032745024701073,3.9172896450495216,4.032745024701073,0.0,0.0,,r0005|r0022,0
20068,1,538.7514563520526,edge_5,4,1.0,0.003,2,r0005|r0022,r0005|r0022,1,1,0,0,0.11141043397376865,0.11141043397376865,0.0,4.045187943621868,3.93411174095002,4.045187943621867,8.881784197001252e-16,2.1956419135000503e-16,,r0005|r0022,0
20068,1,538.7514563520526,cloud_0,4,1.0,0.003,2,r0005|r0022,r0005|r0022,1,1,0,0,0.07580438223578229,0.07580438223578229,0.0,4.390003718251112,4.3144267491620365,4.390003718251111,8.881784197001252e-16,2.0231837526870192e-16,,r0005|r0022,0
20068,1,538.7514563520526,edge_2,8,1.0,0.003,2,r0005|r0022,r0005|r0022,1,1,0,0,0.2310030639491925,0.2310030639491925,0.0,4.018276677021285,3.78796662226394,4.0182766770212845,8.881784197001252e-16,2.2103466015150664e-16,,r0005|r0022,0
20068,1,538.7514563520526,edge_5,8,1.0,0.003,2,r0005|r0022,r0005|r0022,1,1,0,0,0.21770498636997399,0.21770498636997399,0.0,4.019666068092524,3.8026141966816596,4.019666068092524,0.0,0.0,,r0005|r0022,0
20068,1,538.7514563520526,cloud_0,8,1.0,0.003,2,r0005|r0022,r0005|r0022,1,1,0,0,0.14963495848623437,0.14963495848623437,0.0,4.380229211090561,4.231043157479785,4.380229211090561,0.0,0.0,,r0005|r0022,0
20068,2,10042.205969801049,edge_2,1,1.0,0.003,3,r0007|r0008|r0011,r0007|r0008|r0011,1,1,0,0,0.14319203649503312,0.14319203649503312,0.0,5.336922371652488,5.19415991126694,5.336922371652488,0.0,0.0,,r0007|r0008|r0011,0
20068,2,10042.205969801049,edge_5,1,1.0,0.003,3,r0007|r0008|r0011,r0007|r0008|r0011,1,1,0,0,0.15803564204217685,0.15803564204217685,0.0,5.406026912691301,5.248465377575251,5.406026912691301,0.0,0.0,,r0007|r0008|r0011,0
20068,2,10042.205969801049,cloud_0,1,1.0,0.003,3,r0007|r0008|r0011,r0007|r0008|r0011,1,1,0,0,0.09193577120674921,0.09193577120674921,0.0,5.735112058052771,5.643452094159642,5.735112058052771,0.0,0.0,,r0007|r0008|r0011,1
20068,2,10042.205969801049,edge_2,2,1.0,0.003,3,r0007|r0008|r0011,r0007|r0008|r0011,1,1,0,0,0.28473016625344144,0.28473016625344144,0.0,5.298194629537111,5.01431865378243,5.298194629537111,0.0,0.0,,r0007|r0008|r0011,0
20068,2,10042.205969801049,edge_5,2,1.0,0.003,3,r0007|r0008|r0011,r0007|r0008|r0011,1,1,0,0,0.30072745175403115,0.30072745175403115,0.0,5.32932936171283,5.0295040923140615,5.329329361712831,-8.881784197001252e-16,-1.6665857172968333e-16,,r0007|r0008|r0011,0
20068,2,10042.205969801049,cloud_0,2,1.0,0.003,3,r0007|r0008|r0011,r0007|r0008|r0011,1,1,0,0,0.17868971715430607,0.17868971715430607,0.0,5.6875413838287034,5.509387735825861,5.687541383828704,-8.881784197001252e-16,-1.5616210234979016e-16,,r0007|r0008|r0011,0
20068,2,10042.205969801049,edge_2,4,1.0,0.003,3,r0007|r0008|r0011,r0007|r0008|r0011,1,1,0,0,0.5678064257702581,0.5678064257702581,0.0,5.230216301800024,4.664113295307077,5.2302163018000245,-8.881784197001252e-16,-1.6981676635332479e-16,,r0007|r0008|r0011,0
20068,2,10042.205969801049,edge_5,4,1.0,0.003,3,r0007|r0008|r0011,r0007|r0008|r0011,1,1,0,0,0.5861110711777396,0.5861110711777396,0.0,5.244370314492626,4.6600175765284195,5.244370314492626,0.0,0.0,,r0007|r0008|r0011,0
20068,2,10042.205969801049,cloud_0,4,1.0,0.003,3,r0007|r0008|r0011,r0007|r0008|r0011,1,1,0,0,0.3521976090494198,0.3521976090494198,0.0,5.635167690690793,5.284026674468521,5.635167690690793,0.0,0.0,,r0007|r0008|r0011,0
20068,2,10042.205969801049,edge_2,8,1.0,0.003,3,r0007|r0008|r0011,r0007|r0008|r0011,1,1,0,0,1.1339589448038916,1.1339589448038916,0.0,5.099072791702421,3.9685157237329407,5.099072791702421,0.0,0.0,,r0007|r0008|r0011,0
20068,2,10042.205969801049,edge_5,8,1.0,0.003,3,r0007|r0008|r0011,r0007|r0008|r0011,1,1,0,0,1.1568783100251565,1.1568783100251565,0.0,5.113535624914908,3.9601279498198267,5.113535624914908,0.0,0.0,,r0007|r0008|r0011,0
20068,2,10042.205969801049,cloud_0,8,1.0,0.003,3,r0007|r0008|r0011,r0007|r0008|r0011,1,1,0,0,0.6992133928396472,0.6992133928396472,0.0,5.5535084281676514,4.856392675506523,5.5535084281676514,0.0,0.0,,r0007|r0008|r0011,0
20068,3,21128.209090534132,edge_2,1,1.0,0.003,1,r0015,r0015,1,1,0,0,0.004992464297730374,0.004992464297730374,0.0,0.7120714388141485,0.7070939519093113,0.7120714388141486,-1.1102230246251565e-16,-1.559145563363799e-16,,r0015,0
20068,3,21128.209090534132,edge_5,1,1.0,0.003,1,r0015,r0015,1,1,0,0,0.009222970459440103,0.009222970459440103,0.0,0.6914628783713752,0.6822675768233133,0.6914628783713751,1.1102230246251565e-16,1.605614790543927e-16,,r0015,0
20068,3,21128.209090534132,cloud_0,1,1.0,0.003,1,r0015,r0015,1,1,0,0,0.004974644247370271,0.004974644247370271,0.0,1.0270595718126676,1.0220998514980393,1.0270595718126674,2.220446049250313e-16,2.1619447500318076e-16,,r0015,1
20068,3,21128.209090534132,edge_2,2,1.0,0.003,1,r0015,r0015,1,1,0,0,0.00944761731272208,0.00944761731272208,0.0,0.7086418922789388,0.6992226178181549,0.7086418922789388,0.0,0.0,,r0015,0
20068,3,21128.209090534132,edge_5,2,1.0,0.003,1,r0015,r0015,1,1,0,0,0.013594376945631084,0.013594376945631084,0.0,0.6887566472006038,0.6752030533858097,0.6887566472006038,0.0,0.0,,r0015,0
20068,3,21128.209090534132,cloud_0,2,1.0,0.003,1,r0015,r0015,1,1,0,0,0.008052098288601586,0.008052098288601586,0.0,1.0262656016693332,1.0182376596755973,1.026265601669333,2.220446049250313e-16,2.1636173380833527e-16,,r0015,0
20068,3,21128.209090534132,edge_2,4,1.0,0.003,1,r0015,r0015,1,1,0,0,0.018357923342705487,0.018357923342705487,0.0,0.7017827992085188,0.6834799496358415,0.7017827992085188,0.0,0.0,,r0015,0
20068,3,21128.209090534132,edge_5,4,1.0,0.003,1,r0015,r0015,1,1,0,0,0.02233718991801305,0.02233718991801305,0.0,0.6833441848590611,0.6610740065108021,0.6833441848590611,0.0,0.0,,r0015,0
20068,3,21128.209090534132,cloud_0,4,1.0,0.003,1,r0015,r0015,1,1,0,0,0.014207006371064217,0.014207006371064217,0.0,1.0246776613826647,1.0105132760307136,1.0246776613826647,0.0,0.0,,r0015,0
20068,3,21128.209090534132,edge_2,8,1.0,0.003,1,r0015,r0015,1,1,0,0,0.0361785354026723,0.0361785354026723,0.0,0.6880646130676796,0.6519946132712154,0.6880646130676797,-1.1102230246251565e-16,-1.6135447217308823e-16,,r0015,0
20068,3,21128.209090534132,edge_5,8,1.0,0.003,1,r0015,r0015,1,1,0,0,0.039822815862776986,0.039822815862776986,0.0,0.672519260175976,0.6328159127607873,0.672519260175976,0.0,0.0,,r0015,0
20068,3,21128.209090534132,cloud_0,8,1.0,0.003,1,r0015,r0015,1,1,0,0,0.026516822535989474,0.026516822535989474,0.0,1.0215017808093272,0.9950645087409455,1.021501780809327,2.220446049250313e-16,2.1737074677354675e-16,,r0015,0
20068,4,23343.2520011746,edge_2,1,1.0,0.003,1,r0019,r0019,1,1,0,0,0.004034568741814427,0.004034568741814427,0.0,0.06256072669255996,0.058538261656970986,0.06256072669255996,0.0,0.0,,r0019,0
20068,4,23343.2520011746,edge_5,1,1.0,0.003,1,r0019,r0019,1,1,0,0,0.007618795044987945,0.007618795044987945,0.0,0.05556966973220387,0.047973731072350895,0.055569669732203876,-6.938893903907228e-18,-1.2486836681496386e-16,,r0019,0
20068,4,23343.2520011746,cloud_0,1,1.0,0.003,1,r0019,r0019,1,1,0,0,0.0037086739849263367,0.0037086739849263367,0.0,0.1748115481808618,0.17111400021789025,0.1748115481808618,0.0,0.0,,r0019,1
20068,4,23343.2520011746,edge_2,2,1.0,0.003,1,r0019,r0019,1,1,0,0,0.0076349191944871265,0.0076349191944871265,0.0,0.06177334428746725,0.05416132985056357,0.06177334428746724,1.3877787807814457e-17,2.246565726348415e-16,,r0019,0
20068,4,23343.2520011746,edge_5,2,1.0,0.003,1,r0019,r0019,1,1,0,0,0.011229871348775853,0.011229871348775853,0.0,0.05500543609464714,0.043809254359917615,0.05500543609464714,0.0,0.0,,r0019,0
20068,4,23343.2520011746,cloud_0,2,1.0,0.003,1,r0019,r0019,1,1,0,0,0.006002963420508461,0.006002963420508461,0.0,0.17480466531255506,0.16881971078230812,0.17480466531255506,0.0,0.0,,r0019,0
20068,4,23343.2520011746,edge_2,4,1.0,0.003,1,r0019,r0019,1,1,0,0,0.014835620099832523,0.014835620099832523,0.0,0.06019857947728177,0.045407466237748745,0.06019857947728177,0.0,0.0,,r0019,0
20068,4,23343.2520011746,edge_5,4,1.0,0.003,1,r0019,r0019,1,1,0,0,0.01845202395635167,0.01845202395635167,0.0,0.05387696881953369,0.03548030093505106,0.053876968819533674,1.3877787807814457e-17,2.575829359350096e-16,,r0019,0
20068,4,23343.2520011746,cloud_0,4,1.0,0.003,1,r0019,r0019,1,1,0,0,0.01059154229167271,0.01059154229167271,0.0,0.17479089957594157,0.16423113191114388,0.17479089957594157,0.0,0.0,,r0019,0
20068,4,23343.2520011746,edge_2,8,1.0,0.003,1,r0019,r0019,1,1,0,0,0.02923702191052331,0.02923702191052331,0.0,0.057049049856910755,0.027899739012119035,0.057049049856910776,-2.0816681711721685e-17,-3.6489094496636926e-16,,r0019,0
20068,4,23343.2520011746,edge_5,8,1.0,0.003,1,r0019,r0019,1,1,0,0,0.0328963291715033,0.0328963291715033,0.0,0.05162003426930675,0.01882239408531794,0.05162003426930673,2.0816681711721685e-17,4.032674911279413e-16,,r0019,0
20068,4,23343.2520011746,cloud_0,8,1.0,0.003,1,r0019,r0019,1,1,0,0,0.019768700034001205,0.019768700034001205,0.0,0.1747633681027146,0.15505397416881536,0.17476336810271456,2.7755575615628914e-17,1.5881804017027175e-16,,r0019,0
20068,5,25131.049238134605,edge_2,1,1.0,0.003,1,r0018,r0018,1,1,0,0,0.004039195455001241,0.004039195455001241,0.0,0.39231446672730474,0.3882873888586685,0.39231446672730474,0.0,0.0,,r0018,0
20068,5,25131.049238134605,edge_5,1,1.0,0.003,1,r0018,r0018,1,1,0,0,0.012573217045955818,0.012573217045955818,0.0,0.39094220672548624,0.3784067093306683,0.39094220672548624,0.0,0.0,,r0018,0
20068,5,25131.049238134605,cloud_0,1,1.0,0.003,1,r0018,r0018,1,1,0,0,0.004613376185491384,0.004613376185491384,0.0,0.41388431909045326,0.40928478303351834,0.41388431909045326,0.0,0.0,,r0018,1
20068,5,25131.049238134605,edge_2,2,1.0,0.003,1,r0018,r0018,1,1,0,0,0.007154652979021741,0.007154652979021741,0.0,0.3921707113052189,0.3850375222851342,0.3921707113052189,0.0,0.0,,r0018,0
20068,5,25131.049238134605,edge_5,2,1.0,0.003,1,r0018,r0018,1,1,0,0,0.01594540757875982,0.01594540757875982,0.0,0.39083630878781606,0.3749387374317925,0.39083630878781606,0.0,0.0,,r0018,0
20068,5,25131.049238134605,cloud_0,2,1.0,0.003,1,r0018,r0018,1,1,0,0,0.006447287383277149,0.006447287383277149,0.0,0.4138788173568599,0.4074508718357326,0.4138788173568599,0.0,0.0,,r0018,0
20068,5,25131.049238134605,edge_2,4,1.0,0.003,1,r0018,r0018,1,1,0,0,0.013385568027062745,0.013385568027062745,0.0,0.3918832004610472,0.37853778913806563,0.3918832004610472,0.0,0.0,,r0018,0
20068,5,25131.049238134605,edge_5,4,1.0,0.003,1,r0018,r0018,1,1,0,0,0.02268978864436783,0.02268978864436783,0.0,0.3906245129124757,0.368002793634041,0.3906245129124757,0.0,0.0,,r0018,0
20068,5,25131.049238134605,cloud_0,4,1.0,0.003,1,r0018,r0018,1,1,0,0,0.010115109778848677,0.010115109778848677,0.0,0.4138678138896732,0.4037830494401611,0.4138678138896732,0.0,0.0,,r0018,0
20068,5,25131.049238134605,edge_2,8,1.0,0.003,1,r0018,r0018,1,1,0,0,0.025847398123144745,0.025847398123144745,0.0,0.3913081787727038,0.3655383228439285,0.3913081787727038,0.0,0.0,,r0018,0
20068,5,25131.049238134605,edge_5,8,1.0,0.003,1,r0018,r0018,1,1,0,0,0.03617855077558385,0.03617855077558385,0.0,0.39020092116179506,0.3541309060385379,0.390200921161795,5.551115123125783e-17,1.422629938083626e-16,,r0018,0
20068,5,25131.049238134605,cloud_0,8,1.0,0.003,1,r0018,r0018,1,1,0,0,0.017450754569991733,0.017450754569991733,0.0,0.41384580695529977,0.396447404649018,0.41384580695529977,0.0,0.0,,r0018,0
20068,6,29768.794189552184,edge_2,1,1.0,0.003,1,r0020,r0020,1,1,0,0,0.00928055026629876,0.00928055026629876,0.0,-0.7947451671495055,-0.8039978757650054,-0.7947451671495055,0.0,0.0,,r0020,0
20068,6,29768.794189552184,edge_5,1,1.0,0.003,1,r0020,r0020,1,1,0,0,0.011739711082571942,0.011739711082571942,0.0,-0.8308515222778404,-0.8425560142271646,-0.8308515222778404,0.0,0.0,,r0020,0
20068,6,29768.794189552184,cloud_0,1,1.0,0.003,1,r0020,r0020,1,1,0,0,0.007521188860161273,0.007521188860161273,0.0,-0.2113999322835237,-0.21889855757710447,-0.2113999322835237,0.0,0.0,,r0020,1
20068,6,29768.794189552184,edge_2,2,1.0,0.003,1,r0020,r0020,1,1,0,0,0.018141371104040592,0.018141371104040592,0.0,-0.7993082282864736,-0.8173951752772022,-0.7993082282864737,1.1102230246251565e-16,1.3889798519967821e-16,,r0020,0
20068,6,29768.794189552184,edge_5,2,1.0,0.003,1,r0020,r0020,1,1,0,0,0.019915533381414864,0.019915533381414864,0.0,-0.8341087943119109,-0.8539645810931815,-0.8341087943119109,0.0,0.0,,r0020,0
20068,6,29768.794189552184,cloud_0,2,1.0,0.003,1,r0020,r0020,1,1,0,0,0.013576255014532291,0.013576255014532291,0.0,-0.21141809748198676,-0.22495362373147543,-0.21141809748198673,-2.7755575615628914e-17,-1.312828747690048e-16,,r0020,0
20068,6,29768.794189552184,edge_2,4,1.0,0.003,1,r0020,r0020,1,1,0,0,0.03586301277952426,0.03586301277952426,0.0,-0.8084343505604104,-0.844189774301596,-0.8084343505604104,0.0,0.0,,r0020,0
20068,6,29768.794189552184,edge_5,4,1.0,0.003,1,r0020,r0020,1,1,0,0,0.0362671779791007,0.0362671779791007,0.0,-0.8406233383800515,-0.8767817148252149,-0.8406233383800515,0.0,0.0,,r0020,0
20068,6,29768.794189552184,cloud_0,4,1.0,0.003,1,r0020,r0020,1,1,0,0,0.025686387323274332,0.025686387323274332,0.0,-0.21145442787891303,-0.23706375604021754,-0.21145442787891303,0.0,0.0,,r0020,0
20068,6,29768.794189552184,edge_2,8,1.0,0.003,1,r0020,r0020,1,1,0,0,0.0713062961304916,0.0713062961304916,0.0,-0.8266865951082831,-0.8977789723503833,-0.8266865951082831,0.0,0.0,,r0020,0
20068,6,29768.794189552184,edge_5,8,1.0,0.003,1,r0020,r0020,1,1,0,0,0.06897046717447237,0.06897046717447237,0.0,-0.8536524265163328,-0.9224159822892817,-0.8536524265163328,0.0,0.0,,r0020,0
20068,6,29768.794189552184,cloud_0,8,1.0,0.003,1,r0020,r0020,1,1,0,0,0.0499066519407584,0.0499066519407584,0.0,-0.21152708867276548,-0.2612840206577016,-0.21152708867276548,0.0,0.0,,r0020,0
20068,7,38510.686292793456,edge_2,1,1.0,0.003,2,r0006|r0023,r0006|r0023,1,1,0,0,0.004746515644175355,0.004746515644175355,0.0,6.270257492180812,6.265525216083569,6.270257492180812,0.0,0.0,,r0006|r0023,0
20068,7,38510.686292793456,edge_5,1,1.0,0.003,2,r0006|r0023,r0006|r0023,1,1,0,0,0.01156899045765698,0.01156899045765698,0.0,6.539811534729209,6.528277251242924,6.539811534729209,0.0,0.0,,r0006|r0023,0
20068,7,38510.686292793456,cloud_0,1,1.0,0.003,2,r0006|r0023,r0006|r0023,1,1,0,0,0.006019416352281747,0.006019416352281747,0.0,6.694067190326169,6.688065832222944,6.694067190326169,0.0,0.0,,r0006|r0023,1
20068,7,38510.686292793456,edge_2,2,1.0,0.003,2,r0006|r0023,r0006|r0023,1,1,0,0,0.00860664247724393,0.00860664247724393,0.0,6.207080914523961,6.198500091974149,6.207080914523962,-8.881784197001252e-16,-1.4309116184096693e-16,,r0006|r0023,0
20068,7,38510.686292793456,edge_5,2,1.0,0.003,2,r0006|r0023,r0006|r0023,1,1,0,0,0.015285219525951976,0.015285219525951976,0.0,6.445345938564315,6.43010657469694,6.445345938564314,8.881784197001252e-16,1.3780151262105333e-16,,r0006|r0023,0
20068,7,38510.686292793456,cloud_0,2,1.0,0.003,2,r0006|r0023,r0006|r0023,1,1,0,0,0.008788545065415104,0.008788545065415104,0.0,6.592518647589006,6.583756468158787,6.592518647589006,0.0,0.0,,r0006|r0023,0
20068,7,38510.686292793456,edge_2,4,1.0,0.003,2,r0006|r0023,r0006|r0023,1,1,0,0,0.016326896143381075,0.016326896143381075,0.0,6.161729137794324,6.145451222339372,6.161729137794323,8.881784197001252e-16,1.4414434647123438e-16,,r0006|r0023,0
20068,7,38510.686292793456,edge_5,4,1.0,0.003,2,r0006|r0023,r0006|r0023,1,1,0,0,0.02271767766254198,0.02271767766254198,0.0,6.336798487733013,6.314148963103459,6.336798487733013,0.0,0.0,,r0006|r0023,0
20068,7,38510.686292793456,cloud_0,4,1.0,0.003,2,r0006|r0023,r0006|r0023,1,1,0,0,0.01432680249168182,0.01432680249168182,0.0,6.498006984769979,6.483723162685773,6.4980069847699795,-8.881784197001252e-16,-1.366847437655633e-16,,r0006|r0023,0
20068,7,38510.686292793456,edge_2,8,1.0,0.003,2,r0006|r0023,r0006|r0023,1,1,0,0,0.03176740347565536,0.03176740347565536,0.0,6.121658208735664,6.089986107470437,6.121658208735665,-8.881784197001252e-16,-1.4508788132481588e-16,,r0006|r0023,0
20068,7,38510.686292793456,edge_5,8,1.0,0.003,2,r0006|r0023,r0006|r0023,1,1,0,0,0.03758259393572198,0.03758259393572198,0.0,6.231447390856378,6.193977544702463,6.231447390856378,0.0,0.0,,r0006|r0023,0
20068,7,38510.686292793456,cloud_0,8,1.0,0.003,2,r0006|r0023,r0006|r0023,1,1,0,0,0.025403317344215255,0.025403317344215255,0.0,6.423808585689752,6.39848147829757,6.423808585689753,-8.881784197001252e-16,-1.382635251116776e-16,,r0006|r0023,0
20069,0,0.0,cloud_0,1,1.0,0.003,1,r0002,r0002,1,1,0,0,0.005543451777615651,0.005543451777615651,0.0,-0.1015481109984033,-0.10707493242068611,-0.1015481109984033,0.0,0.0,,r0002,1
20069,0,0.0,cloud_0,2,1.0,0.003,1,r0002,r0002,1,1,0,0,0.0071964379497868386,0.0071964379497868386,0.0,-0.10155306995691982,-0.1087279185928573,-0.10155306995691982,0.0,0.0,,r0002,0
20069,0,0.0,cloud_0,4,1.0,0.003,1,r0002,r0002,1,1,0,0,0.010502410294129214,0.010502410294129214,0.0,-0.10156298787395285,-0.11203389093719968,-0.10156298787395285,0.0,0.0,,r0002,0
20069,0,0.0,cloud_0,8,1.0,0.003,1,r0002,r0002,1,1,0,0,0.01711435498281397,0.01711435498281397,0.0,-0.10158282370801891,-0.11864583562588443,-0.10158282370801891,0.0,0.0,,r0002,0
20069,1,4075.2000182359384,cloud_0,1,1.0,0.003,1,r0023,r0023,1,1,0,0,0.01016034339161525,0.01016034339161525,0.0,-0.09280152971176808,-0.10293139207320849,-0.09280152971176808,0.0,0.0,,r0023,1
20069,1,4075.2000182359384,cloud_0,2,1.0,0.003,1,r0023,r0023,1,1,0,0,0.01165754256132049,0.01165754256132049,0.0,-0.0928060213092772,-0.10442859124291373,-0.0928060213092772,0.0,0.0,,r0023,0
20069,1,4075.2000182359384,cloud_0,4,1.0,0.003,1,r0023,r0023,1,1,0,0,0.01465194090073097,0.01465194090073097,0.0,-0.09281500450429543,-0.10742298958232421,-0.09281500450429543,0.0,0.0,,r0023,0
20069,1,4075.2000182359384,cloud_0,8,1.0,0.003,1,r0023,r0023,1,1,0,0,0.020640737579551934,0.020640737579551934,0.0,-0.0928329708943319,-0.11341178626114518,-0.0928329708943319,0.0,0.0,,r0023,0
20069,2,11582.259417926172,cloud_0,1,1.0,0.003,1,r0019,r0019,1,1,0,0,0.008617998330529224,0.008617998330529224,0.0,-0.008387001998061026,-0.016979146333598663,-0.008387001998061028,1.734723475976807e-18,2.0683475172390014e-16,,r0019,1
20069,2,11582.259417926172,cloud_0,2,1.0,0.003,1,r0019,r0019,1,1,0,0,0.009203431779920284,0.009203431779920284,0.0,-0.0083887582984092,-0.017564579782989722,-0.008388758298409198,-1.734723475976807e-18,-2.0679144806279269e-16,,r0019,0
20069,2,11582.259417926172,cloud_0,4,1.0,0.003,1,r0019,r0019,1,1,0,0,0.010374298678702409,0.010374298678702409,0.0,-0.008392270899105546,-0.018735446681771847,-0.008392270899105546,0.0,0.0,,r0019,0
20069,2,11582.259417926172,cloud_0,8,1.0,0.003,1,r0019,r0019,1,1,0,0,0.01271603247626666,0.01271603247626666,0.0,-0.008399296100498239,-0.0210771804793361,-0.008399296100498239,0.0,0.0,,r0019,0
20069,3,13745.540102756637,cloud_0,1,1.0,0.003,1,r0001,r0001,1,1,0,0,0.013177035863908549,0.013177035863908549,0.0,-0.43125372252107924,-0.4443912272773961,-0.4312537225210793,5.551115123125783e-17,1.2872039899561562e-16,,r0001,1
20069,3,13745.540102756637,cloud_0,2,1.0,0.003,1,r0001,r0001,1,1,0,0,0.021805472848600835,0.021805472848600835,0.0,-0.43127960783203334,-0.4530196642620884,-0.43127960783203334,0.0,0.0,,r0001,0
20069,3,13745.540102756637,cloud_0,4,1.0,0.003,1,r0001,r0001,1,1,0,0,0.0390623468179854,0.0390623468179854,0.0,-0.43133137845394154,-0.470276538231473,-0.43133137845394154,0.0,0.0,,r0001,0
20069,3,13745.540102756637,cloud_0,8,1.0,0.003,1,r0001,r0001,1,1,0,0,0.07357609475675454,0.07357609475675454,0.0,-0.4314349196977578,-0.504790286170242,-0.4314349196977577,-1.1102230246251565e-16,-2.5733267613176153e-16,,r0001,0
20069,4,21657.323712116406,cloud_0,1,1.0,0.003,3,r0006|r0015|r0021,r0006|r0015|r0021,1,1,0,0,0.009883737251407454,0.009883737251407454,0.0,6.662664593582876,6.652810507543222,6.662664593582876,0.0,0.0,,r0006|r0015|r0021,1
20069,4,21657.323712116406,cloud_0,2,1.0,0.003,3,r0006|r0015|r0021,r0006|r0015|r0021,1,1,0,0,0.013796829293176665,0.013796829293176665,0.0,6.544185642187511,6.530430203382214,6.544185642187511,0.0,0.0,,r0006|r0015|r0021,0
20069,4,21657.323712116406,cloud_0,4,1.0,0.003,3,r0006|r0015|r0021,r0006|r0015|r0021,1,1,0,0,0.021623013376715097,0.021623013376715097,0.0,6.417346148472276,6.3957880041356905,6.417346148472276,0.0,0.0,,r0006|r0015|r0021,0
20069,4,21657.323712116406,cloud_0,8,1.0,0.003,3,r0006|r0015|r0021,r0006|r0015|r0021,1,1,0,0,0.03727538154379195,0.03727538154379195,0.0,6.30633945950722,6.26917590410806,6.306339459507221,-8.881784197001252e-16,-1.408389804264561e-16,,r0006|r0015|r0021,0
20069,5,26230.95163511721,cloud_0,1,1.0,0.003,3,r0009|r0013|r0022,r0009|r0013|r0022,1,1,0,0,0.03178923526530586,0.03178923526530586,0.0,6.468286880158877,6.436593012599368,6.468286880158878,-8.881784197001252e-16,-1.3731277479738332e-16,,r0009|r0013|r0022,1
20069,5,26230.95163511721,cloud_0,2,1.0,0.003,3,r0009|r0013|r0022,r0009|r0013|r0022,1,1,0,0,0.05166639122151014,0.05166639122151014,0.0,6.332302990414206,6.28079159836636,6.332302990414205,8.881784197001252e-16,1.4026151639374225e-16,,r0009|r0013|r0022,0
20069,5,26230.95163511721,cloud_0,4,1.0,0.003,3,r0009|r0013|r0022,r0009|r0013|r0022,1,1,0,0,0.09142070313391869,0.09142070313391869,0.0,6.205106122678553,6.113959681654037,6.205106122678553,0.0,0.0,,r0009|r0013|r0022,0
20069,5,26230.95163511721,cloud_0,8,1.0,0.003,3,r0009|r0013|r0022,r0009|r0013|r0022,1,1,0,0,0.17092932695873575,0.17092932695873575,0.0,6.07558273941206,5.9051662004342,6.075582739412059,8.881784197001252e-16,1.4618818602181937e-16,,r0009|r0013|r0022,0
20069,6,35966.927504448424,cloud_0,1,1.0,0.003,2,r0011|r0014,r0011|r0014,1,1,0,0,0.06757284219166794,0.06757284219166794,0.0,5.514953239004531,5.447583115339437,5.51495323900453,8.881784197001252e-16,1.6104912974029943e-16,,r0011|r0014,1
20069,6,35966.927504448424,cloud_0,2,1.0,0.003,2,r0011|r0014,r0011|r0014,1,1,0,0,0.11555591533964654,0.11555591533964654,0.0,5.435249157338634,5.320039909745006,5.4352491573386335,8.881784197001252e-16,1.634108012327113e-16,,r0011|r0014,0
20069,6,35966.927504448424,cloud_0,4,1.0,0.003,2,r0011|r0014,r0011|r0014,1,1,0,0,0.21152206163560364,0.21152206163560364,0.0,5.38128467241767,5.170397176966974,5.381284672417671,-8.881784197001252e-16,-1.6504951396691114e-16,,r0011|r0014,0
20069,6,35966.927504448424,cloud_0,8,1.0,0.003,2,r0011|r0014,r0011|r0014,1,1,0,0,0.40345435422751796,0.40345435422751796,0.0,5.348893015972735,4.946649024807899,5.348893015972734,8.881784197001252e-16,1.6604901557160862e-16,,r0011|r0014,0
20070,0,0.0,edge_2,1,1.0,0.003,1,r0004,r0004,1,1,0,0,0.005329158238390929,0.005329158238390929,0.0,-0.2585185249897434,-0.26383169575341914,-0.25851852498974337,-5.551115123125783e-17,-2.1472794351375863e-16,,r0004,0
20070,0,0.0,edge_5,1,1.0,0.003,1,r0004,r0004,1,1,0,0,0.009226273489655174,0.009226273489655174,0.0,-0.27740506415970795,-0.28660365882889416,-0.27740506415970795,0.0,0.0,,r0004,0
20070,0,0.0,cloud_0,1,1.0,0.003,1,r0004,r0004,1,1,0,0,0.006343798872718093,0.006343798872718093,0.0,-0.089401606725419,-0.09572637420151894,-0.089401606725419,0.0,0.0,,r0004,1
20070,0,0.0,edge_2,2,1.0,0.003,1,r0004,r0004,1,1,0,0,0.008810385721283679,0.008810385721283679,0.0,-0.2602365911013288,-0.26902054566544864,-0.2602365911013288,0.0,0.0,,r0004,0
20070,0,0.0,edge_5,2,1.0,0.003,1,r0004,r0004,1,1,0,0,0.011332219801375224,0.011332219801375224,0.0,-0.27784888463260216,-0.28914710777457325,-0.27784888463260216,0.0,0.0,,r0004,0
20070,0,0.0,cloud_0,2,1.0,0.003,1,r0004,r0004,1,1,0,0,0.00791932249939718,0.00791932249939718,0.0,-0.08940633329629905,-0.09730189782819804,-0.08940633329629905,0.0,0.0,,r0004,0
20070,0,0.0,edge_2,4,1.0,0.003,1,r0004,r0004,1,1,0,0,0.015772840687069172,0.015772840687069172,0.0,-0.26367272332449954,-0.27939824548950754,-0.2636727233244996,5.551115123125783e-17,2.1053050361580544e-16,,r0004,0
20070,0,0.0,edge_5,4,1.0,0.003,1,r0004,r0004,1,1,0,0,0.015544112424815322,0.015544112424815322,0.0,-0.2787365255783905,-0.2942340056659314,-0.2787365255783905,0.0,0.0,,r0004,0
20070,0,0.0,cloud_0,4,1.0,0.003,1,r0004,r0004,1,1,0,0,0.011070369752755351,0.011070369752755351,0.0,-0.08941578643805911,-0.10045294508155621,-0.08941578643805913,1.3877787807814457e-17,1.5520511937148814e-16,,r0004,0
20070,0,0.0,edge_2,8,1.0,0.003,1,r0004,r0004,1,1,0,0,0.029697750618640176,0.029697750618640176,0.0,-0.27054498777084107,-0.3001536451376253,-0.27054498777084107,0.0,0.0,,r0004,0
20070,0,0.0,edge_5,8,1.0,0.003,1,r0004,r0004,1,1,0,0,0.023967897671695524,0.023967897671695524,0.0,-0.2805118074699673,-0.30440780144864776,-0.28051180746996734,5.551115123125783e-17,1.9789238724719657e-16,,r0004,0
20070,0,0.0,cloud_0,8,1.0,0.003,1,r0004,r0004,1,1,0,0,0.017372464259471695,0.017372464259471695,0.0,-0.08943469272157928,-0.10675503958827255,-0.08943469272157928,0.0,0.0,,r0004,0
20070,1,10445.787148185436,edge_2,1,1.0,0.003,1,r0016,r0016,1,1,0,0,0.006951606813706916,0.006951606813706916,0.0,-0.18742495184741642,-0.19435570384068224,-0.18742495184741645,2.7755575615628914e-17,1.4808901025208673e-16,,r0016,0
20070,1,10445.787148185436,edge_5,1,1.0,0.003,1,r0016,r0016,1,1,0,0,0.010781588248878402,0.010781588248878402,0.0,-0.1983775553149461,-0.2091267987990779,-0.19837755531494614,2.7755575615628914e-17,1.3991288264221167e-16,,r0016,0
20070,1,10445.787148185436,cloud_0,1,1.0,0.003,1,r0016,r0016,1,1,0,0,0.009273204732717297,0.009273204732717297,0.0,-0.08944293429006624,-0.09868831940858538,-0.08944293429006624,0.0,0.0,,r0016,1
20070,1,10445.787148185436,edge_2,2,1.0,0.003,1,r0016,r0016,1,1,0,0,0.011492685086782915,0.011492685086782915,0.0,-0.18842227645259868,-0.19988048348412127,-0.1884222764525987,2.7755575615628914e-17,1.4730517080134826e-16,,r0016,0
20070,1,10445.787148185436,edge_5,2,1.0,0.003,1,r0016,r0016,1,1,0,0,0.013242543479900748,0.013242543479900748,0.0,-0.19863696809850606,-0.21183978394796713,-0.1986369680985061,2.7755575615628914e-17,1.3973016141620045e-16,,r0016,0
20070,1,10445.787148185436,cloud_0,2,1.0,0.003,1,r0016,r0016,1,1,0,0,0.011576265319057808,0.011576265319057808,0.0,-0.08944984347182526,-0.1009913799949259,-0.08944984347182526,0.0,0.0,,r0016,0
20070,1,10445.787148185436,edge_2,4,1.0,0.003,1,r0016,r0016,1,1,0,0,0.02057484163293491,0.02057484163293491,0.0,-0.19041692566296325,-0.21093004277099936,-0.19041692566296325,0.0,0.0,,r0016,0
20070,1,10445.787148185436,edge_5,4,1.0,0.003,1,r0016,r0016,1,1,0,0,0.01816445394194544,0.01816445394194544,0.0,-0.19915579366562594,-0.21726575424574554,-0.19915579366562594,0.0,0.0,,r0016,0
20070,1,10445.787148185436,cloud_0,4,1.0,0.003,1,r0016,r0016,1,1,0,0,0.016182386491738837,0.016182386491738837,0.0,-0.08946366183534331,-0.10559750116760692,-0.08946366183534331,0.0,0.0,,r0016,0
20070,1,10445.787148185436,edge_2,8,1.0,0.003,1,r0016,r0016,1,1,0,0,0.0387391547252389,0.0387391547252389,0.0,-0.1944062240836924,-0.23302916134475557,-0.19440622408369237,-2.7755575615628914e-17,-1.4277102364623914e-16,,r0016,0
20070,1,10445.787148185436,edge_5,8,1.0,0.003,1,r0016,r0016,1,1,0,0,0.028008274866034827,0.028008274866034827,0.0,-0.2001934447998657,-0.22811769484130243,-0.2001934447998657,0.0,0.0,,r0016,0
20070,1,10445.787148185436,cloud_0,8,1.0,0.003,1,r0016,r0016,1,1,0,0,0.02539462883710089,0.02539462883710089,0.0,-0.08949129856237939,-0.11480974351296898,-0.08949129856237939,0.0,0.0,,r0016,0
20070,2,12310.049393259127,edge_2,1,1.0,0.003,2,r0002|r0003,r0002|r0003,1,1,0,0,0.02902740541850841,0.02902740541850841,0.0,5.195656737124808,5.166716413922555,5.195656737124808,0.0,0.0,,r0002|r0003,0
20070,2,12310.049393259127,edge_5,1,1.0,0.003,2,r0002|r0003,r0002|r0003,1,1,0,0,0.02451551527394641,0.02451551527394641,0.0,5.3703536705195996,5.345911701791476,5.3703536705196,-8.881784197001252e-16,-1.6538546140373486e-16,,r0002|r0003,0
20070,2,12310.049393259127,cloud_0,1,1.0,0.003,2,r0002|r0003,r0002|r0003,1,1,0,0,0.018344740207076184,0.018344740207076184,0.0,5.580808178025932,5.562518472039477,5.580808178025932,0.0,0.0,,r0002|r0003,1
20070,2,12310.049393259127,edge_2,2,1.0,0.003,2,r0002|r0003,r0002|r0003,1,1,0,0,0.055607347385142086,0.055607347385142086,0.0,5.127498870800243,5.072058345457257,5.127498870800244,-8.881784197001252e-16,-1.732186475472608e-16,,r0002|r0003,0
20070,2,12310.049393259127,edge_5,2,1.0,0.003,2,r0002|r0003,r0002|r0003,1,1,0,0,0.039968178488646824,0.039968178488646824,0.0,5.258245626628249,5.218397352675068,5.258245626628249,0.0,0.0,,r0002|r0003,0
20070,2,12310.049393259127,cloud_0,2,1.0,0.003,2,r0002|r0003,r0002|r0003,1,1,0,0,0.030374211642074773,0.030374211642074773,0.0,5.476479365623653,5.4461962766165035,5.476479365623652,8.881784197001252e-16,1.6218054710025936e-16,,r0002|r0003,0
20070,2,12310.049393259127,edge_2,4,1.0,0.003,2,r0002|r0003,r0002|r0003,1,1,0,0,0.10876723131840946,0.10876723131840946,0.0,5.033733829113491,4.925292899489038,5.033733829113492,-8.881784197001252e-16,-1.7644524916339196e-16,,r0002|r0003,0
20070,2,12310.049393259127,edge_5,4,1.0,0.003,2,r0002|r0003,r0002|r0003,1,1,0,0,0.07087350491804763,0.07087350491804763,0.0,5.1488442160735906,5.078183331670297,5.1488442160735906,0.0,0.0,,r0002|r0003,0
20070,2,12310.049393259127,cloud_0,4,1.0,0.003,2,r0002|r0003,r0002|r0003,1,1,0,0,0.05443315451207194,0.05443315451207194,0.0,5.380534037515958,5.326264182467422,5.380534037515957,8.881784197001252e-16,1.6507253992025154e-16,,r0002|r0003,0
20070,2,12310.049393259127,edge_2,8,1.0,0.003,2,r0002|r0003,r0002|r0003,1,1,0,0,0.2150869991849442,0.2150869991849442,0.0,4.869660033308344,4.655218295120955,4.869660033308344,0.0,0.0,,r0002|r0003,0
20070,2,12310.049393259127,edge_5,8,1.0,0.003,2,r0002|r0003,r0002|r0003,1,1,0,0,0.13268415777684928,0.13268415777684928,0.0,5.022199246201058,4.889913140897539,5.022199246201057,8.881784197001252e-16,1.7685049440680196e-16,,r0002|r0003,0
20070,2,12310.049393259127,cloud_0,8,1.0,0.003,2,r0002|r0003,r0002|r0003,1,1,0,0,0.10255104025206627,0.10255104025206627,0.0,5.275815475656398,5.173572088525089,5.275815475656398,0.0,0.0,,r0002|r0003,0
20070,3,17006.481955994543,edge_2,1,1.0,0.003,1,r0001,r0001,1,1,0,0,0.013141382502342525,0.013141382502342525,0.0,-0.3797144314447026,-0.39281638979953815,-0.3797144314447026,0.0,0.0,,r0001,0
20070,3,17006.481955994543,edge_5,1,1.0,0.003,1,r0001,r0001,1,1,0,0,0.015313986094580364,0.015313986094580364,0.0,-0.39776846949600153,-0.4130365136322981,-0.3977684694960015,-5.551115123125783e-17,-1.3955643920593823e-16,,r0001,0
20070,3,17006.481955994543,cloud_0,1,1.0,0.003,1,r0001,r0001,1,1,0,0,0.010771462844637725,0.010771462844637725,0.0,-0.21674594588433277,-0.22748509434043657,-0.21674594588433277,0.0,0.0,,r0001,1
20070,3,17006.481955994543,edge_2,2,1.0,0.003,1,r0001,r0001,1,1,0,0,0.024015598681659,0.024015598681659,0.0,-0.3815544953621108,-0.4054980472477248,-0.3815544953621108,0.0,0.0,,r0001,0
20070,3,17006.481955994543,edge_5,2,1.0,0.003,1,r0001,r0001,1,1,0,0,0.02189227365786499,0.02189227365786499,0.0,-0.3982512811503547,-0.42007787798724605,-0.3982512811503547,0.0,0.0,,r0001,0
20070,3,17006.481955994543,cloud_0,2,1.0,0.003,1,r0001,r0001,1,1,0,0,0.015692883405724604,0.015692883405724604,0.0,-0.216760710146016,-0.23240651490152345,-0.21676071014601603,2.7755575615628914e-17,1.2804707825939482e-16,,r0001,0
20070,3,17006.481955994543,edge_2,4,1.0,0.003,1,r0001,r0001,1,1,0,0,0.04576403104029193,0.04576403104029193,0.0,-0.38523462319692703,-0.4308613621440981,-0.38523462319692703,0.0,0.0,,r0001,0
20070,3,17006.481955994543,edge_5,4,1.0,0.003,1,r0001,r0001,1,1,0,0,0.03504884878443423,0.03504884878443423,0.0,-0.3992169044590611,-0.434160606697142,-0.3992169044590611,0.0,0.0,,r0001,0
20070,3,17006.481955994543,cloud_0,4,1.0,0.003,1,r0001,r0001,1,1,0,0,0.025535724527898353,0.025535724527898353,0.0,-0.21679023866938252,-0.24224935602369718,-0.21679023866938252,0.0,0.0,,r0001,0
20070,3,17006.481955994543,edge_2,8,1.0,0.003,1,r0001,r0001,1,1,0,0,0.08926089575755783,0.08926089575755783,0.0,-0.3925948788665596,-0.4815879919368447,-0.3925948788665595,-5.551115123125783e-17,-1.4139550518723324e-16,,r0001,0
20070,3,17006.481955994543,edge_5,8,1.0,0.003,1,r0001,r0001,1,1,0,0,0.06136199903757274,0.06136199903757274,0.0,-0.40114815107647384,-0.4623260641169338,-0.4011481510764738,-5.551115123125783e-17,-1.3838067328066863e-16,,r0001,0
20070,3,17006.481955994543,cloud_0,8,1.0,0.003,1,r0001,r0001,1,1,0,0,0.04522140677224584,0.04522140677224584,0.0,-0.21684929571611558,-0.2619350382680447,-0.2168492957161156,2.7755575615628914e-17,1.2799476947328725e-16,,r0001,0
20070,4,19791.22885950881,edge_2,1,1.0,0.003,1,r0020,r0020,1,1,0,0,0.055478977818819816,0.055478977818819816,0.0,0.6658464684266345,0.6105339275412711,0.6658464684266345,0.0,0.0,,r0020,0
20070,4,19791.22885950881,edge_5,1,1.0,0.003,1,r0020,r0020,1,1,0,0,0.047220276032548664,0.047220276032548664,0.0,0.6499916474723815,0.6029130322679305,0.6499916474723815,0.0,0.0,,r0020,0
20070,4,19791.22885950881,cloud_0,1,1.0,0.003,1,r0020,r0020,1,1,0,0,0.04219342346704269,0.04219342346704269,0.0,0.8495098131879698,0.8074429699913283,0.8495098131879698,0.0,0.0,,r0020,1
20070,4,19791.22885950881,edge_2,2,1.0,0.003,1,r0020,r0020,1,1,0,0,0.10506266454958435,0.10506266454958435,0.0,0.6383092970169012,0.5335618204609656,0.6383092970169012,0.0,0.0,,r0020,0
20070,4,19791.22885950881,edge_5,2,1.0,0.003,1,r0020,r0020,1,1,0,0,0.0740912581860435,0.0740912581860435,0.0,0.6351588425797899,0.5612898581683046,0.6351588425797899,0.0,0.0,,r0020,0
20070,4,19791.22885950881,cloud_0,2,1.0,0.003,1,r0020,r0020,1,1,0,0,0.06734036605821872,0.06734036605821872,0.0,0.8379619352135983,0.7708235902535543,0.8379619352135983,0.0,0.0,,r0020,0
20070,4,19791.22885950881,edge_2,4,1.0,0.003,1,r0020,r0020,1,1,0,0,0.20423003801111345,0.20423003801111345,0.0,0.5832349541974347,0.3796176063003546,0.5832349541974348,-1.1102230246251565e-16,-1.9035605061649435e-16,,r0020,0
20070,4,19791.22885950881,edge_5,4,1.0,0.003,1,r0020,r0020,1,1,0,0,0.12783322249303314,0.12783322249303314,0.0,0.6054932327946068,0.4780435099690528,0.6054932327946069,-1.1102230246251565e-16,-1.8335845299228344e-16,,r0020,0
20070,4,19791.22885950881,cloud_0,4,1.0,0.003,1,r0020,r0020,1,1,0,0,0.1176342512405708,0.1176342512405708,0.0,0.8148661792648555,0.6975848307780064,0.8148661792648555,0.0,0.0,,r0020,0
20070,4,19791.22885950881,edge_2,8,1.0,0.003,1,r0020,r0020,1,1,0,0,0.4025647849341716,0.4025647849341716,0.0,0.47308626855850183,0.07172917797913275,0.47308626855850183,0.0,0.0,,r0020,0
20070,4,19791.22885950881,edge_5,8,1.0,0.003,1,r0020,r0020,1,1,0,0,0.23531715110701243,0.23531715110701243,0.0,0.5461620132242404,0.3115508135705491,0.5461620132242405,-1.1102230246251565e-16,-2.0327723234924553e-16,,r0020,0
20070,4,19791.22885950881,cloud_0,8,1.0,0.003,1,r0020,r0020,1,1,0,0,0.2182220216052749,0.2182220216052749,0.0,0.7686746673673697,0.5511073118269105,0.7686746673673697,0.0,0.0,,r0020,0
20070,5,21913.30442537413,edge_2,1,1.0,0.003,1,r0007,r0007,1,1,0,0,0.025400117484235513,0.025400117484235513,0.0,-1.042445815129602,-1.067769732261385,-1.0424458151296023,2.220446049250313e-16,2.1300349783401026e-16,,r0007,0
20070,5,21913.30442537413,edge_5,1,1.0,0.003,1,r0007,r0007,1,1,0,0,0.022393610784586543,0.022393610784586543,0.0,-1.1114527181933564,-1.1337791481455892,-1.1114527181933564,0.0,0.0,,r0007,0
20070,5,21913.30442537413,cloud_0,1,1.0,0.003,1,r0007,r0007,1,1,0,0,0.01723844869018775,0.01723844869018775,0.0,-0.4153918785552069,-0.432578611899324,-0.4153918785552068,-5.551115123125783e-17,-1.336356199941454e-16,,r0007,1
20070,5,21913.30442537413,edge_2,2,1.0,0.003,1,r0007,r0007,1,1,0,0,0.048101175033924526,0.048101175033924526,0.0,-1.0499612526384146,-1.0979181241472373,-1.0499612526384146,0.0,0.0,,r0007,0
20070,5,21913.30442537413,edge_5,2,1.0,0.003,1,r0007,r0007,1,1,0,0,0.03513682972151439,0.03513682972151439,0.0,-1.1133989975059053,-1.1484304167382553,-1.1133989975059055,2.220446049250313e-16,1.9942949959756324e-16,,r0007,0
20070,5,21913.30442537413,cloud_0,2,1.0,0.003,1,r0007,r0007,1,1,0,0,0.027512426100712112,0.027512426100712112,0.0,-0.4154227004874384,-0.4428525893098484,-0.4154227004874384,0.0,0.0,,r0007,0
20070,5,21913.30442537413,edge_2,4,1.0,0.003,1,r0007,r0007,1,1,0,0,0.09350329013330254,0.09350329013330254,0.0,-1.0649921276560395,-1.1582149079189419,-1.0649921276560392,-2.220446049250313e-16,-2.084941279460284e-16,,r0007,0
20070,5,21913.30442537413,edge_5,4,1.0,0.003,1,r0007,r0007,1,1,0,0,0.06062326759537008,0.06062326759537008,0.0,-1.1172915561310033,-1.1777329539235872,-1.1172915561310033,0.0,0.0,,r0007,0
20070,5,21913.30442537413,cloud_0,4,1.0,0.003,1,r0007,r0007,1,1,0,0,0.048060380921760834,0.048060380921760834,0.0,-0.41548434435190157,-0.4634005441308971,-0.41548434435190157,0.0,0.0,,r0007,0
20070,5,21913.30442537413,edge_2,8,1.0,0.003,1,r0007,r0007,1,1,0,0,0.18430752033205858,0.18430752033205858,0.0,-1.095053877691289,-1.2788084754623514,-1.095053877691289,0.0,0.0,,r0007,0
20070,5,21913.30442537413,edge_5,8,1.0,0.003,1,r0007,r0007,1,1,0,0,0.11159614334308146,0.11159614334308146,0.0,-1.1250766733811992,-1.2363380282942513,-1.1250766733811992,0.0,0.0,,r0007,0
20070,5,21913.30442537413,cloud_0,8,1.0,0.003,1,r0007,r0007,1,1,0,0,0.08915629056385826,0.08915629056385826,0.0,-0.41560763208082785,-0.5044964537729946,-0.41560763208082785,0.0,0.0,,r0007,0
20070,6,31007.868841440322,edge_2,1,1.0,0.003,3,r0009|r0012|r0023,r0009|r0012|r0023,1,1,0,0,0.08193574848828726,0.08193574848828726,0.0,5.187999331237609,5.106309389994787,5.187999331237609,0.0,0.0,,r0009|r0012|r0023,0
20070,6,31007.868841440322,edge_5,1,1.0,0.003,3,r0009|r0012|r0023,r0009|r0012|r0023,1,1,0,0,0.06861246658308133,0.06861246658308133,0.0,5.3542605994020755,5.285853970218744,5.354260599402076,-8.881784197001252e-16,-1.6588255338175177e-16,,r0009|r0012|r0023,0
20070,6,31007.868841440322,cloud_0,1,1.0,0.003,3,r0009|r0012|r0023,r0009|r0012|r0023,1,1,0,0,0.04955845368932399,0.04955845368932399,0.0,6.024432112132046,5.97502233380379,6.024432112132046,0.0,0.0,,r0009|r0012|r0023,1
20070,6,31007.868841440322,edge_2,2,1.0,0.003,3,r0009|r0012|r0023,r0009|r0012|r0023,1,1,0,0,0.15800793925844436,0.15800793925844436,0.0,5.142552702080324,4.985018786639655,5.142552702080324,0.0,0.0,,r0009|r0012|r0023,0
20070,6,31007.868841440322,edge_5,2,1.0,0.003,3,r0009|r0012|r0023,r0009|r0012|r0023,1,1,0,0,0.11463185209125097,0.11463185209125097,0.0,5.23877570391774,5.124487747382762,5.23877570391774,0.0,0.0,,r0009|r0012|r0023,0
20070,6,31007.868841440322,cloud_0,2,1.0,0.003,3,r0009|r0012|r0023,r0009|r0012|r0023,1,1,0,0,0.08398698054676113,0.08398698054676113,0.0,5.915196054900974,5.831461035295854,5.915196054900975,-8.881784197001252e-16,-1.5015198337580612e-16,,r0009|r0012|r0023,0
20070,6,31007.868841440322,edge_2,4,1.0,0.003,3,r0009|r0012|r0023,r0009|r0012|r0023,1,1,0,0,0.31015232079875865,0.31015232079875865,0.0,5.10450313555079,4.795281271714428,5.10450313555079,0.0,0.0,,r0009|r0012|r0023,0
20070,6,31007.868841440322,edge_5,4,1.0,0.003,3,r0009|r0012|r0023,r0009|r0012|r0023,1,1,0,0,0.2066706231075902,0.2066706231075902,0.0,5.150394230050691,4.944343618812424,5.150394230050692,-8.881784197001252e-16,-1.724486282075117e-16,,r0009|r0012|r0023,0
20070,6,31007.868841440322,cloud_0,4,1.0,0.003,3,r0009|r0012|r0023,r0009|r0012|r0023,1,1,0,0,0.15284403426163537,0.15284403426163537,0.0,5.8367013117181505,5.6843158095593,5.8367013117181505,0.0,0.0,,r0009|r0012|r0023,0
20070,6,31007.868841440322,edge_2,8,1.0,0.003,3,r0009|r0012|r0023,r0009|r0012|r0023,1,1,0,0,0.6144410838793872,0.6144410838793872,0.0,5.0575343597820215,4.444936599154272,5.0575343597820215,0.0,0.0,,r0009|r0012|r0023,0
20070,6,31007.868841440322,edge_5,8,1.0,0.003,3,r0009|r0012|r0023,r0009|r0012|r0023,1,1,0,0,0.3907481651402687,0.3907481651402687,0.0,5.088082093247814,4.698506172602966,5.088082093247814,0.0,0.0,,r0009|r0012|r0023,0
20070,6,31007.868841440322,cloud_0,8,1.0,0.003,3,r0009|r0012|r0023,r0009|r0012|r0023,1,1,0,0,0.2905581416913839,0.2905581416913839,0.0,5.787970826139784,5.498284358873474,5.787970826139784,0.0,0.0,,r0009|r0012|r0023,0
20070,7,40890.77765988131,edge_2,1,1.0,0.003,2,r0005|r0018,r0005|r0018,1,1,0,0,0.062291887901324,0.062291887901324,0.0,4.466493703746497,4.404388691508878,4.466493703746497,0.0,0.0,,r0005|r0018,0
20070,7,40890.77765988131,edge_5,1,1.0,0.003,2,r0005|r0018,r0005|r0018,1,1,0,0,0.04656119856245228,0.04656119856245228,0.0,4.585665425873297,4.539243910906532,4.585665425873297,0.0,0.0,,r0005|r0018,0
20070,7,40890.77765988131,cloud_0,1,1.0,0.003,2,r0005|r0018,r0005|r0018,1,1,0,0,0.03936722845471667,0.03936722845471667,0.0,5.275323838603546,5.236074711834193,5.275323838603545,8.881784197001252e-16,1.683647197543874e-16,,r0005|r0018,1
20070,7,40890.77765988131,edge_2,2,1.0,0.003,2,r0005|r0018,r0005|r0018,1,1,0,0,0.1193315971532411,0.1193315971532411,0.0,4.4286538384752925,4.309680236113511,4.4286538384752925,0.0,0.0,,r0005|r0018,0
20070,7,40890.77765988131,edge_5,2,1.0,0.003,2,r0005|r0018,r0005|r0018,1,1,0,0,0.07590973609953611,0.07590973609953611,0.0,4.492375708461601,4.416693701570364,4.492375708461601,0.0,0.0,,r0005|r0018,0
20070,7,40890.77765988131,cloud_0,2,1.0,0.003,2,r0005|r0018,r0005|r0018,1,1,0,0,0.06518209117969584,0.06518209117969584,0.0,5.187370723646645,5.1223841787404885,5.187370723646645,0.0,0.0,,r0005|r0018,0
20070,7,40890.77765988131,edge_2,4,1.0,0.003,2,r0005|r0018,r0005|r0018,1,1,0,0,0.2334110156570753,0.2334110156570753,0.0,4.395524798895259,4.162814016285155,4.395524798895258,8.881784197001252e-16,2.0206424951199316e-16,,r0005|r0018,0
20070,7,40890.77765988131,edge_5,4,1.0,0.003,2,r0005|r0018,r0005|r0018,1,1,0,0,0.13460681117370374,0.13460681117370374,0.0,4.420610950866252,4.28640796012607,4.420610950866252,0.0,0.0,,r0005|r0018,0
20070,7,40890.77765988131,cloud_0,4,1.0,0.003,2,r0005|r0018,r0005|r0018,1,1,0,0,0.11681181662965417,0.11681181662965417,0.0,5.1241767904297095,5.007715409249944,5.1241767904297095,0.0,0.0,,r0005|r0018,0
20070,7,40890.77765988131,edge_2,8,1.0,0.003,2,r0005|r0018,r0005|r0018,1,1,0,0,0.4615698526647437,0.4615698526647437,0.0,4.352723007303547,3.8925378641967976,4.352723007303547,0.0,0.0,,r0005|r0018,0
20070,7,40890.77765988131,edge_5,8,1.0,0.003,2,r0005|r0018,r0005|r0018,1,1,0,0,0.25200096132203903,0.25200096132203903,0.0,4.369239286912339,4.117994328474266,4.369239286912339,0.0,0.0,,r0005|r0018,0
20070,7,40890.77765988131,cloud_0,8,1.0,0.003,2,r0005|r0018,r0005|r0018,1,1,0,0,0.22007126752957085,0.22007126752957085,0.0,5.084961018351667,4.865549964624685,5.084961018351667,0.0,0.0,,r0005|r0018,0
20071,0,0.0,edge_2,1,1.0,0.003,1,r0015,r0015,1,1,0,0,0.011686660208852478,0.011686660208852478,0.0,-0.21653173050289806,-0.22818333073112398,-0.21653173050289806,0.0,0.0,,r0015,0
20071,0,0.0,edge_5,1,1.0,0.003,1,r0015,r0015,1,1,0,0,0.010926717892428517,0.010926717892428517,0.0,-0.21392410954458724,-0.22481804728333848,-0.21392410954458727,2.7755575615628914e-17,1.2974496270998356e-16,,r0015,0
20071,0,0.0,cloud_0,1,1.0,0.003,1,r0015,r0015,1,1,0,0,0.004184458748852479,0.004184458748852479,0.0,-0.09070390621105395,-0.09487581158365987,-0.09070390621105395,0.0,0.0,,r0015,1
20071,0,0.0,edge_2,2,1.0,0.003,1,r0015,r0015,1,1,0,0,0.020697325648411456,0.020697325648411456,0.0,-0.2183765321944603,-0.2390117658659265,-0.2183765321944603,0.0,0.0,,r0015,0
20071,0,0.0,edge_5,2,1.0,0.003,1,r0015,r0015,1,1,0,0,0.015685851652293352,0.015685851652293352,0.0,-0.21453148164503646,-0.23017027574237295,-0.21453148164503646,0.0,0.0,,r0015,0
20071,0,0.0,cloud_0,2,1.0,0.003,1,r0015,r0015,1,1,0,0,0.007481249962867563,0.007481249962867563,0.0,-0.09071379658469599,-0.09817260279767495,-0.09071379658469599,0.0,0.0,,r0015,0
20071,0,0.0,edge_5,4,1.0,0.003,1,r0015,r0015,1,1,0,0,0.02520411917202302,0.02520411917202302,0.0,-0.21574622584593486,-0.2408747326604418,-0.21574622584593484,-2.7755575615628914e-17,-1.2864918265337012e-16,,r0015,0
20071,0,0.0,cloud_0,4,1.0,0.003,1,r0015,r0015,1,1,0,0,0.014074832390897732,0.014074832390897732,0.0,-0.09073357733198008,-0.1047661852257051,-0.09073357733198006,-1.3877787807814457e-17,-1.5295096055827033e-16,,r0015,0
20071,0,0.0,edge_5,8,1.0,0.003,1,r0015,r0015,1,1,0,0,0.044240654211482364,0.044240654211482364,0.0,-0.21817571424773166,-0.2622836464965796,-0.2181757142477317,2.7755575615628914e-17,1.2721661396333658e-16,,r0015,0
20071,0,0.0,cloud_0,8,1.0,0.003,1,r0015,r0015,1,1,0,0,0.027261997246958065,0.027261997246958065,0.0,-0.09077313882654826,-0.11795335008176545,-0.09077313882654826,0.0,0.0,,r0015,0
20071,1,1904.829731799795,edge_2,1,1.0,0.003,1,r0008,r0008,1,1,0,0,0.03665565089003589,0.03665565089003589,0.0,-1.0900294952090255,-1.1265751791463914,-1.0900294952090257,2.220446049250313e-16,2.037051344949631e-16,,r0008,0
20071,1,1904.829731799795,edge_5,1,1.0,0.003,1,r0008,r0008,1,1,0,0,0.03301063761181947,0.03301063761181947,0.0,-1.0750423321629408,-1.1079539378619248,-1.0750423321629408,0.0,0.0,,r0008,0
20071,1,1904.829731799795,cloud_0,1,1.0,0.003,1,r0008,r0008,1,1,0,0,0.013366304669707861,0.013366304669707861,0.0,-0.3904790095640992,-0.4038052153197979,-0.39047900956409914,-5.551115123125783e-17,-1.4216167802009695e-16,,r0008,1
20071,1,1904.829731799795,edge_2,2,1.0,0.003,1,r0008,r0008,1,1,0,0,0.06800242893402919,0.06800242893402919,0.0,-1.1009706095710081,-1.1687690312182353,-1.1009706095710081,0.0,0.0,,r0008,0
20071,1,1904.829731799795,edge_5,2,1.0,0.003,1,r0008,r0008,1,1,0,0,0.051992736742152865,0.051992736742152865,0.0,-1.0786384188279219,-1.1304751773598485,-1.078638418827922,2.220446049250313e-16,2.0585638435381434e-16,,r0008,0
20071,1,1904.829731799795,cloud_0,2,1.0,0.003,1,r0008,r0008,1,1,0,0,0.024953444597678794,0.024953444597678794,0.0,-0.39051377098388307,-0.41539235524776885,-0.39051377098388307,0.0,0.0,,r0008,0
20071,1,1904.829731799795,edge_5,4,1.0,0.003,1,r0008,r0008,1,1,0,0,0.08995693500281965,0.08995693500281965,0.0,-1.0858305921578846,-1.1755176563556957,-1.0858305921578846,0.0,0.0,,r0008,0
20071,1,1904.829731799795,cloud_0,4,1.0,0.003,1,r0008,r0008,1,1,0,0,0.04812772445362067,0.04812772445362067,0.0,-0.3905832938234509,-0.43856663510371074,-0.3905832938234509,0.0,0.0,,r0008,0
20071,1,1904.829731799795,edge_5,8,1.0,0.003,1,r0008,r0008,1,1,0,0,0.1658853315241532,0.1658853315241532,0.0,-1.1002149388178095,-1.2656026143473904,-1.1002149388178097,2.220446049250313e-16,2.0181929647639588e-16,,r0008,0
20071,1,1904.829731799795,cloud_0,8,1.0,0.003,1,r0008,r0008,1,1,0,0,0.09447628416550442,0.09447628416550442,0.0,-0.39072233950258656,-0.4849151948155944,-0.3907223395025865,-5.551115123125783e-17,-1.4207314406933302e-16,,r0008,0
20071,2,10451.28852635153,edge_2,1,1.0,0.003,2,r0000|r0003,r0000|r0003,1,1,0,0,0.008534549156662755,0.008534549156662755,0.0,6.316677879832058,6.3081689343228655,6.316677879832058,0.0,0.0,,r0000|r0003,0
20071,2,10451.28852635153,edge_5,1,1.0,0.003,2,r0000|r0003,r0000|r0003,1,1,0,0,0.01040160244761581,0.01040160244761581,0.0,6.514798245811706,6.504427848171433,6.514798245811706,0.0,0.0,,r0000|r0003,0
20071,2,10451.28852635153,cloud_0,1,1.0,0.003,2,r0000|r0003,r0000|r0003,1,1,0,0,0.002949177876134572,0.002949177876134572,0.0,6.468487073544955,6.465546743202448,6.468487073544954,8.881784197001252e-16,1.3730852510050278e-16,,r0000|r0003,1
20071,2,10451.28852635153,edge_2,2,1.0,0.003,2,r0000|r0003,r0000|r0003,1,1,0,0,0.013917126646721584,0.013917126646721584,0.0,6.2177083800123905,6.20383300474561,6.217708380012391,-8.881784197001252e-16,-1.4284658678353056e-16,,r0000|r0003,0
20071,2,10451.28852635153,edge_5,2,1.0,0.003,2,r0000|r0003,r0000|r0003,1,1,0,0,0.013327220350129565,0.013327220350129565,0.0,6.426713164598601,6.413425925909522,6.426713164598601,0.0,0.0,,r0000|r0003,0
20071,2,10451.28852635153,cloud_0,2,1.0,0.003,2,r0000|r0003,r0000|r0003,1,1,0,0,0.004875596865575546,0.004875596865575546,0.0,6.378426655748902,6.373565685673923,6.3784266557489016,8.881784197001252e-16,1.3924725761322446e-16,,r0000|r0003,0
20071,2,10451.28852635153,edge_5,4,1.0,0.003,2,r0000|r0003,r0000|r0003,1,1,0,0,0.01917845615515708,0.01917845615515708,0.0,6.319872262195865,6.300751341409174,6.319872262195865,0.0,0.0,,r0000|r0003,0
20071,2,10451.28852635153,cloud_0,4,1.0,0.003,2,r0000|r0003,r0000|r0003,1,1,0,0,0.008728434844457494,0.008728434844457494,0.0,6.31126499653106,6.302562746991136,6.31126499653106,0.0,0.0,,r0000|r0003,0
20071,2,10451.28852635153,edge_5,8,1.0,0.003,2,r0000|r0003,r0000|r0003,1,1,0,0,0.03088092776521211,0.03088092776521211,0.0,6.211711377079896,6.180923092097981,6.211711377079897,-8.881784197001252e-16,-1.42984495863305e-16,,r0000|r0003,0
20071,2,10451.28852635153,cloud_0,8,1.0,0.003,2,r0000|r0003,r0000|r0003,1,1,0,0,0.016434110802221392,0.016434110802221392,0.0,6.264625963750491,6.248241155280676,6.264625963750491,0.0,0.0,,r0000|r0003,0
20071,3,12542.160926019336,edge_2,1,1.0,0.003,2,r0014|r0016,r0014|r0016,1,1,0,0,0.010125511562502344,0.010125511562502344,0.0,5.986714073172935,5.97661893814512,5.9867140731729345,8.881784197001252e-16,1.4835824942436145e-16,,r0014|r0016,0
20071,3,12542.160926019336,edge_5,1,1.0,0.003,2,r0014|r0016,r0014|r0016,1,1,0,0,0.01275450029941208,0.01275450029941208,0.0,6.183114154622826,6.170397917824313,6.183114154622826,0.0,0.0,,r0014|r0016,0
20071,3,12542.160926019336,cloud_0,1,1.0,0.003,2,r0014|r0016,r0014|r0016,1,1,0,0,0.0036337465800459707,0.0036337465800459707,0.0,6.108919917694897,6.105297072354591,6.108919917694897,0.0,0.0,,r0014|r0016,1
20071,3,12542.160926019336,edge_2,2,1.0,0.003,2,r0014|r0016,r0014|r0016,1,1,0,0,0.0165114787191983,0.0165114787191983,0.0,5.884918885108501,5.86845694082546,5.884918885108501,0.0,0.0,,r0014|r0016,0
20071,3,12542.160926019336,edge_5,2,1.0,0.003,2,r0014|r0016,r0014|r0016,1,1,0,0,0.01634190854746814,0.01634190854746814,0.0,6.09343578079354,6.077142897971714,6.0934357807935395,8.881784197001252e-16,1.4575987204126387e-16,,r0014|r0016,0
20071,3,12542.160926019336,cloud_0,2,1.0,0.003,2,r0014|r0016,r0014|r0016,1,1,0,0,0.006007329561005963,0.006007329561005963,0.0,6.017768780192813,6.01177947262049,6.017768780192813,0.0,0.0,,r0014|r0016,0
20071,3,12542.160926019336,edge_5,4,1.0,0.003,2,r0014|r0016,r0014|r0016,1,1,0,0,0.023516725043580267,0.023516725043580267,0.0,5.983408293158441,5.959962118289992,5.983408293158441,0.0,0.0,,r0014|r0016,0
20071,3,12542.160926019336,cloud_0,4,1.0,0.003,2,r0014|r0016,r0014|r0016,1,1,0,0,0.010754495522925945,0.010754495522925945,0.0,5.948425681562906,5.937703449526548,5.948425681562906,0.0,0.0,,r0014|r0016,0
20071,3,12542.160926019336,edge_5,8,1.0,0.003,2,r0014|r0016,r0014|r0016,1,1,0,0,0.03786635803580451,0.03786635803580451,0.0,5.8688742375777485,5.831121478616051,5.8688742375777485,0.0,0.0,,r0014|r0016,0
20071,3,12542.160926019336,cloud_0,8,1.0,0.003,2,r0014|r0016,r0014|r0016,1,1,0,0,0.020248827446765913,0.020248827446765913,0.0,5.897423769958208,5.877235688993782,5.897423769958207,8.881784197001252e-16,1.5060447652152006e-16,,r0014|r0016,0
20071,4,13042.49341678192,edge_2,1,1.0,0.003,3,r0001|r0012|r0019,r0001|r0012|r0019,1,1,0,0,0.07891312692293599,0.07891312692293599,0.0,4.832011327382165,4.753334939839998,4.832011327382165,0.0,0.0,,r0001|r0012|r0019,0
20071,4,13042.49341678192,edge_5,1,1.0,0.003,3,r0001|r0012|r0019,r0001|r0012|r0019,1,1,0,0,0.049757473212409316,0.049757473212409316,0.0,5.0165830884270255,4.966974887634253,5.016583088427025,8.881784197001252e-16,1.770484818140664e-16,,r0001|r0012|r0019,0
20071,4,13042.49341678192,cloud_0,1,1.0,0.003,3,r0001|r0012|r0019,r0001|r0012|r0019,1,1,0,0,0.026494318660106958,0.026494318660106958,0.0,5.1633453649248935,5.136930529220766,5.163345364924893,8.881784197001252e-16,1.720160781290377e-16,,r0001|r0012|r0019,1
20071,4,13042.49341678192,edge_2,2,1.0,0.003,3,r0001|r0012|r0019,r0001|r0012|r0019,1,1,0,0,0.1524396559305106,0.1524396559305106,0.0,4.763687107620709,4.6117047706579894,4.763687107620709,0.0,0.0,,r0001|r0012|r0019,0
20071,4,13042.49341678192,edge_5,2,1.0,0.003,3,r0001|r0012|r0019,r0001|r0012|r0019,1,1,0,0,0.0874613787885567,0.0874613787885567,0.0,4.904335013456386,4.817136018804195,4.904335013456386,0.0,0.0,,r0001|r0012|r0019,0
20071,4,13042.49341678192,cloud_0,2,1.0,0.003,3,r0001|r0012|r0019,r0001|r0012|r0019,1,1,0,0,0.05133848006482067,0.05133848006482067,0.0,5.13129659411536,5.080112129490734,5.13129659411536,0.0,0.0,,r0001|r0012|r0019,0
20071,4,13042.49341678192,edge_5,4,1.0,0.003,3,r0001|r0012|r0019,r0001|r0012|r0019,1,1,0,0,0.16286918994085148,0.16286918994085148,0.0,4.8077994670417405,4.645418884670712,4.807799467041741,-8.881784197001252e-16,-1.8473699366804602e-16,,r0001|r0012|r0019,0
20071,4,13042.49341678192,cloud_0,4,1.0,0.003,3,r0001|r0012|r0019,r0001|r0012|r0019,1,1,0,0,0.10102680287424809,0.10102680287424809,0.0,5.100373162808223,4.999649440342598,5.100373162808223,0.0,0.0,,r0001|r0012|r0019,0
20071,4,13042.49341678192,edge_5,8,1.0,0.003,3,r0001|r0012|r0019,r0001|r0012|r0019,1,1,0,0,0.31368481224544104,0.31368481224544104,0.0,4.681262051152484,4.368518293343779,4.681262051152484,0.0,0.0,,r0001|r0012|r0019,0
20071,4,13042.49341678192,cloud_0,8,1.0,0.003,3,r0001|r0012|r0019,r0001|r0012|r0019,1,1,0,0,0.2004034484931029,0.2004034484931029,0.0,5.055850633226936,4.856048395079313,5.055850633226936,0.0,0.0,,r0001|r0012|r0019,0
20071,5,23145.137188388457,edge_2,1,1.0,0.003,2,r0006|r0023,r0006|r0023,1,1,0,0,0.05974952376984965,0.05974952376984965,0.0,5.733154665736609,5.6735843905380685,5.733154665736609,0.0,0.0,,r0006|r0023,0
20071,5,23145.137188388457,edge_5,1,1.0,0.003,2,r0006|r0023,r0006|r0023,1,1,0,0,0.05463175877688477,0.05463175877688477,0.0,5.9372696442245,5.882801780723946,5.9372696442245,0.0,0.0,,r0006|r0023,0
20071,5,23145.137188388457,cloud_0,1,1.0,0.003,2,r0006|r0023,r0006|r0023,1,1,0,0,0.020469634083417787,0.020469634083417787,0.0,5.9884994898293655,5.968091264648198,5.9884994898293655,0.0,0.0,,r0006|r0023,1
20071,5,23145.137188388457,edge_2,2,1.0,0.003,2,r0006|r0023,r0006|r0023,1,1,0,0,0.1083264495986738,0.1083264495986738,0.0,5.654409355445117,5.546407885195239,5.654409355445117,0.0,0.0,,r0006|r0023,0
20071,5,23145.137188388457,edge_5,2,1.0,0.003,2,r0006|r0023,r0006|r0023,1,1,0,0,0.08189785767745342,0.08189785767745342,0.0,5.827417810242704,5.745765646138283,5.827417810242704,0.0,0.0,,r0006|r0023,0
20071,5,23145.137188388457,cloud_0,2,1.0,0.003,2,r0006|r0023,r0006|r0023,1,1,0,0,0.03740735772358788,0.03740735772358788,0.0,5.928604204285991,5.891309068635574,5.928604204285992,-8.881784197001252e-16,-1.4981239919136962e-16,,r0006|r0023,0
20071,5,23145.137188388457,edge_5,4,1.0,0.003,2,r0006|r0023,r0006|r0023,1,1,0,0,0.13643005547859074,0.13643005547859074,0.0,5.7207254132837555,5.5847046479716,5.7207254132837555,0.0,0.0,,r0006|r0023,0
20071,5,23145.137188388457,cloud_0,4,1.0,0.003,2,r0006|r0023,r0006|r0023,1,1,0,0,0.07128280500392806,0.07128280500392806,0.0,5.885337472187919,5.814268515599002,5.885337472187918,8.881784197001252e-16,1.5091376219245728e-16,,r0006|r0023,0
20071,5,23145.137188388457,edge_5,8,1.0,0.003,2,r0006|r0023,r0006|r0023,1,1,0,0,0.24549445108086543,0.24549445108086543,0.0,5.6189883604711,5.374230392743478,5.618988360471101,-8.881784197001252e-16,-1.5806731794433893e-16,,r0006|r0023,0
20071,5,23145.137188388457,cloud_0,8,1.0,0.003,2,r0006|r0023,r0006|r0023,1,1,0,0,0.13903369956460843,0.13903369956460843,0.0,5.845786750254013,5.707170151788098,5.845786750254013,0.0,0.0,,r0006|r0023,0
20071,6,27598.82114936632,edge_2,1,1.0,0.003,1,r0009,r0009,1,1,0,0,0.039622538992796406,0.039622538992796406,0.0,-0.9934688680896449,-1.0329725394654627,-0.9934688680896447,-1.1102230246251565e-16,-1.1175217063016982e-16,,r0009,0
20071,6,27598.82114936632,edge_5,1,1.0,0.003,1,r0009,r0009,1,1,0,0,0.031122537353012805,0.031122537353012805,0.0,-0.97194306289704,-1.0029722326379937,-0.97194306289704,0.0,0.0,,r0009,0
20071,6,27598.82114936632,cloud_0,1,1.0,0.003,1,r0009,r0009,1,1,0,0,0.01282426437159783,0.01282426437159783,0.0,0.007438843866801603,-0.005346947711681427,0.00743884386680161,-6.938893903907228e-18,-9.3279198060258e-16,,r0009,1
20071,6,27598.82114936632,edge_2,2,1.0,0.003,1,r0009,r0009,1,1,0,0,0.07350650790860365,0.07350650790860365,0.0,-1.0091994828124113,-1.082485471197289,-1.0091994828124113,0.0,0.0,,r0009,0
20071,6,27598.82114936632,edge_5,2,1.0,0.003,1,r0009,r0009,1,1,0,0,0.04901892263855079,0.04901892263855079,0.0,-0.9770961081616243,-1.0259679740322594,-0.9770961081616243,0.0,0.0,,r0009,0
20071,6,27598.82114936632,cloud_0,2,1.0,0.003,1,r0009,r0009,1,1,0,0,0.02394151400932018,0.02394151400932018,0.0,0.007405492117888435,-0.01646419734940377,0.007405492117888449,-1.3877787807814457e-17,-1.8739858995044714e-15,,r0009,0
20071,6,27598.82114936632,edge_5,4,1.0,0.003,1,r0009,r0009,1,1,0,0,0.08481169320962675,0.08481169320962675,0.0,-0.9874021986907924,-1.0719594568207902,-0.9874021986907924,0.0,0.0,,r0009,0
20071,6,27598.82114936632,cloud_0,4,1.0,0.003,1,r0009,r0009,1,1,0,0,0.0461760132847649,0.0461760132847649,0.0,0.007338788620062098,-0.03869869662484848,0.0073387886200621255,-2.7755575615628914e-17,-3.7820377520825705e-15,,r0009,0
20071,6,27598.82114936632,edge_5,8,1.0,0.003,1,r0009,r0009,1,1,0,0,0.1563972343517787,0.1563972343517787,0.0,-1.008014379749129,-1.1639424223978523,-1.008014379749129,0.0,0.0,,r0009,0
20071,6,27598.82114936632,cloud_0,8,1.0,0.003,1,r0009,r0009,1,1,0,0,0.09064501183565432,0.09064501183565432,0.0,0.007205381624409424,-0.08316769517573791,0.0072053816244094515,-2.7755575615628914e-17,-3.852061842443181e-15,,r0009,0
20072,0,0.0,cloud_0,1,1.0,0.003,1,r0016,r0016,1,1,0,0,0.0028834347422865276,0.0028834347422865276,0.0,-0.062226062173207364,-0.06510084661126703,-0.06222606217320736,-6.938893903907228e-18,-1.1151105600403723e-16,,r0016,1
20072,0,0.0,cloud_0,2,1.0,0.003,1,r0016,r0016,1,1,0,0,0.0031718071606367895,0.0031718071606367895,0.0,-0.06222692729046242,-0.0653892190296173,-0.06222692729046241,-6.938893903907228e-18,-1.1150950570832314e-16,,r0016,0
20072,0,0.0,cloud_0,4,1.0,0.003,1,r0016,r0016,1,1,0,0,0.003748551997337313,0.003748551997337313,0.0,-0.06222865752497252,-0.06596596386631781,-0.06222865752497251,-6.938893903907228e-18,-1.1150640524621043e-16,,r0016,0
20072,0,0.0,cloud_0,8,1.0,0.003,1,r0016,r0016,1,1,0,0,0.004902041670738362,0.004902041670738362,0.0,-0.06223211799399272,-0.06711945353971888,-0.06223211799399273,1.3877787807814457e-17,2.2300040967839275e-16,,r0016,0
20072,1,2489.607618520101,cloud_0,1,1.0,0.003,1,r0010,r0010,1,1,0,0,0.018189829934941257,0.018189829934941257,0.0,-0.011299943463949275,-0.02943520390908571,-0.011299943463949275,0.0,0.0,,r0010,1
20072,1,2489.607618520101,cloud_0,2,1.0,0.003,1,r0010,r0010,1,1,0,0,0.03296985019721529,0.03296985019721529,0.0,-0.011344283524736095,-0.044215224171359736,-0.011344283524736092,-3.469446951953614e-18,-3.0583217921065886e-16,,r0010,0
20072,1,2489.607618520101,cloud_0,4,1.0,0.003,1,r0010,r0010,1,1,0,0,0.06252989072176333,0.06252989072176333,0.0,-0.01143296364630974,-0.07377526469590778,-0.01143296364630974,0.0,0.0,,r0010,0
20072,1,2489.607618520101,cloud_0,8,1.0,0.003,1,r0010,r0010,1,1,0,0,0.12164997177085943,0.12164997177085943,0.0,-0.01161032388945703,-0.1328953457450039,-0.011610323889457042,1.214306433183765e-17,1.0458850629364762e-15,,r0010,0
20072,2,4525.262118786308,cloud_0,1,1.0,0.003,1,r0009,r0009,1,1,0,0,0.012820022940374674,0.012820022940374674,0.0,-0.3901666003155685,-0.402948163187122,-0.39016660031556843,-5.551115123125783e-17,-1.4227550791472196e-16,,r0009,1
20072,2,4525.262118786308,cloud_0,2,1.0,0.003,1,r0009,r0009,1,1,0,0,0.02234632259501231,0.02234632259501231,0.0,-0.3901951792145323,-0.4124744628417596,-0.39019517921453234,5.551115123125783e-17,1.4226508729042336e-16,,r0009,0
20072,2,4525.262118786308,cloud_0,4,1.0,0.003,1,r0009,r0009,1,1,0,0,0.04139892190428758,0.04139892190428758,0.0,-0.39025233701246015,-0.43152706215103487,-0.39025233701246015,0.0,0.0,,r0009,0
20072,2,4525.262118786308,cloud_0,8,1.0,0.003,1,r0009,r0009,1,1,0,0,0.07950412052283812,0.07950412052283812,0.0,-0.3903666526083158,-0.4696322607695854,-0.3903666526083158,0.0,0.0,,r0009,0
20072,3,13394.033539380764,cloud_0,1,1.0,0.003,2,r0003|r0021,r0003|r0021,1,1,0,0,0.012775920676996538,0.012775920676996538,0.0,7.13848587353023,7.125748280615263,7.138485873530229,8.881784197001252e-16,1.2442112171063107e-16,,r0003|r0021,1
20072,3,13394.033539380764,cloud_0,2,1.0,0.003,2,r0003|r0021,r0003|r0021,1,1,0,0,0.02146971168368236,0.02146971168368236,0.0,7.042681301126543,7.021275998577912,7.042681301126543,0.0,0.0,,r0003|r0021,0
20072,3,13394.033539380764,cloud_0,4,1.0,0.003,2,r0003|r0021,r0003|r0021,1,1,0,0,0.03885729369705401,0.03885729369705401,0.0,6.960948202154596,6.922207480338634,6.960948202154597,-8.881784197001252e-16,-1.2759445895965877e-16,,r0003|r0021,0
20072,3,13394.033539380764,cloud_0,8,1.0,0.003,2,r0003|r0021,r0003|r0021,1,1,0,0,0.0736324577237973,0.0736324577237973,0.0,6.87951176347661,6.806100203125983,6.879511763476609,8.881784197001252e-16,1.291048624141429e-16,,r0003|r0021,0
20072,4,15268.981720827733,cloud_0,1,1.0,0.003,2,r0011|r0023,r0011|r0023,1,1,0,0,0.024534055570073352,0.024534055570073352,0.0,6.461320577095292,6.436860123691929,6.461320577095292,0.0,0.0,,r0011|r0023,1
20072,4,15268.981720827733,cloud_0,2,1.0,0.003,2,r0011|r0023,r0011|r0023,1,1,0,0,0.04534909476978688,0.04534909476978688,0.0,6.396228307224088,6.35101525973861,6.396228307224087,8.881784197001252e-16,1.3885971185503034e-16,,r0011|r0023,0
20072,4,15268.981720827733,cloud_0,4,1.0,0.003,2,r0011|r0023,r0011|r0023,1,1,0,0,0.08697917316921391,0.08697917316921391,0.0,6.33546097319947,6.2487427375497635,6.33546097319947,0.0,0.0,,r0011|r0023,0
20072,4,15268.981720827733,cloud_0,8,1.0,0.003,2,r0011|r0023,r0011|r0023,1,1,0,0,0.170239329968068,0.170239329968068,0.0,6.25544500501295,6.085716393034787,6.25544500501295,0.0,0.0,,r0011|r0023,0
20072,5,17998.949404671832,cloud_0,1,1.0,0.003,2,r0015|r0022,r0015|r0022,1,1,0,0,0.022208801336602326,0.022208801336602326,0.0,4.69176625160082,4.669624076668227,4.69176625160082,0.0,0.0,,r0015|r0022,1
20072,5,17998.949404671832,cloud_0,2,1.0,0.003,2,r0015|r0022,r0015|r0022,1,1,0,0,0.03972683454982577,0.03972683454982577,0.0,4.6279188733617245,4.588311219315549,4.627918873361725,-8.881784197001252e-16,-1.919174566374694e-16,,r0015|r0022,0
20072,5,17998.949404671832,cloud_0,4,1.0,0.003,2,r0015|r0022,r0015|r0022,1,1,0,0,0.07476290097627267,0.07476290097627267,0.0,4.588303020856793,4.51376440858345,4.588303020856793,0.0,0.0,,r0015|r0022,0
20072,5,17998.949404671832,cloud_0,8,1.0,0.003,2,r0015|r0022,r0015|r0022,1,1,0,0,0.14483503382916646,0.14483503382916646,0.0,4.5658821358182475,4.421481607090569,4.5658821358182475,0.0,0.0,,r0015|r0022,0
20072,6,27947.560771168246,cloud_0,1,1.0,0.003,3,r0004|r0005|r0007,r0004|r0005|r0007,1,1,0,0,0.03842574340627705,0.03842574340627705,0.0,5.754582119623231,5.716271653447173,5.7545821196232305,8.881784197001252e-16,1.5434281781667871e-16,,r0004|r0005|r0007,1
20072,6,27947.560771168246,cloud_0,2,1.0,0.003,3,r0004|r0005|r0007,r0004|r0005|r0007,1,1,0,0,0.06981557086671893,0.06981557086671893,0.0,5.675261175015471,5.605655050861352,5.6752611750154704,8.881784197001252e-16,1.5650000807191114e-16,,r0004|r0005|r0007,0
20072,6,27947.560771168246,cloud_0,4,1.0,0.003,3,r0004|r0005|r0007,r0004|r0005|r0007,1,1,0,0,0.13259522578760272,0.13259522578760272,0.0,5.626004453209846,5.493807013099606,5.626004453209846,0.0,0.0,,r0004|r0005|r0007,0
20072,6,27947.560771168246,cloud_0,8,1.0,0.003,3,r0004|r0005|r0007,r0004|r0005|r0007,1,1,0,0,0.25815453562937024,0.25815453562937024,0.0,5.598044351805747,5.340664279783265,5.598044351805747,0.0,0.0,,r0004|r0005|r0007,0
20073,0,0.0,edge_2,1,1.0,0.003,1,r0020,r0020,1,1,0,0,0.005288480945531744,0.005288480945531744,0.0,-0.2393090727580388,-0.24458168826073395,-0.2393090727580388,0.0,0.0,,r0020,0
20073,0,0.0,edge_5,1,1.0,0.003,1,r0020,r0020,1,1,0,0,0.003828774307418123,0.003828774307418123,0.0,-0.2482054469824995,-0.25202273496699534,-0.24820544698249947,-2.7755575615628914e-17,-1.1182500607082126e-16,,r0020,0
20073,0,0.0,cloud_0,1,1.0,0.003,1,r0020,r0020,1,1,0,0,0.0028244979127212775,0.0028244979127212775,0.0,-0.09488861002934401,-0.09770463444832714,-0.09488861002934403,1.3877787807814457e-17,1.4625346291322837e-16,,r0020,1
20073,0,0.0,edge_2,2,1.0,0.003,1,r0020,r0020,1,1,0,0,0.008459936639704579,0.008459936639704579,0.0,-0.2406876337781898,-0.24912219060797527,-0.2406876337781898,0.0,0.0,,r0020,0
20073,0,0.0,edge_5,2,1.0,0.003,1,r0020,r0020,1,1,0,0,0.006762745980576184,0.006762745980576184,0.0,-0.2490527775341127,-0.25579523527674713,-0.24905277753411267,-2.7755575615628914e-17,-1.1144455360200606e-16,,r0020,0
20073,0,0.0,cloud_0,2,1.0,0.003,1,r0020,r0020,1,1,0,0,0.004618969396596525,0.004618969396596525,0.0,-0.09489399344379564,-0.09949910593220238,-0.09489399344379564,0.0,0.0,,r0020,0
20073,0,0.0,edge_5,4,1.0,0.003,1,r0020,r0020,1,1,0,0,0.012630689326892305,0.012630689326892305,0.0,-0.25074743863733917,-0.2633402358962508,-0.25074743863733917,0.0,0.0,,r0020,0
20073,0,0.0,cloud_0,4,1.0,0.003,1,r0020,r0020,1,1,0,0,0.008207912364347024,0.008207912364347024,0.0,-0.0949047602726989,-0.10308804889995288,-0.0949047602726989,0.0,0.0,,r0020,0
20073,0,0.0,edge_5,8,1.0,0.003,1,r0020,r0020,1,1,0,0,0.024366576019524556,0.024366576019524556,0.0,-0.2541367608437921,-0.2784302371352581,-0.2541367608437921,0.0,0.0,,r0020,0
20073,0,0.0,cloud_0,8,1.0,0.003,1,r0020,r0020,1,1,0,0,0.015385798299848019,0.015385798299848019,0.0,-0.09492629393050539,-0.11026593483545387,-0.09492629393050539,0.0,0.0,,r0020,0
20073,1,9541.866804774801,edge_2,1,1.0,0.003,3,r0013|r0014|r0016,r0013|r0014|r0016,1,1,0,0,0.02360491045182847,0.02360491045182847,0.0,6.325973329749411,6.302439234028938,6.325973329749411,0.0,0.0,,r0013|r0014|r0016,0
20073,1,9541.866804774801,edge_5,1,1.0,0.003,3,r0013|r0014|r0016,r0013|r0014|r0016,1,1,0,0,0.019959239236758266,0.019959239236758266,0.0,6.246542986697396,6.2266436251783475,6.246542986697396,0.0,0.0,,r0013|r0014|r0016,0
20073,1,9541.866804774801,cloud_0,1,1.0,0.003,3,r0013|r0014|r0016,r0013|r0014|r0016,1,1,0,0,0.014469835288267903,0.014469835288267903,0.0,6.443227822715209,6.428801396932807,6.44322782271521,-8.881784197001252e-16,-1.3784681283019451e-16,,r0013|r0014|r0016,1
20073,1,9541.866804774801,edge_2,2,1.0,0.003,3,r0013|r0014|r0016,r0013|r0014|r0016,1,1,0,0,0.04378059132625197,0.04378059132625197,0.0,6.250658269022479,6.207009019470205,6.250658269022479,0.0,0.0,,r0013|r0014|r0016,0
20073,1,9541.866804774801,edge_5,2,1.0,0.003,3,r0013|r0014|r0016,r0013|r0014|r0016,1,1,0,0,0.038480222003166246,0.038480222003166246,0.0,6.202928939708561,6.164564158371404,6.202928939708561,0.0,0.0,,r0013|r0014|r0016,0
20073,1,9541.866804774801,cloud_0,2,1.0,0.003,3,r0013|r0014|r0016,r0013|r0014|r0016,1,1,0,0,0.02709451441799372,0.02709451441799372,0.0,6.3793275192024534,6.3523142883277135,6.3793275192024534,0.0,0.0,,r0013|r0014|r0016,0
20073,1,9541.866804774801,edge_5,4,1.0,0.003,3,r0013|r0014|r0016,r0013|r0014|r0016,1,1,0,0,0.07552218753598221,0.07552218753598221,0.0,6.168863787294263,6.093568166320888,6.168863787294263,0.0,0.0,,r0013|r0014|r0016,0
20073,1,9541.866804774801,cloud_0,4,1.0,0.003,3,r0013|r0014|r0016,r0013|r0014|r0016,1,1,0,0,0.052343872677445356,0.052343872677445356,0.0,6.336438392633778,6.284251551574365,6.336438392633778,0.0,0.0,,r0013|r0014|r0016,0
20073,1,9541.866804774801,edge_5,8,1.0,0.003,3,r0013|r0014|r0016,r0013|r0014|r0016,1,1,0,0,0.14960611860161413,0.14960611860161413,0.0,6.130059912922488,5.9809026126766796,6.130059912922489,-8.881784197001252e-16,-1.4488902756526057e-16,,r0013|r0014|r0016,0
20073,1,9541.866804774801,cloud_0,8,1.0,0.003,3,r0013|r0014|r0016,r0013|r0014|r0016,1,1,0,0,0.10284258919634864,0.10284258919634864,0.0,6.301261401319902,6.198727339891143,6.301261401319902,0.0,0.0,,r0013|r0014|r0016,0
20073,2,16732.91065147584,edge_2,1,1.0,0.003,2,r0003|r0017,r0003|r0017,1,1,0,0,0.028322065587809753,0.028322065587809753,0.0,5.867477183773619,5.839240084382573,5.8674771837736195,-8.881784197001252e-16,-1.5137313565638795e-16,,r0003|r0017,0
20073,2,16732.91065147584,edge_5,1,1.0,0.003,2,r0003|r0017,r0003|r0017,1,1,0,0,0.023799502260071746,0.023799502260071746,0.0,5.787343974936134,5.763615871182843,5.787343974936134,0.0,0.0,,r0003|r0017,0
20073,2,16732.91065147584,cloud_0,1,1.0,0.003,2,r0003|r0017,r0003|r0017,1,1,0,0,0.015646232625632327,0.015646232625632327,0.0,6.238842329686389,6.223243035758634,6.23884232968639,-8.881784197001252e-16,-1.4236269691796676e-16,,r0003|r0017,1
20073,2,16732.91065147584,edge_2,2,1.0,0.003,2,r0003|r0017,r0003|r0017,1,1,0,0,0.05186402197961256,0.05186402197961256,0.0,5.800780113444305,5.749071683530632,5.800780113444306,-8.881784197001252e-16,-1.5311361615683706e-16,,r0003|r0017,0
20073,2,16732.91065147584,edge_5,2,1.0,0.003,2,r0003|r0017,r0003|r0017,1,1,0,0,0.045578596734316565,0.045578596734316565,0.0,5.747844723991851,5.7024028630477375,5.747844723991851,0.0,0.0,,r0003|r0017,0
20073,2,16732.91065147584,cloud_0,2,1.0,0.003,2,r0003|r0017,r0003|r0017,1,1,0,0,0.028966730685039417,0.028966730685039417,0.0,6.1857324643156355,6.156852633822651,6.1857324643156355,0.0,0.0,,r0003|r0017,0
20073,2,16732.91065147584,edge_5,4,1.0,0.003,2,r0003|r0017,r0003|r0017,1,1,0,0,0.0891367856828062,0.0891367856828062,0.0,5.711653978728545,5.6227846034027875,5.711653978728545,0.0,0.0,,r0003|r0017,0
20073,2,16732.91065147584,cloud_0,4,1.0,0.003,2,r0003|r0017,r0003|r0017,1,1,0,0,0.05560772680385359,0.05560772680385359,0.0,6.1478849846797905,6.092444081056349,6.1478849846797905,0.0,0.0,,r0003|r0017,0
20073,2,16732.91065147584,edge_5,8,1.0,0.003,2,r0003|r0017,r0003|r0017,1,1,0,0,0.17625316357978546,0.17625316357978546,0.0,5.662886657410135,5.487162253321089,5.6628866574101355,-8.881784197001252e-16,-1.5684199127275572e-16,,r0003|r0017,0
20073,2,16732.91065147584,cloud_0,8,1.0,0.003,2,r0003|r0017,r0003|r0017,1,1,0,0,0.10888971904148195,0.10888971904148195,0.0,6.112935071437739,6.0043720215533805,6.112935071437738,8.881784197001252e-16,1.452949212318771e-16,,r0003|r0017,0
20073,3,27439.66478953955,edge_2,1,1.0,0.003,2,r0005|r0023,r0005|r0023,1,1,0,0,0.04401653508438251,0.04401653508438251,0.0,6.969080300469111,6.925195814989982,6.969080300469111,0.0,0.0,,r0005|r0023,0
20073,3,27439.66478953955,edge_5,1,1.0,0.003,2,r0005|r0023,r0005|r0023,1,1,0,0,0.036987825728084595,0.036987825728084595,0.0,6.9117615704881805,6.874884708237279,6.91176157048818,8.881784197001252e-16,1.2850246795150848e-16,,r0005|r0023,0
20073,3,27439.66478953955,cloud_0,1,1.0,0.003,2,r0005|r0023,r0005|r0023,1,1,0,0,0.024316480207608144,0.024316480207608144,0.0,7.1284592420113135,7.104215711244328,7.1284592420113135,0.0,0.0,,r0005|r0023,1
20073,3,27439.66478953955,edge_2,2,1.0,0.003,2,r0005|r0023,r0005|r0023,1,1,0,0,0.08060409774862558,0.08060409774862558,0.0,6.875157652070125,6.794795366614745,6.875157652070125,0.0,0.0,,r0005|r0023,0
20073,3,27439.66478953955,edge_5,2,1.0,0.003,2,r0005|r0023,r0005|r0023,1,1,0,0,0.07083564918783578,0.07083564918783578,0.0,6.848736481300286,6.778113339060013,6.848736481300286,0.0,0.0,,r0005|r0023,0
20073,3,27439.66478953955,cloud_0,2,1.0,0.003,2,r0005|r0023,r0005|r0023,1,1,0,0,0.04501843672117908,0.04501843672117908,0.0,7.0584303664966965,7.01354698508568,7.058430366496696,8.881784197001252e-16,1.2583228474080052e-16,,r0005|r0023,0
20073,3,27439.66478953955,edge_5,4,1.0,0.003,2,r0005|r0023,r0005|r0023,1,1,0,0,0.1385312961073381,0.1385312961073381,0.0,6.765494059549756,6.627378357330739,6.765494059549756,0.0,0.0,,r0005|r0023,0
20073,3,27439.66478953955,cloud_0,4,1.0,0.003,2,r0005|r0023,r0005|r0023,1,1,0,0,0.08642234974832094,0.08642234974832094,0.0,6.986744866573127,6.90058178387405,6.986744866573126,8.881784197001252e-16,1.27123350954099e-16,,r0005|r0023,0
20073,3,27439.66478953955,edge_5,8,1.0,0.003,2,r0005|r0023,r0005|r0023,1,1,0,0,0.2739225899463428,0.2739225899463428,0.0,6.622623385256898,6.349522563080394,6.622623385256898,0.0,0.0,,r0005|r0023,0
20073,3,27439.66478953955,cloud_0,8,1.0,0.003,2,r0005|r0023,r0005|r0023,1,1,0,0,0.1692301758026047,0.1692301758026047,0.0,6.884118912755624,6.715396427480427,6.884118912755624,0.0,0.0,,r0005|r0023,0
20073,4,30525.74103454295,edge_2,1,1.0,0.003,4,r0000|r0002|r0015|r0021,r0000|r0002|r0015|r0021,1,1,0,0,0.10963885897868239,0.10963885897868239,0.0,6.113990151462337,6.0046802090605915,6.113990151462338,-8.881784197001252e-16,-1.4526984795480764e-16,,r0000|r0002|r0015|r0021,0
20073,4,30525.74103454295,edge_5,1,1.0,0.003,4,r0000|r0002|r0015|r0021,r0000|r0002|r0015|r0021,1,1,0,0,0.09634184050049538,0.09634184050049538,0.0,6.05426676011815,5.958213945139156,6.05426676011815,0.0,0.0,,r0000|r0002|r0015|r0021,0
20073,4,30525.74103454295,cloud_0,1,1.0,0.003,4,r0000|r0002|r0015|r0021,r0000|r0002|r0015|r0021,1,1,0,0,0.06371412824202984,0.06371412824202984,0.0,6.590350832891533,6.5268278470342285,6.590350832891533,0.0,0.0,,r0000|r0002|r0015|r0021,1
20073,4,30525.74103454295,edge_2,2,1.0,0.003,4,r0000|r0002|r0015|r0021,r0000|r0002|r0015|r0021,1,1,0,0,0.21343074128636874,0.21343074128636874,0.0,6.0352948398335355,5.822504390771026,6.0352948398335355,0.0,0.0,,r0000|r0002|r0015|r0021,0
20073,4,30525.74103454295,edge_5,2,1.0,0.003,4,r0000|r0002|r0015|r0021,r0000|r0002|r0015|r0021,1,1,0,0,0.1902662700409759,0.1902662700409759,0.0,6.001221440521949,5.811525969291097,6.00122144052195,-8.881784197001252e-16,-1.4799960783031476e-16,,r0000|r0002|r0015|r0021,0
20073,4,30525.74103454295,cloud_0,2,1.0,0.003,4,r0000|r0002|r0015|r0021,r0000|r0002|r0015|r0021,1,1,0,0,0.12448448446957426,0.12448448446957426,0.0,6.539408187543325,6.415297156527159,6.539408187543325,0.0,0.0,,r0000|r0002|r0015|r0021,0
20073,4,30525.74103454295,edge_5,4,1.0,0.003,4,r0000|r0002|r0015|r0021,r0000|r0002|r0015|r0021,1,1,0,0,0.3781151291219369,0.3781151291219369,0.0,5.919497462930065,5.542516679195494,5.919497462930065,0.0,0.0,,r0000|r0002|r0015|r0021,0
20073,4,30525.74103454295,cloud_0,4,1.0,0.003,4,r0000|r0002|r0015|r0021,r0000|r0002|r0015|r0021,1,1,0,0,0.24602519692466307,0.24602519692466307,0.0,6.480407510862605,6.235120389528716,6.480407510862605,0.0,0.0,,r0000|r0002|r0015|r0021,0
20073,4,30525.74103454295,edge_5,8,1.0,0.003,4,r0000|r0002|r0015|r0021,r0000|r0002|r0015|r0021,1,1,0,0,0.753812847283859,0.753812847283859,0.0,5.768715990153615,5.017164581411608,5.768715990153615,0.0,0.0,,r0000|r0002|r0015|r0021,0
20073,4,30525.74103454295,cloud_0,8,1.0,0.003,4,r0000|r0002|r0015|r0021,r0000|r0002|r0015|r0021,1,1,0,0,0.48910662183484077,0.48910662183484077,0.0,6.385440909691469,5.8978016077221325,6.385440909691469,0.0,0.0,,r0000|r0002|r0015|r0021,0
20074,0,0.0,edge_2,1,1.0,0.003,1,r0020,r0020,1,1,0,0,0.02335264827999553,0.02335264827999553,0.0,-0.4169013514809593,-0.44018394181611487,-0.4169013514809593,0.0,0.0,,r0020,0
20074,0,0.0,cloud_0,1,1.0,0.003,1,r0020,r0020,1,1,0,0,0.017380338942804247,0.017380338942804247,0.0,-0.24906291995141194,-0.2663911178773878,-0.24906291995141194,0.0,0.0,,r0020,1
20074,0,0.0,edge_2,2,1.0,0.003,1,r0020,r0020,1,1,0,0,0.04484139643363473,0.04484139643363473,0.0,-0.41806713749666613,-0.4627740097409999,-0.4180671374966661,-5.551115123125783e-17,-1.3278047053315808e-16,,r0020,0
20074,0,0.0,cloud_0,2,1.0,0.003,1,r0020,r0020,1,1,0,0,0.030584187556151186,0.030584187556151186,0.0,-0.24910253149725198,-0.27959496649073473,-0.249102531497252,2.7755575615628914e-17,1.1142229446164863e-16,,r0020,0
20074,0,0.0,cloud_0,4,1.0,0.003,1,r0020,r0020,1,1,0,0,0.056991884782845066,0.056991884782845066,0.0,-0.24918175458893208,-0.3060026637174286,-0.2491817545889321,2.7755575615628914e-17,1.1138686964226767e-16,,r0020,0
20074,0,0.0,cloud_0,8,1.0,0.003,1,r0020,r0020,1,1,0,0,0.10980727923623282,0.10980727923623282,0.0,-0.24934020077229224,-0.35881805817081636,-0.24934020077229224,0.0,0.0,,r0020,0
20074,1,2616.117893546989,edge_2,1,1.0,0.003,1,r0019,r0019,1,1,0,0,0.013580782301164381,0.013580782301164381,0.0,-0.9831187660498253,-0.9966588060040862,-0.9831187660498253,0.0,0.0,,r0019,0
20074,1,2616.117893546989,cloud_0,1,1.0,0.003,1,r0019,r0019,1,1,0,0,0.009765085183729112,0.009765085183729112,0.0,-0.2495367754772405,-0.25927256540541843,-0.2495367754772405,0.0,0.0,,r0019,1
20074,1,2616.117893546989,edge_2,2,1.0,0.003,1,r0019,r0019,1,1,0,0,0.026077609517506883,0.026077609517506883,0.0,-0.9880327911477316,-1.014032167836686,-0.9880327911477316,0.0,0.0,,r0019,0
20074,1,2616.117893546989,cloud_0,2,1.0,0.003,1,r0019,r0019,1,1,0,0,0.017183623273619376,0.017183623273619376,0.0,-0.24955903109151018,-0.2666911034953087,-0.2495590310915102,2.7755575615628914e-17,1.1121847802595165e-16,,r0019,0
20074,1,2616.117893546989,cloud_0,4,1.0,0.003,1,r0019,r0019,1,1,0,0,0.0320206994533999,0.0320206994533999,0.0,-0.2496035423200495,-0.2815281796750892,-0.2496035423200495,0.0,0.0,,r0019,0
20074,1,2616.117893546989,cloud_0,8,1.0,0.003,1,r0019,r0019,1,1,0,0,0.06169485181296095,0.06169485181296095,0.0,-0.2496925647771282,-0.31120233203465025,-0.2496925647771282,0.0,0.0,,r0019,0
20074,2,11837.431154233545,edge_2,1,1.0,0.003,3,r0003|r0006|r0018,r0003|r0006|r0018,1,1,0,0,0.023420735676163002,0.023420735676163002,0.0,5.713626364085246,5.690275890616111,5.713626364085246,0.0,0.0,,r0003|r0006|r0018,0
20074,2,11837.431154233545,cloud_0,1,1.0,0.003,3,r0003|r0006|r0018,r0003|r0006|r0018,1,1,0,0,0.016966052510469936,0.016966052510469936,0.0,6.264737332328673,6.247822177975735,6.264737332328673,0.0,0.0,,r0003|r0006|r0018,1
20074,2,11837.431154233545,edge_2,2,1.0,0.003,3,r0003|r0006|r0018,r0003|r0006|r0018,1,1,0,0,0.04473934764854496,0.04473934764854496,0.0,5.661299882853281,5.616694753247682,5.661299882853281,0.0,0.0,,r0003|r0006|r0018,0
20074,2,11837.431154233545,cloud_0,2,1.0,0.003,3,r0003|r0006|r0018,r0003|r0006|r0018,1,1,0,0,0.029444920286339313,0.029444920286339313,0.0,6.1609432900057755,6.131586704480296,6.160943290005776,-8.881784197001252e-16,-1.4416273253820075e-16,,r0003|r0006|r0018,0
20074,2,11837.431154233545,cloud_0,4,1.0,0.003,3,r0003|r0006|r0018,r0003|r0006|r0018,1,1,0,0,0.054402655838078066,0.054402655838078066,0.0,6.0864343604514195,6.032194912580856,6.0864343604514195,0.0,0.0,,r0003|r0006|r0018,0
20074,2,11837.431154233545,cloud_0,8,1.0,0.003,3,r0003|r0006|r0018,r0003|r0006|r0018,1,1,0,0,0.10431812694155557,0.10431812694155557,0.0,6.034155947299713,5.930150774738982,6.034155947299713,0.0,0.0,,r0003|r0006|r0018,0
20074,3,17511.639659214896,edge_2,1,1.0,0.003,2,r0008|r0017,r0008|r0017,1,1,0,0,0.0057431692464220245,0.0057431692464220245,0.0,5.477612067150277,5.471886127411595,5.477612067150277,0.0,0.0,,r0008|r0017,0
20074,3,17511.639659214896,cloud_0,1,1.0,0.003,2,r0008|r0017,r0008|r0017,1,1,0,0,0.00694354684459157,0.00694354684459157,0.0,5.888695810100182,5.881773093896124,5.888695810100182,0.0,0.0,,r0008|r0017,1
20074,3,17511.639659214896,edge_2,2,1.0,0.003,2,r0008|r0017,r0008|r0017,1,1,0,0,0.009048927326335904,0.009048927326335904,0.0,5.379944924241516,5.370923143697159,5.379944924241516,0.0,0.0,,r0008|r0017,0
20074,3,17511.639659214896,cloud_0,2,1.0,0.003,2,r0008|r0017,r0008|r0017,1,1,0,0,0.00882588325938839,0.00882588325938839,0.0,5.806046735646856,5.797247330037246,5.806046735646857,-8.881784197001252e-16,-1.529747279240894e-16,,r0008|r0017,0
20074,3,17511.639659214896,cloud_0,4,1.0,0.003,2,r0008|r0017,r0008|r0017,1,1,0,0,0.012590556088982035,0.012590556088982035,0.0,5.707112382380719,5.694559597960003,5.707112382380719,0.0,0.0,,r0008|r0017,0
20074,3,17511.639659214896,cloud_0,8,1.0,0.003,2,r0008|r0017,r0008|r0017,1,1,0,0,0.020119901748169317,0.020119901748169317,0.0,5.612720999867466,5.592661457824541,5.612720999867466,0.0,0.0,,r0008|r0017,0
20074,4,21354.926008055863,edge_2,1,1.0,0.003,2,r0012|r0022,r0012|r0022,1,1,0,0,0.003983428076935383,0.003983428076935383,0.0,6.440988615698006,6.437017137905301,6.440988615698006,0.0,0.0,,r0012|r0022,0
20074,4,21354.926008055863,cloud_0,1,1.0,0.003,2,r0012|r0022,r0012|r0022,1,1,0,0,0.004952395326002765,0.004952395326002765,0.0,6.742994531449365,6.73805699330934,6.742994531449365,0.0,0.0,,r0012|r0022,1
20074,4,21354.926008055863,edge_2,2,1.0,0.003,2,r0012|r0022,r0012|r0022,1,1,0,0,0.006276282246136251,0.006276282246136251,0.0,6.342192155185148,6.33593470178575,6.342192155185148,0.0,0.0,,r0012|r0022,0
20074,4,21354.926008055863,cloud_0,2,1.0,0.003,2,r0012|r0022,r0012|r0022,1,1,0,0,0.006294947521767912,0.006294947521767912,0.0,6.659356931723545,6.653080869044342,6.659356931723545,0.0,0.0,,r0012|r0022,0
20074,4,21354.926008055863,cloud_0,4,1.0,0.003,2,r0012|r0022,r0012|r0022,1,1,0,0,0.00898005191329821,0.00898005191329821,0.0,6.558445527912419,6.549492416154861,6.558445527912419,0.0,0.0,,r0012|r0022,0
20074,4,21354.926008055863,cloud_0,8,1.0,0.003,2,r0012|r0022,r0012|r0022,1,1,0,0,0.014350260696358802,0.014350260696358802,0.0,6.46010004430919,6.445792834394919,6.460100044309189,8.881784197001252e-16,1.3748679023671414e-16,,r0012|r0022,0
20074,5,22173.833769237277,edge_2,1,1.0,0.003,3,r0004|r0014|r0023,r0004|r0014|r0023,1,1,0,0,0.18157744211083093,0.18157744211083093,0.0,4.977938669010854,4.796905959226355,4.977938669010854,0.0,0.0,,r0004|r0014|r0023,0
20074,5,22173.833769237277,cloud_0,1,1.0,0.003,3,r0004|r0014|r0023,r0004|r0014|r0023,1,1,0,0,0.11109880032967663,0.11109880032967663,0.0,5.670761473384165,5.5599959694554775,5.670761473384165,0.0,0.0,,r0004|r0014|r0023,1
20074,5,22173.833769237277,edge_2,2,1.0,0.003,3,r0004|r0014|r0023,r0004|r0014|r0023,1,1,0,0,0.35658832803919677,0.35658832803919677,0.0,4.929160246594344,4.573641683539265,4.929160246594344,0.0,0.0,,r0004|r0014|r0023,0
20074,5,22173.833769237277,cloud_0,2,1.0,0.003,3,r0004|r0014|r0023,r0004|r0014|r0023,1,1,0,0,0.20882588950989786,0.20882588950989786,0.0,5.6001880708689695,5.391988659027601,5.6001880708689695,0.0,0.0,,r0004|r0014|r0023,0
20074,5,22173.833769237277,cloud_0,4,1.0,0.003,3,r0004|r0014|r0023,r0004|r0014|r0023,1,1,0,0,0.4042800678703404,0.4042800678703404,0.0,5.540278137510005,5.137210909843276,5.540278137510005,0.0,0.0,,r0004|r0014|r0023,0
20074,5,22173.833769237277,cloud_0,8,1.0,0.003,3,r0004|r0014|r0023,r0004|r0014|r0023,1,1,0,0,0.7951884245912254,0.7951884245912254,0.0,5.468385156311839,4.675582296994387,5.468385156311839,0.0,0.0,,r0004|r0014|r0023,0
20075,0,0.0,edge_2,1,1.0,0.003,1,r0005,r0005,1,1,0,0,0.030537747389147163,0.030537747389147163,0.0,-0.36453832376455403,-0.3949844579115337,-0.364538323764554,-5.551115123125783e-17,-1.522779571102408e-16,,r0005,0
20075,0,0.0,cloud_0,1,1.0,0.003,1,r0005,r0005,1,1,0,0,0.022272879650268116,0.022272879650268116,0.0,-0.27587174761389865,-0.298077808625216,-0.27587174761389865,0.0,0.0,,r0005,1
20075,0,0.0,edge_2,2,1.0,0.003,1,r0005,r0005,1,1,0,0,0.060380085882470784,0.060380085882470784,0.0,-0.36564074109792966,-0.425839686722753,-0.36564074109792966,0.0,0.0,,r0005,0
20075,0,0.0,cloud_0,2,1.0,0.003,1,r0005,r0005,1,1,0,0,0.03932379411164426,0.03932379411164426,0.0,-0.2759229003572828,-0.3151287230865921,-0.2759229003572828,0.0,0.0,,r0005,0
20075,0,0.0,edge_2,4,1.0,0.003,1,r0005,r0005,1,1,0,0,0.12006476286911802,0.12006476286911802,0.0,-0.3678455757646809,-0.4875501443451916,-0.36784557576468097,5.551115123125783e-17,1.5090884569118632e-16,,r0005,0
20075,0,0.0,cloud_0,4,1.0,0.003,1,r0005,r0005,1,1,0,0,0.07342562303439654,0.07342562303439654,0.0,-0.27602520584405105,-0.34923055200934444,-0.2760252058440511,5.551115123125783e-17,2.0110899314977978e-16,,r0005,0
20075,0,0.0,edge_2,8,1.0,0.003,1,r0005,r0005,1,1,0,0,0.23943411684241253,0.23943411684241253,0.0,-0.3722552450981835,-0.6109710595900688,-0.37225524509818353,5.551115123125783e-17,1.4912120638250935e-16,,r0005,0
20075,0,0.0,cloud_0,8,1.0,0.003,1,r0005,r0005,1,1,0,0,0.1416292808799011,0.1416292808799011,0.0,-0.27622981681758757,-0.41743420985484897,-0.27622981681758757,0.0,0.0,,r0005,0
20075,1,3730.2052141513814,edge_2,1,1.0,0.003,1,r0020,r0020,1,1,0,0,0.020568032284408403,0.020568032284408403,0.0,-1.0511522293991007,-1.0716585575866557,-1.0511522293991005,-2.220446049250313e-16,-2.112392465285117e-16,,r0020,0
20075,1,3730.2052141513814,cloud_0,1,1.0,0.003,1,r0020,r0020,1,1,0,0,0.016567189528261327,0.016567189528261327,0.0,-0.446542717518233,-0.46306020547790955,-0.446542717518233,0.0,0.0,,r0020,1
20075,1,3730.2052141513814,edge_2,2,1.0,0.003,1,r0020,r0020,1,1,0,0,0.04044200021938387,0.04044200021938387,0.0,-1.0579541833958808,-1.0982748576146064,-1.0579541833958808,0.0,0.0,,r0020,0
20075,1,3730.2052141513814,cloud_0,2,1.0,0.003,1,r0020,r0020,1,1,0,0,0.027922510336756662,0.027922510336756662,0.0,-0.44657678348065843,-0.4744155262864048,-0.44657678348065843,0.0,0.0,,r0020,0
20075,1,3730.2052141513814,edge_2,4,1.0,0.003,1,r0020,r0020,1,1,0,0,0.0801899360893348,0.0801899360893348,0.0,-1.0715580913894405,-1.1515074576705073,-1.0715580913894405,0.0,0.0,,r0020,0
20075,1,3730.2052141513814,cloud_0,4,1.0,0.003,1,r0020,r0020,1,1,0,0,0.050633151953747346,0.050633151953747346,0.0,-0.44664491540550944,-0.4971261679033955,-0.4466449154055094,-5.551115123125783e-17,-1.2428474906259526e-16,,r0020,0
20075,1,3730.2052141513814,edge_2,8,1.0,0.003,1,r0020,r0020,1,1,0,0,0.1596858078292367,0.1596858078292367,0.0,-1.0987659073765603,-1.2579726577823092,-1.09876590737656,-2.220446049250313e-16,-2.0208545190047834e-16,,r0020,0
20075,1,3730.2052141513814,cloud_0,8,1.0,0.003,1,r0020,r0020,1,1,0,0,0.09605443518772866,0.09605443518772866,0.0,-0.4467811792552113,-0.5425474511373768,-0.4467811792552113,0.0,0.0,,r0020,0
20075,2,13887.87557354785,edge_2,1,1.0,0.003,3,r0007|r0019|r0023,r0007|r0019|r0023,1,1,0,0,0.06143289206088861,0.06143289206088861,0.0,4.708345523413945,4.647096930029239,4.708345523413945,0.0,0.0,,r0007|r0019|r0023,0
20075,2,13887.87557354785,cloud_0,1,1.0,0.003,3,r0007|r0019|r0023,r0007|r0019|r0023,1,1,0,0,0.038567775927524084,0.038567775927524084,0.0,5.083061792165841,5.0446097195661,5.083061792165842,-8.881784197001252e-16,-1.747329574212556e-16,,r0007|r0019|r0023,1
20075,2,13887.87557354785,edge_2,2,1.0,0.003,3,r0007|r0019|r0023,r0007|r0019|r0023,1,1,0,0,0.12195153321423069,0.12195153321423069,0.0,4.69692025167779,4.575334573063202,4.69692025167779,0.0,0.0,,r0007|r0019|r0023,0
20075,2,13887.87557354785,cloud_0,2,1.0,0.003,3,r0007|r0019|r0023,r0007|r0019|r0023,1,1,0,0,0.07074665286671637,0.07074665286671637,0.0,5.009428348323377,4.938893935415261,5.009428348323377,0.0,0.0,,r0007|r0019|r0023,0
20075,2,13887.87557354785,edge_2,4,1.0,0.003,3,r0007|r0019|r0023,r0007|r0019|r0023,1,1,0,0,0.2429888155209149,0.2429888155209149,0.0,4.686211042052573,4.44395119297822,4.686211042052572,8.881784197001252e-16,1.8953017944132125e-16,,r0007|r0019|r0023,0
20075,2,13887.87557354785,cloud_0,4,1.0,0.003,3,r0007|r0019|r0023,r0007|r0019|r0023,1,1,0,0,0.135104406745101,0.135104406745101,0.0,4.964622002024599,4.829922908499733,4.964622002024599,0.0,0.0,,r0007|r0019|r0023,0
20075,2,13887.87557354785,edge_2,8,1.0,0.003,3,r0007|r0019|r0023,r0007|r0019|r0023,1,1,0,0,0.48506338013428313,0.48506338013428313,0.0,4.6709867106101655,4.187378520616285,4.6709867106101655,0.0,0.0,,r0007|r0019|r0023,0
20075,2,13887.87557354785,cloud_0,8,1.0,0.003,3,r0007|r0019|r0023,r0007|r0019|r0023,1,1,0,0,0.26381991450187015,0.26381991450187015,0.0,4.9394618376900405,4.676433382931677,4.939461837690041,-8.881784197001252e-16,-1.798127911269551e-16,,r0007|r0019|r0023,0
20075,3,25376.093636549635,edge_2,1,1.0,0.003,5,r0002|r0004|r0015|r0017|r0021,r0002|r0004|r0015|r0017|r0021,1,1,0,0,0.05398349037505372,0.05398349037505372,0.0,7.072527676917153,7.018706137013224,7.072527676917153,0.0,0.0,,r0002|r0004|r0015|r0017|r0021,0
20075,3,25376.093636549635,cloud_0,1,1.0,0.003,5,r0002|r0004|r0015|r0017|r0021,r0002|r0004|r0015|r0017|r0021,1,1,0,0,0.04091318777990364,0.04091318777990364,0.0,7.616193203879558,7.575402755662994,7.616193203879558,0.0,0.0,,r0002|r0004|r0015|r0017|r0021,1
20075,3,25376.093636549635,edge_2,2,1.0,0.003,5,r0002|r0004|r0015|r0017|r0021,r0002|r0004|r0015|r0017|r0021,1,1,0,0,0.10635036911731673,0.10635036911731673,0.0,7.020953635741545,6.91492231773158,7.020953635741545,0.0,0.0,,r0002|r0004|r0015|r0017|r0021,0
20075,3,25376.093636549635,cloud_0,2,1.0,0.003,5,r0002|r0004|r0015|r0017|r0021,r0002|r0004|r0015|r0017|r0021,1,1,0,0,0.07001795045146,0.07001795045146,0.0,7.476899008812868,7.407091112212763,7.476899008812868,0.0,0.0,,r0002|r0004|r0015|r0017|r0021,0
20075,3,25376.093636549635,edge_2,4,1.0,0.003,5,r0002|r0004|r0015|r0017|r0021,r0002|r0004|r0015|r0017|r0021,1,1,0,0,0.2110841266018427,0.2110841266018427,0.0,6.9503559085686595,6.739905034346622,6.950355908568659,8.881784197001252e-16,1.2778891201890043e-16,,r0002|r0004|r0015|r0017|r0021,0
20075,3,25376.093636549635,cloud_0,4,1.0,0.003,5,r0002|r0004|r0015|r0017|r0021,r0002|r0004|r0015|r0017|r0021,1,1,0,0,0.12822747579457272,0.12822747579457272,0.0,7.354555748195807,7.226712954828618,7.354555748195807,0.0,0.0,,r0002|r0004|r0015|r0017|r0021,0
20075,3,25376.093636549635,edge_2,8,1.0,0.003,5,r0002|r0004|r0015|r0017|r0021,r0002|r0004|r0015|r0017|r0021,1,1,0,0,0.42055164157089475,0.42055164157089475,0.0,6.82630110987843,6.407011123232248,6.82630110987843,0.0,0.0,,r0002|r0004|r0015|r0017|r0021,0
20075,3,25376.093636549635,cloud_0,8,1.0,0.003,5,r0002|r0004|r0015|r0017|r0021,r0002|r0004|r0015|r0017|r0021,1,1,0,0,0.24464652648079815,0.24464652648079815,0.0,7.237979794523122,6.994067207621766,7.237979794523122,0.0,0.0,,r0002|r0004|r0015|r0017|r0021,0
20075,4,29901.65562900972,edge_2,1,1.0,0.003,2,r0001|r0003,r0001|r0003,1,1,0,0,0.037911474634861594,0.037911474634861594,0.0,5.144737398930736,5.106939658719779,5.144737398930736,0.0,0.0,,r0001|r0003,0
20075,4,29901.65562900972,cloud_0,1,1.0,0.003,2,r0001|r0003,r0001|r0003,1,1,0,0,0.028587874104878508,0.028587874104878508,0.0,5.672732567340959,5.644230456858395,5.672732567340959,0.0,0.0,,r0001|r0003,1
20075,4,29901.65562900972,edge_2,2,1.0,0.003,2,r0001|r0003,r0001|r0003,1,1,0,0,0.07482457937718962,0.07482457937718962,0.0,5.106496801882017,5.031896696242958,5.106496801882016,8.881784197001252e-16,1.739310635370973e-16,,r0001|r0003,0
20075,4,29901.65562900972,cloud_0,2,1.0,0.003,2,r0001|r0003,r0001|r0003,1,1,0,0,0.0496787879957609,0.0496787879957609,0.0,5.584438484288388,5.534908732656614,5.584438484288388,0.0,0.0,,r0001|r0003,0
20075,4,29901.65562900972,edge_2,4,1.0,0.003,2,r0001|r0003,r0001|r0003,1,1,0,0,0.14865078886184568,0.14865078886184568,0.0,5.044378565435218,4.896173728939957,5.044378565435218,0.0,0.0,,r0001|r0003,0
20075,4,29901.65562900972,cloud_0,4,1.0,0.003,2,r0001|r0003,r0001|r0003,1,1,0,0,0.09186061577752569,0.09186061577752569,0.0,5.50812106115996,5.416536027229767,5.50812106115996,0.0,0.0,,r0001|r0003,0
20075,4,29901.65562900972,edge_2,8,1.0,0.003,2,r0001|r0003,r0001|r0003,1,1,0,0,0.2963032078311578,0.2963032078311578,0.0,4.927542068298357,4.632127770090693,4.927542068298357,0.0,0.0,,r0001|r0003,0
20075,4,29901.65562900972,cloud_0,8,1.0,0.003,2,r0001|r0003,r0001|r0003,1,1,0,0,0.17622427134105523,0.17622427134105523,0.0,5.424663839019606,5.248968240492574,5.424663839019606,0.0,0.0,,r0001|r0003,0
20076,0,0.0,edge_5,1,1.0,0.003,1,r0009,r0009,1,1,0,0,0.0037598013142611988,0.0037598013142611988,0.0,-0.19472557641550423,-0.19847409832582263,-0.19472557641550423,0.0,0.0,,r0009,0
20076,0,0.0,cloud_0,1,1.0,0.003,1,r0009,r0009,1,1,0,0,0.001961854599310944,0.001961854599310944,0.0,-0.053423228994130025,-0.055379198029643036,-0.053423228994130025,0.0,0.0,,r0009,1
20076,0,0.0,edge_5,2,1.0,0.003,1,r0009,r0009,1,1,0,0,0.004665621346078682,0.004665621346078682,0.0,-0.1950924409779174,-0.19974406545995785,-0.1950924409779174,0.0,0.0,,r0009,0
20076,0,0.0,cloud_0,2,1.0,0.003,1,r0009,r0009,1,1,0,0,0.002596099098185042,0.002596099098185042,0.0,-0.05342513172762664,-0.05601344252851713,-0.05342513172762664,0.0,0.0,,r0009,0
20076,0,0.0,edge_5,4,1.0,0.003,1,r0009,r0009,1,1,0,0,0.006477261409713649,0.006477261409713649,0.0,-0.19582617010274364,-0.20228399972822816,-0.19582617010274367,2.7755575615628914e-17,1.4173578332797123e-16,,r0009,0
20076,0,0.0,cloud_0,4,1.0,0.003,1,r0009,r0009,1,1,0,0,0.0038645880959332383,0.0038645880959332383,0.0,-0.053428937194619885,-0.057281931526265324,-0.053428937194619885,0.0,0.0,,r0009,0
20076,0,0.0,edge_5,8,1.0,0.003,1,r0009,r0009,1,1,0,0,0.010100541536983582,0.010100541536983582,0.0,-0.1972936283523962,-0.20736386826476882,-0.1972936283523962,0.0,0.0,,r0009,0
20076,0,0.0,cloud_0,8,1.0,0.003,1,r0009,r0009,1,1,0,0,0.006401566091429629,0.006401566091429629,0.0,-0.053436548128606376,-0.059818909521761714,-0.053436548128606376,0.0,0.0,,r0009,0
20076,1,1777.9693627469485,edge_5,1,1.0,0.003,1,r0021,r0021,1,1,0,0,0.006967332036181773,0.006967332036181773,0.0,-0.08422014317271578,-0.09116657321278901,-0.08422014317271578,0.0,0.0,,r0021,0
20076,1,1777.9693627469485,cloud_0,1,1.0,0.003,1,r0021,r0021,1,1,0,0,0.0035930100647858856,0.0035930100647858856,0.0,-0.07199657670409464,-0.07557880773868615,-0.07199657670409462,-1.3877787807814457e-17,-1.9275621763034727e-16,,r0021,1
20076,1,1777.9693627469485,edge_5,2,1.0,0.003,1,r0021,r0021,1,1,0,0,0.01002106374680868,0.01002106374680868,0.0,-0.0842633695328709,-0.09425437008843916,-0.0842633695328709,0.0,0.0,,r0021,0
20076,1,1777.9693627469485,cloud_0,2,1.0,0.003,1,r0021,r0021,1,1,0,0,0.005533674947004355,0.005533674947004355,0.0,-0.07200239869874128,-0.07751947262090463,-0.07200239869874128,0.0,0.0,,r0021,0
20076,1,1777.9693627469485,edge_5,4,1.0,0.003,1,r0021,r0021,1,1,0,0,0.01612852716806249,0.01612852716806249,0.0,-0.08434982225318115,-0.10042996383973944,-0.08434982225318113,-1.3877787807814457e-17,-1.6452658034251013e-16,,r0021,0
20076,1,1777.9693627469485,cloud_0,4,1.0,0.003,1,r0021,r0021,1,1,0,0,0.009415004711441289,0.009415004711441289,0.0,-0.0720140426880346,-0.08140080238534156,-0.07201404268803459,-1.3877787807814457e-17,-1.927094673456001e-16,,r0021,0
20076,1,1777.9693627469485,edge_5,8,1.0,0.003,1,r0021,r0021,1,1,0,0,0.02834345401057011,0.02834345401057011,0.0,-0.08452272769380162,-0.11278115134234003,-0.08452272769380162,0.0,0.0,,r0021,0
20076,1,1777.9693627469485,cloud_0,8,1.0,0.003,1,r0021,r0021,1,1,0,0,0.017177664240315162,0.017177664240315162,0.0,-0.07203733066662121,-0.08916346191421544,-0.07203733066662123,1.3877787807814457e-17,1.926471688969006e-16,,r0021,0
20076,2,2841.882350167626,edge_5,1,1.0,0.003,1,r0020,r0020,1,1,0,0,0.01875770839953359,0.01875770839953359,0.0,-1.1730020796945855,-1.1917035149689206,-1.1730020796945855,0.0,0.0,,r0020,0
20076,2,2841.882350167626,cloud_0,1,1.0,0.003,1,r0020,r0020,1,1,0,0,0.013278048778727241,0.013278048778727241,0.0,-0.40660821668639824,-0.4198464313187893,-0.40660821668639824,0.0,0.0,,r0020,1
20076,2,2841.882350167626,edge_5,2,1.0,0.003,1,r0020,r0020,1,1,0,0,0.03333188728614661,0.03333188728614661,0.0,-1.1756022133686908,-1.208834104992979,-1.1756022133686908,0.0,0.0,,r0020,0
20076,2,2841.882350167626,cloud_0,2,1.0,0.003,1,r0020,r0020,1,1,0,0,0.02442946110221537,0.02442946110221537,0.0,-0.4066416709233687,-0.43099784364227745,-0.4066416709233687,0.0,0.0,,r0020,0
20076,2,2841.882350167626,edge_5,4,1.0,0.003,1,r0020,r0020,1,1,0,0,0.062480245059372656,0.062480245059372656,0.0,-1.1808024807169015,-1.2430952850410961,-1.1808024807169015,0.0,0.0,,r0020,0
20076,2,2841.882350167626,cloud_0,4,1.0,0.003,1,r0020,r0020,1,1,0,0,0.04673228574919164,0.04673228574919164,0.0,-0.40670857939730964,-0.45330066828925375,-0.4067085793973097,5.551115123125783e-17,1.3648876380606055e-16,,r0020,0
20076,2,2841.882350167626,edge_5,8,1.0,0.003,1,r0020,r0020,1,1,0,0,0.12077696060582474,0.12077696060582474,0.0,-1.1912030154133229,-1.3116176451373303,-1.191203015413323,2.220446049250313e-16,1.8640366255955655e-16,,r0020,0
20076,2,2841.882350167626,cloud_0,8,1.0,0.003,1,r0020,r0020,1,1,0,0,0.09133793504314415,0.09133793504314415,0.0,-0.4068423963451915,-0.49790631758320614,-0.4068423963451914,-5.551115123125783e-17,-1.364438704764647e-16,,r0020,0
20076,3,12282.485060434044,edge_5,1,1.0,0.003,4,r0004|r0011|r0013|r0016,r0004|r0011|r0013|r0016,1,1,0,0,0.043551018740799856,0.043551018740799856,0.0,5.325591707073431,5.282171341388854,5.325591707073431,0.0,0.0,,r0004|r0011|r0013|r0016,0
20076,3,12282.485060434044,cloud_0,1,1.0,0.003,4,r0004|r0011|r0013|r0016,r0004|r0011|r0013|r0016,1,1,0,0,0.028997067334769415,0.028997067334769415,0.0,5.639662706878059,5.610752630745293,5.639662706878058,8.881784197001252e-16,1.5748786157316014e-16,,r0004|r0011|r0013|r0016,1
20076,3,12282.485060434044,edge_5,2,1.0,0.003,4,r0004|r0011|r0013|r0016,r0004|r0011|r0013|r0016,1,1,0,0,0.0810275056574949,0.0810275056574949,0.0,5.232578103042131,5.151793679901608,5.232578103042131,0.0,0.0,,r0004|r0011|r0013|r0016,0
20076,3,12282.485060434044,cloud_0,2,1.0,0.003,4,r0004|r0011|r0013|r0016,r0004|r0011|r0013|r0016,1,1,0,0,0.055175128327391715,0.055175128327391715,0.0,5.570619139308379,5.515609536365969,5.570619139308379,0.0,0.0,,r0004|r0011|r0013|r0016,0
20076,3,12282.485060434044,edge_5,4,1.0,0.003,4,r0004|r0011|r0013|r0016,r0004|r0011|r0013|r0016,1,1,0,0,0.1559804794908849,0.1559804794908849,0.0,5.151771947970325,4.996259409917912,5.151771947970325,0.0,0.0,,r0004|r0011|r0013|r0016,0
20076,3,12282.485060434044,cloud_0,4,1.0,0.003,4,r0004|r0011|r0013|r0016,r0004|r0011|r0013|r0016,1,1,0,0,0.10753125031263634,0.10753125031263634,0.0,5.513229834150112,5.406021177588413,5.513229834150112,0.0,0.0,,r0004|r0011|r0013|r0016,0
20076,3,12282.485060434044,edge_5,8,1.0,0.003,4,r0004|r0011|r0013|r0016,r0004|r0011|r0013|r0016,1,1,0,0,0.305886427157665,0.305886427157665,0.0,5.055526602505831,4.75055783462964,5.055526602505831,0.0,0.0,,r0004|r0011|r0013|r0016,0
20076,3,12282.485060434044,cloud_0,8,1.0,0.003,4,r0004|r0011|r0013|r0016,r0004|r0011|r0013|r0016,1,1,0,0,0.21224349428312553,0.21224349428312553,0.0,5.445376292692214,5.233769528891938,5.445376292692214,0.0,0.0,,r0004|r0011|r0013|r0016,0
20076,4,23407.7756689048,edge_5,1,1.0,0.003,3,r0000|r0007|r0019,r0000|r0007|r0019,1,1,0,0,0.019123331413294416,0.019123331413294416,0.0,6.304887651305053,6.285821689885998,6.304887651305053,0.0,0.0,,r0000|r0007|r0019,0
20076,4,23407.7756689048,cloud_0,1,1.0,0.003,3,r0000|r0007|r0019,r0000|r0007|r0019,1,1,0,0,0.015486865062657507,0.015486865062657507,0.0,6.536039472327332,6.520599067859862,6.536039472327332,0.0,0.0,,r0000|r0007|r0019,1
20076,4,23407.7756689048,edge_5,2,1.0,0.003,3,r0000|r0007|r0019,r0000|r0007|r0019,1,1,0,0,0.03354164698030566,0.03354164698030566,0.0,6.196419794933035,6.16297877289367,6.196419794933035,0.0,0.0,,r0000|r0007|r0019,0
20076,4,23407.7756689048,cloud_0,2,1.0,0.003,3,r0000|r0007|r0019,r0000|r0007|r0019,1,1,0,0,0.028214442616210447,0.028214442616210447,0.0,6.450102136509381,6.421972337221019,6.450102136509381,0.0,0.0,,r0000|r0007|r0019,0
20076,4,23407.7756689048,edge_5,4,1.0,0.003,3,r0000|r0007|r0019,r0000|r0007|r0019,1,1,0,0,0.062378278114328146,0.062378278114328146,0.0,6.108386818775547,6.046195675495563,6.108386818775548,-8.881784197001252e-16,-1.4540310658946846e-16,,r0000|r0007|r0019,0
20076,4,23407.7756689048,cloud_0,4,1.0,0.003,3,r0000|r0007|r0019,r0000|r0007|r0019,1,1,0,0,0.05366959772331633,0.05366959772331633,0.0,6.385723199649399,6.3322146107192525,6.385723199649399,0.0,0.0,,r0000|r0007|r0019,0
20076,4,23407.7756689048,edge_5,8,1.0,0.003,3,r0000|r0007|r0019,r0000|r0007|r0019,1,1,0,0,0.12005154038237313,0.12005154038237313,0.0,6.023478760585437,5.903787374824211,6.023478760585437,0.0,0.0,,r0000|r0007|r0019,0
20076,4,23407.7756689048,cloud_0,8,1.0,0.003,3,r0000|r0007|r0019,r0000|r0007|r0019,1,1,0,0,0.1045799079375281,0.1045799079375281,0.0,6.32580935894182,6.221543190728104,6.32580935894182,0.0,0.0,,r0000|r0007|r0019,0
20076,5,27024.19217547928,edge_5,1,1.0,0.003,2,r0005|r0015,r0005|r0015,1,1,0,0,0.043672220357048465,0.043672220357048465,0.0,4.412323778395191,4.368782574699214,4.412323778395192,-8.881784197001252e-16,-2.0129493308017506e-16,,r0005|r0015,0
20076,5,27024.19217547928,cloud_0,1,1.0,0.003,2,r0005|r0015,r0005|r0015,1,1,0,0,0.0309256855808242,0.0309256855808242,0.0,5.178103357088059,5.147270448563977,5.178103357088059,0.0,0.0,,r0005|r0015,1
20076,5,27024.19217547928,edge_5,2,1.0,0.003,2,r0005|r0015,r0005|r0015,1,1,0,0,0.07940153847753711,0.07940153847753711,0.0,4.350735255015115,4.2715719211530105,4.350735255015115,0.0,0.0,,r0005|r0015,0
20076,5,27024.19217547928,cloud_0,2,1.0,0.003,2,r0005|r0015,r0005|r0015,1,1,0,0,0.057871648277013785,0.057871648277013785,0.0,5.135438765197659,5.077740731865476,5.135438765197659,0.0,0.0,,r0005|r0015,0
20076,5,27024.19217547928,edge_5,4,1.0,0.003,2,r0005|r0015,r0005|r0015,1,1,0,0,0.1508601747185144,0.1508601747185144,0.0,4.307054859122247,4.156647264927888,4.307054859122247,0.0,0.0,,r0005|r0015,0
20076,5,27024.19217547928,cloud_0,4,1.0,0.003,2,r0005|r0015,r0005|r0015,1,1,0,0,0.11176357366939296,0.11176357366939296,0.0,5.111078437300822,4.999650154352437,5.111078437300822,0.0,0.0,,r0005|r0015,0
20076,5,27024.19217547928,edge_5,8,1.0,0.003,2,r0005|r0015,r0005|r0015,1,1,0,0,0.29377744720046894,0.29377744720046894,0.0,4.269080141906634,3.9761840270477657,4.269080141906633,8.881784197001252e-16,2.0804913240711657e-16,,r0005|r0015,0
20076,5,27024.19217547928,cloud_0,8,1.0,0.003,2,r0005|r0015,r0005|r0015,1,1,0,0,0.2195474244541513,0.2195474244541513,0.0,5.097810627776465,4.878921845595676,5.097810627776465,0.0,0.0,,r0005|r0015,0
20077,0,0.0,cloud_0,1,1.0,0.003,1,r0017,r0017,1,1,0,0,0.019895526791150826,0.019895526791150826,0.0,-0.42114807812616645,-0.44098391833694384,-0.42114807812616645,0.0,0.0,,r0017,1
20077,0,0.0,cloud_0,2,1.0,0.003,1,r0017,r0017,1,1,0,0,0.03124911101527083,0.03124911101527083,0.0,-0.4211821388788388,-0.45233750256106386,-0.4211821388788388,0.0,0.0,,r0017,0
20077,0,0.0,cloud_0,4,1.0,0.003,1,r0017,r0017,1,1,0,0,0.05395627946351084,0.05395627946351084,0.0,-0.42125026038418356,-0.4750446710093038,-0.4212502603841835,-5.551115123125783e-17,-1.317771321509243e-16,,r0017,0
20077,0,0.0,cloud_0,8,1.0,0.003,1,r0017,r0017,1,1,0,0,0.09937061635999085,0.09937061635999085,0.0,-0.42138650339487294,-0.5204590079057838,-0.42138650339487294,0.0,0.0,,r0017,0
20077,1,9089.158538999684,cloud_0,1,1.0,0.003,2,r0003|r0006,r0003|r0006,1,1,0,0,0.010600185212004249,0.010600185212004249,0.0,6.088162227653273,6.0775938429969045,6.088162227653273,0.0,0.0,,r0003|r0006,1
20077,1,9089.158538999684,cloud_0,2,1.0,0.003,2,r0003|r0006,r0003|r0006,1,1,0,0,0.013543540753946388,0.013543540753946388,0.0,6.004398899939965,5.990895989808281,6.004398899939965,0.0,0.0,,r0003|r0006,0
20077,1,9089.158538999684,cloud_0,4,1.0,0.003,2,r0003|r0006,r0003|r0006,1,1,0,0,0.019430251837830672,0.019430251837830672,0.0,5.905159609277617,5.885787648195301,5.905159609277618,-8.881784197001252e-16,-1.504071826110686e-16,,r0003|r0006,0
20077,1,9089.158538999684,cloud_0,8,1.0,0.003,2,r0003|r0006,r0003|r0006,1,1,0,0,0.03120367400559923,0.03120367400559923,0.0,5.811501800387151,5.780391737403568,5.811501800387151,0.0,0.0,,r0003|r0006,0
20077,2,11641.868992801761,cloud_0,1,1.0,0.003,2,r0011|r0019,r0011|r0019,1,1,0,0,0.04496703175926628,0.04496703175926628,0.0,5.15038758015623,5.1055554494922415,5.15038758015623,0.0,0.0,,r0011|r0019,1
20077,2,11641.868992801761,cloud_0,2,1.0,0.003,2,r0011|r0019,r0011|r0019,1,1,0,0,0.07734567177388929,0.07734567177388929,0.0,5.057412190788795,4.9802985560302275,5.057412190788795,0.0,0.0,,r0011|r0019,0
20077,2,11641.868992801761,cloud_0,4,1.0,0.003,2,r0011|r0019,r0011|r0019,1,1,0,0,0.14210295180313529,0.14210295180313529,0.0,4.975158248863935,4.83348160591621,4.975158248863935,0.0,0.0,,r0011|r0019,0
20077,2,11641.868992801761,cloud_0,8,1.0,0.003,2,r0011|r0019,r0011|r0019,1,1,0,0,0.27161751186162736,0.27161751186162736,0.0,4.883929052861162,4.613126393535119,4.883929052861162,0.0,0.0,,r0011|r0019,0
20077,3,24786.071196203906,cloud_0,1,1.0,0.003,5,r0004|r0005|r0008|r0009|r0022,r0004|r0005|r0008|r0009|r0022,1,1,0,0,0.03253489501148264,0.03253489501148264,0.0,7.907009267633469,7.87457197730702,7.907009267633468,8.881784197001252e-16,1.1232798516321366e-16,,r0004|r0005|r0008|r0009|r0022,1
20077,3,24786.071196203906,cloud_0,2,1.0,0.003,5,r0004|r0005|r0008|r0009|r0022,r0004|r0005|r0008|r0009|r0022,1,1,0,0,0.05207472782892679,0.05207472782892679,0.0,7.765065862822798,7.713147359177358,7.765065862822798,0.0,0.0,,r0004|r0005|r0008|r0009|r0022,0
20077,3,24786.071196203906,cloud_0,4,1.0,0.003,5,r0004|r0005|r0008|r0009|r0022,r0004|r0005|r0008|r0009|r0022,1,1,0,0,0.09115439346381507,0.09115439346381507,0.0,7.633306704445687,7.542425774162263,7.633306704445687,0.0,0.0,,r0004|r0005|r0008|r0009|r0022,0
20077,3,24786.071196203906,cloud_0,8,1.0,0.003,5,r0004|r0005|r0008|r0009|r0022,r0004|r0005|r0008|r0009|r0022,1,1,0,0,0.1693137247335916,0.1693137247335916,0.0,7.5212286640518675,7.352422880492477,7.5212286640518675,0.0,0.0,,r0004|r0005|r0008|r0009|r0022,0
20077,4,28866.974539166007,cloud_0,1,1.0,0.003,2,r0007|r0020,r0007|r0020,1,1,0,0,0.0373915091294997,0.0373915091294997,0.0,5.423709536878271,5.38643020227616,5.423709536878271,0.0,0.0,,r0007|r0020,1
20077,4,28866.974539166007,cloud_0,2,1.0,0.003,2,r0007|r0020,r0007|r0020,1,1,0,0,0.06101716205536414,0.06101716205536414,0.0,5.332780176015079,5.2719460654458805,5.332780176015079,0.0,0.0,,r0007|r0020,0
20077,4,28866.974539166007,cloud_0,4,1.0,0.003,2,r0007|r0020,r0007|r0020,1,1,0,0,0.10826846790709306,0.10826846790709306,0.0,5.265633157142362,5.15768949463899,5.265633157142362,0.0,0.0,,r0007|r0020,0
20077,4,28866.974539166007,cloud_0,8,1.0,0.003,2,r0007|r0020,r0007|r0020,1,1,0,0,0.20277107961055085,0.20277107961055085,0.0,5.223207313073649,5.02104454670193,5.223207313073649,0.0,0.0,,r0007|r0020,0
20078,0,0.0,cloud_0,1,1.0,0.003,1,r0013,r0013,1,1,0,0,0.017685335566163456,0.017685335566163456,0.0,-0.4316599835083864,-0.4492922630678513,-0.43165998350838636,-5.551115123125783e-17,-1.2859925254150722e-16,,r0013,1
20078,0,0.0,cloud_0,2,1.0,0.003,1,r0013,r0013,1,1,0,0,0.029646047623678767,0.029646047623678767,0.0,-0.4316958656445589,-0.46125297512536667,-0.4316958656445589,0.0,0.0,,r0013,0
20078,0,0.0,cloud_0,4,1.0,0.003,1,r0013,r0013,1,1,0,0,0.053567471738709384,0.053567471738709384,0.0,-0.431767629916904,-0.4851743992403973,-0.43176762991690404,5.551115123125783e-17,1.2856719074086503e-16,,r0013,0
20078,0,0.0,cloud_0,8,1.0,0.003,1,r0013,r0013,1,1,0,0,0.10141031996877062,0.10141031996877062,0.0,-0.4319111584615941,-0.5330172474704584,-0.4319111584615941,0.0,0.0,,r0013,0
20078,1,10761.942229780192,cloud_0,1,1.0,0.003,3,r0002|r0008|r0021,r0002|r0008|r0021,1,1,0,0,0.013526532330603892,0.013526532330603892,0.0,7.225793317635879,7.212307364902267,7.225793317635879,0.0,0.0,,r0002|r0008|r0021,1
20078,1,10761.942229780192,cloud_0,2,1.0,0.003,3,r0002|r0008|r0021,r0002|r0008|r0021,1,1,0,0,0.019197307750258043,0.019197307750258043,0.0,7.104376319968277,7.08523660414127,7.104376319968278,-8.881784197001252e-16,-1.2501849278503466e-16,,r0002|r0008|r0021,0
20078,1,10761.942229780192,cloud_0,4,1.0,0.003,3,r0002|r0008|r0021,r0002|r0008|r0021,1,1,0,0,0.030538858589566346,0.030538858589566346,0.0,6.978000577748629,6.947553335734832,6.97800057774863,-8.881784197001252e-16,-1.272826520726207e-16,,r0002|r0008|r0021,0
20078,1,10761.942229780192,cloud_0,8,1.0,0.003,3,r0002|r0008|r0021,r0002|r0008|r0021,1,1,0,0,0.053221960268182954,0.053221960268182954,0.0,6.869401623156461,6.816339328769083,6.869401623156461,0.0,0.0,,r0002|r0008|r0021,0
20078,2,13468.058553122424,cloud_0,1,1.0,0.003,2,r0011|r0015,r0011|r0015,1,1,0,0,0.019032738434475144,0.019032738434475144,0.0,5.295584240868057,5.276608600648885,5.295584240868057,0.0,0.0,,r0011|r0015,1
20078,2,13468.058553122424,cloud_0,2,1.0,0.003,2,r0011|r0015,r0011|r0015,1,1,0,0,0.032918472940557233,0.032918472940557233,0.0,5.21947619102628,5.186656473504545,5.21947619102628,0.0,0.0,,r0011|r0015,0
20078,2,13468.058553122424,cloud_0,4,1.0,0.003,2,r0011|r0015,r0011|r0015,1,1,0,0,0.0606899419527214,0.0606899419527214,0.0,5.169166138808021,5.108658266681158,5.169166138808022,-8.881784197001252e-16,-1.7182237828110006e-16,,r0011|r0015,0
20078,2,13468.058553122424,cloud_0,8,1.0,0.003,2,r0011|r0015,r0011|r0015,1,1,0,0,0.11623287997704973,0.11623287997704973,0.0,5.139633183931825,5.023749002594707,5.139633183931826,-8.881784197001252e-16,-1.7280969048080345e-16,,r0011|r0015,0
20078,3,20100.505826322074,cloud_0,1,1.0,0.003,1,r0016,r0016,1,1,0,0,0.005482466868412019,0.005482466868412019,0.0,0.2965079341996526,0.2910419147318458,0.2965079341996526,0.0,0.0,,r0016,1
20078,3,20100.505826322074,cloud_0,2,1.0,0.003,1,r0016,r0016,1,1,0,0,0.007230221327845,0.007230221327845,0.0,0.2965026909362743,0.28929416027241284,0.2965026909362743,0.0,0.0,,r0016,0
20078,3,20100.505826322074,cloud_0,4,1.0,0.003,1,r0016,r0016,1,1,0,0,0.010725730246710967,0.010725730246710967,0.0,0.29649220440951773,0.2857986513535469,0.29649220440951773,0.0,0.0,,r0016,0
20078,3,20100.505826322074,cloud_0,8,1.0,0.003,1,r0016,r0016,1,1,0,0,0.0177167480844429,0.0177167480844429,0.0,0.2964712313560045,0.27880763351581495,0.2964712313560045,0.0,0.0,,r0016,0
20078,4,23169.765244647384,cloud_0,1,1.0,0.003,2,r0003|r0020,r0003|r0020,1,1,0,0,0.015339761096395064,0.015339761096395064,0.0,4.626777626280949,4.611483884467843,4.626777626280949,0.0,0.0,,r0003|r0020,1
20078,4,23169.765244647384,cloud_0,2,1.0,0.003,2,r0003|r0020,r0003|r0020,1,1,0,0,0.02653120633716198,0.02653120633716198,0.0,4.5506776593069675,4.524226046588818,4.550677659306968,-8.881784197001252e-16,-1.9517497968322099e-16,,r0003|r0020,0
20078,4,23169.765244647384,cloud_0,4,1.0,0.003,2,r0003|r0020,r0003|r0020,1,1,0,0,0.048914096818695824,0.048914096818695824,0.0,4.500383772824301,4.4516164182960605,4.5003837728243,8.881784197001252e-16,1.9735615106058658e-16,,r0003|r0020,0
20078,4,23169.765244647384,cloud_0,8,1.0,0.003,2,r0003|r0020,r0003|r0020,1,1,0,0,0.09367987778176348,0.09367987778176348,0.0,4.470883149419288,4.37748431127087,4.470883149419288,0.0,0.0,,r0003|r0020,0
20078,5,33927.59950903717,cloud_0,1,1.0,0.003,2,r0009|r0010,r0009|r0010,1,1,0,0,0.010342094287790315,0.010342094287790315,0.0,6.5104644163119065,6.50015334830698,6.5104644163119065,0.0,0.0,,r0009|r0010,1
20078,5,33927.59950903717,cloud_0,2,1.0,0.003,2,r0009|r0010,r0009|r0010,1,1,0,0,0.014237564300459488,0.014237564300459488,0.0,6.413963977998587,6.399769126391029,6.413963977998588,-8.881784197001252e-16,-1.384757417950564e-16,,r0009|r0010,0
20078,5,33927.59950903717,cloud_0,4,1.0,0.003,2,r0009|r0010,r0009|r0010,1,1,0,0,0.022028504325797827,0.022028504325797827,0.0,6.314737381157256,6.292774962344436,6.314737381157256,0.0,0.0,,r0009|r0010,0
20078,5,33927.59950903717,cloud_0,8,1.0,0.003,2,r0009|r0010,r0009|r0010,1,1,0,0,0.037610384376474515,0.037610384376474515,0.0,6.232358396936004,6.194860843712658,6.232358396936004,0.0,0.0,,r0009|r0010,0
20078,6,38097.74592439609,cloud_0,1,1.0,0.003,1,r0005,r0005,1,1,0,0,0.060145487636708975,0.060145487636708975,0.0,1.4228358740258809,1.362870822852082,1.4228358740258809,0.0,0.0,,r0005,1
20078,6,38097.74592439609,cloud_0,2,1.0,0.003,1,r0005,r0005,1,1,0,0,0.10573231276412035,0.10573231276412035,0.0,1.416635697621204,1.3112205817953761,1.4166356976212042,-2.220446049250313e-16,-1.5674079461493568e-16,,r0005,0
20078,6,38097.74592439609,cloud_0,4,1.0,0.003,1,r0005,r0005,1,1,0,0,0.1969059630189431,0.1969059630189431,0.0,1.404235344811851,1.2079200996819646,1.4042353448118507,2.220446049250313e-16,1.5812492239666733e-16,,r0005,0
20078,6,38097.74592439609,cloud_0,8,1.0,0.003,1,r0005,r0005,1,1,0,0,0.37925326352858857,0.37925326352858857,0.0,1.3794346391931445,1.0013191354551416,1.3794346391931445,0.0,0.0,,r0005,0
20079,0,0.0,edge_2,1,1.0,0.003,1,r0002,r0002,1,1,0,0,0.011193753856602153,0.011193753856602153,0.0,-0.2238794250786028,-0.23503959767363516,-0.2238794250786028,0.0,0.0,,r0002,0
20079,0,0.0,edge_4,1,1.0,0.003,1,r0002,r0002,1,1,0,0,0.016393417684494056,0.016393417684494056,0.0,-0.27152622364239243,-0.28787046107383296,-0.2715262236423924,-5.551115123125783e-17,-2.0444121560931644e-16,,r0002,0
20079,0,0.0,cloud_0,1,1.0,0.003,1,r0002,r0002,1,1,0,0,0.002213931643766218,0.002213931643766218,0.0,-0.07137779688186276,-0.07358508673069768,-0.07137779688186276,0.0,0.0,,r0002,1
20079,0,0.0,edge_2,2,1.0,0.003,1,r0002,r0002,1,1,0,0,0.012219521010562163,0.012219521010562163,0.0,-0.2254761301800165,-0.23765899262754697,-0.2254761301800165,0.0,0.0,,r0002,0
20079,0,0.0,edge_4,2,1.0,0.003,1,r0002,r0002,1,1,0,0,0.01755648059540845,0.01755648059540845,0.0,-0.2733876829234019,-0.2908914940770241,-0.2733876829234019,0.0,0.0,,r0002,0
20079,0,0.0,cloud_0,2,1.0,0.003,1,r0002,r0002,1,1,0,0,0.0026781385970633897,0.0026781385970633897,0.0,-0.07137918950272265,-0.07404929368399485,-0.07137918950272265,0.0,0.0,,r0002,0
20079,0,0.0,edge_4,4,1.0,0.003,1,r0002,r0002,1,1,0,0,0.019882606417237242,0.019882606417237242,0.0,-0.2771106014854207,-0.29693356008340627,-0.2771106014854207,0.0,0.0,,r0002,0
20079,0,0.0,cloud_0,4,1.0,0.003,1,r0002,r0002,1,1,0,0,0.0036065525036577343,0.0036065525036577343,0.0,-0.07138197474444244,-0.0749777075905892,-0.07138197474444244,0.0,0.0,,r0002,0
20079,0,0.0,edge_4,8,1.0,0.003,1,r0002,r0002,1,1,0,0,0.024534858060894817,0.024534858060894817,0.0,-0.28455643860945856,-0.3090176920961707,-0.28455643860945856,0.0,0.0,,r0002,0
20079,0,0.0,cloud_0,8,1.0,0.003,1,r0002,r0002,1,1,0,0,0.005463380316846423,0.005463380316846423,0.0,-0.07138754522788199,-0.07683453540377788,-0.071387545227882,1.3877787807814457e-17,1.9440068661156563e-16,,r0002,0
20079,1,2404.5399682812204,edge_2,1,1.0,0.003,3,r0011|r0016|r0019,r0011|r0016|r0019,1,1,0,0,0.025672482716971104,0.025672482716971104,0.0,6.512294313366134,6.486698848097314,6.512294313366134,0.0,0.0,,r0011|r0016|r0019,0
20079,1,2404.5399682812204,edge_4,1,1.0,0.003,3,r0011|r0016|r0019,r0011|r0016|r0019,1,1,0,0,0.03357130780068907,0.03357130780068907,0.0,6.516727741839606,6.483257147962319,6.516727741839606,0.0,0.0,,r0011|r0016|r0019,0
20079,1,2404.5399682812204,cloud_0,1,1.0,0.003,3,r0011|r0016|r0019,r0011|r0016|r0019,1,1,0,0,0.007842644084336013,0.007842644084336013,0.0,6.410898567181439,6.403079451029356,6.410898567181439,0.0,0.0,,r0011|r0016|r0019,1
20079,1,2404.5399682812204,edge_2,2,1.0,0.003,3,r0011|r0016|r0019,r0011|r0016|r0019,1,1,0,0,0.0378839396563461,0.0378839396563461,0.0,6.380643248487241,6.3428729606498635,6.380643248487241,0.0,0.0,,r0011|r0016|r0019,0
20079,1,2404.5399682812204,edge_4,2,1.0,0.003,3,r0011|r0016|r0019,r0011|r0016|r0019,1,1,0,0,0.04723910225204048,0.04723910225204048,0.0,6.384748244014138,6.337650859068853,6.384748244014138,0.0,0.0,,r0011|r0016|r0019,0
20079,1,2404.5399682812204,cloud_0,2,1.0,0.003,3,r0011|r0016|r0019,r0011|r0016|r0019,1,1,0,0,0.01336889163404832,0.01336889163404832,0.0,6.303555529266646,6.2902267443075,6.303555529266646,0.0,0.0,,r0011|r0016|r0019,0
20079,1,2404.5399682812204,edge_4,4,1.0,0.003,3,r0011|r0016|r0019,r0011|r0016|r0019,1,1,0,0,0.0745746911547433,0.0745746911547433,0.0,6.226319547037138,6.1519685799558586,6.2263195470371375,8.881784197001252e-16,1.426490261205393e-16,,r0011|r0016|r0019,0
20079,1,2404.5399682812204,cloud_0,4,1.0,0.003,3,r0011|r0016|r0019,r0011|r0016|r0019,1,1,0,0,0.024421386733472928,0.024421386733472928,0.0,6.227457515333224,6.203109392759952,6.227457515333224,0.0,0.0,,r0011|r0016|r0019,0
20079,1,2404.5399682812204,edge_4,8,1.0,0.003,3,r0011|r0016|r0019,r0011|r0016|r0019,1,1,0,0,0.12924586896014892,0.12924586896014892,0.0,6.052956398970358,5.92409826761709,6.052956398970359,-8.881784197001252e-16,-1.4673464686631631e-16,,r0011|r0016|r0019,0
20079,1,2404.5399682812204,cloud_0,8,1.0,0.003,3,r0011|r0016|r0019,r0011|r0016|r0019,1,1,0,0,0.046526376932322144,0.046526376932322144,0.0,6.180826880862875,6.1344400830613495,6.180826880862875,0.0,0.0,,r0011|r0016|r0019,0
20079,2,5612.203591599184,edge_2,1,1.0,0.003,2,r0010|r0022,r0010|r0022,1,1,0,0,0.048735567353831805,0.048735567353831805,0.0,4.237912755636092,4.1893233949843225,4.237912755636093,-8.881784197001252e-16,-2.0957921290826889e-16,,r0010|r0022,0
20079,2,5612.203591599184,edge_4,1,1.0,0.003,2,r0010|r0022,r0010|r0022,1,1,0,0,0.055666790216746365,0.055666790216746365,0.0,4.0587735523718,4.003273762525705,4.058773552371801,-8.881784197001252e-16,-2.1882926165740527e-16,,r0010|r0022,0
20079,2,5612.203591599184,cloud_0,1,1.0,0.003,2,r0010|r0022,r0010|r0022,1,1,0,0,0.018941792282226387,0.018941792282226387,0.0,4.835080080526972,4.816195113621593,4.835080080526972,0.0,0.0,,r0010|r0022,1
20079,2,5612.203591599184,edge_2,2,1.0,0.003,2,r0010|r0022,r0010|r0022,1,1,0,0,0.08637061725031484,0.08637061725031484,0.0,4.1592946602430985,4.073183154844535,4.1592946602430985,0.0,0.0,,r0010|r0022,0
20079,2,5612.203591599184,edge_4,2,1.0,0.003,2,r0010|r0022,r0010|r0022,1,1,0,0,0.09572501319245591,0.09572501319245591,0.0,3.967906554461093,3.872468716308214,3.9679065544610927,4.440892098500626e-16,1.119202793096969e-16,,r0010|r0022,0
20079,2,5612.203591599184,cloud_0,2,1.0,0.003,2,r0010|r0022,r0010|r0022,1,1,0,0,0.03597338837319902,0.03597338837319902,0.0,4.800675714012225,4.764810245804147,4.800675714012226,-8.881784197001252e-16,-1.8501112606038093e-16,,r0010|r0022,0
20079,2,5612.203591599184,edge_4,4,1.0,0.003,2,r0010|r0022,r0010|r0022,1,1,0,0,0.175841459143875,0.175841459143875,0.0,3.8899503375359465,3.714636402769503,3.8899503375359465,0.0,0.0,,r0010|r0022,0
20079,2,5612.203591599184,cloud_0,4,1.0,0.003,2,r0010|r0022,r0010|r0022,1,1,0,0,0.07003658055514429,0.07003658055514429,0.0,4.78159644039882,4.711769969585341,4.78159644039882,0.0,0.0,,r0010|r0022,0
20079,2,5612.203591599184,edge_4,8,1.0,0.003,2,r0010|r0022,r0010|r0022,1,1,0,0,0.3360743510467132,0.3360743510467132,0.0,3.8074184293769715,3.472352301383398,3.807418429376971,4.440892098500626e-16,1.1663787894274896e-16,,r0010|r0022,0
20079,2,5612.203591599184,cloud_0,8,1.0,0.003,2,r0010|r0022,r0010|r0022,1,1,0,0,0.13816296491903485,0.13816296491903485,0.0,4.771397384476928,4.63364890845265,4.771397384476928,0.0,0.0,,r0010|r0022,0
20079,3,18784.31184236748,edge_2,1,1.0,0.003,4,r0009|r0012|r0013|r0021,r0009|r0012|r0013|r0021,1,1,0,0,0.22240336214715403,0.22240336214715403,0.0,7.310811955301917,7.0890758032412045,7.310811955301917,0.0,0.0,,r0009|r0012|r0013|r0021,0
20079,3,18784.31184236748,edge_4,1,1.0,0.003,4,r0009|r0012|r0013|r0021,r0009|r0012|r0013|r0021,1,1,0,0,0.24946375767560391,0.24946375767560391,0.0,7.280102124553333,7.031386758150756,7.280102124553333,0.0,0.0,,r0009|r0012|r0013|r0021,0
20079,3,18784.31184236748,cloud_0,1,1.0,0.003,4,r0009|r0012|r0013|r0021,r0009|r0012|r0013|r0021,1,1,0,0,0.08356654331940715,0.08356654331940715,0.0,7.3897326581906455,7.306416814501196,7.389732658190645,8.881784197001252e-16,1.201908730372924e-16,,r0009|r0012|r0013|r0021,1
20079,3,18784.31184236748,edge_2,2,1.0,0.003,4,r0009|r0012|r0013|r0021,r0009|r0012|r0013|r0021,1,1,0,0,0.3839033197508969,0.3839033197508969,0.0,7.17214748511183,6.789395875320185,7.17214748511183,0.0,0.0,,r0009|r0012|r0013|r0021,0
20079,3,18784.31184236748,edge_4,2,1.0,0.003,4,r0009|r0012|r0013|r0021,r0009|r0012|r0013|r0021,1,1,0,0,0.41597451661327667,0.41597451661327667,0.0,7.129073235367117,6.71434664230368,7.129073235367117,0.0,0.0,,r0009|r0012|r0013|r0021,0
20079,3,18784.31184236748,cloud_0,2,1.0,0.003,4,r0009|r0012|r0013|r0021,r0009|r0012|r0013|r0021,1,1,0,0,0.15665272373319203,0.15665272373319203,0.0,7.3132766388366,7.157093873274607,7.3132766388366,0.0,0.0,,r0009|r0012|r0013|r0021,0
20079,3,18784.31184236748,edge_4,4,1.0,0.003,4,r0009|r0012|r0013|r0021,r0009|r0012|r0013|r0021,1,1,0,0,0.7489960344886223,0.7489960344886223,0.0,6.981092116218722,6.234343069833566,6.981092116218722,0.0,0.0,,r0009|r0012|r0013|r0021,0
20079,3,18784.31184236748,cloud_0,4,1.0,0.003,4,r0009|r0012|r0013|r0021,r0009|r0012|r0013|r0021,1,1,0,0,0.30282508456076174,0.30282508456076174,0.0,7.258066697743255,6.956150088436175,7.258066697743255,0.0,0.0,,r0009|r0012|r0013|r0021,0
20079,3,18784.31184236748,edge_4,8,1.0,0.003,4,r0009|r0012|r0013|r0021,r0009|r0012|r0013|r0021,1,1,0,0,1.415039070239313,1.415039070239313,0.0,6.81573260289397,5.404938649865375,6.81573260289397,0.0,0.0,,r0009|r0012|r0013|r0021,0
20079,3,18784.31184236748,cloud_0,8,1.0,0.003,4,r0009|r0012|r0013|r0021,r0009|r0012|r0013|r0021,1,1,0,0,0.5951698062159012,0.5951698062159012,0.0,7.2070188403492,6.613634543551946,7.2070188403492,0.0,0.0,,r0009|r0012|r0013|r0021,0
20079,4,22293.781807447063,edge_2,1,1.0,0.003,2,r0006|r0020,r0006|r0020,1,1,0,0,0.118676438569939,0.118676438569939,0.0,6.520706471707573,6.402386062453344,6.520706471707573,0.0,0.0,,r0006|r0020,0
20079,4,22293.781807447063,edge_4,1,1.0,0.003,2,r0006|r0020,r0006|r0020,1,1,0,0,0.1431683370112816,0.1431683370112816,0.0,6.467113744715538,6.32437491271529,6.467113744715538,0.0,0.0,,r0006|r0020,0
20079,4,22293.781807447063,cloud_0,1,1.0,0.003,2,r0006|r0020,r0006|r0020,1,1,0,0,0.04823311846915966,0.04823311846915966,0.0,6.720868173516578,6.672779754402826,6.720868173516578,0.0,0.0,,r0006|r0020,1
20079,4,22293.781807447063,edge_2,2,1.0,0.003,2,r0006|r0020,r0006|r0020,1,1,0,0,0.21783723028537072,0.21783723028537072,0.0,6.403778909598355,6.18659519100384,6.403778909598355,0.0,0.0,,r0006|r0020,0
20079,4,22293.781807447063,edge_4,2,1.0,0.003,2,r0006|r0020,r0006|r0020,1,1,0,0,0.2567945277261966,0.2567945277261966,0.0,6.332625881573037,6.0766017374300185,6.332625881573037,0.0,0.0,,r0006|r0020,0
20079,4,22293.781807447063,cloud_0,2,1.0,0.003,2,r0006|r0020,r0006|r0020,1,1,0,0,0.09310795076521361,0.09310795076521361,0.0,6.668836771693958,6.5760081447810395,6.668836771693957,8.881784197001252e-16,1.3318340965699152e-16,,r0006|r0020,0
20079,4,22293.781807447063,edge_4,4,1.0,0.003,2,r0006|r0020,r0006|r0020,1,1,0,0,0.48404690915602666,0.48404690915602666,0.0,6.150385288734032,5.6677905203054735,6.150385288734032,0.0,0.0,,r0006|r0020,0
20079,4,22293.781807447063,cloud_0,4,1.0,0.003,2,r0006|r0020,r0006|r0020,1,1,0,0,0.18285761535732148,0.18285761535732148,0.0,6.600627301682334,6.418318259171084,6.600627301682334,0.0,0.0,,r0006|r0020,0
20079,4,22293.781807447063,edge_4,8,1.0,0.003,2,r0006|r0020,r0006|r0020,1,1,0,0,0.9385516720156868,0.9385516720156868,0.0,5.841497777097861,4.905761760098221,5.84149777709786,8.881784197001252e-16,1.5204635071202318e-16,,r0006|r0020,0
20079,4,22293.781807447063,cloud_0,8,1.0,0.003,2,r0006|r0020,r0006|r0020,1,1,0,0,0.3623569445415372,0.3623569445415372,0.0,6.483632685346345,6.122362811638433,6.483632685346345,0.0,0.0,,r0006|r0020,0
20080,0,0.0,edge_5,1,1.0,0.003,1,r0020,r0020,1,1,0,0,0.019107817459771102,0.019107817459771102,0.0,-1.0103789111406272,-1.0294294051480188,-1.010378911140627,-2.220446049250313e-16,-2.1976369704150186e-16,,r0020,0
20080,0,0.0,cloud_0,1,1.0,0.003,1,r0020,r0020,1,1,0,0,0.010511085217431155,0.010511085217431155,0.0,-0.40342323327970075,-0.4139027852414796,-0.40342323327970075,0.0,0.0,,r0020,1
20080,0,0.0,edge_5,2,1.0,0.003,1,r0020,r0020,1,1,0,0,0.032407066756420945,0.032407066756420945,0.0,-1.0162849893520003,-1.048594834908152,-1.0162849893520003,0.0,0.0,,r0020,0
20080,0,0.0,cloud_0,2,1.0,0.003,1,r0020,r0020,1,1,0,0,0.0174360358393129,0.0174360358393129,0.0,-0.40344400813156645,-0.4208277358633614,-0.40344400813156645,0.0,0.0,,r0020,0
20080,0,0.0,edge_5,4,1.0,0.003,1,r0020,r0020,1,1,0,0,0.05900556534972064,0.05900556534972064,0.0,-1.0280971457747465,-1.086925694428418,-1.0280971457747465,0.0,0.0,,r0020,0
20080,0,0.0,cloud_0,4,1.0,0.003,1,r0020,r0020,1,1,0,0,0.03128593708307639,0.03128593708307639,0.0,-0.4034855578352977,-0.43467763710712487,-0.4034855578352977,0.0,0.0,,r0020,0
20080,0,0.0,edge_5,8,1.0,0.003,1,r0020,r0020,1,1,0,0,0.11220256253632001,0.11220256253632001,0.0,-1.0517214586202392,-1.1635874134689503,-1.0517214586202392,0.0,0.0,,r0020,0
20080,0,0.0,cloud_0,8,1.0,0.003,1,r0020,r0020,1,1,0,0,0.058985739570603365,0.058985739570603365,0.0,-0.40356865724276025,-0.46237743959465183,-0.40356865724276025,0.0,0.0,,r0020,0
20080,1,9877.840224172123,edge_5,1,1.0,0.003,3,r0004|r0014|r0016,r0004|r0014|r0016,1,1,0,0,0.03388430867672982,0.03388430867672982,0.0,4.729640406378821,4.695857750628122,4.729640406378821,0.0,0.0,,r0004|r0014|r0016,0
20080,1,9877.840224172123,cloud_0,1,1.0,0.003,3,r0004|r0014|r0016,r0004|r0014|r0016,1,1,0,0,0.018730580230915075,0.018730580230915075,0.0,5.201449771982149,5.182775383491926,5.201449771982148,8.881784197001252e-16,1.7075593510185173e-16,,r0004|r0014|r0016,1
20080,1,9877.840224172123,edge_5,2,1.0,0.003,3,r0004|r0014|r0016,r0004|r0014|r0016,1,1,0,0,0.05652649780025415,0.05652649780025415,0.0,4.6093643259446315,4.553007407637779,4.609364325944632,-8.881784197001252e-16,-1.9269000167785696e-16,,r0004|r0014|r0016,0
20080,1,9877.840224172123,cloud_0,2,1.0,0.003,3,r0004|r0014|r0016,r0004|r0014|r0016,1,1,0,0,0.030520421759129123,0.030520421759129123,0.0,5.0820817669703935,5.051652906476542,5.0820817669703935,0.0,0.0,,r0004|r0014|r0016,0
20080,1,9877.840224172123,edge_5,4,1.0,0.003,3,r0004|r0014|r0016,r0004|r0014|r0016,1,1,0,0,0.10181087604730278,0.10181087604730278,0.0,4.511612714453383,4.410107271034222,4.511612714453382,8.881784197001252e-16,1.968649518285913e-16,,r0004|r0014|r0016,0
20080,1,9877.840224172123,cloud_0,4,1.0,0.003,3,r0004|r0014|r0016,r0004|r0014|r0016,1,1,0,0,0.054100104815557236,0.054100104815557236,0.0,4.988061714808494,4.934123910307384,4.988061714808494,0.0,0.0,,r0004|r0014|r0016,0
20080,1,9877.840224172123,edge_5,8,1.0,0.003,3,r0004|r0014|r0016,r0004|r0014|r0016,1,1,0,0,0.19237963254140011,0.19237963254140011,0.0,4.4311777686432485,4.239375274999473,4.4311777686432485,0.0,0.0,,r0004|r0014|r0016,0
20080,1,9877.840224172123,cloud_0,8,1.0,0.003,3,r0004|r0014|r0016,r0004|r0014|r0016,1,1,0,0,0.10125947092841343,0.10125947092841343,0.0,4.924012755657203,4.823057063141575,4.924012755657203,0.0,0.0,,r0004|r0014|r0016,0
20080,2,25414.55337336442,edge_5,1,1.0,0.003,8,r0000|r0001|r0005|r0011|r0013|r0018|r0021|r0023,r0000|r0001|r0005|r0011|r0013|r0018|r0021|r0023,1,1,0,0,0.18199745491684788,0.18199745491684788,0.0,6.167923290461754,5.986471827909656,6.167923290461753,8.881784197001252e-16,1.4399958914431195e-16,,r0000|r0001|r0005|r0011|r0013|r0018|r0021|r0023,0
20080,2,25414.55337336442,cloud_0,1,1.0,0.003,8,r0000|r0001|r0005|r0011|r0013|r0018|r0021|r0023,r0000|r0001|r0005|r0011|r0013|r0018|r0021|r0023,1,1,0,0,0.0973301113015787,0.0973301113015787,0.0,6.6439708431004,6.546932722132726,6.6439708431004,0.0,0.0,,r0000|r0001|r0005|r0011|r0013|r0018|r0021|r0023,1
20080,2,25414.55337336442,edge_5,2,1.0,0.003,8,r0000|r0001|r0005|r0011|r0013|r0018|r0021|r0023,r0000|r0001|r0005|r0011|r0013|r0018|r0021|r0023,1,1,0,0,0.33747978843133686,0.33747978843133686,0.0,6.040752435749171,5.704285086683129,6.040752435749171,0.0,0.0,,r0000|r0001|r0005|r0011|r0013|r0018|r0021|r0023,0
20080,2,25414.55337336442,cloud_0,2,1.0,0.003,8,r0000|r0001|r0005|r0011|r0013|r0018|r0021|r0023,r0000|r0001|r0005|r0011|r0013|r0018|r0021|r0023,1,1,0,0,0.17829013078433353,0.17829013078433353,0.0,6.526053958597145,6.348298698205165,6.526053958597145,0.0,0.0,,r0000|r0001|r0005|r0011|r0013|r0018|r0021|r0023,0
20080,2,25414.55337336442,edge_5,4,1.0,0.003,8,r0000|r0001|r0005|r0011|r0013|r0018|r0021|r0023,r0000|r0001|r0005|r0011|r0013|r0018|r0021|r0023,1,1,0,0,0.6484444554603148,0.6484444554603148,0.0,5.918095701589145,5.2715965794952115,5.918095701589145,0.0,0.0,,r0000|r0001|r0005|r0011|r0013|r0018|r0021|r0023,0
20080,2,25414.55337336442,cloud_0,4,1.0,0.003,8,r0000|r0001|r0005|r0011|r0013|r0018|r0021|r0023,r0000|r0001|r0005|r0011|r0013|r0018|r0021|r0023,1,1,0,0,0.3402101697498433,0.3402101697498433,0.0,6.4306864872149845,6.091496947974391,6.4306864872149845,0.0,0.0,,r0000|r0001|r0005|r0011|r0013|r0018|r0021|r0023,0
20080,2,25414.55337336442,edge_5,8,1.0,0.003,8,r0000|r0001|r0005|r0011|r0013|r0018|r0021|r0023,r0000|r0001|r0005|r0011|r0013|r0018|r0021|r0023,1,1,0,0,1.2703737895182705,1.2703737895182705,0.0,5.7613376938625045,4.494775025712788,5.761337693862504,8.881784197001252e-16,1.5416183999182912e-16,,r0000|r0001|r0005|r0011|r0013|r0018|r0021|r0023,0
20080,2,25414.55337336442,cloud_0,8,1.0,0.003,8,r0000|r0001|r0005|r0011|r0013|r0018|r0021|r0023,r0000|r0001|r0005|r0011|r0013|r0018|r0021|r0023,1,1,0,0,0.6640502476808627,0.6640502476808627,0.0,6.340074268027897,5.678016171090077,6.340074268027897,0.0,0.0,,r0000|r0001|r0005|r0011|r0013|r0018|r0021|r0023,0
20081,0,0.0,edge_3,1,1.0,0.003,1,r0013,r0013,1,1,0,0,0.022179684928827798,0.022179684928827798,0.0,-0.16852066073606398,-0.1906338066101053,-0.16852066073606398,0.0,0.0,,r0013,0
20081,0,0.0,edge_4,1,1.0,0.003,1,r0013,r0013,1,1,0,0,0.022484993761638775,0.022484993761638775,0.0,-0.18406944000425682,-0.2064869787846107,-0.18406944000425685,2.7755575615628914e-17,1.5078861333520127e-16,,r0013,0
20081,0,0.0,cloud_0,1,1.0,0.003,1,r0013,r0013,1,1,0,0,0.009877778430390293,0.009877778430390293,0.0,-0.05102364250990627,-0.06087178760500539,-0.051023642509906264,-6.938893903907228e-18,-1.3599369944158804e-16,,r0013,1
20081,0,0.0,edge_3,2,1.0,0.003,1,r0013,r0013,1,1,0,0,0.03697665058299995,0.03697665058299995,0.0,-0.16920395181002945,-0.2060696724412804,-0.16920395181002945,0.0,0.0,,r0013,0
20081,0,0.0,edge_4,2,1.0,0.003,1,r0013,r0013,1,1,0,0,0.036990551309167334,0.036990551309167334,0.0,-0.184819364640545,-0.22169894429578482,-0.184819364640545,0.0,0.0,,r0013,0
20081,0,0.0,cloud_0,2,1.0,0.003,1,r0013,r0013,1,1,0,0,0.0179815437285736,0.0179815437285736,0.0,-0.05104795380580082,-0.0689755529031887,-0.05104795380580082,0.0,0.0,,r0013,0
20081,0,0.0,edge_3,4,1.0,0.003,1,r0013,r0013,1,1,0,0,0.06657058189134424,0.06657058189134424,0.0,-0.17057053395796049,-0.23694140410363068,-0.17057053395796046,-2.7755575615628914e-17,-1.6272198351955482e-16,,r0013,0
20081,0,0.0,edge_4,4,1.0,0.003,1,r0013,r0013,1,1,0,0,0.06600166640422447,0.06600166640422447,0.0,-0.18631921391312123,-0.25212287531813304,-0.18631921391312123,0.0,0.0,,r0013,0
20081,0,0.0,cloud_0,4,1.0,0.003,1,r0013,r0013,1,1,0,0,0.034189074324940213,0.034189074324940213,0.0,-0.05109657639758991,-0.0851830834995553,-0.05109657639758992,6.938893903907228e-18,1.3579958566919791e-16,,r0013,0
20081,0,0.0,edge_3,8,1.0,0.003,1,r0013,r0013,1,1,0,0,0.12575844450803284,0.12575844450803284,0.0,-0.17330369825382247,-0.2986848674283312,-0.1733036982538225,2.7755575615628914e-17,1.6015570293819e-16,,r0013,0
20081,0,0.0,edge_4,8,1.0,0.003,1,r0013,r0013,1,1,0,0,0.12402389659433874,0.12402389659433874,0.0,-0.18931891245827376,-0.3129707373628295,-0.18931891245827376,0.0,0.0,,r0013,0
20081,0,0.0,cloud_0,8,1.0,0.003,1,r0013,r0013,1,1,0,0,0.06660413551767344,0.06660413551767344,0.0,-0.051193821581168114,-0.11759814469228853,-0.051193821581168114,0.0,0.0,,r0013,0
20081,1,6613.5412836994265,edge_3,1,1.0,0.003,1,r0012,r0012,1,1,0,0,0.04595218296899075,0.04595218296899075,0.0,-1.220128063711951,-1.2659423901320348,-1.220128063711951,0.0,0.0,,r0012,0
20081,1,6613.5412836994265,edge_4,1,1.0,0.003,1,r0012,r0012,1,1,0,0,0.047023419088852644,0.047023419088852644,0.0,-1.3314529901697347,-1.3783353390013209,-1.3314529901697347,0.0,0.0,,r0012,0
20081,1,6613.5412836994265,cloud_0,1,1.0,0.003,1,r0012,r0012,1,1,0,0,0.019123478406766238,0.019123478406766238,0.0,-0.37906373447462327,-0.3981298424461692,-0.37906373447462327,0.0,0.0,,r0012,1
20081,1,6613.5412836994265,edge_3,2,1.0,0.003,1,r0012,r0012,1,1,0,0,0.07224450620964085,0.07224450620964085,0.0,-1.22466745980186,-1.296695232492872,-1.22466745980186,0.0,0.0,,r0012,0
20081,1,6613.5412836994265,edge_4,2,1.0,0.003,1,r0012,r0012,1,1,0,0,0.0727979472413822,0.0727979472413822,0.0,-1.3364621424528074,-1.4090416958524654,-1.3364621424528074,0.0,0.0,,r0012,0
20081,1,6613.5412836994265,cloud_0,2,1.0,0.003,1,r0012,r0012,1,1,0,0,0.03352283714462494,0.03352283714462494,0.0,-0.37910693255083683,-0.4125292011840279,-0.37910693255083683,0.0,0.0,,r0012,0
20081,1,6613.5412836994265,edge_3,4,1.0,0.003,1,r0012,r0012,1,1,0,0,0.12482915269094103,0.12482915269094103,0.0,-1.2337462519816786,-1.3582009172145468,-1.2337462519816786,0.0,0.0,,r0012,0
20081,1,6613.5412836994265,edge_4,4,1.0,0.003,1,r0012,r0012,1,1,0,0,0.12434700354644126,0.12434700354644126,0.0,-1.3464804470189524,-1.4704544095547545,-1.3464804470189526,2.220446049250313e-16,1.64907411330501e-16,,r0012,0
20081,1,6613.5412836994265,cloud_0,4,1.0,0.003,1,r0012,r0012,1,1,0,0,0.06232155462034233,0.06232155462034233,0.0,-0.379193328703264,-0.4413279186597453,-0.379193328703264,0.0,0.0,,r0012,0
20081,1,6613.5412836994265,edge_3,8,1.0,0.003,1,r0012,r0012,1,1,0,0,0.22999844565354138,0.22999844565354138,0.0,-1.2519038363413153,-1.4812122866578958,-1.251903836341315,-2.220446049250313e-16,-1.7736554396538627e-16,,r0012,0
20081,1,6613.5412836994265,edge_4,8,1.0,0.003,1,r0012,r0012,1,1,0,0,0.22744511615655943,0.22744511615655943,0.0,-1.3665170561512423,-1.593279836959332,-1.3665170561512423,0.0,0.0,,r0012,0
20081,1,6613.5412836994265,cloud_0,8,1.0,0.003,1,r0012,r0012,1,1,0,0,0.11991898957177712,0.11991898957177712,0.0,-0.3793661210081183,-0.49892535361118007,-0.3793661210081183,0.0,0.0,,r0012,0
20081,2,19308.45145931948,edge_3,1,1.0,0.003,2,r0004|r0006,r0004|r0006,1,1,0,0,0.2478704126300863,0.2478704126300863,0.0,6.368536243240612,6.121409441848416,6.368536243240612,0.0,0.0,,r0004|r0006,0
20081,2,19308.45145931948,edge_4,1,1.0,0.003,2,r0004|r0006,r0004|r0006,1,1,0,0,0.260833256958672,0.260833256958672,0.0,6.297254199263231,6.037203442075436,6.297254199263231,0.0,0.0,,r0004|r0006,0
20081,2,19308.45145931948,cloud_0,1,1.0,0.003,2,r0004|r0006,r0004|r0006,1,1,0,0,0.08081079956006065,0.08081079956006065,0.0,6.808317828313784,6.727749461152404,6.808317828313784,0.0,0.0,,r0004|r0006,1
20081,2,19308.45145931948,edge_3,2,1.0,0.003,2,r0004|r0006,r0004|r0006,1,1,0,0,0.3170029548952831,0.3170029548952831,0.0,6.279257393924229,5.963205447893632,6.279257393924229,0.0,0.0,,r0004|r0006,0
20081,2,19308.45145931948,edge_4,2,1.0,0.003,2,r0004|r0006,r0004|r0006,1,1,0,0,0.3285725378723281,0.3285725378723281,0.0,6.2110246275862036,5.883437807327493,6.2110246275862036,0.0,0.0,,r0004|r0006,0
20081,2,19308.45145931948,cloud_0,2,1.0,0.003,2,r0004|r0006,r0004|r0006,1,1,0,0,0.11867220372071226,0.11867220372071226,0.0,6.707735347843039,6.589419160733489,6.707735347843039,0.0,0.0,,r0004|r0006,0
20081,2,19308.45145931948,edge_3,4,1.0,0.003,2,r0004|r0006,r0004|r0006,1,1,0,0,0.4552680394256766,0.4552680394256766,0.0,6.169345904391869,5.715443669084469,6.169345904391869,0.0,0.0,,r0004|r0006,0
20081,2,19308.45145931948,edge_4,4,1.0,0.003,2,r0004|r0006,r0004|r0006,1,1,0,0,0.4640510996996401,0.4640510996996401,0.0,6.101550227995046,5.638891281594505,6.101550227995046,0.0,0.0,,r0004|r0006,0
20081,2,19308.45145931948,cloud_0,4,1.0,0.003,2,r0004|r0006,r0004|r0006,1,1,0,0,0.19439501204201548,0.19439501204201548,0.0,6.616260714399209,6.422448887393319,6.616260714399209,0.0,0.0,,r0004|r0006,0
20081,2,19308.45145931948,edge_3,8,1.0,0.003,2,r0004|r0006,r0004|r0006,1,1,0,0,0.7317982084864637,0.7317982084864637,0.0,6.054587023001286,5.324984209140281,6.054587023001285,8.881784197001252e-16,1.4669512822690445e-16,,r0004|r0006,0
20081,2,19308.45145931948,edge_4,8,1.0,0.003,2,r0004|r0006,r0004|r0006,1,1,0,0,0.7350082233542644,0.7350082233542644,0.0,5.983558844593843,5.250755645909642,5.983558844593844,-8.881784197001252e-16,-1.4843648115913424e-16,,r0004|r0006,0
20081,2,19308.45145931948,cloud_0,8,1.0,0.003,2,r0004|r0006,r0004|r0006,1,1,0,0,0.34584062868462195,0.34584062868462195,0.0,6.547571002656127,6.202767895857559,6.547571002656127,0.0,0.0,,r0004|r0006,0
20081,3,23204.99716988768,edge_3,1,1.0,0.003,2,r0017|r0020,r0017|r0020,1,1,0,0,0.017505882898841658,0.017505882898841658,0.0,5.608593477719751,5.591140112469605,5.608593477719751,0.0,0.0,,r0017|r0020,0
20081,3,23204.99716988768,edge_4,1,1.0,0.003,2,r0017|r0020,r0017|r0020,1,1,0,0,0.018423834758688716,0.018423834758688716,0.0,5.581564229418362,5.563195666163949,5.581564229418362,0.0,0.0,,r0017|r0020,0
20081,3,23204.99716988768,cloud_0,1,1.0,0.003,6,r0005|r0010|r0015|r0016|r0017|r0020,r0005|r0010|r0015|r0016|r0017|r0020,1,1,0,0,0.04466035085535893,0.04466035085535893,0.0,5.874891996986857,5.830365627184065,5.874891996986858,-8.881784197001252e-16,-1.5118208473545697e-16,,r0005|r0010|r0015|r0016|r0017|r0020,1
20081,3,23204.99716988768,edge_3,2,1.0,0.003,2,r0017|r0020,r0017|r0020,1,1,0,0,0.02238837845993897,0.02238837845993897,0.0,5.523205321732379,5.500884108407821,5.523205321732379,0.0,0.0,,r0017|r0020,0
20081,3,23204.99716988768,edge_4,2,1.0,0.003,2,r0017|r0020,r0017|r0020,1,1,0,0,0.023208567092201458,0.023208567092201458,0.0,5.499357782241233,5.476218840850309,5.499357782241233,0.0,0.0,,r0017|r0020,0
20081,3,23204.99716988768,cloud_0,2,1.0,0.003,6,r0005|r0010|r0015|r0016|r0017|r0020,r0005|r0010|r0015|r0016|r0017|r0020,1,1,0,0,0.08349004512464536,0.08349004512464536,0.0,5.787270765485509,5.704031190496238,5.787270765485509,0.0,0.0,,r0005|r0010|r0015|r0016|r0017|r0020,0
20081,3,23204.99716988768,edge_3,4,1.0,0.003,2,r0017|r0020,r0017|r0020,1,1,0,0,0.032153369582133606,0.032153369582133606,0.0,5.421075218858044,5.389018309384657,5.421075218858044,0.0,0.0,,r0017|r0020,0
20081,3,23204.99716988768,edge_4,4,1.0,0.003,2,r0017|r0020,r0017|r0020,1,1,0,0,0.03277803175922694,0.03277803175922694,0.0,5.397929631649876,5.365249933985927,5.397929631649877,-8.881784197001252e-16,-1.6454057023871456e-16,,r0017|r0020,0
20081,3,23204.99716988768,cloud_0,4,1.0,0.003,6,r0005|r0010|r0015|r0016|r0017|r0020,r0005|r0010|r0015|r0016|r0017|r0020,1,1,0,0,0.1611494336632182,0.1611494336632182,0.0,5.728223841541814,5.567557856179585,5.728223841541814,0.0,0.0,,r0005|r0010|r0015|r0016|r0017|r0020,0
20081,3,23204.99716988768,edge_3,8,1.0,0.003,2,r0017|r0020,r0017|r0020,1,1,0,0,0.051683351826522866,0.051683351826522866,0.0,5.321879110783509,5.2703508090124656,5.321879110783509,0.0,0.0,,r0017|r0020,0
20081,3,23204.99716988768,edge_4,8,1.0,0.003,2,r0017|r0020,r0017|r0020,1,1,0,0,0.05191696109327791,0.05191696109327791,0.0,5.296030746248273,5.244269536038275,5.296030746248273,0.0,0.0,,r0017|r0020,0
20081,3,23204.99716988768,cloud_0,8,1.0,0.003,6,r0005|r0010|r0015|r0016|r0017|r0020,r0005|r0010|r0015|r0016|r0017|r0020,1,1,0,0,0.3164682107403639,0.3164682107403639,0.0,5.684248793023636,5.368729986915494,5.684248793023637,-8.881784197001252e-16,-1.5625255896437885e-16,,r0005|r0010|r0015|r0016|r0017|r0020,0
20081,4,42587.1886065148,edge_3,1,1.0,0.003,2,r0008|r0023,r0008|r0023,1,1,0,0,0.0723613773605425,0.0723613773605425,0.0,7.190498274084816,7.118353980856354,7.190498274084815,8.881784197001252e-16,1.235211227156813e-16,,r0008|r0023,0
20081,4,42587.1886065148,edge_4,1,1.0,0.003,2,r0008|r0023,r0008|r0023,1,1,0,0,0.0665808031099418,0.0665808031099418,0.0,7.182743817591061,7.116362756890449,7.182743817591061,0.0,0.0,,r0008|r0023,0
20081,4,42587.1886065148,cloud_0,1,1.0,0.003,2,r0008|r0023,r0008|r0023,1,1,0,0,0.033430737820059356,0.033430737820059356,0.0,7.2950484848827,7.261718039276102,7.295048484882701,-8.881784197001252e-16,-1.2175085903002144e-16,,r0008|r0023,1
20081,4,42587.1886065148,edge_3,2,1.0,0.003,2,r0008|r0023,r0008|r0023,1,1,0,0,0.12455502252515087,0.12455502252515087,0.0,7.053197275055566,6.92901591759799,7.053197275055566,0.0,0.0,,r0008|r0023,0
20081,4,42587.1886065148,edge_4,2,1.0,0.003,2,r0008|r0023,r0008|r0023,1,1,0,0,0.11327063980949847,0.11327063980949847,0.0,7.0430444774834235,6.930113649593354,7.0430444774834235,0.0,0.0,,r0008|r0023,0
20081,4,42587.1886065148,cloud_0,2,1.0,0.003,2,r0008|r0023,r0008|r0023,1,1,0,0,0.062015317953310334,0.062015317953310334,0.0,7.2157025411550615,7.153873269155611,7.215702541155061,8.881784197001252e-16,1.2308966654797123e-16,,r0008|r0023,0
20081,4,42587.1886065148,edge_3,4,1.0,0.003,2,r0008|r0023,r0008|r0023,1,1,0,0,0.22894231285436759,0.22894231285436759,0.0,6.882065790427844,6.65381030451204,6.882065790427844,0.0,0.0,,r0008|r0023,0
20081,4,42587.1886065148,edge_4,4,1.0,0.003,2,r0008|r0023,r0008|r0023,1,1,0,0,0.20665031320861182,0.20665031320861182,0.0,6.8705322825924755,6.66450192032349,6.8705322825924755,0.0,0.0,,r0008|r0023,0
20081,4,42587.1886065148,cloud_0,4,1.0,0.003,2,r0008|r0023,r0008|r0023,1,1,0,0,0.11918447821981232,0.11918447821981232,0.0,7.12405731495741,7.005230390172257,7.12405731495741,0.0,0.0,,r0008|r0023,0
20081,4,42587.1886065148,edge_3,8,1.0,0.003,2,r0008|r0023,r0008|r0023,1,1,0,0,0.4377168935128011,0.4377168935128011,0.0,6.61279810657996,6.176394363747697,6.61279810657996,0.0,0.0,,r0008|r0023,0
20081,4,42587.1886065148,edge_4,8,1.0,0.003,2,r0008|r0023,r0008|r0023,1,1,0,0,0.39340966000683847,0.39340966000683847,0.0,6.603020114945704,6.210790683918887,6.603020114945705,-8.881784197001252e-16,-1.3451093654701498e-16,,r0008|r0023,0
20081,4,42587.1886065148,cloud_0,8,1.0,0.003,2,r0008|r0023,r0008|r0023,1,1,0,0,0.2335227987528162,0.2335227987528162,0.0,6.980540492788088,6.747718262431531,6.980540492788088,0.0,0.0,,r0008|r0023,0
20082,0,0.0,cloud_0,1,1.0,0.003,1,r0011,r0011,1,1,0,0,0.019987274793584912,0.019987274793584912,0.0,-0.28455976503254105,-0.3044870780017452,-0.28455976503254105,0.0,0.0,,r0011,1
20082,0,0.0,cloud_0,2,1.0,0.003,1,r0011,r0011,1,1,0,0,0.03711866468691749,0.03711866468691749,0.0,-0.284611159202221,-0.32161846789507775,-0.284611159202221,0.0,0.0,,r0011,0
20082,0,0.0,cloud_0,4,1.0,0.003,1,r0011,r0011,1,1,0,0,0.07138144447358265,0.07138144447358265,0.0,-0.28471394754158097,-0.3558812476817429,-0.28471394754158097,0.0,0.0,,r0011,0
20082,0,0.0,cloud_0,8,1.0,0.003,1,r0011,r0011,1,1,0,0,0.13990700404691297,0.13990700404691297,0.0,-0.284919524220301,-0.4244068072550733,-0.2849195242203011,1.1102230246251565e-16,3.8966196776558106e-16,,r0011,0
20082,1,4213.052799784473,cloud_0,1,1.0,0.003,1,r0001,r0001,1,1,0,0,0.004025145097197363,0.004025145097197363,0.0,-0.011556940366939005,-0.015570010028844776,-0.011556940366939005,0.0,0.0,,r0001,1
20082,1,4213.052799784473,cloud_0,2,1.0,0.003,1,r0001,r0001,1,1,0,0,0.005927899227807442,0.005927899227807442,0.0,-0.01156264862933085,-0.017472764159454868,-0.01156264862933085,0.0,0.0,,r0001,0
20082,1,4213.052799784473,cloud_0,4,1.0,0.003,1,r0001,r0001,1,1,0,0,0.0097334074890276,0.0097334074890276,0.0,-0.011574065154114504,-0.02127827242067502,-0.011574065154114504,0.0,0.0,,r0001,0
20082,1,4213.052799784473,cloud_0,8,1.0,0.003,1,r0001,r0001,1,1,0,0,0.017344424011467914,0.017344424011467914,0.0,-0.011596898203681833,-0.028889288943115342,-0.011596898203681833,0.0,0.0,,r0001,0
20082,2,8287.393897958194,cloud_0,1,1.0,0.003,1,r0003,r0003,1,1,0,0,0.006613508694277839,0.006613508694277839,0.0,-0.11161817533439354,-0.11821184350258855,-0.11161817533439354,0.0,0.0,,r0003,1
20082,2,8287.393897958194,cloud_0,2,1.0,0.003,1,r0003,r0003,1,1,0,0,0.009739826052284328,0.009739826052284328,0.0,-0.11162755428646756,-0.12133816086059504,-0.11162755428646756,0.0,0.0,,r0003,0
20082,2,8287.393897958194,cloud_0,4,1.0,0.003,1,r0003,r0003,1,1,0,0,0.015992460768297304,0.015992460768297304,0.0,-0.1116463121906156,-0.12759079557660802,-0.1116463121906156,0.0,0.0,,r0003,0
20082,2,8287.393897958194,cloud_0,8,1.0,0.003,1,r0003,r0003,1,1,0,0,0.028497730200323257,0.028497730200323257,0.0,-0.11168382799891169,-0.14009606500863397,-0.11168382799891169,0.0,0.0,,r0003,0
20082,3,11668.345083879267,cloud_0,1,1.0,0.003,2,r0014|r0021,r0014|r0021,1,1,0,0,0.009105994353701647,0.009105994353701647,0.0,5.837337456165517,5.828258779794877,5.837337456165518,-8.881784197001252e-16,-1.521547154622717e-16,,r0014|r0021,1
20082,3,11668.345083879267,cloud_0,2,1.0,0.003,2,r0014|r0021,r0014|r0021,1,1,0,0,0.013991576956430458,0.013991576956430458,0.0,5.738741469702667,5.724791867477106,5.738741469702667,0.0,0.0,,r0014|r0021,0
20082,3,11668.345083879267,cloud_0,4,1.0,0.003,2,r0014|r0021,r0014|r0021,1,1,0,0,0.023762742161888083,0.023762742161888083,0.0,5.6571776768533395,5.633486222917937,5.6571776768533395,0.0,0.0,,r0014|r0021,0
20082,3,11668.345083879267,cloud_0,8,1.0,0.003,2,r0014|r0021,r0014|r0021,1,1,0,0,0.04330507257280332,0.04330507257280332,0.0,5.601386074598012,5.558210917242927,5.601386074598012,0.0,0.0,,r0014|r0021,0
20082,4,16039.844854257874,cloud_0,1,1.0,0.003,1,r0008,r0008,1,1,0,0,0.004590486218297711,0.004590486218297711,0.0,1.8316139606546868,1.8270372458950441,1.8316139606546868,0.0,0.0,,r0008,1
20082,4,16039.844854257874,cloud_0,2,1.0,0.003,1,r0008,r0008,1,1,0,0,0.006760486653674893,0.006760486653674893,0.0,1.827202136521929,1.8204619313282153,1.827202136521929,0.0,0.0,,r0008,0
20082,4,16039.844854257874,cloud_0,4,1.0,0.003,1,r0008,r0008,1,1,0,0,0.011100487524429258,0.011100487524429258,0.0,1.8183784882564131,1.8073113021945573,1.8183784882564131,0.0,0.0,,r0008,0
20082,4,16039.844854257874,cloud_0,8,1.0,0.003,1,r0008,r0008,1,1,0,0,0.01978048926593799,0.01978048926593799,0.0,1.8007311917253814,1.7810100439272414,1.8007311917253817,-2.220446049250313e-16,-1.233080239545792e-16,,r0008,0
20082,5,17781.77533764651,cloud_0,1,1.0,0.003,1,r0019,r0019,1,1,0,0,0.004427991127130385,0.004427991127130385,0.0,-0.10999549133825834,-0.11441019849200734,-0.10999549133825835,1.3877787807814457e-17,1.2616687865084813e-16,,r0019,1
20082,5,17781.77533764651,cloud_0,2,1.0,0.003,1,r0019,r0019,1,1,0,0,0.006521177386010484,0.006521177386010484,0.0,-0.110001770897035,-0.11650338475088745,-0.110001770897035,0.0,0.0,,r0019,0
20082,5,17781.77533764651,cloud_0,4,1.0,0.003,1,r0019,r0019,1,1,0,0,0.01070754990377068,0.01070754990377068,0.0,-0.11001433001458827,-0.12068975726864761,-0.11001433001458824,-2.7755575615628914e-17,-2.5229054807631363e-16,,r0019,0
20082,5,17781.77533764651,cloud_0,8,1.0,0.003,1,r0019,r0019,1,1,0,0,0.019080294939291073,0.019080294939291073,0.0,-0.11003944824969482,-0.12906250230416802,-0.11003944824969482,0.0,0.0,,r0019,0
20082,6,21080.074198410104,cloud_0,1,1.0,0.003,1,r0012,r0012,1,1,0,0,0.011201180266797214,0.011201180266797214,0.0,0.2619795381624242,0.25081196143642737,0.2619795381624242,0.0,0.0,,r0012,1
20082,6,21080.074198410104,cloud_0,2,1.0,0.003,1,r0012,r0012,1,1,0,0,0.01649616752954122,0.01649616752954122,0.0,0.26196365320063597,0.2455169741736834,0.26196365320063597,0.0,0.0,,r0012,0
20082,6,21080.074198410104,cloud_0,4,1.0,0.003,1,r0012,r0012,1,1,0,0,0.02708614205502922,0.02708614205502922,0.0,0.2619318832770595,0.23492699964819536,0.2619318832770595,0.0,0.0,,r0012,0
20082,6,21080.074198410104,cloud_0,8,1.0,0.003,1,r0012,r0012,1,1,0,0,0.04826609110600523,0.04826609110600523,0.0,0.26186834342990656,0.21374705059721938,0.2618683434299066,-5.551115123125783e-17,-2.1198114481568217e-16,,r0012,0
20082,7,24049.202702033017,cloud_0,1,1.0,0.003,1,r0009,r0009,1,1,0,0,0.0062960668310372446,0.0062960668310372446,0.0,0.1617409635075395,0.15546378487699536,0.1617409635075395,0.0,0.0,,r0009,1
20082,7,24049.202702033017,cloud_0,2,1.0,0.003,1,r0009,r0009,1,1,0,0,0.009272324054086073,0.009272324054086073,0.0,0.16173203473587036,0.15248752765394655,0.16173203473587036,0.0,0.0,,r0009,0
20082,7,24049.202702033017,cloud_0,4,1.0,0.003,1,r0009,r0009,1,1,0,0,0.015224838500183725,0.015224838500183725,0.0,0.16171417719253206,0.1465350132078489,0.16171417719253206,0.0,0.0,,r0009,0
20082,7,24049.202702033017,cloud_0,8,1.0,0.003,1,r0009,r0009,1,1,0,0,0.027129867392379034,0.027129867392379034,0.0,0.16167846210585549,0.13462998431565357,0.16167846210585546,2.7755575615628914e-17,1.7167144747737983e-16,,r0009,0
20082,8,28069.829690106562,cloud_0,1,1.0,0.003,1,r0020,r0020,1,1,0,0,0.0033242937618128115,0.0033242937618128115,0.0,-0.04474620410609471,-0.04806052498662208,-0.04474620410609471,0.0,0.0,,r0020,1
20082,8,28069.829690106562,cloud_0,2,1.0,0.003,1,r0020,r0020,1,1,0,0,0.0037673793047586536,0.0037673793047586536,0.0,-0.04474753336272355,-0.04850361052956792,-0.044747533362723545,-6.938893903907228e-18,-1.5506762903913713e-16,,r0020,0
20082,8,28069.829690106562,cloud_0,4,1.0,0.003,1,r0020,r0020,1,1,0,0,0.004653550390650337,0.004653550390650337,0.0,-0.04475019187598122,-0.04938978161545961,-0.04475019187598122,0.0,0.0,,r0020,0
20082,8,28069.829690106562,cloud_0,8,1.0,0.003,1,r0020,r0020,1,1,0,0,0.006425892562433703,0.006425892562433703,0.0,-0.04475550890249657,-0.05116212378724297,-0.04475550890249657,0.0,0.0,,r0020,0
20082,9,29136.434108863363,cloud_0,1,1.0,0.003,1,r0007,r0007,1,1,0,0,0.024240954014780408,0.024240954014780408,0.0,-0.12136596285126962,-0.1455341940040057,-0.12136596285126963,1.3877787807814457e-17,1.1434662142318494e-16,,r0007,1
20082,9,29136.434108863363,cloud_0,2,1.0,0.003,1,r0007,r0007,1,1,0,0,0.04363625434057811,0.04363625434057811,0.0,-0.12142414875224701,-0.1649294943298034,-0.12142414875224702,1.3877787807814457e-17,1.1429182704118104e-16,,r0007,0
20082,9,29136.434108863363,cloud_0,4,1.0,0.003,1,r0007,r0007,1,1,0,0,0.08242685499217352,0.08242685499217352,0.0,-0.12154052055420181,-0.20372009498139879,-0.1215405205542018,-1.3877787807814457e-17,-1.1418239566964472e-16,,r0007,0
20082,9,29136.434108863363,cloud_0,8,1.0,0.003,1,r0007,r0007,1,1,0,0,0.1600080562953643,0.1600080562953643,0.0,-0.12177326415811138,-0.2813012962845896,-0.1217732641581114,2.7755575615628914e-17,2.2792832078140607e-16,,r0007,0
20082,10,30951.19596936846,cloud_0,1,1.0,0.003,1,r0000,r0000,1,1,0,0,0.017528330781570522,0.017528330781570522,0.0,-0.40743334832545364,-0.4249090941146794,-0.40743334832545364,0.0,0.0,,r0000,1
20082,10,30951.19596936846,cloud_0,2,1.0,0.003,1,r0000,r0000,1,1,0,0,0.031552829962221446,0.031552829962221446,0.0,-0.40747542182299556,-0.4389335932953303,-0.40747542182299556,0.0,0.0,,r0000,0
20082,10,30951.19596936846,cloud_0,4,1.0,0.003,1,r0000,r0000,1,1,0,0,0.0596018283235233,0.0596018283235233,0.0,-0.40755956881807953,-0.46698259165663225,-0.40755956881807953,0.0,0.0,,r0000,0
20082,10,30951.19596936846,cloud_0,8,1.0,0.003,1,r0000,r0000,1,1,0,0,0.11569982504612698,0.11569982504612698,0.0,-0.4077278628082473,-0.5230805883792359,-0.40772786280824724,-5.551115123125783e-17,-1.3614755403008718e-16,,r0000,0
20083,0,0.0,edge_5,1,1.0,0.003,1,r0014,r0014,1,1,0,0,0.021132218511813277,0.021132218511813277,0.0,-0.3097322631989734,-0.33080108505525124,-0.3097322631989734,0.0,0.0,,r0014,0
20083,0,0.0,cloud_0,1,1.0,0.003,1,r0014,r0014,1,1,0,0,0.00770017719833385,0.00770017719833385,0.0,-0.11206585968812958,-0.11974293635486843,-0.11206585968812958,0.0,0.0,,r0014,1
20083,0,0.0,edge_5,2,1.0,0.003,1,r0014,r0014,1,1,0,0,0.026145228315216013,0.026145228315216013,0.0,-0.31020170838415567,-0.33626850101442607,-0.3102017083841557,5.551115123125783e-17,1.7895179082157881e-16,,r0014,0
20083,0,0.0,cloud_0,2,1.0,0.003,1,r0014,r0014,1,1,0,0,0.011763999302942349,0.011763999302942349,0.0,-0.11207805115444341,-0.12380675845947693,-0.11207805115444341,0.0,0.0,,r0014,0
20083,0,0.0,edge_5,4,1.0,0.003,1,r0014,r0014,1,1,0,0,0.036171247922021484,0.036171247922021484,0.0,-0.3111405987545202,-0.3472033329327756,-0.3111405987545202,0.0,0.0,,r0014,0
20083,0,0.0,cloud_0,4,1.0,0.003,1,r0014,r0014,1,1,0,0,0.019891643512159347,0.019891643512159347,0.0,-0.11210243408707106,-0.13193440266869394,-0.11210243408707107,1.3877787807814457e-17,1.2379559748930555e-16,,r0014,0
20083,0,0.0,edge_5,8,1.0,0.003,1,r0014,r0014,1,1,0,0,0.056223287135632405,0.056223287135632405,0.0,-0.31301837949524935,-0.36907299676947486,-0.31301837949524935,0.0,0.0,,r0014,0
20083,0,0.0,cloud_0,8,1.0,0.003,1,r0014,r0014,1,1,0,0,0.036146931930593346,0.036146931930593346,0.0,-0.11215119995232636,-0.14818969108712793,-0.11215119995232636,0.0,0.0,,r0014,0
20083,1,3280.1651459628415,edge_5,1,1.0,0.003,1,r0000,r0000,1,1,0,0,0.00839388468379811,0.00839388468379811,0.0,-0.2779308652596609,-0.2862995682894076,-0.2779308652596609,0.0,0.0,,r0000,0
20083,1,3280.1651459628415,cloud_0,1,1.0,0.003,1,r0000,r0000,1,1,0,0,0.003058571413668384,0.003058571413668384,0.0,-0.0942626480511854,-0.09731204375061278,-0.09426264805118541,1.3877787807814457e-17,1.472246758894223e-16,,r0000,1
20083,1,3280.1651459628415,edge_5,2,1.0,0.003,1,r0000,r0000,1,1,0,0,0.010385091910099942,0.010385091910099942,0.0,-0.27835878233925654,-0.28871271897362616,-0.27835878233925654,0.0,0.0,,r0000,0
20083,1,3280.1651459628415,cloud_0,2,1.0,0.003,1,r0000,r0000,1,1,0,0,0.004672753762884804,0.004672753762884804,0.0,-0.09426749059823304,-0.09892622609982919,-0.09426749059823304,0.0,0.0,,r0000,0
20083,1,3280.1651459628415,edge_5,4,1.0,0.003,1,r0000,r0000,1,1,0,0,0.01436750636270361,0.01436750636270361,0.0,-0.279214616498448,-0.2935390203420635,-0.279214616498448,0.0,0.0,,r0000,0
20083,1,3280.1651459628415,cloud_0,4,1.0,0.003,1,r0000,r0000,1,1,0,0,0.007901118461317646,0.007901118461317646,0.0,-0.09427717569232835,-0.10215459079826204,-0.09427717569232835,0.0,0.0,,r0000,0
20083,1,3280.1651459628415,edge_5,8,1.0,0.003,1,r0000,r0000,1,1,0,0,0.02233233526791094,0.02233233526791094,0.0,-0.2809262848168308,-0.303191623078938,-0.2809262848168308,0.0,0.0,,r0000,0
20083,1,3280.1651459628415,cloud_0,8,1.0,0.003,1,r0000,r0000,1,1,0,0,0.014357847858183323,0.014357847858183323,0.0,-0.09429654588051894,-0.1086113201951277,-0.09429654588051893,-1.3877787807814457e-17,-1.471717513958432e-16,,r0000,0
20083,2,11528.021425573095,edge_5,1,1.0,0.003,1,r0019,r0019,1,1,0,0,0.025574553331206208,0.025574553331206208,0.0,-1.191794606989495,-1.2172924366607076,-1.1917946069894951,2.220446049250313e-16,1.8631113416926922e-16,,r0019,0
20083,2,11528.021425573095,cloud_0,1,1.0,0.003,1,r0019,r0019,1,1,0,0,0.01446761393557316,0.01446761393557316,0.0,-0.43288445097599415,-0.4473086620697606,-0.43288445097599415,0.0,0.0,,r0019,1
20083,2,11528.021425573095,edge_5,2,1.0,0.003,1,r0019,r0019,1,1,0,0,0.04044167646843361,0.04044167646843361,0.0,-1.1938953721619991,-1.2342157236010274,-1.1938953721619991,0.0,0.0,,r0019,0
20083,2,11528.021425573095,cloud_0,2,1.0,0.003,1,r0019,r0019,1,1,0,0,0.026519723547645146,0.026519723547645146,0.0,-0.4329206073048304,-0.45936077168183254,-0.43292060730483034,-5.551115123125783e-17,-1.2822478370074682e-16,,r0019,0
20083,2,11528.021425573095,edge_5,4,1.0,0.003,1,r0019,r0019,1,1,0,0,0.07017592274288842,0.07017592274288842,0.0,-1.198096902507008,-1.2680622974816678,-1.198096902507008,0.0,0.0,,r0019,0
20083,2,11528.021425573095,cloud_0,4,1.0,0.003,1,r0019,r0019,1,1,0,0,0.050623942771789124,0.050623942771789124,0.0,-0.4329929199625029,-0.4834649909059766,-0.43299291996250283,-5.551115123125783e-17,-1.2820336932083112e-16,,r0019,0
20083,2,11528.021425573095,edge_5,8,1.0,0.003,1,r0019,r0019,1,1,0,0,0.12964441529179804,0.12964441529179804,0.0,-1.2064999631970255,-1.335755445242948,-1.2064999631970255,0.0,0.0,,r0019,0
20083,2,11528.021425573095,cloud_0,8,1.0,0.003,1,r0019,r0019,1,1,0,0,0.09883238122007705,0.09883238122007705,0.0,-0.43313754527784765,-0.5316734293542645,-0.4331375452778477,5.551115123125783e-17,1.2816056201188634e-16,,r0019,0
20083,3,23883.308953905645,edge_5,1,1.0,0.003,1,r0021,r0021,1,1,0,0,0.016745938382655805,0.016745938382655805,0.0,-0.34507900246103257,-0.3617747030285404,-0.34507900246103257,0.0,0.0,,r0021,0
20083,3,23883.308953905645,cloud_0,1,1.0,0.003,1,r0021,r0021,1,1,0,0,0.007400892575295577,0.007400892575295577,0.0,-0.11742834281360948,-0.12480703271117916,-0.11742834281360946,-1.3877787807814457e-17,-1.18180904842047e-16,,r0021,1
20083,3,23883.308953905645,edge_5,2,1.0,0.003,1,r0021,r0021,1,1,0,0,0.024146070565166735,0.024146070565166735,0.0,-0.34567762594991486,-0.36975125830338607,-0.3456776259499148,-5.551115123125783e-17,-1.605864744028901e-16,,r0021,0
20083,3,23883.308953905645,cloud_0,2,1.0,0.003,1,r0021,r0021,1,1,0,0,0.012877152726452464,0.012877152726452464,0.0,-0.11744477159406297,-0.13028329286233606,-0.11744477159406295,-1.3877787807814457e-17,-1.1816437308747767e-16,,r0021,0
20083,3,23883.308953905645,edge_5,4,1.0,0.003,1,r0021,r0021,1,1,0,0,0.03894633493018859,0.03894633493018859,0.0,-0.3468748729276794,-0.38570436885307735,-0.3468748729276793,-5.551115123125783e-17,-1.6003220631905344e-16,,r0021,0
20083,3,23883.308953905645,cloud_0,4,1.0,0.003,1,r0021,r0021,1,1,0,0,0.02382967302876625,0.02382967302876625,0.0,-0.11747762915496988,-0.14123581316464984,-0.11747762915496988,0.0,0.0,,r0021,0
20083,3,23883.308953905645,edge_5,8,1.0,0.003,1,r0021,r0021,1,1,0,0,0.0685468636602323,0.0685468636602323,0.0,-0.3492693668832083,-0.4176105899524599,-0.3492693668832083,0.0,0.0,,r0021,0
20083,3,23883.308953905645,cloud_0,8,1.0,0.003,1,r0021,r0021,1,1,0,0,0.0457347136333938,0.0457347136333938,0.0,-0.11754334427678377,-0.1631408537692774,-0.11754334427678378,1.3877787807814457e-17,1.1806527960558875e-16,,r0021,0
20083,4,27668.640407053797,edge_5,1,1.0,0.003,1,r0013,r0013,1,1,0,0,0.02005474360242343,0.02005474360242343,0.0,0.46710794451519055,0.44711336514357436,0.4671079445151905,5.551115123125783e-17,1.1884009228075241e-16,,r0013,0
20083,4,27668.640407053797,cloud_0,1,1.0,0.003,1,r0013,r0013,1,1,0,0,0.00970919594620308,0.00970919594620308,0.0,0.5050754468275664,0.4953953784692019,0.5050754468275663,1.1102230246251565e-16,2.1981330345764925e-16,,r0013,1
20083,4,27668.640407053797,edge_5,2,1.0,0.003,1,r0013,r0013,1,1,0,0,0.028917056967794966,0.028917056967794966,0.0,0.46698592547529827,0.4381556196784067,0.46698592547529827,0.0,0.0,,r0013,0
20083,4,27668.640407053797,cloud_0,2,1.0,0.003,1,r0013,r0013,1,1,0,0,0.016893475723138283,0.016893475723138283,0.0,0.5050538939882356,0.48821109869226675,0.5050538939882356,0.0,0.0,,r0013,0
20083,4,27668.640407053797,edge_5,4,1.0,0.003,1,r0013,r0013,1,1,0,0,0.046641683698538036,0.046641683698538036,0.0,0.4667418873955138,0.4202401287480714,0.4667418873955138,0.0,0.0,,r0013,0
20083,4,27668.640407053797,cloud_0,4,1.0,0.003,1,r0013,r0013,1,1,0,0,0.0312620352770087,0.0312620352770087,0.0,0.505010788309574,0.4738425391383963,0.505010788309574,0.0,0.0,,r0013,0
20083,4,27668.640407053797,edge_5,8,1.0,0.003,1,r0013,r0013,1,1,0,0,0.08209093716002419,0.08209093716002419,0.0,0.43499223820691046,0.3531475738583663,0.43499223820691046,0.0,0.0,,r0013,0
20083,4,27668.640407053797,cloud_0,8,1.0,0.003,1,r0013,r0013,1,1,0,0,0.05999915438474952,0.05999915438474952,0.0,0.5049245769522508,0.4451054200306555,0.5049245769522508,0.0,0.0,,r0013,0
20083,5,29316.468817558474,edge_5,1,1.0,0.003,1,r0009,r0009,1,1,0,0,0.012518921538018861,0.012518921538018861,0.0,-0.34671455605276136,-0.3591959208261662,-0.3467145560527614,5.551115123125783e-17,1.601062033946172e-16,,r0009,0
20083,5,29316.468817558474,cloud_0,1,1.0,0.003,1,r0009,r0009,1,1,0,0,0.0060608434920643465,0.0060608434920643465,0.0,-0.17697743843647049,-0.18302009939805863,-0.17697743843647049,0.0,0.0,,r0009,1
20083,5,29316.468817558474,edge_5,2,1.0,0.003,1,r0009,r0009,1,1,0,0,0.018051109227170632,0.018051109227170632,0.0,-0.3471600616076167,-0.36515701750710583,-0.3471600616076167,0.0,0.0,,r0009,0
20083,5,29316.468817558474,cloud_0,2,1.0,0.003,1,r0009,r0009,1,1,0,0,0.01054553981217881,0.01054553981217881,0.0,-0.17699089252543082,-0.1875047957181731,-0.17699089252543082,0.0,0.0,,r0009,0
20083,5,29316.468817558474,edge_5,4,1.0,0.003,1,r0009,r0009,1,1,0,0,0.02911548460547417,0.02911548460547417,0.0,-0.34805107271732716,-0.3770792108689849,-0.34805107271732716,0.0,0.0,,r0009,0
20083,5,29316.468817558474,cloud_0,4,1.0,0.003,1,r0009,r0009,1,1,0,0,0.01951493245240775,0.01951493245240775,0.0,-0.17701780070335152,-0.19647418835840205,-0.17701780070335152,0.0,0.0,,r0009,0
20083,5,29316.468817558474,edge_5,8,1.0,0.003,1,r0009,r0009,1,1,0,0,0.05124423536208125,0.05124423536208125,0.0,-0.3498330949367482,-0.4009235975927432,-0.3498330949367482,0.0,0.0,,r0009,0
20083,5,29316.468817558474,cloud_0,8,1.0,0.003,1,r0009,r0009,1,1,0,0,0.037453717732865606,0.037453717732865606,0.0,-0.1770716170591929,-0.21441297363885986,-0.17707161705919286,-2.7755575615628914e-17,-1.5674773900297393e-16,,r0009,0
20083,6,38541.86822813311,edge_5,1,1.0,0.003,1,r0010,r0010,1,1,0,0,0.009488527361553454,0.009488527361553454,0.0,-0.29754218842667324,-0.307002250206142,-0.29754218842667324,0.0,0.0,,r0010,0
20083,6,38541.86822813311,cloud_0,1,1.0,0.003,1,r0010,r0010,1,1,0,0,0.003156188263408413,0.003156188263408413,0.0,-0.08991559272263155,-0.09306231242124974,-0.08991559272263155,0.0,0.0,,r0010,1
20083,6,38541.86822813311,edge_5,2,1.0,0.003,1,r0010,r0010,1,1,0,0,0.011739407015137024,0.011739407015137024,0.0,-0.2980266717924049,-0.3097308605864965,-0.2980266717924049,0.0,0.0,,r0010,0
20083,6,38541.86822813311,cloud_0,2,1.0,0.003,1,r0010,r0010,1,1,0,0,0.004821888584424444,0.004821888584424444,0.0,-0.08992058982359458,-0.09472801274226575,-0.08992058982359458,0.0,0.0,,r0010,0
20083,6,38541.86822813311,edge_5,4,1.0,0.003,1,r0010,r0010,1,1,0,0,0.016241166322304164,0.016241166322304164,0.0,-0.2989956385238683,-0.31518808134720555,-0.2989956385238683,0.0,0.0,,r0010,0
20083,6,38541.86822813311,cloud_0,4,1.0,0.003,1,r0010,r0010,1,1,0,0,0.008153289226456509,0.008153289226456509,0.0,-0.08993058402552069,-0.09805941338429783,-0.08993058402552069,0.0,0.0,,r0010,0
20083,6,38541.86822813311,edge_5,8,1.0,0.003,1,r0010,r0010,1,1,0,0,0.025244684936638433,0.025244684936638433,0.0,-0.300933571986795,-0.3261025228686235,-0.300933571986795,0.0,0.0,,r0010,0
20083,6,38541.86822813311,cloud_0,8,1.0,0.003,1,r0010,r0010,1,1,0,0,0.014816090510520633,0.014816090510520633,0.0,-0.08995057242937288,-0.10472221466836194,-0.08995057242937288,0.0,0.0,,r0010,0
20083,7,41707.4962696876,edge_5,1,1.0,0.003,2,r0003|r0004,r0003|r0004,1,1,0,0,0.016548873935349106,0.016548873935349106,0.0,5.4926550482558705,5.476155820942328,5.4926550482558705,0.0,0.0,,r0003|r0004,0
20083,7,41707.4962696876,cloud_0,1,1.0,0.003,2,r0003|r0004,r0003|r0004,1,1,0,0,0.008628010269232489,0.008628010269232489,0.0,5.489638667967334,5.481036541728909,5.489638667967334,0.0,0.0,,r0003|r0004,1
20083,7,41707.4962696876,edge_5,2,1.0,0.003,2,r0003|r0004,r0003|r0004,1,1,0,0,0.02491501641737697,0.02491501641737697,0.0,5.392518720317481,5.3676784489493565,5.392518720317481,0.0,0.0,,r0003|r0004,0
20083,7,41707.4962696876,cloud_0,2,1.0,0.003,2,r0003|r0004,r0003|r0004,1,1,0,0,0.015410066575145064,0.015410066575145064,0.0,5.425201857327443,5.409838020952024,5.425201857327443,0.0,0.0,,r0003|r0004,0
20083,7,41707.4962696876,edge_5,4,1.0,0.003,2,r0003|r0004,r0003|r0004,1,1,0,0,0.041647301381432716,0.041647301381432716,0.0,5.30520493466881,5.263682575191521,5.30520493466881,0.0,0.0,,r0003|r0004,0
20083,7,41707.4962696876,cloud_0,4,1.0,0.003,2,r0003|r0004,r0003|r0004,1,1,0,0,0.028974179186970216,0.028974179186970216,0.0,5.385148922013843,5.356261665364434,5.385148922013843,0.0,0.0,,r0003|r0004,0
20083,7,41707.4962696876,edge_5,8,1.0,0.003,2,r0003|r0004,r0003|r0004,1,1,0,0,0.07511187130954419,0.07511187130954419,0.0,5.219397682542408,5.144511146846793,5.219397682542408,0.0,0.0,,r0003|r0004,0
20083,7,41707.4962696876,cloud_0,8,1.0,0.003,2,r0003|r0004,r0003|r0004,1,1,0,0,0.05610240441062052,0.05610240441062052,0.0,5.362535691272313,5.306601594074925,5.362535691272313,0.0,0.0,,r0003|r0004,0
20083,8,46609.94826299228,edge_5,1,1.0,0.003,1,r0006,r0006,1,1,0,0,0.02186611520722363,0.02186611520722363,0.0,-0.897758641676709,-0.919559158538311,-0.897758641676709,0.0,0.0,,r0006,0
20083,8,46609.94826299228,cloud_0,1,1.0,0.003,1,r0006,r0006,1,1,0,0,0.012369737566554649,0.012369737566554649,0.0,-0.13485905789644695,-0.14719168625030193,-0.13485905789644695,0.0,0.0,,r0006,1
20083,8,46609.94826299228,edge_5,2,1.0,0.003,1,r0006,r0006,1,1,0,0,0.03457743114336247,0.03457743114336247,0.0,-0.8998639321880983,-0.9343376310380308,-0.8998639321880985,1.1102230246251565e-16,1.2337676674356215e-16,,r0006,0
20083,8,46609.94826299228,cloud_0,2,1.0,0.003,1,r0006,r0006,1,1,0,0,0.022674231015755542,0.022674231015755542,0.0,-0.13488997137679448,-0.15749617969950275,-0.13488997137679448,0.0,0.0,,r0006,0
20083,8,46609.94826299228,edge_5,4,1.0,0.003,1,r0006,r0006,1,1,0,0,0.06000006301564018,0.06000006301564018,0.0,-0.9040745132108772,-0.9638945760374704,-0.9040745132108772,0.0,0.0,,r0006,0
20083,8,46609.94826299228,cloud_0,4,1.0,0.003,1,r0006,r0006,1,1,0,0,0.04328321791415733,0.04328321791415733,0.0,-0.13495179833748977,-0.1781051665979046,-0.13495179833748974,-2.7755575615628914e-17,-2.0567029085612697e-16,,r0006,0
20083,8,46609.94826299228,edge_5,8,1.0,0.003,1,r0006,r0006,1,1,0,0,0.11084532676019558,0.11084532676019558,0.0,-0.9124956752564347,-1.0230084660363497,-0.9124956752564346,-1.1102230246251565e-16,-1.216688533140889e-16,,r0006,0
20083,8,46609.94826299228,cloud_0,8,1.0,0.003,1,r0006,r0006,1,1,0,0,0.08450119171096092,0.08450119171096092,0.0,-0.13507545225888018,-0.21932314039470818,-0.13507545225888015,-2.7755575615628914e-17,-2.054820113608333e-16,,r0006,0
20083,9,57910.63330352462,edge_5,1,1.0,0.003,2,r0011|r0016,r0011|r0016,1,1,0,0,0.13223456621563698,0.13223456621563698,0.0,6.870533904787354,6.738696042270364,6.870533904787354,0.0,0.0,,r0011|r0016,0
20083,9,57910.63330352462,cloud_0,1,1.0,0.003,2,r0011|r0016,r0011|r0016,1,1,0,0,0.07949538512227125,0.07949538512227125,0.0,6.99140417199186,6.912147273024956,6.99140417199186,0.0,0.0,,r0011|r0016,1
20083,9,57910.63330352462,edge_5,2,1.0,0.003,2,r0011|r0016,r0011|r0016,1,1,0,0,0.21712173512264746,0.21712173512264746,0.0,6.763670451285119,6.54720008136784,6.763670451285119,0.0,0.0,,r0011|r0016,0
20083,9,57910.63330352462,cloud_0,2,1.0,0.003,2,r0011|r0016,r0011|r0016,1,1,0,0,0.1483096039111091,0.1483096039111091,0.0,6.933879746519636,6.78601507142026,6.933879746519636,0.0,0.0,,r0011|r0016,0
20083,9,57910.63330352462,edge_5,4,1.0,0.003,2,r0011|r0016,r0011|r0016,1,1,0,0,0.38689607293666844,0.38689607293666844,0.0,6.663898705994262,6.278163321276403,6.663898705994262,0.0,0.0,,r0011|r0016,0
20083,9,57910.63330352462,cloud_0,4,1.0,0.003,2,r0011|r0016,r0011|r0016,1,1,0,0,0.28593804148878466,0.28593804148878466,0.0,6.8819603894418515,6.596880162077533,6.8819603894418515,0.0,0.0,,r0011|r0016,0
20083,9,57910.63330352462,edge_5,8,1.0,0.003,2,r0011|r0016,r0011|r0016,1,1,0,0,0.7264447485647104,0.7264447485647104,0.0,6.55427354638119,5.830008132062174,6.55427354638119,0.0,0.0,,r0011|r0016,0
20083,9,57910.63330352462,cloud_0,8,1.0,0.003,2,r0011|r0016,r0011|r0016,1,1,0,0,0.5611949166441359,0.5611949166441359,0.0,6.815086610621689,6.255575278727486,6.815086610621689,0.0,0.0,,r0011|r0016,0
20084,0,0.0,cloud_0,1,1.0,0.003,1,r0022,r0022,1,1,0,0,0.007436351887506725,0.007436351887506725,0.0,-0.10370526627002506,-0.11111930910186928,-0.10370526627002508,1.3877787807814457e-17,1.3381950895029606e-16,,r0022,1
20084,0,0.0,cloud_0,2,1.0,0.003,1,r0022,r0022,1,1,0,0,0.0096271122789575,0.0096271122789575,0.0,-0.10371183855119942,-0.11331006949332006,-0.10371183855119943,1.3877787807814457e-17,1.338110287280599e-16,,r0022,0
20084,0,0.0,cloud_0,4,1.0,0.003,1,r0022,r0022,1,1,0,0,0.014008633061859049,0.014008633061859049,0.0,-0.10372498311354814,-0.11769159027622161,-0.10372498311354814,0.0,0.0,,r0022,0
20084,0,0.0,cloud_0,8,1.0,0.003,1,r0022,r0022,1,1,0,0,0.022771674627662154,0.022771674627662154,0.0,-0.10375127223824554,-0.1264546318420247,-0.10375127223824554,0.0,0.0,,r0022,0
20084,1,11452.717953795653,cloud_0,1,1.0,0.003,1,r0009,r0009,1,1,0,0,0.01488101005137588,0.01488101005137588,0.0,-0.08599390590616322,-0.10083027292738497,-0.08599390590616322,0.0,0.0,,r0009,1
20084,1,11452.717953795653,cloud_0,2,1.0,0.003,1,r0009,r0009,1,1,0,0,0.019264977875720672,0.019264977875720672,0.0,-0.08600705780963627,-0.10521424075172978,-0.08600705780963627,0.0,0.0,,r0009,0
20084,1,11452.717953795653,cloud_0,4,1.0,0.003,1,r0009,r0009,1,1,0,0,0.02803291352441025,0.02803291352441025,0.0,-0.08603336161658234,-0.11398217640041937,-0.08603336161658234,0.0,0.0,,r0009,0
20084,1,11452.717953795653,cloud_0,8,1.0,0.003,1,r0009,r0009,1,1,0,0,0.04556878482178943,0.04556878482178943,0.0,-0.08608596923047449,-0.13151804769779854,-0.08608596923047449,0.0,0.0,,r0009,0
20084,2,13966.57420197891,cloud_0,1,1.0,0.003,1,r0005,r0005,1,1,0,0,0.01857006962807577,0.01857006962807577,0.0,0.6599166796208424,0.6414023202016509,0.6599166796208424,0.0,0.0,,r0005,1
20084,2,13966.57420197891,cloud_0,2,1.0,0.003,1,r0005,r0005,1,1,0,0,0.02404083992285153,0.02404083992285153,0.0,0.6599002673099581,0.6359315499068751,0.659900267309958,1.1102230246251565e-16,1.682410327170969e-16,,r0005,0
20084,2,13966.57420197891,cloud_0,4,1.0,0.003,1,r0005,r0005,1,1,0,0,0.03498238051240304,0.03498238051240304,0.0,0.6598674426881894,0.6249900093173236,0.6598674426881894,0.0,0.0,,r0005,0
20084,2,13966.57420197891,cloud_0,8,1.0,0.003,1,r0005,r0005,1,1,0,0,0.056865461691506074,0.056865461691506074,0.0,0.6598017934446521,0.6031069281382205,0.6598017934446521,0.0,0.0,,r0005,0
20084,3,19744.017795166455,cloud_0,1,1.0,0.003,1,r0001,r0001,1,1,0,0,0.004963042034924264,0.004963042034924264,0.0,-0.09665799560885553,-0.10160614851767502,-0.09665799560885553,0.0,0.0,,r0001,1
20084,3,19744.017795166455,cloud_0,2,1.0,0.003,1,r0001,r0001,1,1,0,0,0.005683724962978614,0.005683724962978614,0.0,-0.09666015765763969,-0.10232683144572936,-0.09666015765763969,0.0,0.0,,r0001,0
20084,3,19744.017795166455,cloud_0,4,1.0,0.003,1,r0001,r0001,1,1,0,0,0.0071250908190873125,0.0071250908190873125,0.0,-0.096664481755208,-0.10376819730183806,-0.096664481755208,0.0,0.0,,r0001,0
20084,3,19744.017795166455,cloud_0,8,1.0,0.003,1,r0001,r0001,1,1,0,0,0.010007822531304712,0.010007822531304712,0.0,-0.09667312995034466,-0.10665092901405546,-0.09667312995034466,0.0,0.0,,r0001,0
20084,4,22945.701741321976,cloud_0,1,1.0,0.003,2,r0004|r0023,r0004|r0023,1,1,0,0,0.032686417703663276,0.032686417703663276,0.0,5.668299174841338,5.635710816390786,5.668299174841338,0.0,0.0,,r0004|r0023,1
20084,4,22945.701741321976,cloud_0,2,1.0,0.003,2,r0004|r0023,r0004|r0023,1,1,0,0,0.05827984762087489,0.05827984762087489,0.0,5.603118896495965,5.5450138884179525,5.603118896495965,0.0,0.0,,r0004|r0023,0
20084,4,22945.701741321976,cloud_0,4,1.0,0.003,2,r0004|r0023,r0004|r0023,1,1,0,0,0.10946670745529813,0.10946670745529813,0.0,5.5536977962908445,5.444559488957912,5.5536977962908445,0.0,0.0,,r0004|r0023,0
20084,4,22945.701741321976,cloud_0,8,1.0,0.003,2,r0004|r0023,r0004|r0023,1,1,0,0,0.21184042712414455,0.21184042712414455,0.0,5.490178720882285,5.278973815039513,5.490178720882285,0.0,0.0,,r0004|r0023,0
20084,5,26873.925423496417,cloud_0,1,1.0,0.003,2,r0003|r0019,r0003|r0019,1,1,0,0,0.0282073850528654,0.0282073850528654,0.0,5.638626352313393,5.6105035894156865,5.638626352313393,0.0,0.0,,r0003|r0019,1
20084,5,26873.925423496417,cloud_0,2,1.0,0.003,2,r0003|r0019,r0003|r0019,1,1,0,0,0.04452799812174964,0.04452799812174964,0.0,5.542573764471476,5.498179350344092,5.542573764471476,0.0,0.0,,r0003|r0019,0
20084,5,26873.925423496417,cloud_0,4,1.0,0.003,2,r0003|r0019,r0003|r0019,1,1,0,0,0.07716922425951812,0.07716922425951812,0.0,5.467061766484693,5.3901240498979535,5.467061766484693,0.0,0.0,,r0003|r0019,0
20084,5,26873.925423496417,cloud_0,8,1.0,0.003,2,r0003|r0019,r0003|r0019,1,1,0,0,0.14245167653505508,0.14245167653505508,0.0,5.41725971878546,5.27523539728001,5.41725971878546,0.0,0.0,,r0003|r0019,0
20084,6,36868.90235795286,cloud_0,1,1.0,0.003,1,r0007,r0007,1,1,0,0,0.013388308183681351,0.013388308183681351,0.0,-0.4921766069987784,-0.5055247502579088,-0.49217660699877847,5.551115123125783e-17,1.1278705741371328e-16,,r0007,1
20084,6,36868.90235795286,cloud_0,2,1.0,0.003,1,r0007,r0007,1,1,0,0,0.02210291798895023,0.02210291798895023,0.0,-0.4922027508281942,-0.5142393600631776,-0.4922027508281942,0.0,0.0,,r0007,0
20084,6,36868.90235795286,cloud_0,4,1.0,0.003,1,r0007,r0007,1,1,0,0,0.039532137599487975,0.039532137599487975,0.0,-0.4922550384870258,-0.5316685796737153,-0.4922550384870258,0.0,0.0,,r0007,0
20084,6,36868.90235795286,cloud_0,8,1.0,0.003,1,r0007,r0007,1,1,0,0,0.07439057682056348,0.07439057682056348,0.0,-0.49235961380468907,-0.5665270188947908,-0.49235961380468907,0.0,0.0,,r0007,0
20084,7,46851.83930183145,cloud_0,1,1.0,0.003,2,r0006|r0018,r0006|r0018,1,1,0,0,0.017797320658553308,0.017797320658553308,0.0,6.633154338063488,6.61541040936691,6.633154338063488,0.0,0.0,,r0006|r0018,1
20084,7,46851.83930183145,cloud_0,2,1.0,0.003,2,r0006|r0018,r0006|r0018,1,1,0,0,0.02403244393883282,0.02403244393883282,0.0,6.538290349088947,6.51433000248193,6.538290349088947,0.0,0.0,,r0006|r0018,0
20084,7,46851.83930183145,cloud_0,4,1.0,0.003,2,r0006|r0018,r0006|r0018,1,1,0,0,0.03650269049939185,0.03650269049939185,0.0,6.4362932966969515,6.399900114269058,6.4362932966969515,0.0,0.0,,r0006|r0018,0
20084,7,46851.83930183145,cloud_0,8,1.0,0.003,2,r0006|r0018,r0006|r0018,1,1,0,0,0.06144318362050992,0.06144318362050992,0.0,6.346897357313875,6.285638503244226,6.346897357313875,0.0,0.0,,r0006|r0018,0
20084,8,50361.12201487821,cloud_0,1,1.0,0.003,1,r0010,r0010,1,1,0,0,0.07393647701945072,0.07393647701945072,0.0,1.1400426788735123,1.06632801128512,1.1400426788735123,0.0,0.0,,r0010,1
20084,8,50361.12201487821,cloud_0,2,1.0,0.003,1,r0010,r0010,1,1,0,0,0.12838748395916072,0.12838748395916072,0.0,1.1328775978222554,1.0048752763149722,1.1328775978222554,0.0,0.0,,r0010,0
20084,8,50361.12201487821,cloud_0,4,1.0,0.003,1,r0010,r0010,1,1,0,0,0.2372894978385807,0.2372894978385807,0.0,1.1185474357197416,0.8819698063746767,1.1185474357197416,0.0,0.0,,r0010,0
20084,8,50361.12201487821,cloud_0,8,1.0,0.003,1,r0010,r0010,1,1,0,0,0.4550935255974207,0.4550935255974207,0.0,1.0898871115147137,0.6361588664940854,1.089887111514714,-2.220446049250313e-16,-2.0373174669111923e-16,,r0010,0
20085,0,0.0,edge_4,1,1.0,0.003,1,r0002,r0002,1,1,0,0,0.005944249429977512,0.005944249429977512,0.0,-0.11506712278143874,-0.12099353946312631,-0.11506712278143873,-1.3877787807814457e-17,-1.2060602083684894e-16,,r0002,0
20085,0,0.0,cloud_0,1,1.0,0.003,1,r0002,r0002,1,1,0,0,0.005973250577848482,0.005973250577848482,0.0,-0.1022656105625642,-0.10822094138867913,-0.1022656105625642,0.0,0.0,,r0002,1
20085,0,0.0,edge_4,2,1.0,0.003,1,r0002,r0002,1,1,0,0,0.009461449701222353,0.009461449701222353,0.0,-0.11516609888273485,-0.12459916423485354,-0.11516609888273485,0.0,0.0,,r0002,0
20085,0,0.0,cloud_0,2,1.0,0.003,1,r0002,r0002,1,1,0,0,0.008291583938983563,0.008291583938983563,0.0,-0.1022725655626476,-0.11053927474981422,-0.1022725655626476,0.0,0.0,,r0002,0
20085,0,0.0,edge_4,4,1.0,0.003,1,r0002,r0002,1,1,0,0,0.016495850243712036,0.016495850243712036,0.0,-0.11536405108532709,-0.13181041377830796,-0.11536405108532706,-2.7755575615628914e-17,-2.4059120111082064e-16,,r0002,0
20085,0,0.0,cloud_0,4,1.0,0.003,1,r0002,r0002,1,1,0,0,0.012928250661253728,0.012928250661253728,0.0,-0.10228647556281442,-0.11517594147208438,-0.10228647556281441,-1.3877787807814457e-17,-1.3567568665802808e-16,,r0002,0
20085,0,0.0,edge_4,8,1.0,0.003,1,r0002,r0002,1,1,0,0,0.0305646513286914,0.0305646513286914,0.0,-0.11575995549051153,-0.14623291286521686,-0.11575995549051155,1.3877787807814457e-17,1.1988418403419283e-16,,r0002,0
20085,0,0.0,cloud_0,8,1.0,0.003,1,r0002,r0002,1,1,0,0,0.022201584105794054,0.022201584105794054,0.0,-0.10231429556314804,-0.1244492749166247,-0.10231429556314803,-1.3877787807814457e-17,-1.356387954530668e-16,,r0002,0
20085,1,735.1374749624654,edge_4,1,1.0,0.003,1,r0008,r0008,1,1,0,0,0.024448269642643624,0.024448269642643624,0.0,-1.1392167352674436,-1.163591660101159,-1.1392167352674434,-2.220446049250313e-16,-1.949098868117522e-16,,r0008,0
20085,1,735.1374749624654,cloud_0,1,1.0,0.003,1,r0008,r0008,1,1,0,0,0.018886222128705436,0.018886222128705436,0.0,-0.48115510727575156,-0.49998467073807085,-0.4811551072757515,-5.551115123125783e-17,-1.153705954521734e-16,,r0008,1
20085,1,735.1374749624654,edge_4,2,1.0,0.003,1,r0008,r0008,1,1,0,0,0.04562368570909081,0.04562368570909081,0.0,-1.14471556764389,-1.1902023822958536,-1.14471556764389,0.0,0.0,,r0008,0
20085,1,735.1374749624654,cloud_0,2,1.0,0.003,1,r0008,r0008,1,1,0,0,0.032843821843488046,0.032843821843488046,0.0,-0.48119698007489586,-0.5139422704528535,-0.48119698007489586,0.0,0.0,,r0008,0
20085,1,735.1374749624654,edge_4,4,1.0,0.003,1,r0008,r0008,1,1,0,0,0.08797451784198518,0.08797451784198518,0.0,-1.1557132323967834,-1.2434238266852424,-1.1557132323967831,-2.220446049250313e-16,-1.9212776898343776e-16,,r0008,0
20085,1,735.1374749624654,cloud_0,4,1.0,0.003,1,r0008,r0008,1,1,0,0,0.06075902127305324,0.06075902127305324,0.0,-0.48128072567318453,-0.5418574698824186,-0.4812807256731845,-5.551115123125783e-17,-1.1534048273720582e-16,,r0008,0
20085,1,735.1374749624654,edge_4,8,1.0,0.003,1,r0008,r0008,1,1,0,0,0.1726761821077739,0.1726761821077739,0.0,-1.1777085619025698,-1.3498667154640203,-1.1777085619025698,0.0,0.0,,r0008,0
20085,1,735.1374749624654,cloud_0,8,1.0,0.003,1,r0008,r0008,1,1,0,0,0.1165894201321837,0.1165894201321837,0.0,-0.48144821686976197,-0.5976878687415491,-0.48144821686976197,0.0,0.0,,r0008,0
20085,2,11524.024064433324,edge_4,1,1.0,0.003,4,r0003|r0005|r0015|r0018,r0003|r0005|r0015|r0018,1,1,0,0,0.042355568937146405,0.042355568937146405,0.0,5.208311458521619,5.166082956291285,5.20831145852162,-8.881784197001252e-16,-1.7053097280634497e-16,,r0003|r0005|r0015|r0018,0
20085,2,11524.024064433324,cloud_0,1,1.0,0.003,4,r0003|r0005|r0015|r0018,r0003|r0005|r0015|r0018,1,1,0,0,0.02925651869048183,0.02925651869048183,0.0,5.572833455741932,5.5436647066075215,5.572833455741932,0.0,0.0,,r0003|r0005|r0015|r0018,1
20085,2,11524.024064433324,edge_4,2,1.0,0.003,4,r0003|r0005|r0015|r0018,r0003|r0005|r0015|r0018,1,1,0,0,0.08238030804249374,0.08238030804249374,0.0,5.153691748414298,5.071558581295932,5.153691748414298,0.0,0.0,,r0003|r0005|r0015|r0018,0
20085,2,11524.024064433324,cloud_0,2,1.0,0.003,4,r0003|r0005|r0015|r0018,r0003|r0005|r0015|r0018,1,1,0,0,0.05507763747967705,0.05507763747967705,0.0,5.495732001640407,5.440819597073169,5.495732001640407,0.0,0.0,,r0003|r0005|r0015|r0018,0
20085,2,11524.024064433324,edge_4,4,1.0,0.003,4,r0003|r0005|r0015|r0018,r0003|r0005|r0015|r0018,1,1,0,0,0.1624297862531884,0.1624297862531884,0.0,5.082811167371961,4.920868670477533,5.082811167371961,0.0,0.0,,r0003|r0005|r0015|r0018,0
20085,2,11524.024064433324,cloud_0,4,1.0,0.003,4,r0003|r0005|r0015|r0018,r0003|r0005|r0015|r0018,1,1,0,0,0.10671987505806753,0.10671987505806753,0.0,5.434679114972527,5.328279399539634,5.434679114972527,0.0,0.0,,r0003|r0005|r0015|r0018,0
20085,2,11524.024064433324,edge_4,8,1.0,0.003,3,r0003|r0005|r0018,r0003|r0005|r0018,1,1,0,0,0.10848352287154343,0.10848352287154343,0.0,4.917411936829904,4.809253864526975,4.917411936829904,0.0,0.0,,r0003|r0005|r0018,0
20085,2,11524.024064433324,cloud_0,8,1.0,0.003,4,r0003|r0005|r0015|r0018,r0003|r0005|r0015|r0018,1,1,0,0,0.21000435021484842,0.21000435021484842,0.0,5.355674947784502,5.1463006106202975,5.355674947784501,8.881784197001252e-16,1.658387464436281e-16,,r0003|r0005|r0015|r0018,0
20085,3,24428.73658910168,edge_4,1,1.0,0.003,3,r0004|r0011|r0023,r0004|r0011|r0023,1,1,0,0,0.009553464829376345,0.009553464829376345,0.0,6.374188919292305,6.364664114857416,6.374188919292305,0.0,0.0,,r0004|r0011|r0023,0
20085,3,24428.73658910168,cloud_0,1,1.0,0.003,3,r0004|r0011|r0023,r0004|r0011|r0023,1,1,0,0,0.008520953132087996,0.008520953132087996,0.0,6.736446532037754,6.727951141765063,6.736446532037754,0.0,0.0,,r0004|r0011|r0023,1
20085,3,24428.73658910168,edge_4,2,1.0,0.003,3,r0004|r0011|r0023,r0004|r0011|r0023,1,1,0,0,0.016154111030587583,0.016154111030587583,0.0,6.260507283710606,6.2444016350131095,6.260507283710606,0.0,0.0,,r0004|r0011|r0023,0
20085,3,24428.73658910168,cloud_0,2,1.0,0.003,3,r0004|r0011|r0023,r0004|r0011|r0023,1,1,0,0,0.012734978206060267,0.012734978206060267,0.0,6.611335897974032,6.59863912470259,6.611335897974032,0.0,0.0,,r0004|r0011|r0023,0
20085,3,24428.73658910168,edge_4,4,1.0,0.003,3,r0004|r0011|r0023,r0004|r0011|r0023,1,1,0,0,0.02935540343301006,0.02935540343301006,0.0,6.1736031834838485,6.1443358462611375,6.1736031834838485,0.0,0.0,,r0004|r0011|r0023,0
20085,3,24428.73658910168,cloud_0,4,1.0,0.003,3,r0004|r0011|r0023,r0004|r0011|r0023,1,1,0,0,0.0211630283540048,0.0211630283540048,0.0,6.4942667425957294,6.473167203326787,6.4942667425957294,0.0,0.0,,r0004|r0011|r0023,0
20085,3,24428.73658910168,edge_4,8,1.0,0.003,3,r0004|r0011|r0023,r0004|r0011|r0023,1,1,0,0,0.055757988237855015,0.055757988237855015,0.0,6.109061643761585,6.0534709294884435,6.109061643761585,0.0,0.0,,r0004|r0011|r0023,0
20085,3,24428.73658910168,cloud_0,8,1.0,0.003,3,r0004|r0011|r0023,r0004|r0011|r0023,1,1,0,0,0.03801912864989388,0.03801912864989388,0.0,6.403424681445564,6.36551961018162,6.403424681445564,0.0,0.0,,r0004|r0011|r0023,0
20085,4,28651.14546653819,edge_4,1,1.0,0.003,3,r0007|r0014|r0020,r0007|r0014|r0020,1,1,0,0,0.09539377860766768,0.09539377860766768,0.0,4.951908810506147,4.856801213234302,4.951908810506147,0.0,0.0,,r0007|r0014|r0020,0
20085,4,28651.14546653819,cloud_0,1,1.0,0.003,3,r0007|r0014|r0020,r0007|r0014|r0020,1,1,0,0,0.07033026056212589,0.07033026056212589,0.0,5.503224211984696,5.433104942204257,5.503224211984697,-8.881784197001252e-16,-1.613923739043535e-16,,r0007|r0014|r0020,1
20085,4,28651.14546653819,edge_4,2,1.0,0.003,3,r0007|r0014|r0020,r0007|r0014|r0020,1,1,0,0,0.1820997082050303,0.1820997082050303,0.0,4.897765680387174,4.716212271306758,4.897765680387173,8.881784197001252e-16,1.8134359168238398e-16,,r0007|r0014|r0020,0
20085,4,28651.14546653819,cloud_0,2,1.0,0.003,3,r0007|r0014|r0020,r0007|r0014|r0020,1,1,0,0,0.1275595864504882,0.1275595864504882,0.0,5.422830613172876,5.295653705481739,5.422830613172876,0.0,0.0,,r0007|r0014|r0020,0
20085,4,28651.14546653819,edge_4,4,1.0,0.003,3,r0007|r0014|r0020,r0007|r0014|r0020,1,1,0,0,0.3555115673997556,0.3555115673997556,0.0,4.8543879598369974,4.499942927139441,4.854387959836997,8.881784197001252e-16,1.8296403728925466e-16,,r0007|r0014|r0020,0
20085,4,28651.14546653819,cloud_0,4,1.0,0.003,3,r0007|r0014|r0020,r0007|r0014|r0020,1,1,0,0,0.2420182382272128,0.2420182382272128,0.0,5.372615175559601,5.13132299204707,5.372615175559601,0.0,0.0,,r0007|r0014|r0020,0
20085,4,28651.14546653819,edge_4,8,1.0,0.003,3,r0007|r0014|r0020,r0007|r0014|r0020,1,1,0,0,0.7023352857892061,0.7023352857892061,0.0,4.804392689387312,4.104164409455473,4.804392689387312,0.0,0.0,,r0007|r0014|r0020,0
20085,4,28651.14546653819,cloud_0,8,1.0,0.003,3,r0007|r0014|r0020,r0007|r0014|r0020,1,1,0,0,0.47093554178066205,0.47093554178066205,0.0,5.343830006036024,4.8743072708807045,5.343830006036025,-8.881784197001252e-16,-1.6620633865540252e-16,,r0007|r0014|r0020,0
20086,0,0.0,cloud_0,1,1.0,0.003,1,r0007,r0007,1,1,0,0,0.005229410210627033,0.005229410210627033,0.0,-0.07846659036046108,-0.08368031234045624,-0.0784665903604611,1.3877787807814457e-17,1.7686237854942402e-16,,r0007,1
20086,0,0.0,cloud_0,2,1.0,0.003,1,r0007,r0007,1,1,0,0,0.008047105513184922,0.008047105513184922,0.0,-0.07847504344636877,-0.08649800764301413,-0.07847504344636877,0.0,0.0,,r0007,0
20086,0,0.0,cloud_0,4,1.0,0.003,1,r0007,r0007,1,1,0,0,0.013682496118300707,0.013682496118300707,0.0,-0.0784919496181841,-0.09213339824812991,-0.0784919496181841,0.0,0.0,,r0007,0
20086,0,0.0,cloud_0,8,1.0,0.003,1,r0007,r0007,1,1,0,0,0.02495327732853227,0.02495327732853227,0.0,-0.0785257619618148,-0.10340417945836147,-0.0785257619618148,0.0,0.0,,r0007,0
20086,1,2809.4688919212085,cloud_0,1,1.0,0.003,1,r0017,r0017,1,1,0,0,0.016384875928505595,0.016384875928505595,0.0,-0.244401011651603,-0.2607367329523231,-0.244401011651603,0.0,0.0,,r0017,1
20086,1,2809.4688919212085,cloud_0,2,1.0,0.003,1,r0017,r0017,1,1,0,0,0.03013392055945977,0.03013392055945977,0.0,-0.24444225878549586,-0.27448577758327725,-0.24444225878549586,0.0,0.0,,r0017,0
20086,1,2809.4688919212085,cloud_0,4,1.0,0.003,1,r0017,r0017,1,1,0,0,0.05763200982136812,0.05763200982136812,0.0,-0.24452475305328158,-0.3019838668451856,-0.24452475305328156,-2.7755575615628914e-17,-1.1350824515332815e-16,,r0017,0
20086,1,2809.4688919212085,cloud_0,8,1.0,0.003,1,r0017,r0017,1,1,0,0,0.11262818834518483,0.11262818834518483,0.0,-0.24468974158885304,-0.3569800453690023,-0.24468974158885304,0.0,0.0,,r0017,0
20086,2,11275.623088844524,cloud_0,1,1.0,0.003,1,r0004,r0004,1,1,0,0,0.006154676198831363,0.006154676198831363,0.0,-0.09890931960273203,-0.10504553177296691,-0.09890931960273204,1.3877787807814457e-17,1.4030819202431486e-16,,r0004,1
20086,2,11275.623088844524,cloud_0,2,1.0,0.003,1,r0004,r0004,1,1,0,0,0.009470920577398213,0.009470920577398213,0.0,-0.09891926833586773,-0.10836177615153375,-0.09891926833586773,0.0,0.0,,r0004,0
20086,2,11275.623088844524,cloud_0,4,1.0,0.003,1,r0004,r0004,1,1,0,0,0.016103409334531915,0.016103409334531915,0.0,-0.09893916580213913,-0.11499426490866746,-0.09893916580213914,1.3877787807814457e-17,1.4026586635637884e-16,,r0004,0
20086,2,11275.623088844524,cloud_0,8,1.0,0.003,1,r0004,r0004,1,1,0,0,0.029368386848799326,0.029368386848799326,0.0,-0.09897896073468193,-0.12825924242293485,-0.09897896073468192,-1.3877787807814457e-17,-1.402094718393191e-16,,r0004,0
20086,3,14396.667341659806,cloud_0,1,1.0,0.003,2,r0001|r0021,r0001|r0021,1,1,0,0,0.02598012524515166,0.02598012524515166,0.0,5.278825673773087,5.252923488903671,5.278825673773087,0.0,0.0,,r0001|r0021,1
20086,3,14396.667341659806,cloud_0,2,1.0,0.003,2,r0001|r0021,r0001|r0021,1,1,0,0,0.04860162061469081,0.04860162061469081,0.0,5.224276604313148,5.1758207885603005,5.224276604313147,8.881784197001252e-16,1.7000983810214944e-16,,r0001|r0021,0
20086,3,14396.667341659806,cloud_0,4,1.0,0.003,2,r0001|r0021,r0001|r0021,1,1,0,0,0.0938446113537691,0.0938446113537691,0.0,5.176374080635409,5.082811003115701,5.176374080635409,0.0,0.0,,r0001|r0021,0
20086,3,14396.667341659806,cloud_0,8,1.0,0.003,2,r0001|r0021,r0001|r0021,1,1,0,0,0.18433059283192568,0.18433059283192568,0.0,5.116179392563631,4.932401791510202,5.116179392563632,-8.881784197001252e-16,-1.7360189148001587e-16,,r0001|r0021,0
20086,4,25619.642771443403,cloud_0,1,1.0,0.003,3,r0003|r0008|r0012,r0003|r0008|r0012,1,1,0,0,0.0071655634345728775,0.0071655634345728775,0.0,7.270791330484463,7.263647263740194,7.270791330484463,0.0,0.0,,r0003|r0008|r0012,1
20086,4,25619.642771443403,cloud_0,2,1.0,0.003,3,r0003|r0008|r0012,r0003|r0008|r0012,1,1,0,0,0.011773991970243545,0.011773991970243545,0.0,7.1509489397881145,7.139210269793781,7.1509489397881145,0.0,0.0,,r0003|r0008|r0012,0
20086,4,25619.642771443403,cloud_0,4,1.0,0.003,3,r0003|r0008|r0012,r0003|r0008|r0012,1,1,0,0,0.02099084904158488,0.02099084904158488,0.0,7.055596291708625,7.034668415214164,7.055596291708625,0.0,0.0,,r0003|r0008|r0012,0
20086,4,25619.642771443403,cloud_0,8,1.0,0.003,3,r0003|r0008|r0012,r0003|r0008|r0012,1,1,0,0,0.03942456318426754,0.03942456318426754,0.0,6.985880622961293,6.946574333466579,6.985880622961294,-8.881784197001252e-16,-1.2713907775361168e-16,,r0003|r0008|r0012,0
20086,5,28753.100842504824,cloud_0,1,1.0,0.003,2,r0002|r0011,r0002|r0011,1,1,0,0,0.01803431724118725,0.01803431724118725,0.0,6.001935726179993,5.983955511890529,6.001935726179993,0.0,0.0,,r0002|r0011,1
20086,5,28753.100842504824,cloud_0,2,1.0,0.003,2,r0002|r0011,r0002|r0011,1,1,0,0,0.03373721397916392,0.03373721397916392,0.0,5.9536389154561125,5.920002913118886,5.9536389154561125,0.0,0.0,,r0002|r0011,0
20086,5,28753.100842504824,cloud_0,4,1.0,0.003,2,r0002|r0011,r0002|r0011,1,1,0,0,0.06514300745511727,0.06514300745511727,0.0,5.918240909250492,5.85329333081774,5.918240909250492,0.0,0.0,,r0002|r0011,0
20086,5,28753.100842504824,cloud_0,8,1.0,0.003,2,r0002|r0011,r0002|r0011,1,1,0,0,0.12795459440702395,0.12795459440702395,0.0,5.883055256122952,5.755484525499149,5.883055256122952,0.0,0.0,,r0002|r0011,0
20086,6,33365.48929141228,cloud_0,1,1.0,0.003,2,r0005|r0013,r0005|r0013,1,1,0,0,0.0034457476856301857,0.0034457476856301857,0.0,7.45637826458526,7.4529428541426865,7.456378264585259,8.881784197001252e-16,1.1911659899533377e-16,,r0005|r0013,1
20086,6,33365.48929141228,cloud_0,2,1.0,0.003,2,r0005|r0013,r0005|r0013,1,1,0,0,0.004756097983663679,0.004756097983663679,0.0,7.357950271771865,7.353208442082153,7.357950271771865,0.0,0.0,,r0005|r0013,0
20086,6,33365.48929141228,cloud_0,4,1.0,0.003,2,r0005|r0013,r0005|r0013,1,1,0,0,0.007376798579730667,0.007376798579730667,0.0,7.255651724329122,7.248297056145131,7.255651724329122,0.0,0.0,,r0005|r0013,0
20086,6,33365.48929141228,cloud_0,8,1.0,0.003,2,r0005|r0013,r0005|r0013,1,1,0,0,0.012618199771864642,0.012618199771864642,0.0,7.167254984660677,7.154674639488128,7.167254984660677,0.0,0.0,,r0005|r0013,0
20087,0,0.0,cloud_0,1,1.0,0.003,1,r0004,r0004,1,1,0,0,0.00301731738663343,0.00301731738663343,0.0,-0.06916795929539989,-0.07217622472987341,-0.06916795929539987,-1.3877787807814457e-17,-2.0063896563068644e-16,,r0004,1
20087,0,0.0,cloud_0,2,1.0,0.003,1,r0004,r0004,1,1,0,0,0.004376635523695546,0.004376635523695546,0.0,-0.06917203724981108,-0.07353554286693553,-0.06917203724981108,0.0,0.0,,r0004,0
20087,0,0.0,cloud_0,4,1.0,0.003,1,r0004,r0004,1,1,0,0,0.007095271797819781,0.007095271797819781,0.0,-0.06918019315863344,-0.07625417914105977,-0.06918019315863344,0.0,0.0,,r0004,0
20087,0,0.0,cloud_0,8,1.0,0.003,1,r0004,r0004,1,1,0,0,0.01253254434606825,0.01253254434606825,0.0,-0.06919650497627819,-0.08169145168930823,-0.06919650497627819,0.0,0.0,,r0004,0
20087,1,2115.8998603003047,cloud_0,1,1.0,0.003,1,r0020,r0020,1,1,0,0,0.004861491573270867,0.004861491573270867,0.0,0.15449327004441432,0.14964636294586325,0.15449327004441432,0.0,0.0,,r0020,1
20087,1,2115.8998603003047,cloud_0,2,1.0,0.003,1,r0020,r0020,1,1,0,0,0.007051620360516201,0.007051620360516201,0.0,0.1544866996580526,0.14745623415861792,0.15448669965805256,2.7755575615628914e-17,1.7966320516306116e-16,,r0020,0
20087,1,2115.8998603003047,cloud_0,4,1.0,0.003,1,r0020,r0020,1,1,0,0,0.011431877935006869,0.011431877935006869,0.0,0.1544735588853291,0.14307597658412727,0.15447355888532913,-2.7755575615628914e-17,-1.796784887712259e-16,,r0020,0
20087,1,2115.8998603003047,cloud_0,8,1.0,0.003,1,r0020,r0020,1,1,0,0,0.020192393083988208,0.020192393083988208,0.0,0.15444727733988217,0.13431546143514592,0.15444727733988217,0.0,0.0,,r0020,0
20087,2,5789.82666601062,cloud_0,1,1.0,0.003,1,r0014,r0014,1,1,0,0,0.002595887477671633,0.002595887477671633,0.0,-0.08195047699862602,-0.08453857681386465,-0.08195047699862602,0.0,0.0,,r0014,1
20087,2,5789.82666601062,cloud_0,2,1.0,0.003,1,r0014,r0014,1,1,0,0,0.003765349114622114,0.003765349114622114,0.0,-0.08195398538353688,-0.08570803845081512,-0.08195398538353688,0.0,0.0,,r0014,0
20087,2,5789.82666601062,cloud_0,4,1.0,0.003,1,r0014,r0014,1,1,0,0,0.006104272388523079,0.006104272388523079,0.0,-0.08196100215335858,-0.08804696172471609,-0.08196100215335858,0.0,0.0,,r0014,0
20087,2,5789.82666601062,cloud_0,8,1.0,0.003,1,r0014,r0014,1,1,0,0,0.010782118936325009,0.010782118936325009,0.0,-0.08197503569300199,-0.09272480827251803,-0.08197503569300199,0.0,0.0,,r0014,0
20087,3,9865.310305922416,cloud_0,1,1.0,0.003,1,r0017,r0017,1,1,0,0,0.0020557230903442743,0.0020557230903442743,0.0,-0.05922586011566847,-0.06127541603674171,-0.05922586011566847,0.0,0.0,,r0017,1
20087,3,9865.310305922416,cloud_0,2,1.0,0.003,1,r0017,r0017,1,1,0,0,0.002569826443621818,0.002569826443621818,0.0,-0.059227402425728305,-0.061789519390019254,-0.0592274024257283,-6.938893903907228e-18,-1.1715681626606305e-16,,r0017,0
20087,3,9865.310305922416,cloud_0,4,1.0,0.003,1,r0017,r0017,1,1,0,0,0.003598033150176905,0.003598033150176905,0.0,-0.05923048704584797,-0.06281772609657435,-0.059230487045847977,6.938893903907228e-18,1.1715071494408116e-16,,r0017,0
20087,3,9865.310305922416,cloud_0,8,1.0,0.003,1,r0017,r0017,1,1,0,0,0.005654446563287079,0.005654446563287079,0.0,-0.05923665628608729,-0.06487413950968451,-0.0592366562860873,6.938893903907228e-18,1.171385142063959e-16,,r0017,0
20087,4,12882.016006990365,cloud_0,1,1.0,0.003,2,r0000|r0006,r0000|r0006,1,1,0,0,0.0075765191161128245,0.0075765191161128245,0.0,6.2205430537499495,6.212989264191185,6.2205430537499495,0.0,0.0,,r0000|r0006,1
20087,4,12882.016006990365,cloud_0,2,1.0,0.003,2,r0000|r0006,r0000|r0006,1,1,0,0,0.011472654922514779,0.011472654922514779,0.0,6.119457507236556,6.108019270278809,6.119457507236556,0.0,0.0,,r0000|r0006,0
20087,4,12882.016006990365,cloud_0,4,1.0,0.003,2,r0000|r0006,r0000|r0006,1,1,0,0,0.019264926535318687,0.019264926535318687,0.0,6.0315522374101755,6.012345105654463,6.0315522374101755,0.0,0.0,,r0000|r0006,0
20087,4,12882.016006990365,cloud_0,8,1.0,0.003,2,r0000|r0006,r0000|r0006,1,1,0,0,0.0348494697609265,0.0348494697609265,0.0,5.965783600030434,5.9310386786787905,5.965783600030434,0.0,0.0,,r0000|r0006,0
20087,5,15789.047816488915,cloud_0,1,1.0,0.003,3,r0002|r0021|r0023,r0002|r0021|r0023,1,1,0,0,0.023127167127610492,0.023127167127610492,0.0,5.130979020295757,5.107921234669529,5.130979020295757,0.0,0.0,,r0002|r0021|r0023,1
20087,5,15789.047816488915,cloud_0,2,1.0,0.003,3,r0002|r0021|r0023,r0002|r0021|r0023,1,1,0,0,0.04277456634641286,0.04277456634641286,0.0,5.062639209871055,5.019992967223681,5.062639209871055,0.0,0.0,,r0002|r0021|r0023,0
20087,5,15789.047816488915,cloud_0,4,1.0,0.003,3,r0002|r0021|r0023,r0002|r0021|r0023,1,1,0,0,0.0820693647840176,0.0820693647840176,0.0,5.02183281526995,4.940009658580284,5.02183281526995,0.0,0.0,,r0002|r0021|r0023,0
20087,5,15789.047816488915,cloud_0,8,1.0,0.003,3,r0002|r0021|r0023,r0002|r0021|r0023,1,1,0,0,0.16065896165922708,0.16065896165922708,0.0,4.999237369195057,4.839060384420807,4.999237369195057,0.0,0.0,,r0002|r0021|r0023,0
20087,6,26334.207653338177,cloud_0,1,1.0,0.003,3,r0008|r0010|r0011,r0008|r0010|r0011,1,1,0,0,0.04088054566035073,0.04088054566035073,0.0,5.433032197517203,5.392274293493834,5.433032197517204,-8.881784197001252e-16,-1.6347748134200392e-16,,r0008|r0010|r0011,1
20087,6,26334.207653338177,cloud_0,2,1.0,0.003,3,r0008|r0010|r0011,r0008|r0010|r0011,1,1,0,0,0.07561010836206568,0.07561010836206568,0.0,5.364647140602052,5.289263862565073,5.364647140602052,0.0,0.0,,r0008|r0010|r0011,0
20087,6,26334.207653338177,cloud_0,4,1.0,0.003,3,r0008|r0010|r0011,r0008|r0010|r0011,1,1,0,0,0.1450692337654956,0.1450692337654956,0.0,5.32375025302005,5.179116226955851,5.32375025302005,0.0,0.0,,r0008|r0010|r0011,0
20087,6,26334.207653338177,cloud_0,8,1.0,0.003,3,r0008|r0010|r0011,r0008|r0010|r0011,1,1,0,0,0.2839874845723554,0.2839874845723554,0.0,5.300973820983362,5.017838298864723,5.300973820983362,0.0,0.0,,r0008|r0010|r0011,0
20088,0,0.0,edge_0,1,1.0,0.003,1,r0012,r0012,1,1,0,0,0.03864533415648489,0.03864533415648489,0.0,-0.45069758378613894,-0.4892269819401544,-0.45069758378613894,0.0,0.0,,r0012,0
20088,0,0.0,cloud_0,1,1.0,0.003,1,r0012,r0012,1,1,0,0,0.021502246523524362,0.021502246523524362,0.0,-0.1968789082561319,-0.21831664804008566,-0.19687890825613186,-5.551115123125783e-17,-2.8195580584508294e-16,,r0012,1
20088,0,0.0,edge_0,2,1.0,0.003,1,r0012,r0012,1,1,0,0,0.07371501446823818,0.07371501446823818,0.0,-0.45277880626342937,-0.5262726756882627,-0.45277880626342926,-1.1102230246251565e-16,-2.452020742285411e-16,,r0012,0
20088,0,0.0,cloud_0,2,1.0,0.003,1,r0012,r0012,1,1,0,0,0.0382765991996438,0.0382765991996438,0.0,-0.1969292313141603,-0.23509100071620515,-0.19692923131416026,-2.7755575615628914e-17,-1.4094187759942338e-16,,r0012,0
20088,0,0.0,cloud_0,4,1.0,0.003,1,r0012,r0012,1,1,0,0,0.07182530455188268,0.07182530455188268,0.0,-0.197029877430217,-0.268639706068444,-0.19702987743021697,-2.7755575615628914e-17,-1.4086988216017766e-16,,r0012,0
20088,0,0.0,cloud_0,8,1.0,0.003,1,r0012,r0012,1,1,0,0,0.13892271525636046,0.13892271525636046,0.0,-0.1972311696623304,-0.3357371167729218,-0.1972311696623304,0.0,0.0,,r0012,0
20088,1,4548.873246433184,edge_0,1,1.0,0.003,1,r0006,r0006,1,1,0,0,0.006738344464405337,0.006738344464405337,0.0,0.774443835211557,0.7677257057805449,0.774443835211557,0.0,0.0,,r0006,0
20088,1,4548.873246433184,cloud_0,1,1.0,0.003,1,r0006,r0006,1,1,0,0,0.00459440095510167,0.00459440095510167,0.0,0.8833574617942194,0.878776844041983,0.8833574617942194,0.0,0.0,,r0006,1
20088,1,4548.873246433184,edge_0,2,1.0,0.003,1,r0006,r0006,1,1,0,0,0.01136884499844826,0.01136884499844826,0.0,0.7638750647078129,0.75254032624436,0.7638750647078129,0.0,0.0,,r0006,0
20088,1,4548.873246433184,cloud_0,2,1.0,0.003,1,r0006,r0006,1,1,0,0,0.006628787856191143,0.006628787856191143,0.0,0.8771770253119368,0.8705681238193141,0.8771770253119368,0.0,0.0,,r0006,0
20088,1,4548.873246433184,cloud_0,4,1.0,0.003,1,r0006,r0006,1,1,0,0,0.010697561658370085,0.010697561658370085,0.0,0.8648161523473714,0.8541506833739764,0.8648161523473713,1.1102230246251565e-16,1.2837676789589058e-16,,r0006,0
20088,1,4548.873246433184,cloud_0,8,1.0,0.003,1,r0006,r0006,1,1,0,0,0.018835109262727977,0.018835109262727977,0.0,0.8400944064182406,0.8213158024833008,0.8400944064182406,0.0,0.0,,r0006,0
20088,2,5670.721626854001,edge_0,1,1.0,0.003,1,r0005,r0005,1,1,0,0,0.030433654143863727,0.030433654143863727,0.0,-1.152424220841927,-1.182766574023359,-1.1524242208419269,-2.220446049250313e-16,-1.9267610044052361e-16,,r0005,0
20088,2,5670.721626854001,cloud_0,1,1.0,0.003,1,r0005,r0005,1,1,0,0,0.018126917555279346,0.018126917555279346,0.0,-0.46856956106753245,-0.486642097870146,-0.4685695610675325,5.551115123125783e-17,1.184693924735271e-16,,r0005,1
20088,2,5670.721626854001,edge_0,2,1.0,0.003,1,r0005,r0005,1,1,0,0,0.058051438925384856,0.058051438925384856,0.0,-1.1578873253002602,-1.2157646099088688,-1.1578873253002602,0.0,0.0,,r0005,0
20088,2,5670.721626854001,cloud_0,2,1.0,0.003,1,r0005,r0005,1,1,0,0,0.03226810543862606,0.03226810543862606,0.0,-0.4686119846311825,-0.5007832857534926,-0.4686119846311824,-5.551115123125783e-17,-1.1845866740891713e-16,,r0005,0
20088,2,5670.721626854001,cloud_0,4,1.0,0.003,1,r0005,r0005,1,1,0,0,0.06055048120531947,0.06055048120531947,0.0,-0.4686968317584826,-0.5290656615201861,-0.4686968317584826,0.0,0.0,,r0005,0
20088,2,5670.721626854001,cloud_0,8,1.0,0.003,1,r0005,r0005,1,1,0,0,0.1171152327387063,0.1171152327387063,0.0,-0.46886652601308276,-0.5856304130535729,-0.4688665260130827,-5.551115123125783e-17,-1.1839435777871867e-16,,r0005,0
20088,3,15672.495017168478,edge_0,1,1.0,0.003,2,r0001|r0004,r0001|r0004,1,1,0,0,0.03898803610900313,0.03898803610900313,0.0,6.100255744146642,6.061384672145966,6.100255744146642,0.0,0.0,,r0001|r0004,0
20088,3,15672.495017168478,cloud_0,1,1.0,0.003,2,r0001|r0004,r0001|r0004,1,1,0,0,0.029143868197138018,0.029143868197138018,0.0,6.624979175254407,6.59592273866186,6.624979175254407,0.0,0.0,,r0001|r0004,1
20088,3,15672.495017168478,edge_0,2,1.0,0.003,2,r0001|r0004,r0001|r0004,1,1,0,0,0.06781386467332316,0.06781386467332316,0.0,6.020937847136511,5.953327424057209,6.020937847136512,-8.881784197001252e-16,-1.4751496232809187e-16,,r0001|r0004,0
20088,3,15672.495017168478,cloud_0,2,1.0,0.003,2,r0001|r0004,r0001|r0004,1,1,0,0,0.04390361308058484,0.04390361308058484,0.0,6.524603898134064,6.4808319958927205,6.524603898134064,0.0,0.0,,r0001|r0004,0
20088,3,15672.495017168478,cloud_0,4,1.0,0.003,2,r0001|r0004,r0001|r0004,1,1,0,0,0.0734231028474785,0.0734231028474785,0.0,6.4375065919518155,6.36430375841288,6.4375065919518155,0.0,0.0,,r0001|r0004,0
20088,3,15672.495017168478,cloud_0,8,1.0,0.003,2,r0001|r0004,r0001|r0004,1,1,0,0,0.1324620823812658,0.1324620823812658,0.0,6.374204586398661,6.242139890264539,6.374204586398661,0.0,0.0,,r0001|r0004,0
20088,4,21448.650161636135,edge_0,1,1.0,0.003,1,r0016,r0016,1,1,0,0,0.034085548225603474,0.034085548225603474,0.0,-1.0722604814425132,-1.10624377302344,-1.0722604814425134,2.220446049250313e-16,2.0708084347780347e-16,,r0016,0
20088,4,21448.650161636135,cloud_0,1,1.0,0.003,1,r0016,r0016,1,1,0,0,0.020302061645022382,0.020302061645022382,0.0,-0.4148410641144924,-0.4350822195745797,-0.4148410641144924,0.0,0.0,,r0016,1
20088,4,21448.650161636135,edge_0,2,1.0,0.003,1,r0016,r0016,1,1,0,0,0.06501733612740829,0.06501733612740829,0.0,-1.0775221086337272,-1.1423443927527535,-1.0775221086337274,2.220446049250313e-16,2.0606965105020315e-16,,r0016,0
20088,4,21448.650161636135,cloud_0,2,1.0,0.003,1,r0016,r0016,1,1,0,0,0.03614012497079361,0.03614012497079361,0.0,-0.41488857830446974,-0.45092028290035097,-0.41488857830446974,0.0,0.0,,r0016,0
20088,4,21448.650161636135,cloud_0,4,1.0,0.003,1,r0016,r0016,1,1,0,0,0.06781625162233607,0.06781625162233607,0.0,-0.41498360668442436,-0.4825964095518934,-0.41498360668442436,0.0,0.0,,r0016,0
20088,4,21448.650161636135,cloud_0,8,1.0,0.003,1,r0016,r0016,1,1,0,0,0.13116850492542098,0.13116850492542098,0.0,-0.4151736634443336,-0.5459486628549783,-0.4151736634443336,0.0,0.0,,r0016,0
20088,5,31196.48805152851,edge_0,1,1.0,0.003,2,r0007|r0020,r0007|r0020,1,1,0,0,0.012405497868336831,0.012405497868336831,0.0,5.9487173843585355,5.936349102983804,5.9487173843585355,0.0,0.0,,r0007|r0020,0
20088,5,31196.48805152851,cloud_0,1,1.0,0.003,2,r0007|r0020,r0007|r0020,1,1,0,0,0.00887435076324289,0.00887435076324289,0.0,6.490193462039748,6.481345734328796,6.490193462039749,-8.881784197001252e-16,-1.368492980825547e-16,,r0007|r0020,1
20088,5,31196.48805152851,edge_0,2,1.0,0.003,2,r0007|r0020,r0007|r0020,1,1,0,0,0.02157751037514628,0.02157751037514628,0.0,5.868532495195508,5.847019717351487,5.868532495195508,0.0,0.0,,r0007|r0020,0
20088,5,31196.48805152851,cloud_0,2,1.0,0.003,2,r0007|r0020,r0007|r0020,1,1,0,0,0.013368714805300611,0.013368714805300611,0.0,6.38871630311102,6.3753876944501355,6.38871630311102,0.0,0.0,,r0007|r0020,0
20088,5,31196.48805152851,cloud_0,4,1.0,0.003,2,r0007|r0020,r0007|r0020,1,1,0,0,0.022357442889416053,0.022357442889416053,0.0,6.2994152333120015,6.277124862751254,6.299415233312002,-8.881784197001252e-16,-1.409937885985575e-16,,r0007|r0020,0
20088,5,31196.48805152851,cloud_0,8,1.0,0.003,2,r0007|r0020,r0007|r0020,1,1,0,0,0.04033489905764693,0.04033489905764693,0.0,6.231705700525306,6.191491806164832,6.231705700525306,0.0,0.0,,r0007|r0020,0
20088,6,34526.45107133928,edge_0,1,1.0,0.003,2,r0003|r0013,r0003|r0013,1,1,0,0,0.032953490382710775,0.032953490382710775,0.0,4.332168107326765,4.299313477415202,4.332168107326765,0.0,0.0,,r0003|r0013,0
20088,6,34526.45107133928,cloud_0,1,1.0,0.003,2,r0003|r0013,r0003|r0013,1,1,0,0,0.017796582592242656,0.017796582592242656,0.0,5.125760935073509,5.108017742229043,5.125760935073509,0.0,0.0,,r0003|r0013,1
20088,6,34526.45107133928,edge_0,2,1.0,0.003,2,r0003|r0013,r0003|r0013,1,1,0,0,0.06349532904990031,0.06349532904990031,0.0,4.300087121184703,4.236782278121952,4.300087121184703,0.0,0.0,,r0003|r0013,0
20088,6,34526.45107133928,cloud_0,2,1.0,0.003,2,r0003|r0013,r0003|r0013,1,1,0,0,0.03240451759727758,0.03240451759727758,0.0,5.069590959308072,5.037283655263586,5.069590959308072,0.0,0.0,,r0003|r0013,0
20088,6,34526.45107133928,cloud_0,4,1.0,0.003,2,r0003|r0013,r0003|r0013,1,1,0,0,0.06162038760734744,0.06162038760734744,0.0,5.0358984877881605,4.974462961343636,5.035898487788161,-8.881784197001252e-16,-1.763694049540355e-16,,r0003|r0013,0
20088,6,34526.45107133928,cloud_0,8,1.0,0.003,2,r0003|r0013,r0003|r0013,1,1,0,0,0.12005212762748715,0.12005212762748715,0.0,5.017205293985432,4.897513322740828,5.017205293985432,0.0,0.0,,r0003|r0013,0
20088,7,45799.98440213327,edge_0,1,1.0,0.003,2,r0000|r0022,r0000|r0022,1,1,0,0,0.12428348392849639,0.12428348392849639,0.0,5.078785769183933,4.954875135707223,5.078785769183933,0.0,0.0,,r0000|r0022,0
20088,7,45799.98440213327,cloud_0,1,1.0,0.003,2,r0000|r0022,r0000|r0022,1,1,0,0,0.06165390306974994,0.06165390306974994,0.0,5.522790291896371,5.46132135053583,5.52279029189637,8.881784197001252e-16,1.6082059480030515e-16,,r0000|r0022,1
20088,7,45799.98440213327,edge_0,2,1.0,0.003,2,r0000|r0022,r0000|r0022,1,1,0,0,0.23947146769157268,0.23947146769157268,0.0,5.026056376067078,4.7873033227785795,5.026056376067078,0.0,0.0,,r0000|r0022,0
20088,7,45799.98440213327,cloud_0,2,1.0,0.003,2,r0000|r0022,r0000|r0022,1,1,0,0,0.11226115893932395,0.11226115893932395,0.0,5.451724258836994,5.339799883374488,5.451724258836994,0.0,0.0,,r0000|r0022,0
20088,7,45799.98440213327,cloud_0,4,1.0,0.003,2,r0000|r0022,r0000|r0022,1,1,0,0,0.21347567067847195,0.21347567067847195,0.0,5.3882396727292035,5.175404429062767,5.3882396727292035,0.0,0.0,,r0000|r0022,0
20088,7,45799.98440213327,cloud_0,8,1.0,0.003,2,r0000|r0022,r0000|r0022,1,1,0,0,0.41590469415676795,0.41590469415676795,0.0,5.3099622497507175,4.89530526967642,5.309962249750718,-8.881784197001252e-16,-1.6726642825790742e-16,,r0000|r0022,0
20089,0,0.0,edge_5,1,1.0,0.003,1,r0016,r0016,1,1,0,0,0.01878463623656323,0.01878463623656323,0.0,-0.12575223585264259,-0.14448051818049612,-0.12575223585264259,0.0,0.0,,r0016,0
20089,0,0.0,cloud_0,1,1.0,0.003,1,r0016,r0016,1,1,0,0,0.011196213719815854,0.011196213719815854,0.0,-0.11582142084478585,-0.12698404592344226,-0.11582142084478585,0.0,0.0,,r0016,1
20089,0,0.0,edge_5,2,1.0,0.003,1,r0016,r0016,1,1,0,0,0.03340866545821977,0.03340866545821977,0.0,-0.12585429067535273,-0.15916273013719784,-0.12585429067535273,0.0,0.0,,r0016,0
20089,0,0.0,cloud_0,2,1.0,0.003,1,r0016,r0016,1,1,0,0,0.019627602812671164,0.019627602812671164,0.0,-0.11584671501206441,-0.13541543501629758,-0.11584671501206442,1.3877787807814457e-17,1.1979440078528948e-16,,r0016,0
20089,0,0.0,edge_5,4,1.0,0.003,1,r0016,r0016,1,1,0,0,0.06265672390153286,0.06265672390153286,0.0,-0.126058400320773,-0.18852715405060128,-0.126058400320773,0.0,0.0,,r0016,0
20089,0,0.0,cloud_0,4,1.0,0.003,1,r0016,r0016,1,1,0,0,0.03649038099838178,0.03649038099838178,0.0,-0.11589730334662154,-0.1522782132020082,-0.11589730334662157,2.7755575615628914e-17,2.394842227917807e-16,,r0016,0
20089,0,0.0,edge_5,8,1.0,0.003,1,r0016,r0016,1,1,0,0,0.12115284078815902,0.12115284078815902,0.0,-0.12646661961161357,-0.2472560018774081,-0.12646661961161354,-2.7755575615628914e-17,-2.1946957782905814e-16,,r0016,0
20089,0,0.0,cloud_0,8,1.0,0.003,1,r0016,r0016,1,1,0,0,0.07021593736980303,0.07021593736980303,0.0,-0.11599848001573582,-0.18600376957342943,-0.11599848001573582,0.0,0.0,,r0016,0
20089,1,7118.776742452996,edge_5,1,1.0,0.003,1,r0011,r0011,1,1,0,0,0.014597252588730915,0.014597252588730915,0.0,-1.0405632902325612,-1.055116751063526,-1.0405632902325612,0.0,0.0,,r0011,0
20089,1,7118.776742452996,cloud_0,1,1.0,0.003,1,r0011,r0011,1,1,0,0,0.008799853915923053,0.008799853915923053,0.0,-0.43764931667936496,-0.4464227710335402,-0.43764931667936496,0.0,0.0,,r0011,1
20089,1,7118.776742452996,edge_5,2,1.0,0.003,1,r0011,r0011,1,1,0,0,0.024831023867895256,0.024831023867895256,0.0,-1.0440558094405308,-1.0688123402368224,-1.0440558094405308,0.0,0.0,,r0011,0
20089,1,7118.776742452996,cloud_0,2,1.0,0.003,1,r0011,r0011,1,1,0,0,0.014700068298300239,0.014700068298300239,0.0,-0.4376670173225121,-0.4523229854159174,-0.43766701732251206,-5.551115123125783e-17,-1.268342119332064e-16,,r0011,0
20089,1,7118.776742452996,edge_5,4,1.0,0.003,1,r0011,r0011,1,1,0,0,0.04529856642622394,0.04529856642622394,0.0,-1.0510408478564701,-1.0962035185834154,-1.0510408478564701,0.0,0.0,,r0011,0
20089,1,7118.776742452996,cloud_0,4,1.0,0.003,1,r0011,r0011,1,1,0,0,0.026500497063054615,0.026500497063054615,0.0,-0.4377024186088063,-0.4641234141806718,-0.4377024186088064,5.551115123125783e-17,1.2682395360686948e-16,,r0011,0
20089,1,7118.776742452996,edge_5,8,1.0,0.003,1,r0011,r0011,1,1,0,0,0.0862336515428813,0.0862336515428813,0.0,-1.065010924688349,-1.1509858752766016,-1.065010924688349,0.0,0.0,,r0011,0
20089,1,7118.776742452996,cloud_0,8,1.0,0.003,1,r0011,r0011,1,1,0,0,0.05010135459256336,0.05010135459256336,0.0,-0.4377732211813949,-0.48772427171018057,-0.4377732211813949,0.0,0.0,,r0011,0
20089,2,15964.931327379261,edge_5,1,1.0,0.003,4,r0000|r0003|r0007|r0017,r0000|r0003|r0007|r0017,1,1,0,0,0.07182259628325702,0.07182259628325702,0.0,6.352069665764018,6.280462537269611,6.352069665764018,0.0,0.0,,r0000|r0003|r0007|r0017,0
20089,2,15964.931327379261,cloud_0,1,1.0,0.003,4,r0000|r0003|r0007|r0017,r0000|r0003|r0007|r0017,1,1,0,0,0.041626067883403464,0.041626067883403464,0.0,6.742204053221799,6.700702863542046,6.742204053221799,0.0,0.0,,r0000|r0003|r0007|r0017,1
20089,2,15964.931327379261,edge_5,2,1.0,0.003,4,r0000|r0003|r0007|r0017,r0000|r0003|r0007|r0017,1,1,0,0,0.12970835234241618,0.12970835234241618,0.0,6.244838770947546,6.115519543662158,6.244838770947547,-8.881784197001252e-16,-1.4222599690357728e-16,,r0000|r0003|r0007|r0017,0
20089,2,15964.931327379261,cloud_0,2,1.0,0.003,4,r0000|r0003|r0007|r0017,r0000|r0003|r0007|r0017,1,1,0,0,0.07420993665852296,0.07420993665852296,0.0,6.633921984210361,6.559934677361814,6.633921984210361,0.0,0.0,,r0000|r0003|r0007|r0017,0
20089,2,15964.931327379261,edge_5,4,1.0,0.003,4,r0000|r0003|r0007|r0017,r0000|r0003|r0007|r0017,1,1,0,0,0.2454798644607345,0.2454798644607345,0.0,6.159121381541402,5.914377956674049,6.159121381541402,0.0,0.0,,r0000|r0003|r0007|r0017,0
20089,2,15964.931327379261,cloud_0,4,1.0,0.003,4,r0000|r0003|r0007|r0017,r0000|r0003|r0007|r0017,1,1,0,0,0.1393776742087619,0.1393776742087619,0.0,6.553566526378938,6.414606985192802,6.553566526378938,0.0,0.0,,r0000|r0003|r0007|r0017,0
20089,2,15964.931327379261,edge_5,8,1.0,0.003,4,r0000|r0003|r0007|r0017,r0000|r0003|r0007|r0017,1,1,0,0,0.4770228886973711,0.4770228886973711,0.0,6.074859742025468,5.59926792199419,6.074859742025469,-8.881784197001252e-16,-1.4620558455955238e-16,,r0000|r0003|r0007|r0017,0
20089,2,15964.931327379261,cloud_0,8,1.0,0.003,4,r0000|r0003|r0007|r0017,r0000|r0003|r0007|r0017,1,1,0,0,0.26971314930923984,0.26971314930923984,0.0,6.488550946501953,6.219646936640641,6.488550946501952,8.881784197001252e-16,1.368839401929874e-16,,r0000|r0003|r0007|r0017,0
20089,3,21604.071598647777,edge_5,1,1.0,0.003,2,r0010|r0015,r0010|r0015,1,1,0,0,0.023986658966666186,0.023986658966666186,0.0,5.036020898866662,5.0121061998768965,5.036020898866663,-8.881784197001252e-16,-1.7636511792475016e-16,,r0010|r0015,0
20089,3,21604.071598647777,cloud_0,1,1.0,0.003,2,r0010|r0015,r0010|r0015,1,1,0,0,0.013657883160331095,0.013657883160331095,0.0,5.467857591824435,5.454240682313584,5.467857591824434,8.881784197001252e-16,1.6243627504639724e-16,,r0010|r0015,1
20089,3,21604.071598647777,edge_5,2,1.0,0.003,2,r0010|r0015,r0010|r0015,1,1,0,0,0.0391772725879929,0.0391772725879929,0.0,4.9387984224376,4.899738681667371,4.9387984224376,0.0,0.0,,r0010|r0015,0
20089,3,21604.071598647777,cloud_0,2,1.0,0.003,2,r0010|r0015,r0010|r0015,1,1,0,0,0.021848973127940166,0.021848973127940166,0.0,5.370984211508761,5.349200785300203,5.37098421150876,8.881784197001252e-16,1.653660455372345e-16,,r0010|r0015,0
20089,3,21604.071598647777,edge_5,4,1.0,0.003,2,r0010|r0015,r0010|r0015,1,1,0,0,0.06955849983064638,0.06955849983064638,0.0,4.8589645372445105,4.789614712913355,4.85896453724451,8.881784197001252e-16,1.8279170652350673e-16,,r0010|r0015,0
20089,3,21604.071598647777,cloud_0,4,1.0,0.003,2,r0010|r0015,r0010|r0015,1,1,0,0,0.0382311530631583,0.0382311530631583,0.0,5.293504498627934,5.2553880390239645,5.293504498627933,8.881784197001252e-16,1.6778646734509045e-16,,r0010|r0015,0
20089,3,21604.071598647777,edge_5,8,1.0,0.003,2,r0010|r0015,r0010|r0015,1,1,0,0,0.13032095431595328,0.13032095431595328,0.0,4.790888398140346,4.660958406687341,4.790888398140346,0.0,0.0,,r0010|r0015,0
20089,3,21604.071598647777,cloud_0,8,1.0,0.003,2,r0010|r0015,r0010|r0015,1,1,0,0,0.07099551293359459,0.07099551293359459,0.0,5.236251603003177,5.1654690766083835,5.236251603003177,0.0,0.0,,r0010|r0015,0
20089,4,31035.979299649167,edge_5,1,1.0,0.003,2,r0006|r0014,r0006|r0014,1,1,0,0,0.018359729270473385,0.018359729270473385,0.0,6.495973856630851,6.477669206548189,6.495973856630851,0.0,0.0,,r0006|r0014,0
20089,4,31035.979299649167,cloud_0,1,1.0,0.003,2,r0006|r0014,r0006|r0014,1,1,0,0,0.011817304038776986,0.011817304038776986,0.0,6.576954112804955,6.5651722606782945,6.576954112804955,0.0,0.0,,r0006|r0014,1
20089,4,31035.979299649167,edge_5,2,1.0,0.003,2,r0006|r0014,r0006|r0014,1,1,0,0,0.029986840571280215,0.029986840571280215,0.0,6.3965296541026415,6.366632774053075,6.3965296541026415,0.0,0.0,,r0006|r0014,0
20089,4,31035.979299649167,cloud_0,2,1.0,0.003,2,r0006|r0014,r0006|r0014,1,1,0,0,0.018904537061633343,0.018904537061633343,0.0,6.47717014539804,6.458322321947591,6.4771701453980395,8.881784197001252e-16,1.371244540073054e-16,,r0006|r0014,0
20089,4,31035.979299649167,edge_5,4,1.0,0.003,2,r0006|r0014,r0006|r0014,1,1,0,0,0.0532410631728939,0.0532410631728939,0.0,6.312252316711257,6.259170976727882,6.312252316711257,0.0,0.0,,r0006|r0014,0
20089,4,31035.979299649167,cloud_0,4,1.0,0.003,2,r0006|r0014,r0006|r0014,1,1,0,0,0.033079003107346065,0.033079003107346065,0.0,6.393869258334731,6.360889492236707,6.393869258334731,0.0,0.0,,r0006|r0014,0
20089,4,31035.979299649167,edge_5,8,1.0,0.003,2,r0006|r0014,r0006|r0014,1,1,0,0,0.09974950837612123,0.09974950837612123,0.0,6.235289273210504,6.135839013359511,6.235289273210504,0.0,0.0,,r0006|r0014,0
20089,4,31035.979299649167,cloud_0,8,1.0,0.003,2,r0006|r0014,r0006|r0014,1,1,0,0,0.0614279351987715,0.0614279351987715,0.0,6.32497401434501,6.263730362951835,6.32497401434501,0.0,0.0,,r0006|r0014,0
20089,5,32170.703108009257,edge_5,1,1.0,0.003,1,r0013,r0013,1,1,0,0,0.07794341140521376,0.07794341140521376,0.0,-0.47751572301563083,-0.555225304186629,-0.47751572301563083,0.0,0.0,,r0013,0
20089,5,32170.703108009257,cloud_0,1,1.0,0.003,1,r0013,r0013,1,1,0,0,0.04967713562407101,0.04967713562407101,0.0,0.08158869709510372,0.03206059287790494,0.08158869709510375,-2.7755575615628914e-17,-3.4018897964843916e-16,,r0013,1
20089,5,32170.703108009257,edge_5,2,1.0,0.003,1,r0013,r0013,1,1,0,0,0.13258760148071858,0.13258760148071858,0.0,-0.4808853530009316,-0.613075191677208,-0.4808853530009316,0.0,0.0,,r0013,0
20089,5,32170.703108009257,cloud_0,2,1.0,0.003,1,r0013,r0013,1,1,0,0,0.08298516015321467,0.08298516015321467,0.0,0.08148877302151625,-0.0012474316512387507,0.08148877302151628,-2.7755575615628914e-17,-3.4060612997940633e-16,,r0013,0
20089,5,32170.703108009257,edge_5,4,1.0,0.003,1,r0013,r0013,1,1,0,0,0.24187598163172822,0.24187598163172822,0.0,-0.48762461297153326,-0.7287749666583663,-0.48762461297153326,0.0,0.0,,r0013,0
20089,5,32170.703108009257,cloud_0,4,1.0,0.003,1,r0013,r0013,1,1,0,0,0.14960120921150197,0.14960120921150197,0.0,0.08128892487434142,-0.06786348070952605,0.08128892487434142,0.0,0.0,,r0013,0
20089,5,32170.703108009257,edge_5,8,1.0,0.003,1,r0013,r0013,1,1,0,0,0.4604527419337474,0.4604527419337474,0.0,-0.5011031329127362,-0.9601745166206824,-0.5011031329127362,0.0,0.0,,r0013,0
20089,5,32170.703108009257,cloud_0,8,1.0,0.003,1,r0013,r0013,1,1,0,0,0.2828333073280766,0.2828333073280766,0.0,0.08088922857999173,-0.20109557882610066,0.08088922857999173,0.0,0.0,,r0013,0
20089,6,40452.12537586686,edge_5,1,1.0,0.003,1,r0020,r0020,1,1,0,0,0.012229768492374685,0.012229768492374685,0.0,0.4760477787312153,0.4638546995443178,0.47604777873121534,-5.551115123125783e-17,-1.166083609910096e-16,,r0020,0
20089,6,40452.12537586686,cloud_0,1,1.0,0.003,1,r0020,r0020,1,1,0,0,0.007756414253033424,0.007756414253033424,0.0,0.613219430265503,0.6054862852552286,0.613219430265503,0.0,0.0,,r0020,1
20089,6,40452.12537586686,edge_5,2,1.0,0.003,1,r0020,r0020,1,1,0,0,0.016441646952666776,0.016441646952666776,0.0,0.47536792584002885,0.45897560382822,0.4753679258400288,5.551115123125783e-17,1.1677512977587487e-16,,r0020,0
20089,6,40452.12537586686,cloud_0,2,1.0,0.003,1,r0020,r0020,1,1,0,0,0.010184745431280095,0.010184745431280095,0.0,0.6132121452719682,0.6030579540769819,0.6132121452719682,0.0,0.0,,r0020,0
20089,6,40452.12537586686,edge_5,4,1.0,0.003,1,r0020,r0020,1,1,0,0,0.024865403873250966,0.024865403873250966,0.0,0.47400822005765564,0.4492174123960244,0.47400822005765564,0.0,0.0,,r0020,0
20089,6,40452.12537586686,cloud_0,4,1.0,0.003,1,r0020,r0020,1,1,0,0,0.015041407787773438,0.015041407787773438,0.0,0.6131975752848987,0.5982012917204886,0.6131975752848987,0.0,0.0,,r0020,0
20089,6,40452.12537586686,edge_5,8,1.0,0.003,1,r0020,r0020,1,1,0,0,0.041712917714419345,0.041712917714419345,0.0,0.47128880849290955,0.42970102953163347,0.47128880849290955,0.0,0.0,,r0020,0
20089,6,40452.12537586686,cloud_0,8,1.0,0.003,1,r0020,r0020,1,1,0,0,0.024754732500760122,0.024754732500760122,0.0,0.6131684353107598,0.5884879670075019,0.6131684353107598,0.0,0.0,,r0020,0
20090,0,0.0,edge_2,1,1.0,0.003,1,r0014,r0014,1,1,0,0,0.027789978872140138,0.027789978872140138,0.0,-1.2995397866731915,-1.3272463956087153,-1.2995397866731915,0.0,0.0,,r0014,0
20090,0,0.0,cloud_0,1,1.0,0.003,1,r0014,r0014,1,1,0,0,0.016600353365101645,0.016600353365101645,0.0,-0.3689216100362875,-0.38547216234129383,-0.3689216100362875,0.0,0.0,,r0014,1
20090,0,0.0,edge_2,2,1.0,0.003,1,r0014,r0014,1,1,0,0,0.05013174534028314,0.05013174534028314,0.0,-1.3076413522360726,-1.3576227023403349,-1.3076413522360726,0.0,0.0,,r0014,0
20090,0,0.0,cloud_0,2,1.0,0.003,1,r0014,r0014,1,1,0,0,0.02577673957953378,0.02577673957953378,0.0,-0.3689491391949308,-0.39464854855572595,-0.3689491391949308,0.0,0.0,,r0014,0
20090,0,0.0,edge_2,4,1.0,0.003,1,r0014,r0014,1,1,0,0,0.09481527827656916,0.09481527827656916,0.0,-1.3238444833618348,-1.4183753158035743,-1.3238444833618348,0.0,0.0,,r0014,0
20090,0,0.0,cloud_0,4,1.0,0.003,1,r0014,r0014,1,1,0,0,0.04412951200839805,0.04412951200839805,0.0,-0.3690041975122174,-0.41300132098459025,-0.3690041975122174,0.0,0.0,,r0014,0
20090,0,0.0,edge_2,8,1.0,0.003,1,r0014,r0014,1,1,0,0,0.18418234414914117,0.18418234414914117,0.0,-1.3562507456133592,-1.539880542730053,-1.3562507456133592,0.0,0.0,,r0014,0
20090,0,0.0,cloud_0,8,1.0,0.003,1,r0014,r0014,1,1,0,0,0.08083505686612659,0.08083505686612659,0.0,-0.3691143141467906,-0.4497068658423188,-0.3691143141467906,0.0,0.0,,r0014,0
20090,1,10077.940011556175,edge_2,1,1.0,0.003,2,r0007|r0020,r0007|r0020,1,1,0,0,0.02294082600372838,0.02294082600372838,0.0,6.466177507260907,6.44330550373519,6.466177507260907,0.0,0.0,,r0007|r0020,0
20090,1,10077.940011556175,cloud_0,1,1.0,0.003,2,r0007|r0020,r0007|r0020,1,1,0,0,0.028073956115735793,0.028073956115735793,0.0,6.868077004572621,6.840087270325232,6.868077004572621,0.0,0.0,,r0007|r0020,1
20090,1,10077.940011556175,edge_2,2,1.0,0.003,2,r0007|r0020,r0007|r0020,1,1,0,0,0.030406304871322884,0.030406304871322884,0.0,6.368650171348215,6.338335085391506,6.368650171348215,0.0,0.0,,r0007|r0020,0
20090,1,10077.940011556175,cloud_0,2,1.0,0.003,2,r0007|r0020,r0007|r0020,1,1,0,0,0.03163791509122901,0.03163791509122901,0.0,6.818644777666544,6.787101776320589,6.818644777666544,0.0,0.0,,r0007|r0020,0
20090,1,10077.940011556175,edge_2,4,1.0,0.003,2,r0007|r0020,r0007|r0020,1,1,0,0,0.0453372626065119,0.0453372626065119,0.0,6.255078921698458,6.209877670879766,6.255078921698458,0.0,0.0,,r0007|r0020,0
20090,1,10077.940011556175,cloud_0,4,1.0,0.003,2,r0007|r0020,r0007|r0020,1,1,0,0,0.03876583304221548,0.03876583304221548,0.0,6.742194814623319,6.70354527908023,6.742194814623319,0.0,0.0,,r0007|r0020,0
20090,1,10077.940011556175,edge_2,8,1.0,0.003,2,r0007|r0020,r0007|r0020,1,1,0,0,0.07519917807688993,0.07519917807688993,0.0,6.140175564030863,6.065201983488205,6.140175564030864,-8.881784197001252e-16,-1.446503296913972e-16,,r0007|r0020,0
20090,1,10077.940011556175,cloud_0,8,1.0,0.003,2,r0007|r0020,r0007|r0020,1,1,0,0,0.053021668944188395,0.053021668944188395,0.0,6.64177250003197,6.588909896094614,6.641772500031969,8.881784197001252e-16,1.3372611297599398e-16,,r0007|r0020,0
20090,2,14185.52965666035,edge_2,1,1.0,0.003,1,r0010,r0010,1,1,0,0,0.03241974236052404,0.03241974236052404,0.0,-0.8877850828130146,-0.920107565946457,-0.8877850828130146,0.0,0.0,,r0010,0
20090,2,14185.52965666035,cloud_0,1,1.0,0.003,1,r0010,r0010,1,1,0,0,0.02412580588711726,0.02412580588711726,0.0,0.006941379354185512,-0.017112049115270395,0.006941379354185512,0.0,0.0,,r0010,1
20090,2,14185.52965666035,edge_2,2,1.0,0.003,1,r0010,r0010,1,1,0,0,0.05848360934324877,0.05848360934324877,0.0,-0.8955829826482109,-0.95389114116343,-0.895582982648211,1.1102230246251565e-16,1.2396651635142302e-16,,r0010,0
20090,2,14185.52965666035,cloud_0,2,1.0,0.003,1,r0010,r0010,1,1,0,0,0.037462131186072896,0.037462131186072896,0.0,0.006901370378288668,-0.030448374414226015,0.006901370378288661,6.938893903907228e-18,1.0054371122779624e-15,,r0010,0
20090,2,14185.52965666035,edge_2,4,1.0,0.003,1,r0010,r0010,1,1,0,0,0.11061134330869826,0.11061134330869826,0.0,-0.911178782318604,-1.0214582915973762,-0.911178782318604,0.0,0.0,,r0010,0
20090,2,14185.52965666035,cloud_0,4,1.0,0.003,1,r0010,r0010,1,1,0,0,0.06413478178398417,0.06413478178398417,0.0,0.0068213524264949255,-0.0571210250121373,0.0068213524264949255,0.0,0.0,,r0010,0
20090,2,14185.52965666035,edge_2,8,1.0,0.003,1,r0010,r0010,1,1,0,0,0.21486681123959717,0.21486681123959717,0.0,-0.9423703816593897,-1.156592592465268,-0.9423703816593896,-1.1102230246251565e-16,-1.178117485685618e-16,,r0010,0
20090,2,14185.52965666035,cloud_0,8,1.0,0.003,1,r0010,r0010,1,1,0,0,0.11748008297980674,0.11748008297980674,0.0,0.00666131652290744,-0.11046632620795986,0.006661316522907454,-1.3877787807814457e-17,-2.0833400965245293e-15,,r0010,0
20090,3,23854.96860302926,edge_2,1,1.0,0.003,3,r0003|r0017|r0019,r0003|r0017|r0019,1,1,0,0,0.04695610946660799,0.04695610946660799,0.0,4.692681835718444,4.645866594580236,4.692681835718445,-8.881784197001252e-16,-1.892688340683438e-16,,r0003|r0017|r0019,0
20090,3,23854.96860302926,cloud_0,1,1.0,0.003,3,r0003|r0017|r0019,r0003|r0017|r0019,1,1,0,0,0.032155772922516035,0.032155772922516035,0.0,5.590746506724307,5.558687201120558,5.590746506724307,0.0,0.0,,r0003|r0017|r0019,1
20090,3,23854.96860302926,edge_2,2,1.0,0.003,3,r0003|r0017|r0019,r0003|r0017|r0019,1,1,0,0,0.08750226323476352,0.08750226323476352,0.0,4.595048743672802,4.507808987227742,4.595048743672801,8.881784197001252e-16,1.9329031512954272e-16,,r0003|r0017|r0019,0
20090,3,23854.96860302926,cloud_0,2,1.0,0.003,3,r0003|r0017|r0019,r0003|r0017|r0019,1,1,0,0,0.0532486466902178,0.0532486466902178,0.0,5.464464581539237,5.41137568078909,5.464464581539237,0.0,0.0,,r0003|r0017|r0019,0
20090,3,23854.96860302926,edge_2,4,1.0,0.003,3,r0003|r0017|r0019,r0003|r0017|r0019,1,1,0,0,0.16859457077107462,0.16859457077107462,0.0,4.489137059355508,4.321048272296747,4.489137059355508,0.0,0.0,,r0003|r0017|r0019,0
20090,3,23854.96860302926,cloud_0,4,1.0,0.003,3,r0003|r0017|r0019,r0003|r0017|r0019,1,1,0,0,0.09543439422562135,0.09543439422562135,0.0,5.355585824466927,5.260437733423983,5.355585824466928,-8.881784197001252e-16,-1.658415061976027e-16,,r0003|r0017|r0019,0
20090,3,23854.96860302926,edge_2,8,1.0,0.003,3,r0003|r0017|r0019,r0003|r0017|r0019,1,1,0,0,0.3307791858436968,0.3307791858436968,0.0,4.331241979500637,4.001455131214471,4.331241979500637,0.0,0.0,,r0003|r0017|r0019,0
20090,3,23854.96860302926,cloud_0,8,1.0,0.003,3,r0003|r0017|r0019,r0003|r0017|r0019,1,1,0,0,0.1798058892964284,0.1798058892964284,0.0,5.255857463242525,5.076590991613986,5.255857463242525,0.0,0.0,,r0003|r0017|r0019,0
20090,4,34944.71076970518,edge_2,1,1.0,0.003,2,r0018|r0023,r0018|r0023,1,1,0,0,0.014071889069265276,0.014071889069265276,0.0,6.02330161173841,6.009271938336353,6.02330161173841,0.0,0.0,,r0018|r0023,0
20090,4,34944.71076970518,cloud_0,1,1.0,0.003,2,r0018|r0023,r0018|r0023,1,1,0,0,0.015081759772506795,0.015081759772506795,0.0,6.606430075767028,6.591393561273839,6.606430075767029,-8.881784197001252e-16,-1.3444150766963273e-16,,r0018|r0023,1
20090,4,34944.71076970518,edge_2,2,1.0,0.003,2,r0018|r0023,r0018|r0023,1,1,0,0,0.021706469783290865,0.021706469783290865,0.0,5.919906805445875,5.898265455071934,5.919906805445875,0.0,0.0,,r0018|r0023,0
20090,4,34944.71076970518,cloud_0,2,1.0,0.003,2,r0018|r0023,r0018|r0023,1,1,0,0,0.019053412624983945,0.019053412624983945,0.0,6.524505496892574,6.505509244505465,6.524505496892574,0.0,0.0,,r0018|r0023,0
20090,4,34944.71076970518,edge_2,4,1.0,0.003,2,r0018|r0023,r0018|r0023,1,1,0,0,0.036975631211342036,0.036975631211342036,0.0,5.829013197488403,5.7921484931706955,5.829013197488403,0.0,0.0,,r0018|r0023,0
20090,4,34944.71076970518,cloud_0,4,1.0,0.003,2,r0018|r0023,r0018|r0023,1,1,0,0,0.02699671832993825,0.02699671832993825,0.0,6.424726983040661,6.3978112548657124,6.424726983040661,0.0,0.0,,r0018|r0023,0
20090,4,34944.71076970518,edge_2,8,1.0,0.003,2,r0018|r0023,r0018|r0023,1,1,0,0,0.06751395406744438,0.06751395406744438,0.0,5.7537650356375645,5.686453623432322,5.753765035637564,8.881784197001252e-16,1.5436473582062214e-16,,r0018|r0023,0
20090,4,34944.71076970518,cloud_0,8,1.0,0.003,2,r0018|r0023,r0018|r0023,1,1,0,0,0.04288332973984685,0.04288332973984685,0.0,6.326959457057632,6.284204777307005,6.326959457057633,-8.881784197001252e-16,-1.40379976468693e-16,,r0018|r0023,0
20090,5,38883.41366298852,edge_2,1,1.0,0.003,3,r0002|r0005|r0012,r0002|r0005|r0012,1,1,0,0,0.0860420145798717,0.0860420145798717,0.0,4.293930001558237,4.208146113022105,4.293930001558237,0.0,0.0,,r0002|r0005|r0012,0
20090,5,38883.41366298852,cloud_0,1,1.0,0.003,3,r0002|r0005|r0012,r0002|r0005|r0012,1,1,0,0,0.048190257359749834,0.048190257359749834,0.0,5.416721663297441,5.3686759767097705,5.416721663297441,0.0,0.0,,r0002|r0005|r0012,1
20090,5,38883.41366298852,edge_2,2,1.0,0.003,3,r0002|r0005|r0012,r0002|r0005|r0012,1,1,0,0,0.16033847553684835,0.16033847553684835,0.0,4.217488538596112,4.057631078485874,4.217488538596111,8.881784197001252e-16,2.10594151370421e-16,,r0002|r0005|r0012,0
20090,5,38883.41366298852,cloud_0,2,1.0,0.003,3,r0002|r0005|r0012,r0002|r0005|r0012,1,1,0,0,0.07980109805611865,0.07980109805611865,0.0,5.301462522045952,5.221900827284002,5.301462522045952,0.0,0.0,,r0002|r0005|r0012,0
20090,5,38883.41366298852,edge_2,4,1.0,0.003,3,r0002|r0005|r0012,r0002|r0005|r0012,1,1,0,0,0.30893139745080156,0.30893139745080156,0.0,4.153960112445855,3.845955509187406,4.153960112445855,0.0,0.0,,r0002|r0005|r0012,0
20090,5,38883.41366298852,cloud_0,4,1.0,0.003,3,r0002|r0005|r0012,r0002|r0005|r0012,1,1,0,0,0.1430227794488563,0.1430227794488563,0.0,5.214629332840805,5.072035621730295,5.214629332840805,0.0,0.0,,r0002|r0005|r0012,0
20090,5,38883.41366298852,edge_2,8,1.0,0.003,3,r0002|r0005|r0012,r0002|r0005|r0012,1,1,0,0,0.606117241278708,0.606117241278708,0.0,4.080831548925055,3.476532659370183,4.080831548925055,0.0,0.0,,r0002|r0005|r0012,0
20090,5,38883.41366298852,cloud_0,8,1.0,0.003,3,r0002|r0005|r0012,r0002|r0005|r0012,1,1,0,0,0.2694661422343316,0.2694661422343316,0.0,5.158992107350728,4.8903343635431,5.158992107350729,-8.881784197001252e-16,-1.7216122863119227e-16,,r0002|r0005|r0012,0
20091,0,0.0,edge_1,1,1.0,0.003,1,r0016,r0016,1,1,0,0,0.02152373702043038,0.02152373702043038,0.0,-1.2901298782385757,-1.311589044047945,-1.290129878238576,2.220446049250313e-16,1.7211027251627603e-16,,r0016,0
20091,0,0.0,edge_4,1,1.0,0.003,1,r0016,r0016,1,1,0,0,0.03246201629173749,0.03246201629173749,0.0,-1.2027943847150084,-1.2351590149578708,-1.2027943847150087,2.220446049250313e-16,1.8460728429293655e-16,,r0016,0
20091,0,0.0,cloud_0,1,1.0,0.003,1,r0016,r0016,1,1,0,0,0.019799548366381987,0.019799548366381987,0.0,-0.48878563356765625,-0.5085257832889392,-0.4887856335676563,5.551115123125783e-17,1.1356952295443055e-16,,r0016,1
20091,0,0.0,edge_1,2,1.0,0.003,1,r0016,r0016,1,1,0,0,0.03817624300740795,0.03817624300740795,0.0,-1.2938976211874982,-1.331959335465884,-1.2938976211874984,2.220446049250313e-16,1.7160909896506787e-16,,r0016,0
20091,0,0.0,edge_4,2,1.0,0.003,1,r0016,r0016,1,1,0,0,0.05644012250688382,0.05644012250688382,0.0,-1.2099106061999692,-1.2661814083393326,-1.2099106061999694,2.220446049250313e-16,1.8352149637105721e-16,,r0016,0
20091,0,0.0,cloud_0,2,1.0,0.003,1,r0016,r0016,1,1,0,0,0.0331797166221074,0.0331797166221074,0.0,-0.4888257740724235,-0.5219059515446646,-0.4888257740724235,0.0,0.0,,r0016,0
20091,0,0.0,edge_4,4,1.0,0.003,1,r0016,r0016,1,1,0,0,0.1043963349371765,0.1043963349371765,0.0,-1.2241430491698906,-1.3282261951022554,-1.2241430491698904,-2.220446049250313e-16,-1.8138779211759852e-16,,r0016,0
20091,0,0.0,cloud_0,4,1.0,0.003,1,r0016,r0016,1,1,0,0,0.05994005313355822,0.05994005313355822,0.0,-0.48890605508195784,-0.5486662880561154,-0.48890605508195784,0.0,0.0,,r0016,0
20091,0,0.0,edge_4,8,1.0,0.003,1,r0016,r0016,1,1,0,0,0.2003087597977618,0.2003087597977618,0.0,-1.2526079351097335,-1.4523157686281019,-1.2526079351097335,0.0,0.0,,r0016,0
20091,0,0.0,cloud_0,8,1.0,0.003,1,r0016,r0016,1,1,0,0,0.11346072615645986,0.11346072615645986,0.0,-0.48906661710102656,-0.602186961079017,-0.48906661710102656,0.0,0.0,,r0016,0
20091,1,10683.526128012925,edge_1,1,1.0,0.003,1,r0009,r0009,1,1,0,0,0.018816143640106288,0.018816143640106288,0.0,0.8567990020151841,0.8380393068059981,0.8567990020151841,0.0,0.0,,r0009,0
20091,1,10683.526128012925,edge_4,1,1.0,0.003,1,r0009,r0009,1,1,0,0,0.030308900251945194,0.030308900251945194,0.0,0.9152138038703076,0.8849958303191182,0.9152138038703076,0.0,0.0,,r0009,0
20091,1,10683.526128012925,cloud_0,1,1.0,0.003,1,r0009,r0009,1,1,0,0,0.02059952174699998,0.02059952174699998,0.0,1.4040274682776177,1.3834897450958585,1.4040274682776175,2.220446049250313e-16,1.5814833394778466e-16,,r0009,1
20091,1,10683.526128012925,edge_1,2,1.0,0.003,1,r0009,r0009,1,1,0,0,0.02697575979053257,0.02697575979053257,0.0,0.8529560457140364,0.8260612132028755,0.8529560457140365,-1.1102230246251565e-16,-1.301618096505493e-16,,r0009,0
20091,1,10683.526128012925,edge_4,2,1.0,0.003,1,r0009,r0009,1,1,0,0,0.04205801133965456,0.04205801133965456,0.0,0.9089939126529368,0.8670620753473014,0.9089939126529369,-1.1102230246251565e-16,-1.2213756430831578e-16,,r0009,0
20091,1,10683.526128012925,cloud_0,2,1.0,0.003,1,r0009,r0009,1,1,0,0,0.027155714375317642,0.027155714375317642,0.0,1.4028356727419147,1.375761425509723,1.4028356727419147,0.0,0.0,,r0009,0
20091,1,10683.526128012925,edge_4,4,1.0,0.003,1,r0009,r0009,1,1,0,0,0.06555623351507331,0.06555623351507331,0.0,0.896554130218196,0.831194565403668,0.8965541302181961,-1.1102230246251565e-16,-1.238322358020881e-16,,r0009,0
20091,1,10683.526128012925,cloud_0,4,1.0,0.003,1,r0009,r0009,1,1,0,0,0.04026809963195298,0.04026809963195298,0.0,1.400452081670509,1.360304786337452,1.400452081670509,0.0,0.0,,r0009,0
20091,1,10683.526128012925,edge_4,8,1.0,0.003,1,r0009,r0009,1,1,0,0,0.11255267786591082,0.11255267786591082,0.0,0.8716745653487135,0.7594595455164004,0.8716745653487135,0.0,0.0,,r0009,0
20091,1,10683.526128012925,cloud_0,8,1.0,0.003,1,r0009,r0009,1,1,0,0,0.06649287014522363,0.06649287014522363,0.0,1.3956848995276974,1.3293915079929093,1.3956848995276971,2.220446049250313e-16,1.5909365000665384e-16,,r0009,0
20091,2,13840.015439971145,edge_1,1,1.0,0.003,1,r0011,r0011,1,1,0,0,0.008995627794451368,0.008995627794451368,0.0,0.06492567530023793,0.05595703438916991,0.06492567530023792,1.3877787807814457e-17,2.1374884040310628e-16,,r0011,0
20091,2,13840.015439971145,edge_4,1,1.0,0.003,1,r0011,r0011,1,1,0,0,0.011115397526583535,0.011115397526583535,0.0,0.08020395508477807,0.06912190375077429,0.08020395508477807,0.0,0.0,,r0011,0
20091,2,13840.015439971145,cloud_0,1,1.0,0.003,1,r0011,r0011,1,1,0,0,0.00850469916349853,0.00850469916349853,0.0,0.2041897102103143,0.19571052514430626,0.2041897102103143,0.0,0.0,,r0011,1
20091,2,13840.015439971145,edge_1,2,1.0,0.003,1,r0011,r0011,1,1,0,0,0.012896579617458086,0.012896579617458086,0.0,0.0643681558291064,0.051510265950500705,0.06436815582910642,-1.3877787807814457e-17,-2.1560020834928297e-16,,r0011,0
20091,2,13840.015439971145,edge_4,2,1.0,0.003,1,r0011,r0011,1,1,0,0,0.01542423220017082,0.01542423220017082,0.0,0.07915684060722522,0.06377888110365493,0.07915684060722523,-1.3877787807814457e-17,-1.753201328066614e-16,,r0011,0
20091,2,13840.015439971145,cloud_0,2,1.0,0.003,1,r0011,r0011,1,1,0,0,0.01121148268238818,0.01121148268238818,0.0,0.20418158985975765,0.1930037416254166,0.20418158985975762,2.7755575615628914e-17,1.35935740507716e-16,,r0011,0
20091,2,13840.015439971145,edge_4,4,1.0,0.003,1,r0011,r0011,1,1,0,0,0.0240419015473454,0.0240419015473454,0.0,0.07706261165211956,0.053092835809416206,0.07706261165211957,-1.3877787807814457e-17,-1.8008457681738527e-16,,r0011,0
20091,2,13840.015439971145,cloud_0,4,1.0,0.003,1,r0011,r0011,1,1,0,0,0.01662504972016748,0.01662504972016748,0.0,0.20416534915864432,0.18759017458763733,0.20416534915864432,0.0,0.0,,r0011,0
20091,2,13840.015439971145,edge_4,8,1.0,0.003,1,r0011,r0011,1,1,0,0,0.04127724024169455,0.04127724024169455,0.0,0.07287415374190825,0.03172074522093879,0.07287415374190825,0.0,0.0,,r0011,0
20091,2,13840.015439971145,cloud_0,8,1.0,0.003,1,r0011,r0011,1,1,0,0,0.02745218379572608,0.02745218379572608,0.0,0.2041328677564176,0.1767630405120787,0.2041328677564176,0.0,0.0,,r0011,0
20091,3,16089.939731717426,edge_1,1,1.0,0.003,4,r0012|r0015|r0018|r0020,r0012|r0015|r0018|r0020,1,1,0,0,0.041992638276706906,0.041992638276706906,0.0,5.627617810350056,5.5857511499881785,5.627617810350055,8.881784197001252e-16,1.5782493581327222e-16,,r0012|r0015|r0018|r0020,0
20091,3,16089.939731717426,edge_4,1,1.0,0.003,4,r0012|r0015|r0018|r0020,r0012|r0015|r0018|r0020,1,1,0,0,0.05215912985993056,0.05215912985993056,0.0,5.676453502319152,5.624450849848802,5.676453502319153,-8.881784197001252e-16,-1.5646713556928705e-16,,r0012|r0015|r0018|r0020,0
20091,3,16089.939731717426,cloud_0,1,1.0,0.003,4,r0012|r0015|r0018|r0020,r0012|r0015|r0018|r0020,1,1,0,0,0.03312736484664845,0.03312736484664845,0.0,5.979027347751902,5.945999364999793,5.979027347751901,8.881784197001252e-16,1.4854898096996962e-16,,r0012|r0015|r0018|r0020,1
20091,3,16089.939731717426,edge_1,2,1.0,0.003,4,r0012|r0015|r0018|r0020,r0012|r0015|r0018|r0020,1,1,0,0,0.07803228987392613,0.07803228987392613,0.0,5.5282298850894716,5.450431692085168,5.528229885089472,-8.881784197001252e-16,-1.606623527172207e-16,,r0012|r0015|r0018|r0020,0
20091,3,16089.939731717426,edge_4,2,1.0,0.003,4,r0012|r0015|r0018|r0020,r0012|r0015|r0018|r0020,1,1,0,0,0.09563263548141065,0.09563263548141065,0.0,5.560431020468323,5.465085282893357,5.560431020468323,0.0,0.0,,r0012|r0015|r0018|r0020,0
20091,3,16089.939731717426,cloud_0,2,1.0,0.003,4,r0012|r0015|r0018|r0020,r0012|r0015|r0018|r0020,1,1,0,0,0.0591932055040232,0.0591932055040232,0.0,5.862962549334695,5.803946923447183,5.862962549334695,0.0,0.0,,r0012|r0015|r0018|r0020,0
20091,3,16089.939731717426,edge_4,4,1.0,0.003,4,r0012|r0015|r0018|r0020,r0012|r0015|r0018|r0020,1,1,0,0,0.18257964672437088,0.18257964672437088,0.0,5.446350507164572,5.264318599380374,5.4463505071645715,8.881784197001252e-16,1.6307771938874356e-16,,r0012|r0015|r0018|r0020,0
20091,3,16089.939731717426,cloud_0,4,1.0,0.003,4,r0012|r0015|r0018|r0020,r0012|r0015|r0018|r0020,1,1,0,0,0.11132488681877273,0.11132488681877273,0.0,5.7658365015259285,5.654845589367612,5.7658365015259285,0.0,0.0,,r0012|r0015|r0018|r0020,0
20091,3,16089.939731717426,edge_4,8,1.0,0.003,4,r0012|r0015|r0018|r0020,r0012|r0015|r0018|r0020,1,1,0,0,0.35647366921029133,0.35647366921029133,0.0,5.229818287985587,4.874414039782927,5.229818287985587,0.0,0.0,,r0012|r0015|r0018|r0020,0
20091,3,16089.939731717426,cloud_0,8,1.0,0.003,4,r0012|r0015|r0018|r0020,r0012|r0015|r0018|r0020,1,1,0,0,0.21558824944827173,0.21558824944827173,0.0,5.665819984654135,5.450878499954207,5.665819984654134,8.881784197001252e-16,1.5676079051324524e-16,,r0012|r0015|r0018|r0020,0
20091,4,28231.74574152907,edge_1,1,1.0,0.003,2,r0000|r0002,r0000|r0002,1,1,0,0,0.08926409177505105,0.08926409177505105,0.0,6.355005014183019,6.266008714683293,6.355005014183019,0.0,0.0,,r0000|r0002,0
20091,4,28231.74574152907,edge_4,1,1.0,0.003,2,r0000|r0002,r0000|r0002,1,1,0,0,0.11889586015900144,0.11889586015900144,0.0,6.428233654023941,6.309694481445417,6.428233654023941,0.0,0.0,,r0000|r0002,0
20091,4,28231.74574152907,cloud_0,1,1.0,0.003,2,r0000|r0002,r0000|r0002,1,1,0,0,0.08420259575392999,0.08420259575392999,0.0,6.89848770005831,6.814537712091642,6.89848770005831,0.0,0.0,,r0000|r0002,1
20091,4,28231.74574152907,edge_1,2,1.0,0.003,2,r0000|r0002,r0000|r0002,1,1,0,0,0.15314923059435456,0.15314923059435456,0.0,6.265743029694098,6.113053246791527,6.265743029694098,0.0,0.0,,r0000|r0002,0
20091,4,28231.74574152907,edge_4,2,1.0,0.003,2,r0000|r0002,r0000|r0002,1,1,0,0,0.19920361890882127,0.19920361890882127,0.0,6.328191425695976,6.129585417643881,6.328191425695976,0.0,0.0,,r0000|r0002,0
20091,4,28231.74574152907,cloud_0,2,1.0,0.003,2,r0000|r0002,r0000|r0002,1,1,0,0,0.13518664753477938,0.13518664753477938,0.0,6.798897232782128,6.664116145189952,6.798897232782127,8.881784197001252e-16,1.3063565888562198e-16,,r0000|r0002,0
20091,4,28231.74574152907,edge_4,4,1.0,0.003,2,r0000|r0002,r0000|r0002,1,1,0,0,0.3598191364084609,0.3598191364084609,0.0,6.2386240950089205,5.879884416009685,6.2386240950089205,0.0,0.0,,r0000|r0002,0
20091,4,28231.74574152907,cloud_0,4,1.0,0.003,2,r0000|r0002,r0000|r0002,1,1,0,0,0.23715475109647818,0.23715475109647818,0.0,6.715798980146573,6.4793556933033845,6.715798980146573,0.0,0.0,,r0000|r0002,0
20091,4,28231.74574152907,edge_4,8,1.0,0.003,2,r0000|r0002,r0000|r0002,1,1,0,0,0.6810501714077403,0.6810501714077403,0.0,6.14258793850502,5.4635809176115036,6.14258793850502,0.0,0.0,,r0000|r0002,0
20091,4,28231.74574152907,cloud_0,8,1.0,0.003,2,r0000|r0002,r0000|r0002,1,1,0,0,0.4410909582198757,0.4410909582198757,0.0,6.646304531195353,6.206536845850137,6.646304531195353,0.0,0.0,,r0000|r0002,0
20091,5,31149.213649978392,edge_1,1,1.0,0.003,3,r0004|r0010|r0019,r0004|r0010|r0019,1,1,0,0,0.12018160099004876,0.12018160099004876,0.0,5.156343181448264,5.036522125261186,5.156343181448265,-8.881784197001252e-16,-1.722496716075174e-16,,r0004|r0010|r0019,0
20091,5,31149.213649978392,edge_4,1,1.0,0.003,3,r0004|r0010|r0019,r0004|r0010|r0019,1,1,0,0,0.15374708061411999,0.15374708061411999,0.0,5.238604859150602,5.085319019778324,5.238604859150602,0.0,0.0,,r0004|r0010|r0019,0
20091,5,31149.213649978392,cloud_0,1,1.0,0.003,3,r0004|r0010|r0019,r0004|r0010|r0019,1,1,0,0,0.10438828270543514,0.10438828270543514,0.0,5.833754131126963,5.729679013269644,5.8337541311269625,8.881784197001252e-16,1.5224817497211647e-16,,r0004|r0010|r0019,1
20091,5,31149.213649978392,edge_1,2,1.0,0.003,3,r0004|r0010|r0019,r0004|r0010|r0019,1,1,0,0,0.2212051779685195,0.2212051779685195,0.0,5.058313904784447,4.837772342349833,5.058313904784447,0.0,0.0,,r0004|r0010|r0019,0
20091,5,31149.213649978392,edge_4,2,1.0,0.003,3,r0004|r0010|r0019,r0004|r0010|r0019,1,1,0,0,0.27880804291388117,0.27880804291388117,0.0,5.122530936924045,4.844559318138906,5.122530936924045,0.0,0.0,,r0004|r0010|r0019,0
20091,5,31149.213649978392,cloud_0,2,1.0,0.003,3,r0004|r0010|r0019,r0004|r0010|r0019,1,1,0,0,0.1840114738023444,0.1840114738023444,0.0,5.722782602509397,5.53932316312846,5.722782602509397,0.0,0.0,,r0004|r0010|r0019,0
20091,5,31149.213649978392,edge_4,4,1.0,0.003,3,r0004|r0010|r0019,r0004|r0010|r0019,1,1,0,0,0.5289299675134036,0.5289299675134036,0.0,5.001066844212978,4.4737236666021145,5.0010668442129775,8.881784197001252e-16,1.7759779010510277e-16,,r0004|r0010|r0019,0
20091,5,31149.213649978392,cloud_0,4,1.0,0.003,3,r0004|r0010|r0019,r0004|r0010|r0019,1,1,0,0,0.34325785599616293,0.34325785599616293,0.0,5.627510752186567,5.285282669758393,5.627510752186567,0.0,0.0,,r0004|r0010|r0019,0
20091,5,31149.213649978392,edge_4,8,1.0,0.003,3,r0004|r0010|r0019,r0004|r0010|r0019,1,1,0,0,1.0291738167124482,1.0291738167124482,0.0,4.8298882468949,3.803801951632588,4.829888246894899,8.881784197001252e-16,1.8389212633876751e-16,,r0004|r0010|r0019,0
20091,5,31149.213649978392,cloud_0,8,1.0,0.003,3,r0004|r0010|r0019,r0004|r0010|r0019,1,1,0,0,0.6617506203838001,0.6617506203838001,0.0,5.52538646406713,4.865621095544481,5.52538646406713,0.0,0.0,,r0004|r0010|r0019,0
20092,0,0.0,cloud_0,1,1.0,0.003,1,r0016,r0016,1,1,0,0,0.003342656935646916,0.003342656935646916,0.0,-0.07206546637391362,-0.07539809533875359,-0.07206546637391362,0.0,0.0,,r0016,1
20092,0,0.0,cloud_0,2,1.0,0.003,1,r0016,r0016,1,1,0,0,0.0037861457005067783,0.0037861457005067783,0.0,-0.0720667968402082,-0.07584158410361345,-0.0720667968402082,0.0,0.0,,r0016,0
20092,0,0.0,cloud_0,4,1.0,0.003,1,r0016,r0016,1,1,0,0,0.004673123230226502,0.004673123230226502,0.0,-0.07206945777279736,-0.07672856163333318,-0.07206945777279736,0.0,0.0,,r0016,0
20092,0,0.0,cloud_0,8,1.0,0.003,1,r0016,r0016,1,1,0,0,0.00644707828966595,0.00644707828966595,0.0,-0.07207477963797568,-0.07850251669277264,-0.07207477963797569,1.3877787807814457e-17,1.9254707232573138e-16,,r0016,0
20092,1,2684.651345332221,cloud_0,1,1.0,0.003,1,r0003,r0003,1,1,0,0,0.013922079086228804,0.013922079086228804,0.0,-0.02996030638080552,-0.04384061922977564,-0.029960306380805525,3.469446951953614e-18,1.1580145102175465e-16,,r0003,1
20092,1,2684.651345332221,cloud_0,2,1.0,0.003,1,r0003,r0003,1,1,0,0,0.02388489304290805,0.02388489304290805,0.0,-0.029990194822675544,-0.05380343318645487,-0.029990194822675544,0.0,0.0,,r0003,0
20092,1,2684.651345332221,cloud_0,4,1.0,0.003,1,r0003,r0003,1,1,0,0,0.04381052095626653,0.04381052095626653,0.0,-0.03004997170641562,-0.07372906109981335,-0.030049971706415622,3.469446951953614e-18,1.154559140970137e-16,,r0003,0
20092,1,2684.651345332221,cloud_0,8,1.0,0.003,1,r0003,r0003,1,1,0,0,0.0836617767829835,0.0836617767829835,0.0,-0.030169525473895786,-0.11358031692653034,-0.030169525473895786,0.0,0.0,,r0003,0
20092,2,6708.382973824222,cloud_0,1,1.0,0.003,1,r0008,r0008,1,1,0,0,0.01584154811346601,0.01584154811346601,0.0,0.45049276369028873,0.4346987402211631,0.45049276369028873,0.0,0.0,,r0008,1
20092,2,6708.382973824222,cloud_0,2,1.0,0.003,1,r0008,r0008,1,1,0,0,0.020170958813809647,0.020170958813809647,0.0,0.4504797754581877,0.43036932952081947,0.4504797754581877,0.0,0.0,,r0008,0
20092,2,6708.382973824222,cloud_0,4,1.0,0.003,1,r0008,r0008,1,1,0,0,0.02882978021449694,0.02882978021449694,0.0,0.45045379899398563,0.42171050812013217,0.45045379899398563,0.0,0.0,,r0008,0
20092,2,6708.382973824222,cloud_0,8,1.0,0.003,1,r0008,r0008,1,1,0,0,0.04614742301587151,0.04614742301587151,0.0,0.4504018460655815,0.4043928653187576,0.45040184606558153,-5.551115123125783e-17,-1.2324805441222599e-16,,r0008,0
20092,3,9280.866100803352,cloud_0,1,1.0,0.003,1,r0000,r0000,1,1,0,0,0.0029936718464625726,0.0029936718464625726,0.0,-0.08811666691270895,-0.09110135774363214,-0.08811666691270895,0.0,0.0,,r0000,1
20092,3,9280.866100803352,cloud_0,2,1.0,0.003,1,r0000,r0000,1,1,0,0,0.0031750908730719717,0.0031750908730719717,0.0,-0.08811721116978878,-0.09128277677024155,-0.0881172111697888,1.3877787807814457e-17,1.5749236299675914e-16,,r0000,0
20092,3,9280.866100803352,cloud_0,4,1.0,0.003,1,r0000,r0000,1,1,0,0,0.003537928926290771,0.003537928926290771,0.0,-0.08811829968394845,-0.09164561482346034,-0.08811829968394844,-1.3877787807814457e-17,-1.574904175136101e-16,,r0000,0
20092,3,9280.866100803352,cloud_0,8,1.0,0.003,1,r0000,r0000,1,1,0,0,0.004263605032728371,0.004263605032728371,0.0,-0.08812047671226775,-0.09237129092989793,-0.08812047671226775,0.0,0.0,,r0000,0
20092,4,14332.488046097107,cloud_0,1,1.0,0.003,1,r0022,r0022,1,1,0,0,0.003978086081591675,0.003978086081591675,0.0,-0.05324553642987143,-0.05721168825321833,-0.05324553642987143,0.0,0.0,,r0022,1
20092,4,14332.488046097107,cloud_0,2,1.0,0.003,1,r0022,r0022,1,1,0,0,0.004505880742185482,0.004505880742185482,0.0,-0.053247119813853216,-0.05773948291381214,-0.053247119813853216,0.0,0.0,,r0022,0
20092,4,14332.488046097107,cloud_0,4,1.0,0.003,1,r0022,r0022,1,1,0,0,0.005561470063373096,0.005561470063373096,0.0,-0.05325028658181677,-0.058795072234999746,-0.05325028658181677,0.0,0.0,,r0022,0
20092,4,14332.488046097107,cloud_0,8,1.0,0.003,1,r0022,r0022,1,1,0,0,0.007672648705748325,0.007672648705748325,0.0,-0.0532566201177439,-0.06090625087737499,-0.05325662011774391,6.938893903907228e-18,1.302916686895672e-16,,r0022,0
20092,5,16950.866619868924,cloud_0,1,1.0,0.003,2,r0006|r0017,r0006|r0017,1,1,0,0,0.010300249230885242,0.010300249230885242,0.0,4.994835241342581,4.984565892859388,4.994835241342581,0.0,0.0,,r0006|r0017,1
20092,5,16950.866619868924,cloud_0,2,1.0,0.003,2,r0006|r0017,r0006|r0017,1,1,0,0,0.01734918097125189,0.01734918097125189,0.0,4.9110503366381995,4.893753203209862,4.9110503366381995,0.0,0.0,,r0006|r0017,0
20092,5,16950.866619868924,cloud_0,4,1.0,0.003,2,r0006|r0017,r0006|r0017,1,1,0,0,0.03144704445198518,0.03144704445198518,0.0,4.852470808908718,4.821118105590089,4.852470808908718,0.0,0.0,,r0006|r0017,0
20092,5,16950.866619868924,cloud_0,8,1.0,0.003,2,r0006|r0017,r0006|r0017,1,1,0,0,0.05964277141345177,0.05964277141345177,0.0,4.78134894228613,4.7218850991869195,4.781348942286131,-8.881784197001252e-16,-1.8575896267371272e-16,,r0006|r0017,0
20092,6,27394.56548226464,cloud_0,1,1.0,0.003,2,r0018|r0020,r0018|r0020,1,1,0,0,0.0047790729279864295,0.0047790729279864295,0.0,7.506652165232983,7.501887429523781,7.506652165232984,-8.881784197001252e-16,-1.1831884575839527e-16,,r0018|r0020,1
20092,6,27394.56548226464,cloud_0,2,1.0,0.003,2,r0018|r0020,r0018|r0020,1,1,0,0,0.005567341033070783,0.005567341033070783,0.0,7.446340216925144,7.440789577915172,7.446340216925144,0.0,0.0,,r0018|r0020,0
20092,6,27394.56548226464,cloud_0,4,1.0,0.003,2,r0018|r0020,r0018|r0020,1,1,0,0,0.007143877243239487,0.007143877243239487,0.0,7.359411090795626,7.3522886451841165,7.359411090795627,-8.881784197001252e-16,-1.2068607239660315e-16,,r0018|r0020,0
20092,6,27394.56548226464,cloud_0,8,1.0,0.003,2,r0018|r0020,r0018|r0020,1,1,0,0,0.010296949663576895,0.010296949663576895,0.0,7.25543259069728,7.2451665318826945,7.25543259069728,0.0,0.0,,r0018|r0020,0
20092,7,30109.071331730687,cloud_0,1,1.0,0.003,3,r0013|r0015|r0021,r0013|r0015|r0021,1,1,0,0,0.030470732362696862,0.030470732362696862,0.0,5.995162384082445,5.964783063916836,5.995162384082445,0.0,0.0,,r0013|r0015|r0021,1
20092,7,30109.071331730687,cloud_0,2,1.0,0.003,3,r0013|r0015|r0021,r0013|r0015|r0021,1,1,0,0,0.052453669581734204,0.052453669581734204,0.0,5.888077875702683,5.835781567129694,5.888077875702683,0.0,0.0,,r0013|r0015|r0021,0
20092,7,30109.071331730687,cloud_0,4,1.0,0.003,3,r0013|r0015|r0021,r0013|r0015|r0021,1,1,0,0,0.0964195440198089,0.0964195440198089,0.0,5.80972568524784,5.713595399860091,5.80972568524784,0.0,0.0,,r0013|r0015|r0021,0
20092,7,30109.071331730687,cloud_0,8,1.0,0.003,3,r0013|r0015|r0021,r0013|r0015|r0021,1,1,0,0,0.18435129289595822,0.18435129289595822,0.0,5.753866922843788,5.570068683826518,5.753866922843788,0.0,0.0,,r0013|r0015|r0021,0
20093,0,0.0,cloud_0,1,1.0,0.003,1,r0004,r0004,1,1,0,0,0.022729839333936692,0.022729839333936692,0.0,-0.4655116610281246,-0.48817331084405946,-0.4655116610281246,0.0,0.0,,r0004,1
20093,0,0.0,cloud_0,2,1.0,0.003,1,r0004,r0004,1,1,0,0,0.04101222646729713,0.04101222646729713,0.0,-0.46556650818952466,-0.5064556979774198,-0.4655665081895246,-5.551115123125783e-17,-1.192335579445507e-16,,r0004,0
20093,0,0.0,cloud_0,4,1.0,0.003,1,r0004,r0004,1,1,0,0,0.07757700073401802,0.07757700073401802,0.0,-0.46567620251232483,-0.5430204722441407,-0.4656762025123248,-5.551115123125783e-17,-1.1920547138070394e-16,,r0004,0
20093,0,0.0,cloud_0,8,1.0,0.003,1,r0004,r0004,1,1,0,0,0.15070654926745977,0.15070654926745977,0.0,-0.4658955911579251,-0.6161500207775825,-0.4658955911579251,0.0,0.0,,r0004,0
20093,1,11133.440006740757,cloud_0,1,1.0,0.003,3,r0001|r0006|r0012,r0001|r0006|r0012,1,1,0,0,0.014552756241055708,0.014552756241055708,0.0,7.117408003919991,7.102898905947658,7.117408003919991,0.0,0.0,,r0001|r0006|r0012,1
20093,1,11133.440006740757,cloud_0,2,1.0,0.003,3,r0001|r0006|r0012,r0001|r0006|r0012,1,1,0,0,0.023092607116600317,0.023092607116600317,0.0,6.994446497903522,6.971423168608271,6.994446497903522,0.0,0.0,,r0001|r0006|r0012,0
20093,1,11133.440006740757,cloud_0,4,1.0,0.003,3,r0001|r0006|r0012,r0001|r0006|r0012,1,1,0,0,0.04017230886768953,0.04017230886768953,0.0,6.892485177759886,6.8524333858188,6.892485177759886,0.0,0.0,,r0001|r0006|r0012,0
20093,1,11133.440006740757,cloud_0,8,1.0,0.003,3,r0001|r0006|r0012,r0001|r0006|r0012,1,1,0,0,0.07433171236986795,0.07433171236986795,0.0,6.820772051667319,6.746663334434562,6.82077205166732,-8.881784197001252e-16,-1.302166987801641e-16,,r0001|r0006|r0012,0
20093,2,14446.847168529604,cloud_0,1,1.0,0.003,4,r0000|r0003|r0007|r0019,r0000|r0003|r0007|r0019,1,1,0,0,0.03922528916543918,0.03922528916543918,0.0,6.684302959551719,6.645195346253776,6.684302959551719,0.0,0.0,,r0000|r0003|r0007|r0019,1
20093,2,14446.847168529604,cloud_0,2,1.0,0.003,4,r0000|r0003|r0007|r0019,r0000|r0003|r0007|r0019,1,1,0,0,0.07371317694891416,0.07371317694891416,0.0,6.593471158555888,6.519979121137821,6.5934711585558885,-8.881784197001252e-16,-1.3470574123124782e-16,,r0000|r0003|r0007|r0019,0
20093,2,14446.847168529604,cloud_0,4,1.0,0.003,4,r0000|r0003|r0007|r0019,r0000|r0003|r0007|r0019,1,1,0,0,0.1426889525158642,0.1426889525158642,0.0,6.506891769782349,6.364630884124033,6.506891769782349,0.0,0.0,,r0000|r0003|r0007|r0019,0
20093,2,14446.847168529604,cloud_0,8,1.0,0.003,4,r0000|r0003|r0007|r0019,r0000|r0003|r0007|r0019,1,1,0,0,0.28064050364976423,0.28064050364976423,0.0,6.3910960968952075,6.111297514756393,6.3910960968952075,0.0,0.0,,r0000|r0003|r0007|r0019,0
20093,3,27145.891262391564,cloud_0,1,1.0,0.003,4,r0009|r0013|r0018|r0022,r0009|r0013|r0018|r0022,1,1,0,0,0.0683756485891948,0.0683756485891948,0.0,7.6499986545175425,7.581828132874116,7.649998654517543,-8.881784197001252e-16,-1.1610177462915376e-16,,r0009|r0013|r0018|r0022,1
20093,3,27145.891262391564,cloud_0,2,1.0,0.003,4,r0009|r0013|r0018|r0022,r0009|r0013|r0018|r0022,1,1,0,0,0.11075858938645183,0.11075858938645183,0.0,7.517344445466759,7.4069181318484665,7.517344445466759,0.0,0.0,,r0009|r0013|r0018|r0022,0
20093,3,27145.891262391564,cloud_0,4,1.0,0.003,4,r0009|r0013|r0018|r0022,r0009|r0013|r0018|r0022,1,1,0,0,0.19552447098096581,0.19552447098096581,0.0,7.40546741720146,7.210529519633437,7.40546741720146,0.0,0.0,,r0009|r0013|r0018|r0022,0
20093,3,27145.891262391564,cloud_0,8,1.0,0.003,4,r0009|r0013|r0018|r0022,r0009|r0013|r0018|r0022,1,1,0,0,0.36505623416999383,0.36505623416999383,0.0,7.322619522902331,6.958658457434847,7.322619522902331,0.0,0.0,,r0009|r0013|r0018|r0022,0
20094,0,0.0,edge_4,1,1.0,0.003,1,r0019,r0019,1,1,0,0,0.03372916171431165,0.03372916171431165,0.0,-0.8064170169273623,-0.8400449911565311,-0.8064170169273623,0.0,0.0,,r0019,0
20094,0,0.0,cloud_0,1,1.0,0.003,1,r0019,r0019,1,1,0,0,0.01965129656744791,0.01965129656744791,0.0,-0.19246056796815508,-0.21205291064590065,-0.19246056796815508,0.0,0.0,,r0019,1
20094,0,0.0,edge_4,2,1.0,0.003,1,r0019,r0019,1,1,0,0,0.06168132567566074,0.06168132567566074,0.0,-0.8170579190257394,-0.8785542007243732,-0.8170579190257394,0.0,0.0,,r0019,0
20094,0,0.0,cloud_0,2,1.0,0.003,1,r0019,r0019,1,1,0,0,0.02899029509921213,0.02899029509921213,0.0,-0.19248858496375038,-0.22139190917766485,-0.19248858496375035,-2.7755575615628914e-17,-1.4419335889894909e-16,,r0019,0
20094,0,0.0,edge_4,4,1.0,0.003,1,r0019,r0019,1,1,0,0,0.11758565359835885,0.11758565359835885,0.0,-0.8383397232224933,-0.955572619860057,-0.8383397232224933,0.0,0.0,,r0019,0
20094,0,0.0,cloud_0,4,1.0,0.003,1,r0019,r0019,1,1,0,0,0.04766829216274056,0.04766829216274056,0.0,-0.19254461895494096,-0.2400699062411933,-0.19254461895494096,0.0,0.0,,r0019,0
20094,0,0.0,edge_4,8,1.0,0.003,1,r0019,r0019,1,1,0,0,0.22939430944375513,0.22939430944375513,0.0,-0.8809033316160011,-1.1096094581314249,-0.880903331616001,-1.1102230246251565e-16,-1.2603233348981353e-16,,r0019,0
20094,0,0.0,cloud_0,8,1.0,0.003,1,r0019,r0019,1,1,0,0,0.08502428628979741,0.08502428628979741,0.0,-0.19265668693732213,-0.27742590036825016,-0.19265668693732213,0.0,0.0,,r0019,0
20094,1,8968.45592210733,edge_4,1,1.0,0.003,1,r0001,r0001,1,1,0,0,0.011653881726677385,0.011653881726677385,0.0,1.8496684998920174,1.83804957981052,1.8496684998920174,0.0,0.0,,r0001,0
20094,1,8968.45592210733,cloud_0,1,1.0,0.003,1,r0001,r0001,1,1,0,0,0.009451745507857014,0.009451745507857014,0.0,1.9488953822264803,1.9394719919551469,1.9488953822264803,0.0,0.0,,r0001,1
20094,1,8968.45592210733,edge_4,2,1.0,0.003,1,r0001,r0001,1,1,0,0,0.01928973984307727,0.01928973984307727,0.0,1.838361082456507,1.819129211832959,1.838361082456507,0.0,0.0,,r0001,0
20094,1,8968.45592210733,cloud_0,2,1.0,0.003,1,r0001,r0001,1,1,0,0,0.011931605774298993,0.011931605774298993,0.0,1.9456073802556946,1.9337115692987183,1.9456073802556944,2.220446049250313e-16,1.1412611155692157e-16,,r0001,0
20094,1,8968.45592210733,edge_4,4,1.0,0.003,1,r0001,r0001,1,1,0,0,0.034561456075877045,0.034561456075877045,0.0,1.8157462475854869,1.7812884758778373,1.8157462475854869,0.0,0.0,,r0001,0
20094,1,8968.45592210733,cloud_0,4,1.0,0.003,1,r0001,r0001,1,1,0,0,0.016891326307182947,0.016891326307182947,0.0,1.9390313763141227,1.922190723985861,1.9390313763141225,2.220446049250313e-16,1.1451315725850333e-16,,r0001,0
20094,1,8968.45592210733,edge_4,8,1.0,0.003,1,r0001,r0001,1,1,0,0,0.0651048885414766,0.0651048885414766,0.0,1.7705165778434462,1.705607003967594,1.7705165778434462,0.0,0.0,,r0001,0
20094,1,8968.45592210733,cloud_0,8,1.0,0.003,1,r0001,r0001,1,1,0,0,0.026810767372950857,0.026810767372950857,0.0,1.9258793684309792,1.899149033360147,1.9258793684309792,0.0,0.0,,r0001,0
20094,2,9712.044248863163,edge_4,1,1.0,0.003,1,r0014,r0014,1,1,0,0,0.011647153286989776,0.011647153286989776,0.0,-0.24996034012661975,-0.26157255195374857,-0.24996034012661977,2.7755575615628914e-17,1.110399177788327e-16,,r0014,0
20094,2,9712.044248863163,cloud_0,1,1.0,0.003,1,r0014,r0014,1,1,0,0,0.008500297230714805,0.008500297230714805,0.0,-0.07199924001347298,-0.08047403635249564,-0.07199924001347298,0.0,0.0,,r0014,1
20094,2,9712.044248863163,edge_4,2,1.0,0.003,1,r0014,r0014,1,1,0,0,0.019278602794137886,0.019278602794137886,0.0,-0.2527211023341661,-0.2719418693199216,-0.2527211023341661,0.0,0.0,,r0014,0
20094,2,9712.044248863163,cloud_0,2,1.0,0.003,1,r0014,r0014,1,1,0,0,0.010730525429080226,0.010730525429080226,0.0,-0.07200593069806807,-0.08270426455086106,-0.07200593069806809,1.3877787807814457e-17,1.927311774637863e-16,,r0014,0
20094,2,9712.044248863163,edge_4,4,1.0,0.003,1,r0014,r0014,1,1,0,0,0.034541501808434114,0.034541501808434114,0.0,-0.2582426267492588,-0.29268050405226764,-0.25824262674925885,5.551115123125783e-17,2.149573520453557e-16,,r0014,0
20094,2,9712.044248863163,cloud_0,4,1.0,0.003,1,r0014,r0014,1,1,0,0,0.015190981825811068,0.015190981825811068,0.0,-0.07201931206725826,-0.0871647209475919,-0.07201931206725826,0.0,0.0,,r0014,0
20094,2,9712.044248863163,edge_4,8,1.0,0.003,1,r0014,r0014,1,1,0,0,0.06506729983702655,0.06506729983702655,0.0,-0.2692856755794442,-0.33415777351695974,-0.2692856755794443,5.551115123125783e-17,2.061422357940499e-16,,r0014,0
20094,2,9712.044248863163,cloud_0,8,1.0,0.003,1,r0014,r0014,1,1,0,0,0.024111894619272753,0.024111894619272753,0.0,-0.07204607480563865,-0.09608563374105358,-0.07204607480563865,0.0,0.0,,r0014,0
20094,3,12557.622862741495,edge_4,1,1.0,0.003,1,r0003,r0003,1,1,0,0,0.021617378858453294,0.021617378858453294,0.0,-0.24079997035754724,-0.2623524970794252,-0.24079997035754727,2.7755575615628914e-17,1.1526403252631873e-16,,r0003,0
20094,3,12557.622862741495,cloud_0,1,1.0,0.003,1,r0003,r0003,1,1,0,0,0.010529529597073237,0.010529529597073237,0.0,-0.17027615221542783,-0.18077409322370985,-0.17027615221542783,0.0,0.0,,r0003,1
20094,3,12557.622862741495,edge_4,2,1.0,0.003,1,r0003,r0003,1,1,0,0,0.04095555340037993,0.04095555340037993,0.0,-0.24211083147057522,-0.28294351821075403,-0.24211083147057524,2.7755575615628914e-17,1.146399582663949e-16,,r0003,0
20094,3,12557.622862741495,cloud_0,2,1.0,0.003,1,r0003,r0003,1,1,0,0,0.016990538623200057,0.016990538623200057,0.0,-0.1702955352425062,-0.18723510224983667,-0.1702955352425062,0.0,0.0,,r0003,0
20094,3,12557.622862741495,edge_4,4,1.0,0.003,1,r0003,r0003,1,1,0,0,0.07963190248423321,0.07963190248423321,0.0,-0.24473255369663116,-0.3241255604734117,-0.24473255369663116,0.0,0.0,,r0003,0
20094,3,12557.622862741495,cloud_0,4,1.0,0.003,1,r0003,r0003,1,1,0,0,0.02991255667545369,0.02991255667545369,0.0,-0.170334301296663,-0.20015712030209032,-0.170334301296663,0.0,0.0,,r0003,0
20094,3,12557.622862741495,edge_4,8,1.0,0.003,1,r0003,r0003,1,1,0,0,0.1569846006519398,0.1569846006519398,0.0,-0.24997599814874308,-0.4064896449987271,-0.2499759981487431,2.7755575615628914e-17,1.110329624491129e-16,,r0003,0
20094,3,12557.622862741495,cloud_0,8,1.0,0.003,1,r0003,r0003,1,1,0,0,0.05575659277996095,0.05575659277996095,0.0,-0.1704118334049765,-0.22600115640659757,-0.1704118334049765,0.0,0.0,,r0003,0
20094,4,15120.33889182505,edge_4,1,1.0,0.003,1,r0016,r0016,1,1,0,0,0.0025064709608178543,0.0025064709608178543,0.0,-0.20602969862587486,-0.20852865017381025,-0.20602969862587486,0.0,0.0,,r0016,0
20094,4,15120.33889182505,cloud_0,1,1.0,0.003,1,r0016,r0016,1,1,0,0,0.00358012163861377,0.00358012163861377,0.0,-0.06285369253705313,-0.06642307381075106,-0.06285369253705314,1.3877787807814457e-17,2.2079510761652237e-16,,r0016,1
20094,4,15120.33889182505,edge_4,2,1.0,0.003,1,r0016,r0016,1,1,0,0,0.0031226745823306184,0.0031226745823306184,0.0,-0.20790932936956782,-0.21102263592815146,-0.20790932936956782,0.0,0.0,,r0016,0
20094,4,15120.33889182505,cloud_0,2,1.0,0.003,1,r0016,r0016,1,1,0,0,0.003785999248824301,0.003785999248824301,0.0,-0.06285431016988376,-0.06662895142096158,-0.06285431016988374,-1.3877787807814457e-17,-2.2079293799113097e-16,,r0016,0
20094,4,15120.33889182505,edge_4,4,1.0,0.003,1,r0016,r0016,1,1,0,0,0.004355081825356148,0.004355081825356148,0.0,-0.2116685908569538,-0.2160106074368339,-0.2116685908569538,0.0,0.0,,r0016,0
20094,4,15120.33889182505,cloud_0,4,1.0,0.003,1,r0016,r0016,1,1,0,0,0.004197754469245365,0.004197754469245365,0.0,-0.06285554543554503,-0.06704070664138265,-0.06285554543554502,-1.3877787807814457e-17,-2.207885988682634e-16,,r0016,0
20094,4,15120.33889182505,edge_4,8,1.0,0.003,1,r0016,r0016,1,1,0,0,0.006819896311407208,0.006819896311407208,0.0,-0.21918711383172576,-0.22598655045419874,-0.21918711383172576,0.0,0.0,,r0016,0
20094,4,15120.33889182505,cloud_0,8,1.0,0.003,1,r0016,r0016,1,1,0,0,0.005021264910087493,0.005021264910087493,0.0,-0.06285801596686755,-0.06786421708222477,-0.06285801596686755,0.0,0.0,,r0016,0
20094,5,21181.255791402415,edge_4,1,1.0,0.003,1,r0015,r0015,1,1,0,0,0.047238311590307135,0.047238311590307135,0.0,-0.34037917227785064,-0.38747576893338687,-0.34037917227785064,0.0,0.0,,r0015,0
20094,5,21181.255791402415,cloud_0,1,1.0,0.003,1,r0015,r0015,1,1,0,0,0.023009135532238857,0.023009135532238857,0.0,-0.19931964651603898,-0.2222597546416811,-0.19931964651603895,-2.7755575615628914e-17,-1.3925157956466403e-16,,r0015,1
20094,5,21181.255791402415,edge_4,2,1.0,0.003,1,r0015,r0015,1,1,0,0,0.08949610429407232,0.08949610429407232,0.0,-0.34301736787973325,-0.43224498386092336,-0.34301736787973325,0.0,0.0,,r0015,0
20094,5,21181.255791402415,cloud_0,2,1.0,0.003,1,r0015,r0015,1,1,0,0,0.03712773703163465,0.03712773703163465,0.0,-0.19936200232053716,-0.2363783561410769,-0.19936200232053716,0.0,0.0,,r0015,0
20094,5,21181.255791402415,edge_4,4,1.0,0.003,1,r0015,r0015,1,1,0,0,0.17401168970160275,0.17401168970160275,0.0,-0.3482937590834986,-0.5217834137159966,-0.34829375908349863,5.551115123125783e-17,1.5938026388221843e-16,,r0015,0
20094,5,21181.255791402415,cloud_0,4,1.0,0.003,1,r0015,r0015,1,1,0,0,0.06536494003042621,0.06536494003042621,0.0,-0.19944671392953353,-0.26461555913986845,-0.1994467139295335,-2.7755575615628914e-17,-1.391628624447291e-16,,r0015,0
20094,5,21181.255791402415,edge_4,8,1.0,0.003,1,r0015,r0015,1,1,0,0,0.34304286051666355,0.34304286051666355,0.0,-0.3588465414910291,-0.7008602734261428,-0.3588465414910292,5.551115123125783e-17,1.546932875557491e-16,,r0015,0
20094,5,21181.255791402415,cloud_0,8,1.0,0.003,1,r0015,r0015,1,1,0,0,0.12183934602800937,0.12183934602800937,0.0,-0.19961613714752624,-0.3210899651374516,-0.19961613714752624,0.0,0.0,,r0015,0
20094,6,28665.313592289895,edge_4,1,1.0,0.003,1,r0021,r0021,1,1,0,0,0.047849496696867506,0.047849496696867506,0.0,-0.9881471380143225,-1.0358530862210995,-0.9881471380143226,1.1102230246251565e-16,1.1235401914497721e-16,,r0021,0
20094,6,28665.313592289895,cloud_0,1,1.0,0.003,1,r0021,r0021,1,1,0,0,0.0233068354389184,0.0233068354389184,0.0,-0.3880129485678508,-0.41124986350045245,-0.3880129485678508,0.0,0.0,,r0021,1
20094,6,28665.313592289895,edge_4,2,1.0,0.003,1,r0021,r0021,1,1,0,0,0.0906540348846935,0.0906540348846935,0.0,-0.9991090878251128,-1.0894911606051523,-0.9991090878251129,1.1102230246251565e-16,1.1112130178316358e-16,,r0021,0
20094,6,28665.313592289895,cloud_0,2,1.0,0.003,1,r0021,r0021,1,1,0,0,0.03760810813614892,0.03760810813614892,0.0,-0.3880558523859424,-0.4255511361976829,-0.3880558523859424,0.0,0.0,,r0021,0
20094,6,28665.313592289895,edge_4,4,1.0,0.003,1,r0021,r0021,1,1,0,0,0.1762631112603455,0.1762631112603455,0.0,-1.0210329874466932,-1.1967673093732576,-1.0210329874466932,0.0,0.0,,r0021,0
20094,6,28665.313592289895,cloud_0,4,1.0,0.003,1,r0021,r0021,1,1,0,0,0.06621065353060995,0.06621065353060995,0.0,-0.3881416600221258,-0.4541536815921439,-0.3881416600221258,0.0,0.0,,r0021,0
20094,6,28665.313592289895,edge_4,8,1.0,0.003,1,r0021,r0021,1,1,0,0,0.3474812640116495,0.3474812640116495,0.0,-1.0648807866898542,-1.4113196069094687,-1.0648807866898542,0.0,0.0,,r0021,0
20094,6,28665.313592289895,cloud_0,8,1.0,0.003,1,r0021,r0021,1,1,0,0,0.12341574431953202,0.12341574431953202,0.0,-0.38831327529449255,-0.511358772381066,-0.38831327529449255,0.0,0.0,,r0021,0
20094,7,37552.347408495174,edge_4,1,1.0,0.003,1,r0017,r0017,1,1,0,0,0.034375326309471044,0.034375326309471044,0.0,-0.7730310378922184,-0.8073032382227611,-0.7730310378922184,0.0,0.0,,r0017,0
20094,7,37552.347408495174,cloud_0,1,1.0,0.003,1,r0017,r0017,1,1,0,0,0.02002776522084685,0.02002776522084685,0.0,-0.17489497047688798,-0.1948626524020723,-0.17489497047688798,0.0,0.0,,r0017,1
20094,7,37552.347408495174,edge_4,2,1.0,0.003,1,r0017,r0017,1,1,0,0,0.06286298234331507,0.06286298234331507,0.0,-0.7833955147749935,-0.8460699081712787,-0.7833955147749936,1.1102230246251565e-16,1.4171934912647976e-16,,r0017,0
20094,7,37552.347408495174,cloud_0,2,1.0,0.003,1,r0017,r0017,1,1,0,0,0.029545675112952145,0.029545675112952145,0.0,-0.17492352420656432,-0.20438056229417761,-0.17492352420656432,0.0,0.0,,r0017,0
20094,7,37552.347408495174,edge_4,4,1.0,0.003,1,r0017,r0017,1,1,0,0,0.11983829441100308,0.11983829441100308,0.0,-0.8041244685405439,-0.9236032480683138,-0.8041244685405438,-1.1102230246251565e-16,-1.3806606664266418e-16,,r0017,0
20094,7,37552.347408495174,cloud_0,4,1.0,0.003,1,r0017,r0017,1,1,0,0,0.04858149489716272,0.04858149489716272,0.0,-0.17498063166591696,-0.22341638207838818,-0.17498063166591696,0.0,0.0,,r0017,0
20094,7,37552.347408495174,edge_4,8,1.0,0.003,1,r0017,r0017,1,1,0,0,0.23378891854637918,0.23378891854637918,0.0,-0.8455823760716444,-1.0786699278623844,-0.8455823760716443,-1.1102230246251565e-16,-1.312968500813562e-16,,r0017,0
20094,7,37552.347408495174,cloud_0,8,1.0,0.003,1,r0017,r0017,1,1,0,0,0.08665313446558387,0.08665313446558387,0.0,-0.17509484658462218,-0.2614880216468093,-0.17509484658462215,-2.7755575615628914e-17,-1.5851737590811862e-16,,r0017,0
20094,8,46330.89304151108,edge_4,1,1.0,0.003,4,r0002|r0006|r0011|r0020,r0002|r0006|r0011|r0020,1,1,0,0,0.019079777693111664,0.019079777693111664,0.0,6.584853921120339,6.565831382760306,6.584853921120339,0.0,0.0,,r0002|r0006|r0011|r0020,0
20094,8,46330.89304151108,cloud_0,1,1.0,0.003,4,r0002|r0006|r0011|r0020,r0002|r0006|r0011|r0020,1,1,0,0,0.012048317431462209,0.012048317431462209,0.0,7.124828726600931,7.112816554121763,7.124828726600931,0.0,0.0,,r0002|r0006|r0011|r0020,1
20094,8,46330.89304151108,edge_4,2,1.0,0.003,4,r0002|r0006|r0011|r0020,r0002|r0006|r0011|r0020,1,1,0,0,0.03378897738253955,0.03378897738253955,0.0,6.470318524421058,6.436630913970667,6.470318524421059,-8.881784197001252e-16,-1.3726965934487688e-16,,r0002|r0006|r0011|r0020,0
20094,8,46330.89304151108,cloud_0,2,1.0,0.003,4,r0002|r0006|r0011|r0020,r0002|r0006|r0011|r0020,1,1,0,0,0.016704642503342117,0.016704642503342117,0.0,7.0063181215499615,6.9896635929741295,7.0063181215499615,0.0,0.0,,r0002|r0006|r0011|r0020,0
20094,8,46330.89304151108,edge_4,4,1.0,0.003,4,r0002|r0006|r0011|r0020,r0002|r0006|r0011|r0020,1,1,0,0,0.06320737676139532,0.06320737676139532,0.0,6.380728136341829,6.317710381710718,6.380728136341829,0.0,0.0,,r0002|r0006|r0011|r0020,0
20094,8,46330.89304151108,cloud_0,4,1.0,0.003,4,r0002|r0006|r0011|r0020,r0002|r0006|r0011|r0020,1,1,0,0,0.026017292647101925,0.026017292647101925,0.0,6.873409682854757,6.847470442085596,6.873409682854756,8.881784197001252e-16,1.2921947922231735e-16,,r0002|r0006|r0011|r0020,0
20094,8,46330.89304151108,edge_4,8,1.0,0.003,4,r0002|r0006|r0011|r0020,r0002|r0006|r0011|r0020,1,1,0,0,0.12204417551910685,0.12204417551910685,0.0,6.301416244575666,6.179738201583116,6.301416244575665,8.881784197001252e-16,1.4094901609851273e-16,,r0002|r0006|r0011|r0020,0
20094,8,46330.89304151108,cloud_0,8,1.0,0.003,4,r0002|r0006|r0011|r0020,r0002|r0006|r0011|r0020,1,1,0,0,0.04464259293462154,0.04464259293462154,0.0,6.754406569615974,6.709897904460156,6.754406569615974,0.0,0.0,,r0002|r0006|r0011|r0020,0
20095,0,0.0,cloud_0,1,1.0,0.003,1,r0022,r0022,1,1,0,0,0.02714257232221266,0.02714257232221266,0.0,-0.4979312803325143,-0.5249924249377603,-0.4979312803325143,0.0,0.0,,r0022,1
20095,0,0.0,cloud_0,2,1.0,0.003,1,r0022,r0022,1,1,0,0,0.0479942625419606,0.0479942625419606,0.0,-0.49799383540317355,-0.5458441151575082,-0.4979938354031735,-5.551115123125783e-17,-1.1146955501229499e-16,,r0022,0
20095,0,0.0,cloud_0,4,1.0,0.003,1,r0022,r0022,1,1,0,0,0.08969764298145648,0.08969764298145648,0.0,-0.498118945544492,-0.5875474955970041,-0.49811894554449204,5.551115123125783e-17,1.114415577399466e-16,,r0022,0
20095,0,0.0,cloud_0,8,1.0,0.003,1,r0022,r0022,1,1,0,0,0.17310440386044823,0.17310440386044823,0.0,-0.498369165827129,-0.6709542564759958,-0.498369165827129,0.0,0.0,,r0022,0
20095,1,9376.712915983151,cloud_0,1,1.0,0.003,1,r0019,r0019,1,1,0,0,0.006723776902694529,0.006723776902694529,0.0,1.9188682277207665,1.91216462214878,1.9188682277207665,0.0,0.0,,r0019,1
20095,1,9376.712915983151,cloud_0,2,1.0,0.003,1,r0019,r0019,1,1,0,0,0.008283286282870504,0.008283286282870504,0.0,1.9164587704023888,1.9082003339783669,1.9164587704023888,0.0,0.0,,r0019,0
20095,1,9376.712915983151,cloud_0,4,1.0,0.003,1,r0019,r0019,1,1,0,0,0.011402305043222453,0.011402305043222453,0.0,1.9116398557656336,1.9002717576375407,1.9116398557656336,0.0,0.0,,r0019,0
20095,1,9376.712915983151,cloud_0,8,1.0,0.003,1,r0019,r0019,1,1,0,0,0.01764034256392635,0.01764034256392635,0.0,1.9020020264921227,1.884414604955888,1.9020020264921227,0.0,0.0,,r0019,0
20095,2,11273.648891382643,cloud_0,1,1.0,0.003,1,r0009,r0009,1,1,0,0,0.005653039614869097,0.005653039614869097,0.0,-0.08821310734501586,-0.09384918784104035,-0.08821310734501586,0.0,0.0,,r0009,1
20095,2,11273.648891382643,cloud_0,2,1.0,0.003,1,r0009,r0009,1,1,0,0,0.008061696528269432,0.008061696528269432,0.0,-0.08822033331575607,-0.09625784475444069,-0.08822033331575606,-1.3877787807814457e-17,-1.5730826767728722e-16,,r0009,0
20095,2,11273.648891382643,cloud_0,4,1.0,0.003,1,r0009,r0009,1,1,0,0,0.012879010355070102,0.012879010355070102,0.0,-0.08823478525723646,-0.10107515858124136,-0.08823478525723646,0.0,0.0,,r0009,0
20095,2,11273.648891382643,cloud_0,8,1.0,0.003,1,r0009,r0009,1,1,0,0,0.02251363800867144,0.02251363800867144,0.0,-0.08826368914019728,-0.11070978623484269,-0.08826368914019726,-1.3877787807814457e-17,-1.572309966080287e-16,,r0009,0
20095,3,15037.741795608521,cloud_0,1,1.0,0.003,1,r0005,r0005,1,1,0,0,0.011313135006715646,0.011313135006715646,0.0,-0.5104596813382338,-0.5217388769399294,-0.5104596813382338,0.0,0.0,,r0005,1
20095,3,15037.741795608521,cloud_0,2,1.0,0.003,1,r0005,r0005,1,1,0,0,0.020004204658252284,0.020004204658252284,0.0,-0.5104857545471885,-0.530429946591466,-0.5104857545471885,0.0,0.0,,r0005,0
20095,3,15037.741795608521,cloud_0,4,1.0,0.003,1,r0005,r0005,1,1,0,0,0.037386343961325556,0.037386343961325556,0.0,-0.5105379009650978,-0.5478120858945393,-0.5105379009650978,0.0,0.0,,r0005,0
20095,3,15037.741795608521,cloud_0,8,1.0,0.003,1,r0005,r0005,1,1,0,0,0.0721506225674721,0.0721506225674721,0.0,-0.5106421938009161,-0.5825763645006858,-0.5106421938009161,0.0,0.0,,r0005,0
20095,4,25470.80306338947,cloud_0,1,1.0,0.003,4,r0002|r0003|r0006|r0014,r0002|r0003|r0006|r0014,1,1,0,0,0.0153501005063394,0.0153501005063394,0.0,6.571670902106675,6.5563668519018545,6.571670902106675,0.0,0.0,,r0002|r0003|r0006|r0014,1
20095,4,25470.80306338947,cloud_0,2,1.0,0.003,4,r0002|r0003|r0006|r0014,r0002|r0003|r0006|r0014,1,1,0,0,0.027169381502280224,0.027169381502280224,0.0,6.460379485539082,6.433291612181309,6.460379485539082,0.0,0.0,,r0002|r0003|r0006|r0014,0
20095,4,25470.80306338947,cloud_0,4,1.0,0.003,4,r0002|r0003|r0006|r0014,r0002|r0003|r0006|r0014,1,1,0,0,0.05080794349416187,0.05080794349416187,0.0,6.377524213621437,6.326868693957757,6.377524213621436,8.881784197001252e-16,1.3926696159037844e-16,,r0002|r0003|r0006|r0014,0
20095,4,25470.80306338947,cloud_0,8,1.0,0.003,4,r0002|r0003|r0006|r0014,r0002|r0003|r0006|r0014,1,1,0,0,0.09808506747792516,0.09808506747792516,0.0,6.312012114325149,6.2142213020496575,6.312012114325149,0.0,0.0,,r0002|r0003|r0006|r0014,0
20095,5,29709.865004319152,cloud_0,1,1.0,0.003,4,r0001|r0010|r0011|r0018,r0001|r0010|r0011|r0018,1,1,0,0,0.08299527243331715,0.08299527243331715,0.0,5.659538311479448,5.57679202486343,5.659538311479447,8.881784197001252e-16,1.5693478351380722e-16,,r0001|r0010|r0011|r0018,1
20095,5,29709.865004319152,cloud_0,2,1.0,0.003,4,r0001|r0010|r0011|r0018,r0001|r0010|r0011|r0018,1,1,0,0,0.15751918091880088,0.15751918091880088,0.0,5.59512890030782,5.438082276931775,5.595128900307819,8.881784197001252e-16,1.5874136870220478e-16,,r0001|r0010|r0011|r0018,0
20095,5,29709.865004319152,cloud_0,4,1.0,0.003,4,r0001|r0010|r0011|r0018,r0001|r0010|r0011|r0018,1,1,0,0,0.30656699788976827,0.30656699788976827,0.0,5.550124042689717,5.244476745793618,5.550124042689717,0.0,0.0,,r0001|r0010|r0011|r0018,0
20095,5,29709.865004319152,cloud_0,8,1.0,0.003,4,r0001|r0010|r0011|r0018,r0001|r0010|r0011|r0018,1,1,0,0,0.6046626318317032,0.6046626318317032,0.0,5.509221828634578,4.906373184698371,5.509221828634579,-8.881784197001252e-16,-1.612166740289443e-16,,r0001|r0010|r0011|r0018,0
20096,0,0.0,cloud_0,1,1.0,0.003,1,r0013,r0013,1,1,0,0,0.006037963609617993,0.006037963609617993,0.0,-0.05579405329954183,-0.061813903018330965,-0.055794053299541825,-6.938893903907228e-18,-1.2436619126153735e-16,,r0013,1
20096,0,0.0,cloud_0,2,1.0,0.003,1,r0013,r0013,1,1,0,0,0.007047077745437038,0.007047077745437038,0.0,-0.05579708064194928,-0.06282301715415001,-0.05579708064194928,0.0,0.0,,r0013,0
20096,0,0.0,cloud_0,4,1.0,0.003,1,r0013,r0013,1,1,0,0,0.00906530601707513,0.00906530601707513,0.0,-0.05580313532676419,-0.06484124542578809,-0.05580313532676419,0.0,0.0,,r0013,0
20096,0,0.0,cloud_0,8,1.0,0.003,1,r0013,r0013,1,1,0,0,0.013101762560351315,0.013101762560351315,0.0,-0.05581524469639402,-0.06887770196906429,-0.055815244696394026,6.938893903907228e-18,1.243189730986796e-16,,r0013,0
20096,1,2210.2120442182577,cloud_0,1,1.0,0.003,1,r0000,r0000,1,1,0,0,0.012570996483073936,0.012570996483073936,0.0,-0.41762169125784776,-0.43015497475147246,-0.41762169125784776,0.0,0.0,,r0000,1
20096,1,2210.2120442182577,cloud_0,2,1.0,0.003,1,r0000,r0000,1,1,0,0,0.021216661769942982,0.021216661769942982,0.0,-0.41764762825370827,-0.43880064003834146,-0.4176476282537083,5.551115123125783e-17,1.3291384285686995e-16,,r0000,0
20096,1,2210.2120442182577,cloud_0,4,1.0,0.003,1,r0000,r0000,1,1,0,0,0.038507992343681074,0.038507992343681074,0.0,-0.41769950224542957,-0.4560919706120796,-0.4176995022454296,5.551115123125783e-17,1.3289733632155704e-16,,r0000,0
20096,1,2210.2120442182577,cloud_0,8,1.0,0.003,1,r0000,r0000,1,1,0,0,0.07309065349115725,0.07309065349115725,0.0,-0.41780325022887194,-0.4906746317595557,-0.41780325022887194,0.0,0.0,,r0000,0
20096,2,11449.003221394622,cloud_0,1,1.0,0.003,1,r0004,r0004,1,1,0,0,0.033655696493331465,0.033655696493331465,0.0,-0.5188812878399311,-0.5524360172437827,-0.5188812878399311,0.0,0.0,,r0004,1
20096,2,11449.003221394622,cloud_0,2,1.0,0.003,1,r0004,r0004,1,1,0,0,0.056802301240980325,0.056802301240980325,0.0,-0.5189507276541742,-0.5755826219914315,-0.5189507276541742,0.0,0.0,,r0004,0
20096,2,11449.003221394622,cloud_0,4,1.0,0.003,1,r0004,r0004,1,1,0,0,0.10309551073627803,0.10309551073627803,0.0,-0.5190896072826601,-0.6218758314867292,-0.5190896072826601,0.0,0.0,,r0004,0
20096,2,11449.003221394622,cloud_0,8,1.0,0.003,1,r0004,r0004,1,1,0,0,0.19568192972687337,0.19568192972687337,0.0,-0.5193673665396319,-0.7144622504773246,-0.5193673665396319,0.0,0.0,,r0004,0
20096,3,24726.57372069283,cloud_0,1,1.0,0.003,4,r0006|r0016|r0018|r0019,r0006|r0016|r0018|r0019,1,1,0,0,0.055874799294821004,0.055874799294821004,0.0,7.145518904472567,7.08981172957563,7.145518904472567,0.0,0.0,,r0006|r0016|r0018|r0019,1
20096,3,24726.57372069283,cloud_0,2,1.0,0.003,4,r0006|r0016|r0018|r0019,r0006|r0016|r0018|r0019,1,1,0,0,0.09442071915987328,0.09442071915987328,0.0,7.0168820573845725,6.922744600382178,7.0168820573845725,0.0,0.0,,r0006|r0016|r0018|r0019,0
20096,3,24726.57372069283,cloud_0,4,1.0,0.003,4,r0006|r0016|r0018|r0019,r0006|r0016|r0018|r0019,1,1,0,0,0.1715125588899779,0.1715125588899779,0.0,6.912496330540782,6.741498309327475,6.912496330540783,-8.881784197001252e-16,-1.2848880885129392e-16,,r0006|r0016|r0018|r0019,0
20096,3,24726.57372069283,cloud_0,8,1.0,0.003,4,r0006|r0016|r0018|r0019,r0006|r0016|r0018|r0019,1,1,0,0,0.325696238350187,0.325696238350187,0.0,6.8286023114919345,6.503883161856798,6.8286023114919345,0.0,0.0,,r0006|r0016|r0018|r0019,0
20096,4,30038.461028610025,cloud_0,1,1.0,0.003,5,r0003|r0005|r0007|r0021|r0022,r0003|r0005|r0007|r0021|r0022,1,1,0,0,0.055106595299914074,0.055106595299914074,0.0,6.568278483840648,6.513337208326633,6.568278483840648,0.0,0.0,,r0003|r0005|r0007|r0021|r0022,1
20096,4,30038.461028610025,cloud_0,2,1.0,0.003,5,r0003|r0005|r0007|r0021|r0022,r0003|r0005|r0007|r0021|r0022,1,1,0,0,0.0999498278976017,0.0999498278976017,0.0,6.45706038443206,6.35741040601815,6.45706038443206,0.0,0.0,,r0003|r0005|r0007|r0021|r0022,0
20096,4,30038.461028610025,cloud_0,4,1.0,0.003,5,r0003|r0005|r0007|r0021|r0022,r0003|r0005|r0007|r0021|r0022,1,1,0,0,0.18963629309297697,0.18963629309297697,0.0,6.369519798560319,6.180452414346621,6.369519798560319,0.0,0.0,,r0003|r0005|r0007|r0021|r0022,0
20096,4,30038.461028610025,cloud_0,8,1.0,0.003,5,r0003|r0005|r0007|r0021|r0022,r0003|r0005|r0007|r0021|r0022,1,1,0,0,0.3690092234837274,0.3690092234837274,0.0,6.287242409238859,5.919340213425583,6.287242409238859,0.0,0.0,,r0003|r0005|r0007|r0021|r0022,0
20097,0,0.0,cloud_0,1,1.0,0.003,1,r0011,r0011,1,1,0,0,0.019240905145015592,0.019240905145015592,0.0,-0.30856889800692644,-0.32775208043650694,-0.3085688980069264,-5.551115123125783e-17,-1.79898724692635e-16,,r0011,1
20097,0,0.0,cloud_0,2,1.0,0.003,1,r0011,r0011,1,1,0,0,0.03174737200230898,0.03174737200230898,0.0,-0.3086064174074983,-0.34025854729380034,-0.3086064174074983,0.0,0.0,,r0011,0
20097,0,0.0,cloud_0,4,1.0,0.003,1,r0011,r0011,1,1,0,0,0.056760305716895755,0.056760305716895755,0.0,-0.3086814562086421,-0.3652714810083872,-0.3086814562086421,0.0,0.0,,r0011,0
20097,0,0.0,cloud_0,8,1.0,0.003,1,r0011,r0011,1,1,0,0,0.10678617314606931,0.10678617314606931,0.0,-0.30883153381092954,-0.4152973484375606,-0.30883153381092954,0.0,0.0,,r0011,0
20097,1,11906.583372869001,cloud_0,1,1.0,0.003,3,r0016|r0020|r0021,r0016|r0020|r0021,1,1,0,0,0.011182021469378987,0.011182021469378987,0.0,6.469205163139942,6.458056687734971,6.469205163139942,0.0,0.0,,r0016|r0020|r0021,1
20097,1,11906.583372869001,cloud_0,2,1.0,0.003,3,r0016|r0020|r0021,r0016|r0020|r0021,1,1,0,0,0.017102197581834507,0.017102197581834507,0.0,6.345107169158556,6.328056278169467,6.345107169158556,0.0,0.0,,r0016|r0020|r0021,0
20097,1,11906.583372869001,cloud_0,4,1.0,0.003,3,r0016|r0020|r0021,r0016|r0020|r0021,1,1,0,0,0.028942549806745543,0.028942549806745543,0.0,6.235522732999355,6.20666701084203,6.235522732999355,0.0,0.0,,r0016|r0020|r0021,0
20097,1,11906.583372869001,cloud_0,8,1.0,0.003,3,r0016|r0020|r0021,r0016|r0020|r0021,1,1,0,0,0.052623254256567616,0.052623254256567616,0.0,6.156636460216372,6.104171075722574,6.156636460216372,0.0,0.0,,r0016|r0020|r0021,0
20097,2,17891.563172329978,cloud_0,1,1.0,0.003,5,r0000|r0005|r0008|r0010|r0017,r0000|r0005|r0008|r0010|r0017,1,1,0,0,0.18758565494104187,0.18758565494104187,0.0,5.724458049489006,5.5374351515127875,5.724458049489006,0.0,0.0,,r0000|r0005|r0008|r0010|r0017,1
20097,2,17891.563172329978,cloud_0,2,1.0,0.003,5,r0000|r0005|r0008|r0010|r0017,r0000|r0005|r0008|r0010|r0017,1,1,0,0,0.3500260226135691,0.3500260226135691,0.0,5.630266571833396,5.281290627287668,5.630266571833396,0.0,0.0,,r0000|r0005|r0008|r0010|r0017,0
20097,2,17891.563172329978,cloud_0,4,1.0,0.003,5,r0000|r0005|r0008|r0010|r0017,r0000|r0005|r0008|r0010|r0017,1,1,0,0,0.6749067579586234,0.6749067579586234,0.0,5.553524682327108,4.880642644642361,5.553524682327108,0.0,0.0,,r0000|r0005|r0008|r0010|r0017,0
20097,2,17891.563172329978,cloud_0,8,1.0,0.003,5,r0000|r0005|r0008|r0010|r0017,r0000|r0005|r0008|r0010|r0017,1,1,0,0,1.3246682286487321,1.3246682286487321,0.0,5.470305570765488,4.149611346802701,5.470305570765487,8.881784197001252e-16,1.6236358430262934e-16,,r0000|r0005|r0008|r0010|r0017,0
20097,3,32330.88351767182,cloud_0,1,1.0,0.003,3,r0002|r0003|r0009,r0002|r0003|r0009,1,1,0,0,0.06758958118698498,0.06758958118698498,0.0,5.345043656326137,5.2776568438827125,5.345043656326136,8.881784197001252e-16,1.6616859969869842e-16,,r0002|r0003|r0009,1
20097,3,32330.88351767182,cloud_0,2,1.0,0.003,3,r0002|r0003|r0009,r0002|r0003|r0009,1,1,0,0,0.12725374088234884,0.12725374088234884,0.0,5.280634391015853,5.153762411356151,5.2806343910158535,-8.881784197001252e-16,-1.6819540114559292e-16,,r0002|r0003|r0009,0
20097,3,32330.88351767182,cloud_0,4,1.0,0.003,3,r0002|r0003|r0009,r0002|r0003|r0009,1,1,0,0,0.24658206027307647,0.24658206027307647,0.0,5.231422956456378,4.985580642364122,5.231422956456379,-8.881784197001252e-16,-1.6977759724129677e-16,,r0002|r0003|r0009,0
20097,3,32330.88351767182,cloud_0,8,1.0,0.003,3,r0002|r0003|r0009,r0002|r0003|r0009,1,1,0,0,0.4852386990545319,0.4852386990545319,0.0,5.179761669911068,4.6959786869536995,5.179761669911068,0.0,0.0,,r0002|r0003|r0009,0
20098,0,0.0,cloud_0,1,1.0,0.003,1,r0017,r0017,1,1,0,0,0.0068719100406822425,0.0068719100406822425,0.0,-0.09516737180619816,-0.10201866611675836,-0.09516737180619816,0.0,0.0,,r0017,1
20098,0,0.0,cloud_0,2,1.0,0.003,1,r0017,r0017,1,1,0,0,0.010830669077398469,0.010830669077398469,0.0,-0.0951792480833083,-0.10597742515347458,-0.09517924808330831,1.3877787807814457e-17,1.4580686533337113e-16,,r0017,0
20098,0,0.0,cloud_0,4,1.0,0.003,1,r0017,r0017,1,1,0,0,0.018748187150830924,0.018748187150830924,0.0,-0.0952030006375286,-0.11389494322690703,-0.0952030006375286,0.0,0.0,,r0017,0
20098,0,0.0,cloud_0,8,1.0,0.003,1,r0017,r0017,1,1,0,0,0.03458322329769583,0.03458322329769583,0.0,-0.09525050574596919,-0.12972997937377195,-0.09525050574596922,2.7755575615628914e-17,2.913955721101614e-16,,r0017,0
20098,1,3247.5388482021167,cloud_0,1,1.0,0.003,1,r0008,r0008,1,1,0,0,0.007304577263105589,0.007304577263105589,0.0,-0.2198868759734374,-0.22716953950475366,-0.2198868759734374,0.0,0.0,,r0008,1
20098,1,3247.5388482021167,cloud_0,2,1.0,0.003,1,r0008,r0008,1,1,0,0,0.012971321365980342,0.012971321365980342,0.0,-0.21990387620574597,-0.23283628360762837,-0.21990387620574597,0.0,0.0,,r0008,0
20098,1,3247.5388482021167,cloud_0,4,1.0,0.003,1,r0008,r0008,1,1,0,0,0.02430480957172985,0.02430480957172985,0.0,-0.2199378766703632,-0.24416977181337787,-0.2199378766703632,0.0,0.0,,r0008,0
20098,1,3247.5388482021167,cloud_0,8,1.0,0.003,1,r0008,r0008,1,1,0,0,0.04697178598322887,0.04697178598322887,0.0,-0.22000587759959772,-0.2668367482248769,-0.22000587759959772,0.0,0.0,,r0008,0
20098,2,11640.563882574448,cloud_0,1,1.0,0.003,3,r0005|r0018|r0023,r0005|r0018|r0023,1,1,0,0,0.009246281169812635,0.009246281169812635,0.0,6.423046869204186,6.413828326877883,6.423046869204186,0.0,0.0,,r0005|r0018|r0023,1
20098,2,11640.563882574448,cloud_0,2,1.0,0.003,3,r0005|r0018|r0023,r0005|r0018|r0023,1,1,0,0,0.017033461994717395,0.017033461994717395,0.0,6.346407774959277,6.3294254133505445,6.346407774959278,-8.881784197001252e-16,-1.3994978753249498e-16,,r0005|r0018|r0023,0
20098,2,11640.563882574448,cloud_0,4,1.0,0.003,3,r0005|r0018|r0023,r0005|r0018|r0023,1,1,0,0,0.03260782364452693,0.03260782364452693,0.0,6.292252048418894,6.259742048245301,6.292252048418894,0.0,0.0,,r0005|r0018|r0023,0
20098,2,11640.563882574448,cloud_0,8,1.0,0.003,3,r0005|r0018|r0023,r0005|r0018|r0023,1,1,0,0,0.063756546944146,0.063756546944146,0.0,6.245598687885632,6.182033410582318,6.245598687885631,8.881784197001252e-16,1.4220869192618693e-16,,r0005|r0018|r0023,0
20098,3,14614.416866787778,cloud_0,1,1.0,0.003,6,r0002|r0003|r0004|r0006|r0019|r0022,r0002|r0003|r0004|r0006|r0019|r0022,1,1,0,0,0.05063314467976723,0.05063314467976723,0.0,5.827239870768291,5.776758625522563,5.827239870768291,0.0,0.0,,r0002|r0003|r0004|r0006|r0019|r0022,1
20098,3,14614.416866787778,cloud_0,2,1.0,0.003,6,r0002|r0003|r0004|r0006|r0019|r0022,r0002|r0003|r0004|r0006|r0019|r0022,1,1,0,0,0.09771454117422308,0.09771454117422308,0.0,5.769344754186695,5.671923356635995,5.769344754186696,-8.881784197001252e-16,-1.5394788447259844e-16,,r0002|r0003|r0004|r0006|r0019|r0022,0
20098,3,14614.416866787778,cloud_0,4,1.0,0.003,6,r0002|r0003|r0004|r0006|r0019|r0022,r0002|r0003|r0004|r0006|r0019|r0022,1,1,0,0,0.1918773341631348,0.1918773341631348,0.0,5.727936303966564,5.536634601805917,5.727936303966563,8.881784197001252e-16,1.5506080594595067e-16,,r0002|r0003|r0004|r0006|r0019|r0022,0
20098,3,14614.416866787778,cloud_0,8,1.0,0.003,6,r0002|r0003|r0004|r0006|r0019|r0022,r0002|r0003|r0004|r0006|r0019|r0022,1,1,0,0,0.38020292014095824,0.38020292014095824,0.0,5.687565684957333,5.308503373576797,5.687565684957333,0.0,0.0,,r0002|r0003|r0004|r0006|r0019|r0022,0
20098,4,25269.906740890736,cloud_0,1,1.0,0.003,1,r0007,r0007,1,1,0,0,0.014870888279692912,0.014870888279692912,0.0,-0.09527277013828306,-0.11009904575313689,-0.09527277013828306,0.0,0.0,,r0007,1
20098,4,25269.906740890736,cloud_0,2,1.0,0.003,1,r0007,r0007,1,1,0,0,0.027637541968027084,0.027637541968027084,0.0,-0.09531107009934807,-0.12286569944147108,-0.09531107009934808,1.3877787807814457e-17,1.4560520402665565e-16,,r0007,0
20098,4,25269.906740890736,cloud_0,4,1.0,0.003,1,r0007,r0007,1,1,0,0,0.05317084934469543,0.05317084934469543,0.0,-0.09538767002147808,-0.14839900681813942,-0.09538767002147808,0.0,0.0,,r0007,0
20098,4,25269.906740890736,cloud_0,8,1.0,0.003,1,r0007,r0007,1,1,0,0,0.10423746409803214,0.10423746409803214,0.0,-0.09554086986573808,-0.19946562157147613,-0.09554086986573808,0.0,0.0,,r0007,0
20099,0,0.0,edge_1,1,1.0,0.003,1,r0016,r0016,1,1,0,0,0.029579613460429907,0.029579613460429907,0.0,-0.1366899825714315,-0.16618085719148012,-0.1366899825714315,0.0,0.0,,r0016,0
20099,0,0.0,edge_4,1,1.0,0.003,1,r0016,r0016,1,1,0,0,0.04302003682760011,0.04302003682760011,0.0,-0.13536785669356882,-0.17825883341068616,-0.13536785669356885,2.7755575615628914e-17,2.0503815524285792e-16,,r0016,0
20099,0,0.0,edge_5,1,1.0,0.003,1,r0016,r0016,1,1,0,0,0.04652253597352015,0.04652253597352015,0.0,-0.1373471785942588,-0.18373014695985837,-0.13734717859425877,-2.7755575615628914e-17,-2.0208333290647672e-16,,r0016,0
20099,0,0.0,cloud_0,1,1.0,0.003,1,r0016,r0016,1,1,0,0,0.018848841688953528,0.018848841688953528,0.0,-0.11930198557999011,-0.13809428074387678,-0.11930198557999011,0.0,0.0,,r0016,1
20099,0,0.0,edge_1,2,1.0,0.003,1,r0016,r0016,1,1,0,0,0.04881800147427461,0.04881800147427461,0.0,-0.13680551183546943,-0.1854770593053212,-0.13680551183546943,0.0,0.0,,r0016,0
20099,0,0.0,edge_4,2,1.0,0.003,1,r0016,r0016,1,1,0,0,0.07882795916128897,0.07882795916128897,0.0,-0.13566161564964843,-0.21425309093345354,-0.13566161564964846,2.7755575615628914e-17,2.0459416971200458e-16,,r0016,0
20099,0,0.0,edge_5,2,1.0,0.003,1,r0016,r0016,1,1,0,0,0.08079235658191879,0.08079235658191879,0.0,-0.13759537801344657,-0.21814535752561962,-0.13759537801344657,0.0,0.0,,r0016,0
20099,0,0.0,cloud_0,2,1.0,0.003,1,r0016,r0016,1,1,0,0,0.03178691139202063,0.03178691139202063,0.0,-0.11934079978909931,-0.15103235044694388,-0.11934079978909931,0.0,0.0,,r0016,0
20099,0,0.0,edge_1,4,1.0,0.003,1,r0016,r0016,1,1,0,0,0.08729477750196402,0.08729477750196402,0.0,-0.13703657036354527,-0.2240694635330034,-0.13703657036354527,0.0,0.0,,r0016,0
20099,0,0.0,edge_4,4,1.0,0.003,1,r0016,r0016,1,1,0,0,0.1504438038286667,0.1504438038286667,0.0,-0.13624913356180762,-0.28624160597898834,-0.13624913356180765,2.7755575615628914e-17,2.03711942160997e-16,,r0016,0
20099,0,0.0,edge_5,4,1.0,0.003,1,r0016,r0016,1,1,0,0,0.14933199779871603,0.14933199779871603,0.0,-0.13809177685182217,-0.286975778657142,-0.13809177685182214,-2.7755575615628914e-17,-2.0099368875100884e-16,,r0016,0
20099,0,0.0,cloud_0,4,1.0,0.003,1,r0016,r0016,1,1,0,0,0.057663050798154834,0.057663050798154834,0.0,-0.11941842820731771,-0.17690848985307808,-0.11941842820731771,0.0,0.0,,r0016,0
20099,0,0.0,edge_1,8,1.0,0.003,1,r0016,r0016,1,1,0,0,0.1642483295573428,0.1642483295573428,0.0,-0.13749868741969698,-0.30125427198836774,-0.13749868741969695,-2.7755575615628914e-17,-2.0186065871966183e-16,,r0016,0
20099,0,0.0,edge_4,8,1.0,0.003,1,r0016,r0016,1,1,0,0,0.2936754931634221,0.2936754931634221,0.0,-0.13742416938612606,-0.4302186360700579,-0.13742416938612606,0.0,0.0,,r0016,0
20099,0,0.0,edge_5,8,1.0,0.003,1,r0016,r0016,1,1,0,0,0.28641128023231055,0.28641128023231055,0.0,-0.1390845745285733,-0.4246366209201869,-0.13908457452857326,-5.551115123125783e-17,-3.9911795696548436e-16,,r0016,0
20099,0,0.0,cloud_0,8,1.0,0.003,1,r0016,r0016,1,1,0,0,0.10941532961042325,0.10941532961042325,0.0,-0.11957368504375451,-0.22866076866534651,-0.11957368504375454,2.7755575615628914e-17,2.3212110261110175e-16,,r0016,0
20099,1,1713.2933438297823,edge_1,1,1.0,0.003,1,r0013,r0013,1,1,0,0,0.02974471602288151,0.02974471602288151,0.0,-0.2348840550622558,-0.26453953693706866,-0.2348840550622558,0.0,0.0,,r0013,0
20099,1,1713.2933438297823,edge_4,1,1.0,0.003,1,r0013,r0013,1,1,0,0,0.02211117315451047,0.02211117315451047,0.0,-0.21932330505043018,-0.24136814468547713,-0.21932330505043018,0.0,0.0,,r0013,0
20099,1,1713.2933438297823,edge_5,1,1.0,0.003,1,r0013,r0013,1,1,0,0,0.028850558692476987,0.028850558692476987,0.0,-0.2415170581704225,-0.27028106518682204,-0.2415170581704225,0.0,0.0,,r0013,0
20099,1,1713.2933438297823,cloud_0,1,1.0,0.003,1,r0013,r0013,1,1,0,0,0.017486194523316054,0.017486194523316054,0.0,-0.0401882173302492,-0.05762195326999531,-0.0401882173302492,0.0,0.0,,r0013,1
20099,1,1713.2933438297823,edge_1,2,1.0,0.003,1,r0013,r0013,1,1,0,0,0.036215673940317286,0.036215673940317286,0.0,-0.23544063586027297,-0.2715476627787693,-0.23544063586027297,0.0,0.0,,r0013,0
20099,1,1713.2933438297823,edge_4,2,1.0,0.003,1,r0013,r0013,1,1,0,0,0.03152958913245159,0.03152958913245159,0.0,-0.2210828557218171,-0.25251785608687133,-0.2210828557218171,0.0,0.0,,r0013,0
20099,1,1713.2933438297823,edge_5,2,1.0,0.003,1,r0013,r0013,1,1,0,0,0.03735528489406878,0.03735528489406878,0.0,-0.24289343349899403,-0.2801366525383806,-0.24289343349899403,0.0,0.0,,r0013,0
20099,1,1713.2933438297823,cloud_0,2,1.0,0.003,1,r0013,r0013,1,1,0,0,0.02179651903120818,0.02179651903120818,0.0,-0.04020114830377288,-0.06193227777788743,-0.040201148303772874,-6.938893903907228e-18,-1.7260437068798885e-16,,r0013,0
20099,1,1713.2933438297823,edge_1,4,1.0,0.003,1,r0013,r0013,1,1,0,0,0.04915758977518883,0.04915758977518883,0.0,-0.23655379745630722,-0.2855639144621705,-0.23655379745630722,0.0,0.0,,r0013,0
20099,1,1713.2933438297823,edge_4,4,1.0,0.003,1,r0013,r0013,1,1,0,0,0.05036642108833382,0.05036642108833382,0.0,-0.22460195706459102,-0.27481727888965984,-0.22460195706459102,0.0,0.0,,r0013,0
20099,1,1713.2933438297823,edge_5,4,1.0,0.003,1,r0013,r0013,1,1,0,0,0.05436473729725236,0.05436473729725236,0.0,-0.24564618415613704,-0.2998478272414976,-0.245646184156137,-2.7755575615628914e-17,-1.1299005401194013e-16,,r0013,0
20099,1,1713.2933438297823,cloud_0,4,1.0,0.003,1,r0013,r0013,1,1,0,0,0.03041716804699244,0.03041716804699244,0.0,-0.04022701025082023,-0.0705529267936717,-0.04022701025082023,0.0,0.0,,r0013,0
20099,1,1713.2933438297823,edge_1,8,1.0,0.003,1,r0013,r0013,1,1,0,0,0.07504142144493194,0.07504142144493194,0.0,-0.23878012064837575,-0.3135964178289729,-0.23878012064837578,2.7755575615628914e-17,1.1623905516197214e-16,,r0013,0
20099,1,1713.2933438297823,edge_4,8,1.0,0.003,1,r0013,r0013,1,1,0,0,0.08804008500009826,0.08804008500009826,0.0,-0.23164015975013882,-0.31941612449523676,-0.2316401597501388,-2.7755575615628914e-17,-1.1982194989663177e-16,,r0013,0
20099,1,1713.2933438297823,edge_5,8,1.0,0.003,1,r0013,r0013,1,1,0,0,0.08838364210361951,0.08838364210361951,0.0,-0.251151685470423,-0.3392701766477316,-0.251151685470423,0.0,0.0,,r0013,0
20099,1,1713.2933438297823,cloud_0,8,1.0,0.003,1,r0013,r0013,1,1,0,0,0.04765846607856096,0.04765846607856096,0.0,-0.040278734144914924,-0.0877942248252402,-0.040278734144914924,0.0,0.0,,r0013,0
20099,2,4627.047059698485,edge_1,1,1.0,0.003,2,r0000|r0005,r0000|r0005,1,1,0,0,0.012458380533312035,0.012458380533312035,0.0,5.654566923081887,5.642145917690175,5.6545669230818865,8.881784197001252e-16,1.5707275761024058e-16,,r0000|r0005,0
20099,2,4627.047059698485,edge_4,1,1.0,0.003,2,r0000|r0005,r0000|r0005,1,1,0,0,0.009056008972308963,0.009056008972308963,0.0,5.60420047840318,5.595171637457788,5.60420047840318,0.0,0.0,,r0000|r0005,0
20099,2,4627.047059698485,edge_5,1,1.0,0.003,2,r0000|r0005,r0000|r0005,1,1,0,0,0.014753585024757394,0.014753585024757394,0.0,5.616354554222936,5.601645229953253,5.616354554222936,0.0,0.0,,r0000|r0005,0
20099,2,4627.047059698485,cloud_0,1,1.0,0.003,2,r0000|r0005,r0000|r0005,1,1,0,0,0.007509351665327964,0.007509351665327964,0.0,5.959716478058507,5.952229654448175,5.959716478058507,0.0,0.0,,r0000|r0005,1
20099,2,4627.047059698485,edge_1,2,1.0,0.003,2,r0000|r0005,r0000|r0005,1,1,0,0,0.014045860417225416,0.014045860417225416,0.0,5.6044911601227625,5.5904874372867885,5.6044911601227625,0.0,0.0,,r0000|r0005,0
20099,2,4627.047059698485,edge_4,2,1.0,0.003,2,r0000|r0005,r0000|r0005,1,1,0,0,0.011595632348300914,0.011595632348300914,0.0,5.515523554190337,5.503962708739081,5.515523554190337,0.0,0.0,,r0000|r0005,0
20099,2,4627.047059698485,edge_5,2,1.0,0.003,2,r0000|r0005,r0000|r0005,1,1,0,0,0.017409565614084688,0.017409565614084688,0.0,5.549510469193254,5.532153132276011,5.549510469193253,8.881784197001252e-16,1.6004626437424165e-16,,r0000|r0005,0
20099,2,4627.047059698485,cloud_0,2,1.0,0.003,2,r0000|r0005,r0000|r0005,1,1,0,0,0.00861041727997745,0.00861041727997745,0.0,5.90501791467883,5.896433328650693,5.905017914678831,-8.881784197001252e-16,-1.5041079172550358e-16,,r0000|r0005,0
20099,2,4627.047059698485,edge_1,4,1.0,0.003,2,r0000|r0005,r0000|r0005,1,1,0,0,0.017220820185052183,0.017220820185052183,0.0,5.526888765465392,5.509719607740895,5.526888765465393,-8.881784197001252e-16,-1.607013380203855e-16,,r0000|r0005,0
20099,2,4627.047059698485,edge_4,4,1.0,0.003,2,r0000|r0005,r0000|r0005,1,1,0,0,0.016674879100284812,0.016674879100284812,0.0,5.407258827761319,5.390633973298335,5.407258827761319,0.0,0.0,,r0000|r0005,0
20099,2,4627.047059698485,edge_5,4,1.0,0.003,2,r0000|r0005,r0000|r0005,1,1,0,0,0.022721526792739265,0.022721526792739265,0.0,5.454175767861376,5.431522405649014,5.454175767861376,0.0,0.0,,r0000|r0005,0
20099,2,4627.047059698485,cloud_0,4,1.0,0.003,2,r0000|r0005,r0000|r0005,1,1,0,0,0.010812548509276421,0.010812548509276421,0.0,5.82377131743666,5.812991206572911,5.82377131743666,0.0,0.0,,r0000|r0005,0
20099,2,4627.047059698485,edge_1,8,1.0,0.003,2,r0000|r0005,r0000|r0005,1,1,0,0,0.023570739720705704,0.023570739720705704,0.0,5.424392836359581,5.400892808858037,5.424392836359581,0.0,0.0,,r0000|r0005,0
20099,2,4627.047059698485,edge_4,8,1.0,0.003,2,r0000|r0005,r0000|r0005,1,1,0,0,0.02683337260425262,0.02683337260425262,0.0,5.29609063902756,5.26933776654112,5.296090639027559,8.881784197001252e-16,1.677045353331052e-16,,r0000|r0005,0
20099,2,4627.047059698485,edge_5,8,1.0,0.003,2,r0000|r0005,r0000|r0005,1,1,0,0,0.03334544915004844,0.03334544915004844,0.0,5.339557783808961,5.306312371006363,5.339557783808961,0.0,0.0,,r0000|r0005,0
20099,2,4627.047059698485,cloud_0,8,1.0,0.003,2,r0000|r0005,r0000|r0005,1,1,0,0,0.015216810967874368,0.015216810967874368,0.0,5.723077060323781,5.70790589978881,5.723077060323781,0.0,0.0,,r0000|r0005,0
20099,3,10163.13468733718,edge_1,1,1.0,0.003,1,r0009,r0009,1,1,0,0,0.014360824260228899,0.014360824260228899,0.0,-0.8272583659286508,-0.841576107716099,-0.8272583659286508,0.0,0.0,,r0009,0
20099,3,10163.13468733718,edge_4,1,1.0,0.003,1,r0009,r0009,1,1,0,0,0.01694313217187032,0.01694313217187032,0.0,-0.7669131123105026,-0.7838054150858573,-0.7669131123105026,0.0,0.0,,r0009,0
20099,3,10163.13468733718,edge_5,1,1.0,0.003,1,r0009,r0009,1,1,0,0,0.02056577433035869,0.02056577433035869,0.0,-0.8536809458478264,-0.8741850228551941,-0.8536809458478265,1.1102230246251565e-16,1.3005128321360708e-16,,r0009,0
20099,3,10163.13468733718,cloud_0,1,1.0,0.003,1,r0009,r0009,1,1,0,0,0.00880909514497989,0.00880909514497989,0.0,-0.06376863740020713,-0.07255130525975209,-0.06376863740020713,0.0,0.0,,r0009,1
20099,3,10163.13468733718,edge_1,2,1.0,0.003,1,r0009,r0009,1,1,0,0,0.020313163580925997,0.020313163580925997,0.0,-0.8296377109379655,-0.8498899350281487,-0.8296377109379655,0.0,0.0,,r0009,0
20099,3,10163.13468733718,edge_4,2,1.0,0.003,1,r0009,r0009,1,1,0,0,0.028022069967796846,0.028022069967796846,0.0,-0.7745574390033986,-0.802495442761292,-0.7745574390033986,0.0,0.0,,r0009,0
20099,3,10163.13468733718,edge_5,2,1.0,0.003,1,r0009,r0009,1,1,0,0,0.031168824886039902,0.031168824886039902,0.0,-0.8596513865512512,-0.8907267049626328,-0.8596513865512511,-1.1102230246251565e-16,-1.2914805257037373e-16,,r0009,0
20099,3,10163.13468733718,cloud_0,2,1.0,0.003,1,r0009,r0009,1,1,0,0,0.01281212185241845,0.01281212185241845,0.0,-0.0637806464803294,-0.0765543319671906,-0.0637806464803294,0.0,0.0,,r0009,0
20099,3,10163.13468733718,edge_1,4,1.0,0.003,1,r0009,r0009,1,1,0,0,0.03221784222232019,0.03221784222232019,0.0,-0.8343964009565953,-0.8665175896522486,-0.8343964009565954,1.1102230246251565e-16,1.3305702461711714e-16,,r0009,0
20099,3,10163.13468733718,edge_4,4,1.0,0.003,1,r0009,r0009,1,1,0,0,0.0501799455596499,0.0501799455596499,0.0,-0.7898460923891905,-0.8398754981121614,-0.7898460923891905,0.0,0.0,,r0009,0
20099,3,10163.13468733718,edge_5,4,1.0,0.003,1,r0009,r0009,1,1,0,0,0.05237492599740233,0.05237492599740233,0.0,-0.8715922679581007,-0.9238100691775109,-0.8715922679581007,0.0,0.0,,r0009,0
20099,3,10163.13468733718,cloud_0,4,1.0,0.003,1,r0009,r0009,1,1,0,0,0.02081817526729556,0.02081817526729556,0.0,-0.06380466464057409,-0.08456038538206775,-0.06380466464057408,-1.3877787807814457e-17,-2.1750428257857213e-16,,r0009,0
20099,3,10163.13468733718,edge_1,8,1.0,0.003,1,r0009,r0009,1,1,0,0,0.056027199505108566,0.056027199505108566,0.0,-0.8439137809938544,-0.8997728989004476,-0.8439137809938544,0.0,0.0,,r0009,0
20099,3,10163.13468733718,edge_4,8,1.0,0.003,1,r0009,r0009,1,1,0,0,0.09449569674335602,0.09449569674335602,0.0,-0.8204233991607743,-0.9146356088139003,-0.8204233991607743,0.0,0.0,,r0009,0
20099,3,10163.13468733718,edge_5,8,1.0,0.003,1,r0009,r0009,1,1,0,0,0.09478712822012718,0.09478712822012718,0.0,-0.8954740307717999,-0.9899767976072666,-0.8954740307717999,0.0,0.0,,r0009,0
20099,3,10163.13468733718,cloud_0,8,1.0,0.003,1,r0009,r0009,1,1,0,0,0.036830282097049784,0.036830282097049784,0.0,-0.0638527009610633,-0.10057249221182193,-0.0638527009610633,0.0,0.0,,r0009,0
20099,4,20318.750257936168,edge_1,1,1.0,0.003,3,r0011|r0017|r0021,r0011|r0017|r0021,1,1,0,0,0.017256508650094652,0.017256508650094652,0.0,6.779924070500507,6.7627193313763625,6.779924070500507,0.0,0.0,,r0011|r0017|r0021,0
20099,4,20318.750257936168,edge_4,1,1.0,0.003,3,r0011|r0017|r0021,r0011|r0017|r0021,1,1,0,0,0.015410819418637917,0.015410819418637917,0.0,6.659957694505727,6.6445931075453455,6.659957694505727,0.0,0.0,,r0011|r0017|r0021,0
20099,4,20318.750257936168,edge_5,1,1.0,0.003,3,r0011|r0017|r0021,r0011|r0017|r0021,1,1,0,0,0.02252176930700213,0.02252176930700213,0.0,6.705008661801661,6.6825544578025795,6.705008661801661,0.0,0.0,,r0011|r0017|r0021,0
20099,4,20318.750257936168,cloud_0,1,1.0,0.003,3,r0011|r0017|r0021,r0011|r0017|r0021,1,1,0,0,0.009983038028979966,0.009983038028979966,0.0,7.181360061633837,7.171406972718945,7.181360061633837,0.0,0.0,,r0011|r0017|r0021,1
20099,4,20318.750257936168,edge_1,2,1.0,0.003,3,r0011|r0017|r0021,r0011|r0017|r0021,1,1,0,0,0.022436048355427857,0.022436048355427857,0.0,6.676282440586935,6.653913700376574,6.676282440586935,0.0,0.0,,r0011|r0017|r0021,0
20099,4,20318.750257936168,edge_4,2,1.0,0.003,3,r0011|r0017|r0021,r0011|r0017|r0021,1,1,0,0,0.023635761544202553,0.023635761544202553,0.0,6.529456787954231,6.505891933694661,6.529456787954231,0.0,0.0,,r0011|r0017|r0021,0
20099,4,20318.750257936168,edge_5,2,1.0,0.003,3,r0011|r0017|r0021,r0011|r0017|r0021,1,1,0,0,0.03135071744902548,0.03135071744902548,0.0,6.5835927334953785,6.5523360681987,6.5835927334953785,0.0,0.0,,r0011|r0017|r0021,0
20099,4,20318.750257936168,cloud_0,2,1.0,0.003,3,r0011|r0017|r0021,r0011|r0017|r0021,1,1,0,0,0.013331139432014444,0.013331139432014444,0.0,7.07277771609558,7.0594865700818605,7.072777716095579,8.881784197001252e-16,1.2557703003713664e-16,,r0011|r0017|r0021,0
20099,4,20318.750257936168,edge_1,4,1.0,0.003,3,r0011|r0017|r0021,r0011|r0017|r0021,1,1,0,0,0.03279512776609426,0.03279512776609426,0.0,6.548874652210414,6.5161779098276185,6.548874652210414,0.0,0.0,,r0011|r0017|r0021,0
20099,4,20318.750257936168,edge_4,4,1.0,0.003,3,r0011|r0017|r0021,r0011|r0017|r0021,1,1,0,0,0.040085645795331824,0.040085645795331824,0.0,6.407625499670577,6.367660110812632,6.407625499670577,0.0,0.0,,r0011|r0017|r0021,0
20099,4,20318.750257936168,edge_5,4,1.0,0.003,3,r0011|r0017|r0021,r0011|r0017|r0021,1,1,0,0,0.04900861373307217,0.04900861373307217,0.0,6.449774132621096,6.400912544729223,6.449774132621096,0.0,0.0,,r0011|r0017|r0021,0
20099,4,20318.750257936168,cloud_0,4,1.0,0.003,3,r0011|r0017|r0021,r0011|r0017|r0021,1,1,0,0,0.020027342238083397,0.020027342238083397,0.0,6.947257177778095,6.927289917566726,6.947257177778095,0.0,0.0,,r0011|r0017|r0021,0
20099,4,20318.750257936168,edge_1,8,1.0,0.003,3,r0011|r0017|r0021,r0011|r0017|r0021,1,1,0,0,0.053513286587427066,0.053513286587427066,0.0,6.420702370306788,6.367349623579123,6.420702370306788,0.0,0.0,,r0011|r0017|r0021,0
20099,4,20318.750257936168,edge_4,8,1.0,0.003,3,r0011|r0017|r0021,r0011|r0017|r0021,1,1,0,0,0.07298541429759035,0.07298541429759035,0.0,6.303773036747797,6.2310065786930995,6.303773036747797,0.0,0.0,,r0011|r0017|r0021,0
20099,4,20318.750257936168,edge_5,8,1.0,0.003,3,r0011|r0017|r0021,r0011|r0017|r0021,1,1,0,0,0.08432440630116554,0.08432440630116554,0.0,6.324475185240823,6.240403752158561,6.324475185240823,0.0,0.0,,r0011|r0017|r0021,0
20099,4,20318.750257936168,cloud_0,8,1.0,0.003,3,r0011|r0017|r0021,r0011|r0017|r0021,1,1,0,0,0.03341974785022131,0.03341974785022131,0.0,6.830715392784391,6.797395904177721,6.830715392784391,0.0,0.0,,r0011|r0017|r0021,0
20099,5,24684.727394597227,edge_1,1,1.0,0.003,4,r0001|r0007|r0015|r0022,r0001|r0007|r0015|r0022,1,1,0,0,0.16135313212012023,0.16135313212012023,0.0,5.771302251446214,5.610433178722454,5.7713022514462144,-8.881784197001252e-16,-1.5389566877693143e-16,,r0001|r0007|r0015|r0022,0
20099,5,24684.727394597227,edge_4,1,1.0,0.003,4,r0001|r0007|r0015|r0022,r0001|r0007|r0015|r0022,1,1,0,0,0.24104512720226817,0.24104512720226817,0.0,5.6465289977859685,5.406207005965308,5.6465289977859685,0.0,0.0,,r0001|r0007|r0015|r0022,0
20099,5,24684.727394597227,edge_5,1,1.0,0.003,4,r0001|r0007|r0015|r0022,r0001|r0007|r0015|r0022,1,1,0,0,0.24852376699802964,0.24852376699802964,0.0,5.67818934118833,5.430411145491294,5.67818934118833,0.0,0.0,,r0001|r0007|r0015|r0022,0
20099,5,24684.727394597227,cloud_0,1,1.0,0.003,4,r0001|r0007|r0015|r0022,r0001|r0007|r0015|r0022,1,1,0,0,0.11763028176153283,0.11763028176153283,0.0,6.115198653754322,5.997921262838074,6.115198653754322,0.0,0.0,,r0001|r0007|r0015|r0022,1
20099,5,24684.727394597227,edge_1,2,1.0,0.003,4,r0001|r0007|r0015|r0022,r0001|r0007|r0015|r0022,1,1,0,0,0.28513501678959846,0.28513501678959846,0.0,5.648388122053849,5.36410851031462,5.648388122053849,0.0,0.0,,r0001|r0007|r0015|r0022,0
20099,5,24684.727394597227,edge_4,2,1.0,0.003,4,r0001|r0007|r0015|r0022,r0001|r0007|r0015|r0022,1,1,0,0,0.45747542937428926,0.45747542937428926,0.0,5.556635099808467,5.100532096722301,5.556635099808467,0.0,0.0,,r0001|r0007|r0015|r0022,0
20099,5,24684.727394597227,edge_5,2,1.0,0.003,4,r0001|r0007|r0015|r0022,r0001|r0007|r0015|r0022,1,1,0,0,0.4553011594187861,0.4553011594187861,0.0,5.564364367130652,5.110429111190123,5.564364367130652,0.0,0.0,,r0001|r0007|r0015|r0022,0
20099,5,24684.727394597227,cloud_0,2,1.0,0.003,4,r0001|r0007|r0015|r0022,r0001|r0007|r0015|r0022,1,1,0,0,0.2111382685391416,0.2111382685391416,0.0,6.005694808324912,5.795189954591388,6.005694808324912,0.0,0.0,,r0001|r0007|r0015|r0022,0
20099,5,24684.727394597227,edge_1,4,1.0,0.003,4,r0001|r0007|r0015|r0022,r0001|r0007|r0015|r0022,1,1,0,0,0.5326987861285548,0.5326987861285548,0.0,5.53971058844822,5.008609898678051,5.53971058844822,0.0,0.0,,r0001|r0007|r0015|r0022,0
20099,5,24684.727394597227,edge_4,4,1.0,0.003,4,r0001|r0007|r0015|r0022,r0001|r0007|r0015|r0022,1,1,0,0,0.8903360337183317,0.8903360337183317,0.0,5.442354077655239,4.554689052038062,5.442354077655239,0.0,0.0,,r0001|r0007|r0015|r0022,0
20099,5,24684.727394597227,edge_5,4,1.0,0.003,4,r0001|r0007|r0015|r0022,r0001|r0007|r0015|r0022,1,1,0,0,0.8688559442602992,0.8688559442602992,0.0,5.435795557553993,4.569546181126474,5.435795557553992,8.881784197001252e-16,1.6339437535796307e-16,,r0001|r0007|r0015|r0022,0
20099,5,24684.727394597227,cloud_0,4,1.0,0.003,4,r0001|r0007|r0015|r0022,r0001|r0007|r0015|r0022,1,1,0,0,0.39815424209435896,0.39815424209435896,0.0,5.919159878824151,5.522200099456075,5.919159878824151,0.0,0.0,,r0001|r0007|r0015|r0022,0
20099,5,24684.727394597227,edge_1,8,1.0,0.003,4,r0001|r0007|r0015|r0022,r0001|r0007|r0015|r0022,1,1,0,0,1.027826324806468,1.027826324806468,0.0,5.405169998361232,4.380427152529183,5.405169998361232,0.0,0.0,,r0001|r0007|r0015|r0022,0
20099,5,24684.727394597227,edge_4,8,1.0,0.003,4,r0001|r0007|r0015|r0022,r0001|r0007|r0015|r0022,1,1,0,0,1.7560572424064165,1.7560572424064165,0.0,5.255407204485594,3.5046181338063964,5.255407204485594,0.0,0.0,,r0001|r0007|r0015|r0022,0
20099,5,24684.727394597227,edge_5,8,1.0,0.003,4,r0001|r0007|r0015|r0022,r0001|r0007|r0015|r0022,1,1,0,0,1.6959655139433254,1.6959655139433254,0.0,5.255708667452657,3.564831050051161,5.255708667452656,8.881784197001252e-16,1.6899308464344707e-16,,r0001|r0007|r0015|r0022,0
20099,5,24684.727394597227,cloud_0,8,1.0,0.003,4,r0001|r0007|r0015|r0022,r0001|r0007|r0015|r0022,1,1,0,0,0.772186189204794,0.772186189204794,0.0,5.837373686044796,5.067504055407616,5.837373686044796,0.0,0.0,,r0001|r0007|r0015|r0022,0
20100,0,0.0,edge_5,1,1.0,0.003,1,r0013,r0013,1,1,0,0,0.008766699316020185,0.008766699316020185,0.0,-0.23421293558979597,-0.2429533348078681,-0.23421293558979597,0.0,0.0,,r0013,0
20100,0,0.0,cloud_0,1,1.0,0.003,1,r0013,r0013,1,1,0,0,0.0054424097104648775,0.0054424097104648775,0.0,-0.08610041792289268,-0.09152650040422616,-0.08610041792289268,0.0,0.0,,r0013,1
20100,0,0.0,edge_5,2,1.0,0.003,1,r0013,r0013,1,1,0,0,0.011703742374235274,0.011703742374235274,0.0,-0.23508045727079183,-0.24674908841790438,-0.23508045727079183,0.0,0.0,,r0013,0
20100,0,0.0,cloud_0,2,1.0,0.003,1,r0013,r0013,1,1,0,0,0.007140845420800011,0.007140845420800011,0.0,-0.08610551323002368,-0.09322493611456129,-0.08610551323002368,0.0,0.0,,r0013,0
20100,0,0.0,edge_5,4,1.0,0.003,1,r0013,r0013,1,1,0,0,0.017577828490665456,0.017577828490665456,0.0,-0.2368155006327835,-0.25434059563797695,-0.2368155006327835,0.0,0.0,,r0013,0
20100,0,0.0,cloud_0,4,1.0,0.003,1,r0013,r0013,1,1,0,0,0.01053771684147028,0.01053771684147028,0.0,-0.08611570384428568,-0.09662180753523156,-0.08611570384428568,0.0,0.0,,r0013,0
20100,0,0.0,edge_5,8,1.0,0.003,1,r0013,r0013,1,1,0,0,0.029326000723525814,0.029326000723525814,0.0,-0.24028558735676686,-0.2695236100781221,-0.24028558735676686,0.0,0.0,,r0013,0
20100,0,0.0,cloud_0,8,1.0,0.003,1,r0013,r0013,1,1,0,0,0.01733145968281082,0.01733145968281082,0.0,-0.0861360850728097,-0.1034155503765721,-0.08613608507280972,1.3877787807814457e-17,1.6111468028856597e-16,,r0013,0
20100,1,2558.86678609824,edge_5,1,1.0,0.003,1,r0022,r0022,1,1,0,0,0.025956053333025333,0.025956053333025333,0.0,-1.0589966683462508,-1.084874853519277,-1.0589966683462506,-2.220446049250313e-16,-2.0967450754286164e-16,,r0022,0
20100,1,2558.86678609824,cloud_0,1,1.0,0.003,1,r0022,r0022,1,1,0,0,0.014092669813275473,0.014092669813275473,0.0,-0.24287984725701914,-0.25693023906085477,-0.2428798472570191,-2.7755575615628914e-17,-1.1427698069266958e-16,,r0022,1
20100,1,2558.86678609824,edge_5,2,1.0,0.003,1,r0022,r0022,1,1,0,0,0.040541487343724675,0.040541487343724675,0.0,-1.0643716546754194,-1.104791517557113,-1.0643716546754196,2.220446049250313e-16,2.086156691130072e-16,,r0022,0
20100,1,2558.86678609824,cloud_0,2,1.0,0.003,1,r0022,r0022,1,1,0,0,0.02164583522399019,0.02164583522399019,0.0,-0.24290250675325126,-0.2644834044715695,-0.24290250675325126,0.0,0.0,,r0022,0
20100,1,2558.86678609824,edge_5,4,1.0,0.003,1,r0022,r0022,1,1,0,0,0.06971235536512335,0.06971235536512335,0.0,-1.0751216273337567,-1.1446248456327848,-1.0751216273337567,0.0,0.0,,r0022,0
20100,1,2558.86678609824,cloud_0,4,1.0,0.003,1,r0022,r0022,1,1,0,0,0.03675216604541963,0.03675216604541963,0.0,-0.24294782574571555,-0.2795897352929989,-0.24294782574571555,0.0,0.0,,r0022,0
20100,1,2558.86678609824,edge_5,8,1.0,0.003,1,r0022,r0022,1,1,0,0,0.1280540914079207,0.1280540914079207,0.0,-1.0966215726504316,-1.2242915017841285,-1.0966215726504316,0.0,0.0,,r0022,0
20100,1,2558.86678609824,cloud_0,8,1.0,0.003,1,r0022,r0022,1,1,0,0,0.06696482768827851,0.06696482768827851,0.0,-0.2430384637306441,-0.30980239693585776,-0.24303846373064408,-2.7755575615628914e-17,-1.1420239903421214e-16,,r0022,0
20100,2,14065.879331970855,edge_5,1,1.0,0.003,4,r0001|r0003|r0004|r0010,r0001|r0003|r0004|r0010,1,1,0,0,0.05404998177530468,0.05404998177530468,0.0,7.028975248986339,6.97508741715636,7.028975248986339,0.0,0.0,,r0001|r0003|r0004|r0010,0
20100,2,14065.879331970855,cloud_0,1,1.0,0.003,4,r0001|r0003|r0004|r0010,r0001|r0003|r0004|r0010,1,1,0,0,0.03268197139428889,0.03268197139428889,0.0,7.356950260289599,7.3243663348094925,7.356950260289598,8.881784197001252e-16,1.2072644075007828e-16,,r0001|r0003|r0004|r0010,1
20100,2,14065.879331970855,edge_5,2,1.0,0.003,4,r0001|r0003|r0004|r0010,r0001|r0003|r0004|r0010,1,1,0,0,0.09157921682692095,0.09157921682692095,0.0,6.889519332429356,6.798214853252916,6.889519332429356,0.0,0.0,,r0001|r0003|r0004|r0010,0
20100,2,14065.879331970855,cloud_0,2,1.0,0.003,4,r0001|r0003|r0004|r0010,r0001|r0003|r0004|r0010,1,1,0,0,0.05463253473641107,0.05463253473641107,0.0,7.222933716782803,7.168465079650602,7.222933716782804,-8.881784197001252e-16,-1.2296643642685017e-16,,r0001|r0003|r0004|r0010,0
20100,2,14065.879331970855,edge_5,4,1.0,0.003,4,r0001|r0003|r0004|r0010,r0001|r0003|r0004|r0010,1,1,0,0,0.16663768693015357,0.16663768693015357,0.0,6.7631352147441905,6.596997440874827,6.7631352147441905,0.0,0.0,,r0001|r0003|r0004|r0010,0
20100,2,14065.879331970855,cloud_0,4,1.0,0.003,4,r0001|r0003|r0004|r0010,r0001|r0003|r0004|r0010,1,1,0,0,0.09853366142065545,0.09853366142065545,0.0,7.108831699292405,7.010593638856011,7.108831699292404,8.881784197001252e-16,1.249401388681817e-16,,r0001|r0003|r0004|r0010,0
20100,2,14065.879331970855,edge_5,8,1.0,0.003,4,r0001|r0003|r0004|r0010,r0001|r0003|r0004|r0010,1,1,0,0,0.31675462713661867,0.31675462713661867,0.0,6.634034016417537,6.318229653162328,6.634034016417537,0.0,0.0,,r0001|r0003|r0004|r0010,0
20100,2,14065.879331970855,cloud_0,8,1.0,0.003,4,r0001|r0003|r0004|r0010,r0001|r0003|r0004|r0010,1,1,0,0,0.1863359147891442,0.1863359147891442,0.0,7.010206119849059,6.824429212804283,7.01020611984906,-8.881784197001252e-16,-1.2669790367294493e-16,,r0001|r0003|r0004|r0010,0
20100,3,18723.115258534082,edge_5,1,1.0,0.003,4,r0007|r0008|r0015|r0020,r0007|r0008|r0015|r0020,1,1,0,0,0.10277743698616655,0.10277743698616655,0.0,4.620833983748552,4.518364879073344,4.620833983748552,0.0,0.0,,r0007|r0008|r0015|r0020,0
20100,3,18723.115258534082,cloud_0,1,1.0,0.003,4,r0007|r0008|r0015|r0020,r0007|r0008|r0015|r0020,1,1,0,0,0.061630581008696055,0.061630581008696055,0.0,5.6237188523264106,5.562273163060741,5.623718852326411,-8.881784197001252e-16,-1.5793435678824965e-16,,r0007|r0008|r0015|r0020,1
20100,3,18723.115258534082,edge_5,2,1.0,0.003,4,r0007|r0008|r0015|r0020,r0007|r0008|r0015|r0020,1,1,0,0,0.1849311086492101,0.1849311086492101,0.0,4.51477011356327,4.330393798240008,4.514770113563271,-8.881784197001252e-16,-1.9672727455864471e-16,,r0007|r0008|r0015|r0020,0
20100,3,18723.115258534082,cloud_0,2,1.0,0.003,4,r0007|r0008|r0015|r0020,r0007|r0008|r0015|r0020,1,1,0,0,0.10982467158197831,0.10982467158197831,0.0,5.521387606585244,5.411892409018011,5.521387606585244,0.0,0.0,,r0007|r0008|r0015|r0020,0
20100,3,18723.115258534082,edge_5,4,1.0,0.003,4,r0007|r0008|r0015|r0020,r0007|r0008|r0015|r0020,1,1,0,0,0.34923845197529724,0.34923845197529724,0.0,4.433664808457866,4.085474071838495,4.433664808457866,0.0,0.0,,r0007|r0008|r0015|r0020,0
20100,3,18723.115258534082,cloud_0,4,1.0,0.003,4,r0007|r0008|r0015|r0020,r0007|r0008|r0015|r0020,1,1,0,0,0.20621285272854287,0.20621285272854287,0.0,5.453163851233784,5.247569637063426,5.453163851233784,0.0,0.0,,r0007|r0008|r0015|r0020,0
20100,3,18723.115258534082,edge_5,8,1.0,0.003,4,r0007|r0008|r0015|r0020,r0007|r0008|r0015|r0020,1,1,0,0,0.6778531386274715,0.6778531386274715,0.0,4.3611078835163966,3.6852883043048066,4.361107883516396,8.881784197001252e-16,2.0365889664347854e-16,,r0007|r0008|r0015|r0020,0
20100,3,18723.115258534082,cloud_0,8,1.0,0.003,4,r0007|r0008|r0015|r0020,r0007|r0008|r0015|r0020,1,1,0,0,0.3989892150216719,0.3989892150216719,0.0,5.412694702026885,5.014902454650278,5.412694702026885,0.0,0.0,,r0007|r0008|r0015|r0020,0
20100,4,36577.59096145485,edge_5,1,1.0,0.003,2,r0017|r0018,r0017|r0018,1,1,0,0,0.11678379107166029,0.11678379107166029,0.0,6.961393885313814,6.844960445615369,6.961393885313814,0.0,0.0,,r0017|r0018,0
20100,4,36577.59096145485,cloud_0,1,1.0,0.003,2,r0017|r0018,r0017|r0018,1,1,0,0,0.07166459704406905,0.07166459704406905,0.0,7.227393796708499,7.1559441934555625,7.227393796708499,0.0,0.0,,r0017|r0018,1
20100,4,36577.59096145485,edge_5,2,1.0,0.003,2,r0017|r0018,r0017|r0018,1,1,0,0,0.21175015321928803,0.21175015321928803,0.0,6.85664827506255,6.64553337230292,6.85664827506255,0.0,0.0,,r0017|r0018,0
20100,4,36577.59096145485,cloud_0,2,1.0,0.003,2,r0017|r0018,r0017|r0018,1,1,0,0,0.12876132403254703,0.12876132403254703,0.0,7.138811317484079,7.010436277423629,7.138811317484079,0.0,0.0,,r0017|r0018,0
20100,4,36577.59096145485,edge_5,4,1.0,0.003,2,r0017|r0018,r0017|r0018,1,1,0,0,0.40168287751454335,0.40168287751454335,0.0,6.728180998424968,6.327703169542968,6.728180998424968,0.0,0.0,,r0017|r0018,0
20100,4,36577.59096145485,cloud_0,4,1.0,0.003,2,r0017|r0018,r0017|r0018,1,1,0,0,0.24295477800950305,0.24295477800950305,0.0,7.047518318563192,6.805292404887718,7.047518318563192,0.0,0.0,,r0017|r0018,0
20100,4,36577.59096145485,edge_5,8,1.0,0.003,2,r0017|r0018,r0017|r0018,1,1,0,0,0.7815483261050543,0.7815483261050543,0.0,6.521897925498029,5.7426942443712905,6.521897925498029,0.0,0.0,,r0017|r0018,0
20100,4,36577.59096145485,cloud_0,8,1.0,0.003,2,r0017|r0018,r0017|r0018,1,1,0,0,0.47134168596341497,0.47134168596341497,0.0,6.919755846360235,6.44982818545471,6.9197558463602356,-8.881784197001252e-16,-1.283540112426515e-16,,r0017|r0018,0
20101,0,0.0,edge_4,1,1.0,0.003,1,r0004,r0004,1,1,0,0,0.02709739823401905,0.02709739823401905,0.0,-1.221150094417332,-1.2481662004566487,-1.2211500944173317,-2.220446049250313e-16,-1.8183236109970512e-16,,r0004,0
20101,0,0.0,cloud_0,1,1.0,0.003,1,r0004,r0004,1,1,0,0,0.014662412874657636,0.014662412874657636,0.0,-0.4476029391996773,-0.46222136483571097,-0.4476029391996773,0.0,0.0,,r0004,1
20101,0,0.0,edge_4,2,1.0,0.003,1,r0004,r0004,1,1,0,0,0.047315910973804234,0.047315910973804234,0.0,-1.2284551072583378,-1.2756290704992206,-1.2284551072583378,0.0,0.0,,r0004,0
20101,0,0.0,cloud_0,2,1.0,0.003,1,r0004,r0004,1,1,0,0,0.027039506380995972,0.027039506380995972,0.0,-0.4476400704801963,-0.4745984583420493,-0.4476400704801963,0.0,0.0,,r0004,0
20101,0,0.0,edge_4,4,1.0,0.003,1,r0004,r0004,1,1,0,0,0.08775293645337459,0.08775293645337459,0.0,-1.24306513294035,-1.3305548105843645,-1.2430651329403501,2.220446049250313e-16,1.7862668579546294e-16,,r0004,0
20101,0,0.0,cloud_0,4,1.0,0.003,1,r0004,r0004,1,1,0,0,0.05179369339367264,0.05179369339367264,0.0,-0.4477143330412343,-0.49935264535472595,-0.4477143330412343,0.0,0.0,,r0004,0
20101,0,0.0,edge_4,8,1.0,0.003,1,r0004,r0004,1,1,0,0,0.16862698741251533,0.16862698741251533,0.0,-1.2722851843043743,-1.4404062907546522,-1.2722851843043745,2.220446049250313e-16,1.7452424005584472e-16,,r0004,0
20101,0,0.0,cloud_0,8,1.0,0.003,1,r0004,r0004,1,1,0,0,0.10130206741902596,0.10130206741902596,0.0,-0.4478628581633104,-0.5488610193800793,-0.4478628581633104,0.0,0.0,,r0004,0
20101,1,9418.181815704922,edge_4,1,1.0,0.003,2,r0010|r0015,r0010|r0015,1,1,0,0,0.09035406399461611,0.09035406399461611,0.0,6.208820730320341,6.11873772851771,6.208820730320342,-8.881784197001252e-16,-1.4305106529534152e-16,,r0010|r0015,0
20101,1,9418.181815704922,cloud_0,1,1.0,0.003,2,r0010|r0015,r0010|r0015,1,1,0,0,0.051404157397545405,0.051404157397545405,0.0,6.4845841999351235,6.433334255009771,6.4845841999351235,0.0,0.0,,r0010|r0015,1
20101,1,9418.181815704922,edge_4,2,1.0,0.003,2,r0010|r0015,r0010|r0015,1,1,0,0,0.16186554644666723,0.16186554644666723,0.0,6.096848615679491,5.935468665872164,6.096848615679491,0.0,0.0,,r0010|r0015,0
20101,1,9418.181815704922,cloud_0,2,1.0,0.003,2,r0010|r0015,r0010|r0015,1,1,0,0,0.09637732975060795,0.09637732975060795,0.0,6.422254753058449,6.3261665552970925,6.422254753058448,8.881784197001252e-16,1.3829697728467576e-16,,r0010|r0015,0
20101,1,9418.181815704922,edge_4,4,1.0,0.003,2,r0010|r0015,r0010|r0015,1,1,0,0,0.30488851135076944,0.30488851135076944,0.0,5.960249828444289,5.656275982627572,5.960249828444289,0.0,0.0,,r0010|r0015,0
20101,1,9418.181815704922,cloud_0,4,1.0,0.003,2,r0010|r0015,r0010|r0015,1,1,0,0,0.18632367445673303,0.18632367445673303,0.0,6.357178997291553,6.17141429385819,6.357178997291553,0.0,0.0,,r0010|r0015,0
20101,1,9418.181815704922,edge_4,8,1.0,0.003,2,r0010|r0015,r0010|r0015,1,1,0,0,0.5909344411589738,0.5909344411589738,0.0,5.743195917888614,5.154034280053117,5.743195917888614,0.0,0.0,,r0010|r0015,0
20101,1,9418.181815704922,cloud_0,8,1.0,0.003,2,r0010|r0015,r0010|r0015,1,1,0,0,0.36621636386898315,0.36621636386898315,0.0,6.254338614792493,5.8892209000151166,6.254338614792493,0.0,0.0,,r0010|r0015,0
20101,2,12818.584211047397,edge_4,1,1.0,0.003,1,r0007,r0007,1,1,0,0,0.014321550993447892,0.014321550993447892,0.0,-1.0203609816287038,-1.0346395679691713,-1.0203609816287038,0.0,0.0,,r0007,0
20101,2,12818.584211047397,cloud_0,1,1.0,0.003,1,r0007,r0007,1,1,0,0,0.007269035700027456,0.007269035700027456,0.0,-0.17877261428250607,-0.18601984287543344,-0.17877261428250607,0.0,0.0,,r0007,1
20101,2,12818.584211047397,edge_4,2,1.0,0.003,1,r0007,r0007,1,1,0,0,0.02329154613317541,0.02329154613317541,0.0,-1.0278966828051412,-1.051118354299917,-1.027896682805141,-2.220446049250313e-16,-2.1601840791923675e-16,,r0007,0
20101,2,12818.584211047397,cloud_0,2,1.0,0.003,1,r0007,r0007,1,1,0,0,0.012760165043945134,0.012760165043945134,0.0,-0.1787890876705378,-0.1915109722193511,-0.1787890876705378,0.0,0.0,,r0007,0
20101,2,12818.584211047397,edge_4,4,1.0,0.003,1,r0007,r0007,1,1,0,0,0.04123153641263046,0.04123153641263046,0.0,-1.0429680851580163,-1.084075926961409,-1.0429680851580165,2.220446049250313e-16,2.1289683556461854e-16,,r0007,0
20101,2,12818.584211047397,cloud_0,4,1.0,0.003,1,r0007,r0007,1,1,0,0,0.023742423731780492,0.023742423731780492,0.0,-0.17882203444660127,-0.2024932309071864,-0.17882203444660125,-2.7755575615628914e-17,-1.5521339806654034e-16,,r0007,0
20101,2,12818.584211047397,edge_4,8,1.0,0.003,1,r0007,r0007,1,1,0,0,0.0771115169715405,0.0771115169715405,0.0,-1.0731108898637662,-1.149991072284392,-1.073110889863766,-2.220446049250313e-16,-2.0691673807654712e-16,,r0007,0
20101,2,12818.584211047397,cloud_0,8,1.0,0.003,1,r0007,r0007,1,1,0,0,0.045706941107451216,0.045706941107451216,0.0,-0.17888792799872827,-0.22445774828285714,-0.17888792799872827,0.0,0.0,,r0007,0
20101,3,23548.801303960798,edge_4,1,1.0,0.003,1,r0018,r0018,1,1,0,0,0.012939202097412105,0.012939202097412105,0.0,-0.1830472161322173,-0.1959476006233372,-0.1830472161322173,0.0,0.0,,r0018,0
20101,3,23548.801303960798,cloud_0,1,1.0,0.003,1,r0018,r0018,1,1,0,0,0.005456099816709072,0.005456099816709072,0.0,-0.05272794485637936,-0.0581676763736383,-0.052727944856379355,-6.938893903907228e-18,-1.31598034454167e-16,,r0018,1
20101,3,23548.801303960798,edge_4,2,1.0,0.003,1,r0018,r0018,1,1,0,0,0.014252128934277849,0.014252128934277849,0.0,-0.18392511882166013,-0.19813449136913514,-0.18392511882166013,0.0,0.0,,r0018,0
20101,3,23548.801303960798,cloud_0,2,1.0,0.003,1,r0018,r0018,1,1,0,0,0.006395878133787613,0.006395878133787613,0.0,-0.052730764191330604,-0.05910745469071685,-0.0527307641913306,-6.938893903907228e-18,-1.315909983540129e-16,,r0018,0
20101,3,23548.801303960798,edge_4,4,1.0,0.003,1,r0018,r0018,1,1,0,0,0.016877982608009334,0.016877982608009334,0.0,-0.18568092420054572,-0.20250827286073103,-0.18568092420054572,0.0,0.0,,r0018,0
20101,3,23548.801303960798,cloud_0,4,1.0,0.003,1,r0018,r0018,1,1,0,0,0.008275434767944692,0.008275434767944692,0.0,-0.05273640286123307,-0.06098701132487393,-0.05273640286123307,0.0,0.0,,r0018,0
20101,3,23548.801303960798,edge_4,8,1.0,0.003,1,r0018,r0018,1,1,0,0,0.022129689955472306,0.022129689955472306,0.0,-0.18919253495831684,-0.21125583584392274,-0.18919253495831684,0.0,0.0,,r0018,0
20101,3,23548.801303960798,cloud_0,8,1.0,0.003,1,r0018,r0018,1,1,0,0,0.012034548036258854,0.012034548036258854,0.0,-0.05274768020103801,-0.0647461245931881,-0.05274768020103802,6.938893903907228e-18,1.315487975482698e-16,,r0018,0
20101,4,25224.89242823793,edge_4,1,1.0,0.003,1,r0020,r0020,1,1,0,0,0.03147437717344481,0.03147437717344481,0.0,-0.10611986459672385,-0.13749981863864832,-0.10611986459672385,0.0,0.0,,r0020,0
20101,4,25224.89242823793,cloud_0,1,1.0,0.003,1,r0020,r0020,1,1,0,0,0.01924304648086415,0.01924304648086415,0.0,-0.07911799221666724,-0.0983033095580888,-0.07911799221666724,0.0,0.0,,r0020,1
20101,4,25224.89242823793,edge_4,2,1.0,0.003,1,r0020,r0020,1,1,0,0,0.057125481072349535,0.057125481072349535,0.0,-0.10645569225225932,-0.16340979688139182,-0.10645569225225933,1.3877787807814457e-17,1.303621019619073e-16,,r0020,0
20101,4,25224.89242823793,cloud_0,2,1.0,0.003,1,r0020,r0020,1,1,0,0,0.0363753462113488,0.0363753462113488,0.0,-0.07916938911585869,-0.11543560928857345,-0.07916938911585869,0.0,0.0,,r0020,0
20101,4,25224.89242823793,edge_4,4,1.0,0.003,1,r0020,r0020,1,1,0,0,0.10842768887015897,0.10842768887015897,0.0,-0.10712734756333026,-0.21522975336687875,-0.10712734756333026,0.0,0.0,,r0020,0
20101,4,25224.89242823793,cloud_0,4,1.0,0.003,1,r0020,r0020,1,1,0,0,0.0706399456723181,0.0706399456723181,0.0,-0.07927218291424161,-0.14970020874954273,-0.0792721829142416,-1.3877787807814457e-17,-1.7506503918061337e-16,,r0020,0
20101,4,25224.89242823793,edge_4,8,1.0,0.003,1,r0020,r0020,1,1,0,0,0.21103210446577783,0.21103210446577783,0.0,-0.10847065818547212,-0.31886966633785263,-0.10847065818547214,1.3877787807814457e-17,1.2794047754449008e-16,,r0020,0
20101,4,25224.89242823793,cloud_0,8,1.0,0.003,1,r0020,r0020,1,1,0,0,0.13916914459425672,0.13916914459425672,0.0,-0.0794777705110074,-0.21822940767148136,-0.0794777705110074,0.0,0.0,,r0020,0
20101,5,27141.087621977807,edge_4,1,1.0,0.003,1,r0000,r0000,1,1,0,0,0.03186191897811279,0.03186191897811279,0.0,0.703890413253288,0.6721240800321097,0.7038904132532882,-1.1102230246251565e-16,-1.5772668638770813e-16,,r0000,0
20101,5,27141.087621977807,cloud_0,1,1.0,0.003,1,r0000,r0000,1,1,0,0,0.020158824712581822,0.020158824712581822,0.0,0.7225865234366254,0.7024881751981814,0.7225865234366254,0.0,0.0,,r0000,1
20101,5,27141.087621977807,edge_4,2,1.0,0.003,1,r0000,r0000,1,1,0,0,0.055635441779435614,0.055635441779435614,0.0,0.7036470715072094,0.6481785360531123,0.7036470715072096,-2.220446049250313e-16,-3.155624657819047e-16,,r0000,0
20101,5,27141.087621977807,cloud_0,2,1.0,0.003,1,r0000,r0000,1,1,0,0,0.0371756459260095,0.0371756459260095,0.0,0.7225354729729851,0.6854713539847537,0.7225354729729851,0.0,0.0,,r0000,0
20101,5,27141.087621977807,edge_4,4,1.0,0.003,1,r0000,r0000,1,1,0,0,0.10318248738208127,0.10318248738208127,0.0,0.6408288304244784,0.5379558905045434,0.6408288304244785,-1.1102230246251565e-16,-1.7324798322350075e-16,,r0000,0
20101,5,27141.087621977807,cloud_0,4,1.0,0.003,1,r0000,r0000,1,1,0,0,0.07120928835286486,0.07120928835286486,0.0,0.7224333720457046,0.6514377115578983,0.7224333720457046,0.0,0.0,,r0000,0
20101,5,27141.087621977807,edge_4,8,1.0,0.003,1,r0000,r0000,1,1,0,0,0.19827657858737255,0.19827657858737255,0.0,0.48456865258014625,0.28688690372853576,0.4845686525801462,5.551115123125783e-17,1.1455786695173486e-16,,r0000,0
20101,5,27141.087621977807,cloud_0,8,1.0,0.003,1,r0000,r0000,1,1,0,0,0.13927657320657555,0.13927657320657555,0.0,0.7222291701911435,0.5833704267041876,0.7222291701911434,1.1102230246251565e-16,1.5372170918149533e-16,,r0000,0
20101,6,28538.04392896644,edge_4,1,1.0,0.003,2,r0002|r0014,r0002|r0014,1,1,0,0,0.030444202638163425,0.030444202638163425,0.0,5.166904449966846,5.136551579936596,5.166904449966846,0.0,0.0,,r0002|r0014,0
20101,6,28538.04392896644,cloud_0,1,1.0,0.003,2,r0002|r0014,r0002|r0014,1,1,0,0,0.018407148078730336,0.018407148078730336,0.0,5.293365485037257,5.275013558402763,5.293365485037257,0.0,0.0,,r0002|r0014,1
20101,6,28538.04392896644,edge_4,2,1.0,0.003,2,r0002|r0014,r0002|r0014,1,1,0,0,0.05453952238886593,0.05453952238886593,0.0,5.100889144802899,5.0465132409812,5.1008891448029,-8.881784197001252e-16,-1.7412227446759084e-16,,r0002|r0014,0
20101,6,28538.04392896644,cloud_0,2,1.0,0.003,2,r0002|r0014,r0002|r0014,1,1,0,0,0.03451144557106921,0.03451144557106921,0.0,5.251761498098972,5.217353586864616,5.251761498098972,0.0,0.0,,r0002|r0014,0
20101,6,28538.04392896644,edge_4,4,1.0,0.003,2,r0002|r0014,r0002|r0014,1,1,0,0,0.10273016189027093,0.10273016189027093,0.0,5.000167904123657,4.897745932719057,5.000167904123657,0.0,0.0,,r0002|r0014,0
20101,6,28538.04392896644,cloud_0,4,1.0,0.003,2,r0002|r0014,r0002|r0014,1,1,0,0,0.06672004055574696,0.06672004055574696,0.0,5.228136662208856,5.161616781774776,5.228136662208856,0.0,0.0,,r0002|r0014,0
20101,6,28538.04392896644,edge_4,8,1.0,0.003,2,r0002|r0014,r0002|r0014,1,1,0,0,0.19911144089308097,0.19911144089308097,0.0,4.854869086679901,4.6563549801095,4.854869086679901,0.0,0.0,,r0002|r0014,0
20101,6,28538.04392896644,cloud_0,8,1.0,0.003,2,r0002|r0014,r0002|r0014,1,1,0,0,0.13113723052510246,0.13113723052510246,0.0,5.205839042485325,5.075095223651798,5.205839042485325,0.0,0.0,,r0002|r0014,0
20101,7,33644.43438777463,edge_4,1,1.0,0.003,2,r0003|r0005,r0003|r0005,1,1,0,0,0.03877170832561212,0.03877170832561212,0.0,4.231098023560471,4.192442630359836,4.231098023560471,0.0,0.0,,r0003|r0005,0
20101,7,33644.43438777463,cloud_0,1,1.0,0.003,2,r0003|r0005,r0003|r0005,1,1,0,0,0.02147124434287229,0.02147124434287229,0.0,4.5911617660366915,4.569754935426848,4.5911617660366915,0.0,0.0,,r0003|r0005,1
20101,7,33644.43438777463,edge_4,2,1.0,0.003,2,r0003|r0005,r0003|r0005,1,1,0,0,0.06945790236031837,0.06945790236031837,0.0,4.163436312370644,4.094186783717406,4.163436312370644,0.0,0.0,,r0003|r0005,0
20101,7,33644.43438777463,cloud_0,2,1.0,0.003,2,r0003|r0005,r0003|r0005,1,1,0,0,0.04025630028686533,0.04025630028686533,0.0,4.549549736823051,4.5094142054370465,4.549549736823051,0.0,0.0,,r0003|r0005,0
20101,7,33644.43438777463,edge_4,4,1.0,0.003,2,r0003|r0005,r0003|r0005,1,1,0,0,0.13083029042973085,0.13083029042973085,0.0,4.115458332037486,3.9850205324790444,4.115458332037486,0.0,0.0,,r0003|r0005,0
20101,7,33644.43438777463,cloud_0,4,1.0,0.003,2,r0003|r0005,r0003|r0005,1,1,0,0,0.07782641217485144,0.07782641217485144,0.0,4.525908816382225,4.448315883443898,4.525908816382224,8.881784197001252e-16,1.9624310955740566e-16,,r0003|r0005,0
20101,7,33644.43438777463,edge_4,8,1.0,0.003,2,r0003|r0005,r0003|r0005,1,1,0,0,0.25357506656855583,0.25357506656855583,0.0,4.0756460352859,3.82283169391705,4.0756460352859,0.0,0.0,,r0003|r0005,0
20101,7,33644.43438777463,cloud_0,8,1.0,0.003,2,r0003|r0005,r0003|r0005,1,1,0,0,0.1529666359508236,0.1529666359508236,0.0,4.513123115284627,4.360615379241656,4.513123115284627,0.0,0.0,,r0003|r0005,0
20101,8,43724.58246960703,edge_4,1,1.0,0.003,1,r0001,r0001,1,1,0,0,0.3216477736787171,0.3216477736787171,0.0,1.1130714035381066,0.7923885731804258,1.1130714035381066,0.0,0.0,,r0001,0
20101,8,43724.58246960703,cloud_0,1,1.0,0.003,1,r0001,r0001,1,1,0,0,0.18024245564672478,0.18024245564672478,0.0,1.4481504850926263,1.2684487568128417,1.4481504850926263,0.0,0.0,,r0001,1
20101,8,43724.58246960703,edge_4,2,1.0,0.003,1,r0001,r0001,1,1,0,0,0.5837854616150895,0.5837854616150895,0.0,1.087462660538579,0.5054285553083349,1.087462660538579,0.0,0.0,,r0001,0
20101,8,43724.58246960703,cloud_0,2,1.0,0.003,1,r0001,r0001,1,1,0,0,0.3407143319355983,0.3407143319355983,0.0,1.4362759390497328,1.0965837501099414,1.4362759390497328,0.0,0.0,,r0001,0
20101,8,43724.58246960703,edge_4,4,1.0,0.003,1,r0001,r0001,1,1,0,0,1.1080608374878345,1.1080608374878345,0.0,1.0362451745395236,-0.0684914804358473,1.0362451745395238,-2.220446049250313e-16,-2.1427805926691167e-16,,r0001,0
20101,8,43724.58246960703,cloud_0,4,1.0,0.003,1,r0001,r0001,1,1,0,0,0.6616580845133453,0.6616580845133453,0.0,1.4125268469639463,0.7528537367041409,1.4125268469639463,0.0,0.0,,r0001,0
20101,8,43724.58246960703,edge_4,8,1.0,0.003,1,r0001,r0001,1,1,0,0,2.156611589233324,2.156611589233324,0.0,0.9338102025414129,-1.2163315519242115,0.9338102025414128,1.1102230246251565e-16,1.1889172142300726e-16,,r0001,0
20101,8,43724.58246960703,cloud_0,8,1.0,0.003,1,r0001,r0001,1,1,0,0,1.3035455896688393,1.3035455896688393,0.0,1.3650286627923727,0.06539370989253981,1.3650286627923727,0.0,0.0,,r0001,0
20102,0,0.0,edge_2,1,1.0,0.003,1,r0005,r0005,1,1,0,0,0.019808130704298453,0.019808130704298453,0.0,-0.10714355532360122,-0.12689226163578676,-0.1071435553236012,-1.3877787807814457e-17,-1.2952517550775642e-16,,r0005,0
20102,0,0.0,edge_3,1,1.0,0.003,1,r0005,r0005,1,1,0,0,0.0178543440922123,0.0178543440922123,0.0,-0.1080640445430186,-0.12586482560295426,-0.10806404454301859,-1.3877787807814457e-17,-1.2842188043674348e-16,,r0005,0
20102,0,0.0,cloud_0,1,1.0,0.003,1,r0005,r0005,1,1,0,0,0.011816064313718016,0.011816064313718016,0.0,-0.09578800591816626,-0.10756862203894312,-0.09578800591816625,-1.3877787807814457e-17,-1.4488022456246294e-16,,r0005,1
20102,0,0.0,edge_2,2,1.0,0.003,1,r0005,r0005,1,1,0,0,0.037732042559849695,0.037732042559849695,0.0,-0.1073448139772659,-0.14496366040943603,-0.10734481397726589,-1.3877787807814457e-17,-1.292823313360399e-16,,r0005,0
20102,0,0.0,edge_3,2,1.0,0.003,1,r0005,r0005,1,1,0,0,0.031857323761310966,0.031857323761310966,0.0,-0.10819188611452825,-0.13995363790455528,-0.10819188611452825,0.0,0.0,,r0005,0
20102,0,0.0,cloud_0,2,1.0,0.003,1,r0005,r0005,1,1,0,0,0.020409563904756074,0.020409563904756074,0.0,-0.09581378641693937,-0.11616212162998117,-0.09581378641693937,0.0,0.0,,r0005,0
20102,0,0.0,edge_2,4,1.0,0.003,1,r0005,r0005,1,1,0,0,0.07357986627095217,0.07357986627095217,0.0,-0.10774733128459531,-0.1811064579567346,-0.1077473312845953,-1.3877787807814457e-17,-1.287993646094005e-16,,r0005,0
20102,0,0.0,edge_3,4,1.0,0.003,1,r0005,r0005,1,1,0,0,0.05986328309950831,0.05986328309950831,0.0,-0.10844756925754755,-0.16813126250775734,-0.10844756925754756,1.3877787807814457e-17,1.2796771659175397e-16,,r0005,0
20102,0,0.0,cloud_0,4,1.0,0.003,1,r0005,r0005,1,1,0,0,0.03759656308683219,0.03759656308683219,0.0,-0.0958653474144856,-0.1333491208120573,-0.0958653474144856,0.0,0.0,,r0005,0
20102,0,0.0,edge_2,8,1.0,0.003,1,r0005,r0005,1,1,0,0,0.1452755136931571,0.1452755136931571,0.0,-0.1085523658992541,-0.2533920530513317,-0.10855236589925407,-2.7755575615628914e-17,-2.556883526738465e-16,,r0005,0
20102,0,0.0,edge_3,8,1.0,0.003,1,r0005,r0005,1,1,0,0,0.11587520177590299,0.11587520177590299,0.0,-0.10895893554358614,-0.22448651171416142,-0.10895893554358614,0.0,0.0,,r0005,0
20102,0,0.0,cloud_0,8,1.0,0.003,1,r0005,r0005,1,1,0,0,0.07197056145098442,0.07197056145098442,0.0,-0.09596846940957805,-0.16772311917620955,-0.09596846940957808,2.7755575615628914e-17,2.892155703470955e-16,,r0005,0
20102,1,1569.0534631404835,edge_2,1,1.0,0.003,1,r0006,r0006,1,1,0,0,0.018452142965130865,0.018452142965130865,0.0,-0.9659630648943437,-0.9843598514305791,-0.9659630648943437,0.0,0.0,,r0006,0
20102,1,1569.0534631404835,edge_3,1,1.0,0.003,1,r0006,r0006,1,1,0,0,0.01758696069570087,0.01758696069570087,0.0,-1.0135086807103293,-1.031042880523943,-1.0135086807103293,0.0,0.0,,r0006,0
20102,1,1569.0534631404835,cloud_0,1,1.0,0.003,1,r0006,r0006,1,1,0,0,0.011937903972265516,0.011937903972265516,0.0,-0.3853744110672177,-0.3972765013275664,-0.3853744110672177,0.0,0.0,,r0006,1
20102,1,1569.0534631404835,edge_2,2,1.0,0.003,1,r0006,r0006,1,1,0,0,0.0343928910435232,0.0343928910435232,0.0,-0.9733955759802616,-1.0076852883506542,-0.9733955759802615,-1.1102230246251565e-16,-1.1405671568900467e-16,,r0006,0
20102,1,1569.0534631404835,edge_3,2,1.0,0.003,1,r0006,r0006,1,1,0,0,0.030040602124584516,0.030040602124584516,0.0,-1.017843692515564,-1.0477941728337747,-1.017843692515564,0.0,0.0,,r0006,0
20102,1,1569.0534631404835,cloud_0,2,1.0,0.003,1,r0006,r0006,1,1,0,0,0.019580588961819224,0.019580588961819224,0.0,-0.38539733912218643,-0.4049191863171202,-0.38539733912218643,0.0,0.0,,r0006,0
20102,1,1569.0534631404835,edge_2,4,1.0,0.003,1,r0006,r0006,1,1,0,0,0.06627438720030787,0.06627438720030787,0.0,-0.9882605981520974,-1.0543361621908045,-0.9882605981520975,1.1102230246251565e-16,1.1234112001440824e-16,,r0006,0
20102,1,1569.0534631404835,edge_3,4,1.0,0.003,1,r0006,r0006,1,1,0,0,0.054947884982351786,0.054947884982351786,0.0,-1.0265137161260336,-1.0812967574534382,-1.0265137161260336,0.0,0.0,,r0006,0
20102,1,1569.0534631404835,cloud_0,4,1.0,0.003,1,r0006,r0006,1,1,0,0,0.034865958940926645,0.034865958940926645,0.0,-0.3854431952321237,-0.42020455629622755,-0.38544319523212367,-5.551115123125783e-17,-1.4401901996953816e-16,,r0006,0
20102,1,1569.0534631404835,edge_2,8,1.0,0.003,1,r0006,r0006,1,1,0,0,0.13003737951387723,0.13003737951387723,0.0,-1.0179906424957692,-1.1476379098711047,-1.0179906424957692,0.0,0.0,,r0006,0
20102,1,1569.0534631404835,edge_3,8,1.0,0.003,1,r0006,r0006,1,1,0,0,0.10476245069788635,0.10476245069788635,0.0,-1.0438537633469727,-1.1483019266927654,-1.0438537633469727,0.0,0.0,,r0006,0
20102,1,1569.0534631404835,cloud_0,8,1.0,0.003,1,r0006,r0006,1,1,0,0,0.06543669889914147,0.06543669889914147,0.0,-0.38553490745199837,-0.45077529625444246,-0.3855349074519984,5.551115123125783e-17,1.439847602857319e-16,,r0006,0
20102,2,10636.677376025325,edge_2,1,1.0,0.003,3,r0004|r0009|r0013,r0004|r0009|r0013,1,1,0,0,0.02168820947883005,0.02168820947883005,0.0,6.510156586749381,6.488533441898987,6.510156586749381,0.0,0.0,,r0004|r0009|r0013,0
20102,2,10636.677376025325,edge_3,1,1.0,0.003,3,r0004|r0009|r0013,r0004|r0009|r0013,1,1,0,0,0.025521068001595804,0.025521068001595804,0.0,6.657997316997911,6.632552812200321,6.657997316997911,0.0,0.0,,r0004|r0009|r0013,0
20102,2,10636.677376025325,cloud_0,1,1.0,0.003,3,r0004|r0009|r0013,r0004|r0009|r0013,1,1,0,0,0.018519334602508025,0.018519334602508025,0.0,6.988152290714653,6.969688514115952,6.988152290714653,0.0,0.0,,r0004|r0009|r0013,1
20102,2,10636.677376025325,edge_2,2,1.0,0.003,3,r0004|r0009|r0013,r0004|r0009|r0013,1,1,0,0,0.036583988274280534,0.036583988274280534,0.0,6.391861753697306,6.3553875173878485,6.391861753697306,0.0,0.0,,r0004|r0009|r0013,0
20102,2,10636.677376025325,edge_3,2,1.0,0.003,3,r0004|r0009|r0013,r0004|r0009|r0013,1,1,0,0,0.03715833163629077,0.03715833163629077,0.0,6.53053133439746,6.493484477756078,6.53053133439746,0.0,0.0,,r0004|r0009|r0013,0
20102,2,10636.677376025325,cloud_0,2,1.0,0.003,3,r0004|r0009|r0013,r0004|r0009|r0013,1,1,0,0,0.025569878119093448,0.025569878119093448,0.0,6.871413484513753,6.845920316029017,6.871413484513753,0.0,0.0,,r0004|r0009|r0013,0
20102,2,10636.677376025325,edge_2,4,1.0,0.003,3,r0004|r0009|r0013,r0004|r0009|r0013,1,1,0,0,0.0663755458651815,0.0663755458651815,0.0,6.2962232336011,6.230046814373514,6.2962232336011,0.0,0.0,,r0004|r0009|r0013,0
20102,2,10636.677376025325,edge_3,4,1.0,0.003,3,r0004|r0009|r0013,r0004|r0009|r0013,1,1,0,0,0.06043285890568067,0.06043285890568067,0.0,6.4009800971311055,6.340728536802142,6.4009800971311055,0.0,0.0,,r0004|r0009|r0013,0
20102,2,10636.677376025325,cloud_0,4,1.0,0.003,3,r0004|r0009|r0013,r0004|r0009|r0013,1,1,0,0,0.039670965152264294,0.039670965152264294,0.0,6.743669407561134,6.704117455304327,6.743669407561134,0.0,0.0,,r0004|r0009|r0013,0
20102,2,10636.677376025325,edge_2,8,1.0,0.003,3,r0004|r0009|r0013,r0004|r0009|r0013,1,1,0,0,0.12595866104698347,0.12595866104698347,0.0,6.215291342167667,6.089710557103825,6.215291342167667,0.0,0.0,,r0004|r0009|r0013,0
20102,2,10636.677376025325,edge_3,8,1.0,0.003,3,r0004|r0009|r0013,r0004|r0009|r0013,1,1,0,0,0.10698191344446047,0.10698191344446047,0.0,6.286637004330142,6.179976036626015,6.286637004330142,0.0,0.0,,r0004|r0009|r0013,0
20102,2,10636.677376025325,cloud_0,8,1.0,0.003,3,r0004|r0009|r0013,r0004|r0009|r0013,1,1,0,0,0.06787313921860601,0.06787313921860601,0.0,6.629404726138158,6.561735206337207,6.629404726138158,0.0,0.0,,r0004|r0009|r0013,0
20102,3,15658.589986316343,edge_2,1,1.0,0.003,1,r0020,r0020,1,1,0,0,0.015911049416352678,0.015911049416352678,0.0,-0.9148630328964841,-0.9307263491645876,-0.914863032896484,-1.1102230246251565e-16,-1.2135401526829177e-16,,r0020,0
20102,3,15658.589986316343,edge_3,1,1.0,0.003,1,r0020,r0020,1,1,0,0,0.015165013691989044,0.015165013691989044,0.0,-0.9613665031594452,-0.9764860218103583,-0.9613665031594452,0.0,0.0,,r0020,0
20102,3,15658.589986316343,cloud_0,1,1.0,0.003,1,r0020,r0020,1,1,0,0,0.009869786630577772,0.009869786630577772,0.0,-0.3470229600479673,-0.35686313731865327,-0.34702296004796723,-5.551115123125783e-17,-1.5996391484755012e-16,,r0020,1
20102,3,15658.589986316343,edge_2,2,1.0,0.003,1,r0020,r0020,1,1,0,0,0.02965655479685094,0.02965655479685094,0.0,-0.9221238932785064,-0.9516914784109668,-0.9221238932785064,0.0,0.0,,r0020,0
20102,3,15658.589986316343,edge_3,2,1.0,0.003,1,r0020,r0020,1,1,0,0,0.02590363112861692,0.02590363112861692,0.0,-0.965600307397197,-0.9914262276324282,-0.965600307397197,0.0,0.0,,r0020,0
20102,3,15658.589986316343,cloud_0,2,1.0,0.003,1,r0020,r0020,1,1,0,0,0.016188456164765653,0.016188456164765653,0.0,-0.3470419160565698,-0.3631818068528412,-0.3470419160565698,0.0,0.0,,r0020,0
20102,3,15658.589986316343,edge_2,4,1.0,0.003,1,r0020,r0020,1,1,0,0,0.057147565557847474,0.057147565557847474,0.0,-0.936645614042551,-0.9936217369037249,-0.936645614042551,0.0,0.0,,r0020,0
20102,3,15658.589986316343,edge_3,4,1.0,0.003,1,r0020,r0020,1,1,0,0,0.04738086600187266,0.04738086600187266,0.0,-0.9740679158727006,-1.0213066392765675,-0.9740679158727005,-1.1102230246251565e-16,-1.1397798926889712e-16,,r0020,0
20102,3,15658.589986316343,cloud_0,4,1.0,0.003,1,r0020,r0020,1,1,0,0,0.02882579523314142,0.02882579523314142,0.0,-0.3470798280737749,-0.3758191459212169,-0.3470798280737749,0.0,0.0,,r0020,0
20102,3,15658.589986316343,edge_2,8,1.0,0.003,1,r0020,r0020,1,1,0,0,0.11212958707984053,0.11212958707984053,0.0,-0.9656890555706402,-1.0774822538892412,-0.9656890555706402,0.0,0.0,,r0020,0
20102,3,15658.589986316343,edge_3,8,1.0,0.003,1,r0020,r0020,1,1,0,0,0.09033533574838414,0.09033533574838414,0.0,-0.9910031328237076,-1.0810674625648466,-0.9910031328237077,1.1102230246251565e-16,1.1203022350310343e-16,,r0020,0
20102,3,15658.589986316343,cloud_0,8,1.0,0.003,1,r0020,r0020,1,1,0,0,0.054100473369892946,0.054100473369892946,0.0,-0.34715565210818516,-0.40109382405796845,-0.34715565210818516,0.0,0.0,,r0020,0
20102,4,24525.46305683649,edge_2,1,1.0,0.003,3,r0002|r0011|r0022,r0002|r0011|r0022,1,1,0,0,0.11868953591646984,0.11868953591646984,0.0,6.739615248909988,6.621281781601268,6.739615248909988,0.0,0.0,,r0002|r0011|r0022,0
20102,4,24525.46305683649,edge_3,1,1.0,0.003,3,r0002|r0011|r0022,r0002|r0011|r0022,1,1,0,0,0.10228816545949543,0.10228816545949543,0.0,6.82348614122776,6.721504840264643,6.82348614122776,0.0,0.0,,r0002|r0011|r0022,0
20102,4,24525.46305683649,cloud_0,1,1.0,0.003,3,r0002|r0011|r0022,r0002|r0011|r0022,1,1,0,0,0.0659189645385294,0.0659189645385294,0.0,7.014220147830529,6.948498940185615,7.014220147830529,0.0,0.0,,r0002|r0011|r0022,1
20102,4,24525.46305683649,edge_2,2,1.0,0.003,3,r0002|r0011|r0022,r0002|r0011|r0022,1,1,0,0,0.22980642895617032,0.22980642895617032,0.0,6.660515661452778,6.431398651783477,6.660515661452779,-8.881784197001252e-16,-1.333497982506654e-16,,r0002|r0011|r0022,0
20102,4,24525.46305683649,edge_3,2,1.0,0.003,3,r0002|r0011|r0022,r0002|r0011|r0022,1,1,0,0,0.18909776409331347,0.18909776409331347,0.0,6.71902860747265,6.530498136671617,6.719028607472651,-8.881784197001252e-16,-1.3218851586854782e-16,,r0002|r0011|r0022,0
20102,4,24525.46305683649,cloud_0,2,1.0,0.003,3,r0002|r0011|r0022,r0002|r0011|r0022,1,1,0,0,0.11894648066926118,0.11894648066926118,0.0,6.910710308288612,6.792120667061359,6.910710308288612,0.0,0.0,,r0002|r0011|r0022,0
20102,4,24525.46305683649,edge_2,4,1.0,0.003,3,r0002|r0011|r0022,r0002|r0011|r0022,1,1,0,0,0.4520402150355711,0.4520402150355711,0.0,6.550090407524742,6.099406313134278,6.550090407524742,0.0,0.0,,r0002|r0011|r0022,0
20102,4,24525.46305683649,edge_3,4,1.0,0.003,3,r0002|r0011|r0022,r0002|r0011|r0022,1,1,0,0,0.3627169613609496,0.3627169613609496,0.0,6.606374138294855,6.244745327817989,6.606374138294855,0.0,0.0,,r0002|r0011|r0022,0
20102,4,24525.46305683649,cloud_0,4,1.0,0.003,3,r0002|r0011|r0022,r0002|r0011|r0022,1,1,0,0,0.22500151293072482,0.22500151293072482,0.0,6.81760900909523,6.593282500703298,6.81760900909523,0.0,0.0,,r0002|r0011|r0022,0
20102,4,24525.46305683649,edge_2,8,1.0,0.003,3,r0002|r0011|r0022,r0002|r0011|r0022,1,1,0,0,0.896507787194373,0.896507787194373,0.0,6.354150738718026,5.460332474885236,6.354150738718026,0.0,0.0,,r0002|r0011|r0022,0
20102,4,24525.46305683649,edge_3,8,1.0,0.003,3,r0002|r0011|r0022,r0002|r0011|r0022,1,1,0,0,0.7099553558962218,0.7099553558962218,0.0,6.440393505523516,5.732568015694982,6.440393505523515,8.881784197001252e-16,1.379074770723856e-16,,r0002|r0011|r0022,0
20102,4,24525.46305683649,cloud_0,8,1.0,0.003,3,r0002|r0011|r0022,r0002|r0011|r0022,1,1,0,0,0.43711157745365203,0.43711157745365203,0.0,6.706218493658072,6.270418250936782,6.706218493658073,-8.881784197001252e-16,-1.3244102030675806e-16,,r0002|r0011|r0022,0
20102,5,28534.64281486081,edge_2,1,1.0,0.003,1,r0000,r0000,1,1,0,0,0.01519730458203591,0.01519730458203591,0.0,-1.0392858059352514,-1.0544375186035413,-1.0392858059352514,0.0,0.0,,r0000,0
20102,5,28534.64281486081,edge_3,1,1.0,0.003,1,r0000,r0000,1,1,0,0,0.014484734855454484,0.014484734855454484,0.0,-1.0912335637476769,-1.1056748443985651,-1.091233563747677,2.220446049250313e-16,2.0348036598366036e-16,,r0000,0
20102,5,28534.64281486081,cloud_0,1,1.0,0.003,1,r0000,r0000,1,1,0,0,0.009931396056421179,0.009931396056421179,0.0,-0.4048795578392549,-0.41478115970750684,-0.40487955783925494,5.551115123125783e-17,1.3710534443257033e-16,,r0000,1
20102,5,28534.64281486081,edge_2,2,1.0,0.003,1,r0000,r0000,1,1,0,0,0.028326208052523075,0.028326208052523075,0.0,-1.0474068108788332,-1.0756480403071986,-1.047406810878833,-2.220446049250313e-16,-2.1199461624535684e-16,,r0000,0
20102,5,28534.64281486081,edge_3,2,1.0,0.003,1,r0000,r0000,1,1,0,0,0.024741634680469658,0.024741634680469658,0.0,-1.0959675757703649,-1.1206349855467932,-1.0959675757703649,0.0,0.0,,r0000,0
20102,5,28534.64281486081,cloud_0,2,1.0,0.003,1,r0000,r0000,1,1,0,0,0.016289508145617238,0.016289508145617238,0.0,-0.4048986321755226,-0.42113927179670296,-0.4048986321755226,0.0,0.0,,r0000,0
20102,5,28534.64281486081,edge_2,4,1.0,0.003,1,r0000,r0000,1,1,0,0,0.05458401499349741,0.05458401499349741,0.0,-1.0636488207659973,-1.1180690837145142,-1.0636488207659973,0.0,0.0,,r0000,0
20102,5,28534.64281486081,edge_3,4,1.0,0.003,1,r0000,r0000,1,1,0,0,0.045255434330499986,0.045255434330499986,0.0,-1.1054355998157408,-1.1505552678432494,-1.1054355998157408,0.0,0.0,,r0000,0
20102,5,28534.64281486081,cloud_0,4,1.0,0.003,1,r0000,r0000,1,1,0,0,0.02900573232400936,0.02900573232400936,0.0,-0.4049367808480577,-0.433855495975095,-0.4049367808480577,0.0,0.0,,r0000,0
20102,5,28534.64281486081,edge_2,8,1.0,0.003,1,r0000,r0000,1,1,0,0,0.10709962887544608,0.10709962887544608,0.0,-1.096132840540325,-1.2029111705291449,-1.0961328405403252,2.220446049250313e-16,2.02570889870955e-16,,r0000,0
20102,5,28534.64281486081,edge_3,8,1.0,0.003,1,r0000,r0000,1,1,0,0,0.08628303363056064,0.08628303363056064,0.0,-1.1243716479064925,-1.2103958324361614,-1.1243716479064925,0.0,0.0,,r0000,0
20102,5,28534.64281486081,cloud_0,8,1.0,0.003,1,r0000,r0000,1,1,0,0,0.05443818068079359,0.05443818068079359,0.0,-0.40501307819312804,-0.45928794433187925,-0.40501307819312804,0.0,0.0,,r0000,0
20102,6,38392.58080221153,edge_2,1,1.0,0.003,2,r0003|r0019,r0003|r0019,1,1,0,0,0.022548187012789944,0.022548187012789944,0.0,4.6705813730097745,4.648100830558022,4.670581373009774,8.881784197001252e-16,1.901644246758457e-16,,r0003|r0019,0
20102,6,38392.58080221153,edge_3,1,1.0,0.003,2,r0003|r0019,r0003|r0019,1,1,0,0,0.0226339332860599,0.0226339332860599,0.0,4.761318857589746,4.7387528261035445,4.761318857589746,0.0,0.0,,r0003|r0019,0
20102,6,38392.58080221153,cloud_0,1,1.0,0.003,2,r0003|r0019,r0003|r0019,1,1,0,0,0.015341580803749788,0.015341580803749788,0.0,5.1724687168512045,5.157173160789867,5.172468716851205,-8.881784197001252e-16,-1.717126711286933e-16,,r0003|r0019,1
20102,6,38392.58080221153,edge_2,2,1.0,0.003,2,r0003|r0019,r0003|r0019,1,1,0,0,0.04112235151108588,0.04112235151108588,0.0,4.610575351533715,4.569576367077161,4.610575351533714,8.881784197001252e-16,1.9263938922604775e-16,,r0003|r0019,0
20102,6,38392.58080221153,edge_3,2,1.0,0.003,2,r0003|r0019,r0003|r0019,1,1,0,0,0.03714492005815666,0.03714492005815666,0.0,4.668870731356039,4.631837246058057,4.668870731356039,0.0,0.0,,r0003|r0019,0
20102,6,38392.58080221153,cloud_0,2,1.0,0.003,2,r0003|r0019,r0003|r0019,1,1,0,0,0.024042431797860454,0.024042431797860454,0.0,5.075606150991664,5.051635846489196,5.075606150991663,8.881784197001252e-16,1.7498962553006488e-16,,r0003|r0019,0
20102,6,38392.58080221153,edge_2,4,1.0,0.003,2,r0003|r0019,r0003|r0019,1,1,0,0,0.07827068050767776,0.07827068050767776,0.0,4.568280561876653,4.490244693410499,4.568280561876654,-8.881784197001252e-16,-1.9442291419493304e-16,,r0003|r0019,0
20102,6,38392.58080221153,edge_3,4,1.0,0.003,2,r0003|r0019,r0003|r0019,1,1,0,0,0.06616689360235017,0.06616689360235017,0.0,4.597996475961992,4.53202808304045,4.597996475961993,-8.881784197001252e-16,-1.931663985267193e-16,,r0003|r0019,0
20102,6,38392.58080221153,cloud_0,4,1.0,0.003,2,r0003|r0019,r0003|r0019,1,1,0,0,0.0414441337860818,0.0414441337860818,0.0,4.998422655928991,4.957102854544267,4.998422655928991,0.0,0.0,,r0003|r0019,0
20102,6,38392.58080221153,edge_2,8,1.0,0.003,2,r0003|r0019,r0003|r0019,1,1,0,0,0.15256733850086146,0.15256733850086146,0.0,4.531629411808215,4.379519775322855,4.531629411808214,8.881784197001252e-16,1.9599537803902713e-16,,r0003|r0019,0
20102,6,38392.58080221153,edge_3,8,1.0,0.003,2,r0003|r0019,r0003|r0019,1,1,0,0,0.12421084069073718,0.12421084069073718,0.0,4.546327992775675,4.422489784607009,4.546327992775674,8.881784197001252e-16,1.9536171193796e-16,,r0003|r0019,0
20102,6,38392.58080221153,cloud_0,8,1.0,0.003,2,r0003|r0019,r0003|r0019,1,1,0,0,0.07624753776252446,0.07624753776252446,0.0,4.947063298265256,4.871044503116019,4.947063298265256,0.0,0.0,,r0003|r0019,0
20103,0,0.0,edge_2,1,1.0,0.003,1,r0021,r0021,1,1,0,0,0.041114313031103765,0.041114313031103765,0.0,-0.9714934142684204,-1.0124843843604308,-0.9714934142684203,-1.1102230246251565e-16,-1.1428003610927264e-16,,r0021,0
20103,0,0.0,cloud_0,1,1.0,0.003,1,r0021,r0021,1,1,0,0,0.02120463913023319,0.02120463913023319,0.0,-0.43397717602952357,-0.455118201242366,-0.4339771760295235,-5.551115123125783e-17,-1.2791260531056452e-16,,r0021,1
20103,0,0.0,edge_2,2,1.0,0.003,1,r0021,r0021,1,1,0,0,0.06802390248282077,0.06802390248282077,0.0,-0.9770735944046862,-1.0448934251800583,-0.977073594404686,-2.220446049250313e-16,-2.272547392505466e-16,,r0021,0
20103,0,0.0,cloud_0,2,1.0,0.003,1,r0021,r0021,1,1,0,0,0.03809854569711438,0.03809854569711438,0.0,-0.4340278577492242,-0.47201210780924724,-0.4340278577492242,0.0,0.0,,r0021,0
20103,0,0.0,edge_2,4,1.0,0.003,1,r0021,r0021,1,1,0,0,0.12184308138625478,0.12184308138625478,0.0,-0.9882339546772178,-1.1097115068193137,-0.9882339546772178,0.0,0.0,,r0021,0
20103,0,0.0,cloud_0,4,1.0,0.003,1,r0021,r0021,1,1,0,0,0.07188635883087675,0.07188635883087675,0.0,-0.4341292211886255,-0.5057999209430096,-0.4341292211886255,0.0,0.0,,r0021,0
20103,0,0.0,edge_2,8,1.0,0.003,1,r0021,r0021,1,1,0,0,0.22948143919312283,0.22948143919312283,0.0,-1.010554675222281,-1.2393476700978243,-1.010554675222281,0.0,0.0,,r0021,0
20103,0,0.0,cloud_0,8,1.0,0.003,1,r0021,r0021,1,1,0,0,0.13946198509840152,0.13946198509840152,0.0,-0.43433194806742803,-0.5733755472105343,-0.434331948067428,-5.551115123125783e-17,-1.2780812343705367e-16,,r0021,0
20103,1,22989.65611759324,edge_2,1,1.0,0.003,5,r0001|r0002|r0004|r0016|r0023,r0001|r0002|r0004|r0016|r0023,1,1,0,0,0.0876856892953237,0.0876856892953237,0.0,7.9062766964735145,7.818854064246078,7.906276696473515,-8.881784197001252e-16,-1.1233839312710684e-16,,r0001|r0002|r0004|r0016|r0023,0
20103,1,22989.65611759324,cloud_0,1,1.0,0.003,5,r0001|r0002|r0004|r0016|r0023,r0001|r0002|r0004|r0016|r0023,1,1,0,0,0.03448254061603016,0.03448254061603016,0.0,8.10141755633034,8.067038463336157,8.10141755633034,0.0,0.0,,r0001|r0002|r0004|r0016|r0023,1
20103,1,22989.65611759324,edge_2,2,1.0,0.003,5,r0001|r0002|r0004|r0016|r0023,r0001|r0002|r0004|r0016|r0023,1,1,0,0,0.11005033658273644,0.11005033658273644,0.0,7.812980558211319,7.70326037263833,7.8129805582113185,8.881784197001252e-16,1.1367984510938834e-16,,r0001|r0002|r0004|r0016|r0023,0
20103,1,22989.65611759324,cloud_0,2,1.0,0.003,5,r0001|r0002|r0004|r0016|r0023,r0001|r0002|r0004|r0016|r0023,1,1,0,0,0.04877971675430448,0.04877971675430448,0.0,7.9779701447574185,7.929336767153376,7.977970144757418,8.881784197001252e-16,1.1132887233023502e-16,,r0001|r0002|r0004|r0016|r0023,0
20103,1,22989.65611759324,edge_2,4,1.0,0.003,5,r0001|r0002|r0004|r0016|r0023,r0001|r0002|r0004|r0016|r0023,1,1,0,0,0.15477963115756202,0.15477963115756202,0.0,7.679142539627937,7.524827247363846,7.679142539627935,1.7763568394002505e-15,2.3132229024704586e-16,,r0001|r0002|r0004|r0016|r0023,0
20103,1,22989.65611759324,cloud_0,4,1.0,0.003,5,r0001|r0002|r0004|r0016|r0023,r0001|r0002|r0004|r0016|r0023,1,1,0,0,0.07737406903085307,0.07737406903085307,0.0,7.837652342663882,7.7605103958401225,7.837652342663883,-8.881784197001252e-16,-1.1332199756620599e-16,,r0001|r0002|r0004|r0016|r0023,0
20103,1,22989.65611759324,edge_2,8,1.0,0.003,5,r0001|r0002|r0004|r0016|r0023,r0001|r0002|r0004|r0016|r0023,1,1,0,0,0.244238220307213,0.244238220307213,0.0,7.515399111068637,7.271893605422346,7.515399111068637,0.0,0.0,,r0001|r0002|r0004|r0016|r0023,0
20103,1,22989.65611759324,cloud_0,8,1.0,0.003,5,r0001|r0002|r0004|r0016|r0023,r0001|r0002|r0004|r0016|r0023,1,1,0,0,0.13456277358395027,0.13456277358395027,0.0,7.707032736888997,7.572873651625798,7.707032736888997,0.0,0.0,,r0001|r0002|r0004|r0016|r0023,0
20103,2,36033.13394498076,edge_2,1,1.0,0.003,3,r0005|r0009|r0015,r0005|r0009|r0015,1,1,0,0,0.025399559073792304,0.025399559073792304,0.0,7.7269592896937755,7.701635929297205,7.7269592896937755,0.0,0.0,,r0005|r0009|r0015,0
20103,2,36033.13394498076,cloud_0,1,1.0,0.003,3,r0005|r0009|r0015,r0005|r0009|r0015,1,1,0,0,0.010763613533567912,0.010763613533567912,0.0,7.903287193068166,7.892555870375198,7.903287193068166,0.0,0.0,,r0005|r0009|r0015,1
20103,2,36033.13394498076,edge_2,2,1.0,0.003,3,r0005|r0009|r0015,r0005|r0009|r0015,1,1,0,0,0.035447439559863424,0.035447439559863424,0.0,7.600352683194245,7.565011585953061,7.600352683194245,0.0,0.0,,r0005|r0009|r0015,0
20103,2,36033.13394498076,cloud_0,2,1.0,0.003,3,r0005|r0009|r0015,r0005|r0009|r0015,1,1,0,0,0.01695477708987902,0.01695477708987902,0.0,7.776176544236253,7.759272631477644,7.776176544236253,0.0,0.0,,r0005|r0009|r0015,0
20103,2,36033.13394498076,edge_2,4,1.0,0.003,3,r0005|r0009|r0015,r0005|r0009|r0015,1,1,0,0,0.055543200532005677,0.055543200532005677,0.0,7.457167687424759,7.4017911164943495,7.457167687424759,0.0,0.0,,r0005|r0009|r0015,0
20103,2,36033.13394498076,cloud_0,4,1.0,0.003,3,r0005|r0009|r0015,r0005|r0009|r0015,1,1,0,0,0.02933710420250125,0.02933710420250125,0.0,7.665220181527407,7.635971088637514,7.665220181527408,-8.881784197001252e-16,-1.158712207433476e-16,,r0005|r0009|r0015,0
20103,2,36033.13394498076,edge_2,8,1.0,0.003,3,r0005|r0009|r0015,r0005|r0009|r0015,1,1,0,0,0.09573472247629018,0.09573472247629018,0.0,7.313443539416521,7.217996021107659,7.313443539416521,0.0,0.0,,r0005|r0009|r0015,0
20103,2,36033.13394498076,cloud_0,8,1.0,0.003,3,r0005|r0009|r0015,r0005|r0009|r0015,1,1,0,0,0.05410175842774569,0.05410175842774569,0.0,7.577443753971165,7.523504300818703,7.577443753971166,-8.881784197001252e-16,-1.1721346255254632e-16,,r0005|r0009|r0015,0
20103,3,43278.492393737106,edge_2,1,1.0,0.003,3,r0007|r0010|r0012,r0007|r0010|r0012,1,1,0,0,0.15350758965656602,0.15350758965656602,0.0,5.353972464437449,5.200925397549852,5.353972464437449,0.0,0.0,,r0007|r0010|r0012,0
20103,3,43278.492393737106,cloud_0,1,1.0,0.003,3,r0007|r0010|r0012,r0007|r0010|r0012,1,1,0,0,0.0846669038993762,0.0846669038993762,0.0,5.679191818948858,5.5947789157611805,5.679191818948858,0.0,0.0,,r0007|r0010|r0012,1
20103,3,43278.492393737106,edge_2,2,1.0,0.003,3,r0007|r0010|r0012,r0007|r0010|r0012,1,1,0,0,0.27847891227570054,0.27847891227570054,0.0,5.2015833873051305,4.923939911766257,5.2015833873051305,0.0,0.0,,r0007|r0010|r0012,0
20103,3,43278.492393737106,cloud_0,2,1.0,0.003,3,r0007|r0010|r0012,r0007|r0010|r0012,1,1,0,0,0.16091743534077643,0.16091743534077643,0.0,5.589938719031627,5.429504035996874,5.589938719031628,-8.881784197001252e-16,-1.5888875788140816e-16,,r0007|r0010|r0012,0
20103,3,43278.492393737106,edge_2,4,1.0,0.003,3,r0007|r0010|r0012,r0007|r0010|r0012,1,1,0,0,0.5284215575139695,0.5284215575139695,0.0,5.007235120705762,4.4803988278643345,5.007235120705762,0.0,0.0,,r0007|r0010|r0012,0
20103,3,43278.492393737106,cloud_0,4,1.0,0.003,3,r0007|r0010|r0012,r0007|r0010|r0012,1,1,0,0,0.31341849822357687,0.31341849822357687,0.0,5.481201528774255,5.168723286045349,5.481201528774255,0.0,0.0,,r0007|r0010|r0012,0
20103,3,43278.492393737106,edge_2,8,1.0,0.003,3,r0007|r0010|r0012,r0007|r0010|r0012,1,1,0,0,1.0283068479905075,1.0283068479905075,0.0,4.690052890716107,3.664830963269571,4.690052890716107,0.0,0.0,,r0007|r0010|r0012,0
20103,3,43278.492393737106,cloud_0,8,1.0,0.003,3,r0007|r0010|r0012,r0007|r0010|r0012,1,1,0,0,0.618420623989178,0.618420623989178,0.0,5.303700365863733,4.687135003746523,5.303700365863733,0.0,0.0,,r0007|r0010|r0012,0
20104,0,0.0,edge_5,1,1.0,0.003,1,r0008,r0008,1,1,0,0,0.018112822952785018,0.018112822952785018,0.0,-1.0624134697596979,-1.0804719542436245,-1.0624134697596979,0.0,0.0,,r0008,0
20104,0,0.0,cloud_0,1,1.0,0.003,1,r0008,r0008,1,1,0,0,0.012685878634795134,0.012685878634795134,0.0,-0.40853101579653905,-0.42117883679542983,-0.4085310157965391,5.551115123125783e-17,1.3587989426708318e-16,,r0008,1
20104,0,0.0,edge_5,2,1.0,0.003,1,r0008,r0008,1,1,0,0,0.03195609485421179,0.03195609485421179,0.0,-1.0641104820354002,-1.0959707086050492,-1.0641104820354,-2.220446049250313e-16,-2.0866687122591888e-16,,r0008,0
20104,0,0.0,cloud_0,2,1.0,0.003,1,r0008,r0008,1,1,0,0,0.022925469486601895,0.022925469486601895,0.0,-0.4085617345690945,-0.4314184276472366,-0.4085617345690945,0.0,0.0,,r0008,0
20104,0,0.0,edge_5,4,1.0,0.003,1,r0008,r0008,1,1,0,0,0.05964263865706533,0.05964263865706533,0.0,-1.0675045065868043,-1.1269682173278983,-1.067504506586804,-2.220446049250313e-16,-2.0800343563418552e-16,,r0008,0
20104,0,0.0,cloud_0,4,1.0,0.003,1,r0008,r0008,1,1,0,0,0.043404651190215415,0.043404651190215415,0.0,-0.40862317211420535,-0.4518976093508501,-0.40862317211420535,0.0,0.0,,r0008,0
20104,0,0.0,edge_5,8,1.0,0.003,1,r0008,r0008,1,1,0,0,0.1150157262627724,0.1150157262627724,0.0,-1.0742925556896126,-1.1889632347735968,-1.0742925556896128,2.220446049250313e-16,2.0668914044786973e-16,,r0008,0
20104,0,0.0,cloud_0,8,1.0,0.003,1,r0008,r0008,1,1,0,0,0.08436301459744247,0.08436301459744247,0.0,-0.408746047204427,-0.49285597275807713,-0.408746047204427,0.0,0.0,,r0008,0
20104,1,10439.988154966915,edge_5,1,1.0,0.003,1,r0017,r0017,1,1,0,0,0.03498714221852751,0.03498714221852751,0.0,1.5971756852331134,1.5622935044412412,1.5971756852331132,2.220446049250313e-16,1.3902328151998076e-16,,r0017,0
20104,1,10439.988154966915,cloud_0,1,1.0,0.003,1,r0017,r0017,1,1,0,0,0.022500229167637005,0.022500229167637005,0.0,1.8349826663865372,1.812549937906403,1.834982666386537,2.220446049250313e-16,1.2100637733122753e-16,,r0017,1
20104,1,10439.988154966915,edge_5,2,1.0,0.003,1,r0017,r0017,1,1,0,0,0.04970624676165984,0.04970624676165984,0.0,1.5910364693024142,1.5414793412810393,1.5910364693024142,0.0,0.0,,r0017,0
20104,1,10439.988154966915,cloud_0,2,1.0,0.003,1,r0017,r0017,1,1,0,0,0.033387655875705316,0.033387655875705316,0.0,1.8301098731459835,1.7968223802379053,1.8301098731459835,0.0,0.0,,r0017,0
20104,1,10439.988154966915,edge_5,4,1.0,0.003,1,r0017,r0017,1,1,0,0,0.07914445584792454,0.07914445584792454,0.0,1.5787580374410162,1.4998510149606352,1.578758037441016,2.220446049250313e-16,1.4064511448818332e-16,,r0017,0
20104,1,10439.988154966915,cloud_0,4,1.0,0.003,1,r0017,r0017,1,1,0,0,0.055162509291841924,0.055162509291841924,0.0,1.8203642866648764,1.76536726490091,1.8203642866648764,0.0,0.0,,r0017,0
20104,1,10439.988154966915,edge_5,8,1.0,0.003,1,r0017,r0017,1,1,0,0,0.13802087402045393,0.13802087402045393,0.0,1.55420117371822,1.4165943623198274,1.55420117371822,0.0,0.0,,r0017,0
20104,1,10439.988154966915,cloud_0,8,1.0,0.003,1,r0017,r0017,1,1,0,0,0.09871221612411513,0.09871221612411513,0.0,1.8008731137026626,1.7024570342269196,1.8008731137026623,2.220446049250313e-16,1.2329830638011986e-16,,r0017,0
20104,2,12476.786766491778,edge_5,1,1.0,0.003,1,r0002,r0002,1,1,0,0,0.0035960666007645763,0.0035960666007645763,0.0,-0.3968791036444244,-0.4004643820453867,-0.3968791036444244,0.0,0.0,,r0002,0
20104,2,12476.786766491778,cloud_0,1,1.0,0.003,1,r0002,r0002,1,1,0,0,0.0023301025464493538,0.0023301025464493538,0.0,-0.11222511615206032,-0.11454822839087032,-0.11222511615206032,0.0,0.0,,r0002,1
20104,2,12476.786766491778,edge_5,2,1.0,0.003,1,r0002,r0002,1,1,0,0,0.004416098825984246,0.004416098825984246,0.0,-0.3974502927143296,-0.40185314324383586,-0.3974502927143296,0.0,0.0,,r0002,0
20104,2,12476.786766491778,cloud_0,2,1.0,0.003,1,r0002,r0002,1,1,0,0,0.002973376055752803,0.002973376055752803,0.0,-0.11222704597258823,-0.11519150190017377,-0.11222704597258823,0.0,0.0,,r0002,0
20104,2,12476.786766491778,edge_5,4,1.0,0.003,1,r0002,r0002,1,1,0,0,0.006056163276423585,0.006056163276423585,0.0,-0.39859267085413996,-0.4046306656407343,-0.39859267085413996,0.0,0.0,,r0002,0
20104,2,12476.786766491778,cloud_0,4,1.0,0.003,1,r0002,r0002,1,1,0,0,0.0042599230743597,0.0042599230743597,0.0,-0.11223090561364404,-0.11647804891878066,-0.11223090561364404,0.0,0.0,,r0002,0
20104,2,12476.786766491778,edge_5,8,1.0,0.003,1,r0002,r0002,1,1,0,0,0.009336292177302266,0.009336292177302266,0.0,-0.4008774271337607,-0.41018571043453106,-0.4008774271337607,0.0,0.0,,r0002,0
20104,2,12476.786766491778,cloud_0,8,1.0,0.003,1,r0002,r0002,1,1,0,0,0.006833017111573496,0.006833017111573496,0.0,-0.11223862489575567,-0.11905114295599445,-0.11223862489575567,0.0,0.0,,r0002,0
20104,3,16728.187884737257,edge_5,1,1.0,0.003,2,r0007|r0013,r0007|r0013,1,1,0,0,0.048975279803411605,0.048975279803411605,0.0,5.662930852635465,5.614102498671463,5.662930852635465,0.0,0.0,,r0007|r0013,0
20104,3,16728.187884737257,cloud_0,1,1.0,0.003,2,r0007|r0013,r0007|r0013,1,1,0,0,0.035788860168611575,0.035788860168611575,0.0,5.699975852950116,5.66429435936201,5.699975852950116,0.0,0.0,,r0007|r0013,1
20104,3,16728.187884737257,edge_5,2,1.0,0.003,2,r0007|r0013,r0007|r0013,1,1,0,0,0.0912179583318569,0.0912179583318569,0.0,5.593728168624172,5.502783864167311,5.593728168624172,0.0,0.0,,r0007|r0013,0
20104,3,16728.187884737257,cloud_0,2,1.0,0.003,2,r0007|r0013,r0007|r0013,1,1,0,0,0.06764489511089561,0.06764489511089561,0.0,5.662793972619636,5.595352012194073,5.662793972619636,0.0,0.0,,r0007|r0013,0
20104,3,16728.187884737257,edge_5,4,1.0,0.003,2,r0007|r0013,r0007|r0013,1,1,0,0,0.17570331538874748,0.17570331538874748,0.0,5.519616573123,5.344440367680419,5.519616573123001,-8.881784197001252e-16,-1.6091306487211187e-16,,r0007|r0013,0
20104,3,16728.187884737257,cloud_0,4,1.0,0.003,2,r0007|r0013,r0007|r0013,1,1,0,0,0.13135696499546368,0.13135696499546368,0.0,5.603541100608642,5.472578206508165,5.603541100608642,0.0,0.0,,r0007|r0013,0
20104,3,16728.187884737257,edge_5,8,1.0,0.003,2,r0007|r0013,r0007|r0013,1,1,0,0,0.3446740295025287,0.3446740295025287,0.0,5.409183813056631,5.06554380564261,5.409183813056631,0.0,0.0,,r0007|r0013,0
20104,3,16728.187884737257,cloud_0,8,1.0,0.003,2,r0007|r0013,r0007|r0013,1,1,0,0,0.2587811047645998,0.2587811047645998,0.0,5.509925805784026,5.25192104433372,5.509925805784026,0.0,0.0,,r0007|r0013,0
20104,4,19471.870524140646,edge_5,1,1.0,0.003,2,r0012|r0015,r0012|r0015,1,1,0,0,0.013088600493224675,0.013088600493224675,0.0,5.874896626027418,5.861847291335673,5.874896626027418,0.0,0.0,,r0012|r0015,0
20104,4,19471.870524140646,cloud_0,1,1.0,0.003,2,r0012|r0015,r0012|r0015,1,1,0,0,0.009073058678246052,0.009073058678246052,0.0,5.976145402033403,5.967099562531192,5.976145402033403,0.0,0.0,,r0012|r0015,1
20104,4,19471.870524140646,edge_5,2,1.0,0.003,2,r0012|r0015,r0012|r0015,1,1,0,0,0.019422566979960802,0.019422566979960802,0.0,5.7746271957845945,5.755262896505574,5.7746271957845945,0.0,0.0,,r0012|r0015,0
20104,4,19471.870524140646,cloud_0,2,1.0,0.003,2,r0012|r0015,r0012|r0015,1,1,0,0,0.014041732743026513,0.014041732743026513,0.0,5.8781006376234375,5.864101030078641,5.878100637623438,-8.881784197001252e-16,-1.5109955995228122e-16,,r0012|r0015,0
20104,4,19471.870524140646,edge_5,4,1.0,0.003,2,r0012|r0015,r0012|r0015,1,1,0,0,0.03209049995343305,0.03209049995343305,0.0,5.685583172098683,5.65358894364511,5.685583172098682,8.881784197001252e-16,1.562158872389299e-16,,r0012|r0015,0
20104,4,19471.870524140646,cloud_0,4,1.0,0.003,2,r0012|r0015,r0012|r0015,1,1,0,0,0.023979080872587443,0.023979080872587443,0.0,5.798100051685264,5.774192908055294,5.798100051685264,0.0,0.0,,r0012|r0015,0
20104,4,19471.870524140646,edge_5,8,1.0,0.003,2,r0012|r0015,r0012|r0015,1,1,0,0,0.05742636590037754,0.05742636590037754,0.0,5.620547175423648,5.563293088620972,5.620547175423648,0.0,0.0,,r0012|r0015,0
20104,4,19471.870524140646,cloud_0,8,1.0,0.003,2,r0012|r0015,r0012|r0015,1,1,0,0,0.04385377713170929,0.04385377713170929,0.0,5.743943036539591,5.700220820739277,5.743943036539592,-8.881784197001252e-16,-1.5462869566255372e-16,,r0012|r0015,0
20104,5,22484.88178548226,edge_5,1,1.0,0.003,2,r0018|r0019,r0018|r0019,1,1,0,0,0.008600331761242804,0.008600331761242804,0.0,5.497592150220749,5.489017619454789,5.497592150220749,0.0,0.0,,r0018|r0019,0
20104,5,22484.88178548226,cloud_0,1,1.0,0.003,2,r0018|r0019,r0018|r0019,1,1,0,0,0.005961776796727209,0.005961776796727209,0.0,5.56834988579624,5.562405994329904,5.568349885796241,-8.881784197001252e-16,-1.5950477931814103e-16,,r0018|r0019,1
20104,5,22484.88178548226,edge_5,2,1.0,0.003,2,r0018|r0019,r0018|r0019,1,1,0,0,0.012762290343348113,0.012762290343348113,0.0,5.397402928496111,5.384678925023793,5.397402928496111,0.0,0.0,,r0018|r0019,0
20104,5,22484.88178548226,cloud_0,2,1.0,0.003,2,r0018|r0019,r0018|r0019,1,1,0,0,0.009226621299599398,0.009226621299599398,0.0,5.470310232874961,5.46111129143926,5.470310232874961,0.0,0.0,,r0018|r0019,0
20104,5,22484.88178548226,edge_5,4,1.0,0.003,2,r0018|r0019,r0018|r0019,1,1,0,0,0.021086207507558727,0.021086207507558727,0.0,5.30851932184657,5.287496372961534,5.308519321846569,8.881784197001252e-16,1.673118935528659e-16,,r0018|r0019,0
20104,5,22484.88178548226,cloud_0,4,1.0,0.003,2,r0018|r0019,r0018|r0019,1,1,0,0,0.015756310305343774,0.015756310305343774,0.0,5.390319869914158,5.374610828539731,5.390319869914158,0.0,0.0,,r0018|r0019,0
20104,5,22484.88178548226,edge_5,8,1.0,0.003,2,r0018|r0019,r0018|r0019,1,1,0,0,0.03773404183597995,0.03773404183597995,0.0,5.243804159244278,5.206183319533806,5.243804159244278,0.0,0.0,,r0018|r0019,0
20104,5,22484.88178548226,cloud_0,8,1.0,0.003,2,r0018|r0019,r0018|r0019,1,1,0,0,0.02881568831683253,0.02881568831683253,0.0,5.336183300723229,5.307454059471347,5.336183300723229,0.0,0.0,,r0018|r0019,0
20104,6,26353.98907069854,edge_5,1,1.0,0.003,1,r0003,r0003,1,1,0,0,0.021029793125769202,0.021029793125769202,0.0,-1.0939126935593473,-1.1148793973057392,-1.0939126935593473,0.0,0.0,,r0003,0
20104,6,26353.98907069854,cloud_0,1,1.0,0.003,1,r0003,r0003,1,1,0,0,0.015543810311829567,0.015543810311829567,0.0,-0.4434006425351553,-0.4588978214160494,-0.4434006425351553,0.0,0.0,,r0003,1
20104,6,26353.98907069854,edge_5,2,1.0,0.003,1,r0003,r0003,1,1,0,0,0.03710244756674998,0.03710244756674998,0.0,-1.095607724704864,-1.1325988649289136,-1.095607724704864,0.0,0.0,,r0003,0
20104,6,26353.98907069854,cloud_0,2,1.0,0.003,1,r0003,r0003,1,1,0,0,0.02809022214921508,0.02809022214921508,0.0,-0.44343828177066735,-0.47144423325343476,-0.44343828177066735,0.0,0.0,,r0003,0
20104,6,26353.98907069854,edge_5,4,1.0,0.003,1,r0003,r0003,1,1,0,0,0.06924775644871152,0.06924775644871152,0.0,-1.098997786995897,-1.1680378001752623,-1.098997786995897,0.0,0.0,,r0003,0
20104,6,26353.98907069854,cloud_0,4,1.0,0.003,1,r0003,r0003,1,1,0,0,0.053183045823986114,0.053183045823986114,0.0,-0.44351356024169175,-0.49653705692820593,-0.44351356024169175,0.0,0.0,,r0003,0
20104,6,26353.98907069854,edge_5,8,1.0,0.003,1,r0003,r0003,1,1,0,0,0.13353837421263462,0.13353837421263462,0.0,-1.105777911577963,-1.2389156706679596,-1.105777911577963,0.0,0.0,,r0003,0
20104,6,26353.98907069854,cloud_0,8,1.0,0.003,1,r0003,r0003,1,1,0,0,0.10336869317352818,0.10336869317352818,0.0,-0.4436641171837403,-0.5467227042777479,-0.4436641171837403,0.0,0.0,,r0003,0
20104,7,36670.87313040527,edge_5,1,1.0,0.003,2,r0004|r0009,r0004|r0009,1,1,0,0,0.3372416646167348,0.3372416646167348,0.0,3.9592828155975903,3.6230528759747056,3.9592828155975903,0.0,0.0,,r0004|r0009,0
20104,7,36670.87313040527,cloud_0,1,1.0,0.003,2,r0004|r0009,r0004|r0009,1,1,0,0,0.2505358512636217,0.2505358512636217,0.0,4.5802740801784525,4.3304898364686215,4.5802740801784525,0.0,0.0,,r0004|r0009,1
20104,7,36670.87313040527,edge_5,2,1.0,0.003,2,r0004|r0009,r0004|r0009,1,1,0,0,0.6094615249542916,0.6094615249542916,0.0,3.882681407350601,3.2750482669711722,3.882681407350601,0.0,0.0,,r0004|r0009,0
20104,7,36670.87313040527,cloud_0,2,1.0,0.003,2,r0004|r0009,r0004|r0009,1,1,0,0,0.46195478921805455,0.46195478921805455,0.0,4.516963344409693,4.056394419559293,4.516963344409693,0.0,0.0,,r0004|r0009,0
20104,7,36670.87313040527,edge_5,4,1.0,0.003,2,r0004|r0009,r0004|r0009,1,1,0,0,1.1539012456294049,1.1539012456294049,0.0,3.812307745576769,2.661868203684252,3.8123077455767684,4.440892098500626e-16,1.1648828989876729e-16,,r0004|r0009,0
20104,7,36670.87313040527,cloud_0,4,1.0,0.003,2,r0004|r0009,r0004|r0009,1,1,0,0,0.8847926651269205,0.8847926651269205,0.0,4.461351610107664,3.5792133229761234,4.461351610107663,8.881784197001252e-16,1.9908281106735975e-16,,r0004|r0009,0
20104,7,36670.87313040527,edge_5,8,1.0,0.003,2,r0004|r0009,r0004|r0009,1,1,0,0,2.2427806869796316,2.2427806869796316,0.0,3.7237365848382593,1.4876842399195664,3.7237365848382593,0.0,0.0,,r0004|r0009,0
20104,7,36670.87313040527,cloud_0,8,1.0,0.003,2,r0004|r0009,r0004|r0009,1,1,0,0,1.7304684169446525,1.7304684169446525,0.0,4.392839792468498,2.66756278077468,4.392839792468498,0.0,0.0,,r0004|r0009,0
20105,0,0.0,edge_0,1,1.0,0.003,1,r0013,r0013,1,1,0,0,0.0261611016989599,0.0261611016989599,0.0,-0.21928751984942857,-0.2453701382432916,-0.21928751984942857,0.0,0.0,,r0013,0
20105,0,0.0,cloud_0,1,1.0,0.003,1,r0013,r0013,1,1,0,0,0.012783671414081356,0.012783671414081356,0.0,-0.20347488966982838,-0.2162202100696675,-0.20347488966982838,0.0,0.0,,r0013,1
20105,0,0.0,edge_0,2,1.0,0.003,1,r0013,r0013,1,1,0,0,0.0466063109220165,0.0466063109220165,0.0,-0.21951564765464324,-0.26598213964389367,-0.2195156476546432,-2.7755575615628914e-17,-1.2644007801801833e-16,,r0013,0
20105,0,0.0,cloud_0,2,1.0,0.003,1,r0013,r0013,1,1,0,0,0.023781327677907874,0.023781327677907874,0.0,-0.20350788263861985,-0.227217866333494,-0.20350788263861985,0.0,0.0,,r0013,0
20105,0,0.0,edge_0,4,1.0,0.003,1,r0013,r0013,1,1,0,0,0.08749672936812972,0.08749672936812972,0.0,-0.21997190326507257,-0.3072061424450979,-0.2199719032650726,2.7755575615628914e-17,1.2617782182019232e-16,,r0013,0
20105,0,0.0,cloud_0,4,1.0,0.003,1,r0013,r0013,1,1,0,0,0.04577664020556092,0.04577664020556092,0.0,-0.20357386857620283,-0.24921317886114708,-0.20357386857620285,2.7755575615628914e-17,1.363415442745752e-16,,r0013,0
20105,0,0.0,edge_0,8,1.0,0.003,1,r0013,r0013,1,1,0,0,0.16927756626035617,0.16927756626035617,0.0,-0.22088441448593127,-0.38965414804750637,-0.22088441448593127,0.0,0.0,,r0013,0
20105,0,0.0,cloud_0,8,1.0,0.003,1,r0013,r0013,1,1,0,0,0.08976726526086701,0.08976726526086701,0.0,-0.20370584045136875,-0.2932038039164532,-0.20370584045136877,2.7755575615628914e-17,1.3625321470473536e-16,,r0013,0
20105,1,1429.258146514903,edge_0,1,1.0,0.003,1,r0016,r0016,1,1,0,0,0.04756442353457809,0.04756442353457809,0.0,-0.027788826630510605,-0.07521055689448497,-0.02778882663051061,6.938893903907228e-18,2.4970085985166076e-16,,r0016,0
20105,1,1429.258146514903,cloud_0,1,1.0,0.003,1,r0016,r0016,1,1,0,0,0.021366542647658682,0.021366542647658682,0.0,0.11582362334555338,0.09452118032583767,0.11582362334555338,0.0,0.0,,r0016,1
20105,1,1429.258146514903,edge_0,2,1.0,0.003,1,r0016,r0016,1,1,0,0,0.08473658095855956,0.08473658095855956,0.0,-0.02942227746426543,-0.1139046486799493,-0.02942227746426543,0.0,0.0,,r0016,0
20105,1,1429.258146514903,cloud_0,2,1.0,0.003,1,r0016,r0016,1,1,0,0,0.039747951553906445,0.039747951553906445,0.0,0.11576847911883464,0.07613977141958991,0.11576847911883464,0.0,0.0,,r0016,0
20105,1,1429.258146514903,edge_0,4,1.0,0.003,1,r0016,r0016,1,1,0,0,0.15908089580652254,0.15908089580652254,0.0,-0.032689179131775076,-0.19129283225087806,-0.032689179131775076,0.0,0.0,,r0016,0
20105,1,1429.258146514903,cloud_0,4,1.0,0.003,1,r0016,r0016,1,1,0,0,0.07651076936640198,0.07651076936640198,0.0,0.11565819066539715,0.03937695360709438,0.11565819066539716,-1.3877787807814457e-17,-1.1998966720794847e-16,,r0016,0
20105,1,1429.258146514903,edge_0,8,1.0,0.003,1,r0016,r0016,1,1,0,0,0.30776952550244846,0.30776952550244846,0.0,-0.039222982466794454,-0.34606919939273556,-0.039222982466794454,0.0,0.0,,r0016,0
20105,1,1429.258146514903,cloud_0,8,1.0,0.003,1,r0016,r0016,1,1,0,0,0.15003640499139306,0.15003640499139306,0.0,0.11543761375852218,-0.03414868201789669,0.11543761375852218,0.0,0.0,,r0016,0
20105,2,4783.643717373573,edge_0,1,1.0,0.003,3,r0006|r0015|r0017,r0006|r0015|r0017,1,1,0,0,0.024258545249617607,0.024258545249617607,0.0,6.470731334512133,6.446545564898265,6.470731334512133,0.0,0.0,,r0006|r0015|r0017,0
20105,2,4783.643717373573,cloud_0,1,1.0,0.003,3,r0006|r0015|r0017,r0006|r0015|r0017,1,1,0,0,0.010350088869825731,0.010350088869825731,0.0,6.473462025358492,6.463142986755275,6.473462025358492,0.0,0.0,,r0006|r0015|r0017,1
20105,2,4783.643717373573,edge_0,2,1.0,0.003,3,r0006|r0015|r0017,r0006|r0015|r0017,1,1,0,0,0.04069044267771951,0.04069044267771951,0.0,6.347542671493211,6.306974300143525,6.347542671493211,0.0,0.0,,r0006|r0015|r0017,0
20105,2,4783.643717373573,cloud_0,2,1.0,0.003,3,r0006|r0015|r0017,r0006|r0015|r0017,1,1,0,0,0.018457112029605573,0.018457112029605573,0.0,6.384276450221032,6.365874709527516,6.384276450221033,-8.881784197001252e-16,-1.39119667925623e-16,,r0006|r0015|r0017,0
20105,2,4783.643717373573,edge_0,4,1.0,0.003,3,r0006|r0015|r0017,r0006|r0015|r0017,1,1,0,0,0.07355423753392332,0.07355423753392332,0.0,6.243133734568643,6.169800159747321,6.243133734568643,0.0,0.0,,r0006|r0015|r0017,0
20105,2,4783.643717373573,cloud_0,4,1.0,0.003,3,r0006|r0015|r0017,r0006|r0015|r0017,1,1,0,0,0.03467115834916525,0.03467115834916525,0.0,6.322377310371924,6.287810165497806,6.322377310371924,0.0,0.0,,r0006|r0015|r0017,0
20105,2,4783.643717373573,edge_0,8,1.0,0.003,3,r0006|r0015|r0017,r0006|r0015|r0017,1,1,0,0,0.13928182724633095,0.13928182724633095,0.0,6.114045840839041,5.97518185907445,6.114045840839042,-8.881784197001252e-16,-1.452685247741353e-16,,r0006|r0015|r0017,0
20105,2,4783.643717373573,cloud_0,8,1.0,0.003,3,r0006|r0015|r0017,r0006|r0015|r0017,1,1,0,0,0.0670992509882846,0.0670992509882846,0.0,6.267712187984246,6.200814234748927,6.267712187984247,-8.881784197001252e-16,-1.417069567110693e-16,,r0006|r0015|r0017,0
20105,3,8741.227258225686,edge_0,1,1.0,0.003,1,r0002,r0002,1,1,0,0,0.0269024769732687,0.0269024769732687,0.0,-1.0382448768408519,-1.0650666463832008,-1.0382448768408519,0.0,0.0,,r0002,0
20105,3,8741.227258225686,cloud_0,1,1.0,0.003,1,r0002,r0002,1,1,0,0,0.012680253597532018,0.012680253597532018,0.0,-0.42007597419430875,-0.43271818703104814,-0.4200759741943087,-5.551115123125783e-17,-1.32145503769232e-16,,r0002,1
20105,3,8741.227258225686,edge_0,2,1.0,0.003,1,r0002,r0002,1,1,0,0,0.04586141201084724,0.04586141201084724,0.0,-1.0446843257433391,-1.0904081535181538,-1.0446843257433391,0.0,0.0,,r0002,0
20105,3,8741.227258225686,cloud_0,2,1.0,0.003,1,r0002,r0002,1,1,0,0,0.02287843002100291,0.02287843002100291,0.0,-0.42010656872357915,-0.442916363454519,-0.4201065687235791,-5.551115123125783e-17,-1.3213588018849318e-16,,r0002,0
20105,3,8741.227258225686,edge_0,4,1.0,0.003,1,r0002,r0002,1,1,0,0,0.0837792820860043,0.0837792820860043,0.0,-1.0575632235483137,-1.14109116778806,-1.0575632235483137,0.0,0.0,,r0002,0
20105,3,8741.227258225686,cloud_0,4,1.0,0.003,1,r0002,r0002,1,1,0,0,0.043274782867944714,0.043274782867944714,0.0,-0.42016775778212,-0.46331271630146087,-0.42016775778212,0.0,0.0,,r0002,0
20105,3,8741.227258225686,edge_0,8,1.0,0.003,1,r0002,r0002,1,1,0,0,0.15961502223631846,0.15961502223631846,0.0,-1.0833210191582627,-1.242457196327872,-1.0833210191582625,-2.220446049250313e-16,-2.0496658054097328e-16,,r0002,0
20105,3,8741.227258225686,cloud_0,8,1.0,0.003,1,r0002,r0002,1,1,0,0,0.08406748856182832,0.08406748856182832,0.0,-0.4202901358992016,-0.5041054219953445,-0.4202901358992016,0.0,0.0,,r0002,0
20105,4,17660.46637866592,edge_0,1,1.0,0.003,3,r0007|r0019|r0021,r0007|r0019|r0021,1,1,0,0,0.02371228973668921,0.02371228973668921,0.0,6.937836837452558,6.914195684585079,6.937836837452558,0.0,0.0,,r0007|r0019|r0021,0
20105,4,17660.46637866592,cloud_0,1,1.0,0.003,3,r0007|r0019|r0021,r0007|r0019|r0021,1,1,0,0,0.00924311006300914,0.00924311006300914,0.0,7.126551850796007,7.1173364700631865,7.126551850796006,8.881784197001252e-16,1.2462947555779298e-16,,r0007|r0019|r0021,1
20105,4,17660.46637866592,edge_0,2,1.0,0.003,3,r0007|r0019|r0021,r0007|r0019|r0021,1,1,0,0,0.034428705350595175,0.034428705350595175,0.0,6.8088908223864975,6.7745654031519535,6.808890822386497,8.881784197001252e-16,1.3044392146514418e-16,,r0007|r0019|r0021,0
20105,4,17660.46637866592,cloud_0,2,1.0,0.003,3,r0007|r0019|r0021,r0007|r0019|r0021,1,1,0,0,0.014666047193992483,0.014666047193992483,0.0,7.002997452236946,6.988375403184535,7.002997452236945,8.881784197001252e-16,1.2682832255156928e-16,,r0007|r0019|r0021,0
20105,4,17660.46637866592,edge_0,4,1.0,0.003,3,r0007|r0019|r0021,r0007|r0019|r0021,1,1,0,0,0.05586153657840709,0.05586153657840709,0.0,6.675464987162011,6.619771035193338,6.67546498716201,8.881784197001252e-16,1.3305116893103847e-16,,r0007|r0019|r0021,0
20105,4,17660.46637866592,cloud_0,4,1.0,0.003,3,r0007|r0019|r0021,r0007|r0019|r0021,1,1,0,0,0.02551192145595917,0.02551192145595917,0.0,6.899844217092997,6.874408831401405,6.899844217092997,0.0,0.0,,r0007|r0019|r0021,0
20105,4,17660.46637866592,edge_0,8,1.0,0.003,3,r0007|r0019|r0021,r0007|r0019|r0021,1,1,0,0,0.09872719903403093,0.09872719903403093,0.0,6.5534049228857105,6.454973905448782,6.5534049228857105,0.0,0.0,,r0007|r0019|r0021,0
20105,4,17660.46637866592,cloud_0,8,1.0,0.003,3,r0007|r0019|r0021,r0007|r0019|r0021,1,1,0,0,0.04720366997989255,0.04720366997989255,0.0,6.825767811066981,6.778705752097028,6.825767811066981,0.0,0.0,,r0007|r0019|r0021,0
20105,5,21006.539477053604,edge_0,1,1.0,0.003,3,r0008|r0012|r0018,r0008|r0012|r0018,1,1,0,0,0.2880422564169401,0.2880422564169401,0.0,6.280063757536097,5.992885627888408,6.280063757536097,0.0,0.0,,r0008|r0012|r0018,0
20105,5,21006.539477053604,cloud_0,1,1.0,0.003,3,r0008|r0012|r0018,r0008|r0012|r0018,1,1,0,0,0.13018331446168827,0.13018331446168827,0.0,6.427358440869146,6.297565676350843,6.427358440869146,0.0,0.0,,r0008|r0012|r0018,1
20105,5,21006.539477053604,edge_0,2,1.0,0.003,3,r0008|r0012|r0018,r0008|r0012|r0018,1,1,0,0,0.5145574220586145,0.5145574220586145,0.0,6.171511933599604,5.658498183807165,6.171511933599604,0.0,0.0,,r0008|r0012|r0018,0
20105,5,21006.539477053604,cloud_0,2,1.0,0.003,3,r0008|r0012|r0018,r0008|r0012|r0018,1,1,0,0,0.24262516026655104,0.24262516026655104,0.0,6.3564237820490606,6.114526497263309,6.3564237820490606,0.0,0.0,,r0008|r0012|r0018,0
20105,5,21006.539477053604,edge_0,4,1.0,0.003,3,r0008|r0012|r0018,r0008|r0012|r0018,1,1,0,0,0.9675877533419635,0.9675877533419635,0.0,6.0742953958293135,5.109610405747376,6.0742953958293135,0.0,0.0,,r0008|r0012|r0018,0
20105,5,21006.539477053604,cloud_0,4,1.0,0.003,3,r0008|r0012|r0018,r0008|r0012|r0018,1,1,0,0,0.4675088518762766,0.4675088518762766,0.0,6.303798256062009,5.837691930741362,6.303798256062009,0.0,0.0,,r0008|r0012|r0018,0
20105,5,21006.539477053604,edge_0,8,1.0,0.003,3,r0008|r0012|r0018,r0008|r0012|r0018,1,1,0,0,1.8736484159086613,1.8736484159086613,0.0,5.960688302047626,4.0926608313866915,5.960688302047627,-8.881784197001252e-16,-1.4900601653587832e-16,,r0008|r0012|r0018,0
20105,5,21006.539477053604,cloud_0,8,1.0,0.003,3,r0008|r0012|r0018,r0008|r0012|r0018,1,1,0,0,0.917276235095728,0.917276235095728,0.0,6.2523912729200415,5.337866866529601,6.2523912729200415,0.0,0.0,,r0008|r0012|r0018,0
20106,0,0.0,cloud_0,1,1.0,0.003,1,r0020,r0020,1,1,0,0,0.0033122300405293995,0.0033122300405293995,0.0,-0.1355332380884562,-0.138835531438864,-0.13553323808845621,2.7755575615628914e-17,2.047879620312336e-16,,r0020,1
20106,0,0.0,cloud_0,2,1.0,0.003,1,r0020,r0020,1,1,0,0,0.005488931450326121,0.005488931450326121,0.0,-0.1355397681926856,-0.1410122328486607,-0.13553976819268557,-2.7755575615628914e-17,-2.0477809565212717e-16,,r0020,0
20106,0,0.0,cloud_0,4,1.0,0.003,1,r0020,r0020,1,1,0,0,0.009842334269919564,0.009842334269919564,0.0,-0.13555282840114435,-0.14536563566825417,-0.13555282840114435,0.0,0.0,,r0020,0
20106,0,0.0,cloud_0,8,1.0,0.003,1,r0020,r0020,1,1,0,0,0.01854913990910645,0.01854913990910645,0.0,-0.13557894881806193,-0.15407244130744105,-0.13557894881806193,0.0,0.0,,r0020,0
20106,1,3187.3353041312907,cloud_0,1,1.0,0.003,1,r0017,r0017,1,1,0,0,0.003645433133074114,0.003645433133074114,0.0,-0.009837174683335295,-0.013471671517010186,-0.009837174683335295,0.0,0.0,,r0017,1
20106,1,3187.3353041312907,cloud_0,2,1.0,0.003,1,r0017,r0017,1,1,0,0,0.004547502317383909,0.004547502317383909,0.0,-0.009839880890888225,-0.014373740701319982,-0.009839880890888225,0.0,0.0,,r0017,0
20106,1,3187.3353041312907,cloud_0,4,1.0,0.003,1,r0017,r0017,1,1,0,0,0.006351640686003501,0.006351640686003501,0.0,-0.009845293305994082,-0.016177879069939574,-0.009845293305994084,1.734723475976807e-18,1.7619825251124413e-16,,r0017,0
20106,1,3187.3353041312907,cloud_0,8,1.0,0.003,1,r0017,r0017,1,1,0,0,0.009959917423242684,0.009959917423242684,0.0,-0.0098561181362058,-0.019786155807178758,-0.0098561181362058,0.0,0.0,,r0017,0
20106,2,5539.524167736919,cloud_0,1,1.0,0.003,1,r0015,r0015,1,1,0,0,0.009241584081269632,0.009241584081269632,0.0,-0.05433299777561716,-0.06354685710464299,-0.05433299777561716,0.0,0.0,,r0015,1
20106,2,5539.524167736919,cloud_0,2,1.0,0.003,1,r0015,r0015,1,1,0,0,0.01691161681046232,0.01691161681046232,0.0,-0.05435600787380474,-0.07121688983383567,-0.05435600787380474,0.0,0.0,,r0015,0
20106,2,5539.524167736919,cloud_0,4,1.0,0.003,1,r0015,r0015,1,1,0,0,0.0322516822688477,0.0322516822688477,0.0,-0.054402028070179895,-0.08655695529222106,-0.0544020280701799,6.938893903907228e-18,1.2754844166757702e-16,,r0015,0
20106,2,5539.524167736919,cloud_0,8,1.0,0.003,1,r0015,r0015,1,1,0,0,0.06293181318561844,0.06293181318561844,0.0,-0.05449406846293021,-0.1172370862089918,-0.054494068462930215,6.938893903907228e-18,1.2733301255764075e-16,,r0015,0
20106,3,7941.867641907657,cloud_0,1,1.0,0.003,1,r0023,r0023,1,1,0,0,0.02116949519165701,0.02116949519165701,0.0,-0.0798203452543722,-0.10092633196045425,-0.0798203452543722,0.0,0.0,,r0023,1
20106,3,7941.867641907657,cloud_0,2,1.0,0.003,1,r0023,r0023,1,1,0,0,0.04012421472534836,0.04012421472534836,0.0,-0.07987720941297329,-0.1198810514941456,-0.07987720941297329,0.0,0.0,,r0023,0
20106,3,7941.867641907657,cloud_0,4,1.0,0.003,1,r0023,r0023,1,1,0,0,0.07803365379273108,0.07803365379273108,0.0,-0.07999093773017543,-0.15779049056152833,-0.07999093773017545,1.3877787807814457e-17,1.7349200048919113e-16,,r0023,0
20106,3,7941.867641907657,cloud_0,8,1.0,0.003,1,r0023,r0023,1,1,0,0,0.1538525319274965,0.1538525319274965,0.0,-0.08021839436457973,-0.23360936869629376,-0.08021839436457973,0.0,0.0,,r0023,0
20106,4,11748.420813691402,cloud_0,1,1.0,0.003,1,r0003,r0003,1,1,0,0,0.020777104928883648,0.020777104928883648,0.0,-0.1691948991253804,-0.18990967273947743,-0.16919489912538044,2.7755575615628914e-17,1.6404499047610698e-16,,r0003,1
20106,4,11748.420813691402,cloud_0,2,1.0,0.003,1,r0003,r0003,1,1,0,0,0.04005146713947219,0.04005146713947219,0.0,-0.16925272221201218,-0.20918403495006596,-0.16925272221201218,0.0,0.0,,r0003,0
20106,4,11748.420813691402,cloud_0,4,1.0,0.003,1,r0003,r0003,1,1,0,0,0.07860019156064929,0.07860019156064929,0.0,-0.16936836838527572,-0.24773275937124306,-0.16936836838527572,0.0,0.0,,r0003,0
20106,4,11748.420813691402,cloud_0,8,1.0,0.003,1,r0003,r0003,1,1,0,0,0.1556976404030035,0.1556976404030035,0.0,-0.16959966073180277,-0.32483020821359726,-0.16959966073180277,0.0,0.0,,r0003,0
20106,5,13457.338375188616,cloud_0,1,1.0,0.003,1,r0006,r0006,1,1,0,0,0.003989959462837212,0.003989959462837212,0.0,-0.04743633975579973,-0.051414329340248435,-0.047436339755799736,6.938893903907228e-18,1.4627802101992607e-16,,r0006,1
20106,5,13457.338375188616,cloud_0,2,1.0,0.003,1,r0006,r0006,1,1,0,0,0.005738012588012824,0.005738012588012824,0.0,-0.04744158391517526,-0.05316238246542405,-0.047441583915175264,6.938893903907228e-18,1.4626185155018962e-16,,r0006,0
20106,5,13457.338375188616,cloud_0,4,1.0,0.003,1,r0006,r0006,1,1,0,0,0.009234118838364046,0.009234118838364046,0.0,-0.047452072233926314,-0.056658488715775265,-0.047452072233926314,0.0,0.0,,r0006,0
20106,5,13457.338375188616,cloud_0,8,1.0,0.003,1,r0006,r0006,1,1,0,0,0.016226331339066494,0.016226331339066494,0.0,-0.04747304887142842,-0.06365070121647771,-0.04747304887142842,0.0,0.0,,r0006,0
20106,6,16765.04704654653,cloud_0,1,1.0,0.003,1,r0011,r0011,1,1,0,0,0.020781154852068186,0.020781154852068186,0.0,-0.562475240107567,-0.583194051495079,-0.562475240107567,0.0,0.0,,r0011,1
20106,6,16765.04704654653,cloud_0,2,1.0,0.003,1,r0011,r0011,1,1,0,0,0.03938816263572095,0.03938816263572095,0.0,-0.562531061130918,-0.6018010592787317,-0.562531061130918,0.0,0.0,,r0011,0
20106,6,16765.04704654653,cloud_0,4,1.0,0.003,1,r0011,r0011,1,1,0,0,0.07660217820302649,0.07660217820302649,0.0,-0.5626427031776199,-0.6390150748460373,-0.5626427031776199,0.0,0.0,,r0011,0
20106,6,16765.04704654653,cloud_0,8,1.0,0.003,1,r0011,r0011,1,1,0,0,0.15103020933763756,0.15103020933763756,0.0,-0.5628659872710237,-0.7134431059806483,-0.5628659872710237,0.0,0.0,,r0011,0
20106,7,27750.086961116398,cloud_0,1,1.0,0.003,2,r0009|r0014,r0009|r0014,1,1,0,0,0.04988099885449361,0.04988099885449361,0.0,6.614924680006265,6.565193324148335,6.614924680006265,0.0,0.0,,r0009|r0014,1
20106,7,27750.086961116398,cloud_0,2,1.0,0.003,2,r0009|r0014,r0009|r0014,1,1,0,0,0.09562275439927882,0.09562275439927882,0.0,6.553899335935142,6.458563449799061,6.553899335935142,0.0,0.0,,r0009|r0014,0
20106,7,27750.086961116398,cloud_0,4,1.0,0.003,2,r0009|r0014,r0009|r0014,1,1,0,0,0.18710626548884926,0.18710626548884926,0.0,6.47380383753573,6.287258890843347,6.47380383753573,0.0,0.0,,r0009|r0014,0
20106,7,27750.086961116398,cloud_0,8,1.0,0.003,2,r0009|r0014,r0009|r0014,1,1,0,0,0.37007328766799014,0.37007328766799014,0.0,6.336704308297403,5.967741240492416,6.336704308297403,0.0,0.0,,r0009|r0014,0
20106,8,29170.755768969266,cloud_0,1,1.0,0.003,1,r0007,r0007,1,1,0,0,0.013665824635380129,0.013665824635380129,0.0,-0.44154807828180187,-0.4551729054432758,-0.4415480782818018,-5.551115123125783e-17,-1.2571938133502615e-16,,r0007,1
20106,8,29170.755768969266,cloud_0,2,1.0,0.003,1,r0007,r0007,1,1,0,0,0.025901915804069208,0.025901915804069208,0.0,-0.44158478655530786,-0.4674089966119649,-0.44158478655530786,0.0,0.0,,r0007,0
20106,8,29170.755768969266,cloud_0,4,1.0,0.003,1,r0007,r0007,1,1,0,0,0.050374098141447374,0.050374098141447374,0.0,-0.44165820310232007,-0.4918811789493431,-0.44165820310232007,0.0,0.0,,r0007,0
20106,8,29170.755768969266,cloud_0,8,1.0,0.003,1,r0007,r0007,1,1,0,0,0.0993184628162037,0.0993184628162037,0.0,-0.44180503619634426,-0.5408255436240993,-0.4418050361963442,-5.551115123125783e-17,-1.2564626177458943e-16,,r0007,0
20106,9,36969.6576217822,cloud_0,1,1.0,0.003,2,r0000|r0021,r0000|r0021,1,1,0,0,0.0343420419281447,0.0343420419281447,0.0,6.524763821827521,6.490524806025161,6.524763821827522,-8.881784197001252e-16,-1.361242251756103e-16,,r0000|r0021,1
20106,9,36969.6576217822,cloud_0,2,1.0,0.003,2,r0000|r0021,r0000|r0021,1,1,0,0,0.0658342999594701,0.0658342999594701,0.0,6.484390226727122,6.418753429667531,6.484390226727122,0.0,0.0,,r0000|r0021,0
20106,9,36969.6576217822,cloud_0,4,1.0,0.003,2,r0000|r0021,r0000|r0021,1,1,0,0,0.1288188160221209,0.1288188160221209,0.0,6.4455982262691585,6.317165866695104,6.4455982262691585,0.0,0.0,,r0000|r0021,0
20106,9,36969.6576217822,cloud_0,8,1.0,0.003,2,r0000|r0021,r0000|r0021,1,1,0,0,0.25478784814742245,0.25478784814742245,0.0,6.391105692913728,6.137082208310748,6.391105692913728,0.0,0.0,,r0000|r0021,0
